dataset,arch,variant,variant_label,regularizer,reg_coeff,hinge_tau,weight_decay,seed,L,train_T,test_T,if_mode,spike_schedule,noise_position,noise_type,sigma,acc,checkpoint,matrix_csv
cifar100,vgg16,weight_decay,weight_decay,weight_decay,none,none,0.0005,40,16,0,16,rate_uniform,normal,post_input_if,gaussian,0,62.670000,/scratch/gs14/sl9144/qcfs_checkpoints/cifar100-checkpoints/vgg16_L[16]_mneablate_cifar100_weight_decay_rcnone_seed40_L16_trainT0.pth,/home/595/sl9144/codes/snn_simulation/important_results/cifar100_vgg16_four_regs_sigma0_3_5seed/cifar100/mneablate_cifar100_weight_decay_rcnone_seed40_L16_trainT0/noise_sweep_matrix_cifar100_vgg16_T16_mode_rate_uniform_schedule_normal_seed_40.csv
cifar100,vgg16,weight_decay,weight_decay,weight_decay,none,none,0.0005,40,16,0,16,rate_uniform,normal,post_input_if,gaussian,0.25,62.060000,/scratch/gs14/sl9144/qcfs_checkpoints/cifar100-checkpoints/vgg16_L[16]_mneablate_cifar100_weight_decay_rcnone_seed40_L16_trainT0.pth,/home/595/sl9144/codes/snn_simulation/important_results/cifar100_vgg16_four_regs_sigma0_3_5seed/cifar100/mneablate_cifar100_weight_decay_rcnone_seed40_L16_trainT0/noise_sweep_matrix_cifar100_vgg16_T16_mode_rate_uniform_schedule_normal_seed_40.csv
cifar100,vgg16,weight_decay,weight_decay,weight_decay,none,none,0.0005,40,16,0,16,rate_uniform,normal,post_input_if,gaussian,0.5,57.850000,/scratch/gs14/sl9144/qcfs_checkpoints/cifar100-checkpoints/vgg16_L[16]_mneablate_cifar100_weight_decay_rcnone_seed40_L16_trainT0.pth,/home/595/sl9144/codes/snn_simulation/important_results/cifar100_vgg16_four_regs_sigma0_3_5seed/cifar100/mneablate_cifar100_weight_decay_rcnone_seed40_L16_trainT0/noise_sweep_matrix_cifar100_vgg16_T16_mode_rate_uniform_schedule_normal_seed_40.csv
cifar100,vgg16,weight_decay,weight_decay,weight_decay,none,none,0.0005,40,16,0,16,rate_uniform,normal,post_input_if,gaussian,0.75,39.660000,/scratch/gs14/sl9144/qcfs_checkpoints/cifar100-checkpoints/vgg16_L[16]_mneablate_cifar100_weight_decay_rcnone_seed40_L16_trainT0.pth,/home/595/sl9144/codes/snn_simulation/important_results/cifar100_vgg16_four_regs_sigma0_3_5seed/cifar100/mneablate_cifar100_weight_decay_rcnone_seed40_L16_trainT0/noise_sweep_matrix_cifar100_vgg16_T16_mode_rate_uniform_schedule_normal_seed_40.csv
cifar100,vgg16,weight_decay,weight_decay,weight_decay,none,none,0.0005,40,16,0,16,rate_uniform,normal,post_input_if,gaussian,1,13.940000,/scratch/gs14/sl9144/qcfs_checkpoints/cifar100-checkpoints/vgg16_L[16]_mneablate_cifar100_weight_decay_rcnone_seed40_L16_trainT0.pth,/home/595/sl9144/codes/snn_simulation/important_results/cifar100_vgg16_four_regs_sigma0_3_5seed/cifar100/mneablate_cifar100_weight_decay_rcnone_seed40_L16_trainT0/noise_sweep_matrix_cifar100_vgg16_T16_mode_rate_uniform_schedule_normal_seed_40.csv
cifar100,vgg16,weight_decay,weight_decay,weight_decay,none,none,0.0005,40,16,0,16,rate_uniform,normal,post_input_if,gaussian,1.25,4.410000,/scratch/gs14/sl9144/qcfs_checkpoints/cifar100-checkpoints/vgg16_L[16]_mneablate_cifar100_weight_decay_rcnone_seed40_L16_trainT0.pth,/home/595/sl9144/codes/snn_simulation/important_results/cifar100_vgg16_four_regs_sigma0_3_5seed/cifar100/mneablate_cifar100_weight_decay_rcnone_seed40_L16_trainT0/noise_sweep_matrix_cifar100_vgg16_T16_mode_rate_uniform_schedule_normal_seed_40.csv
cifar100,vgg16,weight_decay,weight_decay,weight_decay,none,none,0.0005,40,16,0,16,rate_uniform,normal,post_input_if,gaussian,1.5,2.450000,/scratch/gs14/sl9144/qcfs_checkpoints/cifar100-checkpoints/vgg16_L[16]_mneablate_cifar100_weight_decay_rcnone_seed40_L16_trainT0.pth,/home/595/sl9144/codes/snn_simulation/important_results/cifar100_vgg16_four_regs_sigma0_3_5seed/cifar100/mneablate_cifar100_weight_decay_rcnone_seed40_L16_trainT0/noise_sweep_matrix_cifar100_vgg16_T16_mode_rate_uniform_schedule_normal_seed_40.csv
cifar100,vgg16,weight_decay,weight_decay,weight_decay,none,none,0.0005,40,16,0,16,rate_uniform,normal,post_input_if,gaussian,1.75,2.010000,/scratch/gs14/sl9144/qcfs_checkpoints/cifar100-checkpoints/vgg16_L[16]_mneablate_cifar100_weight_decay_rcnone_seed40_L16_trainT0.pth,/home/595/sl9144/codes/snn_simulation/important_results/cifar100_vgg16_four_regs_sigma0_3_5seed/cifar100/mneablate_cifar100_weight_decay_rcnone_seed40_L16_trainT0/noise_sweep_matrix_cifar100_vgg16_T16_mode_rate_uniform_schedule_normal_seed_40.csv
cifar100,vgg16,weight_decay,weight_decay,weight_decay,none,none,0.0005,40,16,0,16,rate_uniform,normal,post_input_if,gaussian,2,1.990000,/scratch/gs14/sl9144/qcfs_checkpoints/cifar100-checkpoints/vgg16_L[16]_mneablate_cifar100_weight_decay_rcnone_seed40_L16_trainT0.pth,/home/595/sl9144/codes/snn_simulation/important_results/cifar100_vgg16_four_regs_sigma0_3_5seed/cifar100/mneablate_cifar100_weight_decay_rcnone_seed40_L16_trainT0/noise_sweep_matrix_cifar100_vgg16_T16_mode_rate_uniform_schedule_normal_seed_40.csv
cifar100,vgg16,weight_decay,weight_decay,weight_decay,none,none,0.0005,40,16,0,16,rate_uniform,normal,post_input_if,gaussian,2.25,1.660000,/scratch/gs14/sl9144/qcfs_checkpoints/cifar100-checkpoints/vgg16_L[16]_mneablate_cifar100_weight_decay_rcnone_seed40_L16_trainT0.pth,/home/595/sl9144/codes/snn_simulation/important_results/cifar100_vgg16_four_regs_sigma0_3_5seed/cifar100/mneablate_cifar100_weight_decay_rcnone_seed40_L16_trainT0/noise_sweep_matrix_cifar100_vgg16_T16_mode_rate_uniform_schedule_normal_seed_40.csv
cifar100,vgg16,weight_decay,weight_decay,weight_decay,none,none,0.0005,40,16,0,16,rate_uniform,normal,post_input_if,gaussian,2.5,1.270000,/scratch/gs14/sl9144/qcfs_checkpoints/cifar100-checkpoints/vgg16_L[16]_mneablate_cifar100_weight_decay_rcnone_seed40_L16_trainT0.pth,/home/595/sl9144/codes/snn_simulation/important_results/cifar100_vgg16_four_regs_sigma0_3_5seed/cifar100/mneablate_cifar100_weight_decay_rcnone_seed40_L16_trainT0/noise_sweep_matrix_cifar100_vgg16_T16_mode_rate_uniform_schedule_normal_seed_40.csv
cifar100,vgg16,weight_decay,weight_decay,weight_decay,none,none,0.0005,40,16,0,16,rate_uniform,normal,post_input_if,gaussian,2.75,1.120000,/scratch/gs14/sl9144/qcfs_checkpoints/cifar100-checkpoints/vgg16_L[16]_mneablate_cifar100_weight_decay_rcnone_seed40_L16_trainT0.pth,/home/595/sl9144/codes/snn_simulation/important_results/cifar100_vgg16_four_regs_sigma0_3_5seed/cifar100/mneablate_cifar100_weight_decay_rcnone_seed40_L16_trainT0/noise_sweep_matrix_cifar100_vgg16_T16_mode_rate_uniform_schedule_normal_seed_40.csv
cifar100,vgg16,weight_decay,weight_decay,weight_decay,none,none,0.0005,40,16,0,16,rate_uniform,normal,post_input_if,gaussian,3,1.040000,/scratch/gs14/sl9144/qcfs_checkpoints/cifar100-checkpoints/vgg16_L[16]_mneablate_cifar100_weight_decay_rcnone_seed40_L16_trainT0.pth,/home/595/sl9144/codes/snn_simulation/important_results/cifar100_vgg16_four_regs_sigma0_3_5seed/cifar100/mneablate_cifar100_weight_decay_rcnone_seed40_L16_trainT0/noise_sweep_matrix_cifar100_vgg16_T16_mode_rate_uniform_schedule_normal_seed_40.csv
cifar100,vgg16,weight_decay,weight_decay,weight_decay,none,none,0.0005,41,16,0,16,rate_uniform,normal,post_input_if,gaussian,0,62.570000,/scratch/gs14/sl9144/qcfs_checkpoints/cifar100-checkpoints/vgg16_L[16]_mneablate_cifar100_weight_decay_rcnone_seed41_L16_trainT0.pth,/home/595/sl9144/codes/snn_simulation/important_results/cifar100_vgg16_four_regs_sigma0_3_5seed/cifar100/mneablate_cifar100_weight_decay_rcnone_seed41_L16_trainT0/noise_sweep_matrix_cifar100_vgg16_T16_mode_rate_uniform_schedule_normal_seed_41.csv
cifar100,vgg16,weight_decay,weight_decay,weight_decay,none,none,0.0005,41,16,0,16,rate_uniform,normal,post_input_if,gaussian,0.25,62.240000,/scratch/gs14/sl9144/qcfs_checkpoints/cifar100-checkpoints/vgg16_L[16]_mneablate_cifar100_weight_decay_rcnone_seed41_L16_trainT0.pth,/home/595/sl9144/codes/snn_simulation/important_results/cifar100_vgg16_four_regs_sigma0_3_5seed/cifar100/mneablate_cifar100_weight_decay_rcnone_seed41_L16_trainT0/noise_sweep_matrix_cifar100_vgg16_T16_mode_rate_uniform_schedule_normal_seed_41.csv
cifar100,vgg16,weight_decay,weight_decay,weight_decay,none,none,0.0005,41,16,0,16,rate_uniform,normal,post_input_if,gaussian,0.5,56.330000,/scratch/gs14/sl9144/qcfs_checkpoints/cifar100-checkpoints/vgg16_L[16]_mneablate_cifar100_weight_decay_rcnone_seed41_L16_trainT0.pth,/home/595/sl9144/codes/snn_simulation/important_results/cifar100_vgg16_four_regs_sigma0_3_5seed/cifar100/mneablate_cifar100_weight_decay_rcnone_seed41_L16_trainT0/noise_sweep_matrix_cifar100_vgg16_T16_mode_rate_uniform_schedule_normal_seed_41.csv
cifar100,vgg16,weight_decay,weight_decay,weight_decay,none,none,0.0005,41,16,0,16,rate_uniform,normal,post_input_if,gaussian,0.75,33.760000,/scratch/gs14/sl9144/qcfs_checkpoints/cifar100-checkpoints/vgg16_L[16]_mneablate_cifar100_weight_decay_rcnone_seed41_L16_trainT0.pth,/home/595/sl9144/codes/snn_simulation/important_results/cifar100_vgg16_four_regs_sigma0_3_5seed/cifar100/mneablate_cifar100_weight_decay_rcnone_seed41_L16_trainT0/noise_sweep_matrix_cifar100_vgg16_T16_mode_rate_uniform_schedule_normal_seed_41.csv
cifar100,vgg16,weight_decay,weight_decay,weight_decay,none,none,0.0005,41,16,0,16,rate_uniform,normal,post_input_if,gaussian,1,9.780000,/scratch/gs14/sl9144/qcfs_checkpoints/cifar100-checkpoints/vgg16_L[16]_mneablate_cifar100_weight_decay_rcnone_seed41_L16_trainT0.pth,/home/595/sl9144/codes/snn_simulation/important_results/cifar100_vgg16_four_regs_sigma0_3_5seed/cifar100/mneablate_cifar100_weight_decay_rcnone_seed41_L16_trainT0/noise_sweep_matrix_cifar100_vgg16_T16_mode_rate_uniform_schedule_normal_seed_41.csv
cifar100,vgg16,weight_decay,weight_decay,weight_decay,none,none,0.0005,41,16,0,16,rate_uniform,normal,post_input_if,gaussian,1.25,2.840000,/scratch/gs14/sl9144/qcfs_checkpoints/cifar100-checkpoints/vgg16_L[16]_mneablate_cifar100_weight_decay_rcnone_seed41_L16_trainT0.pth,/home/595/sl9144/codes/snn_simulation/important_results/cifar100_vgg16_four_regs_sigma0_3_5seed/cifar100/mneablate_cifar100_weight_decay_rcnone_seed41_L16_trainT0/noise_sweep_matrix_cifar100_vgg16_T16_mode_rate_uniform_schedule_normal_seed_41.csv
cifar100,vgg16,weight_decay,weight_decay,weight_decay,none,none,0.0005,41,16,0,16,rate_uniform,normal,post_input_if,gaussian,1.5,1.620000,/scratch/gs14/sl9144/qcfs_checkpoints/cifar100-checkpoints/vgg16_L[16]_mneablate_cifar100_weight_decay_rcnone_seed41_L16_trainT0.pth,/home/595/sl9144/codes/snn_simulation/important_results/cifar100_vgg16_four_regs_sigma0_3_5seed/cifar100/mneablate_cifar100_weight_decay_rcnone_seed41_L16_trainT0/noise_sweep_matrix_cifar100_vgg16_T16_mode_rate_uniform_schedule_normal_seed_41.csv
cifar100,vgg16,weight_decay,weight_decay,weight_decay,none,none,0.0005,41,16,0,16,rate_uniform,normal,post_input_if,gaussian,1.75,1.270000,/scratch/gs14/sl9144/qcfs_checkpoints/cifar100-checkpoints/vgg16_L[16]_mneablate_cifar100_weight_decay_rcnone_seed41_L16_trainT0.pth,/home/595/sl9144/codes/snn_simulation/important_results/cifar100_vgg16_four_regs_sigma0_3_5seed/cifar100/mneablate_cifar100_weight_decay_rcnone_seed41_L16_trainT0/noise_sweep_matrix_cifar100_vgg16_T16_mode_rate_uniform_schedule_normal_seed_41.csv
cifar100,vgg16,weight_decay,weight_decay,weight_decay,none,none,0.0005,41,16,0,16,rate_uniform,normal,post_input_if,gaussian,2,1.060000,/scratch/gs14/sl9144/qcfs_checkpoints/cifar100-checkpoints/vgg16_L[16]_mneablate_cifar100_weight_decay_rcnone_seed41_L16_trainT0.pth,/home/595/sl9144/codes/snn_simulation/important_results/cifar100_vgg16_four_regs_sigma0_3_5seed/cifar100/mneablate_cifar100_weight_decay_rcnone_seed41_L16_trainT0/noise_sweep_matrix_cifar100_vgg16_T16_mode_rate_uniform_schedule_normal_seed_41.csv
cifar100,vgg16,weight_decay,weight_decay,weight_decay,none,none,0.0005,41,16,0,16,rate_uniform,normal,post_input_if,gaussian,2.25,1.020000,/scratch/gs14/sl9144/qcfs_checkpoints/cifar100-checkpoints/vgg16_L[16]_mneablate_cifar100_weight_decay_rcnone_seed41_L16_trainT0.pth,/home/595/sl9144/codes/snn_simulation/important_results/cifar100_vgg16_four_regs_sigma0_3_5seed/cifar100/mneablate_cifar100_weight_decay_rcnone_seed41_L16_trainT0/noise_sweep_matrix_cifar100_vgg16_T16_mode_rate_uniform_schedule_normal_seed_41.csv
cifar100,vgg16,weight_decay,weight_decay,weight_decay,none,none,0.0005,41,16,0,16,rate_uniform,normal,post_input_if,gaussian,2.5,1.010000,/scratch/gs14/sl9144/qcfs_checkpoints/cifar100-checkpoints/vgg16_L[16]_mneablate_cifar100_weight_decay_rcnone_seed41_L16_trainT0.pth,/home/595/sl9144/codes/snn_simulation/important_results/cifar100_vgg16_four_regs_sigma0_3_5seed/cifar100/mneablate_cifar100_weight_decay_rcnone_seed41_L16_trainT0/noise_sweep_matrix_cifar100_vgg16_T16_mode_rate_uniform_schedule_normal_seed_41.csv
cifar100,vgg16,weight_decay,weight_decay,weight_decay,none,none,0.0005,41,16,0,16,rate_uniform,normal,post_input_if,gaussian,2.75,1.060000,/scratch/gs14/sl9144/qcfs_checkpoints/cifar100-checkpoints/vgg16_L[16]_mneablate_cifar100_weight_decay_rcnone_seed41_L16_trainT0.pth,/home/595/sl9144/codes/snn_simulation/important_results/cifar100_vgg16_four_regs_sigma0_3_5seed/cifar100/mneablate_cifar100_weight_decay_rcnone_seed41_L16_trainT0/noise_sweep_matrix_cifar100_vgg16_T16_mode_rate_uniform_schedule_normal_seed_41.csv
cifar100,vgg16,weight_decay,weight_decay,weight_decay,none,none,0.0005,41,16,0,16,rate_uniform,normal,post_input_if,gaussian,3,1.020000,/scratch/gs14/sl9144/qcfs_checkpoints/cifar100-checkpoints/vgg16_L[16]_mneablate_cifar100_weight_decay_rcnone_seed41_L16_trainT0.pth,/home/595/sl9144/codes/snn_simulation/important_results/cifar100_vgg16_four_regs_sigma0_3_5seed/cifar100/mneablate_cifar100_weight_decay_rcnone_seed41_L16_trainT0/noise_sweep_matrix_cifar100_vgg16_T16_mode_rate_uniform_schedule_normal_seed_41.csv
cifar100,vgg16,weight_decay,weight_decay,weight_decay,none,none,0.0005,42,16,0,16,rate_uniform,normal,post_input_if,gaussian,0,62.270000,/scratch/gs14/sl9144/qcfs_checkpoints/cifar100-checkpoints/vgg16_L[16]_mneablate_cifar100_weight_decay_rcnone_seed42_L16_trainT0.pth,/home/595/sl9144/codes/snn_simulation/important_results/cifar100_vgg16_four_regs_sigma0_3_5seed/cifar100/mneablate_cifar100_weight_decay_rcnone_seed42_L16_trainT0/noise_sweep_matrix_cifar100_vgg16_T16_mode_rate_uniform_schedule_normal_seed_42.csv
cifar100,vgg16,weight_decay,weight_decay,weight_decay,none,none,0.0005,42,16,0,16,rate_uniform,normal,post_input_if,gaussian,0.25,62.200000,/scratch/gs14/sl9144/qcfs_checkpoints/cifar100-checkpoints/vgg16_L[16]_mneablate_cifar100_weight_decay_rcnone_seed42_L16_trainT0.pth,/home/595/sl9144/codes/snn_simulation/important_results/cifar100_vgg16_four_regs_sigma0_3_5seed/cifar100/mneablate_cifar100_weight_decay_rcnone_seed42_L16_trainT0/noise_sweep_matrix_cifar100_vgg16_T16_mode_rate_uniform_schedule_normal_seed_42.csv
cifar100,vgg16,weight_decay,weight_decay,weight_decay,none,none,0.0005,42,16,0,16,rate_uniform,normal,post_input_if,gaussian,0.5,58.360000,/scratch/gs14/sl9144/qcfs_checkpoints/cifar100-checkpoints/vgg16_L[16]_mneablate_cifar100_weight_decay_rcnone_seed42_L16_trainT0.pth,/home/595/sl9144/codes/snn_simulation/important_results/cifar100_vgg16_four_regs_sigma0_3_5seed/cifar100/mneablate_cifar100_weight_decay_rcnone_seed42_L16_trainT0/noise_sweep_matrix_cifar100_vgg16_T16_mode_rate_uniform_schedule_normal_seed_42.csv
cifar100,vgg16,weight_decay,weight_decay,weight_decay,none,none,0.0005,42,16,0,16,rate_uniform,normal,post_input_if,gaussian,0.75,40.790000,/scratch/gs14/sl9144/qcfs_checkpoints/cifar100-checkpoints/vgg16_L[16]_mneablate_cifar100_weight_decay_rcnone_seed42_L16_trainT0.pth,/home/595/sl9144/codes/snn_simulation/important_results/cifar100_vgg16_four_regs_sigma0_3_5seed/cifar100/mneablate_cifar100_weight_decay_rcnone_seed42_L16_trainT0/noise_sweep_matrix_cifar100_vgg16_T16_mode_rate_uniform_schedule_normal_seed_42.csv
cifar100,vgg16,weight_decay,weight_decay,weight_decay,none,none,0.0005,42,16,0,16,rate_uniform,normal,post_input_if,gaussian,1,15.250000,/scratch/gs14/sl9144/qcfs_checkpoints/cifar100-checkpoints/vgg16_L[16]_mneablate_cifar100_weight_decay_rcnone_seed42_L16_trainT0.pth,/home/595/sl9144/codes/snn_simulation/important_results/cifar100_vgg16_four_regs_sigma0_3_5seed/cifar100/mneablate_cifar100_weight_decay_rcnone_seed42_L16_trainT0/noise_sweep_matrix_cifar100_vgg16_T16_mode_rate_uniform_schedule_normal_seed_42.csv
cifar100,vgg16,weight_decay,weight_decay,weight_decay,none,none,0.0005,42,16,0,16,rate_uniform,normal,post_input_if,gaussian,1.25,4.780000,/scratch/gs14/sl9144/qcfs_checkpoints/cifar100-checkpoints/vgg16_L[16]_mneablate_cifar100_weight_decay_rcnone_seed42_L16_trainT0.pth,/home/595/sl9144/codes/snn_simulation/important_results/cifar100_vgg16_four_regs_sigma0_3_5seed/cifar100/mneablate_cifar100_weight_decay_rcnone_seed42_L16_trainT0/noise_sweep_matrix_cifar100_vgg16_T16_mode_rate_uniform_schedule_normal_seed_42.csv
cifar100,vgg16,weight_decay,weight_decay,weight_decay,none,none,0.0005,42,16,0,16,rate_uniform,normal,post_input_if,gaussian,1.5,2.340000,/scratch/gs14/sl9144/qcfs_checkpoints/cifar100-checkpoints/vgg16_L[16]_mneablate_cifar100_weight_decay_rcnone_seed42_L16_trainT0.pth,/home/595/sl9144/codes/snn_simulation/important_results/cifar100_vgg16_four_regs_sigma0_3_5seed/cifar100/mneablate_cifar100_weight_decay_rcnone_seed42_L16_trainT0/noise_sweep_matrix_cifar100_vgg16_T16_mode_rate_uniform_schedule_normal_seed_42.csv
cifar100,vgg16,weight_decay,weight_decay,weight_decay,none,none,0.0005,42,16,0,16,rate_uniform,normal,post_input_if,gaussian,1.75,1.910000,/scratch/gs14/sl9144/qcfs_checkpoints/cifar100-checkpoints/vgg16_L[16]_mneablate_cifar100_weight_decay_rcnone_seed42_L16_trainT0.pth,/home/595/sl9144/codes/snn_simulation/important_results/cifar100_vgg16_four_regs_sigma0_3_5seed/cifar100/mneablate_cifar100_weight_decay_rcnone_seed42_L16_trainT0/noise_sweep_matrix_cifar100_vgg16_T16_mode_rate_uniform_schedule_normal_seed_42.csv
cifar100,vgg16,weight_decay,weight_decay,weight_decay,none,none,0.0005,42,16,0,16,rate_uniform,normal,post_input_if,gaussian,2,1.670000,/scratch/gs14/sl9144/qcfs_checkpoints/cifar100-checkpoints/vgg16_L[16]_mneablate_cifar100_weight_decay_rcnone_seed42_L16_trainT0.pth,/home/595/sl9144/codes/snn_simulation/important_results/cifar100_vgg16_four_regs_sigma0_3_5seed/cifar100/mneablate_cifar100_weight_decay_rcnone_seed42_L16_trainT0/noise_sweep_matrix_cifar100_vgg16_T16_mode_rate_uniform_schedule_normal_seed_42.csv
cifar100,vgg16,weight_decay,weight_decay,weight_decay,none,none,0.0005,42,16,0,16,rate_uniform,normal,post_input_if,gaussian,2.25,1.520000,/scratch/gs14/sl9144/qcfs_checkpoints/cifar100-checkpoints/vgg16_L[16]_mneablate_cifar100_weight_decay_rcnone_seed42_L16_trainT0.pth,/home/595/sl9144/codes/snn_simulation/important_results/cifar100_vgg16_four_regs_sigma0_3_5seed/cifar100/mneablate_cifar100_weight_decay_rcnone_seed42_L16_trainT0/noise_sweep_matrix_cifar100_vgg16_T16_mode_rate_uniform_schedule_normal_seed_42.csv
cifar100,vgg16,weight_decay,weight_decay,weight_decay,none,none,0.0005,42,16,0,16,rate_uniform,normal,post_input_if,gaussian,2.5,1.360000,/scratch/gs14/sl9144/qcfs_checkpoints/cifar100-checkpoints/vgg16_L[16]_mneablate_cifar100_weight_decay_rcnone_seed42_L16_trainT0.pth,/home/595/sl9144/codes/snn_simulation/important_results/cifar100_vgg16_four_regs_sigma0_3_5seed/cifar100/mneablate_cifar100_weight_decay_rcnone_seed42_L16_trainT0/noise_sweep_matrix_cifar100_vgg16_T16_mode_rate_uniform_schedule_normal_seed_42.csv
cifar100,vgg16,weight_decay,weight_decay,weight_decay,none,none,0.0005,42,16,0,16,rate_uniform,normal,post_input_if,gaussian,2.75,1.290000,/scratch/gs14/sl9144/qcfs_checkpoints/cifar100-checkpoints/vgg16_L[16]_mneablate_cifar100_weight_decay_rcnone_seed42_L16_trainT0.pth,/home/595/sl9144/codes/snn_simulation/important_results/cifar100_vgg16_four_regs_sigma0_3_5seed/cifar100/mneablate_cifar100_weight_decay_rcnone_seed42_L16_trainT0/noise_sweep_matrix_cifar100_vgg16_T16_mode_rate_uniform_schedule_normal_seed_42.csv
cifar100,vgg16,weight_decay,weight_decay,weight_decay,none,none,0.0005,42,16,0,16,rate_uniform,normal,post_input_if,gaussian,3,1.120000,/scratch/gs14/sl9144/qcfs_checkpoints/cifar100-checkpoints/vgg16_L[16]_mneablate_cifar100_weight_decay_rcnone_seed42_L16_trainT0.pth,/home/595/sl9144/codes/snn_simulation/important_results/cifar100_vgg16_four_regs_sigma0_3_5seed/cifar100/mneablate_cifar100_weight_decay_rcnone_seed42_L16_trainT0/noise_sweep_matrix_cifar100_vgg16_T16_mode_rate_uniform_schedule_normal_seed_42.csv
cifar100,vgg16,weight_decay,weight_decay,weight_decay,none,none,0.0005,43,16,0,16,rate_uniform,normal,post_input_if,gaussian,0,61.740000,/scratch/gs14/sl9144/qcfs_checkpoints/cifar100-checkpoints/vgg16_L[16]_mneablate_cifar100_weight_decay_rcnone_seed43_L16_trainT0.pth,/home/595/sl9144/codes/snn_simulation/important_results/cifar100_vgg16_four_regs_sigma0_3_5seed/cifar100/mneablate_cifar100_weight_decay_rcnone_seed43_L16_trainT0/noise_sweep_matrix_cifar100_vgg16_T16_mode_rate_uniform_schedule_normal_seed_43.csv
cifar100,vgg16,weight_decay,weight_decay,weight_decay,none,none,0.0005,43,16,0,16,rate_uniform,normal,post_input_if,gaussian,0.25,61.480000,/scratch/gs14/sl9144/qcfs_checkpoints/cifar100-checkpoints/vgg16_L[16]_mneablate_cifar100_weight_decay_rcnone_seed43_L16_trainT0.pth,/home/595/sl9144/codes/snn_simulation/important_results/cifar100_vgg16_four_regs_sigma0_3_5seed/cifar100/mneablate_cifar100_weight_decay_rcnone_seed43_L16_trainT0/noise_sweep_matrix_cifar100_vgg16_T16_mode_rate_uniform_schedule_normal_seed_43.csv
cifar100,vgg16,weight_decay,weight_decay,weight_decay,none,none,0.0005,43,16,0,16,rate_uniform,normal,post_input_if,gaussian,0.5,58.420000,/scratch/gs14/sl9144/qcfs_checkpoints/cifar100-checkpoints/vgg16_L[16]_mneablate_cifar100_weight_decay_rcnone_seed43_L16_trainT0.pth,/home/595/sl9144/codes/snn_simulation/important_results/cifar100_vgg16_four_regs_sigma0_3_5seed/cifar100/mneablate_cifar100_weight_decay_rcnone_seed43_L16_trainT0/noise_sweep_matrix_cifar100_vgg16_T16_mode_rate_uniform_schedule_normal_seed_43.csv
cifar100,vgg16,weight_decay,weight_decay,weight_decay,none,none,0.0005,43,16,0,16,rate_uniform,normal,post_input_if,gaussian,0.75,43.650000,/scratch/gs14/sl9144/qcfs_checkpoints/cifar100-checkpoints/vgg16_L[16]_mneablate_cifar100_weight_decay_rcnone_seed43_L16_trainT0.pth,/home/595/sl9144/codes/snn_simulation/important_results/cifar100_vgg16_four_regs_sigma0_3_5seed/cifar100/mneablate_cifar100_weight_decay_rcnone_seed43_L16_trainT0/noise_sweep_matrix_cifar100_vgg16_T16_mode_rate_uniform_schedule_normal_seed_43.csv
cifar100,vgg16,weight_decay,weight_decay,weight_decay,none,none,0.0005,43,16,0,16,rate_uniform,normal,post_input_if,gaussian,1,18.090000,/scratch/gs14/sl9144/qcfs_checkpoints/cifar100-checkpoints/vgg16_L[16]_mneablate_cifar100_weight_decay_rcnone_seed43_L16_trainT0.pth,/home/595/sl9144/codes/snn_simulation/important_results/cifar100_vgg16_four_regs_sigma0_3_5seed/cifar100/mneablate_cifar100_weight_decay_rcnone_seed43_L16_trainT0/noise_sweep_matrix_cifar100_vgg16_T16_mode_rate_uniform_schedule_normal_seed_43.csv
cifar100,vgg16,weight_decay,weight_decay,weight_decay,none,none,0.0005,43,16,0,16,rate_uniform,normal,post_input_if,gaussian,1.25,6.480000,/scratch/gs14/sl9144/qcfs_checkpoints/cifar100-checkpoints/vgg16_L[16]_mneablate_cifar100_weight_decay_rcnone_seed43_L16_trainT0.pth,/home/595/sl9144/codes/snn_simulation/important_results/cifar100_vgg16_four_regs_sigma0_3_5seed/cifar100/mneablate_cifar100_weight_decay_rcnone_seed43_L16_trainT0/noise_sweep_matrix_cifar100_vgg16_T16_mode_rate_uniform_schedule_normal_seed_43.csv
cifar100,vgg16,weight_decay,weight_decay,weight_decay,none,none,0.0005,43,16,0,16,rate_uniform,normal,post_input_if,gaussian,1.5,3.480000,/scratch/gs14/sl9144/qcfs_checkpoints/cifar100-checkpoints/vgg16_L[16]_mneablate_cifar100_weight_decay_rcnone_seed43_L16_trainT0.pth,/home/595/sl9144/codes/snn_simulation/important_results/cifar100_vgg16_four_regs_sigma0_3_5seed/cifar100/mneablate_cifar100_weight_decay_rcnone_seed43_L16_trainT0/noise_sweep_matrix_cifar100_vgg16_T16_mode_rate_uniform_schedule_normal_seed_43.csv
cifar100,vgg16,weight_decay,weight_decay,weight_decay,none,none,0.0005,43,16,0,16,rate_uniform,normal,post_input_if,gaussian,1.75,2.550000,/scratch/gs14/sl9144/qcfs_checkpoints/cifar100-checkpoints/vgg16_L[16]_mneablate_cifar100_weight_decay_rcnone_seed43_L16_trainT0.pth,/home/595/sl9144/codes/snn_simulation/important_results/cifar100_vgg16_four_regs_sigma0_3_5seed/cifar100/mneablate_cifar100_weight_decay_rcnone_seed43_L16_trainT0/noise_sweep_matrix_cifar100_vgg16_T16_mode_rate_uniform_schedule_normal_seed_43.csv
cifar100,vgg16,weight_decay,weight_decay,weight_decay,none,none,0.0005,43,16,0,16,rate_uniform,normal,post_input_if,gaussian,2,2.030000,/scratch/gs14/sl9144/qcfs_checkpoints/cifar100-checkpoints/vgg16_L[16]_mneablate_cifar100_weight_decay_rcnone_seed43_L16_trainT0.pth,/home/595/sl9144/codes/snn_simulation/important_results/cifar100_vgg16_four_regs_sigma0_3_5seed/cifar100/mneablate_cifar100_weight_decay_rcnone_seed43_L16_trainT0/noise_sweep_matrix_cifar100_vgg16_T16_mode_rate_uniform_schedule_normal_seed_43.csv
cifar100,vgg16,weight_decay,weight_decay,weight_decay,none,none,0.0005,43,16,0,16,rate_uniform,normal,post_input_if,gaussian,2.25,1.640000,/scratch/gs14/sl9144/qcfs_checkpoints/cifar100-checkpoints/vgg16_L[16]_mneablate_cifar100_weight_decay_rcnone_seed43_L16_trainT0.pth,/home/595/sl9144/codes/snn_simulation/important_results/cifar100_vgg16_four_regs_sigma0_3_5seed/cifar100/mneablate_cifar100_weight_decay_rcnone_seed43_L16_trainT0/noise_sweep_matrix_cifar100_vgg16_T16_mode_rate_uniform_schedule_normal_seed_43.csv
cifar100,vgg16,weight_decay,weight_decay,weight_decay,none,none,0.0005,43,16,0,16,rate_uniform,normal,post_input_if,gaussian,2.5,1.380000,/scratch/gs14/sl9144/qcfs_checkpoints/cifar100-checkpoints/vgg16_L[16]_mneablate_cifar100_weight_decay_rcnone_seed43_L16_trainT0.pth,/home/595/sl9144/codes/snn_simulation/important_results/cifar100_vgg16_four_regs_sigma0_3_5seed/cifar100/mneablate_cifar100_weight_decay_rcnone_seed43_L16_trainT0/noise_sweep_matrix_cifar100_vgg16_T16_mode_rate_uniform_schedule_normal_seed_43.csv
cifar100,vgg16,weight_decay,weight_decay,weight_decay,none,none,0.0005,43,16,0,16,rate_uniform,normal,post_input_if,gaussian,2.75,1.200000,/scratch/gs14/sl9144/qcfs_checkpoints/cifar100-checkpoints/vgg16_L[16]_mneablate_cifar100_weight_decay_rcnone_seed43_L16_trainT0.pth,/home/595/sl9144/codes/snn_simulation/important_results/cifar100_vgg16_four_regs_sigma0_3_5seed/cifar100/mneablate_cifar100_weight_decay_rcnone_seed43_L16_trainT0/noise_sweep_matrix_cifar100_vgg16_T16_mode_rate_uniform_schedule_normal_seed_43.csv
cifar100,vgg16,weight_decay,weight_decay,weight_decay,none,none,0.0005,43,16,0,16,rate_uniform,normal,post_input_if,gaussian,3,1.150000,/scratch/gs14/sl9144/qcfs_checkpoints/cifar100-checkpoints/vgg16_L[16]_mneablate_cifar100_weight_decay_rcnone_seed43_L16_trainT0.pth,/home/595/sl9144/codes/snn_simulation/important_results/cifar100_vgg16_four_regs_sigma0_3_5seed/cifar100/mneablate_cifar100_weight_decay_rcnone_seed43_L16_trainT0/noise_sweep_matrix_cifar100_vgg16_T16_mode_rate_uniform_schedule_normal_seed_43.csv
cifar100,vgg16,weight_decay,weight_decay,weight_decay,none,none,0.0005,44,16,0,16,rate_uniform,normal,post_input_if,gaussian,0,62.110000,/scratch/gs14/sl9144/qcfs_checkpoints/cifar100-checkpoints/vgg16_L[16]_mneablate_cifar100_weight_decay_rcnone_seed44_L16_trainT0.pth,/home/595/sl9144/codes/snn_simulation/important_results/cifar100_vgg16_four_regs_sigma0_3_5seed/cifar100/mneablate_cifar100_weight_decay_rcnone_seed44_L16_trainT0/noise_sweep_matrix_cifar100_vgg16_T16_mode_rate_uniform_schedule_normal_seed_44.csv
cifar100,vgg16,weight_decay,weight_decay,weight_decay,none,none,0.0005,44,16,0,16,rate_uniform,normal,post_input_if,gaussian,0.25,62.050000,/scratch/gs14/sl9144/qcfs_checkpoints/cifar100-checkpoints/vgg16_L[16]_mneablate_cifar100_weight_decay_rcnone_seed44_L16_trainT0.pth,/home/595/sl9144/codes/snn_simulation/important_results/cifar100_vgg16_four_regs_sigma0_3_5seed/cifar100/mneablate_cifar100_weight_decay_rcnone_seed44_L16_trainT0/noise_sweep_matrix_cifar100_vgg16_T16_mode_rate_uniform_schedule_normal_seed_44.csv
cifar100,vgg16,weight_decay,weight_decay,weight_decay,none,none,0.0005,44,16,0,16,rate_uniform,normal,post_input_if,gaussian,0.5,57.680000,/scratch/gs14/sl9144/qcfs_checkpoints/cifar100-checkpoints/vgg16_L[16]_mneablate_cifar100_weight_decay_rcnone_seed44_L16_trainT0.pth,/home/595/sl9144/codes/snn_simulation/important_results/cifar100_vgg16_four_regs_sigma0_3_5seed/cifar100/mneablate_cifar100_weight_decay_rcnone_seed44_L16_trainT0/noise_sweep_matrix_cifar100_vgg16_T16_mode_rate_uniform_schedule_normal_seed_44.csv
cifar100,vgg16,weight_decay,weight_decay,weight_decay,none,none,0.0005,44,16,0,16,rate_uniform,normal,post_input_if,gaussian,0.75,40.240000,/scratch/gs14/sl9144/qcfs_checkpoints/cifar100-checkpoints/vgg16_L[16]_mneablate_cifar100_weight_decay_rcnone_seed44_L16_trainT0.pth,/home/595/sl9144/codes/snn_simulation/important_results/cifar100_vgg16_four_regs_sigma0_3_5seed/cifar100/mneablate_cifar100_weight_decay_rcnone_seed44_L16_trainT0/noise_sweep_matrix_cifar100_vgg16_T16_mode_rate_uniform_schedule_normal_seed_44.csv
cifar100,vgg16,weight_decay,weight_decay,weight_decay,none,none,0.0005,44,16,0,16,rate_uniform,normal,post_input_if,gaussian,1,15.090000,/scratch/gs14/sl9144/qcfs_checkpoints/cifar100-checkpoints/vgg16_L[16]_mneablate_cifar100_weight_decay_rcnone_seed44_L16_trainT0.pth,/home/595/sl9144/codes/snn_simulation/important_results/cifar100_vgg16_four_regs_sigma0_3_5seed/cifar100/mneablate_cifar100_weight_decay_rcnone_seed44_L16_trainT0/noise_sweep_matrix_cifar100_vgg16_T16_mode_rate_uniform_schedule_normal_seed_44.csv
cifar100,vgg16,weight_decay,weight_decay,weight_decay,none,none,0.0005,44,16,0,16,rate_uniform,normal,post_input_if,gaussian,1.25,4.860000,/scratch/gs14/sl9144/qcfs_checkpoints/cifar100-checkpoints/vgg16_L[16]_mneablate_cifar100_weight_decay_rcnone_seed44_L16_trainT0.pth,/home/595/sl9144/codes/snn_simulation/important_results/cifar100_vgg16_four_regs_sigma0_3_5seed/cifar100/mneablate_cifar100_weight_decay_rcnone_seed44_L16_trainT0/noise_sweep_matrix_cifar100_vgg16_T16_mode_rate_uniform_schedule_normal_seed_44.csv
cifar100,vgg16,weight_decay,weight_decay,weight_decay,none,none,0.0005,44,16,0,16,rate_uniform,normal,post_input_if,gaussian,1.5,2.120000,/scratch/gs14/sl9144/qcfs_checkpoints/cifar100-checkpoints/vgg16_L[16]_mneablate_cifar100_weight_decay_rcnone_seed44_L16_trainT0.pth,/home/595/sl9144/codes/snn_simulation/important_results/cifar100_vgg16_four_regs_sigma0_3_5seed/cifar100/mneablate_cifar100_weight_decay_rcnone_seed44_L16_trainT0/noise_sweep_matrix_cifar100_vgg16_T16_mode_rate_uniform_schedule_normal_seed_44.csv
cifar100,vgg16,weight_decay,weight_decay,weight_decay,none,none,0.0005,44,16,0,16,rate_uniform,normal,post_input_if,gaussian,1.75,1.450000,/scratch/gs14/sl9144/qcfs_checkpoints/cifar100-checkpoints/vgg16_L[16]_mneablate_cifar100_weight_decay_rcnone_seed44_L16_trainT0.pth,/home/595/sl9144/codes/snn_simulation/important_results/cifar100_vgg16_four_regs_sigma0_3_5seed/cifar100/mneablate_cifar100_weight_decay_rcnone_seed44_L16_trainT0/noise_sweep_matrix_cifar100_vgg16_T16_mode_rate_uniform_schedule_normal_seed_44.csv
cifar100,vgg16,weight_decay,weight_decay,weight_decay,none,none,0.0005,44,16,0,16,rate_uniform,normal,post_input_if,gaussian,2,1.120000,/scratch/gs14/sl9144/qcfs_checkpoints/cifar100-checkpoints/vgg16_L[16]_mneablate_cifar100_weight_decay_rcnone_seed44_L16_trainT0.pth,/home/595/sl9144/codes/snn_simulation/important_results/cifar100_vgg16_four_regs_sigma0_3_5seed/cifar100/mneablate_cifar100_weight_decay_rcnone_seed44_L16_trainT0/noise_sweep_matrix_cifar100_vgg16_T16_mode_rate_uniform_schedule_normal_seed_44.csv
cifar100,vgg16,weight_decay,weight_decay,weight_decay,none,none,0.0005,44,16,0,16,rate_uniform,normal,post_input_if,gaussian,2.25,1.070000,/scratch/gs14/sl9144/qcfs_checkpoints/cifar100-checkpoints/vgg16_L[16]_mneablate_cifar100_weight_decay_rcnone_seed44_L16_trainT0.pth,/home/595/sl9144/codes/snn_simulation/important_results/cifar100_vgg16_four_regs_sigma0_3_5seed/cifar100/mneablate_cifar100_weight_decay_rcnone_seed44_L16_trainT0/noise_sweep_matrix_cifar100_vgg16_T16_mode_rate_uniform_schedule_normal_seed_44.csv
cifar100,vgg16,weight_decay,weight_decay,weight_decay,none,none,0.0005,44,16,0,16,rate_uniform,normal,post_input_if,gaussian,2.5,1.050000,/scratch/gs14/sl9144/qcfs_checkpoints/cifar100-checkpoints/vgg16_L[16]_mneablate_cifar100_weight_decay_rcnone_seed44_L16_trainT0.pth,/home/595/sl9144/codes/snn_simulation/important_results/cifar100_vgg16_four_regs_sigma0_3_5seed/cifar100/mneablate_cifar100_weight_decay_rcnone_seed44_L16_trainT0/noise_sweep_matrix_cifar100_vgg16_T16_mode_rate_uniform_schedule_normal_seed_44.csv
cifar100,vgg16,weight_decay,weight_decay,weight_decay,none,none,0.0005,44,16,0,16,rate_uniform,normal,post_input_if,gaussian,2.75,1.010000,/scratch/gs14/sl9144/qcfs_checkpoints/cifar100-checkpoints/vgg16_L[16]_mneablate_cifar100_weight_decay_rcnone_seed44_L16_trainT0.pth,/home/595/sl9144/codes/snn_simulation/important_results/cifar100_vgg16_four_regs_sigma0_3_5seed/cifar100/mneablate_cifar100_weight_decay_rcnone_seed44_L16_trainT0/noise_sweep_matrix_cifar100_vgg16_T16_mode_rate_uniform_schedule_normal_seed_44.csv
cifar100,vgg16,weight_decay,weight_decay,weight_decay,none,none,0.0005,44,16,0,16,rate_uniform,normal,post_input_if,gaussian,3,1.020000,/scratch/gs14/sl9144/qcfs_checkpoints/cifar100-checkpoints/vgg16_L[16]_mneablate_cifar100_weight_decay_rcnone_seed44_L16_trainT0.pth,/home/595/sl9144/codes/snn_simulation/important_results/cifar100_vgg16_four_regs_sigma0_3_5seed/cifar100/mneablate_cifar100_weight_decay_rcnone_seed44_L16_trainT0/noise_sweep_matrix_cifar100_vgg16_T16_mode_rate_uniform_schedule_normal_seed_44.csv
cifar100,vgg16,weight_decay_weights_only,weight_decay_conv_linear_only,weight_decay_weights_only,none,none,0.0005,40,16,0,16,rate_uniform,normal,post_input_if,gaussian,0,63.760000,/scratch/gs14/sl9144/qcfs_checkpoints/cifar100-checkpoints/vgg16_L[16]_mneablate_cifar100_weight_decay_weights_only_rcnone_seed40_L16_trainT0.pth,/home/595/sl9144/codes/snn_simulation/important_results/cifar100_vgg16_four_regs_sigma0_3_5seed/cifar100/mneablate_cifar100_weight_decay_weights_only_rcnone_seed40_L16_trainT0/noise_sweep_matrix_cifar100_vgg16_T16_mode_rate_uniform_schedule_normal_seed_40.csv
cifar100,vgg16,weight_decay_weights_only,weight_decay_conv_linear_only,weight_decay_weights_only,none,none,0.0005,40,16,0,16,rate_uniform,normal,post_input_if,gaussian,0.25,63.630000,/scratch/gs14/sl9144/qcfs_checkpoints/cifar100-checkpoints/vgg16_L[16]_mneablate_cifar100_weight_decay_weights_only_rcnone_seed40_L16_trainT0.pth,/home/595/sl9144/codes/snn_simulation/important_results/cifar100_vgg16_four_regs_sigma0_3_5seed/cifar100/mneablate_cifar100_weight_decay_weights_only_rcnone_seed40_L16_trainT0/noise_sweep_matrix_cifar100_vgg16_T16_mode_rate_uniform_schedule_normal_seed_40.csv
cifar100,vgg16,weight_decay_weights_only,weight_decay_conv_linear_only,weight_decay_weights_only,none,none,0.0005,40,16,0,16,rate_uniform,normal,post_input_if,gaussian,0.5,63.660000,/scratch/gs14/sl9144/qcfs_checkpoints/cifar100-checkpoints/vgg16_L[16]_mneablate_cifar100_weight_decay_weights_only_rcnone_seed40_L16_trainT0.pth,/home/595/sl9144/codes/snn_simulation/important_results/cifar100_vgg16_four_regs_sigma0_3_5seed/cifar100/mneablate_cifar100_weight_decay_weights_only_rcnone_seed40_L16_trainT0/noise_sweep_matrix_cifar100_vgg16_T16_mode_rate_uniform_schedule_normal_seed_40.csv
cifar100,vgg16,weight_decay_weights_only,weight_decay_conv_linear_only,weight_decay_weights_only,none,none,0.0005,40,16,0,16,rate_uniform,normal,post_input_if,gaussian,0.75,63.630000,/scratch/gs14/sl9144/qcfs_checkpoints/cifar100-checkpoints/vgg16_L[16]_mneablate_cifar100_weight_decay_weights_only_rcnone_seed40_L16_trainT0.pth,/home/595/sl9144/codes/snn_simulation/important_results/cifar100_vgg16_four_regs_sigma0_3_5seed/cifar100/mneablate_cifar100_weight_decay_weights_only_rcnone_seed40_L16_trainT0/noise_sweep_matrix_cifar100_vgg16_T16_mode_rate_uniform_schedule_normal_seed_40.csv
cifar100,vgg16,weight_decay_weights_only,weight_decay_conv_linear_only,weight_decay_weights_only,none,none,0.0005,40,16,0,16,rate_uniform,normal,post_input_if,gaussian,1,63.510000,/scratch/gs14/sl9144/qcfs_checkpoints/cifar100-checkpoints/vgg16_L[16]_mneablate_cifar100_weight_decay_weights_only_rcnone_seed40_L16_trainT0.pth,/home/595/sl9144/codes/snn_simulation/important_results/cifar100_vgg16_four_regs_sigma0_3_5seed/cifar100/mneablate_cifar100_weight_decay_weights_only_rcnone_seed40_L16_trainT0/noise_sweep_matrix_cifar100_vgg16_T16_mode_rate_uniform_schedule_normal_seed_40.csv
cifar100,vgg16,weight_decay_weights_only,weight_decay_conv_linear_only,weight_decay_weights_only,none,none,0.0005,40,16,0,16,rate_uniform,normal,post_input_if,gaussian,1.25,63.150000,/scratch/gs14/sl9144/qcfs_checkpoints/cifar100-checkpoints/vgg16_L[16]_mneablate_cifar100_weight_decay_weights_only_rcnone_seed40_L16_trainT0.pth,/home/595/sl9144/codes/snn_simulation/important_results/cifar100_vgg16_four_regs_sigma0_3_5seed/cifar100/mneablate_cifar100_weight_decay_weights_only_rcnone_seed40_L16_trainT0/noise_sweep_matrix_cifar100_vgg16_T16_mode_rate_uniform_schedule_normal_seed_40.csv
cifar100,vgg16,weight_decay_weights_only,weight_decay_conv_linear_only,weight_decay_weights_only,none,none,0.0005,40,16,0,16,rate_uniform,normal,post_input_if,gaussian,1.5,62.710000,/scratch/gs14/sl9144/qcfs_checkpoints/cifar100-checkpoints/vgg16_L[16]_mneablate_cifar100_weight_decay_weights_only_rcnone_seed40_L16_trainT0.pth,/home/595/sl9144/codes/snn_simulation/important_results/cifar100_vgg16_four_regs_sigma0_3_5seed/cifar100/mneablate_cifar100_weight_decay_weights_only_rcnone_seed40_L16_trainT0/noise_sweep_matrix_cifar100_vgg16_T16_mode_rate_uniform_schedule_normal_seed_40.csv
cifar100,vgg16,weight_decay_weights_only,weight_decay_conv_linear_only,weight_decay_weights_only,none,none,0.0005,40,16,0,16,rate_uniform,normal,post_input_if,gaussian,1.75,61.380000,/scratch/gs14/sl9144/qcfs_checkpoints/cifar100-checkpoints/vgg16_L[16]_mneablate_cifar100_weight_decay_weights_only_rcnone_seed40_L16_trainT0.pth,/home/595/sl9144/codes/snn_simulation/important_results/cifar100_vgg16_four_regs_sigma0_3_5seed/cifar100/mneablate_cifar100_weight_decay_weights_only_rcnone_seed40_L16_trainT0/noise_sweep_matrix_cifar100_vgg16_T16_mode_rate_uniform_schedule_normal_seed_40.csv
cifar100,vgg16,weight_decay_weights_only,weight_decay_conv_linear_only,weight_decay_weights_only,none,none,0.0005,40,16,0,16,rate_uniform,normal,post_input_if,gaussian,2,59.820000,/scratch/gs14/sl9144/qcfs_checkpoints/cifar100-checkpoints/vgg16_L[16]_mneablate_cifar100_weight_decay_weights_only_rcnone_seed40_L16_trainT0.pth,/home/595/sl9144/codes/snn_simulation/important_results/cifar100_vgg16_four_regs_sigma0_3_5seed/cifar100/mneablate_cifar100_weight_decay_weights_only_rcnone_seed40_L16_trainT0/noise_sweep_matrix_cifar100_vgg16_T16_mode_rate_uniform_schedule_normal_seed_40.csv
cifar100,vgg16,weight_decay_weights_only,weight_decay_conv_linear_only,weight_decay_weights_only,none,none,0.0005,40,16,0,16,rate_uniform,normal,post_input_if,gaussian,2.25,57.660000,/scratch/gs14/sl9144/qcfs_checkpoints/cifar100-checkpoints/vgg16_L[16]_mneablate_cifar100_weight_decay_weights_only_rcnone_seed40_L16_trainT0.pth,/home/595/sl9144/codes/snn_simulation/important_results/cifar100_vgg16_four_regs_sigma0_3_5seed/cifar100/mneablate_cifar100_weight_decay_weights_only_rcnone_seed40_L16_trainT0/noise_sweep_matrix_cifar100_vgg16_T16_mode_rate_uniform_schedule_normal_seed_40.csv
cifar100,vgg16,weight_decay_weights_only,weight_decay_conv_linear_only,weight_decay_weights_only,none,none,0.0005,40,16,0,16,rate_uniform,normal,post_input_if,gaussian,2.5,53.160000,/scratch/gs14/sl9144/qcfs_checkpoints/cifar100-checkpoints/vgg16_L[16]_mneablate_cifar100_weight_decay_weights_only_rcnone_seed40_L16_trainT0.pth,/home/595/sl9144/codes/snn_simulation/important_results/cifar100_vgg16_four_regs_sigma0_3_5seed/cifar100/mneablate_cifar100_weight_decay_weights_only_rcnone_seed40_L16_trainT0/noise_sweep_matrix_cifar100_vgg16_T16_mode_rate_uniform_schedule_normal_seed_40.csv
cifar100,vgg16,weight_decay_weights_only,weight_decay_conv_linear_only,weight_decay_weights_only,none,none,0.0005,40,16,0,16,rate_uniform,normal,post_input_if,gaussian,2.75,47.930000,/scratch/gs14/sl9144/qcfs_checkpoints/cifar100-checkpoints/vgg16_L[16]_mneablate_cifar100_weight_decay_weights_only_rcnone_seed40_L16_trainT0.pth,/home/595/sl9144/codes/snn_simulation/important_results/cifar100_vgg16_four_regs_sigma0_3_5seed/cifar100/mneablate_cifar100_weight_decay_weights_only_rcnone_seed40_L16_trainT0/noise_sweep_matrix_cifar100_vgg16_T16_mode_rate_uniform_schedule_normal_seed_40.csv
cifar100,vgg16,weight_decay_weights_only,weight_decay_conv_linear_only,weight_decay_weights_only,none,none,0.0005,40,16,0,16,rate_uniform,normal,post_input_if,gaussian,3,40.860000,/scratch/gs14/sl9144/qcfs_checkpoints/cifar100-checkpoints/vgg16_L[16]_mneablate_cifar100_weight_decay_weights_only_rcnone_seed40_L16_trainT0.pth,/home/595/sl9144/codes/snn_simulation/important_results/cifar100_vgg16_four_regs_sigma0_3_5seed/cifar100/mneablate_cifar100_weight_decay_weights_only_rcnone_seed40_L16_trainT0/noise_sweep_matrix_cifar100_vgg16_T16_mode_rate_uniform_schedule_normal_seed_40.csv
cifar100,vgg16,weight_decay_weights_only,weight_decay_conv_linear_only,weight_decay_weights_only,none,none,0.0005,41,16,0,16,rate_uniform,normal,post_input_if,gaussian,0,63.980000,/scratch/gs14/sl9144/qcfs_checkpoints/cifar100-checkpoints/vgg16_L[16]_mneablate_cifar100_weight_decay_weights_only_rcnone_seed41_L16_trainT0.pth,/home/595/sl9144/codes/snn_simulation/important_results/cifar100_vgg16_four_regs_sigma0_3_5seed/cifar100/mneablate_cifar100_weight_decay_weights_only_rcnone_seed41_L16_trainT0/noise_sweep_matrix_cifar100_vgg16_T16_mode_rate_uniform_schedule_normal_seed_41.csv
cifar100,vgg16,weight_decay_weights_only,weight_decay_conv_linear_only,weight_decay_weights_only,none,none,0.0005,41,16,0,16,rate_uniform,normal,post_input_if,gaussian,0.25,63.950000,/scratch/gs14/sl9144/qcfs_checkpoints/cifar100-checkpoints/vgg16_L[16]_mneablate_cifar100_weight_decay_weights_only_rcnone_seed41_L16_trainT0.pth,/home/595/sl9144/codes/snn_simulation/important_results/cifar100_vgg16_four_regs_sigma0_3_5seed/cifar100/mneablate_cifar100_weight_decay_weights_only_rcnone_seed41_L16_trainT0/noise_sweep_matrix_cifar100_vgg16_T16_mode_rate_uniform_schedule_normal_seed_41.csv
cifar100,vgg16,weight_decay_weights_only,weight_decay_conv_linear_only,weight_decay_weights_only,none,none,0.0005,41,16,0,16,rate_uniform,normal,post_input_if,gaussian,0.5,63.900000,/scratch/gs14/sl9144/qcfs_checkpoints/cifar100-checkpoints/vgg16_L[16]_mneablate_cifar100_weight_decay_weights_only_rcnone_seed41_L16_trainT0.pth,/home/595/sl9144/codes/snn_simulation/important_results/cifar100_vgg16_four_regs_sigma0_3_5seed/cifar100/mneablate_cifar100_weight_decay_weights_only_rcnone_seed41_L16_trainT0/noise_sweep_matrix_cifar100_vgg16_T16_mode_rate_uniform_schedule_normal_seed_41.csv
cifar100,vgg16,weight_decay_weights_only,weight_decay_conv_linear_only,weight_decay_weights_only,none,none,0.0005,41,16,0,16,rate_uniform,normal,post_input_if,gaussian,0.75,64.110000,/scratch/gs14/sl9144/qcfs_checkpoints/cifar100-checkpoints/vgg16_L[16]_mneablate_cifar100_weight_decay_weights_only_rcnone_seed41_L16_trainT0.pth,/home/595/sl9144/codes/snn_simulation/important_results/cifar100_vgg16_four_regs_sigma0_3_5seed/cifar100/mneablate_cifar100_weight_decay_weights_only_rcnone_seed41_L16_trainT0/noise_sweep_matrix_cifar100_vgg16_T16_mode_rate_uniform_schedule_normal_seed_41.csv
cifar100,vgg16,weight_decay_weights_only,weight_decay_conv_linear_only,weight_decay_weights_only,none,none,0.0005,41,16,0,16,rate_uniform,normal,post_input_if,gaussian,1,63.900000,/scratch/gs14/sl9144/qcfs_checkpoints/cifar100-checkpoints/vgg16_L[16]_mneablate_cifar100_weight_decay_weights_only_rcnone_seed41_L16_trainT0.pth,/home/595/sl9144/codes/snn_simulation/important_results/cifar100_vgg16_four_regs_sigma0_3_5seed/cifar100/mneablate_cifar100_weight_decay_weights_only_rcnone_seed41_L16_trainT0/noise_sweep_matrix_cifar100_vgg16_T16_mode_rate_uniform_schedule_normal_seed_41.csv
cifar100,vgg16,weight_decay_weights_only,weight_decay_conv_linear_only,weight_decay_weights_only,none,none,0.0005,41,16,0,16,rate_uniform,normal,post_input_if,gaussian,1.25,63.690000,/scratch/gs14/sl9144/qcfs_checkpoints/cifar100-checkpoints/vgg16_L[16]_mneablate_cifar100_weight_decay_weights_only_rcnone_seed41_L16_trainT0.pth,/home/595/sl9144/codes/snn_simulation/important_results/cifar100_vgg16_four_regs_sigma0_3_5seed/cifar100/mneablate_cifar100_weight_decay_weights_only_rcnone_seed41_L16_trainT0/noise_sweep_matrix_cifar100_vgg16_T16_mode_rate_uniform_schedule_normal_seed_41.csv
cifar100,vgg16,weight_decay_weights_only,weight_decay_conv_linear_only,weight_decay_weights_only,none,none,0.0005,41,16,0,16,rate_uniform,normal,post_input_if,gaussian,1.5,63.090000,/scratch/gs14/sl9144/qcfs_checkpoints/cifar100-checkpoints/vgg16_L[16]_mneablate_cifar100_weight_decay_weights_only_rcnone_seed41_L16_trainT0.pth,/home/595/sl9144/codes/snn_simulation/important_results/cifar100_vgg16_four_regs_sigma0_3_5seed/cifar100/mneablate_cifar100_weight_decay_weights_only_rcnone_seed41_L16_trainT0/noise_sweep_matrix_cifar100_vgg16_T16_mode_rate_uniform_schedule_normal_seed_41.csv
cifar100,vgg16,weight_decay_weights_only,weight_decay_conv_linear_only,weight_decay_weights_only,none,none,0.0005,41,16,0,16,rate_uniform,normal,post_input_if,gaussian,1.75,61.930000,/scratch/gs14/sl9144/qcfs_checkpoints/cifar100-checkpoints/vgg16_L[16]_mneablate_cifar100_weight_decay_weights_only_rcnone_seed41_L16_trainT0.pth,/home/595/sl9144/codes/snn_simulation/important_results/cifar100_vgg16_four_regs_sigma0_3_5seed/cifar100/mneablate_cifar100_weight_decay_weights_only_rcnone_seed41_L16_trainT0/noise_sweep_matrix_cifar100_vgg16_T16_mode_rate_uniform_schedule_normal_seed_41.csv
cifar100,vgg16,weight_decay_weights_only,weight_decay_conv_linear_only,weight_decay_weights_only,none,none,0.0005,41,16,0,16,rate_uniform,normal,post_input_if,gaussian,2,60.400000,/scratch/gs14/sl9144/qcfs_checkpoints/cifar100-checkpoints/vgg16_L[16]_mneablate_cifar100_weight_decay_weights_only_rcnone_seed41_L16_trainT0.pth,/home/595/sl9144/codes/snn_simulation/important_results/cifar100_vgg16_four_regs_sigma0_3_5seed/cifar100/mneablate_cifar100_weight_decay_weights_only_rcnone_seed41_L16_trainT0/noise_sweep_matrix_cifar100_vgg16_T16_mode_rate_uniform_schedule_normal_seed_41.csv
cifar100,vgg16,weight_decay_weights_only,weight_decay_conv_linear_only,weight_decay_weights_only,none,none,0.0005,41,16,0,16,rate_uniform,normal,post_input_if,gaussian,2.25,57.950000,/scratch/gs14/sl9144/qcfs_checkpoints/cifar100-checkpoints/vgg16_L[16]_mneablate_cifar100_weight_decay_weights_only_rcnone_seed41_L16_trainT0.pth,/home/595/sl9144/codes/snn_simulation/important_results/cifar100_vgg16_four_regs_sigma0_3_5seed/cifar100/mneablate_cifar100_weight_decay_weights_only_rcnone_seed41_L16_trainT0/noise_sweep_matrix_cifar100_vgg16_T16_mode_rate_uniform_schedule_normal_seed_41.csv
cifar100,vgg16,weight_decay_weights_only,weight_decay_conv_linear_only,weight_decay_weights_only,none,none,0.0005,41,16,0,16,rate_uniform,normal,post_input_if,gaussian,2.5,54.330000,/scratch/gs14/sl9144/qcfs_checkpoints/cifar100-checkpoints/vgg16_L[16]_mneablate_cifar100_weight_decay_weights_only_rcnone_seed41_L16_trainT0.pth,/home/595/sl9144/codes/snn_simulation/important_results/cifar100_vgg16_four_regs_sigma0_3_5seed/cifar100/mneablate_cifar100_weight_decay_weights_only_rcnone_seed41_L16_trainT0/noise_sweep_matrix_cifar100_vgg16_T16_mode_rate_uniform_schedule_normal_seed_41.csv
cifar100,vgg16,weight_decay_weights_only,weight_decay_conv_linear_only,weight_decay_weights_only,none,none,0.0005,41,16,0,16,rate_uniform,normal,post_input_if,gaussian,2.75,48.780000,/scratch/gs14/sl9144/qcfs_checkpoints/cifar100-checkpoints/vgg16_L[16]_mneablate_cifar100_weight_decay_weights_only_rcnone_seed41_L16_trainT0.pth,/home/595/sl9144/codes/snn_simulation/important_results/cifar100_vgg16_four_regs_sigma0_3_5seed/cifar100/mneablate_cifar100_weight_decay_weights_only_rcnone_seed41_L16_trainT0/noise_sweep_matrix_cifar100_vgg16_T16_mode_rate_uniform_schedule_normal_seed_41.csv
cifar100,vgg16,weight_decay_weights_only,weight_decay_conv_linear_only,weight_decay_weights_only,none,none,0.0005,41,16,0,16,rate_uniform,normal,post_input_if,gaussian,3,42.650000,/scratch/gs14/sl9144/qcfs_checkpoints/cifar100-checkpoints/vgg16_L[16]_mneablate_cifar100_weight_decay_weights_only_rcnone_seed41_L16_trainT0.pth,/home/595/sl9144/codes/snn_simulation/important_results/cifar100_vgg16_four_regs_sigma0_3_5seed/cifar100/mneablate_cifar100_weight_decay_weights_only_rcnone_seed41_L16_trainT0/noise_sweep_matrix_cifar100_vgg16_T16_mode_rate_uniform_schedule_normal_seed_41.csv
cifar100,vgg16,weight_decay_weights_only,weight_decay_conv_linear_only,weight_decay_weights_only,none,none,0.0005,42,16,0,16,rate_uniform,normal,post_input_if,gaussian,0,63.470000,/scratch/gs14/sl9144/qcfs_checkpoints/cifar100-checkpoints/vgg16_L[16]_mneablate_cifar100_weight_decay_weights_only_rcnone_seed42_L16_trainT0.pth,/home/595/sl9144/codes/snn_simulation/important_results/cifar100_vgg16_four_regs_sigma0_3_5seed/cifar100/mneablate_cifar100_weight_decay_weights_only_rcnone_seed42_L16_trainT0/noise_sweep_matrix_cifar100_vgg16_T16_mode_rate_uniform_schedule_normal_seed_42.csv
cifar100,vgg16,weight_decay_weights_only,weight_decay_conv_linear_only,weight_decay_weights_only,none,none,0.0005,42,16,0,16,rate_uniform,normal,post_input_if,gaussian,0.25,63.470000,/scratch/gs14/sl9144/qcfs_checkpoints/cifar100-checkpoints/vgg16_L[16]_mneablate_cifar100_weight_decay_weights_only_rcnone_seed42_L16_trainT0.pth,/home/595/sl9144/codes/snn_simulation/important_results/cifar100_vgg16_four_regs_sigma0_3_5seed/cifar100/mneablate_cifar100_weight_decay_weights_only_rcnone_seed42_L16_trainT0/noise_sweep_matrix_cifar100_vgg16_T16_mode_rate_uniform_schedule_normal_seed_42.csv
cifar100,vgg16,weight_decay_weights_only,weight_decay_conv_linear_only,weight_decay_weights_only,none,none,0.0005,42,16,0,16,rate_uniform,normal,post_input_if,gaussian,0.5,63.370000,/scratch/gs14/sl9144/qcfs_checkpoints/cifar100-checkpoints/vgg16_L[16]_mneablate_cifar100_weight_decay_weights_only_rcnone_seed42_L16_trainT0.pth,/home/595/sl9144/codes/snn_simulation/important_results/cifar100_vgg16_four_regs_sigma0_3_5seed/cifar100/mneablate_cifar100_weight_decay_weights_only_rcnone_seed42_L16_trainT0/noise_sweep_matrix_cifar100_vgg16_T16_mode_rate_uniform_schedule_normal_seed_42.csv
cifar100,vgg16,weight_decay_weights_only,weight_decay_conv_linear_only,weight_decay_weights_only,none,none,0.0005,42,16,0,16,rate_uniform,normal,post_input_if,gaussian,0.75,63.370000,/scratch/gs14/sl9144/qcfs_checkpoints/cifar100-checkpoints/vgg16_L[16]_mneablate_cifar100_weight_decay_weights_only_rcnone_seed42_L16_trainT0.pth,/home/595/sl9144/codes/snn_simulation/important_results/cifar100_vgg16_four_regs_sigma0_3_5seed/cifar100/mneablate_cifar100_weight_decay_weights_only_rcnone_seed42_L16_trainT0/noise_sweep_matrix_cifar100_vgg16_T16_mode_rate_uniform_schedule_normal_seed_42.csv
cifar100,vgg16,weight_decay_weights_only,weight_decay_conv_linear_only,weight_decay_weights_only,none,none,0.0005,42,16,0,16,rate_uniform,normal,post_input_if,gaussian,1,63.420000,/scratch/gs14/sl9144/qcfs_checkpoints/cifar100-checkpoints/vgg16_L[16]_mneablate_cifar100_weight_decay_weights_only_rcnone_seed42_L16_trainT0.pth,/home/595/sl9144/codes/snn_simulation/important_results/cifar100_vgg16_four_regs_sigma0_3_5seed/cifar100/mneablate_cifar100_weight_decay_weights_only_rcnone_seed42_L16_trainT0/noise_sweep_matrix_cifar100_vgg16_T16_mode_rate_uniform_schedule_normal_seed_42.csv
cifar100,vgg16,weight_decay_weights_only,weight_decay_conv_linear_only,weight_decay_weights_only,none,none,0.0005,42,16,0,16,rate_uniform,normal,post_input_if,gaussian,1.25,63.110000,/scratch/gs14/sl9144/qcfs_checkpoints/cifar100-checkpoints/vgg16_L[16]_mneablate_cifar100_weight_decay_weights_only_rcnone_seed42_L16_trainT0.pth,/home/595/sl9144/codes/snn_simulation/important_results/cifar100_vgg16_four_regs_sigma0_3_5seed/cifar100/mneablate_cifar100_weight_decay_weights_only_rcnone_seed42_L16_trainT0/noise_sweep_matrix_cifar100_vgg16_T16_mode_rate_uniform_schedule_normal_seed_42.csv
cifar100,vgg16,weight_decay_weights_only,weight_decay_conv_linear_only,weight_decay_weights_only,none,none,0.0005,42,16,0,16,rate_uniform,normal,post_input_if,gaussian,1.5,62.770000,/scratch/gs14/sl9144/qcfs_checkpoints/cifar100-checkpoints/vgg16_L[16]_mneablate_cifar100_weight_decay_weights_only_rcnone_seed42_L16_trainT0.pth,/home/595/sl9144/codes/snn_simulation/important_results/cifar100_vgg16_four_regs_sigma0_3_5seed/cifar100/mneablate_cifar100_weight_decay_weights_only_rcnone_seed42_L16_trainT0/noise_sweep_matrix_cifar100_vgg16_T16_mode_rate_uniform_schedule_normal_seed_42.csv
cifar100,vgg16,weight_decay_weights_only,weight_decay_conv_linear_only,weight_decay_weights_only,none,none,0.0005,42,16,0,16,rate_uniform,normal,post_input_if,gaussian,1.75,61.700000,/scratch/gs14/sl9144/qcfs_checkpoints/cifar100-checkpoints/vgg16_L[16]_mneablate_cifar100_weight_decay_weights_only_rcnone_seed42_L16_trainT0.pth,/home/595/sl9144/codes/snn_simulation/important_results/cifar100_vgg16_four_regs_sigma0_3_5seed/cifar100/mneablate_cifar100_weight_decay_weights_only_rcnone_seed42_L16_trainT0/noise_sweep_matrix_cifar100_vgg16_T16_mode_rate_uniform_schedule_normal_seed_42.csv
cifar100,vgg16,weight_decay_weights_only,weight_decay_conv_linear_only,weight_decay_weights_only,none,none,0.0005,42,16,0,16,rate_uniform,normal,post_input_if,gaussian,2,60.190000,/scratch/gs14/sl9144/qcfs_checkpoints/cifar100-checkpoints/vgg16_L[16]_mneablate_cifar100_weight_decay_weights_only_rcnone_seed42_L16_trainT0.pth,/home/595/sl9144/codes/snn_simulation/important_results/cifar100_vgg16_four_regs_sigma0_3_5seed/cifar100/mneablate_cifar100_weight_decay_weights_only_rcnone_seed42_L16_trainT0/noise_sweep_matrix_cifar100_vgg16_T16_mode_rate_uniform_schedule_normal_seed_42.csv
cifar100,vgg16,weight_decay_weights_only,weight_decay_conv_linear_only,weight_decay_weights_only,none,none,0.0005,42,16,0,16,rate_uniform,normal,post_input_if,gaussian,2.25,58.250000,/scratch/gs14/sl9144/qcfs_checkpoints/cifar100-checkpoints/vgg16_L[16]_mneablate_cifar100_weight_decay_weights_only_rcnone_seed42_L16_trainT0.pth,/home/595/sl9144/codes/snn_simulation/important_results/cifar100_vgg16_four_regs_sigma0_3_5seed/cifar100/mneablate_cifar100_weight_decay_weights_only_rcnone_seed42_L16_trainT0/noise_sweep_matrix_cifar100_vgg16_T16_mode_rate_uniform_schedule_normal_seed_42.csv
cifar100,vgg16,weight_decay_weights_only,weight_decay_conv_linear_only,weight_decay_weights_only,none,none,0.0005,42,16,0,16,rate_uniform,normal,post_input_if,gaussian,2.5,54.700000,/scratch/gs14/sl9144/qcfs_checkpoints/cifar100-checkpoints/vgg16_L[16]_mneablate_cifar100_weight_decay_weights_only_rcnone_seed42_L16_trainT0.pth,/home/595/sl9144/codes/snn_simulation/important_results/cifar100_vgg16_four_regs_sigma0_3_5seed/cifar100/mneablate_cifar100_weight_decay_weights_only_rcnone_seed42_L16_trainT0/noise_sweep_matrix_cifar100_vgg16_T16_mode_rate_uniform_schedule_normal_seed_42.csv
cifar100,vgg16,weight_decay_weights_only,weight_decay_conv_linear_only,weight_decay_weights_only,none,none,0.0005,42,16,0,16,rate_uniform,normal,post_input_if,gaussian,2.75,49.930000,/scratch/gs14/sl9144/qcfs_checkpoints/cifar100-checkpoints/vgg16_L[16]_mneablate_cifar100_weight_decay_weights_only_rcnone_seed42_L16_trainT0.pth,/home/595/sl9144/codes/snn_simulation/important_results/cifar100_vgg16_four_regs_sigma0_3_5seed/cifar100/mneablate_cifar100_weight_decay_weights_only_rcnone_seed42_L16_trainT0/noise_sweep_matrix_cifar100_vgg16_T16_mode_rate_uniform_schedule_normal_seed_42.csv
cifar100,vgg16,weight_decay_weights_only,weight_decay_conv_linear_only,weight_decay_weights_only,none,none,0.0005,42,16,0,16,rate_uniform,normal,post_input_if,gaussian,3,43.580000,/scratch/gs14/sl9144/qcfs_checkpoints/cifar100-checkpoints/vgg16_L[16]_mneablate_cifar100_weight_decay_weights_only_rcnone_seed42_L16_trainT0.pth,/home/595/sl9144/codes/snn_simulation/important_results/cifar100_vgg16_four_regs_sigma0_3_5seed/cifar100/mneablate_cifar100_weight_decay_weights_only_rcnone_seed42_L16_trainT0/noise_sweep_matrix_cifar100_vgg16_T16_mode_rate_uniform_schedule_normal_seed_42.csv
cifar100,vgg16,weight_decay_weights_only,weight_decay_conv_linear_only,weight_decay_weights_only,none,none,0.0005,43,16,0,16,rate_uniform,normal,post_input_if,gaussian,0,63.750000,/scratch/gs14/sl9144/qcfs_checkpoints/cifar100-checkpoints/vgg16_L[16]_mneablate_cifar100_weight_decay_weights_only_rcnone_seed43_L16_trainT0.pth,/home/595/sl9144/codes/snn_simulation/important_results/cifar100_vgg16_four_regs_sigma0_3_5seed/cifar100/mneablate_cifar100_weight_decay_weights_only_rcnone_seed43_L16_trainT0/noise_sweep_matrix_cifar100_vgg16_T16_mode_rate_uniform_schedule_normal_seed_43.csv
cifar100,vgg16,weight_decay_weights_only,weight_decay_conv_linear_only,weight_decay_weights_only,none,none,0.0005,43,16,0,16,rate_uniform,normal,post_input_if,gaussian,0.25,63.790000,/scratch/gs14/sl9144/qcfs_checkpoints/cifar100-checkpoints/vgg16_L[16]_mneablate_cifar100_weight_decay_weights_only_rcnone_seed43_L16_trainT0.pth,/home/595/sl9144/codes/snn_simulation/important_results/cifar100_vgg16_four_regs_sigma0_3_5seed/cifar100/mneablate_cifar100_weight_decay_weights_only_rcnone_seed43_L16_trainT0/noise_sweep_matrix_cifar100_vgg16_T16_mode_rate_uniform_schedule_normal_seed_43.csv
cifar100,vgg16,weight_decay_weights_only,weight_decay_conv_linear_only,weight_decay_weights_only,none,none,0.0005,43,16,0,16,rate_uniform,normal,post_input_if,gaussian,0.5,63.920000,/scratch/gs14/sl9144/qcfs_checkpoints/cifar100-checkpoints/vgg16_L[16]_mneablate_cifar100_weight_decay_weights_only_rcnone_seed43_L16_trainT0.pth,/home/595/sl9144/codes/snn_simulation/important_results/cifar100_vgg16_four_regs_sigma0_3_5seed/cifar100/mneablate_cifar100_weight_decay_weights_only_rcnone_seed43_L16_trainT0/noise_sweep_matrix_cifar100_vgg16_T16_mode_rate_uniform_schedule_normal_seed_43.csv
cifar100,vgg16,weight_decay_weights_only,weight_decay_conv_linear_only,weight_decay_weights_only,none,none,0.0005,43,16,0,16,rate_uniform,normal,post_input_if,gaussian,0.75,63.890000,/scratch/gs14/sl9144/qcfs_checkpoints/cifar100-checkpoints/vgg16_L[16]_mneablate_cifar100_weight_decay_weights_only_rcnone_seed43_L16_trainT0.pth,/home/595/sl9144/codes/snn_simulation/important_results/cifar100_vgg16_four_regs_sigma0_3_5seed/cifar100/mneablate_cifar100_weight_decay_weights_only_rcnone_seed43_L16_trainT0/noise_sweep_matrix_cifar100_vgg16_T16_mode_rate_uniform_schedule_normal_seed_43.csv
cifar100,vgg16,weight_decay_weights_only,weight_decay_conv_linear_only,weight_decay_weights_only,none,none,0.0005,43,16,0,16,rate_uniform,normal,post_input_if,gaussian,1,63.600000,/scratch/gs14/sl9144/qcfs_checkpoints/cifar100-checkpoints/vgg16_L[16]_mneablate_cifar100_weight_decay_weights_only_rcnone_seed43_L16_trainT0.pth,/home/595/sl9144/codes/snn_simulation/important_results/cifar100_vgg16_four_regs_sigma0_3_5seed/cifar100/mneablate_cifar100_weight_decay_weights_only_rcnone_seed43_L16_trainT0/noise_sweep_matrix_cifar100_vgg16_T16_mode_rate_uniform_schedule_normal_seed_43.csv
cifar100,vgg16,weight_decay_weights_only,weight_decay_conv_linear_only,weight_decay_weights_only,none,none,0.0005,43,16,0,16,rate_uniform,normal,post_input_if,gaussian,1.25,63.610000,/scratch/gs14/sl9144/qcfs_checkpoints/cifar100-checkpoints/vgg16_L[16]_mneablate_cifar100_weight_decay_weights_only_rcnone_seed43_L16_trainT0.pth,/home/595/sl9144/codes/snn_simulation/important_results/cifar100_vgg16_four_regs_sigma0_3_5seed/cifar100/mneablate_cifar100_weight_decay_weights_only_rcnone_seed43_L16_trainT0/noise_sweep_matrix_cifar100_vgg16_T16_mode_rate_uniform_schedule_normal_seed_43.csv
cifar100,vgg16,weight_decay_weights_only,weight_decay_conv_linear_only,weight_decay_weights_only,none,none,0.0005,43,16,0,16,rate_uniform,normal,post_input_if,gaussian,1.5,62.880000,/scratch/gs14/sl9144/qcfs_checkpoints/cifar100-checkpoints/vgg16_L[16]_mneablate_cifar100_weight_decay_weights_only_rcnone_seed43_L16_trainT0.pth,/home/595/sl9144/codes/snn_simulation/important_results/cifar100_vgg16_four_regs_sigma0_3_5seed/cifar100/mneablate_cifar100_weight_decay_weights_only_rcnone_seed43_L16_trainT0/noise_sweep_matrix_cifar100_vgg16_T16_mode_rate_uniform_schedule_normal_seed_43.csv
cifar100,vgg16,weight_decay_weights_only,weight_decay_conv_linear_only,weight_decay_weights_only,none,none,0.0005,43,16,0,16,rate_uniform,normal,post_input_if,gaussian,1.75,62.080000,/scratch/gs14/sl9144/qcfs_checkpoints/cifar100-checkpoints/vgg16_L[16]_mneablate_cifar100_weight_decay_weights_only_rcnone_seed43_L16_trainT0.pth,/home/595/sl9144/codes/snn_simulation/important_results/cifar100_vgg16_four_regs_sigma0_3_5seed/cifar100/mneablate_cifar100_weight_decay_weights_only_rcnone_seed43_L16_trainT0/noise_sweep_matrix_cifar100_vgg16_T16_mode_rate_uniform_schedule_normal_seed_43.csv
cifar100,vgg16,weight_decay_weights_only,weight_decay_conv_linear_only,weight_decay_weights_only,none,none,0.0005,43,16,0,16,rate_uniform,normal,post_input_if,gaussian,2,60.550000,/scratch/gs14/sl9144/qcfs_checkpoints/cifar100-checkpoints/vgg16_L[16]_mneablate_cifar100_weight_decay_weights_only_rcnone_seed43_L16_trainT0.pth,/home/595/sl9144/codes/snn_simulation/important_results/cifar100_vgg16_four_regs_sigma0_3_5seed/cifar100/mneablate_cifar100_weight_decay_weights_only_rcnone_seed43_L16_trainT0/noise_sweep_matrix_cifar100_vgg16_T16_mode_rate_uniform_schedule_normal_seed_43.csv
cifar100,vgg16,weight_decay_weights_only,weight_decay_conv_linear_only,weight_decay_weights_only,none,none,0.0005,43,16,0,16,rate_uniform,normal,post_input_if,gaussian,2.25,58.320000,/scratch/gs14/sl9144/qcfs_checkpoints/cifar100-checkpoints/vgg16_L[16]_mneablate_cifar100_weight_decay_weights_only_rcnone_seed43_L16_trainT0.pth,/home/595/sl9144/codes/snn_simulation/important_results/cifar100_vgg16_four_regs_sigma0_3_5seed/cifar100/mneablate_cifar100_weight_decay_weights_only_rcnone_seed43_L16_trainT0/noise_sweep_matrix_cifar100_vgg16_T16_mode_rate_uniform_schedule_normal_seed_43.csv
cifar100,vgg16,weight_decay_weights_only,weight_decay_conv_linear_only,weight_decay_weights_only,none,none,0.0005,43,16,0,16,rate_uniform,normal,post_input_if,gaussian,2.5,54.660000,/scratch/gs14/sl9144/qcfs_checkpoints/cifar100-checkpoints/vgg16_L[16]_mneablate_cifar100_weight_decay_weights_only_rcnone_seed43_L16_trainT0.pth,/home/595/sl9144/codes/snn_simulation/important_results/cifar100_vgg16_four_regs_sigma0_3_5seed/cifar100/mneablate_cifar100_weight_decay_weights_only_rcnone_seed43_L16_trainT0/noise_sweep_matrix_cifar100_vgg16_T16_mode_rate_uniform_schedule_normal_seed_43.csv
cifar100,vgg16,weight_decay_weights_only,weight_decay_conv_linear_only,weight_decay_weights_only,none,none,0.0005,43,16,0,16,rate_uniform,normal,post_input_if,gaussian,2.75,49.380000,/scratch/gs14/sl9144/qcfs_checkpoints/cifar100-checkpoints/vgg16_L[16]_mneablate_cifar100_weight_decay_weights_only_rcnone_seed43_L16_trainT0.pth,/home/595/sl9144/codes/snn_simulation/important_results/cifar100_vgg16_four_regs_sigma0_3_5seed/cifar100/mneablate_cifar100_weight_decay_weights_only_rcnone_seed43_L16_trainT0/noise_sweep_matrix_cifar100_vgg16_T16_mode_rate_uniform_schedule_normal_seed_43.csv
cifar100,vgg16,weight_decay_weights_only,weight_decay_conv_linear_only,weight_decay_weights_only,none,none,0.0005,43,16,0,16,rate_uniform,normal,post_input_if,gaussian,3,42.360000,/scratch/gs14/sl9144/qcfs_checkpoints/cifar100-checkpoints/vgg16_L[16]_mneablate_cifar100_weight_decay_weights_only_rcnone_seed43_L16_trainT0.pth,/home/595/sl9144/codes/snn_simulation/important_results/cifar100_vgg16_four_regs_sigma0_3_5seed/cifar100/mneablate_cifar100_weight_decay_weights_only_rcnone_seed43_L16_trainT0/noise_sweep_matrix_cifar100_vgg16_T16_mode_rate_uniform_schedule_normal_seed_43.csv
cifar100,vgg16,weight_decay_weights_only,weight_decay_conv_linear_only,weight_decay_weights_only,none,none,0.0005,44,16,0,16,rate_uniform,normal,post_input_if,gaussian,0,64.170000,/scratch/gs14/sl9144/qcfs_checkpoints/cifar100-checkpoints/vgg16_L[16]_mneablate_cifar100_weight_decay_weights_only_rcnone_seed44_L16_trainT0.pth,/home/595/sl9144/codes/snn_simulation/important_results/cifar100_vgg16_four_regs_sigma0_3_5seed/cifar100/mneablate_cifar100_weight_decay_weights_only_rcnone_seed44_L16_trainT0/noise_sweep_matrix_cifar100_vgg16_T16_mode_rate_uniform_schedule_normal_seed_44.csv
cifar100,vgg16,weight_decay_weights_only,weight_decay_conv_linear_only,weight_decay_weights_only,none,none,0.0005,44,16,0,16,rate_uniform,normal,post_input_if,gaussian,0.25,64.190000,/scratch/gs14/sl9144/qcfs_checkpoints/cifar100-checkpoints/vgg16_L[16]_mneablate_cifar100_weight_decay_weights_only_rcnone_seed44_L16_trainT0.pth,/home/595/sl9144/codes/snn_simulation/important_results/cifar100_vgg16_four_regs_sigma0_3_5seed/cifar100/mneablate_cifar100_weight_decay_weights_only_rcnone_seed44_L16_trainT0/noise_sweep_matrix_cifar100_vgg16_T16_mode_rate_uniform_schedule_normal_seed_44.csv
cifar100,vgg16,weight_decay_weights_only,weight_decay_conv_linear_only,weight_decay_weights_only,none,none,0.0005,44,16,0,16,rate_uniform,normal,post_input_if,gaussian,0.5,63.960000,/scratch/gs14/sl9144/qcfs_checkpoints/cifar100-checkpoints/vgg16_L[16]_mneablate_cifar100_weight_decay_weights_only_rcnone_seed44_L16_trainT0.pth,/home/595/sl9144/codes/snn_simulation/important_results/cifar100_vgg16_four_regs_sigma0_3_5seed/cifar100/mneablate_cifar100_weight_decay_weights_only_rcnone_seed44_L16_trainT0/noise_sweep_matrix_cifar100_vgg16_T16_mode_rate_uniform_schedule_normal_seed_44.csv
cifar100,vgg16,weight_decay_weights_only,weight_decay_conv_linear_only,weight_decay_weights_only,none,none,0.0005,44,16,0,16,rate_uniform,normal,post_input_if,gaussian,0.75,64.050000,/scratch/gs14/sl9144/qcfs_checkpoints/cifar100-checkpoints/vgg16_L[16]_mneablate_cifar100_weight_decay_weights_only_rcnone_seed44_L16_trainT0.pth,/home/595/sl9144/codes/snn_simulation/important_results/cifar100_vgg16_four_regs_sigma0_3_5seed/cifar100/mneablate_cifar100_weight_decay_weights_only_rcnone_seed44_L16_trainT0/noise_sweep_matrix_cifar100_vgg16_T16_mode_rate_uniform_schedule_normal_seed_44.csv
cifar100,vgg16,weight_decay_weights_only,weight_decay_conv_linear_only,weight_decay_weights_only,none,none,0.0005,44,16,0,16,rate_uniform,normal,post_input_if,gaussian,1,64.060000,/scratch/gs14/sl9144/qcfs_checkpoints/cifar100-checkpoints/vgg16_L[16]_mneablate_cifar100_weight_decay_weights_only_rcnone_seed44_L16_trainT0.pth,/home/595/sl9144/codes/snn_simulation/important_results/cifar100_vgg16_four_regs_sigma0_3_5seed/cifar100/mneablate_cifar100_weight_decay_weights_only_rcnone_seed44_L16_trainT0/noise_sweep_matrix_cifar100_vgg16_T16_mode_rate_uniform_schedule_normal_seed_44.csv
cifar100,vgg16,weight_decay_weights_only,weight_decay_conv_linear_only,weight_decay_weights_only,none,none,0.0005,44,16,0,16,rate_uniform,normal,post_input_if,gaussian,1.25,63.670000,/scratch/gs14/sl9144/qcfs_checkpoints/cifar100-checkpoints/vgg16_L[16]_mneablate_cifar100_weight_decay_weights_only_rcnone_seed44_L16_trainT0.pth,/home/595/sl9144/codes/snn_simulation/important_results/cifar100_vgg16_four_regs_sigma0_3_5seed/cifar100/mneablate_cifar100_weight_decay_weights_only_rcnone_seed44_L16_trainT0/noise_sweep_matrix_cifar100_vgg16_T16_mode_rate_uniform_schedule_normal_seed_44.csv
cifar100,vgg16,weight_decay_weights_only,weight_decay_conv_linear_only,weight_decay_weights_only,none,none,0.0005,44,16,0,16,rate_uniform,normal,post_input_if,gaussian,1.5,63.050000,/scratch/gs14/sl9144/qcfs_checkpoints/cifar100-checkpoints/vgg16_L[16]_mneablate_cifar100_weight_decay_weights_only_rcnone_seed44_L16_trainT0.pth,/home/595/sl9144/codes/snn_simulation/important_results/cifar100_vgg16_four_regs_sigma0_3_5seed/cifar100/mneablate_cifar100_weight_decay_weights_only_rcnone_seed44_L16_trainT0/noise_sweep_matrix_cifar100_vgg16_T16_mode_rate_uniform_schedule_normal_seed_44.csv
cifar100,vgg16,weight_decay_weights_only,weight_decay_conv_linear_only,weight_decay_weights_only,none,none,0.0005,44,16,0,16,rate_uniform,normal,post_input_if,gaussian,1.75,62.520000,/scratch/gs14/sl9144/qcfs_checkpoints/cifar100-checkpoints/vgg16_L[16]_mneablate_cifar100_weight_decay_weights_only_rcnone_seed44_L16_trainT0.pth,/home/595/sl9144/codes/snn_simulation/important_results/cifar100_vgg16_four_regs_sigma0_3_5seed/cifar100/mneablate_cifar100_weight_decay_weights_only_rcnone_seed44_L16_trainT0/noise_sweep_matrix_cifar100_vgg16_T16_mode_rate_uniform_schedule_normal_seed_44.csv
cifar100,vgg16,weight_decay_weights_only,weight_decay_conv_linear_only,weight_decay_weights_only,none,none,0.0005,44,16,0,16,rate_uniform,normal,post_input_if,gaussian,2,60.730000,/scratch/gs14/sl9144/qcfs_checkpoints/cifar100-checkpoints/vgg16_L[16]_mneablate_cifar100_weight_decay_weights_only_rcnone_seed44_L16_trainT0.pth,/home/595/sl9144/codes/snn_simulation/important_results/cifar100_vgg16_four_regs_sigma0_3_5seed/cifar100/mneablate_cifar100_weight_decay_weights_only_rcnone_seed44_L16_trainT0/noise_sweep_matrix_cifar100_vgg16_T16_mode_rate_uniform_schedule_normal_seed_44.csv
cifar100,vgg16,weight_decay_weights_only,weight_decay_conv_linear_only,weight_decay_weights_only,none,none,0.0005,44,16,0,16,rate_uniform,normal,post_input_if,gaussian,2.25,58.070000,/scratch/gs14/sl9144/qcfs_checkpoints/cifar100-checkpoints/vgg16_L[16]_mneablate_cifar100_weight_decay_weights_only_rcnone_seed44_L16_trainT0.pth,/home/595/sl9144/codes/snn_simulation/important_results/cifar100_vgg16_four_regs_sigma0_3_5seed/cifar100/mneablate_cifar100_weight_decay_weights_only_rcnone_seed44_L16_trainT0/noise_sweep_matrix_cifar100_vgg16_T16_mode_rate_uniform_schedule_normal_seed_44.csv
cifar100,vgg16,weight_decay_weights_only,weight_decay_conv_linear_only,weight_decay_weights_only,none,none,0.0005,44,16,0,16,rate_uniform,normal,post_input_if,gaussian,2.5,54.330000,/scratch/gs14/sl9144/qcfs_checkpoints/cifar100-checkpoints/vgg16_L[16]_mneablate_cifar100_weight_decay_weights_only_rcnone_seed44_L16_trainT0.pth,/home/595/sl9144/codes/snn_simulation/important_results/cifar100_vgg16_four_regs_sigma0_3_5seed/cifar100/mneablate_cifar100_weight_decay_weights_only_rcnone_seed44_L16_trainT0/noise_sweep_matrix_cifar100_vgg16_T16_mode_rate_uniform_schedule_normal_seed_44.csv
cifar100,vgg16,weight_decay_weights_only,weight_decay_conv_linear_only,weight_decay_weights_only,none,none,0.0005,44,16,0,16,rate_uniform,normal,post_input_if,gaussian,2.75,49.660000,/scratch/gs14/sl9144/qcfs_checkpoints/cifar100-checkpoints/vgg16_L[16]_mneablate_cifar100_weight_decay_weights_only_rcnone_seed44_L16_trainT0.pth,/home/595/sl9144/codes/snn_simulation/important_results/cifar100_vgg16_four_regs_sigma0_3_5seed/cifar100/mneablate_cifar100_weight_decay_weights_only_rcnone_seed44_L16_trainT0/noise_sweep_matrix_cifar100_vgg16_T16_mode_rate_uniform_schedule_normal_seed_44.csv
cifar100,vgg16,weight_decay_weights_only,weight_decay_conv_linear_only,weight_decay_weights_only,none,none,0.0005,44,16,0,16,rate_uniform,normal,post_input_if,gaussian,3,42.880000,/scratch/gs14/sl9144/qcfs_checkpoints/cifar100-checkpoints/vgg16_L[16]_mneablate_cifar100_weight_decay_weights_only_rcnone_seed44_L16_trainT0.pth,/home/595/sl9144/codes/snn_simulation/important_results/cifar100_vgg16_four_regs_sigma0_3_5seed/cifar100/mneablate_cifar100_weight_decay_weights_only_rcnone_seed44_L16_trainT0/noise_sweep_matrix_cifar100_vgg16_T16_mode_rate_uniform_schedule_normal_seed_44.csv
cifar100,vgg16,l1,l1_rc1e-5,l1,1e-05,none,0.0,40,16,0,16,rate_uniform,normal,post_input_if,gaussian,0,53.160000,/scratch/gs14/sl9144/qcfs_checkpoints/cifar100-checkpoints/vgg16_L[16]_mneablate_cifar100_l1_rc1em05_seed40_L16_trainT0.pth,/home/595/sl9144/codes/snn_simulation/important_results/cifar100_vgg16_four_regs_sigma0_3_5seed/cifar100/mneablate_cifar100_l1_rc1em05_seed40_L16_trainT0/noise_sweep_matrix_cifar100_vgg16_T16_mode_rate_uniform_schedule_normal_seed_40.csv
cifar100,vgg16,l1,l1_rc1e-5,l1,1e-05,none,0.0,40,16,0,16,rate_uniform,normal,post_input_if,gaussian,0.25,53.080000,/scratch/gs14/sl9144/qcfs_checkpoints/cifar100-checkpoints/vgg16_L[16]_mneablate_cifar100_l1_rc1em05_seed40_L16_trainT0.pth,/home/595/sl9144/codes/snn_simulation/important_results/cifar100_vgg16_four_regs_sigma0_3_5seed/cifar100/mneablate_cifar100_l1_rc1em05_seed40_L16_trainT0/noise_sweep_matrix_cifar100_vgg16_T16_mode_rate_uniform_schedule_normal_seed_40.csv
cifar100,vgg16,l1,l1_rc1e-5,l1,1e-05,none,0.0,40,16,0,16,rate_uniform,normal,post_input_if,gaussian,0.5,53.070000,/scratch/gs14/sl9144/qcfs_checkpoints/cifar100-checkpoints/vgg16_L[16]_mneablate_cifar100_l1_rc1em05_seed40_L16_trainT0.pth,/home/595/sl9144/codes/snn_simulation/important_results/cifar100_vgg16_four_regs_sigma0_3_5seed/cifar100/mneablate_cifar100_l1_rc1em05_seed40_L16_trainT0/noise_sweep_matrix_cifar100_vgg16_T16_mode_rate_uniform_schedule_normal_seed_40.csv
cifar100,vgg16,l1,l1_rc1e-5,l1,1e-05,none,0.0,40,16,0,16,rate_uniform,normal,post_input_if,gaussian,0.75,52.940000,/scratch/gs14/sl9144/qcfs_checkpoints/cifar100-checkpoints/vgg16_L[16]_mneablate_cifar100_l1_rc1em05_seed40_L16_trainT0.pth,/home/595/sl9144/codes/snn_simulation/important_results/cifar100_vgg16_four_regs_sigma0_3_5seed/cifar100/mneablate_cifar100_l1_rc1em05_seed40_L16_trainT0/noise_sweep_matrix_cifar100_vgg16_T16_mode_rate_uniform_schedule_normal_seed_40.csv
cifar100,vgg16,l1,l1_rc1e-5,l1,1e-05,none,0.0,40,16,0,16,rate_uniform,normal,post_input_if,gaussian,1,53.040000,/scratch/gs14/sl9144/qcfs_checkpoints/cifar100-checkpoints/vgg16_L[16]_mneablate_cifar100_l1_rc1em05_seed40_L16_trainT0.pth,/home/595/sl9144/codes/snn_simulation/important_results/cifar100_vgg16_four_regs_sigma0_3_5seed/cifar100/mneablate_cifar100_l1_rc1em05_seed40_L16_trainT0/noise_sweep_matrix_cifar100_vgg16_T16_mode_rate_uniform_schedule_normal_seed_40.csv
cifar100,vgg16,l1,l1_rc1e-5,l1,1e-05,none,0.0,40,16,0,16,rate_uniform,normal,post_input_if,gaussian,1.25,52.570000,/scratch/gs14/sl9144/qcfs_checkpoints/cifar100-checkpoints/vgg16_L[16]_mneablate_cifar100_l1_rc1em05_seed40_L16_trainT0.pth,/home/595/sl9144/codes/snn_simulation/important_results/cifar100_vgg16_four_regs_sigma0_3_5seed/cifar100/mneablate_cifar100_l1_rc1em05_seed40_L16_trainT0/noise_sweep_matrix_cifar100_vgg16_T16_mode_rate_uniform_schedule_normal_seed_40.csv
cifar100,vgg16,l1,l1_rc1e-5,l1,1e-05,none,0.0,40,16,0,16,rate_uniform,normal,post_input_if,gaussian,1.5,52.270000,/scratch/gs14/sl9144/qcfs_checkpoints/cifar100-checkpoints/vgg16_L[16]_mneablate_cifar100_l1_rc1em05_seed40_L16_trainT0.pth,/home/595/sl9144/codes/snn_simulation/important_results/cifar100_vgg16_four_regs_sigma0_3_5seed/cifar100/mneablate_cifar100_l1_rc1em05_seed40_L16_trainT0/noise_sweep_matrix_cifar100_vgg16_T16_mode_rate_uniform_schedule_normal_seed_40.csv
cifar100,vgg16,l1,l1_rc1e-5,l1,1e-05,none,0.0,40,16,0,16,rate_uniform,normal,post_input_if,gaussian,1.75,51.660000,/scratch/gs14/sl9144/qcfs_checkpoints/cifar100-checkpoints/vgg16_L[16]_mneablate_cifar100_l1_rc1em05_seed40_L16_trainT0.pth,/home/595/sl9144/codes/snn_simulation/important_results/cifar100_vgg16_four_regs_sigma0_3_5seed/cifar100/mneablate_cifar100_l1_rc1em05_seed40_L16_trainT0/noise_sweep_matrix_cifar100_vgg16_T16_mode_rate_uniform_schedule_normal_seed_40.csv
cifar100,vgg16,l1,l1_rc1e-5,l1,1e-05,none,0.0,40,16,0,16,rate_uniform,normal,post_input_if,gaussian,2,50.860000,/scratch/gs14/sl9144/qcfs_checkpoints/cifar100-checkpoints/vgg16_L[16]_mneablate_cifar100_l1_rc1em05_seed40_L16_trainT0.pth,/home/595/sl9144/codes/snn_simulation/important_results/cifar100_vgg16_four_regs_sigma0_3_5seed/cifar100/mneablate_cifar100_l1_rc1em05_seed40_L16_trainT0/noise_sweep_matrix_cifar100_vgg16_T16_mode_rate_uniform_schedule_normal_seed_40.csv
cifar100,vgg16,l1,l1_rc1e-5,l1,1e-05,none,0.0,40,16,0,16,rate_uniform,normal,post_input_if,gaussian,2.25,49.500000,/scratch/gs14/sl9144/qcfs_checkpoints/cifar100-checkpoints/vgg16_L[16]_mneablate_cifar100_l1_rc1em05_seed40_L16_trainT0.pth,/home/595/sl9144/codes/snn_simulation/important_results/cifar100_vgg16_four_regs_sigma0_3_5seed/cifar100/mneablate_cifar100_l1_rc1em05_seed40_L16_trainT0/noise_sweep_matrix_cifar100_vgg16_T16_mode_rate_uniform_schedule_normal_seed_40.csv
cifar100,vgg16,l1,l1_rc1e-5,l1,1e-05,none,0.0,40,16,0,16,rate_uniform,normal,post_input_if,gaussian,2.5,48.040000,/scratch/gs14/sl9144/qcfs_checkpoints/cifar100-checkpoints/vgg16_L[16]_mneablate_cifar100_l1_rc1em05_seed40_L16_trainT0.pth,/home/595/sl9144/codes/snn_simulation/important_results/cifar100_vgg16_four_regs_sigma0_3_5seed/cifar100/mneablate_cifar100_l1_rc1em05_seed40_L16_trainT0/noise_sweep_matrix_cifar100_vgg16_T16_mode_rate_uniform_schedule_normal_seed_40.csv
cifar100,vgg16,l1,l1_rc1e-5,l1,1e-05,none,0.0,40,16,0,16,rate_uniform,normal,post_input_if,gaussian,2.75,45.780000,/scratch/gs14/sl9144/qcfs_checkpoints/cifar100-checkpoints/vgg16_L[16]_mneablate_cifar100_l1_rc1em05_seed40_L16_trainT0.pth,/home/595/sl9144/codes/snn_simulation/important_results/cifar100_vgg16_four_regs_sigma0_3_5seed/cifar100/mneablate_cifar100_l1_rc1em05_seed40_L16_trainT0/noise_sweep_matrix_cifar100_vgg16_T16_mode_rate_uniform_schedule_normal_seed_40.csv
cifar100,vgg16,l1,l1_rc1e-5,l1,1e-05,none,0.0,40,16,0,16,rate_uniform,normal,post_input_if,gaussian,3,42.980000,/scratch/gs14/sl9144/qcfs_checkpoints/cifar100-checkpoints/vgg16_L[16]_mneablate_cifar100_l1_rc1em05_seed40_L16_trainT0.pth,/home/595/sl9144/codes/snn_simulation/important_results/cifar100_vgg16_four_regs_sigma0_3_5seed/cifar100/mneablate_cifar100_l1_rc1em05_seed40_L16_trainT0/noise_sweep_matrix_cifar100_vgg16_T16_mode_rate_uniform_schedule_normal_seed_40.csv
cifar100,vgg16,l1,l1_rc1e-5,l1,1e-05,none,0.0,41,16,0,16,rate_uniform,normal,post_input_if,gaussian,0,52.570000,/scratch/gs14/sl9144/qcfs_checkpoints/cifar100-checkpoints/vgg16_L[16]_mneablate_cifar100_l1_rc1em05_seed41_L16_trainT0.pth,/home/595/sl9144/codes/snn_simulation/important_results/cifar100_vgg16_four_regs_sigma0_3_5seed/cifar100/mneablate_cifar100_l1_rc1em05_seed41_L16_trainT0/noise_sweep_matrix_cifar100_vgg16_T16_mode_rate_uniform_schedule_normal_seed_41.csv
cifar100,vgg16,l1,l1_rc1e-5,l1,1e-05,none,0.0,41,16,0,16,rate_uniform,normal,post_input_if,gaussian,0.25,52.570000,/scratch/gs14/sl9144/qcfs_checkpoints/cifar100-checkpoints/vgg16_L[16]_mneablate_cifar100_l1_rc1em05_seed41_L16_trainT0.pth,/home/595/sl9144/codes/snn_simulation/important_results/cifar100_vgg16_four_regs_sigma0_3_5seed/cifar100/mneablate_cifar100_l1_rc1em05_seed41_L16_trainT0/noise_sweep_matrix_cifar100_vgg16_T16_mode_rate_uniform_schedule_normal_seed_41.csv
cifar100,vgg16,l1,l1_rc1e-5,l1,1e-05,none,0.0,41,16,0,16,rate_uniform,normal,post_input_if,gaussian,0.5,52.510000,/scratch/gs14/sl9144/qcfs_checkpoints/cifar100-checkpoints/vgg16_L[16]_mneablate_cifar100_l1_rc1em05_seed41_L16_trainT0.pth,/home/595/sl9144/codes/snn_simulation/important_results/cifar100_vgg16_four_regs_sigma0_3_5seed/cifar100/mneablate_cifar100_l1_rc1em05_seed41_L16_trainT0/noise_sweep_matrix_cifar100_vgg16_T16_mode_rate_uniform_schedule_normal_seed_41.csv
cifar100,vgg16,l1,l1_rc1e-5,l1,1e-05,none,0.0,41,16,0,16,rate_uniform,normal,post_input_if,gaussian,0.75,52.530000,/scratch/gs14/sl9144/qcfs_checkpoints/cifar100-checkpoints/vgg16_L[16]_mneablate_cifar100_l1_rc1em05_seed41_L16_trainT0.pth,/home/595/sl9144/codes/snn_simulation/important_results/cifar100_vgg16_four_regs_sigma0_3_5seed/cifar100/mneablate_cifar100_l1_rc1em05_seed41_L16_trainT0/noise_sweep_matrix_cifar100_vgg16_T16_mode_rate_uniform_schedule_normal_seed_41.csv
cifar100,vgg16,l1,l1_rc1e-5,l1,1e-05,none,0.0,41,16,0,16,rate_uniform,normal,post_input_if,gaussian,1,52.730000,/scratch/gs14/sl9144/qcfs_checkpoints/cifar100-checkpoints/vgg16_L[16]_mneablate_cifar100_l1_rc1em05_seed41_L16_trainT0.pth,/home/595/sl9144/codes/snn_simulation/important_results/cifar100_vgg16_four_regs_sigma0_3_5seed/cifar100/mneablate_cifar100_l1_rc1em05_seed41_L16_trainT0/noise_sweep_matrix_cifar100_vgg16_T16_mode_rate_uniform_schedule_normal_seed_41.csv
cifar100,vgg16,l1,l1_rc1e-5,l1,1e-05,none,0.0,41,16,0,16,rate_uniform,normal,post_input_if,gaussian,1.25,52.340000,/scratch/gs14/sl9144/qcfs_checkpoints/cifar100-checkpoints/vgg16_L[16]_mneablate_cifar100_l1_rc1em05_seed41_L16_trainT0.pth,/home/595/sl9144/codes/snn_simulation/important_results/cifar100_vgg16_four_regs_sigma0_3_5seed/cifar100/mneablate_cifar100_l1_rc1em05_seed41_L16_trainT0/noise_sweep_matrix_cifar100_vgg16_T16_mode_rate_uniform_schedule_normal_seed_41.csv
cifar100,vgg16,l1,l1_rc1e-5,l1,1e-05,none,0.0,41,16,0,16,rate_uniform,normal,post_input_if,gaussian,1.5,52.130000,/scratch/gs14/sl9144/qcfs_checkpoints/cifar100-checkpoints/vgg16_L[16]_mneablate_cifar100_l1_rc1em05_seed41_L16_trainT0.pth,/home/595/sl9144/codes/snn_simulation/important_results/cifar100_vgg16_four_regs_sigma0_3_5seed/cifar100/mneablate_cifar100_l1_rc1em05_seed41_L16_trainT0/noise_sweep_matrix_cifar100_vgg16_T16_mode_rate_uniform_schedule_normal_seed_41.csv
cifar100,vgg16,l1,l1_rc1e-5,l1,1e-05,none,0.0,41,16,0,16,rate_uniform,normal,post_input_if,gaussian,1.75,52.000000,/scratch/gs14/sl9144/qcfs_checkpoints/cifar100-checkpoints/vgg16_L[16]_mneablate_cifar100_l1_rc1em05_seed41_L16_trainT0.pth,/home/595/sl9144/codes/snn_simulation/important_results/cifar100_vgg16_four_regs_sigma0_3_5seed/cifar100/mneablate_cifar100_l1_rc1em05_seed41_L16_trainT0/noise_sweep_matrix_cifar100_vgg16_T16_mode_rate_uniform_schedule_normal_seed_41.csv
cifar100,vgg16,l1,l1_rc1e-5,l1,1e-05,none,0.0,41,16,0,16,rate_uniform,normal,post_input_if,gaussian,2,51.680000,/scratch/gs14/sl9144/qcfs_checkpoints/cifar100-checkpoints/vgg16_L[16]_mneablate_cifar100_l1_rc1em05_seed41_L16_trainT0.pth,/home/595/sl9144/codes/snn_simulation/important_results/cifar100_vgg16_four_regs_sigma0_3_5seed/cifar100/mneablate_cifar100_l1_rc1em05_seed41_L16_trainT0/noise_sweep_matrix_cifar100_vgg16_T16_mode_rate_uniform_schedule_normal_seed_41.csv
cifar100,vgg16,l1,l1_rc1e-5,l1,1e-05,none,0.0,41,16,0,16,rate_uniform,normal,post_input_if,gaussian,2.25,50.650000,/scratch/gs14/sl9144/qcfs_checkpoints/cifar100-checkpoints/vgg16_L[16]_mneablate_cifar100_l1_rc1em05_seed41_L16_trainT0.pth,/home/595/sl9144/codes/snn_simulation/important_results/cifar100_vgg16_four_regs_sigma0_3_5seed/cifar100/mneablate_cifar100_l1_rc1em05_seed41_L16_trainT0/noise_sweep_matrix_cifar100_vgg16_T16_mode_rate_uniform_schedule_normal_seed_41.csv
cifar100,vgg16,l1,l1_rc1e-5,l1,1e-05,none,0.0,41,16,0,16,rate_uniform,normal,post_input_if,gaussian,2.5,49.590000,/scratch/gs14/sl9144/qcfs_checkpoints/cifar100-checkpoints/vgg16_L[16]_mneablate_cifar100_l1_rc1em05_seed41_L16_trainT0.pth,/home/595/sl9144/codes/snn_simulation/important_results/cifar100_vgg16_four_regs_sigma0_3_5seed/cifar100/mneablate_cifar100_l1_rc1em05_seed41_L16_trainT0/noise_sweep_matrix_cifar100_vgg16_T16_mode_rate_uniform_schedule_normal_seed_41.csv
cifar100,vgg16,l1,l1_rc1e-5,l1,1e-05,none,0.0,41,16,0,16,rate_uniform,normal,post_input_if,gaussian,2.75,48.090000,/scratch/gs14/sl9144/qcfs_checkpoints/cifar100-checkpoints/vgg16_L[16]_mneablate_cifar100_l1_rc1em05_seed41_L16_trainT0.pth,/home/595/sl9144/codes/snn_simulation/important_results/cifar100_vgg16_four_regs_sigma0_3_5seed/cifar100/mneablate_cifar100_l1_rc1em05_seed41_L16_trainT0/noise_sweep_matrix_cifar100_vgg16_T16_mode_rate_uniform_schedule_normal_seed_41.csv
cifar100,vgg16,l1,l1_rc1e-5,l1,1e-05,none,0.0,41,16,0,16,rate_uniform,normal,post_input_if,gaussian,3,46.530000,/scratch/gs14/sl9144/qcfs_checkpoints/cifar100-checkpoints/vgg16_L[16]_mneablate_cifar100_l1_rc1em05_seed41_L16_trainT0.pth,/home/595/sl9144/codes/snn_simulation/important_results/cifar100_vgg16_four_regs_sigma0_3_5seed/cifar100/mneablate_cifar100_l1_rc1em05_seed41_L16_trainT0/noise_sweep_matrix_cifar100_vgg16_T16_mode_rate_uniform_schedule_normal_seed_41.csv
cifar100,vgg16,l1,l1_rc1e-5,l1,1e-05,none,0.0,42,16,0,16,rate_uniform,normal,post_input_if,gaussian,0,53.340000,/scratch/gs14/sl9144/qcfs_checkpoints/cifar100-checkpoints/vgg16_L[16]_mneablate_cifar100_l1_rc1em05_seed42_L16_trainT0.pth,/home/595/sl9144/codes/snn_simulation/important_results/cifar100_vgg16_four_regs_sigma0_3_5seed/cifar100/mneablate_cifar100_l1_rc1em05_seed42_L16_trainT0/noise_sweep_matrix_cifar100_vgg16_T16_mode_rate_uniform_schedule_normal_seed_42.csv
cifar100,vgg16,l1,l1_rc1e-5,l1,1e-05,none,0.0,42,16,0,16,rate_uniform,normal,post_input_if,gaussian,0.25,53.240000,/scratch/gs14/sl9144/qcfs_checkpoints/cifar100-checkpoints/vgg16_L[16]_mneablate_cifar100_l1_rc1em05_seed42_L16_trainT0.pth,/home/595/sl9144/codes/snn_simulation/important_results/cifar100_vgg16_four_regs_sigma0_3_5seed/cifar100/mneablate_cifar100_l1_rc1em05_seed42_L16_trainT0/noise_sweep_matrix_cifar100_vgg16_T16_mode_rate_uniform_schedule_normal_seed_42.csv
cifar100,vgg16,l1,l1_rc1e-5,l1,1e-05,none,0.0,42,16,0,16,rate_uniform,normal,post_input_if,gaussian,0.5,53.410000,/scratch/gs14/sl9144/qcfs_checkpoints/cifar100-checkpoints/vgg16_L[16]_mneablate_cifar100_l1_rc1em05_seed42_L16_trainT0.pth,/home/595/sl9144/codes/snn_simulation/important_results/cifar100_vgg16_four_regs_sigma0_3_5seed/cifar100/mneablate_cifar100_l1_rc1em05_seed42_L16_trainT0/noise_sweep_matrix_cifar100_vgg16_T16_mode_rate_uniform_schedule_normal_seed_42.csv
cifar100,vgg16,l1,l1_rc1e-5,l1,1e-05,none,0.0,42,16,0,16,rate_uniform,normal,post_input_if,gaussian,0.75,53.320000,/scratch/gs14/sl9144/qcfs_checkpoints/cifar100-checkpoints/vgg16_L[16]_mneablate_cifar100_l1_rc1em05_seed42_L16_trainT0.pth,/home/595/sl9144/codes/snn_simulation/important_results/cifar100_vgg16_four_regs_sigma0_3_5seed/cifar100/mneablate_cifar100_l1_rc1em05_seed42_L16_trainT0/noise_sweep_matrix_cifar100_vgg16_T16_mode_rate_uniform_schedule_normal_seed_42.csv
cifar100,vgg16,l1,l1_rc1e-5,l1,1e-05,none,0.0,42,16,0,16,rate_uniform,normal,post_input_if,gaussian,1,53.270000,/scratch/gs14/sl9144/qcfs_checkpoints/cifar100-checkpoints/vgg16_L[16]_mneablate_cifar100_l1_rc1em05_seed42_L16_trainT0.pth,/home/595/sl9144/codes/snn_simulation/important_results/cifar100_vgg16_four_regs_sigma0_3_5seed/cifar100/mneablate_cifar100_l1_rc1em05_seed42_L16_trainT0/noise_sweep_matrix_cifar100_vgg16_T16_mode_rate_uniform_schedule_normal_seed_42.csv
cifar100,vgg16,l1,l1_rc1e-5,l1,1e-05,none,0.0,42,16,0,16,rate_uniform,normal,post_input_if,gaussian,1.25,52.930000,/scratch/gs14/sl9144/qcfs_checkpoints/cifar100-checkpoints/vgg16_L[16]_mneablate_cifar100_l1_rc1em05_seed42_L16_trainT0.pth,/home/595/sl9144/codes/snn_simulation/important_results/cifar100_vgg16_four_regs_sigma0_3_5seed/cifar100/mneablate_cifar100_l1_rc1em05_seed42_L16_trainT0/noise_sweep_matrix_cifar100_vgg16_T16_mode_rate_uniform_schedule_normal_seed_42.csv
cifar100,vgg16,l1,l1_rc1e-5,l1,1e-05,none,0.0,42,16,0,16,rate_uniform,normal,post_input_if,gaussian,1.5,52.460000,/scratch/gs14/sl9144/qcfs_checkpoints/cifar100-checkpoints/vgg16_L[16]_mneablate_cifar100_l1_rc1em05_seed42_L16_trainT0.pth,/home/595/sl9144/codes/snn_simulation/important_results/cifar100_vgg16_four_regs_sigma0_3_5seed/cifar100/mneablate_cifar100_l1_rc1em05_seed42_L16_trainT0/noise_sweep_matrix_cifar100_vgg16_T16_mode_rate_uniform_schedule_normal_seed_42.csv
cifar100,vgg16,l1,l1_rc1e-5,l1,1e-05,none,0.0,42,16,0,16,rate_uniform,normal,post_input_if,gaussian,1.75,52.180000,/scratch/gs14/sl9144/qcfs_checkpoints/cifar100-checkpoints/vgg16_L[16]_mneablate_cifar100_l1_rc1em05_seed42_L16_trainT0.pth,/home/595/sl9144/codes/snn_simulation/important_results/cifar100_vgg16_four_regs_sigma0_3_5seed/cifar100/mneablate_cifar100_l1_rc1em05_seed42_L16_trainT0/noise_sweep_matrix_cifar100_vgg16_T16_mode_rate_uniform_schedule_normal_seed_42.csv
cifar100,vgg16,l1,l1_rc1e-5,l1,1e-05,none,0.0,42,16,0,16,rate_uniform,normal,post_input_if,gaussian,2,51.360000,/scratch/gs14/sl9144/qcfs_checkpoints/cifar100-checkpoints/vgg16_L[16]_mneablate_cifar100_l1_rc1em05_seed42_L16_trainT0.pth,/home/595/sl9144/codes/snn_simulation/important_results/cifar100_vgg16_four_regs_sigma0_3_5seed/cifar100/mneablate_cifar100_l1_rc1em05_seed42_L16_trainT0/noise_sweep_matrix_cifar100_vgg16_T16_mode_rate_uniform_schedule_normal_seed_42.csv
cifar100,vgg16,l1,l1_rc1e-5,l1,1e-05,none,0.0,42,16,0,16,rate_uniform,normal,post_input_if,gaussian,2.25,49.690000,/scratch/gs14/sl9144/qcfs_checkpoints/cifar100-checkpoints/vgg16_L[16]_mneablate_cifar100_l1_rc1em05_seed42_L16_trainT0.pth,/home/595/sl9144/codes/snn_simulation/important_results/cifar100_vgg16_four_regs_sigma0_3_5seed/cifar100/mneablate_cifar100_l1_rc1em05_seed42_L16_trainT0/noise_sweep_matrix_cifar100_vgg16_T16_mode_rate_uniform_schedule_normal_seed_42.csv
cifar100,vgg16,l1,l1_rc1e-5,l1,1e-05,none,0.0,42,16,0,16,rate_uniform,normal,post_input_if,gaussian,2.5,47.780000,/scratch/gs14/sl9144/qcfs_checkpoints/cifar100-checkpoints/vgg16_L[16]_mneablate_cifar100_l1_rc1em05_seed42_L16_trainT0.pth,/home/595/sl9144/codes/snn_simulation/important_results/cifar100_vgg16_four_regs_sigma0_3_5seed/cifar100/mneablate_cifar100_l1_rc1em05_seed42_L16_trainT0/noise_sweep_matrix_cifar100_vgg16_T16_mode_rate_uniform_schedule_normal_seed_42.csv
cifar100,vgg16,l1,l1_rc1e-5,l1,1e-05,none,0.0,42,16,0,16,rate_uniform,normal,post_input_if,gaussian,2.75,46.150000,/scratch/gs14/sl9144/qcfs_checkpoints/cifar100-checkpoints/vgg16_L[16]_mneablate_cifar100_l1_rc1em05_seed42_L16_trainT0.pth,/home/595/sl9144/codes/snn_simulation/important_results/cifar100_vgg16_four_regs_sigma0_3_5seed/cifar100/mneablate_cifar100_l1_rc1em05_seed42_L16_trainT0/noise_sweep_matrix_cifar100_vgg16_T16_mode_rate_uniform_schedule_normal_seed_42.csv
cifar100,vgg16,l1,l1_rc1e-5,l1,1e-05,none,0.0,42,16,0,16,rate_uniform,normal,post_input_if,gaussian,3,43.630000,/scratch/gs14/sl9144/qcfs_checkpoints/cifar100-checkpoints/vgg16_L[16]_mneablate_cifar100_l1_rc1em05_seed42_L16_trainT0.pth,/home/595/sl9144/codes/snn_simulation/important_results/cifar100_vgg16_four_regs_sigma0_3_5seed/cifar100/mneablate_cifar100_l1_rc1em05_seed42_L16_trainT0/noise_sweep_matrix_cifar100_vgg16_T16_mode_rate_uniform_schedule_normal_seed_42.csv
cifar100,vgg16,l1,l1_rc1e-5,l1,1e-05,none,0.0,43,16,0,16,rate_uniform,normal,post_input_if,gaussian,0,52.370000,/scratch/gs14/sl9144/qcfs_checkpoints/cifar100-checkpoints/vgg16_L[16]_mneablate_cifar100_l1_rc1em05_seed43_L16_trainT0.pth,/home/595/sl9144/codes/snn_simulation/important_results/cifar100_vgg16_four_regs_sigma0_3_5seed/cifar100/mneablate_cifar100_l1_rc1em05_seed43_L16_trainT0/noise_sweep_matrix_cifar100_vgg16_T16_mode_rate_uniform_schedule_normal_seed_43.csv
cifar100,vgg16,l1,l1_rc1e-5,l1,1e-05,none,0.0,43,16,0,16,rate_uniform,normal,post_input_if,gaussian,0.25,52.170000,/scratch/gs14/sl9144/qcfs_checkpoints/cifar100-checkpoints/vgg16_L[16]_mneablate_cifar100_l1_rc1em05_seed43_L16_trainT0.pth,/home/595/sl9144/codes/snn_simulation/important_results/cifar100_vgg16_four_regs_sigma0_3_5seed/cifar100/mneablate_cifar100_l1_rc1em05_seed43_L16_trainT0/noise_sweep_matrix_cifar100_vgg16_T16_mode_rate_uniform_schedule_normal_seed_43.csv
cifar100,vgg16,l1,l1_rc1e-5,l1,1e-05,none,0.0,43,16,0,16,rate_uniform,normal,post_input_if,gaussian,0.5,52.560000,/scratch/gs14/sl9144/qcfs_checkpoints/cifar100-checkpoints/vgg16_L[16]_mneablate_cifar100_l1_rc1em05_seed43_L16_trainT0.pth,/home/595/sl9144/codes/snn_simulation/important_results/cifar100_vgg16_four_regs_sigma0_3_5seed/cifar100/mneablate_cifar100_l1_rc1em05_seed43_L16_trainT0/noise_sweep_matrix_cifar100_vgg16_T16_mode_rate_uniform_schedule_normal_seed_43.csv
cifar100,vgg16,l1,l1_rc1e-5,l1,1e-05,none,0.0,43,16,0,16,rate_uniform,normal,post_input_if,gaussian,0.75,52.420000,/scratch/gs14/sl9144/qcfs_checkpoints/cifar100-checkpoints/vgg16_L[16]_mneablate_cifar100_l1_rc1em05_seed43_L16_trainT0.pth,/home/595/sl9144/codes/snn_simulation/important_results/cifar100_vgg16_four_regs_sigma0_3_5seed/cifar100/mneablate_cifar100_l1_rc1em05_seed43_L16_trainT0/noise_sweep_matrix_cifar100_vgg16_T16_mode_rate_uniform_schedule_normal_seed_43.csv
cifar100,vgg16,l1,l1_rc1e-5,l1,1e-05,none,0.0,43,16,0,16,rate_uniform,normal,post_input_if,gaussian,1,52.360000,/scratch/gs14/sl9144/qcfs_checkpoints/cifar100-checkpoints/vgg16_L[16]_mneablate_cifar100_l1_rc1em05_seed43_L16_trainT0.pth,/home/595/sl9144/codes/snn_simulation/important_results/cifar100_vgg16_four_regs_sigma0_3_5seed/cifar100/mneablate_cifar100_l1_rc1em05_seed43_L16_trainT0/noise_sweep_matrix_cifar100_vgg16_T16_mode_rate_uniform_schedule_normal_seed_43.csv
cifar100,vgg16,l1,l1_rc1e-5,l1,1e-05,none,0.0,43,16,0,16,rate_uniform,normal,post_input_if,gaussian,1.25,52.250000,/scratch/gs14/sl9144/qcfs_checkpoints/cifar100-checkpoints/vgg16_L[16]_mneablate_cifar100_l1_rc1em05_seed43_L16_trainT0.pth,/home/595/sl9144/codes/snn_simulation/important_results/cifar100_vgg16_four_regs_sigma0_3_5seed/cifar100/mneablate_cifar100_l1_rc1em05_seed43_L16_trainT0/noise_sweep_matrix_cifar100_vgg16_T16_mode_rate_uniform_schedule_normal_seed_43.csv
cifar100,vgg16,l1,l1_rc1e-5,l1,1e-05,none,0.0,43,16,0,16,rate_uniform,normal,post_input_if,gaussian,1.5,51.730000,/scratch/gs14/sl9144/qcfs_checkpoints/cifar100-checkpoints/vgg16_L[16]_mneablate_cifar100_l1_rc1em05_seed43_L16_trainT0.pth,/home/595/sl9144/codes/snn_simulation/important_results/cifar100_vgg16_four_regs_sigma0_3_5seed/cifar100/mneablate_cifar100_l1_rc1em05_seed43_L16_trainT0/noise_sweep_matrix_cifar100_vgg16_T16_mode_rate_uniform_schedule_normal_seed_43.csv
cifar100,vgg16,l1,l1_rc1e-5,l1,1e-05,none,0.0,43,16,0,16,rate_uniform,normal,post_input_if,gaussian,1.75,51.430000,/scratch/gs14/sl9144/qcfs_checkpoints/cifar100-checkpoints/vgg16_L[16]_mneablate_cifar100_l1_rc1em05_seed43_L16_trainT0.pth,/home/595/sl9144/codes/snn_simulation/important_results/cifar100_vgg16_four_regs_sigma0_3_5seed/cifar100/mneablate_cifar100_l1_rc1em05_seed43_L16_trainT0/noise_sweep_matrix_cifar100_vgg16_T16_mode_rate_uniform_schedule_normal_seed_43.csv
cifar100,vgg16,l1,l1_rc1e-5,l1,1e-05,none,0.0,43,16,0,16,rate_uniform,normal,post_input_if,gaussian,2,50.290000,/scratch/gs14/sl9144/qcfs_checkpoints/cifar100-checkpoints/vgg16_L[16]_mneablate_cifar100_l1_rc1em05_seed43_L16_trainT0.pth,/home/595/sl9144/codes/snn_simulation/important_results/cifar100_vgg16_four_regs_sigma0_3_5seed/cifar100/mneablate_cifar100_l1_rc1em05_seed43_L16_trainT0/noise_sweep_matrix_cifar100_vgg16_T16_mode_rate_uniform_schedule_normal_seed_43.csv
cifar100,vgg16,l1,l1_rc1e-5,l1,1e-05,none,0.0,43,16,0,16,rate_uniform,normal,post_input_if,gaussian,2.25,49.610000,/scratch/gs14/sl9144/qcfs_checkpoints/cifar100-checkpoints/vgg16_L[16]_mneablate_cifar100_l1_rc1em05_seed43_L16_trainT0.pth,/home/595/sl9144/codes/snn_simulation/important_results/cifar100_vgg16_four_regs_sigma0_3_5seed/cifar100/mneablate_cifar100_l1_rc1em05_seed43_L16_trainT0/noise_sweep_matrix_cifar100_vgg16_T16_mode_rate_uniform_schedule_normal_seed_43.csv
cifar100,vgg16,l1,l1_rc1e-5,l1,1e-05,none,0.0,43,16,0,16,rate_uniform,normal,post_input_if,gaussian,2.5,47.930000,/scratch/gs14/sl9144/qcfs_checkpoints/cifar100-checkpoints/vgg16_L[16]_mneablate_cifar100_l1_rc1em05_seed43_L16_trainT0.pth,/home/595/sl9144/codes/snn_simulation/important_results/cifar100_vgg16_four_regs_sigma0_3_5seed/cifar100/mneablate_cifar100_l1_rc1em05_seed43_L16_trainT0/noise_sweep_matrix_cifar100_vgg16_T16_mode_rate_uniform_schedule_normal_seed_43.csv
cifar100,vgg16,l1,l1_rc1e-5,l1,1e-05,none,0.0,43,16,0,16,rate_uniform,normal,post_input_if,gaussian,2.75,46.220000,/scratch/gs14/sl9144/qcfs_checkpoints/cifar100-checkpoints/vgg16_L[16]_mneablate_cifar100_l1_rc1em05_seed43_L16_trainT0.pth,/home/595/sl9144/codes/snn_simulation/important_results/cifar100_vgg16_four_regs_sigma0_3_5seed/cifar100/mneablate_cifar100_l1_rc1em05_seed43_L16_trainT0/noise_sweep_matrix_cifar100_vgg16_T16_mode_rate_uniform_schedule_normal_seed_43.csv
cifar100,vgg16,l1,l1_rc1e-5,l1,1e-05,none,0.0,43,16,0,16,rate_uniform,normal,post_input_if,gaussian,3,44.040000,/scratch/gs14/sl9144/qcfs_checkpoints/cifar100-checkpoints/vgg16_L[16]_mneablate_cifar100_l1_rc1em05_seed43_L16_trainT0.pth,/home/595/sl9144/codes/snn_simulation/important_results/cifar100_vgg16_four_regs_sigma0_3_5seed/cifar100/mneablate_cifar100_l1_rc1em05_seed43_L16_trainT0/noise_sweep_matrix_cifar100_vgg16_T16_mode_rate_uniform_schedule_normal_seed_43.csv
cifar100,vgg16,l1,l1_rc1e-5,l1,1e-05,none,0.0,44,16,0,16,rate_uniform,normal,post_input_if,gaussian,0,54.230000,/scratch/gs14/sl9144/qcfs_checkpoints/cifar100-checkpoints/vgg16_L[16]_mneablate_cifar100_l1_rc1em05_seed44_L16_trainT0.pth,/home/595/sl9144/codes/snn_simulation/important_results/cifar100_vgg16_four_regs_sigma0_3_5seed/cifar100/mneablate_cifar100_l1_rc1em05_seed44_L16_trainT0/noise_sweep_matrix_cifar100_vgg16_T16_mode_rate_uniform_schedule_normal_seed_44.csv
cifar100,vgg16,l1,l1_rc1e-5,l1,1e-05,none,0.0,44,16,0,16,rate_uniform,normal,post_input_if,gaussian,0.25,54.120000,/scratch/gs14/sl9144/qcfs_checkpoints/cifar100-checkpoints/vgg16_L[16]_mneablate_cifar100_l1_rc1em05_seed44_L16_trainT0.pth,/home/595/sl9144/codes/snn_simulation/important_results/cifar100_vgg16_four_regs_sigma0_3_5seed/cifar100/mneablate_cifar100_l1_rc1em05_seed44_L16_trainT0/noise_sweep_matrix_cifar100_vgg16_T16_mode_rate_uniform_schedule_normal_seed_44.csv
cifar100,vgg16,l1,l1_rc1e-5,l1,1e-05,none,0.0,44,16,0,16,rate_uniform,normal,post_input_if,gaussian,0.5,54.030000,/scratch/gs14/sl9144/qcfs_checkpoints/cifar100-checkpoints/vgg16_L[16]_mneablate_cifar100_l1_rc1em05_seed44_L16_trainT0.pth,/home/595/sl9144/codes/snn_simulation/important_results/cifar100_vgg16_four_regs_sigma0_3_5seed/cifar100/mneablate_cifar100_l1_rc1em05_seed44_L16_trainT0/noise_sweep_matrix_cifar100_vgg16_T16_mode_rate_uniform_schedule_normal_seed_44.csv
cifar100,vgg16,l1,l1_rc1e-5,l1,1e-05,none,0.0,44,16,0,16,rate_uniform,normal,post_input_if,gaussian,0.75,53.940000,/scratch/gs14/sl9144/qcfs_checkpoints/cifar100-checkpoints/vgg16_L[16]_mneablate_cifar100_l1_rc1em05_seed44_L16_trainT0.pth,/home/595/sl9144/codes/snn_simulation/important_results/cifar100_vgg16_four_regs_sigma0_3_5seed/cifar100/mneablate_cifar100_l1_rc1em05_seed44_L16_trainT0/noise_sweep_matrix_cifar100_vgg16_T16_mode_rate_uniform_schedule_normal_seed_44.csv
cifar100,vgg16,l1,l1_rc1e-5,l1,1e-05,none,0.0,44,16,0,16,rate_uniform,normal,post_input_if,gaussian,1,54.280000,/scratch/gs14/sl9144/qcfs_checkpoints/cifar100-checkpoints/vgg16_L[16]_mneablate_cifar100_l1_rc1em05_seed44_L16_trainT0.pth,/home/595/sl9144/codes/snn_simulation/important_results/cifar100_vgg16_four_regs_sigma0_3_5seed/cifar100/mneablate_cifar100_l1_rc1em05_seed44_L16_trainT0/noise_sweep_matrix_cifar100_vgg16_T16_mode_rate_uniform_schedule_normal_seed_44.csv
cifar100,vgg16,l1,l1_rc1e-5,l1,1e-05,none,0.0,44,16,0,16,rate_uniform,normal,post_input_if,gaussian,1.25,53.900000,/scratch/gs14/sl9144/qcfs_checkpoints/cifar100-checkpoints/vgg16_L[16]_mneablate_cifar100_l1_rc1em05_seed44_L16_trainT0.pth,/home/595/sl9144/codes/snn_simulation/important_results/cifar100_vgg16_four_regs_sigma0_3_5seed/cifar100/mneablate_cifar100_l1_rc1em05_seed44_L16_trainT0/noise_sweep_matrix_cifar100_vgg16_T16_mode_rate_uniform_schedule_normal_seed_44.csv
cifar100,vgg16,l1,l1_rc1e-5,l1,1e-05,none,0.0,44,16,0,16,rate_uniform,normal,post_input_if,gaussian,1.5,53.720000,/scratch/gs14/sl9144/qcfs_checkpoints/cifar100-checkpoints/vgg16_L[16]_mneablate_cifar100_l1_rc1em05_seed44_L16_trainT0.pth,/home/595/sl9144/codes/snn_simulation/important_results/cifar100_vgg16_four_regs_sigma0_3_5seed/cifar100/mneablate_cifar100_l1_rc1em05_seed44_L16_trainT0/noise_sweep_matrix_cifar100_vgg16_T16_mode_rate_uniform_schedule_normal_seed_44.csv
cifar100,vgg16,l1,l1_rc1e-5,l1,1e-05,none,0.0,44,16,0,16,rate_uniform,normal,post_input_if,gaussian,1.75,53.130000,/scratch/gs14/sl9144/qcfs_checkpoints/cifar100-checkpoints/vgg16_L[16]_mneablate_cifar100_l1_rc1em05_seed44_L16_trainT0.pth,/home/595/sl9144/codes/snn_simulation/important_results/cifar100_vgg16_four_regs_sigma0_3_5seed/cifar100/mneablate_cifar100_l1_rc1em05_seed44_L16_trainT0/noise_sweep_matrix_cifar100_vgg16_T16_mode_rate_uniform_schedule_normal_seed_44.csv
cifar100,vgg16,l1,l1_rc1e-5,l1,1e-05,none,0.0,44,16,0,16,rate_uniform,normal,post_input_if,gaussian,2,52.370000,/scratch/gs14/sl9144/qcfs_checkpoints/cifar100-checkpoints/vgg16_L[16]_mneablate_cifar100_l1_rc1em05_seed44_L16_trainT0.pth,/home/595/sl9144/codes/snn_simulation/important_results/cifar100_vgg16_four_regs_sigma0_3_5seed/cifar100/mneablate_cifar100_l1_rc1em05_seed44_L16_trainT0/noise_sweep_matrix_cifar100_vgg16_T16_mode_rate_uniform_schedule_normal_seed_44.csv
cifar100,vgg16,l1,l1_rc1e-5,l1,1e-05,none,0.0,44,16,0,16,rate_uniform,normal,post_input_if,gaussian,2.25,52.200000,/scratch/gs14/sl9144/qcfs_checkpoints/cifar100-checkpoints/vgg16_L[16]_mneablate_cifar100_l1_rc1em05_seed44_L16_trainT0.pth,/home/595/sl9144/codes/snn_simulation/important_results/cifar100_vgg16_four_regs_sigma0_3_5seed/cifar100/mneablate_cifar100_l1_rc1em05_seed44_L16_trainT0/noise_sweep_matrix_cifar100_vgg16_T16_mode_rate_uniform_schedule_normal_seed_44.csv
cifar100,vgg16,l1,l1_rc1e-5,l1,1e-05,none,0.0,44,16,0,16,rate_uniform,normal,post_input_if,gaussian,2.5,51.230000,/scratch/gs14/sl9144/qcfs_checkpoints/cifar100-checkpoints/vgg16_L[16]_mneablate_cifar100_l1_rc1em05_seed44_L16_trainT0.pth,/home/595/sl9144/codes/snn_simulation/important_results/cifar100_vgg16_four_regs_sigma0_3_5seed/cifar100/mneablate_cifar100_l1_rc1em05_seed44_L16_trainT0/noise_sweep_matrix_cifar100_vgg16_T16_mode_rate_uniform_schedule_normal_seed_44.csv
cifar100,vgg16,l1,l1_rc1e-5,l1,1e-05,none,0.0,44,16,0,16,rate_uniform,normal,post_input_if,gaussian,2.75,50.350000,/scratch/gs14/sl9144/qcfs_checkpoints/cifar100-checkpoints/vgg16_L[16]_mneablate_cifar100_l1_rc1em05_seed44_L16_trainT0.pth,/home/595/sl9144/codes/snn_simulation/important_results/cifar100_vgg16_four_regs_sigma0_3_5seed/cifar100/mneablate_cifar100_l1_rc1em05_seed44_L16_trainT0/noise_sweep_matrix_cifar100_vgg16_T16_mode_rate_uniform_schedule_normal_seed_44.csv
cifar100,vgg16,l1,l1_rc1e-5,l1,1e-05,none,0.0,44,16,0,16,rate_uniform,normal,post_input_if,gaussian,3,49.460000,/scratch/gs14/sl9144/qcfs_checkpoints/cifar100-checkpoints/vgg16_L[16]_mneablate_cifar100_l1_rc1em05_seed44_L16_trainT0.pth,/home/595/sl9144/codes/snn_simulation/important_results/cifar100_vgg16_four_regs_sigma0_3_5seed/cifar100/mneablate_cifar100_l1_rc1em05_seed44_L16_trainT0/noise_sweep_matrix_cifar100_vgg16_T16_mode_rate_uniform_schedule_normal_seed_44.csv
cifar100,vgg16,old_detach,old_mne_detach_lambda,mne_l2,0.0001,none,0.0,40,16,0,16,rate_uniform,normal,post_input_if,gaussian,0,59.830000,/scratch/gs14/sl9144/qcfs_checkpoints/cifar100-checkpoints/vgg16_L[16]_mneablate_cifar100_old_detach_rc0p0001_seed40_L16_trainT0.pth,/home/595/sl9144/codes/snn_simulation/important_results/cifar100_vgg16_four_regs_sigma0_3_5seed/cifar100/mneablate_cifar100_old_detach_rc0p0001_seed40_L16_trainT0/noise_sweep_matrix_cifar100_vgg16_T16_mode_rate_uniform_schedule_normal_seed_40.csv
cifar100,vgg16,old_detach,old_mne_detach_lambda,mne_l2,0.0001,none,0.0,40,16,0,16,rate_uniform,normal,post_input_if,gaussian,0.25,59.900000,/scratch/gs14/sl9144/qcfs_checkpoints/cifar100-checkpoints/vgg16_L[16]_mneablate_cifar100_old_detach_rc0p0001_seed40_L16_trainT0.pth,/home/595/sl9144/codes/snn_simulation/important_results/cifar100_vgg16_four_regs_sigma0_3_5seed/cifar100/mneablate_cifar100_old_detach_rc0p0001_seed40_L16_trainT0/noise_sweep_matrix_cifar100_vgg16_T16_mode_rate_uniform_schedule_normal_seed_40.csv
cifar100,vgg16,old_detach,old_mne_detach_lambda,mne_l2,0.0001,none,0.0,40,16,0,16,rate_uniform,normal,post_input_if,gaussian,0.5,59.880000,/scratch/gs14/sl9144/qcfs_checkpoints/cifar100-checkpoints/vgg16_L[16]_mneablate_cifar100_old_detach_rc0p0001_seed40_L16_trainT0.pth,/home/595/sl9144/codes/snn_simulation/important_results/cifar100_vgg16_four_regs_sigma0_3_5seed/cifar100/mneablate_cifar100_old_detach_rc0p0001_seed40_L16_trainT0/noise_sweep_matrix_cifar100_vgg16_T16_mode_rate_uniform_schedule_normal_seed_40.csv
cifar100,vgg16,old_detach,old_mne_detach_lambda,mne_l2,0.0001,none,0.0,40,16,0,16,rate_uniform,normal,post_input_if,gaussian,0.75,59.960000,/scratch/gs14/sl9144/qcfs_checkpoints/cifar100-checkpoints/vgg16_L[16]_mneablate_cifar100_old_detach_rc0p0001_seed40_L16_trainT0.pth,/home/595/sl9144/codes/snn_simulation/important_results/cifar100_vgg16_four_regs_sigma0_3_5seed/cifar100/mneablate_cifar100_old_detach_rc0p0001_seed40_L16_trainT0/noise_sweep_matrix_cifar100_vgg16_T16_mode_rate_uniform_schedule_normal_seed_40.csv
cifar100,vgg16,old_detach,old_mne_detach_lambda,mne_l2,0.0001,none,0.0,40,16,0,16,rate_uniform,normal,post_input_if,gaussian,1,59.820000,/scratch/gs14/sl9144/qcfs_checkpoints/cifar100-checkpoints/vgg16_L[16]_mneablate_cifar100_old_detach_rc0p0001_seed40_L16_trainT0.pth,/home/595/sl9144/codes/snn_simulation/important_results/cifar100_vgg16_four_regs_sigma0_3_5seed/cifar100/mneablate_cifar100_old_detach_rc0p0001_seed40_L16_trainT0/noise_sweep_matrix_cifar100_vgg16_T16_mode_rate_uniform_schedule_normal_seed_40.csv
cifar100,vgg16,old_detach,old_mne_detach_lambda,mne_l2,0.0001,none,0.0,40,16,0,16,rate_uniform,normal,post_input_if,gaussian,1.25,59.570000,/scratch/gs14/sl9144/qcfs_checkpoints/cifar100-checkpoints/vgg16_L[16]_mneablate_cifar100_old_detach_rc0p0001_seed40_L16_trainT0.pth,/home/595/sl9144/codes/snn_simulation/important_results/cifar100_vgg16_four_regs_sigma0_3_5seed/cifar100/mneablate_cifar100_old_detach_rc0p0001_seed40_L16_trainT0/noise_sweep_matrix_cifar100_vgg16_T16_mode_rate_uniform_schedule_normal_seed_40.csv
cifar100,vgg16,old_detach,old_mne_detach_lambda,mne_l2,0.0001,none,0.0,40,16,0,16,rate_uniform,normal,post_input_if,gaussian,1.5,59.360000,/scratch/gs14/sl9144/qcfs_checkpoints/cifar100-checkpoints/vgg16_L[16]_mneablate_cifar100_old_detach_rc0p0001_seed40_L16_trainT0.pth,/home/595/sl9144/codes/snn_simulation/important_results/cifar100_vgg16_four_regs_sigma0_3_5seed/cifar100/mneablate_cifar100_old_detach_rc0p0001_seed40_L16_trainT0/noise_sweep_matrix_cifar100_vgg16_T16_mode_rate_uniform_schedule_normal_seed_40.csv
cifar100,vgg16,old_detach,old_mne_detach_lambda,mne_l2,0.0001,none,0.0,40,16,0,16,rate_uniform,normal,post_input_if,gaussian,1.75,58.990000,/scratch/gs14/sl9144/qcfs_checkpoints/cifar100-checkpoints/vgg16_L[16]_mneablate_cifar100_old_detach_rc0p0001_seed40_L16_trainT0.pth,/home/595/sl9144/codes/snn_simulation/important_results/cifar100_vgg16_four_regs_sigma0_3_5seed/cifar100/mneablate_cifar100_old_detach_rc0p0001_seed40_L16_trainT0/noise_sweep_matrix_cifar100_vgg16_T16_mode_rate_uniform_schedule_normal_seed_40.csv
cifar100,vgg16,old_detach,old_mne_detach_lambda,mne_l2,0.0001,none,0.0,40,16,0,16,rate_uniform,normal,post_input_if,gaussian,2,58.750000,/scratch/gs14/sl9144/qcfs_checkpoints/cifar100-checkpoints/vgg16_L[16]_mneablate_cifar100_old_detach_rc0p0001_seed40_L16_trainT0.pth,/home/595/sl9144/codes/snn_simulation/important_results/cifar100_vgg16_four_regs_sigma0_3_5seed/cifar100/mneablate_cifar100_old_detach_rc0p0001_seed40_L16_trainT0/noise_sweep_matrix_cifar100_vgg16_T16_mode_rate_uniform_schedule_normal_seed_40.csv
cifar100,vgg16,old_detach,old_mne_detach_lambda,mne_l2,0.0001,none,0.0,40,16,0,16,rate_uniform,normal,post_input_if,gaussian,2.25,58.170000,/scratch/gs14/sl9144/qcfs_checkpoints/cifar100-checkpoints/vgg16_L[16]_mneablate_cifar100_old_detach_rc0p0001_seed40_L16_trainT0.pth,/home/595/sl9144/codes/snn_simulation/important_results/cifar100_vgg16_four_regs_sigma0_3_5seed/cifar100/mneablate_cifar100_old_detach_rc0p0001_seed40_L16_trainT0/noise_sweep_matrix_cifar100_vgg16_T16_mode_rate_uniform_schedule_normal_seed_40.csv
cifar100,vgg16,old_detach,old_mne_detach_lambda,mne_l2,0.0001,none,0.0,40,16,0,16,rate_uniform,normal,post_input_if,gaussian,2.5,57.000000,/scratch/gs14/sl9144/qcfs_checkpoints/cifar100-checkpoints/vgg16_L[16]_mneablate_cifar100_old_detach_rc0p0001_seed40_L16_trainT0.pth,/home/595/sl9144/codes/snn_simulation/important_results/cifar100_vgg16_four_regs_sigma0_3_5seed/cifar100/mneablate_cifar100_old_detach_rc0p0001_seed40_L16_trainT0/noise_sweep_matrix_cifar100_vgg16_T16_mode_rate_uniform_schedule_normal_seed_40.csv
cifar100,vgg16,old_detach,old_mne_detach_lambda,mne_l2,0.0001,none,0.0,40,16,0,16,rate_uniform,normal,post_input_if,gaussian,2.75,55.950000,/scratch/gs14/sl9144/qcfs_checkpoints/cifar100-checkpoints/vgg16_L[16]_mneablate_cifar100_old_detach_rc0p0001_seed40_L16_trainT0.pth,/home/595/sl9144/codes/snn_simulation/important_results/cifar100_vgg16_four_regs_sigma0_3_5seed/cifar100/mneablate_cifar100_old_detach_rc0p0001_seed40_L16_trainT0/noise_sweep_matrix_cifar100_vgg16_T16_mode_rate_uniform_schedule_normal_seed_40.csv
cifar100,vgg16,old_detach,old_mne_detach_lambda,mne_l2,0.0001,none,0.0,40,16,0,16,rate_uniform,normal,post_input_if,gaussian,3,55.140000,/scratch/gs14/sl9144/qcfs_checkpoints/cifar100-checkpoints/vgg16_L[16]_mneablate_cifar100_old_detach_rc0p0001_seed40_L16_trainT0.pth,/home/595/sl9144/codes/snn_simulation/important_results/cifar100_vgg16_four_regs_sigma0_3_5seed/cifar100/mneablate_cifar100_old_detach_rc0p0001_seed40_L16_trainT0/noise_sweep_matrix_cifar100_vgg16_T16_mode_rate_uniform_schedule_normal_seed_40.csv
cifar100,vgg16,old_detach,old_mne_detach_lambda,mne_l2,0.0001,none,0.0,41,16,0,16,rate_uniform,normal,post_input_if,gaussian,0,59.380000,/scratch/gs14/sl9144/qcfs_checkpoints/cifar100-checkpoints/vgg16_L[16]_mneablate_cifar100_old_detach_rc0p0001_seed41_L16_trainT0.pth,/home/595/sl9144/codes/snn_simulation/important_results/cifar100_vgg16_four_regs_sigma0_3_5seed/cifar100/mneablate_cifar100_old_detach_rc0p0001_seed41_L16_trainT0/noise_sweep_matrix_cifar100_vgg16_T16_mode_rate_uniform_schedule_normal_seed_41.csv
cifar100,vgg16,old_detach,old_mne_detach_lambda,mne_l2,0.0001,none,0.0,41,16,0,16,rate_uniform,normal,post_input_if,gaussian,0.25,59.340000,/scratch/gs14/sl9144/qcfs_checkpoints/cifar100-checkpoints/vgg16_L[16]_mneablate_cifar100_old_detach_rc0p0001_seed41_L16_trainT0.pth,/home/595/sl9144/codes/snn_simulation/important_results/cifar100_vgg16_four_regs_sigma0_3_5seed/cifar100/mneablate_cifar100_old_detach_rc0p0001_seed41_L16_trainT0/noise_sweep_matrix_cifar100_vgg16_T16_mode_rate_uniform_schedule_normal_seed_41.csv
cifar100,vgg16,old_detach,old_mne_detach_lambda,mne_l2,0.0001,none,0.0,41,16,0,16,rate_uniform,normal,post_input_if,gaussian,0.5,59.550000,/scratch/gs14/sl9144/qcfs_checkpoints/cifar100-checkpoints/vgg16_L[16]_mneablate_cifar100_old_detach_rc0p0001_seed41_L16_trainT0.pth,/home/595/sl9144/codes/snn_simulation/important_results/cifar100_vgg16_four_regs_sigma0_3_5seed/cifar100/mneablate_cifar100_old_detach_rc0p0001_seed41_L16_trainT0/noise_sweep_matrix_cifar100_vgg16_T16_mode_rate_uniform_schedule_normal_seed_41.csv
cifar100,vgg16,old_detach,old_mne_detach_lambda,mne_l2,0.0001,none,0.0,41,16,0,16,rate_uniform,normal,post_input_if,gaussian,0.75,59.480000,/scratch/gs14/sl9144/qcfs_checkpoints/cifar100-checkpoints/vgg16_L[16]_mneablate_cifar100_old_detach_rc0p0001_seed41_L16_trainT0.pth,/home/595/sl9144/codes/snn_simulation/important_results/cifar100_vgg16_four_regs_sigma0_3_5seed/cifar100/mneablate_cifar100_old_detach_rc0p0001_seed41_L16_trainT0/noise_sweep_matrix_cifar100_vgg16_T16_mode_rate_uniform_schedule_normal_seed_41.csv
cifar100,vgg16,old_detach,old_mne_detach_lambda,mne_l2,0.0001,none,0.0,41,16,0,16,rate_uniform,normal,post_input_if,gaussian,1,59.460000,/scratch/gs14/sl9144/qcfs_checkpoints/cifar100-checkpoints/vgg16_L[16]_mneablate_cifar100_old_detach_rc0p0001_seed41_L16_trainT0.pth,/home/595/sl9144/codes/snn_simulation/important_results/cifar100_vgg16_four_regs_sigma0_3_5seed/cifar100/mneablate_cifar100_old_detach_rc0p0001_seed41_L16_trainT0/noise_sweep_matrix_cifar100_vgg16_T16_mode_rate_uniform_schedule_normal_seed_41.csv
cifar100,vgg16,old_detach,old_mne_detach_lambda,mne_l2,0.0001,none,0.0,41,16,0,16,rate_uniform,normal,post_input_if,gaussian,1.25,59.070000,/scratch/gs14/sl9144/qcfs_checkpoints/cifar100-checkpoints/vgg16_L[16]_mneablate_cifar100_old_detach_rc0p0001_seed41_L16_trainT0.pth,/home/595/sl9144/codes/snn_simulation/important_results/cifar100_vgg16_four_regs_sigma0_3_5seed/cifar100/mneablate_cifar100_old_detach_rc0p0001_seed41_L16_trainT0/noise_sweep_matrix_cifar100_vgg16_T16_mode_rate_uniform_schedule_normal_seed_41.csv
cifar100,vgg16,old_detach,old_mne_detach_lambda,mne_l2,0.0001,none,0.0,41,16,0,16,rate_uniform,normal,post_input_if,gaussian,1.5,59.080000,/scratch/gs14/sl9144/qcfs_checkpoints/cifar100-checkpoints/vgg16_L[16]_mneablate_cifar100_old_detach_rc0p0001_seed41_L16_trainT0.pth,/home/595/sl9144/codes/snn_simulation/important_results/cifar100_vgg16_four_regs_sigma0_3_5seed/cifar100/mneablate_cifar100_old_detach_rc0p0001_seed41_L16_trainT0/noise_sweep_matrix_cifar100_vgg16_T16_mode_rate_uniform_schedule_normal_seed_41.csv
cifar100,vgg16,old_detach,old_mne_detach_lambda,mne_l2,0.0001,none,0.0,41,16,0,16,rate_uniform,normal,post_input_if,gaussian,1.75,58.650000,/scratch/gs14/sl9144/qcfs_checkpoints/cifar100-checkpoints/vgg16_L[16]_mneablate_cifar100_old_detach_rc0p0001_seed41_L16_trainT0.pth,/home/595/sl9144/codes/snn_simulation/important_results/cifar100_vgg16_four_regs_sigma0_3_5seed/cifar100/mneablate_cifar100_old_detach_rc0p0001_seed41_L16_trainT0/noise_sweep_matrix_cifar100_vgg16_T16_mode_rate_uniform_schedule_normal_seed_41.csv
cifar100,vgg16,old_detach,old_mne_detach_lambda,mne_l2,0.0001,none,0.0,41,16,0,16,rate_uniform,normal,post_input_if,gaussian,2,58.160000,/scratch/gs14/sl9144/qcfs_checkpoints/cifar100-checkpoints/vgg16_L[16]_mneablate_cifar100_old_detach_rc0p0001_seed41_L16_trainT0.pth,/home/595/sl9144/codes/snn_simulation/important_results/cifar100_vgg16_four_regs_sigma0_3_5seed/cifar100/mneablate_cifar100_old_detach_rc0p0001_seed41_L16_trainT0/noise_sweep_matrix_cifar100_vgg16_T16_mode_rate_uniform_schedule_normal_seed_41.csv
cifar100,vgg16,old_detach,old_mne_detach_lambda,mne_l2,0.0001,none,0.0,41,16,0,16,rate_uniform,normal,post_input_if,gaussian,2.25,57.590000,/scratch/gs14/sl9144/qcfs_checkpoints/cifar100-checkpoints/vgg16_L[16]_mneablate_cifar100_old_detach_rc0p0001_seed41_L16_trainT0.pth,/home/595/sl9144/codes/snn_simulation/important_results/cifar100_vgg16_four_regs_sigma0_3_5seed/cifar100/mneablate_cifar100_old_detach_rc0p0001_seed41_L16_trainT0/noise_sweep_matrix_cifar100_vgg16_T16_mode_rate_uniform_schedule_normal_seed_41.csv
cifar100,vgg16,old_detach,old_mne_detach_lambda,mne_l2,0.0001,none,0.0,41,16,0,16,rate_uniform,normal,post_input_if,gaussian,2.5,57.220000,/scratch/gs14/sl9144/qcfs_checkpoints/cifar100-checkpoints/vgg16_L[16]_mneablate_cifar100_old_detach_rc0p0001_seed41_L16_trainT0.pth,/home/595/sl9144/codes/snn_simulation/important_results/cifar100_vgg16_four_regs_sigma0_3_5seed/cifar100/mneablate_cifar100_old_detach_rc0p0001_seed41_L16_trainT0/noise_sweep_matrix_cifar100_vgg16_T16_mode_rate_uniform_schedule_normal_seed_41.csv
cifar100,vgg16,old_detach,old_mne_detach_lambda,mne_l2,0.0001,none,0.0,41,16,0,16,rate_uniform,normal,post_input_if,gaussian,2.75,56.090000,/scratch/gs14/sl9144/qcfs_checkpoints/cifar100-checkpoints/vgg16_L[16]_mneablate_cifar100_old_detach_rc0p0001_seed41_L16_trainT0.pth,/home/595/sl9144/codes/snn_simulation/important_results/cifar100_vgg16_four_regs_sigma0_3_5seed/cifar100/mneablate_cifar100_old_detach_rc0p0001_seed41_L16_trainT0/noise_sweep_matrix_cifar100_vgg16_T16_mode_rate_uniform_schedule_normal_seed_41.csv
cifar100,vgg16,old_detach,old_mne_detach_lambda,mne_l2,0.0001,none,0.0,41,16,0,16,rate_uniform,normal,post_input_if,gaussian,3,55.300000,/scratch/gs14/sl9144/qcfs_checkpoints/cifar100-checkpoints/vgg16_L[16]_mneablate_cifar100_old_detach_rc0p0001_seed41_L16_trainT0.pth,/home/595/sl9144/codes/snn_simulation/important_results/cifar100_vgg16_four_regs_sigma0_3_5seed/cifar100/mneablate_cifar100_old_detach_rc0p0001_seed41_L16_trainT0/noise_sweep_matrix_cifar100_vgg16_T16_mode_rate_uniform_schedule_normal_seed_41.csv
cifar100,vgg16,old_detach,old_mne_detach_lambda,mne_l2,0.0001,none,0.0,42,16,0,16,rate_uniform,normal,post_input_if,gaussian,0,59.560000,/scratch/gs14/sl9144/qcfs_checkpoints/cifar100-checkpoints/vgg16_L[16]_mneablate_cifar100_old_detach_rc0p0001_seed42_L16_trainT0.pth,/home/595/sl9144/codes/snn_simulation/important_results/cifar100_vgg16_four_regs_sigma0_3_5seed/cifar100/mneablate_cifar100_old_detach_rc0p0001_seed42_L16_trainT0/noise_sweep_matrix_cifar100_vgg16_T16_mode_rate_uniform_schedule_normal_seed_42.csv
cifar100,vgg16,old_detach,old_mne_detach_lambda,mne_l2,0.0001,none,0.0,42,16,0,16,rate_uniform,normal,post_input_if,gaussian,0.25,59.560000,/scratch/gs14/sl9144/qcfs_checkpoints/cifar100-checkpoints/vgg16_L[16]_mneablate_cifar100_old_detach_rc0p0001_seed42_L16_trainT0.pth,/home/595/sl9144/codes/snn_simulation/important_results/cifar100_vgg16_four_regs_sigma0_3_5seed/cifar100/mneablate_cifar100_old_detach_rc0p0001_seed42_L16_trainT0/noise_sweep_matrix_cifar100_vgg16_T16_mode_rate_uniform_schedule_normal_seed_42.csv
cifar100,vgg16,old_detach,old_mne_detach_lambda,mne_l2,0.0001,none,0.0,42,16,0,16,rate_uniform,normal,post_input_if,gaussian,0.5,59.480000,/scratch/gs14/sl9144/qcfs_checkpoints/cifar100-checkpoints/vgg16_L[16]_mneablate_cifar100_old_detach_rc0p0001_seed42_L16_trainT0.pth,/home/595/sl9144/codes/snn_simulation/important_results/cifar100_vgg16_four_regs_sigma0_3_5seed/cifar100/mneablate_cifar100_old_detach_rc0p0001_seed42_L16_trainT0/noise_sweep_matrix_cifar100_vgg16_T16_mode_rate_uniform_schedule_normal_seed_42.csv
cifar100,vgg16,old_detach,old_mne_detach_lambda,mne_l2,0.0001,none,0.0,42,16,0,16,rate_uniform,normal,post_input_if,gaussian,0.75,59.700000,/scratch/gs14/sl9144/qcfs_checkpoints/cifar100-checkpoints/vgg16_L[16]_mneablate_cifar100_old_detach_rc0p0001_seed42_L16_trainT0.pth,/home/595/sl9144/codes/snn_simulation/important_results/cifar100_vgg16_four_regs_sigma0_3_5seed/cifar100/mneablate_cifar100_old_detach_rc0p0001_seed42_L16_trainT0/noise_sweep_matrix_cifar100_vgg16_T16_mode_rate_uniform_schedule_normal_seed_42.csv
cifar100,vgg16,old_detach,old_mne_detach_lambda,mne_l2,0.0001,none,0.0,42,16,0,16,rate_uniform,normal,post_input_if,gaussian,1,59.690000,/scratch/gs14/sl9144/qcfs_checkpoints/cifar100-checkpoints/vgg16_L[16]_mneablate_cifar100_old_detach_rc0p0001_seed42_L16_trainT0.pth,/home/595/sl9144/codes/snn_simulation/important_results/cifar100_vgg16_four_regs_sigma0_3_5seed/cifar100/mneablate_cifar100_old_detach_rc0p0001_seed42_L16_trainT0/noise_sweep_matrix_cifar100_vgg16_T16_mode_rate_uniform_schedule_normal_seed_42.csv
cifar100,vgg16,old_detach,old_mne_detach_lambda,mne_l2,0.0001,none,0.0,42,16,0,16,rate_uniform,normal,post_input_if,gaussian,1.25,59.720000,/scratch/gs14/sl9144/qcfs_checkpoints/cifar100-checkpoints/vgg16_L[16]_mneablate_cifar100_old_detach_rc0p0001_seed42_L16_trainT0.pth,/home/595/sl9144/codes/snn_simulation/important_results/cifar100_vgg16_four_regs_sigma0_3_5seed/cifar100/mneablate_cifar100_old_detach_rc0p0001_seed42_L16_trainT0/noise_sweep_matrix_cifar100_vgg16_T16_mode_rate_uniform_schedule_normal_seed_42.csv
cifar100,vgg16,old_detach,old_mne_detach_lambda,mne_l2,0.0001,none,0.0,42,16,0,16,rate_uniform,normal,post_input_if,gaussian,1.5,59.000000,/scratch/gs14/sl9144/qcfs_checkpoints/cifar100-checkpoints/vgg16_L[16]_mneablate_cifar100_old_detach_rc0p0001_seed42_L16_trainT0.pth,/home/595/sl9144/codes/snn_simulation/important_results/cifar100_vgg16_four_regs_sigma0_3_5seed/cifar100/mneablate_cifar100_old_detach_rc0p0001_seed42_L16_trainT0/noise_sweep_matrix_cifar100_vgg16_T16_mode_rate_uniform_schedule_normal_seed_42.csv
cifar100,vgg16,old_detach,old_mne_detach_lambda,mne_l2,0.0001,none,0.0,42,16,0,16,rate_uniform,normal,post_input_if,gaussian,1.75,58.920000,/scratch/gs14/sl9144/qcfs_checkpoints/cifar100-checkpoints/vgg16_L[16]_mneablate_cifar100_old_detach_rc0p0001_seed42_L16_trainT0.pth,/home/595/sl9144/codes/snn_simulation/important_results/cifar100_vgg16_four_regs_sigma0_3_5seed/cifar100/mneablate_cifar100_old_detach_rc0p0001_seed42_L16_trainT0/noise_sweep_matrix_cifar100_vgg16_T16_mode_rate_uniform_schedule_normal_seed_42.csv
cifar100,vgg16,old_detach,old_mne_detach_lambda,mne_l2,0.0001,none,0.0,42,16,0,16,rate_uniform,normal,post_input_if,gaussian,2,58.380000,/scratch/gs14/sl9144/qcfs_checkpoints/cifar100-checkpoints/vgg16_L[16]_mneablate_cifar100_old_detach_rc0p0001_seed42_L16_trainT0.pth,/home/595/sl9144/codes/snn_simulation/important_results/cifar100_vgg16_four_regs_sigma0_3_5seed/cifar100/mneablate_cifar100_old_detach_rc0p0001_seed42_L16_trainT0/noise_sweep_matrix_cifar100_vgg16_T16_mode_rate_uniform_schedule_normal_seed_42.csv
cifar100,vgg16,old_detach,old_mne_detach_lambda,mne_l2,0.0001,none,0.0,42,16,0,16,rate_uniform,normal,post_input_if,gaussian,2.25,57.550000,/scratch/gs14/sl9144/qcfs_checkpoints/cifar100-checkpoints/vgg16_L[16]_mneablate_cifar100_old_detach_rc0p0001_seed42_L16_trainT0.pth,/home/595/sl9144/codes/snn_simulation/important_results/cifar100_vgg16_four_regs_sigma0_3_5seed/cifar100/mneablate_cifar100_old_detach_rc0p0001_seed42_L16_trainT0/noise_sweep_matrix_cifar100_vgg16_T16_mode_rate_uniform_schedule_normal_seed_42.csv
cifar100,vgg16,old_detach,old_mne_detach_lambda,mne_l2,0.0001,none,0.0,42,16,0,16,rate_uniform,normal,post_input_if,gaussian,2.5,57.170000,/scratch/gs14/sl9144/qcfs_checkpoints/cifar100-checkpoints/vgg16_L[16]_mneablate_cifar100_old_detach_rc0p0001_seed42_L16_trainT0.pth,/home/595/sl9144/codes/snn_simulation/important_results/cifar100_vgg16_four_regs_sigma0_3_5seed/cifar100/mneablate_cifar100_old_detach_rc0p0001_seed42_L16_trainT0/noise_sweep_matrix_cifar100_vgg16_T16_mode_rate_uniform_schedule_normal_seed_42.csv
cifar100,vgg16,old_detach,old_mne_detach_lambda,mne_l2,0.0001,none,0.0,42,16,0,16,rate_uniform,normal,post_input_if,gaussian,2.75,56.060000,/scratch/gs14/sl9144/qcfs_checkpoints/cifar100-checkpoints/vgg16_L[16]_mneablate_cifar100_old_detach_rc0p0001_seed42_L16_trainT0.pth,/home/595/sl9144/codes/snn_simulation/important_results/cifar100_vgg16_four_regs_sigma0_3_5seed/cifar100/mneablate_cifar100_old_detach_rc0p0001_seed42_L16_trainT0/noise_sweep_matrix_cifar100_vgg16_T16_mode_rate_uniform_schedule_normal_seed_42.csv
cifar100,vgg16,old_detach,old_mne_detach_lambda,mne_l2,0.0001,none,0.0,42,16,0,16,rate_uniform,normal,post_input_if,gaussian,3,55.160000,/scratch/gs14/sl9144/qcfs_checkpoints/cifar100-checkpoints/vgg16_L[16]_mneablate_cifar100_old_detach_rc0p0001_seed42_L16_trainT0.pth,/home/595/sl9144/codes/snn_simulation/important_results/cifar100_vgg16_four_regs_sigma0_3_5seed/cifar100/mneablate_cifar100_old_detach_rc0p0001_seed42_L16_trainT0/noise_sweep_matrix_cifar100_vgg16_T16_mode_rate_uniform_schedule_normal_seed_42.csv
cifar100,vgg16,old_detach,old_mne_detach_lambda,mne_l2,0.0001,none,0.0,43,16,0,16,rate_uniform,normal,post_input_if,gaussian,0,59.450000,/scratch/gs14/sl9144/qcfs_checkpoints/cifar100-checkpoints/vgg16_L[16]_mneablate_cifar100_old_detach_rc0p0001_seed43_L16_trainT0.pth,/home/595/sl9144/codes/snn_simulation/important_results/cifar100_vgg16_four_regs_sigma0_3_5seed/cifar100/mneablate_cifar100_old_detach_rc0p0001_seed43_L16_trainT0/noise_sweep_matrix_cifar100_vgg16_T16_mode_rate_uniform_schedule_normal_seed_43.csv
cifar100,vgg16,old_detach,old_mne_detach_lambda,mne_l2,0.0001,none,0.0,43,16,0,16,rate_uniform,normal,post_input_if,gaussian,0.25,59.500000,/scratch/gs14/sl9144/qcfs_checkpoints/cifar100-checkpoints/vgg16_L[16]_mneablate_cifar100_old_detach_rc0p0001_seed43_L16_trainT0.pth,/home/595/sl9144/codes/snn_simulation/important_results/cifar100_vgg16_four_regs_sigma0_3_5seed/cifar100/mneablate_cifar100_old_detach_rc0p0001_seed43_L16_trainT0/noise_sweep_matrix_cifar100_vgg16_T16_mode_rate_uniform_schedule_normal_seed_43.csv
cifar100,vgg16,old_detach,old_mne_detach_lambda,mne_l2,0.0001,none,0.0,43,16,0,16,rate_uniform,normal,post_input_if,gaussian,0.5,59.280000,/scratch/gs14/sl9144/qcfs_checkpoints/cifar100-checkpoints/vgg16_L[16]_mneablate_cifar100_old_detach_rc0p0001_seed43_L16_trainT0.pth,/home/595/sl9144/codes/snn_simulation/important_results/cifar100_vgg16_four_regs_sigma0_3_5seed/cifar100/mneablate_cifar100_old_detach_rc0p0001_seed43_L16_trainT0/noise_sweep_matrix_cifar100_vgg16_T16_mode_rate_uniform_schedule_normal_seed_43.csv
cifar100,vgg16,old_detach,old_mne_detach_lambda,mne_l2,0.0001,none,0.0,43,16,0,16,rate_uniform,normal,post_input_if,gaussian,0.75,59.260000,/scratch/gs14/sl9144/qcfs_checkpoints/cifar100-checkpoints/vgg16_L[16]_mneablate_cifar100_old_detach_rc0p0001_seed43_L16_trainT0.pth,/home/595/sl9144/codes/snn_simulation/important_results/cifar100_vgg16_four_regs_sigma0_3_5seed/cifar100/mneablate_cifar100_old_detach_rc0p0001_seed43_L16_trainT0/noise_sweep_matrix_cifar100_vgg16_T16_mode_rate_uniform_schedule_normal_seed_43.csv
cifar100,vgg16,old_detach,old_mne_detach_lambda,mne_l2,0.0001,none,0.0,43,16,0,16,rate_uniform,normal,post_input_if,gaussian,1,59.300000,/scratch/gs14/sl9144/qcfs_checkpoints/cifar100-checkpoints/vgg16_L[16]_mneablate_cifar100_old_detach_rc0p0001_seed43_L16_trainT0.pth,/home/595/sl9144/codes/snn_simulation/important_results/cifar100_vgg16_four_regs_sigma0_3_5seed/cifar100/mneablate_cifar100_old_detach_rc0p0001_seed43_L16_trainT0/noise_sweep_matrix_cifar100_vgg16_T16_mode_rate_uniform_schedule_normal_seed_43.csv
cifar100,vgg16,old_detach,old_mne_detach_lambda,mne_l2,0.0001,none,0.0,43,16,0,16,rate_uniform,normal,post_input_if,gaussian,1.25,59.320000,/scratch/gs14/sl9144/qcfs_checkpoints/cifar100-checkpoints/vgg16_L[16]_mneablate_cifar100_old_detach_rc0p0001_seed43_L16_trainT0.pth,/home/595/sl9144/codes/snn_simulation/important_results/cifar100_vgg16_four_regs_sigma0_3_5seed/cifar100/mneablate_cifar100_old_detach_rc0p0001_seed43_L16_trainT0/noise_sweep_matrix_cifar100_vgg16_T16_mode_rate_uniform_schedule_normal_seed_43.csv
cifar100,vgg16,old_detach,old_mne_detach_lambda,mne_l2,0.0001,none,0.0,43,16,0,16,rate_uniform,normal,post_input_if,gaussian,1.5,58.880000,/scratch/gs14/sl9144/qcfs_checkpoints/cifar100-checkpoints/vgg16_L[16]_mneablate_cifar100_old_detach_rc0p0001_seed43_L16_trainT0.pth,/home/595/sl9144/codes/snn_simulation/important_results/cifar100_vgg16_four_regs_sigma0_3_5seed/cifar100/mneablate_cifar100_old_detach_rc0p0001_seed43_L16_trainT0/noise_sweep_matrix_cifar100_vgg16_T16_mode_rate_uniform_schedule_normal_seed_43.csv
cifar100,vgg16,old_detach,old_mne_detach_lambda,mne_l2,0.0001,none,0.0,43,16,0,16,rate_uniform,normal,post_input_if,gaussian,1.75,58.690000,/scratch/gs14/sl9144/qcfs_checkpoints/cifar100-checkpoints/vgg16_L[16]_mneablate_cifar100_old_detach_rc0p0001_seed43_L16_trainT0.pth,/home/595/sl9144/codes/snn_simulation/important_results/cifar100_vgg16_four_regs_sigma0_3_5seed/cifar100/mneablate_cifar100_old_detach_rc0p0001_seed43_L16_trainT0/noise_sweep_matrix_cifar100_vgg16_T16_mode_rate_uniform_schedule_normal_seed_43.csv
cifar100,vgg16,old_detach,old_mne_detach_lambda,mne_l2,0.0001,none,0.0,43,16,0,16,rate_uniform,normal,post_input_if,gaussian,2,57.980000,/scratch/gs14/sl9144/qcfs_checkpoints/cifar100-checkpoints/vgg16_L[16]_mneablate_cifar100_old_detach_rc0p0001_seed43_L16_trainT0.pth,/home/595/sl9144/codes/snn_simulation/important_results/cifar100_vgg16_four_regs_sigma0_3_5seed/cifar100/mneablate_cifar100_old_detach_rc0p0001_seed43_L16_trainT0/noise_sweep_matrix_cifar100_vgg16_T16_mode_rate_uniform_schedule_normal_seed_43.csv
cifar100,vgg16,old_detach,old_mne_detach_lambda,mne_l2,0.0001,none,0.0,43,16,0,16,rate_uniform,normal,post_input_if,gaussian,2.25,57.730000,/scratch/gs14/sl9144/qcfs_checkpoints/cifar100-checkpoints/vgg16_L[16]_mneablate_cifar100_old_detach_rc0p0001_seed43_L16_trainT0.pth,/home/595/sl9144/codes/snn_simulation/important_results/cifar100_vgg16_four_regs_sigma0_3_5seed/cifar100/mneablate_cifar100_old_detach_rc0p0001_seed43_L16_trainT0/noise_sweep_matrix_cifar100_vgg16_T16_mode_rate_uniform_schedule_normal_seed_43.csv
cifar100,vgg16,old_detach,old_mne_detach_lambda,mne_l2,0.0001,none,0.0,43,16,0,16,rate_uniform,normal,post_input_if,gaussian,2.5,57.310000,/scratch/gs14/sl9144/qcfs_checkpoints/cifar100-checkpoints/vgg16_L[16]_mneablate_cifar100_old_detach_rc0p0001_seed43_L16_trainT0.pth,/home/595/sl9144/codes/snn_simulation/important_results/cifar100_vgg16_four_regs_sigma0_3_5seed/cifar100/mneablate_cifar100_old_detach_rc0p0001_seed43_L16_trainT0/noise_sweep_matrix_cifar100_vgg16_T16_mode_rate_uniform_schedule_normal_seed_43.csv
cifar100,vgg16,old_detach,old_mne_detach_lambda,mne_l2,0.0001,none,0.0,43,16,0,16,rate_uniform,normal,post_input_if,gaussian,2.75,55.870000,/scratch/gs14/sl9144/qcfs_checkpoints/cifar100-checkpoints/vgg16_L[16]_mneablate_cifar100_old_detach_rc0p0001_seed43_L16_trainT0.pth,/home/595/sl9144/codes/snn_simulation/important_results/cifar100_vgg16_four_regs_sigma0_3_5seed/cifar100/mneablate_cifar100_old_detach_rc0p0001_seed43_L16_trainT0/noise_sweep_matrix_cifar100_vgg16_T16_mode_rate_uniform_schedule_normal_seed_43.csv
cifar100,vgg16,old_detach,old_mne_detach_lambda,mne_l2,0.0001,none,0.0,43,16,0,16,rate_uniform,normal,post_input_if,gaussian,3,55.090000,/scratch/gs14/sl9144/qcfs_checkpoints/cifar100-checkpoints/vgg16_L[16]_mneablate_cifar100_old_detach_rc0p0001_seed43_L16_trainT0.pth,/home/595/sl9144/codes/snn_simulation/important_results/cifar100_vgg16_four_regs_sigma0_3_5seed/cifar100/mneablate_cifar100_old_detach_rc0p0001_seed43_L16_trainT0/noise_sweep_matrix_cifar100_vgg16_T16_mode_rate_uniform_schedule_normal_seed_43.csv
cifar100,vgg16,old_detach,old_mne_detach_lambda,mne_l2,0.0001,none,0.0,44,16,0,16,rate_uniform,normal,post_input_if,gaussian,0,59.880000,/scratch/gs14/sl9144/qcfs_checkpoints/cifar100-checkpoints/vgg16_L[16]_mneablate_cifar100_old_detach_rc0p0001_seed44_L16_trainT0.pth,/home/595/sl9144/codes/snn_simulation/important_results/cifar100_vgg16_four_regs_sigma0_3_5seed/cifar100/mneablate_cifar100_old_detach_rc0p0001_seed44_L16_trainT0/noise_sweep_matrix_cifar100_vgg16_T16_mode_rate_uniform_schedule_normal_seed_44.csv
cifar100,vgg16,old_detach,old_mne_detach_lambda,mne_l2,0.0001,none,0.0,44,16,0,16,rate_uniform,normal,post_input_if,gaussian,0.25,59.740000,/scratch/gs14/sl9144/qcfs_checkpoints/cifar100-checkpoints/vgg16_L[16]_mneablate_cifar100_old_detach_rc0p0001_seed44_L16_trainT0.pth,/home/595/sl9144/codes/snn_simulation/important_results/cifar100_vgg16_four_regs_sigma0_3_5seed/cifar100/mneablate_cifar100_old_detach_rc0p0001_seed44_L16_trainT0/noise_sweep_matrix_cifar100_vgg16_T16_mode_rate_uniform_schedule_normal_seed_44.csv
cifar100,vgg16,old_detach,old_mne_detach_lambda,mne_l2,0.0001,none,0.0,44,16,0,16,rate_uniform,normal,post_input_if,gaussian,0.5,59.730000,/scratch/gs14/sl9144/qcfs_checkpoints/cifar100-checkpoints/vgg16_L[16]_mneablate_cifar100_old_detach_rc0p0001_seed44_L16_trainT0.pth,/home/595/sl9144/codes/snn_simulation/important_results/cifar100_vgg16_four_regs_sigma0_3_5seed/cifar100/mneablate_cifar100_old_detach_rc0p0001_seed44_L16_trainT0/noise_sweep_matrix_cifar100_vgg16_T16_mode_rate_uniform_schedule_normal_seed_44.csv
cifar100,vgg16,old_detach,old_mne_detach_lambda,mne_l2,0.0001,none,0.0,44,16,0,16,rate_uniform,normal,post_input_if,gaussian,0.75,59.530000,/scratch/gs14/sl9144/qcfs_checkpoints/cifar100-checkpoints/vgg16_L[16]_mneablate_cifar100_old_detach_rc0p0001_seed44_L16_trainT0.pth,/home/595/sl9144/codes/snn_simulation/important_results/cifar100_vgg16_four_regs_sigma0_3_5seed/cifar100/mneablate_cifar100_old_detach_rc0p0001_seed44_L16_trainT0/noise_sweep_matrix_cifar100_vgg16_T16_mode_rate_uniform_schedule_normal_seed_44.csv
cifar100,vgg16,old_detach,old_mne_detach_lambda,mne_l2,0.0001,none,0.0,44,16,0,16,rate_uniform,normal,post_input_if,gaussian,1,59.440000,/scratch/gs14/sl9144/qcfs_checkpoints/cifar100-checkpoints/vgg16_L[16]_mneablate_cifar100_old_detach_rc0p0001_seed44_L16_trainT0.pth,/home/595/sl9144/codes/snn_simulation/important_results/cifar100_vgg16_four_regs_sigma0_3_5seed/cifar100/mneablate_cifar100_old_detach_rc0p0001_seed44_L16_trainT0/noise_sweep_matrix_cifar100_vgg16_T16_mode_rate_uniform_schedule_normal_seed_44.csv
cifar100,vgg16,old_detach,old_mne_detach_lambda,mne_l2,0.0001,none,0.0,44,16,0,16,rate_uniform,normal,post_input_if,gaussian,1.25,59.640000,/scratch/gs14/sl9144/qcfs_checkpoints/cifar100-checkpoints/vgg16_L[16]_mneablate_cifar100_old_detach_rc0p0001_seed44_L16_trainT0.pth,/home/595/sl9144/codes/snn_simulation/important_results/cifar100_vgg16_four_regs_sigma0_3_5seed/cifar100/mneablate_cifar100_old_detach_rc0p0001_seed44_L16_trainT0/noise_sweep_matrix_cifar100_vgg16_T16_mode_rate_uniform_schedule_normal_seed_44.csv
cifar100,vgg16,old_detach,old_mne_detach_lambda,mne_l2,0.0001,none,0.0,44,16,0,16,rate_uniform,normal,post_input_if,gaussian,1.5,59.040000,/scratch/gs14/sl9144/qcfs_checkpoints/cifar100-checkpoints/vgg16_L[16]_mneablate_cifar100_old_detach_rc0p0001_seed44_L16_trainT0.pth,/home/595/sl9144/codes/snn_simulation/important_results/cifar100_vgg16_four_regs_sigma0_3_5seed/cifar100/mneablate_cifar100_old_detach_rc0p0001_seed44_L16_trainT0/noise_sweep_matrix_cifar100_vgg16_T16_mode_rate_uniform_schedule_normal_seed_44.csv
cifar100,vgg16,old_detach,old_mne_detach_lambda,mne_l2,0.0001,none,0.0,44,16,0,16,rate_uniform,normal,post_input_if,gaussian,1.75,59.020000,/scratch/gs14/sl9144/qcfs_checkpoints/cifar100-checkpoints/vgg16_L[16]_mneablate_cifar100_old_detach_rc0p0001_seed44_L16_trainT0.pth,/home/595/sl9144/codes/snn_simulation/important_results/cifar100_vgg16_four_regs_sigma0_3_5seed/cifar100/mneablate_cifar100_old_detach_rc0p0001_seed44_L16_trainT0/noise_sweep_matrix_cifar100_vgg16_T16_mode_rate_uniform_schedule_normal_seed_44.csv
cifar100,vgg16,old_detach,old_mne_detach_lambda,mne_l2,0.0001,none,0.0,44,16,0,16,rate_uniform,normal,post_input_if,gaussian,2,58.650000,/scratch/gs14/sl9144/qcfs_checkpoints/cifar100-checkpoints/vgg16_L[16]_mneablate_cifar100_old_detach_rc0p0001_seed44_L16_trainT0.pth,/home/595/sl9144/codes/snn_simulation/important_results/cifar100_vgg16_four_regs_sigma0_3_5seed/cifar100/mneablate_cifar100_old_detach_rc0p0001_seed44_L16_trainT0/noise_sweep_matrix_cifar100_vgg16_T16_mode_rate_uniform_schedule_normal_seed_44.csv
cifar100,vgg16,old_detach,old_mne_detach_lambda,mne_l2,0.0001,none,0.0,44,16,0,16,rate_uniform,normal,post_input_if,gaussian,2.25,57.990000,/scratch/gs14/sl9144/qcfs_checkpoints/cifar100-checkpoints/vgg16_L[16]_mneablate_cifar100_old_detach_rc0p0001_seed44_L16_trainT0.pth,/home/595/sl9144/codes/snn_simulation/important_results/cifar100_vgg16_four_regs_sigma0_3_5seed/cifar100/mneablate_cifar100_old_detach_rc0p0001_seed44_L16_trainT0/noise_sweep_matrix_cifar100_vgg16_T16_mode_rate_uniform_schedule_normal_seed_44.csv
cifar100,vgg16,old_detach,old_mne_detach_lambda,mne_l2,0.0001,none,0.0,44,16,0,16,rate_uniform,normal,post_input_if,gaussian,2.5,57.260000,/scratch/gs14/sl9144/qcfs_checkpoints/cifar100-checkpoints/vgg16_L[16]_mneablate_cifar100_old_detach_rc0p0001_seed44_L16_trainT0.pth,/home/595/sl9144/codes/snn_simulation/important_results/cifar100_vgg16_four_regs_sigma0_3_5seed/cifar100/mneablate_cifar100_old_detach_rc0p0001_seed44_L16_trainT0/noise_sweep_matrix_cifar100_vgg16_T16_mode_rate_uniform_schedule_normal_seed_44.csv
cifar100,vgg16,old_detach,old_mne_detach_lambda,mne_l2,0.0001,none,0.0,44,16,0,16,rate_uniform,normal,post_input_if,gaussian,2.75,56.320000,/scratch/gs14/sl9144/qcfs_checkpoints/cifar100-checkpoints/vgg16_L[16]_mneablate_cifar100_old_detach_rc0p0001_seed44_L16_trainT0.pth,/home/595/sl9144/codes/snn_simulation/important_results/cifar100_vgg16_four_regs_sigma0_3_5seed/cifar100/mneablate_cifar100_old_detach_rc0p0001_seed44_L16_trainT0/noise_sweep_matrix_cifar100_vgg16_T16_mode_rate_uniform_schedule_normal_seed_44.csv
cifar100,vgg16,old_detach,old_mne_detach_lambda,mne_l2,0.0001,none,0.0,44,16,0,16,rate_uniform,normal,post_input_if,gaussian,3,55.250000,/scratch/gs14/sl9144/qcfs_checkpoints/cifar100-checkpoints/vgg16_L[16]_mneablate_cifar100_old_detach_rc0p0001_seed44_L16_trainT0.pth,/home/595/sl9144/codes/snn_simulation/important_results/cifar100_vgg16_four_regs_sigma0_3_5seed/cifar100/mneablate_cifar100_old_detach_rc0p0001_seed44_L16_trainT0/noise_sweep_matrix_cifar100_vgg16_T16_mode_rate_uniform_schedule_normal_seed_44.csv
cifar100,vgg16,calibrated_mne_a0p1,l2_calibrated_mne_alpha_0p1,calibrated_mne_l2,0.0005,none,0.0,40,16,0,16,rate_uniform,normal,post_input_if,gaussian,0,63.850000,/scratch/gs14/sl9144/qcfs_checkpoints/cifar100-checkpoints/vgg16_L[16]_mneablate_cifar100_calibrated_mne_a0p1_rc0p0005_seed40_L16_trainT0.pth,/home/595/sl9144/codes/snn_simulation/important_results/cifar100_vgg16_four_regs_sigma0_3_5seed/cifar100/mneablate_cifar100_calibrated_mne_a0p1_rc0p0005_seed40_L16_trainT0/noise_sweep_matrix_cifar100_vgg16_T16_mode_rate_uniform_schedule_normal_seed_40.csv
cifar100,vgg16,calibrated_mne_a0p1,l2_calibrated_mne_alpha_0p1,calibrated_mne_l2,0.0005,none,0.0,40,16,0,16,rate_uniform,normal,post_input_if,gaussian,0.25,63.770000,/scratch/gs14/sl9144/qcfs_checkpoints/cifar100-checkpoints/vgg16_L[16]_mneablate_cifar100_calibrated_mne_a0p1_rc0p0005_seed40_L16_trainT0.pth,/home/595/sl9144/codes/snn_simulation/important_results/cifar100_vgg16_four_regs_sigma0_3_5seed/cifar100/mneablate_cifar100_calibrated_mne_a0p1_rc0p0005_seed40_L16_trainT0/noise_sweep_matrix_cifar100_vgg16_T16_mode_rate_uniform_schedule_normal_seed_40.csv
cifar100,vgg16,calibrated_mne_a0p1,l2_calibrated_mne_alpha_0p1,calibrated_mne_l2,0.0005,none,0.0,40,16,0,16,rate_uniform,normal,post_input_if,gaussian,0.5,63.560000,/scratch/gs14/sl9144/qcfs_checkpoints/cifar100-checkpoints/vgg16_L[16]_mneablate_cifar100_calibrated_mne_a0p1_rc0p0005_seed40_L16_trainT0.pth,/home/595/sl9144/codes/snn_simulation/important_results/cifar100_vgg16_four_regs_sigma0_3_5seed/cifar100/mneablate_cifar100_calibrated_mne_a0p1_rc0p0005_seed40_L16_trainT0/noise_sweep_matrix_cifar100_vgg16_T16_mode_rate_uniform_schedule_normal_seed_40.csv
cifar100,vgg16,calibrated_mne_a0p1,l2_calibrated_mne_alpha_0p1,calibrated_mne_l2,0.0005,none,0.0,40,16,0,16,rate_uniform,normal,post_input_if,gaussian,0.75,63.950000,/scratch/gs14/sl9144/qcfs_checkpoints/cifar100-checkpoints/vgg16_L[16]_mneablate_cifar100_calibrated_mne_a0p1_rc0p0005_seed40_L16_trainT0.pth,/home/595/sl9144/codes/snn_simulation/important_results/cifar100_vgg16_four_regs_sigma0_3_5seed/cifar100/mneablate_cifar100_calibrated_mne_a0p1_rc0p0005_seed40_L16_trainT0/noise_sweep_matrix_cifar100_vgg16_T16_mode_rate_uniform_schedule_normal_seed_40.csv
cifar100,vgg16,calibrated_mne_a0p1,l2_calibrated_mne_alpha_0p1,calibrated_mne_l2,0.0005,none,0.0,40,16,0,16,rate_uniform,normal,post_input_if,gaussian,1,63.570000,/scratch/gs14/sl9144/qcfs_checkpoints/cifar100-checkpoints/vgg16_L[16]_mneablate_cifar100_calibrated_mne_a0p1_rc0p0005_seed40_L16_trainT0.pth,/home/595/sl9144/codes/snn_simulation/important_results/cifar100_vgg16_four_regs_sigma0_3_5seed/cifar100/mneablate_cifar100_calibrated_mne_a0p1_rc0p0005_seed40_L16_trainT0/noise_sweep_matrix_cifar100_vgg16_T16_mode_rate_uniform_schedule_normal_seed_40.csv
cifar100,vgg16,calibrated_mne_a0p1,l2_calibrated_mne_alpha_0p1,calibrated_mne_l2,0.0005,none,0.0,40,16,0,16,rate_uniform,normal,post_input_if,gaussian,1.25,63.390000,/scratch/gs14/sl9144/qcfs_checkpoints/cifar100-checkpoints/vgg16_L[16]_mneablate_cifar100_calibrated_mne_a0p1_rc0p0005_seed40_L16_trainT0.pth,/home/595/sl9144/codes/snn_simulation/important_results/cifar100_vgg16_four_regs_sigma0_3_5seed/cifar100/mneablate_cifar100_calibrated_mne_a0p1_rc0p0005_seed40_L16_trainT0/noise_sweep_matrix_cifar100_vgg16_T16_mode_rate_uniform_schedule_normal_seed_40.csv
cifar100,vgg16,calibrated_mne_a0p1,l2_calibrated_mne_alpha_0p1,calibrated_mne_l2,0.0005,none,0.0,40,16,0,16,rate_uniform,normal,post_input_if,gaussian,1.5,63.170000,/scratch/gs14/sl9144/qcfs_checkpoints/cifar100-checkpoints/vgg16_L[16]_mneablate_cifar100_calibrated_mne_a0p1_rc0p0005_seed40_L16_trainT0.pth,/home/595/sl9144/codes/snn_simulation/important_results/cifar100_vgg16_four_regs_sigma0_3_5seed/cifar100/mneablate_cifar100_calibrated_mne_a0p1_rc0p0005_seed40_L16_trainT0/noise_sweep_matrix_cifar100_vgg16_T16_mode_rate_uniform_schedule_normal_seed_40.csv
cifar100,vgg16,calibrated_mne_a0p1,l2_calibrated_mne_alpha_0p1,calibrated_mne_l2,0.0005,none,0.0,40,16,0,16,rate_uniform,normal,post_input_if,gaussian,1.75,62.020000,/scratch/gs14/sl9144/qcfs_checkpoints/cifar100-checkpoints/vgg16_L[16]_mneablate_cifar100_calibrated_mne_a0p1_rc0p0005_seed40_L16_trainT0.pth,/home/595/sl9144/codes/snn_simulation/important_results/cifar100_vgg16_four_regs_sigma0_3_5seed/cifar100/mneablate_cifar100_calibrated_mne_a0p1_rc0p0005_seed40_L16_trainT0/noise_sweep_matrix_cifar100_vgg16_T16_mode_rate_uniform_schedule_normal_seed_40.csv
cifar100,vgg16,calibrated_mne_a0p1,l2_calibrated_mne_alpha_0p1,calibrated_mne_l2,0.0005,none,0.0,40,16,0,16,rate_uniform,normal,post_input_if,gaussian,2,60.310000,/scratch/gs14/sl9144/qcfs_checkpoints/cifar100-checkpoints/vgg16_L[16]_mneablate_cifar100_calibrated_mne_a0p1_rc0p0005_seed40_L16_trainT0.pth,/home/595/sl9144/codes/snn_simulation/important_results/cifar100_vgg16_four_regs_sigma0_3_5seed/cifar100/mneablate_cifar100_calibrated_mne_a0p1_rc0p0005_seed40_L16_trainT0/noise_sweep_matrix_cifar100_vgg16_T16_mode_rate_uniform_schedule_normal_seed_40.csv
cifar100,vgg16,calibrated_mne_a0p1,l2_calibrated_mne_alpha_0p1,calibrated_mne_l2,0.0005,none,0.0,40,16,0,16,rate_uniform,normal,post_input_if,gaussian,2.25,58.040000,/scratch/gs14/sl9144/qcfs_checkpoints/cifar100-checkpoints/vgg16_L[16]_mneablate_cifar100_calibrated_mne_a0p1_rc0p0005_seed40_L16_trainT0.pth,/home/595/sl9144/codes/snn_simulation/important_results/cifar100_vgg16_four_regs_sigma0_3_5seed/cifar100/mneablate_cifar100_calibrated_mne_a0p1_rc0p0005_seed40_L16_trainT0/noise_sweep_matrix_cifar100_vgg16_T16_mode_rate_uniform_schedule_normal_seed_40.csv
cifar100,vgg16,calibrated_mne_a0p1,l2_calibrated_mne_alpha_0p1,calibrated_mne_l2,0.0005,none,0.0,40,16,0,16,rate_uniform,normal,post_input_if,gaussian,2.5,54.730000,/scratch/gs14/sl9144/qcfs_checkpoints/cifar100-checkpoints/vgg16_L[16]_mneablate_cifar100_calibrated_mne_a0p1_rc0p0005_seed40_L16_trainT0.pth,/home/595/sl9144/codes/snn_simulation/important_results/cifar100_vgg16_four_regs_sigma0_3_5seed/cifar100/mneablate_cifar100_calibrated_mne_a0p1_rc0p0005_seed40_L16_trainT0/noise_sweep_matrix_cifar100_vgg16_T16_mode_rate_uniform_schedule_normal_seed_40.csv
cifar100,vgg16,calibrated_mne_a0p1,l2_calibrated_mne_alpha_0p1,calibrated_mne_l2,0.0005,none,0.0,40,16,0,16,rate_uniform,normal,post_input_if,gaussian,2.75,49.920000,/scratch/gs14/sl9144/qcfs_checkpoints/cifar100-checkpoints/vgg16_L[16]_mneablate_cifar100_calibrated_mne_a0p1_rc0p0005_seed40_L16_trainT0.pth,/home/595/sl9144/codes/snn_simulation/important_results/cifar100_vgg16_four_regs_sigma0_3_5seed/cifar100/mneablate_cifar100_calibrated_mne_a0p1_rc0p0005_seed40_L16_trainT0/noise_sweep_matrix_cifar100_vgg16_T16_mode_rate_uniform_schedule_normal_seed_40.csv
cifar100,vgg16,calibrated_mne_a0p1,l2_calibrated_mne_alpha_0p1,calibrated_mne_l2,0.0005,none,0.0,40,16,0,16,rate_uniform,normal,post_input_if,gaussian,3,43.660000,/scratch/gs14/sl9144/qcfs_checkpoints/cifar100-checkpoints/vgg16_L[16]_mneablate_cifar100_calibrated_mne_a0p1_rc0p0005_seed40_L16_trainT0.pth,/home/595/sl9144/codes/snn_simulation/important_results/cifar100_vgg16_four_regs_sigma0_3_5seed/cifar100/mneablate_cifar100_calibrated_mne_a0p1_rc0p0005_seed40_L16_trainT0/noise_sweep_matrix_cifar100_vgg16_T16_mode_rate_uniform_schedule_normal_seed_40.csv
cifar100,vgg16,calibrated_mne_a0p1,l2_calibrated_mne_alpha_0p1,calibrated_mne_l2,0.0005,none,0.0,41,16,0,16,rate_uniform,normal,post_input_if,gaussian,0,64.230000,/scratch/gs14/sl9144/qcfs_checkpoints/cifar100-checkpoints/vgg16_L[16]_mneablate_cifar100_calibrated_mne_a0p1_rc0p0005_seed41_L16_trainT0.pth,/home/595/sl9144/codes/snn_simulation/important_results/cifar100_vgg16_four_regs_sigma0_3_5seed/cifar100/mneablate_cifar100_calibrated_mne_a0p1_rc0p0005_seed41_L16_trainT0/noise_sweep_matrix_cifar100_vgg16_T16_mode_rate_uniform_schedule_normal_seed_41.csv
cifar100,vgg16,calibrated_mne_a0p1,l2_calibrated_mne_alpha_0p1,calibrated_mne_l2,0.0005,none,0.0,41,16,0,16,rate_uniform,normal,post_input_if,gaussian,0.25,64.150000,/scratch/gs14/sl9144/qcfs_checkpoints/cifar100-checkpoints/vgg16_L[16]_mneablate_cifar100_calibrated_mne_a0p1_rc0p0005_seed41_L16_trainT0.pth,/home/595/sl9144/codes/snn_simulation/important_results/cifar100_vgg16_four_regs_sigma0_3_5seed/cifar100/mneablate_cifar100_calibrated_mne_a0p1_rc0p0005_seed41_L16_trainT0/noise_sweep_matrix_cifar100_vgg16_T16_mode_rate_uniform_schedule_normal_seed_41.csv
cifar100,vgg16,calibrated_mne_a0p1,l2_calibrated_mne_alpha_0p1,calibrated_mne_l2,0.0005,none,0.0,41,16,0,16,rate_uniform,normal,post_input_if,gaussian,0.5,64.020000,/scratch/gs14/sl9144/qcfs_checkpoints/cifar100-checkpoints/vgg16_L[16]_mneablate_cifar100_calibrated_mne_a0p1_rc0p0005_seed41_L16_trainT0.pth,/home/595/sl9144/codes/snn_simulation/important_results/cifar100_vgg16_four_regs_sigma0_3_5seed/cifar100/mneablate_cifar100_calibrated_mne_a0p1_rc0p0005_seed41_L16_trainT0/noise_sweep_matrix_cifar100_vgg16_T16_mode_rate_uniform_schedule_normal_seed_41.csv
cifar100,vgg16,calibrated_mne_a0p1,l2_calibrated_mne_alpha_0p1,calibrated_mne_l2,0.0005,none,0.0,41,16,0,16,rate_uniform,normal,post_input_if,gaussian,0.75,63.830000,/scratch/gs14/sl9144/qcfs_checkpoints/cifar100-checkpoints/vgg16_L[16]_mneablate_cifar100_calibrated_mne_a0p1_rc0p0005_seed41_L16_trainT0.pth,/home/595/sl9144/codes/snn_simulation/important_results/cifar100_vgg16_four_regs_sigma0_3_5seed/cifar100/mneablate_cifar100_calibrated_mne_a0p1_rc0p0005_seed41_L16_trainT0/noise_sweep_matrix_cifar100_vgg16_T16_mode_rate_uniform_schedule_normal_seed_41.csv
cifar100,vgg16,calibrated_mne_a0p1,l2_calibrated_mne_alpha_0p1,calibrated_mne_l2,0.0005,none,0.0,41,16,0,16,rate_uniform,normal,post_input_if,gaussian,1,63.910000,/scratch/gs14/sl9144/qcfs_checkpoints/cifar100-checkpoints/vgg16_L[16]_mneablate_cifar100_calibrated_mne_a0p1_rc0p0005_seed41_L16_trainT0.pth,/home/595/sl9144/codes/snn_simulation/important_results/cifar100_vgg16_four_regs_sigma0_3_5seed/cifar100/mneablate_cifar100_calibrated_mne_a0p1_rc0p0005_seed41_L16_trainT0/noise_sweep_matrix_cifar100_vgg16_T16_mode_rate_uniform_schedule_normal_seed_41.csv
cifar100,vgg16,calibrated_mne_a0p1,l2_calibrated_mne_alpha_0p1,calibrated_mne_l2,0.0005,none,0.0,41,16,0,16,rate_uniform,normal,post_input_if,gaussian,1.25,63.920000,/scratch/gs14/sl9144/qcfs_checkpoints/cifar100-checkpoints/vgg16_L[16]_mneablate_cifar100_calibrated_mne_a0p1_rc0p0005_seed41_L16_trainT0.pth,/home/595/sl9144/codes/snn_simulation/important_results/cifar100_vgg16_four_regs_sigma0_3_5seed/cifar100/mneablate_cifar100_calibrated_mne_a0p1_rc0p0005_seed41_L16_trainT0/noise_sweep_matrix_cifar100_vgg16_T16_mode_rate_uniform_schedule_normal_seed_41.csv
cifar100,vgg16,calibrated_mne_a0p1,l2_calibrated_mne_alpha_0p1,calibrated_mne_l2,0.0005,none,0.0,41,16,0,16,rate_uniform,normal,post_input_if,gaussian,1.5,63.180000,/scratch/gs14/sl9144/qcfs_checkpoints/cifar100-checkpoints/vgg16_L[16]_mneablate_cifar100_calibrated_mne_a0p1_rc0p0005_seed41_L16_trainT0.pth,/home/595/sl9144/codes/snn_simulation/important_results/cifar100_vgg16_four_regs_sigma0_3_5seed/cifar100/mneablate_cifar100_calibrated_mne_a0p1_rc0p0005_seed41_L16_trainT0/noise_sweep_matrix_cifar100_vgg16_T16_mode_rate_uniform_schedule_normal_seed_41.csv
cifar100,vgg16,calibrated_mne_a0p1,l2_calibrated_mne_alpha_0p1,calibrated_mne_l2,0.0005,none,0.0,41,16,0,16,rate_uniform,normal,post_input_if,gaussian,1.75,62.350000,/scratch/gs14/sl9144/qcfs_checkpoints/cifar100-checkpoints/vgg16_L[16]_mneablate_cifar100_calibrated_mne_a0p1_rc0p0005_seed41_L16_trainT0.pth,/home/595/sl9144/codes/snn_simulation/important_results/cifar100_vgg16_four_regs_sigma0_3_5seed/cifar100/mneablate_cifar100_calibrated_mne_a0p1_rc0p0005_seed41_L16_trainT0/noise_sweep_matrix_cifar100_vgg16_T16_mode_rate_uniform_schedule_normal_seed_41.csv
cifar100,vgg16,calibrated_mne_a0p1,l2_calibrated_mne_alpha_0p1,calibrated_mne_l2,0.0005,none,0.0,41,16,0,16,rate_uniform,normal,post_input_if,gaussian,2,60.620000,/scratch/gs14/sl9144/qcfs_checkpoints/cifar100-checkpoints/vgg16_L[16]_mneablate_cifar100_calibrated_mne_a0p1_rc0p0005_seed41_L16_trainT0.pth,/home/595/sl9144/codes/snn_simulation/important_results/cifar100_vgg16_four_regs_sigma0_3_5seed/cifar100/mneablate_cifar100_calibrated_mne_a0p1_rc0p0005_seed41_L16_trainT0/noise_sweep_matrix_cifar100_vgg16_T16_mode_rate_uniform_schedule_normal_seed_41.csv
cifar100,vgg16,calibrated_mne_a0p1,l2_calibrated_mne_alpha_0p1,calibrated_mne_l2,0.0005,none,0.0,41,16,0,16,rate_uniform,normal,post_input_if,gaussian,2.25,58.470000,/scratch/gs14/sl9144/qcfs_checkpoints/cifar100-checkpoints/vgg16_L[16]_mneablate_cifar100_calibrated_mne_a0p1_rc0p0005_seed41_L16_trainT0.pth,/home/595/sl9144/codes/snn_simulation/important_results/cifar100_vgg16_four_regs_sigma0_3_5seed/cifar100/mneablate_cifar100_calibrated_mne_a0p1_rc0p0005_seed41_L16_trainT0/noise_sweep_matrix_cifar100_vgg16_T16_mode_rate_uniform_schedule_normal_seed_41.csv
cifar100,vgg16,calibrated_mne_a0p1,l2_calibrated_mne_alpha_0p1,calibrated_mne_l2,0.0005,none,0.0,41,16,0,16,rate_uniform,normal,post_input_if,gaussian,2.5,55.060000,/scratch/gs14/sl9144/qcfs_checkpoints/cifar100-checkpoints/vgg16_L[16]_mneablate_cifar100_calibrated_mne_a0p1_rc0p0005_seed41_L16_trainT0.pth,/home/595/sl9144/codes/snn_simulation/important_results/cifar100_vgg16_four_regs_sigma0_3_5seed/cifar100/mneablate_cifar100_calibrated_mne_a0p1_rc0p0005_seed41_L16_trainT0/noise_sweep_matrix_cifar100_vgg16_T16_mode_rate_uniform_schedule_normal_seed_41.csv
cifar100,vgg16,calibrated_mne_a0p1,l2_calibrated_mne_alpha_0p1,calibrated_mne_l2,0.0005,none,0.0,41,16,0,16,rate_uniform,normal,post_input_if,gaussian,2.75,50.940000,/scratch/gs14/sl9144/qcfs_checkpoints/cifar100-checkpoints/vgg16_L[16]_mneablate_cifar100_calibrated_mne_a0p1_rc0p0005_seed41_L16_trainT0.pth,/home/595/sl9144/codes/snn_simulation/important_results/cifar100_vgg16_four_regs_sigma0_3_5seed/cifar100/mneablate_cifar100_calibrated_mne_a0p1_rc0p0005_seed41_L16_trainT0/noise_sweep_matrix_cifar100_vgg16_T16_mode_rate_uniform_schedule_normal_seed_41.csv
cifar100,vgg16,calibrated_mne_a0p1,l2_calibrated_mne_alpha_0p1,calibrated_mne_l2,0.0005,none,0.0,41,16,0,16,rate_uniform,normal,post_input_if,gaussian,3,44.860000,/scratch/gs14/sl9144/qcfs_checkpoints/cifar100-checkpoints/vgg16_L[16]_mneablate_cifar100_calibrated_mne_a0p1_rc0p0005_seed41_L16_trainT0.pth,/home/595/sl9144/codes/snn_simulation/important_results/cifar100_vgg16_four_regs_sigma0_3_5seed/cifar100/mneablate_cifar100_calibrated_mne_a0p1_rc0p0005_seed41_L16_trainT0/noise_sweep_matrix_cifar100_vgg16_T16_mode_rate_uniform_schedule_normal_seed_41.csv
cifar100,vgg16,calibrated_mne_a0p1,l2_calibrated_mne_alpha_0p1,calibrated_mne_l2,0.0005,none,0.0,42,16,0,16,rate_uniform,normal,post_input_if,gaussian,0,63.710000,/scratch/gs14/sl9144/qcfs_checkpoints/cifar100-checkpoints/vgg16_L[16]_mneablate_cifar100_calibrated_mne_a0p1_rc0p0005_seed42_L16_trainT0.pth,/home/595/sl9144/codes/snn_simulation/important_results/cifar100_vgg16_four_regs_sigma0_3_5seed/cifar100/mneablate_cifar100_calibrated_mne_a0p1_rc0p0005_seed42_L16_trainT0/noise_sweep_matrix_cifar100_vgg16_T16_mode_rate_uniform_schedule_normal_seed_42.csv
cifar100,vgg16,calibrated_mne_a0p1,l2_calibrated_mne_alpha_0p1,calibrated_mne_l2,0.0005,none,0.0,42,16,0,16,rate_uniform,normal,post_input_if,gaussian,0.25,63.750000,/scratch/gs14/sl9144/qcfs_checkpoints/cifar100-checkpoints/vgg16_L[16]_mneablate_cifar100_calibrated_mne_a0p1_rc0p0005_seed42_L16_trainT0.pth,/home/595/sl9144/codes/snn_simulation/important_results/cifar100_vgg16_four_regs_sigma0_3_5seed/cifar100/mneablate_cifar100_calibrated_mne_a0p1_rc0p0005_seed42_L16_trainT0/noise_sweep_matrix_cifar100_vgg16_T16_mode_rate_uniform_schedule_normal_seed_42.csv
cifar100,vgg16,calibrated_mne_a0p1,l2_calibrated_mne_alpha_0p1,calibrated_mne_l2,0.0005,none,0.0,42,16,0,16,rate_uniform,normal,post_input_if,gaussian,0.5,63.600000,/scratch/gs14/sl9144/qcfs_checkpoints/cifar100-checkpoints/vgg16_L[16]_mneablate_cifar100_calibrated_mne_a0p1_rc0p0005_seed42_L16_trainT0.pth,/home/595/sl9144/codes/snn_simulation/important_results/cifar100_vgg16_four_regs_sigma0_3_5seed/cifar100/mneablate_cifar100_calibrated_mne_a0p1_rc0p0005_seed42_L16_trainT0/noise_sweep_matrix_cifar100_vgg16_T16_mode_rate_uniform_schedule_normal_seed_42.csv
cifar100,vgg16,calibrated_mne_a0p1,l2_calibrated_mne_alpha_0p1,calibrated_mne_l2,0.0005,none,0.0,42,16,0,16,rate_uniform,normal,post_input_if,gaussian,0.75,63.550000,/scratch/gs14/sl9144/qcfs_checkpoints/cifar100-checkpoints/vgg16_L[16]_mneablate_cifar100_calibrated_mne_a0p1_rc0p0005_seed42_L16_trainT0.pth,/home/595/sl9144/codes/snn_simulation/important_results/cifar100_vgg16_four_regs_sigma0_3_5seed/cifar100/mneablate_cifar100_calibrated_mne_a0p1_rc0p0005_seed42_L16_trainT0/noise_sweep_matrix_cifar100_vgg16_T16_mode_rate_uniform_schedule_normal_seed_42.csv
cifar100,vgg16,calibrated_mne_a0p1,l2_calibrated_mne_alpha_0p1,calibrated_mne_l2,0.0005,none,0.0,42,16,0,16,rate_uniform,normal,post_input_if,gaussian,1,63.570000,/scratch/gs14/sl9144/qcfs_checkpoints/cifar100-checkpoints/vgg16_L[16]_mneablate_cifar100_calibrated_mne_a0p1_rc0p0005_seed42_L16_trainT0.pth,/home/595/sl9144/codes/snn_simulation/important_results/cifar100_vgg16_four_regs_sigma0_3_5seed/cifar100/mneablate_cifar100_calibrated_mne_a0p1_rc0p0005_seed42_L16_trainT0/noise_sweep_matrix_cifar100_vgg16_T16_mode_rate_uniform_schedule_normal_seed_42.csv
cifar100,vgg16,calibrated_mne_a0p1,l2_calibrated_mne_alpha_0p1,calibrated_mne_l2,0.0005,none,0.0,42,16,0,16,rate_uniform,normal,post_input_if,gaussian,1.25,63.310000,/scratch/gs14/sl9144/qcfs_checkpoints/cifar100-checkpoints/vgg16_L[16]_mneablate_cifar100_calibrated_mne_a0p1_rc0p0005_seed42_L16_trainT0.pth,/home/595/sl9144/codes/snn_simulation/important_results/cifar100_vgg16_four_regs_sigma0_3_5seed/cifar100/mneablate_cifar100_calibrated_mne_a0p1_rc0p0005_seed42_L16_trainT0/noise_sweep_matrix_cifar100_vgg16_T16_mode_rate_uniform_schedule_normal_seed_42.csv
cifar100,vgg16,calibrated_mne_a0p1,l2_calibrated_mne_alpha_0p1,calibrated_mne_l2,0.0005,none,0.0,42,16,0,16,rate_uniform,normal,post_input_if,gaussian,1.5,63.010000,/scratch/gs14/sl9144/qcfs_checkpoints/cifar100-checkpoints/vgg16_L[16]_mneablate_cifar100_calibrated_mne_a0p1_rc0p0005_seed42_L16_trainT0.pth,/home/595/sl9144/codes/snn_simulation/important_results/cifar100_vgg16_four_regs_sigma0_3_5seed/cifar100/mneablate_cifar100_calibrated_mne_a0p1_rc0p0005_seed42_L16_trainT0/noise_sweep_matrix_cifar100_vgg16_T16_mode_rate_uniform_schedule_normal_seed_42.csv
cifar100,vgg16,calibrated_mne_a0p1,l2_calibrated_mne_alpha_0p1,calibrated_mne_l2,0.0005,none,0.0,42,16,0,16,rate_uniform,normal,post_input_if,gaussian,1.75,62.300000,/scratch/gs14/sl9144/qcfs_checkpoints/cifar100-checkpoints/vgg16_L[16]_mneablate_cifar100_calibrated_mne_a0p1_rc0p0005_seed42_L16_trainT0.pth,/home/595/sl9144/codes/snn_simulation/important_results/cifar100_vgg16_four_regs_sigma0_3_5seed/cifar100/mneablate_cifar100_calibrated_mne_a0p1_rc0p0005_seed42_L16_trainT0/noise_sweep_matrix_cifar100_vgg16_T16_mode_rate_uniform_schedule_normal_seed_42.csv
cifar100,vgg16,calibrated_mne_a0p1,l2_calibrated_mne_alpha_0p1,calibrated_mne_l2,0.0005,none,0.0,42,16,0,16,rate_uniform,normal,post_input_if,gaussian,2,61.230000,/scratch/gs14/sl9144/qcfs_checkpoints/cifar100-checkpoints/vgg16_L[16]_mneablate_cifar100_calibrated_mne_a0p1_rc0p0005_seed42_L16_trainT0.pth,/home/595/sl9144/codes/snn_simulation/important_results/cifar100_vgg16_four_regs_sigma0_3_5seed/cifar100/mneablate_cifar100_calibrated_mne_a0p1_rc0p0005_seed42_L16_trainT0/noise_sweep_matrix_cifar100_vgg16_T16_mode_rate_uniform_schedule_normal_seed_42.csv
cifar100,vgg16,calibrated_mne_a0p1,l2_calibrated_mne_alpha_0p1,calibrated_mne_l2,0.0005,none,0.0,42,16,0,16,rate_uniform,normal,post_input_if,gaussian,2.25,60.210000,/scratch/gs14/sl9144/qcfs_checkpoints/cifar100-checkpoints/vgg16_L[16]_mneablate_cifar100_calibrated_mne_a0p1_rc0p0005_seed42_L16_trainT0.pth,/home/595/sl9144/codes/snn_simulation/important_results/cifar100_vgg16_four_regs_sigma0_3_5seed/cifar100/mneablate_cifar100_calibrated_mne_a0p1_rc0p0005_seed42_L16_trainT0/noise_sweep_matrix_cifar100_vgg16_T16_mode_rate_uniform_schedule_normal_seed_42.csv
cifar100,vgg16,calibrated_mne_a0p1,l2_calibrated_mne_alpha_0p1,calibrated_mne_l2,0.0005,none,0.0,42,16,0,16,rate_uniform,normal,post_input_if,gaussian,2.5,57.970000,/scratch/gs14/sl9144/qcfs_checkpoints/cifar100-checkpoints/vgg16_L[16]_mneablate_cifar100_calibrated_mne_a0p1_rc0p0005_seed42_L16_trainT0.pth,/home/595/sl9144/codes/snn_simulation/important_results/cifar100_vgg16_four_regs_sigma0_3_5seed/cifar100/mneablate_cifar100_calibrated_mne_a0p1_rc0p0005_seed42_L16_trainT0/noise_sweep_matrix_cifar100_vgg16_T16_mode_rate_uniform_schedule_normal_seed_42.csv
cifar100,vgg16,calibrated_mne_a0p1,l2_calibrated_mne_alpha_0p1,calibrated_mne_l2,0.0005,none,0.0,42,16,0,16,rate_uniform,normal,post_input_if,gaussian,2.75,54.270000,/scratch/gs14/sl9144/qcfs_checkpoints/cifar100-checkpoints/vgg16_L[16]_mneablate_cifar100_calibrated_mne_a0p1_rc0p0005_seed42_L16_trainT0.pth,/home/595/sl9144/codes/snn_simulation/important_results/cifar100_vgg16_four_regs_sigma0_3_5seed/cifar100/mneablate_cifar100_calibrated_mne_a0p1_rc0p0005_seed42_L16_trainT0/noise_sweep_matrix_cifar100_vgg16_T16_mode_rate_uniform_schedule_normal_seed_42.csv
cifar100,vgg16,calibrated_mne_a0p1,l2_calibrated_mne_alpha_0p1,calibrated_mne_l2,0.0005,none,0.0,42,16,0,16,rate_uniform,normal,post_input_if,gaussian,3,49.980000,/scratch/gs14/sl9144/qcfs_checkpoints/cifar100-checkpoints/vgg16_L[16]_mneablate_cifar100_calibrated_mne_a0p1_rc0p0005_seed42_L16_trainT0.pth,/home/595/sl9144/codes/snn_simulation/important_results/cifar100_vgg16_four_regs_sigma0_3_5seed/cifar100/mneablate_cifar100_calibrated_mne_a0p1_rc0p0005_seed42_L16_trainT0/noise_sweep_matrix_cifar100_vgg16_T16_mode_rate_uniform_schedule_normal_seed_42.csv
cifar100,vgg16,calibrated_mne_a0p1,l2_calibrated_mne_alpha_0p1,calibrated_mne_l2,0.0005,none,0.0,43,16,0,16,rate_uniform,normal,post_input_if,gaussian,0,63.920000,/scratch/gs14/sl9144/qcfs_checkpoints/cifar100-checkpoints/vgg16_L[16]_mneablate_cifar100_calibrated_mne_a0p1_rc0p0005_seed43_L16_trainT0.pth,/home/595/sl9144/codes/snn_simulation/important_results/cifar100_vgg16_four_regs_sigma0_3_5seed/cifar100/mneablate_cifar100_calibrated_mne_a0p1_rc0p0005_seed43_L16_trainT0/noise_sweep_matrix_cifar100_vgg16_T16_mode_rate_uniform_schedule_normal_seed_43.csv
cifar100,vgg16,calibrated_mne_a0p1,l2_calibrated_mne_alpha_0p1,calibrated_mne_l2,0.0005,none,0.0,43,16,0,16,rate_uniform,normal,post_input_if,gaussian,0.25,63.800000,/scratch/gs14/sl9144/qcfs_checkpoints/cifar100-checkpoints/vgg16_L[16]_mneablate_cifar100_calibrated_mne_a0p1_rc0p0005_seed43_L16_trainT0.pth,/home/595/sl9144/codes/snn_simulation/important_results/cifar100_vgg16_four_regs_sigma0_3_5seed/cifar100/mneablate_cifar100_calibrated_mne_a0p1_rc0p0005_seed43_L16_trainT0/noise_sweep_matrix_cifar100_vgg16_T16_mode_rate_uniform_schedule_normal_seed_43.csv
cifar100,vgg16,calibrated_mne_a0p1,l2_calibrated_mne_alpha_0p1,calibrated_mne_l2,0.0005,none,0.0,43,16,0,16,rate_uniform,normal,post_input_if,gaussian,0.5,63.870000,/scratch/gs14/sl9144/qcfs_checkpoints/cifar100-checkpoints/vgg16_L[16]_mneablate_cifar100_calibrated_mne_a0p1_rc0p0005_seed43_L16_trainT0.pth,/home/595/sl9144/codes/snn_simulation/important_results/cifar100_vgg16_four_regs_sigma0_3_5seed/cifar100/mneablate_cifar100_calibrated_mne_a0p1_rc0p0005_seed43_L16_trainT0/noise_sweep_matrix_cifar100_vgg16_T16_mode_rate_uniform_schedule_normal_seed_43.csv
cifar100,vgg16,calibrated_mne_a0p1,l2_calibrated_mne_alpha_0p1,calibrated_mne_l2,0.0005,none,0.0,43,16,0,16,rate_uniform,normal,post_input_if,gaussian,0.75,63.900000,/scratch/gs14/sl9144/qcfs_checkpoints/cifar100-checkpoints/vgg16_L[16]_mneablate_cifar100_calibrated_mne_a0p1_rc0p0005_seed43_L16_trainT0.pth,/home/595/sl9144/codes/snn_simulation/important_results/cifar100_vgg16_four_regs_sigma0_3_5seed/cifar100/mneablate_cifar100_calibrated_mne_a0p1_rc0p0005_seed43_L16_trainT0/noise_sweep_matrix_cifar100_vgg16_T16_mode_rate_uniform_schedule_normal_seed_43.csv
cifar100,vgg16,calibrated_mne_a0p1,l2_calibrated_mne_alpha_0p1,calibrated_mne_l2,0.0005,none,0.0,43,16,0,16,rate_uniform,normal,post_input_if,gaussian,1,63.970000,/scratch/gs14/sl9144/qcfs_checkpoints/cifar100-checkpoints/vgg16_L[16]_mneablate_cifar100_calibrated_mne_a0p1_rc0p0005_seed43_L16_trainT0.pth,/home/595/sl9144/codes/snn_simulation/important_results/cifar100_vgg16_four_regs_sigma0_3_5seed/cifar100/mneablate_cifar100_calibrated_mne_a0p1_rc0p0005_seed43_L16_trainT0/noise_sweep_matrix_cifar100_vgg16_T16_mode_rate_uniform_schedule_normal_seed_43.csv
cifar100,vgg16,calibrated_mne_a0p1,l2_calibrated_mne_alpha_0p1,calibrated_mne_l2,0.0005,none,0.0,43,16,0,16,rate_uniform,normal,post_input_if,gaussian,1.25,63.500000,/scratch/gs14/sl9144/qcfs_checkpoints/cifar100-checkpoints/vgg16_L[16]_mneablate_cifar100_calibrated_mne_a0p1_rc0p0005_seed43_L16_trainT0.pth,/home/595/sl9144/codes/snn_simulation/important_results/cifar100_vgg16_four_regs_sigma0_3_5seed/cifar100/mneablate_cifar100_calibrated_mne_a0p1_rc0p0005_seed43_L16_trainT0/noise_sweep_matrix_cifar100_vgg16_T16_mode_rate_uniform_schedule_normal_seed_43.csv
cifar100,vgg16,calibrated_mne_a0p1,l2_calibrated_mne_alpha_0p1,calibrated_mne_l2,0.0005,none,0.0,43,16,0,16,rate_uniform,normal,post_input_if,gaussian,1.5,63.350000,/scratch/gs14/sl9144/qcfs_checkpoints/cifar100-checkpoints/vgg16_L[16]_mneablate_cifar100_calibrated_mne_a0p1_rc0p0005_seed43_L16_trainT0.pth,/home/595/sl9144/codes/snn_simulation/important_results/cifar100_vgg16_four_regs_sigma0_3_5seed/cifar100/mneablate_cifar100_calibrated_mne_a0p1_rc0p0005_seed43_L16_trainT0/noise_sweep_matrix_cifar100_vgg16_T16_mode_rate_uniform_schedule_normal_seed_43.csv
cifar100,vgg16,calibrated_mne_a0p1,l2_calibrated_mne_alpha_0p1,calibrated_mne_l2,0.0005,none,0.0,43,16,0,16,rate_uniform,normal,post_input_if,gaussian,1.75,62.490000,/scratch/gs14/sl9144/qcfs_checkpoints/cifar100-checkpoints/vgg16_L[16]_mneablate_cifar100_calibrated_mne_a0p1_rc0p0005_seed43_L16_trainT0.pth,/home/595/sl9144/codes/snn_simulation/important_results/cifar100_vgg16_four_regs_sigma0_3_5seed/cifar100/mneablate_cifar100_calibrated_mne_a0p1_rc0p0005_seed43_L16_trainT0/noise_sweep_matrix_cifar100_vgg16_T16_mode_rate_uniform_schedule_normal_seed_43.csv
cifar100,vgg16,calibrated_mne_a0p1,l2_calibrated_mne_alpha_0p1,calibrated_mne_l2,0.0005,none,0.0,43,16,0,16,rate_uniform,normal,post_input_if,gaussian,2,61.900000,/scratch/gs14/sl9144/qcfs_checkpoints/cifar100-checkpoints/vgg16_L[16]_mneablate_cifar100_calibrated_mne_a0p1_rc0p0005_seed43_L16_trainT0.pth,/home/595/sl9144/codes/snn_simulation/important_results/cifar100_vgg16_four_regs_sigma0_3_5seed/cifar100/mneablate_cifar100_calibrated_mne_a0p1_rc0p0005_seed43_L16_trainT0/noise_sweep_matrix_cifar100_vgg16_T16_mode_rate_uniform_schedule_normal_seed_43.csv
cifar100,vgg16,calibrated_mne_a0p1,l2_calibrated_mne_alpha_0p1,calibrated_mne_l2,0.0005,none,0.0,43,16,0,16,rate_uniform,normal,post_input_if,gaussian,2.25,59.570000,/scratch/gs14/sl9144/qcfs_checkpoints/cifar100-checkpoints/vgg16_L[16]_mneablate_cifar100_calibrated_mne_a0p1_rc0p0005_seed43_L16_trainT0.pth,/home/595/sl9144/codes/snn_simulation/important_results/cifar100_vgg16_four_regs_sigma0_3_5seed/cifar100/mneablate_cifar100_calibrated_mne_a0p1_rc0p0005_seed43_L16_trainT0/noise_sweep_matrix_cifar100_vgg16_T16_mode_rate_uniform_schedule_normal_seed_43.csv
cifar100,vgg16,calibrated_mne_a0p1,l2_calibrated_mne_alpha_0p1,calibrated_mne_l2,0.0005,none,0.0,43,16,0,16,rate_uniform,normal,post_input_if,gaussian,2.5,57.570000,/scratch/gs14/sl9144/qcfs_checkpoints/cifar100-checkpoints/vgg16_L[16]_mneablate_cifar100_calibrated_mne_a0p1_rc0p0005_seed43_L16_trainT0.pth,/home/595/sl9144/codes/snn_simulation/important_results/cifar100_vgg16_four_regs_sigma0_3_5seed/cifar100/mneablate_cifar100_calibrated_mne_a0p1_rc0p0005_seed43_L16_trainT0/noise_sweep_matrix_cifar100_vgg16_T16_mode_rate_uniform_schedule_normal_seed_43.csv
cifar100,vgg16,calibrated_mne_a0p1,l2_calibrated_mne_alpha_0p1,calibrated_mne_l2,0.0005,none,0.0,43,16,0,16,rate_uniform,normal,post_input_if,gaussian,2.75,53.570000,/scratch/gs14/sl9144/qcfs_checkpoints/cifar100-checkpoints/vgg16_L[16]_mneablate_cifar100_calibrated_mne_a0p1_rc0p0005_seed43_L16_trainT0.pth,/home/595/sl9144/codes/snn_simulation/important_results/cifar100_vgg16_four_regs_sigma0_3_5seed/cifar100/mneablate_cifar100_calibrated_mne_a0p1_rc0p0005_seed43_L16_trainT0/noise_sweep_matrix_cifar100_vgg16_T16_mode_rate_uniform_schedule_normal_seed_43.csv
cifar100,vgg16,calibrated_mne_a0p1,l2_calibrated_mne_alpha_0p1,calibrated_mne_l2,0.0005,none,0.0,43,16,0,16,rate_uniform,normal,post_input_if,gaussian,3,48.520000,/scratch/gs14/sl9144/qcfs_checkpoints/cifar100-checkpoints/vgg16_L[16]_mneablate_cifar100_calibrated_mne_a0p1_rc0p0005_seed43_L16_trainT0.pth,/home/595/sl9144/codes/snn_simulation/important_results/cifar100_vgg16_four_regs_sigma0_3_5seed/cifar100/mneablate_cifar100_calibrated_mne_a0p1_rc0p0005_seed43_L16_trainT0/noise_sweep_matrix_cifar100_vgg16_T16_mode_rate_uniform_schedule_normal_seed_43.csv
cifar100,vgg16,calibrated_mne_a0p1,l2_calibrated_mne_alpha_0p1,calibrated_mne_l2,0.0005,none,0.0,44,16,0,16,rate_uniform,normal,post_input_if,gaussian,0,63.840000,/scratch/gs14/sl9144/qcfs_checkpoints/cifar100-checkpoints/vgg16_L[16]_mneablate_cifar100_calibrated_mne_a0p1_rc0p0005_seed44_L16_trainT0.pth,/home/595/sl9144/codes/snn_simulation/important_results/cifar100_vgg16_four_regs_sigma0_3_5seed/cifar100/mneablate_cifar100_calibrated_mne_a0p1_rc0p0005_seed44_L16_trainT0/noise_sweep_matrix_cifar100_vgg16_T16_mode_rate_uniform_schedule_normal_seed_44.csv
cifar100,vgg16,calibrated_mne_a0p1,l2_calibrated_mne_alpha_0p1,calibrated_mne_l2,0.0005,none,0.0,44,16,0,16,rate_uniform,normal,post_input_if,gaussian,0.25,63.820000,/scratch/gs14/sl9144/qcfs_checkpoints/cifar100-checkpoints/vgg16_L[16]_mneablate_cifar100_calibrated_mne_a0p1_rc0p0005_seed44_L16_trainT0.pth,/home/595/sl9144/codes/snn_simulation/important_results/cifar100_vgg16_four_regs_sigma0_3_5seed/cifar100/mneablate_cifar100_calibrated_mne_a0p1_rc0p0005_seed44_L16_trainT0/noise_sweep_matrix_cifar100_vgg16_T16_mode_rate_uniform_schedule_normal_seed_44.csv
cifar100,vgg16,calibrated_mne_a0p1,l2_calibrated_mne_alpha_0p1,calibrated_mne_l2,0.0005,none,0.0,44,16,0,16,rate_uniform,normal,post_input_if,gaussian,0.5,63.730000,/scratch/gs14/sl9144/qcfs_checkpoints/cifar100-checkpoints/vgg16_L[16]_mneablate_cifar100_calibrated_mne_a0p1_rc0p0005_seed44_L16_trainT0.pth,/home/595/sl9144/codes/snn_simulation/important_results/cifar100_vgg16_four_regs_sigma0_3_5seed/cifar100/mneablate_cifar100_calibrated_mne_a0p1_rc0p0005_seed44_L16_trainT0/noise_sweep_matrix_cifar100_vgg16_T16_mode_rate_uniform_schedule_normal_seed_44.csv
cifar100,vgg16,calibrated_mne_a0p1,l2_calibrated_mne_alpha_0p1,calibrated_mne_l2,0.0005,none,0.0,44,16,0,16,rate_uniform,normal,post_input_if,gaussian,0.75,63.930000,/scratch/gs14/sl9144/qcfs_checkpoints/cifar100-checkpoints/vgg16_L[16]_mneablate_cifar100_calibrated_mne_a0p1_rc0p0005_seed44_L16_trainT0.pth,/home/595/sl9144/codes/snn_simulation/important_results/cifar100_vgg16_four_regs_sigma0_3_5seed/cifar100/mneablate_cifar100_calibrated_mne_a0p1_rc0p0005_seed44_L16_trainT0/noise_sweep_matrix_cifar100_vgg16_T16_mode_rate_uniform_schedule_normal_seed_44.csv
cifar100,vgg16,calibrated_mne_a0p1,l2_calibrated_mne_alpha_0p1,calibrated_mne_l2,0.0005,none,0.0,44,16,0,16,rate_uniform,normal,post_input_if,gaussian,1,63.690000,/scratch/gs14/sl9144/qcfs_checkpoints/cifar100-checkpoints/vgg16_L[16]_mneablate_cifar100_calibrated_mne_a0p1_rc0p0005_seed44_L16_trainT0.pth,/home/595/sl9144/codes/snn_simulation/important_results/cifar100_vgg16_four_regs_sigma0_3_5seed/cifar100/mneablate_cifar100_calibrated_mne_a0p1_rc0p0005_seed44_L16_trainT0/noise_sweep_matrix_cifar100_vgg16_T16_mode_rate_uniform_schedule_normal_seed_44.csv
cifar100,vgg16,calibrated_mne_a0p1,l2_calibrated_mne_alpha_0p1,calibrated_mne_l2,0.0005,none,0.0,44,16,0,16,rate_uniform,normal,post_input_if,gaussian,1.25,63.600000,/scratch/gs14/sl9144/qcfs_checkpoints/cifar100-checkpoints/vgg16_L[16]_mneablate_cifar100_calibrated_mne_a0p1_rc0p0005_seed44_L16_trainT0.pth,/home/595/sl9144/codes/snn_simulation/important_results/cifar100_vgg16_four_regs_sigma0_3_5seed/cifar100/mneablate_cifar100_calibrated_mne_a0p1_rc0p0005_seed44_L16_trainT0/noise_sweep_matrix_cifar100_vgg16_T16_mode_rate_uniform_schedule_normal_seed_44.csv
cifar100,vgg16,calibrated_mne_a0p1,l2_calibrated_mne_alpha_0p1,calibrated_mne_l2,0.0005,none,0.0,44,16,0,16,rate_uniform,normal,post_input_if,gaussian,1.5,62.930000,/scratch/gs14/sl9144/qcfs_checkpoints/cifar100-checkpoints/vgg16_L[16]_mneablate_cifar100_calibrated_mne_a0p1_rc0p0005_seed44_L16_trainT0.pth,/home/595/sl9144/codes/snn_simulation/important_results/cifar100_vgg16_four_regs_sigma0_3_5seed/cifar100/mneablate_cifar100_calibrated_mne_a0p1_rc0p0005_seed44_L16_trainT0/noise_sweep_matrix_cifar100_vgg16_T16_mode_rate_uniform_schedule_normal_seed_44.csv
cifar100,vgg16,calibrated_mne_a0p1,l2_calibrated_mne_alpha_0p1,calibrated_mne_l2,0.0005,none,0.0,44,16,0,16,rate_uniform,normal,post_input_if,gaussian,1.75,62.130000,/scratch/gs14/sl9144/qcfs_checkpoints/cifar100-checkpoints/vgg16_L[16]_mneablate_cifar100_calibrated_mne_a0p1_rc0p0005_seed44_L16_trainT0.pth,/home/595/sl9144/codes/snn_simulation/important_results/cifar100_vgg16_four_regs_sigma0_3_5seed/cifar100/mneablate_cifar100_calibrated_mne_a0p1_rc0p0005_seed44_L16_trainT0/noise_sweep_matrix_cifar100_vgg16_T16_mode_rate_uniform_schedule_normal_seed_44.csv
cifar100,vgg16,calibrated_mne_a0p1,l2_calibrated_mne_alpha_0p1,calibrated_mne_l2,0.0005,none,0.0,44,16,0,16,rate_uniform,normal,post_input_if,gaussian,2,60.950000,/scratch/gs14/sl9144/qcfs_checkpoints/cifar100-checkpoints/vgg16_L[16]_mneablate_cifar100_calibrated_mne_a0p1_rc0p0005_seed44_L16_trainT0.pth,/home/595/sl9144/codes/snn_simulation/important_results/cifar100_vgg16_four_regs_sigma0_3_5seed/cifar100/mneablate_cifar100_calibrated_mne_a0p1_rc0p0005_seed44_L16_trainT0/noise_sweep_matrix_cifar100_vgg16_T16_mode_rate_uniform_schedule_normal_seed_44.csv
cifar100,vgg16,calibrated_mne_a0p1,l2_calibrated_mne_alpha_0p1,calibrated_mne_l2,0.0005,none,0.0,44,16,0,16,rate_uniform,normal,post_input_if,gaussian,2.25,58.980000,/scratch/gs14/sl9144/qcfs_checkpoints/cifar100-checkpoints/vgg16_L[16]_mneablate_cifar100_calibrated_mne_a0p1_rc0p0005_seed44_L16_trainT0.pth,/home/595/sl9144/codes/snn_simulation/important_results/cifar100_vgg16_four_regs_sigma0_3_5seed/cifar100/mneablate_cifar100_calibrated_mne_a0p1_rc0p0005_seed44_L16_trainT0/noise_sweep_matrix_cifar100_vgg16_T16_mode_rate_uniform_schedule_normal_seed_44.csv
cifar100,vgg16,calibrated_mne_a0p1,l2_calibrated_mne_alpha_0p1,calibrated_mne_l2,0.0005,none,0.0,44,16,0,16,rate_uniform,normal,post_input_if,gaussian,2.5,56.290000,/scratch/gs14/sl9144/qcfs_checkpoints/cifar100-checkpoints/vgg16_L[16]_mneablate_cifar100_calibrated_mne_a0p1_rc0p0005_seed44_L16_trainT0.pth,/home/595/sl9144/codes/snn_simulation/important_results/cifar100_vgg16_four_regs_sigma0_3_5seed/cifar100/mneablate_cifar100_calibrated_mne_a0p1_rc0p0005_seed44_L16_trainT0/noise_sweep_matrix_cifar100_vgg16_T16_mode_rate_uniform_schedule_normal_seed_44.csv
cifar100,vgg16,calibrated_mne_a0p1,l2_calibrated_mne_alpha_0p1,calibrated_mne_l2,0.0005,none,0.0,44,16,0,16,rate_uniform,normal,post_input_if,gaussian,2.75,51.790000,/scratch/gs14/sl9144/qcfs_checkpoints/cifar100-checkpoints/vgg16_L[16]_mneablate_cifar100_calibrated_mne_a0p1_rc0p0005_seed44_L16_trainT0.pth,/home/595/sl9144/codes/snn_simulation/important_results/cifar100_vgg16_four_regs_sigma0_3_5seed/cifar100/mneablate_cifar100_calibrated_mne_a0p1_rc0p0005_seed44_L16_trainT0/noise_sweep_matrix_cifar100_vgg16_T16_mode_rate_uniform_schedule_normal_seed_44.csv
cifar100,vgg16,calibrated_mne_a0p1,l2_calibrated_mne_alpha_0p1,calibrated_mne_l2,0.0005,none,0.0,44,16,0,16,rate_uniform,normal,post_input_if,gaussian,3,46.140000,/scratch/gs14/sl9144/qcfs_checkpoints/cifar100-checkpoints/vgg16_L[16]_mneablate_cifar100_calibrated_mne_a0p1_rc0p0005_seed44_L16_trainT0.pth,/home/595/sl9144/codes/snn_simulation/important_results/cifar100_vgg16_four_regs_sigma0_3_5seed/cifar100/mneablate_cifar100_calibrated_mne_a0p1_rc0p0005_seed44_L16_trainT0/noise_sweep_matrix_cifar100_vgg16_T16_mode_rate_uniform_schedule_normal_seed_44.csv
