dataset,arch,method,method_label,regularizer,reg_coeff,weight_decay,seed,L,train_T,test_T,if_mode,spike_schedule,noise_position,noise_type,sigma,acc,checkpoint,matrix_csv
fashion_mnist,cnn2_c2_c4,weight_decay,L2-all (all params),weight_decay,none,0.0005,42,16,0,16,rate_uniform,normal,post_input_if,gaussian,0,81.710000,fashion_mnist-checkpoints/cnn2_c2_c4_L[16]_fashion_four_regs_cnn2_c2_c4_weight_decay_seed42_ep30_L16.pth,/Users/S4142196/Documents/Phd_Document/codes/QCFS_simulation_FI/important_results/fashion_cnn2_widths_four_regs_sigma0_3_seed42/cnn2_c2_c4/weight_decay/seed_42/noise_sweep_matrix_fashion_mnist_cnn2_c2_c4_T16_mode_rate_uniform_schedule_normal_seed_42.csv
fashion_mnist,cnn2_c2_c4,weight_decay,L2-all (all params),weight_decay,none,0.0005,42,16,0,16,rate_uniform,normal,post_input_if,gaussian,0.25,75.300000,fashion_mnist-checkpoints/cnn2_c2_c4_L[16]_fashion_four_regs_cnn2_c2_c4_weight_decay_seed42_ep30_L16.pth,/Users/S4142196/Documents/Phd_Document/codes/QCFS_simulation_FI/important_results/fashion_cnn2_widths_four_regs_sigma0_3_seed42/cnn2_c2_c4/weight_decay/seed_42/noise_sweep_matrix_fashion_mnist_cnn2_c2_c4_T16_mode_rate_uniform_schedule_normal_seed_42.csv
fashion_mnist,cnn2_c2_c4,weight_decay,L2-all (all params),weight_decay,none,0.0005,42,16,0,16,rate_uniform,normal,post_input_if,gaussian,0.5,64.470000,fashion_mnist-checkpoints/cnn2_c2_c4_L[16]_fashion_four_regs_cnn2_c2_c4_weight_decay_seed42_ep30_L16.pth,/Users/S4142196/Documents/Phd_Document/codes/QCFS_simulation_FI/important_results/fashion_cnn2_widths_four_regs_sigma0_3_seed42/cnn2_c2_c4/weight_decay/seed_42/noise_sweep_matrix_fashion_mnist_cnn2_c2_c4_T16_mode_rate_uniform_schedule_normal_seed_42.csv
fashion_mnist,cnn2_c2_c4,weight_decay,L2-all (all params),weight_decay,none,0.0005,42,16,0,16,rate_uniform,normal,post_input_if,gaussian,0.75,52.130000,fashion_mnist-checkpoints/cnn2_c2_c4_L[16]_fashion_four_regs_cnn2_c2_c4_weight_decay_seed42_ep30_L16.pth,/Users/S4142196/Documents/Phd_Document/codes/QCFS_simulation_FI/important_results/fashion_cnn2_widths_four_regs_sigma0_3_seed42/cnn2_c2_c4/weight_decay/seed_42/noise_sweep_matrix_fashion_mnist_cnn2_c2_c4_T16_mode_rate_uniform_schedule_normal_seed_42.csv
fashion_mnist,cnn2_c2_c4,weight_decay,L2-all (all params),weight_decay,none,0.0005,42,16,0,16,rate_uniform,normal,post_input_if,gaussian,1,40.850000,fashion_mnist-checkpoints/cnn2_c2_c4_L[16]_fashion_four_regs_cnn2_c2_c4_weight_decay_seed42_ep30_L16.pth,/Users/S4142196/Documents/Phd_Document/codes/QCFS_simulation_FI/important_results/fashion_cnn2_widths_four_regs_sigma0_3_seed42/cnn2_c2_c4/weight_decay/seed_42/noise_sweep_matrix_fashion_mnist_cnn2_c2_c4_T16_mode_rate_uniform_schedule_normal_seed_42.csv
fashion_mnist,cnn2_c2_c4,weight_decay,L2-all (all params),weight_decay,none,0.0005,42,16,0,16,rate_uniform,normal,post_input_if,gaussian,1.25,32.430000,fashion_mnist-checkpoints/cnn2_c2_c4_L[16]_fashion_four_regs_cnn2_c2_c4_weight_decay_seed42_ep30_L16.pth,/Users/S4142196/Documents/Phd_Document/codes/QCFS_simulation_FI/important_results/fashion_cnn2_widths_four_regs_sigma0_3_seed42/cnn2_c2_c4/weight_decay/seed_42/noise_sweep_matrix_fashion_mnist_cnn2_c2_c4_T16_mode_rate_uniform_schedule_normal_seed_42.csv
fashion_mnist,cnn2_c2_c4,weight_decay,L2-all (all params),weight_decay,none,0.0005,42,16,0,16,rate_uniform,normal,post_input_if,gaussian,1.5,26.960000,fashion_mnist-checkpoints/cnn2_c2_c4_L[16]_fashion_four_regs_cnn2_c2_c4_weight_decay_seed42_ep30_L16.pth,/Users/S4142196/Documents/Phd_Document/codes/QCFS_simulation_FI/important_results/fashion_cnn2_widths_four_regs_sigma0_3_seed42/cnn2_c2_c4/weight_decay/seed_42/noise_sweep_matrix_fashion_mnist_cnn2_c2_c4_T16_mode_rate_uniform_schedule_normal_seed_42.csv
fashion_mnist,cnn2_c2_c4,weight_decay,L2-all (all params),weight_decay,none,0.0005,42,16,0,16,rate_uniform,normal,post_input_if,gaussian,1.75,23.510000,fashion_mnist-checkpoints/cnn2_c2_c4_L[16]_fashion_four_regs_cnn2_c2_c4_weight_decay_seed42_ep30_L16.pth,/Users/S4142196/Documents/Phd_Document/codes/QCFS_simulation_FI/important_results/fashion_cnn2_widths_four_regs_sigma0_3_seed42/cnn2_c2_c4/weight_decay/seed_42/noise_sweep_matrix_fashion_mnist_cnn2_c2_c4_T16_mode_rate_uniform_schedule_normal_seed_42.csv
fashion_mnist,cnn2_c2_c4,weight_decay,L2-all (all params),weight_decay,none,0.0005,42,16,0,16,rate_uniform,normal,post_input_if,gaussian,2,20.580000,fashion_mnist-checkpoints/cnn2_c2_c4_L[16]_fashion_four_regs_cnn2_c2_c4_weight_decay_seed42_ep30_L16.pth,/Users/S4142196/Documents/Phd_Document/codes/QCFS_simulation_FI/important_results/fashion_cnn2_widths_four_regs_sigma0_3_seed42/cnn2_c2_c4/weight_decay/seed_42/noise_sweep_matrix_fashion_mnist_cnn2_c2_c4_T16_mode_rate_uniform_schedule_normal_seed_42.csv
fashion_mnist,cnn2_c2_c4,weight_decay,L2-all (all params),weight_decay,none,0.0005,42,16,0,16,rate_uniform,normal,post_input_if,gaussian,2.25,18.090000,fashion_mnist-checkpoints/cnn2_c2_c4_L[16]_fashion_four_regs_cnn2_c2_c4_weight_decay_seed42_ep30_L16.pth,/Users/S4142196/Documents/Phd_Document/codes/QCFS_simulation_FI/important_results/fashion_cnn2_widths_four_regs_sigma0_3_seed42/cnn2_c2_c4/weight_decay/seed_42/noise_sweep_matrix_fashion_mnist_cnn2_c2_c4_T16_mode_rate_uniform_schedule_normal_seed_42.csv
fashion_mnist,cnn2_c2_c4,weight_decay,L2-all (all params),weight_decay,none,0.0005,42,16,0,16,rate_uniform,normal,post_input_if,gaussian,2.5,16.700000,fashion_mnist-checkpoints/cnn2_c2_c4_L[16]_fashion_four_regs_cnn2_c2_c4_weight_decay_seed42_ep30_L16.pth,/Users/S4142196/Documents/Phd_Document/codes/QCFS_simulation_FI/important_results/fashion_cnn2_widths_four_regs_sigma0_3_seed42/cnn2_c2_c4/weight_decay/seed_42/noise_sweep_matrix_fashion_mnist_cnn2_c2_c4_T16_mode_rate_uniform_schedule_normal_seed_42.csv
fashion_mnist,cnn2_c2_c4,weight_decay,L2-all (all params),weight_decay,none,0.0005,42,16,0,16,rate_uniform,normal,post_input_if,gaussian,2.75,15.370000,fashion_mnist-checkpoints/cnn2_c2_c4_L[16]_fashion_four_regs_cnn2_c2_c4_weight_decay_seed42_ep30_L16.pth,/Users/S4142196/Documents/Phd_Document/codes/QCFS_simulation_FI/important_results/fashion_cnn2_widths_four_regs_sigma0_3_seed42/cnn2_c2_c4/weight_decay/seed_42/noise_sweep_matrix_fashion_mnist_cnn2_c2_c4_T16_mode_rate_uniform_schedule_normal_seed_42.csv
fashion_mnist,cnn2_c2_c4,weight_decay,L2-all (all params),weight_decay,none,0.0005,42,16,0,16,rate_uniform,normal,post_input_if,gaussian,3,14.800000,fashion_mnist-checkpoints/cnn2_c2_c4_L[16]_fashion_four_regs_cnn2_c2_c4_weight_decay_seed42_ep30_L16.pth,/Users/S4142196/Documents/Phd_Document/codes/QCFS_simulation_FI/important_results/fashion_cnn2_widths_four_regs_sigma0_3_seed42/cnn2_c2_c4/weight_decay/seed_42/noise_sweep_matrix_fashion_mnist_cnn2_c2_c4_T16_mode_rate_uniform_schedule_normal_seed_42.csv
fashion_mnist,cnn2_c2_c4,weight_decay_weights_only,L2-wo (weights only),weight_decay_weights_only,none,0.0005,42,16,0,16,rate_uniform,normal,post_input_if,gaussian,0,82.190000,fashion_mnist-checkpoints/cnn2_c2_c4_L[16]_fashion_calibrated_mne_cnn2_c2_c4_l2_wo_seed42_ep30_L16.pth,/Users/S4142196/Documents/Phd_Document/codes/QCFS_simulation_FI/important_results/fashion_cnn2_widths_four_regs_sigma0_3_seed42/cnn2_c2_c4/weight_decay_weights_only/seed_42/noise_sweep_matrix_fashion_mnist_cnn2_c2_c4_T16_mode_rate_uniform_schedule_normal_seed_42.csv
fashion_mnist,cnn2_c2_c4,weight_decay_weights_only,L2-wo (weights only),weight_decay_weights_only,none,0.0005,42,16,0,16,rate_uniform,normal,post_input_if,gaussian,0.25,79.820000,fashion_mnist-checkpoints/cnn2_c2_c4_L[16]_fashion_calibrated_mne_cnn2_c2_c4_l2_wo_seed42_ep30_L16.pth,/Users/S4142196/Documents/Phd_Document/codes/QCFS_simulation_FI/important_results/fashion_cnn2_widths_four_regs_sigma0_3_seed42/cnn2_c2_c4/weight_decay_weights_only/seed_42/noise_sweep_matrix_fashion_mnist_cnn2_c2_c4_T16_mode_rate_uniform_schedule_normal_seed_42.csv
fashion_mnist,cnn2_c2_c4,weight_decay_weights_only,L2-wo (weights only),weight_decay_weights_only,none,0.0005,42,16,0,16,rate_uniform,normal,post_input_if,gaussian,0.5,65.920000,fashion_mnist-checkpoints/cnn2_c2_c4_L[16]_fashion_calibrated_mne_cnn2_c2_c4_l2_wo_seed42_ep30_L16.pth,/Users/S4142196/Documents/Phd_Document/codes/QCFS_simulation_FI/important_results/fashion_cnn2_widths_four_regs_sigma0_3_seed42/cnn2_c2_c4/weight_decay_weights_only/seed_42/noise_sweep_matrix_fashion_mnist_cnn2_c2_c4_T16_mode_rate_uniform_schedule_normal_seed_42.csv
fashion_mnist,cnn2_c2_c4,weight_decay_weights_only,L2-wo (weights only),weight_decay_weights_only,none,0.0005,42,16,0,16,rate_uniform,normal,post_input_if,gaussian,0.75,53.320000,fashion_mnist-checkpoints/cnn2_c2_c4_L[16]_fashion_calibrated_mne_cnn2_c2_c4_l2_wo_seed42_ep30_L16.pth,/Users/S4142196/Documents/Phd_Document/codes/QCFS_simulation_FI/important_results/fashion_cnn2_widths_four_regs_sigma0_3_seed42/cnn2_c2_c4/weight_decay_weights_only/seed_42/noise_sweep_matrix_fashion_mnist_cnn2_c2_c4_T16_mode_rate_uniform_schedule_normal_seed_42.csv
fashion_mnist,cnn2_c2_c4,weight_decay_weights_only,L2-wo (weights only),weight_decay_weights_only,none,0.0005,42,16,0,16,rate_uniform,normal,post_input_if,gaussian,1,41.250000,fashion_mnist-checkpoints/cnn2_c2_c4_L[16]_fashion_calibrated_mne_cnn2_c2_c4_l2_wo_seed42_ep30_L16.pth,/Users/S4142196/Documents/Phd_Document/codes/QCFS_simulation_FI/important_results/fashion_cnn2_widths_four_regs_sigma0_3_seed42/cnn2_c2_c4/weight_decay_weights_only/seed_42/noise_sweep_matrix_fashion_mnist_cnn2_c2_c4_T16_mode_rate_uniform_schedule_normal_seed_42.csv
fashion_mnist,cnn2_c2_c4,weight_decay_weights_only,L2-wo (weights only),weight_decay_weights_only,none,0.0005,42,16,0,16,rate_uniform,normal,post_input_if,gaussian,1.25,32.110000,fashion_mnist-checkpoints/cnn2_c2_c4_L[16]_fashion_calibrated_mne_cnn2_c2_c4_l2_wo_seed42_ep30_L16.pth,/Users/S4142196/Documents/Phd_Document/codes/QCFS_simulation_FI/important_results/fashion_cnn2_widths_four_regs_sigma0_3_seed42/cnn2_c2_c4/weight_decay_weights_only/seed_42/noise_sweep_matrix_fashion_mnist_cnn2_c2_c4_T16_mode_rate_uniform_schedule_normal_seed_42.csv
fashion_mnist,cnn2_c2_c4,weight_decay_weights_only,L2-wo (weights only),weight_decay_weights_only,none,0.0005,42,16,0,16,rate_uniform,normal,post_input_if,gaussian,1.5,25.980000,fashion_mnist-checkpoints/cnn2_c2_c4_L[16]_fashion_calibrated_mne_cnn2_c2_c4_l2_wo_seed42_ep30_L16.pth,/Users/S4142196/Documents/Phd_Document/codes/QCFS_simulation_FI/important_results/fashion_cnn2_widths_four_regs_sigma0_3_seed42/cnn2_c2_c4/weight_decay_weights_only/seed_42/noise_sweep_matrix_fashion_mnist_cnn2_c2_c4_T16_mode_rate_uniform_schedule_normal_seed_42.csv
fashion_mnist,cnn2_c2_c4,weight_decay_weights_only,L2-wo (weights only),weight_decay_weights_only,none,0.0005,42,16,0,16,rate_uniform,normal,post_input_if,gaussian,1.75,21.690000,fashion_mnist-checkpoints/cnn2_c2_c4_L[16]_fashion_calibrated_mne_cnn2_c2_c4_l2_wo_seed42_ep30_L16.pth,/Users/S4142196/Documents/Phd_Document/codes/QCFS_simulation_FI/important_results/fashion_cnn2_widths_four_regs_sigma0_3_seed42/cnn2_c2_c4/weight_decay_weights_only/seed_42/noise_sweep_matrix_fashion_mnist_cnn2_c2_c4_T16_mode_rate_uniform_schedule_normal_seed_42.csv
fashion_mnist,cnn2_c2_c4,weight_decay_weights_only,L2-wo (weights only),weight_decay_weights_only,none,0.0005,42,16,0,16,rate_uniform,normal,post_input_if,gaussian,2,18.200000,fashion_mnist-checkpoints/cnn2_c2_c4_L[16]_fashion_calibrated_mne_cnn2_c2_c4_l2_wo_seed42_ep30_L16.pth,/Users/S4142196/Documents/Phd_Document/codes/QCFS_simulation_FI/important_results/fashion_cnn2_widths_four_regs_sigma0_3_seed42/cnn2_c2_c4/weight_decay_weights_only/seed_42/noise_sweep_matrix_fashion_mnist_cnn2_c2_c4_T16_mode_rate_uniform_schedule_normal_seed_42.csv
fashion_mnist,cnn2_c2_c4,weight_decay_weights_only,L2-wo (weights only),weight_decay_weights_only,none,0.0005,42,16,0,16,rate_uniform,normal,post_input_if,gaussian,2.25,16.050000,fashion_mnist-checkpoints/cnn2_c2_c4_L[16]_fashion_calibrated_mne_cnn2_c2_c4_l2_wo_seed42_ep30_L16.pth,/Users/S4142196/Documents/Phd_Document/codes/QCFS_simulation_FI/important_results/fashion_cnn2_widths_four_regs_sigma0_3_seed42/cnn2_c2_c4/weight_decay_weights_only/seed_42/noise_sweep_matrix_fashion_mnist_cnn2_c2_c4_T16_mode_rate_uniform_schedule_normal_seed_42.csv
fashion_mnist,cnn2_c2_c4,weight_decay_weights_only,L2-wo (weights only),weight_decay_weights_only,none,0.0005,42,16,0,16,rate_uniform,normal,post_input_if,gaussian,2.5,14.540000,fashion_mnist-checkpoints/cnn2_c2_c4_L[16]_fashion_calibrated_mne_cnn2_c2_c4_l2_wo_seed42_ep30_L16.pth,/Users/S4142196/Documents/Phd_Document/codes/QCFS_simulation_FI/important_results/fashion_cnn2_widths_four_regs_sigma0_3_seed42/cnn2_c2_c4/weight_decay_weights_only/seed_42/noise_sweep_matrix_fashion_mnist_cnn2_c2_c4_T16_mode_rate_uniform_schedule_normal_seed_42.csv
fashion_mnist,cnn2_c2_c4,weight_decay_weights_only,L2-wo (weights only),weight_decay_weights_only,none,0.0005,42,16,0,16,rate_uniform,normal,post_input_if,gaussian,2.75,13.340000,fashion_mnist-checkpoints/cnn2_c2_c4_L[16]_fashion_calibrated_mne_cnn2_c2_c4_l2_wo_seed42_ep30_L16.pth,/Users/S4142196/Documents/Phd_Document/codes/QCFS_simulation_FI/important_results/fashion_cnn2_widths_four_regs_sigma0_3_seed42/cnn2_c2_c4/weight_decay_weights_only/seed_42/noise_sweep_matrix_fashion_mnist_cnn2_c2_c4_T16_mode_rate_uniform_schedule_normal_seed_42.csv
fashion_mnist,cnn2_c2_c4,weight_decay_weights_only,L2-wo (weights only),weight_decay_weights_only,none,0.0005,42,16,0,16,rate_uniform,normal,post_input_if,gaussian,3,12.860000,fashion_mnist-checkpoints/cnn2_c2_c4_L[16]_fashion_calibrated_mne_cnn2_c2_c4_l2_wo_seed42_ep30_L16.pth,/Users/S4142196/Documents/Phd_Document/codes/QCFS_simulation_FI/important_results/fashion_cnn2_widths_four_regs_sigma0_3_seed42/cnn2_c2_c4/weight_decay_weights_only/seed_42/noise_sweep_matrix_fashion_mnist_cnn2_c2_c4_T16_mode_rate_uniform_schedule_normal_seed_42.csv
fashion_mnist,cnn2_c2_c4,old_detach,Old MNE (detach λ),mne_l2,0p0001,0.0,42,16,0,16,rate_uniform,normal,post_input_if,gaussian,0,81.940000,fashion_mnist-checkpoints/cnn2_c2_c4_L[16]_fashion_four_regs_cnn2_c2_c4_old_detach_seed42_ep30_L16.pth,/Users/S4142196/Documents/Phd_Document/codes/QCFS_simulation_FI/important_results/fashion_cnn2_widths_four_regs_sigma0_3_seed42/cnn2_c2_c4/old_detach/seed_42/noise_sweep_matrix_fashion_mnist_cnn2_c2_c4_T16_mode_rate_uniform_schedule_normal_seed_42.csv
fashion_mnist,cnn2_c2_c4,old_detach,Old MNE (detach λ),mne_l2,0p0001,0.0,42,16,0,16,rate_uniform,normal,post_input_if,gaussian,0.25,69.850000,fashion_mnist-checkpoints/cnn2_c2_c4_L[16]_fashion_four_regs_cnn2_c2_c4_old_detach_seed42_ep30_L16.pth,/Users/S4142196/Documents/Phd_Document/codes/QCFS_simulation_FI/important_results/fashion_cnn2_widths_four_regs_sigma0_3_seed42/cnn2_c2_c4/old_detach/seed_42/noise_sweep_matrix_fashion_mnist_cnn2_c2_c4_T16_mode_rate_uniform_schedule_normal_seed_42.csv
fashion_mnist,cnn2_c2_c4,old_detach,Old MNE (detach λ),mne_l2,0p0001,0.0,42,16,0,16,rate_uniform,normal,post_input_if,gaussian,0.5,61.670000,fashion_mnist-checkpoints/cnn2_c2_c4_L[16]_fashion_four_regs_cnn2_c2_c4_old_detach_seed42_ep30_L16.pth,/Users/S4142196/Documents/Phd_Document/codes/QCFS_simulation_FI/important_results/fashion_cnn2_widths_four_regs_sigma0_3_seed42/cnn2_c2_c4/old_detach/seed_42/noise_sweep_matrix_fashion_mnist_cnn2_c2_c4_T16_mode_rate_uniform_schedule_normal_seed_42.csv
fashion_mnist,cnn2_c2_c4,old_detach,Old MNE (detach λ),mne_l2,0p0001,0.0,42,16,0,16,rate_uniform,normal,post_input_if,gaussian,0.75,55.370000,fashion_mnist-checkpoints/cnn2_c2_c4_L[16]_fashion_four_regs_cnn2_c2_c4_old_detach_seed42_ep30_L16.pth,/Users/S4142196/Documents/Phd_Document/codes/QCFS_simulation_FI/important_results/fashion_cnn2_widths_four_regs_sigma0_3_seed42/cnn2_c2_c4/old_detach/seed_42/noise_sweep_matrix_fashion_mnist_cnn2_c2_c4_T16_mode_rate_uniform_schedule_normal_seed_42.csv
fashion_mnist,cnn2_c2_c4,old_detach,Old MNE (detach λ),mne_l2,0p0001,0.0,42,16,0,16,rate_uniform,normal,post_input_if,gaussian,1,44.450000,fashion_mnist-checkpoints/cnn2_c2_c4_L[16]_fashion_four_regs_cnn2_c2_c4_old_detach_seed42_ep30_L16.pth,/Users/S4142196/Documents/Phd_Document/codes/QCFS_simulation_FI/important_results/fashion_cnn2_widths_four_regs_sigma0_3_seed42/cnn2_c2_c4/old_detach/seed_42/noise_sweep_matrix_fashion_mnist_cnn2_c2_c4_T16_mode_rate_uniform_schedule_normal_seed_42.csv
fashion_mnist,cnn2_c2_c4,old_detach,Old MNE (detach λ),mne_l2,0p0001,0.0,42,16,0,16,rate_uniform,normal,post_input_if,gaussian,1.25,35.260000,fashion_mnist-checkpoints/cnn2_c2_c4_L[16]_fashion_four_regs_cnn2_c2_c4_old_detach_seed42_ep30_L16.pth,/Users/S4142196/Documents/Phd_Document/codes/QCFS_simulation_FI/important_results/fashion_cnn2_widths_four_regs_sigma0_3_seed42/cnn2_c2_c4/old_detach/seed_42/noise_sweep_matrix_fashion_mnist_cnn2_c2_c4_T16_mode_rate_uniform_schedule_normal_seed_42.csv
fashion_mnist,cnn2_c2_c4,old_detach,Old MNE (detach λ),mne_l2,0p0001,0.0,42,16,0,16,rate_uniform,normal,post_input_if,gaussian,1.5,29.130000,fashion_mnist-checkpoints/cnn2_c2_c4_L[16]_fashion_four_regs_cnn2_c2_c4_old_detach_seed42_ep30_L16.pth,/Users/S4142196/Documents/Phd_Document/codes/QCFS_simulation_FI/important_results/fashion_cnn2_widths_four_regs_sigma0_3_seed42/cnn2_c2_c4/old_detach/seed_42/noise_sweep_matrix_fashion_mnist_cnn2_c2_c4_T16_mode_rate_uniform_schedule_normal_seed_42.csv
fashion_mnist,cnn2_c2_c4,old_detach,Old MNE (detach λ),mne_l2,0p0001,0.0,42,16,0,16,rate_uniform,normal,post_input_if,gaussian,1.75,23.830000,fashion_mnist-checkpoints/cnn2_c2_c4_L[16]_fashion_four_regs_cnn2_c2_c4_old_detach_seed42_ep30_L16.pth,/Users/S4142196/Documents/Phd_Document/codes/QCFS_simulation_FI/important_results/fashion_cnn2_widths_four_regs_sigma0_3_seed42/cnn2_c2_c4/old_detach/seed_42/noise_sweep_matrix_fashion_mnist_cnn2_c2_c4_T16_mode_rate_uniform_schedule_normal_seed_42.csv
fashion_mnist,cnn2_c2_c4,old_detach,Old MNE (detach λ),mne_l2,0p0001,0.0,42,16,0,16,rate_uniform,normal,post_input_if,gaussian,2,20.560000,fashion_mnist-checkpoints/cnn2_c2_c4_L[16]_fashion_four_regs_cnn2_c2_c4_old_detach_seed42_ep30_L16.pth,/Users/S4142196/Documents/Phd_Document/codes/QCFS_simulation_FI/important_results/fashion_cnn2_widths_four_regs_sigma0_3_seed42/cnn2_c2_c4/old_detach/seed_42/noise_sweep_matrix_fashion_mnist_cnn2_c2_c4_T16_mode_rate_uniform_schedule_normal_seed_42.csv
fashion_mnist,cnn2_c2_c4,old_detach,Old MNE (detach λ),mne_l2,0p0001,0.0,42,16,0,16,rate_uniform,normal,post_input_if,gaussian,2.25,18.070000,fashion_mnist-checkpoints/cnn2_c2_c4_L[16]_fashion_four_regs_cnn2_c2_c4_old_detach_seed42_ep30_L16.pth,/Users/S4142196/Documents/Phd_Document/codes/QCFS_simulation_FI/important_results/fashion_cnn2_widths_four_regs_sigma0_3_seed42/cnn2_c2_c4/old_detach/seed_42/noise_sweep_matrix_fashion_mnist_cnn2_c2_c4_T16_mode_rate_uniform_schedule_normal_seed_42.csv
fashion_mnist,cnn2_c2_c4,old_detach,Old MNE (detach λ),mne_l2,0p0001,0.0,42,16,0,16,rate_uniform,normal,post_input_if,gaussian,2.5,16.220000,fashion_mnist-checkpoints/cnn2_c2_c4_L[16]_fashion_four_regs_cnn2_c2_c4_old_detach_seed42_ep30_L16.pth,/Users/S4142196/Documents/Phd_Document/codes/QCFS_simulation_FI/important_results/fashion_cnn2_widths_four_regs_sigma0_3_seed42/cnn2_c2_c4/old_detach/seed_42/noise_sweep_matrix_fashion_mnist_cnn2_c2_c4_T16_mode_rate_uniform_schedule_normal_seed_42.csv
fashion_mnist,cnn2_c2_c4,old_detach,Old MNE (detach λ),mne_l2,0p0001,0.0,42,16,0,16,rate_uniform,normal,post_input_if,gaussian,2.75,14.440000,fashion_mnist-checkpoints/cnn2_c2_c4_L[16]_fashion_four_regs_cnn2_c2_c4_old_detach_seed42_ep30_L16.pth,/Users/S4142196/Documents/Phd_Document/codes/QCFS_simulation_FI/important_results/fashion_cnn2_widths_four_regs_sigma0_3_seed42/cnn2_c2_c4/old_detach/seed_42/noise_sweep_matrix_fashion_mnist_cnn2_c2_c4_T16_mode_rate_uniform_schedule_normal_seed_42.csv
fashion_mnist,cnn2_c2_c4,old_detach,Old MNE (detach λ),mne_l2,0p0001,0.0,42,16,0,16,rate_uniform,normal,post_input_if,gaussian,3,13.410000,fashion_mnist-checkpoints/cnn2_c2_c4_L[16]_fashion_four_regs_cnn2_c2_c4_old_detach_seed42_ep30_L16.pth,/Users/S4142196/Documents/Phd_Document/codes/QCFS_simulation_FI/important_results/fashion_cnn2_widths_four_regs_sigma0_3_seed42/cnn2_c2_c4/old_detach/seed_42/noise_sweep_matrix_fashion_mnist_cnn2_c2_c4_T16_mode_rate_uniform_schedule_normal_seed_42.csv
fashion_mnist,cnn2_c2_c4,calibrated_mne_a0p1,Calibrated MNE (α=0.1),calibrated_mne_l2,0p0005,0.0,42,16,0,16,rate_uniform,normal,post_input_if,gaussian,0,82.780000,fashion_mnist-checkpoints/cnn2_c2_c4_L[16]_fashion_calibrated_mne_cnn2_c2_c4_cmne_a0p1_seed42_ep30_L16.pth,/Users/S4142196/Documents/Phd_Document/codes/QCFS_simulation_FI/important_results/fashion_cnn2_widths_four_regs_sigma0_3_seed42/cnn2_c2_c4/calibrated_mne_a0p1/seed_42/noise_sweep_matrix_fashion_mnist_cnn2_c2_c4_T16_mode_rate_uniform_schedule_normal_seed_42.csv
fashion_mnist,cnn2_c2_c4,calibrated_mne_a0p1,Calibrated MNE (α=0.1),calibrated_mne_l2,0p0005,0.0,42,16,0,16,rate_uniform,normal,post_input_if,gaussian,0.25,80.670000,fashion_mnist-checkpoints/cnn2_c2_c4_L[16]_fashion_calibrated_mne_cnn2_c2_c4_cmne_a0p1_seed42_ep30_L16.pth,/Users/S4142196/Documents/Phd_Document/codes/QCFS_simulation_FI/important_results/fashion_cnn2_widths_four_regs_sigma0_3_seed42/cnn2_c2_c4/calibrated_mne_a0p1/seed_42/noise_sweep_matrix_fashion_mnist_cnn2_c2_c4_T16_mode_rate_uniform_schedule_normal_seed_42.csv
fashion_mnist,cnn2_c2_c4,calibrated_mne_a0p1,Calibrated MNE (α=0.1),calibrated_mne_l2,0p0005,0.0,42,16,0,16,rate_uniform,normal,post_input_if,gaussian,0.5,74.680000,fashion_mnist-checkpoints/cnn2_c2_c4_L[16]_fashion_calibrated_mne_cnn2_c2_c4_cmne_a0p1_seed42_ep30_L16.pth,/Users/S4142196/Documents/Phd_Document/codes/QCFS_simulation_FI/important_results/fashion_cnn2_widths_four_regs_sigma0_3_seed42/cnn2_c2_c4/calibrated_mne_a0p1/seed_42/noise_sweep_matrix_fashion_mnist_cnn2_c2_c4_T16_mode_rate_uniform_schedule_normal_seed_42.csv
fashion_mnist,cnn2_c2_c4,calibrated_mne_a0p1,Calibrated MNE (α=0.1),calibrated_mne_l2,0p0005,0.0,42,16,0,16,rate_uniform,normal,post_input_if,gaussian,0.75,62.900000,fashion_mnist-checkpoints/cnn2_c2_c4_L[16]_fashion_calibrated_mne_cnn2_c2_c4_cmne_a0p1_seed42_ep30_L16.pth,/Users/S4142196/Documents/Phd_Document/codes/QCFS_simulation_FI/important_results/fashion_cnn2_widths_four_regs_sigma0_3_seed42/cnn2_c2_c4/calibrated_mne_a0p1/seed_42/noise_sweep_matrix_fashion_mnist_cnn2_c2_c4_T16_mode_rate_uniform_schedule_normal_seed_42.csv
fashion_mnist,cnn2_c2_c4,calibrated_mne_a0p1,Calibrated MNE (α=0.1),calibrated_mne_l2,0p0005,0.0,42,16,0,16,rate_uniform,normal,post_input_if,gaussian,1,50.180000,fashion_mnist-checkpoints/cnn2_c2_c4_L[16]_fashion_calibrated_mne_cnn2_c2_c4_cmne_a0p1_seed42_ep30_L16.pth,/Users/S4142196/Documents/Phd_Document/codes/QCFS_simulation_FI/important_results/fashion_cnn2_widths_four_regs_sigma0_3_seed42/cnn2_c2_c4/calibrated_mne_a0p1/seed_42/noise_sweep_matrix_fashion_mnist_cnn2_c2_c4_T16_mode_rate_uniform_schedule_normal_seed_42.csv
fashion_mnist,cnn2_c2_c4,calibrated_mne_a0p1,Calibrated MNE (α=0.1),calibrated_mne_l2,0p0005,0.0,42,16,0,16,rate_uniform,normal,post_input_if,gaussian,1.25,39.110000,fashion_mnist-checkpoints/cnn2_c2_c4_L[16]_fashion_calibrated_mne_cnn2_c2_c4_cmne_a0p1_seed42_ep30_L16.pth,/Users/S4142196/Documents/Phd_Document/codes/QCFS_simulation_FI/important_results/fashion_cnn2_widths_four_regs_sigma0_3_seed42/cnn2_c2_c4/calibrated_mne_a0p1/seed_42/noise_sweep_matrix_fashion_mnist_cnn2_c2_c4_T16_mode_rate_uniform_schedule_normal_seed_42.csv
fashion_mnist,cnn2_c2_c4,calibrated_mne_a0p1,Calibrated MNE (α=0.1),calibrated_mne_l2,0p0005,0.0,42,16,0,16,rate_uniform,normal,post_input_if,gaussian,1.5,30.820000,fashion_mnist-checkpoints/cnn2_c2_c4_L[16]_fashion_calibrated_mne_cnn2_c2_c4_cmne_a0p1_seed42_ep30_L16.pth,/Users/S4142196/Documents/Phd_Document/codes/QCFS_simulation_FI/important_results/fashion_cnn2_widths_four_regs_sigma0_3_seed42/cnn2_c2_c4/calibrated_mne_a0p1/seed_42/noise_sweep_matrix_fashion_mnist_cnn2_c2_c4_T16_mode_rate_uniform_schedule_normal_seed_42.csv
fashion_mnist,cnn2_c2_c4,calibrated_mne_a0p1,Calibrated MNE (α=0.1),calibrated_mne_l2,0p0005,0.0,42,16,0,16,rate_uniform,normal,post_input_if,gaussian,1.75,24.990000,fashion_mnist-checkpoints/cnn2_c2_c4_L[16]_fashion_calibrated_mne_cnn2_c2_c4_cmne_a0p1_seed42_ep30_L16.pth,/Users/S4142196/Documents/Phd_Document/codes/QCFS_simulation_FI/important_results/fashion_cnn2_widths_four_regs_sigma0_3_seed42/cnn2_c2_c4/calibrated_mne_a0p1/seed_42/noise_sweep_matrix_fashion_mnist_cnn2_c2_c4_T16_mode_rate_uniform_schedule_normal_seed_42.csv
fashion_mnist,cnn2_c2_c4,calibrated_mne_a0p1,Calibrated MNE (α=0.1),calibrated_mne_l2,0p0005,0.0,42,16,0,16,rate_uniform,normal,post_input_if,gaussian,2,20.280000,fashion_mnist-checkpoints/cnn2_c2_c4_L[16]_fashion_calibrated_mne_cnn2_c2_c4_cmne_a0p1_seed42_ep30_L16.pth,/Users/S4142196/Documents/Phd_Document/codes/QCFS_simulation_FI/important_results/fashion_cnn2_widths_four_regs_sigma0_3_seed42/cnn2_c2_c4/calibrated_mne_a0p1/seed_42/noise_sweep_matrix_fashion_mnist_cnn2_c2_c4_T16_mode_rate_uniform_schedule_normal_seed_42.csv
fashion_mnist,cnn2_c2_c4,calibrated_mne_a0p1,Calibrated MNE (α=0.1),calibrated_mne_l2,0p0005,0.0,42,16,0,16,rate_uniform,normal,post_input_if,gaussian,2.25,17.420000,fashion_mnist-checkpoints/cnn2_c2_c4_L[16]_fashion_calibrated_mne_cnn2_c2_c4_cmne_a0p1_seed42_ep30_L16.pth,/Users/S4142196/Documents/Phd_Document/codes/QCFS_simulation_FI/important_results/fashion_cnn2_widths_four_regs_sigma0_3_seed42/cnn2_c2_c4/calibrated_mne_a0p1/seed_42/noise_sweep_matrix_fashion_mnist_cnn2_c2_c4_T16_mode_rate_uniform_schedule_normal_seed_42.csv
fashion_mnist,cnn2_c2_c4,calibrated_mne_a0p1,Calibrated MNE (α=0.1),calibrated_mne_l2,0p0005,0.0,42,16,0,16,rate_uniform,normal,post_input_if,gaussian,2.5,15.360000,fashion_mnist-checkpoints/cnn2_c2_c4_L[16]_fashion_calibrated_mne_cnn2_c2_c4_cmne_a0p1_seed42_ep30_L16.pth,/Users/S4142196/Documents/Phd_Document/codes/QCFS_simulation_FI/important_results/fashion_cnn2_widths_four_regs_sigma0_3_seed42/cnn2_c2_c4/calibrated_mne_a0p1/seed_42/noise_sweep_matrix_fashion_mnist_cnn2_c2_c4_T16_mode_rate_uniform_schedule_normal_seed_42.csv
fashion_mnist,cnn2_c2_c4,calibrated_mne_a0p1,Calibrated MNE (α=0.1),calibrated_mne_l2,0p0005,0.0,42,16,0,16,rate_uniform,normal,post_input_if,gaussian,2.75,13.930000,fashion_mnist-checkpoints/cnn2_c2_c4_L[16]_fashion_calibrated_mne_cnn2_c2_c4_cmne_a0p1_seed42_ep30_L16.pth,/Users/S4142196/Documents/Phd_Document/codes/QCFS_simulation_FI/important_results/fashion_cnn2_widths_four_regs_sigma0_3_seed42/cnn2_c2_c4/calibrated_mne_a0p1/seed_42/noise_sweep_matrix_fashion_mnist_cnn2_c2_c4_T16_mode_rate_uniform_schedule_normal_seed_42.csv
fashion_mnist,cnn2_c2_c4,calibrated_mne_a0p1,Calibrated MNE (α=0.1),calibrated_mne_l2,0p0005,0.0,42,16,0,16,rate_uniform,normal,post_input_if,gaussian,3,12.930000,fashion_mnist-checkpoints/cnn2_c2_c4_L[16]_fashion_calibrated_mne_cnn2_c2_c4_cmne_a0p1_seed42_ep30_L16.pth,/Users/S4142196/Documents/Phd_Document/codes/QCFS_simulation_FI/important_results/fashion_cnn2_widths_four_regs_sigma0_3_seed42/cnn2_c2_c4/calibrated_mne_a0p1/seed_42/noise_sweep_matrix_fashion_mnist_cnn2_c2_c4_T16_mode_rate_uniform_schedule_normal_seed_42.csv
fashion_mnist,cnn2_c4_c8,weight_decay,L2-all (all params),weight_decay,none,0.0005,42,16,0,16,rate_uniform,normal,post_input_if,gaussian,0,84.820000,fashion_mnist-checkpoints/cnn2_c4_c8_L[16]_fashion_spectral_mne_cnn2_c4_c8_l2_rcnone_seed42_ep30_L16_trainT0.pth,/Users/S4142196/Documents/Phd_Document/codes/QCFS_simulation_FI/important_results/fashion_cnn2_widths_four_regs_sigma0_3_seed42/cnn2_c4_c8/weight_decay/seed_42/noise_sweep_matrix_fashion_mnist_cnn2_c4_c8_T16_mode_rate_uniform_schedule_normal_seed_42.csv
fashion_mnist,cnn2_c4_c8,weight_decay,L2-all (all params),weight_decay,none,0.0005,42,16,0,16,rate_uniform,normal,post_input_if,gaussian,0.25,82.480000,fashion_mnist-checkpoints/cnn2_c4_c8_L[16]_fashion_spectral_mne_cnn2_c4_c8_l2_rcnone_seed42_ep30_L16_trainT0.pth,/Users/S4142196/Documents/Phd_Document/codes/QCFS_simulation_FI/important_results/fashion_cnn2_widths_four_regs_sigma0_3_seed42/cnn2_c4_c8/weight_decay/seed_42/noise_sweep_matrix_fashion_mnist_cnn2_c4_c8_T16_mode_rate_uniform_schedule_normal_seed_42.csv
fashion_mnist,cnn2_c4_c8,weight_decay,L2-all (all params),weight_decay,none,0.0005,42,16,0,16,rate_uniform,normal,post_input_if,gaussian,0.5,76.380000,fashion_mnist-checkpoints/cnn2_c4_c8_L[16]_fashion_spectral_mne_cnn2_c4_c8_l2_rcnone_seed42_ep30_L16_trainT0.pth,/Users/S4142196/Documents/Phd_Document/codes/QCFS_simulation_FI/important_results/fashion_cnn2_widths_four_regs_sigma0_3_seed42/cnn2_c4_c8/weight_decay/seed_42/noise_sweep_matrix_fashion_mnist_cnn2_c4_c8_T16_mode_rate_uniform_schedule_normal_seed_42.csv
fashion_mnist,cnn2_c4_c8,weight_decay,L2-all (all params),weight_decay,none,0.0005,42,16,0,16,rate_uniform,normal,post_input_if,gaussian,0.75,66.490000,fashion_mnist-checkpoints/cnn2_c4_c8_L[16]_fashion_spectral_mne_cnn2_c4_c8_l2_rcnone_seed42_ep30_L16_trainT0.pth,/Users/S4142196/Documents/Phd_Document/codes/QCFS_simulation_FI/important_results/fashion_cnn2_widths_four_regs_sigma0_3_seed42/cnn2_c4_c8/weight_decay/seed_42/noise_sweep_matrix_fashion_mnist_cnn2_c4_c8_T16_mode_rate_uniform_schedule_normal_seed_42.csv
fashion_mnist,cnn2_c4_c8,weight_decay,L2-all (all params),weight_decay,none,0.0005,42,16,0,16,rate_uniform,normal,post_input_if,gaussian,1,53.450000,fashion_mnist-checkpoints/cnn2_c4_c8_L[16]_fashion_spectral_mne_cnn2_c4_c8_l2_rcnone_seed42_ep30_L16_trainT0.pth,/Users/S4142196/Documents/Phd_Document/codes/QCFS_simulation_FI/important_results/fashion_cnn2_widths_four_regs_sigma0_3_seed42/cnn2_c4_c8/weight_decay/seed_42/noise_sweep_matrix_fashion_mnist_cnn2_c4_c8_T16_mode_rate_uniform_schedule_normal_seed_42.csv
fashion_mnist,cnn2_c4_c8,weight_decay,L2-all (all params),weight_decay,none,0.0005,42,16,0,16,rate_uniform,normal,post_input_if,gaussian,1.25,39.600000,fashion_mnist-checkpoints/cnn2_c4_c8_L[16]_fashion_spectral_mne_cnn2_c4_c8_l2_rcnone_seed42_ep30_L16_trainT0.pth,/Users/S4142196/Documents/Phd_Document/codes/QCFS_simulation_FI/important_results/fashion_cnn2_widths_four_regs_sigma0_3_seed42/cnn2_c4_c8/weight_decay/seed_42/noise_sweep_matrix_fashion_mnist_cnn2_c4_c8_T16_mode_rate_uniform_schedule_normal_seed_42.csv
fashion_mnist,cnn2_c4_c8,weight_decay,L2-all (all params),weight_decay,none,0.0005,42,16,0,16,rate_uniform,normal,post_input_if,gaussian,1.5,28.850000,fashion_mnist-checkpoints/cnn2_c4_c8_L[16]_fashion_spectral_mne_cnn2_c4_c8_l2_rcnone_seed42_ep30_L16_trainT0.pth,/Users/S4142196/Documents/Phd_Document/codes/QCFS_simulation_FI/important_results/fashion_cnn2_widths_four_regs_sigma0_3_seed42/cnn2_c4_c8/weight_decay/seed_42/noise_sweep_matrix_fashion_mnist_cnn2_c4_c8_T16_mode_rate_uniform_schedule_normal_seed_42.csv
fashion_mnist,cnn2_c4_c8,weight_decay,L2-all (all params),weight_decay,none,0.0005,42,16,0,16,rate_uniform,normal,post_input_if,gaussian,1.75,23.170000,fashion_mnist-checkpoints/cnn2_c4_c8_L[16]_fashion_spectral_mne_cnn2_c4_c8_l2_rcnone_seed42_ep30_L16_trainT0.pth,/Users/S4142196/Documents/Phd_Document/codes/QCFS_simulation_FI/important_results/fashion_cnn2_widths_four_regs_sigma0_3_seed42/cnn2_c4_c8/weight_decay/seed_42/noise_sweep_matrix_fashion_mnist_cnn2_c4_c8_T16_mode_rate_uniform_schedule_normal_seed_42.csv
fashion_mnist,cnn2_c4_c8,weight_decay,L2-all (all params),weight_decay,none,0.0005,42,16,0,16,rate_uniform,normal,post_input_if,gaussian,2,19.150000,fashion_mnist-checkpoints/cnn2_c4_c8_L[16]_fashion_spectral_mne_cnn2_c4_c8_l2_rcnone_seed42_ep30_L16_trainT0.pth,/Users/S4142196/Documents/Phd_Document/codes/QCFS_simulation_FI/important_results/fashion_cnn2_widths_four_regs_sigma0_3_seed42/cnn2_c4_c8/weight_decay/seed_42/noise_sweep_matrix_fashion_mnist_cnn2_c4_c8_T16_mode_rate_uniform_schedule_normal_seed_42.csv
fashion_mnist,cnn2_c4_c8,weight_decay,L2-all (all params),weight_decay,none,0.0005,42,16,0,16,rate_uniform,normal,post_input_if,gaussian,2.25,17.810000,fashion_mnist-checkpoints/cnn2_c4_c8_L[16]_fashion_spectral_mne_cnn2_c4_c8_l2_rcnone_seed42_ep30_L16_trainT0.pth,/Users/S4142196/Documents/Phd_Document/codes/QCFS_simulation_FI/important_results/fashion_cnn2_widths_four_regs_sigma0_3_seed42/cnn2_c4_c8/weight_decay/seed_42/noise_sweep_matrix_fashion_mnist_cnn2_c4_c8_T16_mode_rate_uniform_schedule_normal_seed_42.csv
fashion_mnist,cnn2_c4_c8,weight_decay,L2-all (all params),weight_decay,none,0.0005,42,16,0,16,rate_uniform,normal,post_input_if,gaussian,2.5,16.450000,fashion_mnist-checkpoints/cnn2_c4_c8_L[16]_fashion_spectral_mne_cnn2_c4_c8_l2_rcnone_seed42_ep30_L16_trainT0.pth,/Users/S4142196/Documents/Phd_Document/codes/QCFS_simulation_FI/important_results/fashion_cnn2_widths_four_regs_sigma0_3_seed42/cnn2_c4_c8/weight_decay/seed_42/noise_sweep_matrix_fashion_mnist_cnn2_c4_c8_T16_mode_rate_uniform_schedule_normal_seed_42.csv
fashion_mnist,cnn2_c4_c8,weight_decay,L2-all (all params),weight_decay,none,0.0005,42,16,0,16,rate_uniform,normal,post_input_if,gaussian,2.75,15.990000,fashion_mnist-checkpoints/cnn2_c4_c8_L[16]_fashion_spectral_mne_cnn2_c4_c8_l2_rcnone_seed42_ep30_L16_trainT0.pth,/Users/S4142196/Documents/Phd_Document/codes/QCFS_simulation_FI/important_results/fashion_cnn2_widths_four_regs_sigma0_3_seed42/cnn2_c4_c8/weight_decay/seed_42/noise_sweep_matrix_fashion_mnist_cnn2_c4_c8_T16_mode_rate_uniform_schedule_normal_seed_42.csv
fashion_mnist,cnn2_c4_c8,weight_decay,L2-all (all params),weight_decay,none,0.0005,42,16,0,16,rate_uniform,normal,post_input_if,gaussian,3,15.300000,fashion_mnist-checkpoints/cnn2_c4_c8_L[16]_fashion_spectral_mne_cnn2_c4_c8_l2_rcnone_seed42_ep30_L16_trainT0.pth,/Users/S4142196/Documents/Phd_Document/codes/QCFS_simulation_FI/important_results/fashion_cnn2_widths_four_regs_sigma0_3_seed42/cnn2_c4_c8/weight_decay/seed_42/noise_sweep_matrix_fashion_mnist_cnn2_c4_c8_T16_mode_rate_uniform_schedule_normal_seed_42.csv
fashion_mnist,cnn2_c4_c8,weight_decay_weights_only,L2-wo (weights only),weight_decay_weights_only,none,0.0005,42,16,0,16,rate_uniform,normal,post_input_if,gaussian,0,84.750000,fashion_mnist-checkpoints/cnn2_c4_c8_L[16]_fashion_calibrated_mne_cnn2_c4_c8_l2_wo_seed42_ep30_L16.pth,/Users/S4142196/Documents/Phd_Document/codes/QCFS_simulation_FI/important_results/fashion_cnn2_widths_four_regs_sigma0_3_seed42/cnn2_c4_c8/weight_decay_weights_only/seed_42/noise_sweep_matrix_fashion_mnist_cnn2_c4_c8_T16_mode_rate_uniform_schedule_normal_seed_42.csv
fashion_mnist,cnn2_c4_c8,weight_decay_weights_only,L2-wo (weights only),weight_decay_weights_only,none,0.0005,42,16,0,16,rate_uniform,normal,post_input_if,gaussian,0.25,82.500000,fashion_mnist-checkpoints/cnn2_c4_c8_L[16]_fashion_calibrated_mne_cnn2_c4_c8_l2_wo_seed42_ep30_L16.pth,/Users/S4142196/Documents/Phd_Document/codes/QCFS_simulation_FI/important_results/fashion_cnn2_widths_four_regs_sigma0_3_seed42/cnn2_c4_c8/weight_decay_weights_only/seed_42/noise_sweep_matrix_fashion_mnist_cnn2_c4_c8_T16_mode_rate_uniform_schedule_normal_seed_42.csv
fashion_mnist,cnn2_c4_c8,weight_decay_weights_only,L2-wo (weights only),weight_decay_weights_only,none,0.0005,42,16,0,16,rate_uniform,normal,post_input_if,gaussian,0.5,77.390000,fashion_mnist-checkpoints/cnn2_c4_c8_L[16]_fashion_calibrated_mne_cnn2_c4_c8_l2_wo_seed42_ep30_L16.pth,/Users/S4142196/Documents/Phd_Document/codes/QCFS_simulation_FI/important_results/fashion_cnn2_widths_four_regs_sigma0_3_seed42/cnn2_c4_c8/weight_decay_weights_only/seed_42/noise_sweep_matrix_fashion_mnist_cnn2_c4_c8_T16_mode_rate_uniform_schedule_normal_seed_42.csv
fashion_mnist,cnn2_c4_c8,weight_decay_weights_only,L2-wo (weights only),weight_decay_weights_only,none,0.0005,42,16,0,16,rate_uniform,normal,post_input_if,gaussian,0.75,69.170000,fashion_mnist-checkpoints/cnn2_c4_c8_L[16]_fashion_calibrated_mne_cnn2_c4_c8_l2_wo_seed42_ep30_L16.pth,/Users/S4142196/Documents/Phd_Document/codes/QCFS_simulation_FI/important_results/fashion_cnn2_widths_four_regs_sigma0_3_seed42/cnn2_c4_c8/weight_decay_weights_only/seed_42/noise_sweep_matrix_fashion_mnist_cnn2_c4_c8_T16_mode_rate_uniform_schedule_normal_seed_42.csv
fashion_mnist,cnn2_c4_c8,weight_decay_weights_only,L2-wo (weights only),weight_decay_weights_only,none,0.0005,42,16,0,16,rate_uniform,normal,post_input_if,gaussian,1,54.650000,fashion_mnist-checkpoints/cnn2_c4_c8_L[16]_fashion_calibrated_mne_cnn2_c4_c8_l2_wo_seed42_ep30_L16.pth,/Users/S4142196/Documents/Phd_Document/codes/QCFS_simulation_FI/important_results/fashion_cnn2_widths_four_regs_sigma0_3_seed42/cnn2_c4_c8/weight_decay_weights_only/seed_42/noise_sweep_matrix_fashion_mnist_cnn2_c4_c8_T16_mode_rate_uniform_schedule_normal_seed_42.csv
fashion_mnist,cnn2_c4_c8,weight_decay_weights_only,L2-wo (weights only),weight_decay_weights_only,none,0.0005,42,16,0,16,rate_uniform,normal,post_input_if,gaussian,1.25,39.280000,fashion_mnist-checkpoints/cnn2_c4_c8_L[16]_fashion_calibrated_mne_cnn2_c4_c8_l2_wo_seed42_ep30_L16.pth,/Users/S4142196/Documents/Phd_Document/codes/QCFS_simulation_FI/important_results/fashion_cnn2_widths_four_regs_sigma0_3_seed42/cnn2_c4_c8/weight_decay_weights_only/seed_42/noise_sweep_matrix_fashion_mnist_cnn2_c4_c8_T16_mode_rate_uniform_schedule_normal_seed_42.csv
fashion_mnist,cnn2_c4_c8,weight_decay_weights_only,L2-wo (weights only),weight_decay_weights_only,none,0.0005,42,16,0,16,rate_uniform,normal,post_input_if,gaussian,1.5,27.200000,fashion_mnist-checkpoints/cnn2_c4_c8_L[16]_fashion_calibrated_mne_cnn2_c4_c8_l2_wo_seed42_ep30_L16.pth,/Users/S4142196/Documents/Phd_Document/codes/QCFS_simulation_FI/important_results/fashion_cnn2_widths_four_regs_sigma0_3_seed42/cnn2_c4_c8/weight_decay_weights_only/seed_42/noise_sweep_matrix_fashion_mnist_cnn2_c4_c8_T16_mode_rate_uniform_schedule_normal_seed_42.csv
fashion_mnist,cnn2_c4_c8,weight_decay_weights_only,L2-wo (weights only),weight_decay_weights_only,none,0.0005,42,16,0,16,rate_uniform,normal,post_input_if,gaussian,1.75,20.570000,fashion_mnist-checkpoints/cnn2_c4_c8_L[16]_fashion_calibrated_mne_cnn2_c4_c8_l2_wo_seed42_ep30_L16.pth,/Users/S4142196/Documents/Phd_Document/codes/QCFS_simulation_FI/important_results/fashion_cnn2_widths_four_regs_sigma0_3_seed42/cnn2_c4_c8/weight_decay_weights_only/seed_42/noise_sweep_matrix_fashion_mnist_cnn2_c4_c8_T16_mode_rate_uniform_schedule_normal_seed_42.csv
fashion_mnist,cnn2_c4_c8,weight_decay_weights_only,L2-wo (weights only),weight_decay_weights_only,none,0.0005,42,16,0,16,rate_uniform,normal,post_input_if,gaussian,2,16.510000,fashion_mnist-checkpoints/cnn2_c4_c8_L[16]_fashion_calibrated_mne_cnn2_c4_c8_l2_wo_seed42_ep30_L16.pth,/Users/S4142196/Documents/Phd_Document/codes/QCFS_simulation_FI/important_results/fashion_cnn2_widths_four_regs_sigma0_3_seed42/cnn2_c4_c8/weight_decay_weights_only/seed_42/noise_sweep_matrix_fashion_mnist_cnn2_c4_c8_T16_mode_rate_uniform_schedule_normal_seed_42.csv
fashion_mnist,cnn2_c4_c8,weight_decay_weights_only,L2-wo (weights only),weight_decay_weights_only,none,0.0005,42,16,0,16,rate_uniform,normal,post_input_if,gaussian,2.25,14.660000,fashion_mnist-checkpoints/cnn2_c4_c8_L[16]_fashion_calibrated_mne_cnn2_c4_c8_l2_wo_seed42_ep30_L16.pth,/Users/S4142196/Documents/Phd_Document/codes/QCFS_simulation_FI/important_results/fashion_cnn2_widths_four_regs_sigma0_3_seed42/cnn2_c4_c8/weight_decay_weights_only/seed_42/noise_sweep_matrix_fashion_mnist_cnn2_c4_c8_T16_mode_rate_uniform_schedule_normal_seed_42.csv
fashion_mnist,cnn2_c4_c8,weight_decay_weights_only,L2-wo (weights only),weight_decay_weights_only,none,0.0005,42,16,0,16,rate_uniform,normal,post_input_if,gaussian,2.5,13.650000,fashion_mnist-checkpoints/cnn2_c4_c8_L[16]_fashion_calibrated_mne_cnn2_c4_c8_l2_wo_seed42_ep30_L16.pth,/Users/S4142196/Documents/Phd_Document/codes/QCFS_simulation_FI/important_results/fashion_cnn2_widths_four_regs_sigma0_3_seed42/cnn2_c4_c8/weight_decay_weights_only/seed_42/noise_sweep_matrix_fashion_mnist_cnn2_c4_c8_T16_mode_rate_uniform_schedule_normal_seed_42.csv
fashion_mnist,cnn2_c4_c8,weight_decay_weights_only,L2-wo (weights only),weight_decay_weights_only,none,0.0005,42,16,0,16,rate_uniform,normal,post_input_if,gaussian,2.75,12.610000,fashion_mnist-checkpoints/cnn2_c4_c8_L[16]_fashion_calibrated_mne_cnn2_c4_c8_l2_wo_seed42_ep30_L16.pth,/Users/S4142196/Documents/Phd_Document/codes/QCFS_simulation_FI/important_results/fashion_cnn2_widths_four_regs_sigma0_3_seed42/cnn2_c4_c8/weight_decay_weights_only/seed_42/noise_sweep_matrix_fashion_mnist_cnn2_c4_c8_T16_mode_rate_uniform_schedule_normal_seed_42.csv
fashion_mnist,cnn2_c4_c8,weight_decay_weights_only,L2-wo (weights only),weight_decay_weights_only,none,0.0005,42,16,0,16,rate_uniform,normal,post_input_if,gaussian,3,12.280000,fashion_mnist-checkpoints/cnn2_c4_c8_L[16]_fashion_calibrated_mne_cnn2_c4_c8_l2_wo_seed42_ep30_L16.pth,/Users/S4142196/Documents/Phd_Document/codes/QCFS_simulation_FI/important_results/fashion_cnn2_widths_four_regs_sigma0_3_seed42/cnn2_c4_c8/weight_decay_weights_only/seed_42/noise_sweep_matrix_fashion_mnist_cnn2_c4_c8_T16_mode_rate_uniform_schedule_normal_seed_42.csv
fashion_mnist,cnn2_c4_c8,old_detach,Old MNE (detach λ),mne_l2,0p0001,0.0,42,16,0,16,rate_uniform,normal,post_input_if,gaussian,0,84.620000,fashion_mnist-checkpoints/cnn2_c4_c8_L[16]_fashion_spectral_mne_cnn2_c4_c8_old_detach_rc0p0001_seed42_ep30_L16_trainT0.pth,/Users/S4142196/Documents/Phd_Document/codes/QCFS_simulation_FI/important_results/fashion_cnn2_widths_four_regs_sigma0_3_seed42/cnn2_c4_c8/old_detach/seed_42/noise_sweep_matrix_fashion_mnist_cnn2_c4_c8_T16_mode_rate_uniform_schedule_normal_seed_42.csv
fashion_mnist,cnn2_c4_c8,old_detach,Old MNE (detach λ),mne_l2,0p0001,0.0,42,16,0,16,rate_uniform,normal,post_input_if,gaussian,0.25,83.070000,fashion_mnist-checkpoints/cnn2_c4_c8_L[16]_fashion_spectral_mne_cnn2_c4_c8_old_detach_rc0p0001_seed42_ep30_L16_trainT0.pth,/Users/S4142196/Documents/Phd_Document/codes/QCFS_simulation_FI/important_results/fashion_cnn2_widths_four_regs_sigma0_3_seed42/cnn2_c4_c8/old_detach/seed_42/noise_sweep_matrix_fashion_mnist_cnn2_c4_c8_T16_mode_rate_uniform_schedule_normal_seed_42.csv
fashion_mnist,cnn2_c4_c8,old_detach,Old MNE (detach λ),mne_l2,0p0001,0.0,42,16,0,16,rate_uniform,normal,post_input_if,gaussian,0.5,78.610000,fashion_mnist-checkpoints/cnn2_c4_c8_L[16]_fashion_spectral_mne_cnn2_c4_c8_old_detach_rc0p0001_seed42_ep30_L16_trainT0.pth,/Users/S4142196/Documents/Phd_Document/codes/QCFS_simulation_FI/important_results/fashion_cnn2_widths_four_regs_sigma0_3_seed42/cnn2_c4_c8/old_detach/seed_42/noise_sweep_matrix_fashion_mnist_cnn2_c4_c8_T16_mode_rate_uniform_schedule_normal_seed_42.csv
fashion_mnist,cnn2_c4_c8,old_detach,Old MNE (detach λ),mne_l2,0p0001,0.0,42,16,0,16,rate_uniform,normal,post_input_if,gaussian,0.75,71.660000,fashion_mnist-checkpoints/cnn2_c4_c8_L[16]_fashion_spectral_mne_cnn2_c4_c8_old_detach_rc0p0001_seed42_ep30_L16_trainT0.pth,/Users/S4142196/Documents/Phd_Document/codes/QCFS_simulation_FI/important_results/fashion_cnn2_widths_four_regs_sigma0_3_seed42/cnn2_c4_c8/old_detach/seed_42/noise_sweep_matrix_fashion_mnist_cnn2_c4_c8_T16_mode_rate_uniform_schedule_normal_seed_42.csv
fashion_mnist,cnn2_c4_c8,old_detach,Old MNE (detach λ),mne_l2,0p0001,0.0,42,16,0,16,rate_uniform,normal,post_input_if,gaussian,1,59.590000,fashion_mnist-checkpoints/cnn2_c4_c8_L[16]_fashion_spectral_mne_cnn2_c4_c8_old_detach_rc0p0001_seed42_ep30_L16_trainT0.pth,/Users/S4142196/Documents/Phd_Document/codes/QCFS_simulation_FI/important_results/fashion_cnn2_widths_four_regs_sigma0_3_seed42/cnn2_c4_c8/old_detach/seed_42/noise_sweep_matrix_fashion_mnist_cnn2_c4_c8_T16_mode_rate_uniform_schedule_normal_seed_42.csv
fashion_mnist,cnn2_c4_c8,old_detach,Old MNE (detach λ),mne_l2,0p0001,0.0,42,16,0,16,rate_uniform,normal,post_input_if,gaussian,1.25,46.130000,fashion_mnist-checkpoints/cnn2_c4_c8_L[16]_fashion_spectral_mne_cnn2_c4_c8_old_detach_rc0p0001_seed42_ep30_L16_trainT0.pth,/Users/S4142196/Documents/Phd_Document/codes/QCFS_simulation_FI/important_results/fashion_cnn2_widths_four_regs_sigma0_3_seed42/cnn2_c4_c8/old_detach/seed_42/noise_sweep_matrix_fashion_mnist_cnn2_c4_c8_T16_mode_rate_uniform_schedule_normal_seed_42.csv
fashion_mnist,cnn2_c4_c8,old_detach,Old MNE (detach λ),mne_l2,0p0001,0.0,42,16,0,16,rate_uniform,normal,post_input_if,gaussian,1.5,33.630000,fashion_mnist-checkpoints/cnn2_c4_c8_L[16]_fashion_spectral_mne_cnn2_c4_c8_old_detach_rc0p0001_seed42_ep30_L16_trainT0.pth,/Users/S4142196/Documents/Phd_Document/codes/QCFS_simulation_FI/important_results/fashion_cnn2_widths_four_regs_sigma0_3_seed42/cnn2_c4_c8/old_detach/seed_42/noise_sweep_matrix_fashion_mnist_cnn2_c4_c8_T16_mode_rate_uniform_schedule_normal_seed_42.csv
fashion_mnist,cnn2_c4_c8,old_detach,Old MNE (detach λ),mne_l2,0p0001,0.0,42,16,0,16,rate_uniform,normal,post_input_if,gaussian,1.75,26.100000,fashion_mnist-checkpoints/cnn2_c4_c8_L[16]_fashion_spectral_mne_cnn2_c4_c8_old_detach_rc0p0001_seed42_ep30_L16_trainT0.pth,/Users/S4142196/Documents/Phd_Document/codes/QCFS_simulation_FI/important_results/fashion_cnn2_widths_four_regs_sigma0_3_seed42/cnn2_c4_c8/old_detach/seed_42/noise_sweep_matrix_fashion_mnist_cnn2_c4_c8_T16_mode_rate_uniform_schedule_normal_seed_42.csv
fashion_mnist,cnn2_c4_c8,old_detach,Old MNE (detach λ),mne_l2,0p0001,0.0,42,16,0,16,rate_uniform,normal,post_input_if,gaussian,2,20.510000,fashion_mnist-checkpoints/cnn2_c4_c8_L[16]_fashion_spectral_mne_cnn2_c4_c8_old_detach_rc0p0001_seed42_ep30_L16_trainT0.pth,/Users/S4142196/Documents/Phd_Document/codes/QCFS_simulation_FI/important_results/fashion_cnn2_widths_four_regs_sigma0_3_seed42/cnn2_c4_c8/old_detach/seed_42/noise_sweep_matrix_fashion_mnist_cnn2_c4_c8_T16_mode_rate_uniform_schedule_normal_seed_42.csv
fashion_mnist,cnn2_c4_c8,old_detach,Old MNE (detach λ),mne_l2,0p0001,0.0,42,16,0,16,rate_uniform,normal,post_input_if,gaussian,2.25,17.670000,fashion_mnist-checkpoints/cnn2_c4_c8_L[16]_fashion_spectral_mne_cnn2_c4_c8_old_detach_rc0p0001_seed42_ep30_L16_trainT0.pth,/Users/S4142196/Documents/Phd_Document/codes/QCFS_simulation_FI/important_results/fashion_cnn2_widths_four_regs_sigma0_3_seed42/cnn2_c4_c8/old_detach/seed_42/noise_sweep_matrix_fashion_mnist_cnn2_c4_c8_T16_mode_rate_uniform_schedule_normal_seed_42.csv
fashion_mnist,cnn2_c4_c8,old_detach,Old MNE (detach λ),mne_l2,0p0001,0.0,42,16,0,16,rate_uniform,normal,post_input_if,gaussian,2.5,16.650000,fashion_mnist-checkpoints/cnn2_c4_c8_L[16]_fashion_spectral_mne_cnn2_c4_c8_old_detach_rc0p0001_seed42_ep30_L16_trainT0.pth,/Users/S4142196/Documents/Phd_Document/codes/QCFS_simulation_FI/important_results/fashion_cnn2_widths_four_regs_sigma0_3_seed42/cnn2_c4_c8/old_detach/seed_42/noise_sweep_matrix_fashion_mnist_cnn2_c4_c8_T16_mode_rate_uniform_schedule_normal_seed_42.csv
fashion_mnist,cnn2_c4_c8,old_detach,Old MNE (detach λ),mne_l2,0p0001,0.0,42,16,0,16,rate_uniform,normal,post_input_if,gaussian,2.75,15.220000,fashion_mnist-checkpoints/cnn2_c4_c8_L[16]_fashion_spectral_mne_cnn2_c4_c8_old_detach_rc0p0001_seed42_ep30_L16_trainT0.pth,/Users/S4142196/Documents/Phd_Document/codes/QCFS_simulation_FI/important_results/fashion_cnn2_widths_four_regs_sigma0_3_seed42/cnn2_c4_c8/old_detach/seed_42/noise_sweep_matrix_fashion_mnist_cnn2_c4_c8_T16_mode_rate_uniform_schedule_normal_seed_42.csv
fashion_mnist,cnn2_c4_c8,old_detach,Old MNE (detach λ),mne_l2,0p0001,0.0,42,16,0,16,rate_uniform,normal,post_input_if,gaussian,3,14.110000,fashion_mnist-checkpoints/cnn2_c4_c8_L[16]_fashion_spectral_mne_cnn2_c4_c8_old_detach_rc0p0001_seed42_ep30_L16_trainT0.pth,/Users/S4142196/Documents/Phd_Document/codes/QCFS_simulation_FI/important_results/fashion_cnn2_widths_four_regs_sigma0_3_seed42/cnn2_c4_c8/old_detach/seed_42/noise_sweep_matrix_fashion_mnist_cnn2_c4_c8_T16_mode_rate_uniform_schedule_normal_seed_42.csv
fashion_mnist,cnn2_c4_c8,calibrated_mne_a0p1,Calibrated MNE (α=0.1),calibrated_mne_l2,0p0005,0.0,42,16,0,16,rate_uniform,normal,post_input_if,gaussian,0,85.020000,fashion_mnist-checkpoints/cnn2_c4_c8_L[16]_fashion_calibrated_mne_cnn2_c4_c8_cmne_a0p1_seed42_ep30_L16.pth,/Users/S4142196/Documents/Phd_Document/codes/QCFS_simulation_FI/important_results/fashion_cnn2_widths_four_regs_sigma0_3_seed42/cnn2_c4_c8/calibrated_mne_a0p1/seed_42/noise_sweep_matrix_fashion_mnist_cnn2_c4_c8_T16_mode_rate_uniform_schedule_normal_seed_42.csv
fashion_mnist,cnn2_c4_c8,calibrated_mne_a0p1,Calibrated MNE (α=0.1),calibrated_mne_l2,0p0005,0.0,42,16,0,16,rate_uniform,normal,post_input_if,gaussian,0.25,82.670000,fashion_mnist-checkpoints/cnn2_c4_c8_L[16]_fashion_calibrated_mne_cnn2_c4_c8_cmne_a0p1_seed42_ep30_L16.pth,/Users/S4142196/Documents/Phd_Document/codes/QCFS_simulation_FI/important_results/fashion_cnn2_widths_four_regs_sigma0_3_seed42/cnn2_c4_c8/calibrated_mne_a0p1/seed_42/noise_sweep_matrix_fashion_mnist_cnn2_c4_c8_T16_mode_rate_uniform_schedule_normal_seed_42.csv
fashion_mnist,cnn2_c4_c8,calibrated_mne_a0p1,Calibrated MNE (α=0.1),calibrated_mne_l2,0p0005,0.0,42,16,0,16,rate_uniform,normal,post_input_if,gaussian,0.5,77.950000,fashion_mnist-checkpoints/cnn2_c4_c8_L[16]_fashion_calibrated_mne_cnn2_c4_c8_cmne_a0p1_seed42_ep30_L16.pth,/Users/S4142196/Documents/Phd_Document/codes/QCFS_simulation_FI/important_results/fashion_cnn2_widths_four_regs_sigma0_3_seed42/cnn2_c4_c8/calibrated_mne_a0p1/seed_42/noise_sweep_matrix_fashion_mnist_cnn2_c4_c8_T16_mode_rate_uniform_schedule_normal_seed_42.csv
fashion_mnist,cnn2_c4_c8,calibrated_mne_a0p1,Calibrated MNE (α=0.1),calibrated_mne_l2,0p0005,0.0,42,16,0,16,rate_uniform,normal,post_input_if,gaussian,0.75,69.760000,fashion_mnist-checkpoints/cnn2_c4_c8_L[16]_fashion_calibrated_mne_cnn2_c4_c8_cmne_a0p1_seed42_ep30_L16.pth,/Users/S4142196/Documents/Phd_Document/codes/QCFS_simulation_FI/important_results/fashion_cnn2_widths_four_regs_sigma0_3_seed42/cnn2_c4_c8/calibrated_mne_a0p1/seed_42/noise_sweep_matrix_fashion_mnist_cnn2_c4_c8_T16_mode_rate_uniform_schedule_normal_seed_42.csv
fashion_mnist,cnn2_c4_c8,calibrated_mne_a0p1,Calibrated MNE (α=0.1),calibrated_mne_l2,0p0005,0.0,42,16,0,16,rate_uniform,normal,post_input_if,gaussian,1,55.030000,fashion_mnist-checkpoints/cnn2_c4_c8_L[16]_fashion_calibrated_mne_cnn2_c4_c8_cmne_a0p1_seed42_ep30_L16.pth,/Users/S4142196/Documents/Phd_Document/codes/QCFS_simulation_FI/important_results/fashion_cnn2_widths_four_regs_sigma0_3_seed42/cnn2_c4_c8/calibrated_mne_a0p1/seed_42/noise_sweep_matrix_fashion_mnist_cnn2_c4_c8_T16_mode_rate_uniform_schedule_normal_seed_42.csv
fashion_mnist,cnn2_c4_c8,calibrated_mne_a0p1,Calibrated MNE (α=0.1),calibrated_mne_l2,0p0005,0.0,42,16,0,16,rate_uniform,normal,post_input_if,gaussian,1.25,40.210000,fashion_mnist-checkpoints/cnn2_c4_c8_L[16]_fashion_calibrated_mne_cnn2_c4_c8_cmne_a0p1_seed42_ep30_L16.pth,/Users/S4142196/Documents/Phd_Document/codes/QCFS_simulation_FI/important_results/fashion_cnn2_widths_four_regs_sigma0_3_seed42/cnn2_c4_c8/calibrated_mne_a0p1/seed_42/noise_sweep_matrix_fashion_mnist_cnn2_c4_c8_T16_mode_rate_uniform_schedule_normal_seed_42.csv
fashion_mnist,cnn2_c4_c8,calibrated_mne_a0p1,Calibrated MNE (α=0.1),calibrated_mne_l2,0p0005,0.0,42,16,0,16,rate_uniform,normal,post_input_if,gaussian,1.5,27.730000,fashion_mnist-checkpoints/cnn2_c4_c8_L[16]_fashion_calibrated_mne_cnn2_c4_c8_cmne_a0p1_seed42_ep30_L16.pth,/Users/S4142196/Documents/Phd_Document/codes/QCFS_simulation_FI/important_results/fashion_cnn2_widths_four_regs_sigma0_3_seed42/cnn2_c4_c8/calibrated_mne_a0p1/seed_42/noise_sweep_matrix_fashion_mnist_cnn2_c4_c8_T16_mode_rate_uniform_schedule_normal_seed_42.csv
fashion_mnist,cnn2_c4_c8,calibrated_mne_a0p1,Calibrated MNE (α=0.1),calibrated_mne_l2,0p0005,0.0,42,16,0,16,rate_uniform,normal,post_input_if,gaussian,1.75,21.310000,fashion_mnist-checkpoints/cnn2_c4_c8_L[16]_fashion_calibrated_mne_cnn2_c4_c8_cmne_a0p1_seed42_ep30_L16.pth,/Users/S4142196/Documents/Phd_Document/codes/QCFS_simulation_FI/important_results/fashion_cnn2_widths_four_regs_sigma0_3_seed42/cnn2_c4_c8/calibrated_mne_a0p1/seed_42/noise_sweep_matrix_fashion_mnist_cnn2_c4_c8_T16_mode_rate_uniform_schedule_normal_seed_42.csv
fashion_mnist,cnn2_c4_c8,calibrated_mne_a0p1,Calibrated MNE (α=0.1),calibrated_mne_l2,0p0005,0.0,42,16,0,16,rate_uniform,normal,post_input_if,gaussian,2,16.810000,fashion_mnist-checkpoints/cnn2_c4_c8_L[16]_fashion_calibrated_mne_cnn2_c4_c8_cmne_a0p1_seed42_ep30_L16.pth,/Users/S4142196/Documents/Phd_Document/codes/QCFS_simulation_FI/important_results/fashion_cnn2_widths_four_regs_sigma0_3_seed42/cnn2_c4_c8/calibrated_mne_a0p1/seed_42/noise_sweep_matrix_fashion_mnist_cnn2_c4_c8_T16_mode_rate_uniform_schedule_normal_seed_42.csv
fashion_mnist,cnn2_c4_c8,calibrated_mne_a0p1,Calibrated MNE (α=0.1),calibrated_mne_l2,0p0005,0.0,42,16,0,16,rate_uniform,normal,post_input_if,gaussian,2.25,14.950000,fashion_mnist-checkpoints/cnn2_c4_c8_L[16]_fashion_calibrated_mne_cnn2_c4_c8_cmne_a0p1_seed42_ep30_L16.pth,/Users/S4142196/Documents/Phd_Document/codes/QCFS_simulation_FI/important_results/fashion_cnn2_widths_four_regs_sigma0_3_seed42/cnn2_c4_c8/calibrated_mne_a0p1/seed_42/noise_sweep_matrix_fashion_mnist_cnn2_c4_c8_T16_mode_rate_uniform_schedule_normal_seed_42.csv
fashion_mnist,cnn2_c4_c8,calibrated_mne_a0p1,Calibrated MNE (α=0.1),calibrated_mne_l2,0p0005,0.0,42,16,0,16,rate_uniform,normal,post_input_if,gaussian,2.5,13.780000,fashion_mnist-checkpoints/cnn2_c4_c8_L[16]_fashion_calibrated_mne_cnn2_c4_c8_cmne_a0p1_seed42_ep30_L16.pth,/Users/S4142196/Documents/Phd_Document/codes/QCFS_simulation_FI/important_results/fashion_cnn2_widths_four_regs_sigma0_3_seed42/cnn2_c4_c8/calibrated_mne_a0p1/seed_42/noise_sweep_matrix_fashion_mnist_cnn2_c4_c8_T16_mode_rate_uniform_schedule_normal_seed_42.csv
fashion_mnist,cnn2_c4_c8,calibrated_mne_a0p1,Calibrated MNE (α=0.1),calibrated_mne_l2,0p0005,0.0,42,16,0,16,rate_uniform,normal,post_input_if,gaussian,2.75,12.930000,fashion_mnist-checkpoints/cnn2_c4_c8_L[16]_fashion_calibrated_mne_cnn2_c4_c8_cmne_a0p1_seed42_ep30_L16.pth,/Users/S4142196/Documents/Phd_Document/codes/QCFS_simulation_FI/important_results/fashion_cnn2_widths_four_regs_sigma0_3_seed42/cnn2_c4_c8/calibrated_mne_a0p1/seed_42/noise_sweep_matrix_fashion_mnist_cnn2_c4_c8_T16_mode_rate_uniform_schedule_normal_seed_42.csv
fashion_mnist,cnn2_c4_c8,calibrated_mne_a0p1,Calibrated MNE (α=0.1),calibrated_mne_l2,0p0005,0.0,42,16,0,16,rate_uniform,normal,post_input_if,gaussian,3,12.490000,fashion_mnist-checkpoints/cnn2_c4_c8_L[16]_fashion_calibrated_mne_cnn2_c4_c8_cmne_a0p1_seed42_ep30_L16.pth,/Users/S4142196/Documents/Phd_Document/codes/QCFS_simulation_FI/important_results/fashion_cnn2_widths_four_regs_sigma0_3_seed42/cnn2_c4_c8/calibrated_mne_a0p1/seed_42/noise_sweep_matrix_fashion_mnist_cnn2_c4_c8_T16_mode_rate_uniform_schedule_normal_seed_42.csv
fashion_mnist,cnn2_c8_c16,weight_decay,L2-all (all params),weight_decay,none,0.0005,42,16,0,16,rate_uniform,normal,post_input_if,gaussian,0,87.860000,fashion_mnist-checkpoints/cnn2_c8_c16_L[16]_fashion_spectral_mne_cnn2_c8_c16_l2_rcnone_seed42_ep30_L16_trainT0.pth,/Users/S4142196/Documents/Phd_Document/codes/QCFS_simulation_FI/important_results/fashion_cnn2_widths_four_regs_sigma0_3_seed42/cnn2_c8_c16/weight_decay/seed_42/noise_sweep_matrix_fashion_mnist_cnn2_c8_c16_T16_mode_rate_uniform_schedule_normal_seed_42.csv
fashion_mnist,cnn2_c8_c16,weight_decay,L2-all (all params),weight_decay,none,0.0005,42,16,0,16,rate_uniform,normal,post_input_if,gaussian,0.25,85.240000,fashion_mnist-checkpoints/cnn2_c8_c16_L[16]_fashion_spectral_mne_cnn2_c8_c16_l2_rcnone_seed42_ep30_L16_trainT0.pth,/Users/S4142196/Documents/Phd_Document/codes/QCFS_simulation_FI/important_results/fashion_cnn2_widths_four_regs_sigma0_3_seed42/cnn2_c8_c16/weight_decay/seed_42/noise_sweep_matrix_fashion_mnist_cnn2_c8_c16_T16_mode_rate_uniform_schedule_normal_seed_42.csv
fashion_mnist,cnn2_c8_c16,weight_decay,L2-all (all params),weight_decay,none,0.0005,42,16,0,16,rate_uniform,normal,post_input_if,gaussian,0.5,75.780000,fashion_mnist-checkpoints/cnn2_c8_c16_L[16]_fashion_spectral_mne_cnn2_c8_c16_l2_rcnone_seed42_ep30_L16_trainT0.pth,/Users/S4142196/Documents/Phd_Document/codes/QCFS_simulation_FI/important_results/fashion_cnn2_widths_four_regs_sigma0_3_seed42/cnn2_c8_c16/weight_decay/seed_42/noise_sweep_matrix_fashion_mnist_cnn2_c8_c16_T16_mode_rate_uniform_schedule_normal_seed_42.csv
fashion_mnist,cnn2_c8_c16,weight_decay,L2-all (all params),weight_decay,none,0.0005,42,16,0,16,rate_uniform,normal,post_input_if,gaussian,0.75,57.150000,fashion_mnist-checkpoints/cnn2_c8_c16_L[16]_fashion_spectral_mne_cnn2_c8_c16_l2_rcnone_seed42_ep30_L16_trainT0.pth,/Users/S4142196/Documents/Phd_Document/codes/QCFS_simulation_FI/important_results/fashion_cnn2_widths_four_regs_sigma0_3_seed42/cnn2_c8_c16/weight_decay/seed_42/noise_sweep_matrix_fashion_mnist_cnn2_c8_c16_T16_mode_rate_uniform_schedule_normal_seed_42.csv
fashion_mnist,cnn2_c8_c16,weight_decay,L2-all (all params),weight_decay,none,0.0005,42,16,0,16,rate_uniform,normal,post_input_if,gaussian,1,40.610000,fashion_mnist-checkpoints/cnn2_c8_c16_L[16]_fashion_spectral_mne_cnn2_c8_c16_l2_rcnone_seed42_ep30_L16_trainT0.pth,/Users/S4142196/Documents/Phd_Document/codes/QCFS_simulation_FI/important_results/fashion_cnn2_widths_four_regs_sigma0_3_seed42/cnn2_c8_c16/weight_decay/seed_42/noise_sweep_matrix_fashion_mnist_cnn2_c8_c16_T16_mode_rate_uniform_schedule_normal_seed_42.csv
fashion_mnist,cnn2_c8_c16,weight_decay,L2-all (all params),weight_decay,none,0.0005,42,16,0,16,rate_uniform,normal,post_input_if,gaussian,1.25,31.840000,fashion_mnist-checkpoints/cnn2_c8_c16_L[16]_fashion_spectral_mne_cnn2_c8_c16_l2_rcnone_seed42_ep30_L16_trainT0.pth,/Users/S4142196/Documents/Phd_Document/codes/QCFS_simulation_FI/important_results/fashion_cnn2_widths_four_regs_sigma0_3_seed42/cnn2_c8_c16/weight_decay/seed_42/noise_sweep_matrix_fashion_mnist_cnn2_c8_c16_T16_mode_rate_uniform_schedule_normal_seed_42.csv
fashion_mnist,cnn2_c8_c16,weight_decay,L2-all (all params),weight_decay,none,0.0005,42,16,0,16,rate_uniform,normal,post_input_if,gaussian,1.5,26.640000,fashion_mnist-checkpoints/cnn2_c8_c16_L[16]_fashion_spectral_mne_cnn2_c8_c16_l2_rcnone_seed42_ep30_L16_trainT0.pth,/Users/S4142196/Documents/Phd_Document/codes/QCFS_simulation_FI/important_results/fashion_cnn2_widths_four_regs_sigma0_3_seed42/cnn2_c8_c16/weight_decay/seed_42/noise_sweep_matrix_fashion_mnist_cnn2_c8_c16_T16_mode_rate_uniform_schedule_normal_seed_42.csv
fashion_mnist,cnn2_c8_c16,weight_decay,L2-all (all params),weight_decay,none,0.0005,42,16,0,16,rate_uniform,normal,post_input_if,gaussian,1.75,23.410000,fashion_mnist-checkpoints/cnn2_c8_c16_L[16]_fashion_spectral_mne_cnn2_c8_c16_l2_rcnone_seed42_ep30_L16_trainT0.pth,/Users/S4142196/Documents/Phd_Document/codes/QCFS_simulation_FI/important_results/fashion_cnn2_widths_four_regs_sigma0_3_seed42/cnn2_c8_c16/weight_decay/seed_42/noise_sweep_matrix_fashion_mnist_cnn2_c8_c16_T16_mode_rate_uniform_schedule_normal_seed_42.csv
fashion_mnist,cnn2_c8_c16,weight_decay,L2-all (all params),weight_decay,none,0.0005,42,16,0,16,rate_uniform,normal,post_input_if,gaussian,2,20.240000,fashion_mnist-checkpoints/cnn2_c8_c16_L[16]_fashion_spectral_mne_cnn2_c8_c16_l2_rcnone_seed42_ep30_L16_trainT0.pth,/Users/S4142196/Documents/Phd_Document/codes/QCFS_simulation_FI/important_results/fashion_cnn2_widths_four_regs_sigma0_3_seed42/cnn2_c8_c16/weight_decay/seed_42/noise_sweep_matrix_fashion_mnist_cnn2_c8_c16_T16_mode_rate_uniform_schedule_normal_seed_42.csv
fashion_mnist,cnn2_c8_c16,weight_decay,L2-all (all params),weight_decay,none,0.0005,42,16,0,16,rate_uniform,normal,post_input_if,gaussian,2.25,18.030000,fashion_mnist-checkpoints/cnn2_c8_c16_L[16]_fashion_spectral_mne_cnn2_c8_c16_l2_rcnone_seed42_ep30_L16_trainT0.pth,/Users/S4142196/Documents/Phd_Document/codes/QCFS_simulation_FI/important_results/fashion_cnn2_widths_four_regs_sigma0_3_seed42/cnn2_c8_c16/weight_decay/seed_42/noise_sweep_matrix_fashion_mnist_cnn2_c8_c16_T16_mode_rate_uniform_schedule_normal_seed_42.csv
fashion_mnist,cnn2_c8_c16,weight_decay,L2-all (all params),weight_decay,none,0.0005,42,16,0,16,rate_uniform,normal,post_input_if,gaussian,2.5,16.500000,fashion_mnist-checkpoints/cnn2_c8_c16_L[16]_fashion_spectral_mne_cnn2_c8_c16_l2_rcnone_seed42_ep30_L16_trainT0.pth,/Users/S4142196/Documents/Phd_Document/codes/QCFS_simulation_FI/important_results/fashion_cnn2_widths_four_regs_sigma0_3_seed42/cnn2_c8_c16/weight_decay/seed_42/noise_sweep_matrix_fashion_mnist_cnn2_c8_c16_T16_mode_rate_uniform_schedule_normal_seed_42.csv
fashion_mnist,cnn2_c8_c16,weight_decay,L2-all (all params),weight_decay,none,0.0005,42,16,0,16,rate_uniform,normal,post_input_if,gaussian,2.75,15.090000,fashion_mnist-checkpoints/cnn2_c8_c16_L[16]_fashion_spectral_mne_cnn2_c8_c16_l2_rcnone_seed42_ep30_L16_trainT0.pth,/Users/S4142196/Documents/Phd_Document/codes/QCFS_simulation_FI/important_results/fashion_cnn2_widths_four_regs_sigma0_3_seed42/cnn2_c8_c16/weight_decay/seed_42/noise_sweep_matrix_fashion_mnist_cnn2_c8_c16_T16_mode_rate_uniform_schedule_normal_seed_42.csv
fashion_mnist,cnn2_c8_c16,weight_decay,L2-all (all params),weight_decay,none,0.0005,42,16,0,16,rate_uniform,normal,post_input_if,gaussian,3,14.430000,fashion_mnist-checkpoints/cnn2_c8_c16_L[16]_fashion_spectral_mne_cnn2_c8_c16_l2_rcnone_seed42_ep30_L16_trainT0.pth,/Users/S4142196/Documents/Phd_Document/codes/QCFS_simulation_FI/important_results/fashion_cnn2_widths_four_regs_sigma0_3_seed42/cnn2_c8_c16/weight_decay/seed_42/noise_sweep_matrix_fashion_mnist_cnn2_c8_c16_T16_mode_rate_uniform_schedule_normal_seed_42.csv
fashion_mnist,cnn2_c8_c16,weight_decay_weights_only,L2-wo (weights only),weight_decay_weights_only,none,0.0005,42,16,0,16,rate_uniform,normal,post_input_if,gaussian,0,86.600000,fashion_mnist-checkpoints/cnn2_c8_c16_L[16]_fashion_calibrated_mne_cnn2_c8_c16_l2_wo_seed42_ep30_L16.pth,/Users/S4142196/Documents/Phd_Document/codes/QCFS_simulation_FI/important_results/fashion_cnn2_widths_four_regs_sigma0_3_seed42/cnn2_c8_c16/weight_decay_weights_only/seed_42/noise_sweep_matrix_fashion_mnist_cnn2_c8_c16_T16_mode_rate_uniform_schedule_normal_seed_42.csv
fashion_mnist,cnn2_c8_c16,weight_decay_weights_only,L2-wo (weights only),weight_decay_weights_only,none,0.0005,42,16,0,16,rate_uniform,normal,post_input_if,gaussian,0.25,85.170000,fashion_mnist-checkpoints/cnn2_c8_c16_L[16]_fashion_calibrated_mne_cnn2_c8_c16_l2_wo_seed42_ep30_L16.pth,/Users/S4142196/Documents/Phd_Document/codes/QCFS_simulation_FI/important_results/fashion_cnn2_widths_four_regs_sigma0_3_seed42/cnn2_c8_c16/weight_decay_weights_only/seed_42/noise_sweep_matrix_fashion_mnist_cnn2_c8_c16_T16_mode_rate_uniform_schedule_normal_seed_42.csv
fashion_mnist,cnn2_c8_c16,weight_decay_weights_only,L2-wo (weights only),weight_decay_weights_only,none,0.0005,42,16,0,16,rate_uniform,normal,post_input_if,gaussian,0.5,78.770000,fashion_mnist-checkpoints/cnn2_c8_c16_L[16]_fashion_calibrated_mne_cnn2_c8_c16_l2_wo_seed42_ep30_L16.pth,/Users/S4142196/Documents/Phd_Document/codes/QCFS_simulation_FI/important_results/fashion_cnn2_widths_four_regs_sigma0_3_seed42/cnn2_c8_c16/weight_decay_weights_only/seed_42/noise_sweep_matrix_fashion_mnist_cnn2_c8_c16_T16_mode_rate_uniform_schedule_normal_seed_42.csv
fashion_mnist,cnn2_c8_c16,weight_decay_weights_only,L2-wo (weights only),weight_decay_weights_only,none,0.0005,42,16,0,16,rate_uniform,normal,post_input_if,gaussian,0.75,63.830000,fashion_mnist-checkpoints/cnn2_c8_c16_L[16]_fashion_calibrated_mne_cnn2_c8_c16_l2_wo_seed42_ep30_L16.pth,/Users/S4142196/Documents/Phd_Document/codes/QCFS_simulation_FI/important_results/fashion_cnn2_widths_four_regs_sigma0_3_seed42/cnn2_c8_c16/weight_decay_weights_only/seed_42/noise_sweep_matrix_fashion_mnist_cnn2_c8_c16_T16_mode_rate_uniform_schedule_normal_seed_42.csv
fashion_mnist,cnn2_c8_c16,weight_decay_weights_only,L2-wo (weights only),weight_decay_weights_only,none,0.0005,42,16,0,16,rate_uniform,normal,post_input_if,gaussian,1,46.250000,fashion_mnist-checkpoints/cnn2_c8_c16_L[16]_fashion_calibrated_mne_cnn2_c8_c16_l2_wo_seed42_ep30_L16.pth,/Users/S4142196/Documents/Phd_Document/codes/QCFS_simulation_FI/important_results/fashion_cnn2_widths_four_regs_sigma0_3_seed42/cnn2_c8_c16/weight_decay_weights_only/seed_42/noise_sweep_matrix_fashion_mnist_cnn2_c8_c16_T16_mode_rate_uniform_schedule_normal_seed_42.csv
fashion_mnist,cnn2_c8_c16,weight_decay_weights_only,L2-wo (weights only),weight_decay_weights_only,none,0.0005,42,16,0,16,rate_uniform,normal,post_input_if,gaussian,1.25,33.980000,fashion_mnist-checkpoints/cnn2_c8_c16_L[16]_fashion_calibrated_mne_cnn2_c8_c16_l2_wo_seed42_ep30_L16.pth,/Users/S4142196/Documents/Phd_Document/codes/QCFS_simulation_FI/important_results/fashion_cnn2_widths_four_regs_sigma0_3_seed42/cnn2_c8_c16/weight_decay_weights_only/seed_42/noise_sweep_matrix_fashion_mnist_cnn2_c8_c16_T16_mode_rate_uniform_schedule_normal_seed_42.csv
fashion_mnist,cnn2_c8_c16,weight_decay_weights_only,L2-wo (weights only),weight_decay_weights_only,none,0.0005,42,16,0,16,rate_uniform,normal,post_input_if,gaussian,1.5,27.070000,fashion_mnist-checkpoints/cnn2_c8_c16_L[16]_fashion_calibrated_mne_cnn2_c8_c16_l2_wo_seed42_ep30_L16.pth,/Users/S4142196/Documents/Phd_Document/codes/QCFS_simulation_FI/important_results/fashion_cnn2_widths_four_regs_sigma0_3_seed42/cnn2_c8_c16/weight_decay_weights_only/seed_42/noise_sweep_matrix_fashion_mnist_cnn2_c8_c16_T16_mode_rate_uniform_schedule_normal_seed_42.csv
fashion_mnist,cnn2_c8_c16,weight_decay_weights_only,L2-wo (weights only),weight_decay_weights_only,none,0.0005,42,16,0,16,rate_uniform,normal,post_input_if,gaussian,1.75,22.860000,fashion_mnist-checkpoints/cnn2_c8_c16_L[16]_fashion_calibrated_mne_cnn2_c8_c16_l2_wo_seed42_ep30_L16.pth,/Users/S4142196/Documents/Phd_Document/codes/QCFS_simulation_FI/important_results/fashion_cnn2_widths_four_regs_sigma0_3_seed42/cnn2_c8_c16/weight_decay_weights_only/seed_42/noise_sweep_matrix_fashion_mnist_cnn2_c8_c16_T16_mode_rate_uniform_schedule_normal_seed_42.csv
fashion_mnist,cnn2_c8_c16,weight_decay_weights_only,L2-wo (weights only),weight_decay_weights_only,none,0.0005,42,16,0,16,rate_uniform,normal,post_input_if,gaussian,2,19.530000,fashion_mnist-checkpoints/cnn2_c8_c16_L[16]_fashion_calibrated_mne_cnn2_c8_c16_l2_wo_seed42_ep30_L16.pth,/Users/S4142196/Documents/Phd_Document/codes/QCFS_simulation_FI/important_results/fashion_cnn2_widths_four_regs_sigma0_3_seed42/cnn2_c8_c16/weight_decay_weights_only/seed_42/noise_sweep_matrix_fashion_mnist_cnn2_c8_c16_T16_mode_rate_uniform_schedule_normal_seed_42.csv
fashion_mnist,cnn2_c8_c16,weight_decay_weights_only,L2-wo (weights only),weight_decay_weights_only,none,0.0005,42,16,0,16,rate_uniform,normal,post_input_if,gaussian,2.25,17.110000,fashion_mnist-checkpoints/cnn2_c8_c16_L[16]_fashion_calibrated_mne_cnn2_c8_c16_l2_wo_seed42_ep30_L16.pth,/Users/S4142196/Documents/Phd_Document/codes/QCFS_simulation_FI/important_results/fashion_cnn2_widths_four_regs_sigma0_3_seed42/cnn2_c8_c16/weight_decay_weights_only/seed_42/noise_sweep_matrix_fashion_mnist_cnn2_c8_c16_T16_mode_rate_uniform_schedule_normal_seed_42.csv
fashion_mnist,cnn2_c8_c16,weight_decay_weights_only,L2-wo (weights only),weight_decay_weights_only,none,0.0005,42,16,0,16,rate_uniform,normal,post_input_if,gaussian,2.5,15.650000,fashion_mnist-checkpoints/cnn2_c8_c16_L[16]_fashion_calibrated_mne_cnn2_c8_c16_l2_wo_seed42_ep30_L16.pth,/Users/S4142196/Documents/Phd_Document/codes/QCFS_simulation_FI/important_results/fashion_cnn2_widths_four_regs_sigma0_3_seed42/cnn2_c8_c16/weight_decay_weights_only/seed_42/noise_sweep_matrix_fashion_mnist_cnn2_c8_c16_T16_mode_rate_uniform_schedule_normal_seed_42.csv
fashion_mnist,cnn2_c8_c16,weight_decay_weights_only,L2-wo (weights only),weight_decay_weights_only,none,0.0005,42,16,0,16,rate_uniform,normal,post_input_if,gaussian,2.75,14.910000,fashion_mnist-checkpoints/cnn2_c8_c16_L[16]_fashion_calibrated_mne_cnn2_c8_c16_l2_wo_seed42_ep30_L16.pth,/Users/S4142196/Documents/Phd_Document/codes/QCFS_simulation_FI/important_results/fashion_cnn2_widths_four_regs_sigma0_3_seed42/cnn2_c8_c16/weight_decay_weights_only/seed_42/noise_sweep_matrix_fashion_mnist_cnn2_c8_c16_T16_mode_rate_uniform_schedule_normal_seed_42.csv
fashion_mnist,cnn2_c8_c16,weight_decay_weights_only,L2-wo (weights only),weight_decay_weights_only,none,0.0005,42,16,0,16,rate_uniform,normal,post_input_if,gaussian,3,13.760000,fashion_mnist-checkpoints/cnn2_c8_c16_L[16]_fashion_calibrated_mne_cnn2_c8_c16_l2_wo_seed42_ep30_L16.pth,/Users/S4142196/Documents/Phd_Document/codes/QCFS_simulation_FI/important_results/fashion_cnn2_widths_four_regs_sigma0_3_seed42/cnn2_c8_c16/weight_decay_weights_only/seed_42/noise_sweep_matrix_fashion_mnist_cnn2_c8_c16_T16_mode_rate_uniform_schedule_normal_seed_42.csv
fashion_mnist,cnn2_c8_c16,old_detach,Old MNE (detach λ),mne_l2,0p0001,0.0,42,16,0,16,rate_uniform,normal,post_input_if,gaussian,0,86.760000,fashion_mnist-checkpoints/cnn2_c8_c16_L[16]_fashion_spectral_mne_cnn2_c8_c16_old_detach_rc0p0001_seed42_ep30_L16_trainT0.pth,/Users/S4142196/Documents/Phd_Document/codes/QCFS_simulation_FI/important_results/fashion_cnn2_widths_four_regs_sigma0_3_seed42/cnn2_c8_c16/old_detach/seed_42/noise_sweep_matrix_fashion_mnist_cnn2_c8_c16_T16_mode_rate_uniform_schedule_normal_seed_42.csv
fashion_mnist,cnn2_c8_c16,old_detach,Old MNE (detach λ),mne_l2,0p0001,0.0,42,16,0,16,rate_uniform,normal,post_input_if,gaussian,0.25,85.690000,fashion_mnist-checkpoints/cnn2_c8_c16_L[16]_fashion_spectral_mne_cnn2_c8_c16_old_detach_rc0p0001_seed42_ep30_L16_trainT0.pth,/Users/S4142196/Documents/Phd_Document/codes/QCFS_simulation_FI/important_results/fashion_cnn2_widths_four_regs_sigma0_3_seed42/cnn2_c8_c16/old_detach/seed_42/noise_sweep_matrix_fashion_mnist_cnn2_c8_c16_T16_mode_rate_uniform_schedule_normal_seed_42.csv
fashion_mnist,cnn2_c8_c16,old_detach,Old MNE (detach λ),mne_l2,0p0001,0.0,42,16,0,16,rate_uniform,normal,post_input_if,gaussian,0.5,78.870000,fashion_mnist-checkpoints/cnn2_c8_c16_L[16]_fashion_spectral_mne_cnn2_c8_c16_old_detach_rc0p0001_seed42_ep30_L16_trainT0.pth,/Users/S4142196/Documents/Phd_Document/codes/QCFS_simulation_FI/important_results/fashion_cnn2_widths_four_regs_sigma0_3_seed42/cnn2_c8_c16/old_detach/seed_42/noise_sweep_matrix_fashion_mnist_cnn2_c8_c16_T16_mode_rate_uniform_schedule_normal_seed_42.csv
fashion_mnist,cnn2_c8_c16,old_detach,Old MNE (detach λ),mne_l2,0p0001,0.0,42,16,0,16,rate_uniform,normal,post_input_if,gaussian,0.75,64.930000,fashion_mnist-checkpoints/cnn2_c8_c16_L[16]_fashion_spectral_mne_cnn2_c8_c16_old_detach_rc0p0001_seed42_ep30_L16_trainT0.pth,/Users/S4142196/Documents/Phd_Document/codes/QCFS_simulation_FI/important_results/fashion_cnn2_widths_four_regs_sigma0_3_seed42/cnn2_c8_c16/old_detach/seed_42/noise_sweep_matrix_fashion_mnist_cnn2_c8_c16_T16_mode_rate_uniform_schedule_normal_seed_42.csv
fashion_mnist,cnn2_c8_c16,old_detach,Old MNE (detach λ),mne_l2,0p0001,0.0,42,16,0,16,rate_uniform,normal,post_input_if,gaussian,1,48.020000,fashion_mnist-checkpoints/cnn2_c8_c16_L[16]_fashion_spectral_mne_cnn2_c8_c16_old_detach_rc0p0001_seed42_ep30_L16_trainT0.pth,/Users/S4142196/Documents/Phd_Document/codes/QCFS_simulation_FI/important_results/fashion_cnn2_widths_four_regs_sigma0_3_seed42/cnn2_c8_c16/old_detach/seed_42/noise_sweep_matrix_fashion_mnist_cnn2_c8_c16_T16_mode_rate_uniform_schedule_normal_seed_42.csv
fashion_mnist,cnn2_c8_c16,old_detach,Old MNE (detach λ),mne_l2,0p0001,0.0,42,16,0,16,rate_uniform,normal,post_input_if,gaussian,1.25,36.090000,fashion_mnist-checkpoints/cnn2_c8_c16_L[16]_fashion_spectral_mne_cnn2_c8_c16_old_detach_rc0p0001_seed42_ep30_L16_trainT0.pth,/Users/S4142196/Documents/Phd_Document/codes/QCFS_simulation_FI/important_results/fashion_cnn2_widths_four_regs_sigma0_3_seed42/cnn2_c8_c16/old_detach/seed_42/noise_sweep_matrix_fashion_mnist_cnn2_c8_c16_T16_mode_rate_uniform_schedule_normal_seed_42.csv
fashion_mnist,cnn2_c8_c16,old_detach,Old MNE (detach λ),mne_l2,0p0001,0.0,42,16,0,16,rate_uniform,normal,post_input_if,gaussian,1.5,28.660000,fashion_mnist-checkpoints/cnn2_c8_c16_L[16]_fashion_spectral_mne_cnn2_c8_c16_old_detach_rc0p0001_seed42_ep30_L16_trainT0.pth,/Users/S4142196/Documents/Phd_Document/codes/QCFS_simulation_FI/important_results/fashion_cnn2_widths_four_regs_sigma0_3_seed42/cnn2_c8_c16/old_detach/seed_42/noise_sweep_matrix_fashion_mnist_cnn2_c8_c16_T16_mode_rate_uniform_schedule_normal_seed_42.csv
fashion_mnist,cnn2_c8_c16,old_detach,Old MNE (detach λ),mne_l2,0p0001,0.0,42,16,0,16,rate_uniform,normal,post_input_if,gaussian,1.75,24.020000,fashion_mnist-checkpoints/cnn2_c8_c16_L[16]_fashion_spectral_mne_cnn2_c8_c16_old_detach_rc0p0001_seed42_ep30_L16_trainT0.pth,/Users/S4142196/Documents/Phd_Document/codes/QCFS_simulation_FI/important_results/fashion_cnn2_widths_four_regs_sigma0_3_seed42/cnn2_c8_c16/old_detach/seed_42/noise_sweep_matrix_fashion_mnist_cnn2_c8_c16_T16_mode_rate_uniform_schedule_normal_seed_42.csv
fashion_mnist,cnn2_c8_c16,old_detach,Old MNE (detach λ),mne_l2,0p0001,0.0,42,16,0,16,rate_uniform,normal,post_input_if,gaussian,2,20.500000,fashion_mnist-checkpoints/cnn2_c8_c16_L[16]_fashion_spectral_mne_cnn2_c8_c16_old_detach_rc0p0001_seed42_ep30_L16_trainT0.pth,/Users/S4142196/Documents/Phd_Document/codes/QCFS_simulation_FI/important_results/fashion_cnn2_widths_four_regs_sigma0_3_seed42/cnn2_c8_c16/old_detach/seed_42/noise_sweep_matrix_fashion_mnist_cnn2_c8_c16_T16_mode_rate_uniform_schedule_normal_seed_42.csv
fashion_mnist,cnn2_c8_c16,old_detach,Old MNE (detach λ),mne_l2,0p0001,0.0,42,16,0,16,rate_uniform,normal,post_input_if,gaussian,2.25,17.390000,fashion_mnist-checkpoints/cnn2_c8_c16_L[16]_fashion_spectral_mne_cnn2_c8_c16_old_detach_rc0p0001_seed42_ep30_L16_trainT0.pth,/Users/S4142196/Documents/Phd_Document/codes/QCFS_simulation_FI/important_results/fashion_cnn2_widths_four_regs_sigma0_3_seed42/cnn2_c8_c16/old_detach/seed_42/noise_sweep_matrix_fashion_mnist_cnn2_c8_c16_T16_mode_rate_uniform_schedule_normal_seed_42.csv
fashion_mnist,cnn2_c8_c16,old_detach,Old MNE (detach λ),mne_l2,0p0001,0.0,42,16,0,16,rate_uniform,normal,post_input_if,gaussian,2.5,15.960000,fashion_mnist-checkpoints/cnn2_c8_c16_L[16]_fashion_spectral_mne_cnn2_c8_c16_old_detach_rc0p0001_seed42_ep30_L16_trainT0.pth,/Users/S4142196/Documents/Phd_Document/codes/QCFS_simulation_FI/important_results/fashion_cnn2_widths_four_regs_sigma0_3_seed42/cnn2_c8_c16/old_detach/seed_42/noise_sweep_matrix_fashion_mnist_cnn2_c8_c16_T16_mode_rate_uniform_schedule_normal_seed_42.csv
fashion_mnist,cnn2_c8_c16,old_detach,Old MNE (detach λ),mne_l2,0p0001,0.0,42,16,0,16,rate_uniform,normal,post_input_if,gaussian,2.75,15.040000,fashion_mnist-checkpoints/cnn2_c8_c16_L[16]_fashion_spectral_mne_cnn2_c8_c16_old_detach_rc0p0001_seed42_ep30_L16_trainT0.pth,/Users/S4142196/Documents/Phd_Document/codes/QCFS_simulation_FI/important_results/fashion_cnn2_widths_four_regs_sigma0_3_seed42/cnn2_c8_c16/old_detach/seed_42/noise_sweep_matrix_fashion_mnist_cnn2_c8_c16_T16_mode_rate_uniform_schedule_normal_seed_42.csv
fashion_mnist,cnn2_c8_c16,old_detach,Old MNE (detach λ),mne_l2,0p0001,0.0,42,16,0,16,rate_uniform,normal,post_input_if,gaussian,3,13.870000,fashion_mnist-checkpoints/cnn2_c8_c16_L[16]_fashion_spectral_mne_cnn2_c8_c16_old_detach_rc0p0001_seed42_ep30_L16_trainT0.pth,/Users/S4142196/Documents/Phd_Document/codes/QCFS_simulation_FI/important_results/fashion_cnn2_widths_four_regs_sigma0_3_seed42/cnn2_c8_c16/old_detach/seed_42/noise_sweep_matrix_fashion_mnist_cnn2_c8_c16_T16_mode_rate_uniform_schedule_normal_seed_42.csv
fashion_mnist,cnn2_c8_c16,calibrated_mne_a0p1,Calibrated MNE (α=0.1),calibrated_mne_l2,0p0005,0.0,42,16,0,16,rate_uniform,normal,post_input_if,gaussian,0,86.930000,fashion_mnist-checkpoints/cnn2_c8_c16_L[16]_fashion_calibrated_mne_cnn2_c8_c16_cmne_a0p1_seed42_ep30_L16.pth,/Users/S4142196/Documents/Phd_Document/codes/QCFS_simulation_FI/important_results/fashion_cnn2_widths_four_regs_sigma0_3_seed42/cnn2_c8_c16/calibrated_mne_a0p1/seed_42/noise_sweep_matrix_fashion_mnist_cnn2_c8_c16_T16_mode_rate_uniform_schedule_normal_seed_42.csv
fashion_mnist,cnn2_c8_c16,calibrated_mne_a0p1,Calibrated MNE (α=0.1),calibrated_mne_l2,0p0005,0.0,42,16,0,16,rate_uniform,normal,post_input_if,gaussian,0.25,85.340000,fashion_mnist-checkpoints/cnn2_c8_c16_L[16]_fashion_calibrated_mne_cnn2_c8_c16_cmne_a0p1_seed42_ep30_L16.pth,/Users/S4142196/Documents/Phd_Document/codes/QCFS_simulation_FI/important_results/fashion_cnn2_widths_four_regs_sigma0_3_seed42/cnn2_c8_c16/calibrated_mne_a0p1/seed_42/noise_sweep_matrix_fashion_mnist_cnn2_c8_c16_T16_mode_rate_uniform_schedule_normal_seed_42.csv
fashion_mnist,cnn2_c8_c16,calibrated_mne_a0p1,Calibrated MNE (α=0.1),calibrated_mne_l2,0p0005,0.0,42,16,0,16,rate_uniform,normal,post_input_if,gaussian,0.5,79.680000,fashion_mnist-checkpoints/cnn2_c8_c16_L[16]_fashion_calibrated_mne_cnn2_c8_c16_cmne_a0p1_seed42_ep30_L16.pth,/Users/S4142196/Documents/Phd_Document/codes/QCFS_simulation_FI/important_results/fashion_cnn2_widths_four_regs_sigma0_3_seed42/cnn2_c8_c16/calibrated_mne_a0p1/seed_42/noise_sweep_matrix_fashion_mnist_cnn2_c8_c16_T16_mode_rate_uniform_schedule_normal_seed_42.csv
fashion_mnist,cnn2_c8_c16,calibrated_mne_a0p1,Calibrated MNE (α=0.1),calibrated_mne_l2,0p0005,0.0,42,16,0,16,rate_uniform,normal,post_input_if,gaussian,0.75,65.960000,fashion_mnist-checkpoints/cnn2_c8_c16_L[16]_fashion_calibrated_mne_cnn2_c8_c16_cmne_a0p1_seed42_ep30_L16.pth,/Users/S4142196/Documents/Phd_Document/codes/QCFS_simulation_FI/important_results/fashion_cnn2_widths_four_regs_sigma0_3_seed42/cnn2_c8_c16/calibrated_mne_a0p1/seed_42/noise_sweep_matrix_fashion_mnist_cnn2_c8_c16_T16_mode_rate_uniform_schedule_normal_seed_42.csv
fashion_mnist,cnn2_c8_c16,calibrated_mne_a0p1,Calibrated MNE (α=0.1),calibrated_mne_l2,0p0005,0.0,42,16,0,16,rate_uniform,normal,post_input_if,gaussian,1,47.770000,fashion_mnist-checkpoints/cnn2_c8_c16_L[16]_fashion_calibrated_mne_cnn2_c8_c16_cmne_a0p1_seed42_ep30_L16.pth,/Users/S4142196/Documents/Phd_Document/codes/QCFS_simulation_FI/important_results/fashion_cnn2_widths_four_regs_sigma0_3_seed42/cnn2_c8_c16/calibrated_mne_a0p1/seed_42/noise_sweep_matrix_fashion_mnist_cnn2_c8_c16_T16_mode_rate_uniform_schedule_normal_seed_42.csv
fashion_mnist,cnn2_c8_c16,calibrated_mne_a0p1,Calibrated MNE (α=0.1),calibrated_mne_l2,0p0005,0.0,42,16,0,16,rate_uniform,normal,post_input_if,gaussian,1.25,34.860000,fashion_mnist-checkpoints/cnn2_c8_c16_L[16]_fashion_calibrated_mne_cnn2_c8_c16_cmne_a0p1_seed42_ep30_L16.pth,/Users/S4142196/Documents/Phd_Document/codes/QCFS_simulation_FI/important_results/fashion_cnn2_widths_four_regs_sigma0_3_seed42/cnn2_c8_c16/calibrated_mne_a0p1/seed_42/noise_sweep_matrix_fashion_mnist_cnn2_c8_c16_T16_mode_rate_uniform_schedule_normal_seed_42.csv
fashion_mnist,cnn2_c8_c16,calibrated_mne_a0p1,Calibrated MNE (α=0.1),calibrated_mne_l2,0p0005,0.0,42,16,0,16,rate_uniform,normal,post_input_if,gaussian,1.5,27.660000,fashion_mnist-checkpoints/cnn2_c8_c16_L[16]_fashion_calibrated_mne_cnn2_c8_c16_cmne_a0p1_seed42_ep30_L16.pth,/Users/S4142196/Documents/Phd_Document/codes/QCFS_simulation_FI/important_results/fashion_cnn2_widths_four_regs_sigma0_3_seed42/cnn2_c8_c16/calibrated_mne_a0p1/seed_42/noise_sweep_matrix_fashion_mnist_cnn2_c8_c16_T16_mode_rate_uniform_schedule_normal_seed_42.csv
fashion_mnist,cnn2_c8_c16,calibrated_mne_a0p1,Calibrated MNE (α=0.1),calibrated_mne_l2,0p0005,0.0,42,16,0,16,rate_uniform,normal,post_input_if,gaussian,1.75,23.200000,fashion_mnist-checkpoints/cnn2_c8_c16_L[16]_fashion_calibrated_mne_cnn2_c8_c16_cmne_a0p1_seed42_ep30_L16.pth,/Users/S4142196/Documents/Phd_Document/codes/QCFS_simulation_FI/important_results/fashion_cnn2_widths_four_regs_sigma0_3_seed42/cnn2_c8_c16/calibrated_mne_a0p1/seed_42/noise_sweep_matrix_fashion_mnist_cnn2_c8_c16_T16_mode_rate_uniform_schedule_normal_seed_42.csv
fashion_mnist,cnn2_c8_c16,calibrated_mne_a0p1,Calibrated MNE (α=0.1),calibrated_mne_l2,0p0005,0.0,42,16,0,16,rate_uniform,normal,post_input_if,gaussian,2,19.640000,fashion_mnist-checkpoints/cnn2_c8_c16_L[16]_fashion_calibrated_mne_cnn2_c8_c16_cmne_a0p1_seed42_ep30_L16.pth,/Users/S4142196/Documents/Phd_Document/codes/QCFS_simulation_FI/important_results/fashion_cnn2_widths_four_regs_sigma0_3_seed42/cnn2_c8_c16/calibrated_mne_a0p1/seed_42/noise_sweep_matrix_fashion_mnist_cnn2_c8_c16_T16_mode_rate_uniform_schedule_normal_seed_42.csv
fashion_mnist,cnn2_c8_c16,calibrated_mne_a0p1,Calibrated MNE (α=0.1),calibrated_mne_l2,0p0005,0.0,42,16,0,16,rate_uniform,normal,post_input_if,gaussian,2.25,17.020000,fashion_mnist-checkpoints/cnn2_c8_c16_L[16]_fashion_calibrated_mne_cnn2_c8_c16_cmne_a0p1_seed42_ep30_L16.pth,/Users/S4142196/Documents/Phd_Document/codes/QCFS_simulation_FI/important_results/fashion_cnn2_widths_four_regs_sigma0_3_seed42/cnn2_c8_c16/calibrated_mne_a0p1/seed_42/noise_sweep_matrix_fashion_mnist_cnn2_c8_c16_T16_mode_rate_uniform_schedule_normal_seed_42.csv
fashion_mnist,cnn2_c8_c16,calibrated_mne_a0p1,Calibrated MNE (α=0.1),calibrated_mne_l2,0p0005,0.0,42,16,0,16,rate_uniform,normal,post_input_if,gaussian,2.5,15.560000,fashion_mnist-checkpoints/cnn2_c8_c16_L[16]_fashion_calibrated_mne_cnn2_c8_c16_cmne_a0p1_seed42_ep30_L16.pth,/Users/S4142196/Documents/Phd_Document/codes/QCFS_simulation_FI/important_results/fashion_cnn2_widths_four_regs_sigma0_3_seed42/cnn2_c8_c16/calibrated_mne_a0p1/seed_42/noise_sweep_matrix_fashion_mnist_cnn2_c8_c16_T16_mode_rate_uniform_schedule_normal_seed_42.csv
fashion_mnist,cnn2_c8_c16,calibrated_mne_a0p1,Calibrated MNE (α=0.1),calibrated_mne_l2,0p0005,0.0,42,16,0,16,rate_uniform,normal,post_input_if,gaussian,2.75,14.780000,fashion_mnist-checkpoints/cnn2_c8_c16_L[16]_fashion_calibrated_mne_cnn2_c8_c16_cmne_a0p1_seed42_ep30_L16.pth,/Users/S4142196/Documents/Phd_Document/codes/QCFS_simulation_FI/important_results/fashion_cnn2_widths_four_regs_sigma0_3_seed42/cnn2_c8_c16/calibrated_mne_a0p1/seed_42/noise_sweep_matrix_fashion_mnist_cnn2_c8_c16_T16_mode_rate_uniform_schedule_normal_seed_42.csv
fashion_mnist,cnn2_c8_c16,calibrated_mne_a0p1,Calibrated MNE (α=0.1),calibrated_mne_l2,0p0005,0.0,42,16,0,16,rate_uniform,normal,post_input_if,gaussian,3,14.010000,fashion_mnist-checkpoints/cnn2_c8_c16_L[16]_fashion_calibrated_mne_cnn2_c8_c16_cmne_a0p1_seed42_ep30_L16.pth,/Users/S4142196/Documents/Phd_Document/codes/QCFS_simulation_FI/important_results/fashion_cnn2_widths_four_regs_sigma0_3_seed42/cnn2_c8_c16/calibrated_mne_a0p1/seed_42/noise_sweep_matrix_fashion_mnist_cnn2_c8_c16_T16_mode_rate_uniform_schedule_normal_seed_42.csv
fashion_mnist,cnn2_c16_c32,weight_decay,L2-all (all params),weight_decay,none,0.0005,42,16,0,16,rate_uniform,normal,post_input_if,gaussian,0,89.120000,fashion_mnist-checkpoints/cnn2_c16_c32_L[16]_fashion_spectral_mne_cnn2_c16_c32_l2_rcnone_seed42_ep30_L16_trainT0.pth,/Users/S4142196/Documents/Phd_Document/codes/QCFS_simulation_FI/important_results/fashion_cnn2_widths_four_regs_sigma0_3_seed42/cnn2_c16_c32/weight_decay/seed_42/noise_sweep_matrix_fashion_mnist_cnn2_c16_c32_T16_mode_rate_uniform_schedule_normal_seed_42.csv
fashion_mnist,cnn2_c16_c32,weight_decay,L2-all (all params),weight_decay,none,0.0005,42,16,0,16,rate_uniform,normal,post_input_if,gaussian,0.25,86.850000,fashion_mnist-checkpoints/cnn2_c16_c32_L[16]_fashion_spectral_mne_cnn2_c16_c32_l2_rcnone_seed42_ep30_L16_trainT0.pth,/Users/S4142196/Documents/Phd_Document/codes/QCFS_simulation_FI/important_results/fashion_cnn2_widths_four_regs_sigma0_3_seed42/cnn2_c16_c32/weight_decay/seed_42/noise_sweep_matrix_fashion_mnist_cnn2_c16_c32_T16_mode_rate_uniform_schedule_normal_seed_42.csv
fashion_mnist,cnn2_c16_c32,weight_decay,L2-all (all params),weight_decay,none,0.0005,42,16,0,16,rate_uniform,normal,post_input_if,gaussian,0.5,79.400000,fashion_mnist-checkpoints/cnn2_c16_c32_L[16]_fashion_spectral_mne_cnn2_c16_c32_l2_rcnone_seed42_ep30_L16_trainT0.pth,/Users/S4142196/Documents/Phd_Document/codes/QCFS_simulation_FI/important_results/fashion_cnn2_widths_four_regs_sigma0_3_seed42/cnn2_c16_c32/weight_decay/seed_42/noise_sweep_matrix_fashion_mnist_cnn2_c16_c32_T16_mode_rate_uniform_schedule_normal_seed_42.csv
fashion_mnist,cnn2_c16_c32,weight_decay,L2-all (all params),weight_decay,none,0.0005,42,16,0,16,rate_uniform,normal,post_input_if,gaussian,0.75,66.160000,fashion_mnist-checkpoints/cnn2_c16_c32_L[16]_fashion_spectral_mne_cnn2_c16_c32_l2_rcnone_seed42_ep30_L16_trainT0.pth,/Users/S4142196/Documents/Phd_Document/codes/QCFS_simulation_FI/important_results/fashion_cnn2_widths_four_regs_sigma0_3_seed42/cnn2_c16_c32/weight_decay/seed_42/noise_sweep_matrix_fashion_mnist_cnn2_c16_c32_T16_mode_rate_uniform_schedule_normal_seed_42.csv
fashion_mnist,cnn2_c16_c32,weight_decay,L2-all (all params),weight_decay,none,0.0005,42,16,0,16,rate_uniform,normal,post_input_if,gaussian,1,47.690000,fashion_mnist-checkpoints/cnn2_c16_c32_L[16]_fashion_spectral_mne_cnn2_c16_c32_l2_rcnone_seed42_ep30_L16_trainT0.pth,/Users/S4142196/Documents/Phd_Document/codes/QCFS_simulation_FI/important_results/fashion_cnn2_widths_four_regs_sigma0_3_seed42/cnn2_c16_c32/weight_decay/seed_42/noise_sweep_matrix_fashion_mnist_cnn2_c16_c32_T16_mode_rate_uniform_schedule_normal_seed_42.csv
fashion_mnist,cnn2_c16_c32,weight_decay,L2-all (all params),weight_decay,none,0.0005,42,16,0,16,rate_uniform,normal,post_input_if,gaussian,1.25,33.470000,fashion_mnist-checkpoints/cnn2_c16_c32_L[16]_fashion_spectral_mne_cnn2_c16_c32_l2_rcnone_seed42_ep30_L16_trainT0.pth,/Users/S4142196/Documents/Phd_Document/codes/QCFS_simulation_FI/important_results/fashion_cnn2_widths_four_regs_sigma0_3_seed42/cnn2_c16_c32/weight_decay/seed_42/noise_sweep_matrix_fashion_mnist_cnn2_c16_c32_T16_mode_rate_uniform_schedule_normal_seed_42.csv
fashion_mnist,cnn2_c16_c32,weight_decay,L2-all (all params),weight_decay,none,0.0005,42,16,0,16,rate_uniform,normal,post_input_if,gaussian,1.5,25.820000,fashion_mnist-checkpoints/cnn2_c16_c32_L[16]_fashion_spectral_mne_cnn2_c16_c32_l2_rcnone_seed42_ep30_L16_trainT0.pth,/Users/S4142196/Documents/Phd_Document/codes/QCFS_simulation_FI/important_results/fashion_cnn2_widths_four_regs_sigma0_3_seed42/cnn2_c16_c32/weight_decay/seed_42/noise_sweep_matrix_fashion_mnist_cnn2_c16_c32_T16_mode_rate_uniform_schedule_normal_seed_42.csv
fashion_mnist,cnn2_c16_c32,weight_decay,L2-all (all params),weight_decay,none,0.0005,42,16,0,16,rate_uniform,normal,post_input_if,gaussian,1.75,20.790000,fashion_mnist-checkpoints/cnn2_c16_c32_L[16]_fashion_spectral_mne_cnn2_c16_c32_l2_rcnone_seed42_ep30_L16_trainT0.pth,/Users/S4142196/Documents/Phd_Document/codes/QCFS_simulation_FI/important_results/fashion_cnn2_widths_four_regs_sigma0_3_seed42/cnn2_c16_c32/weight_decay/seed_42/noise_sweep_matrix_fashion_mnist_cnn2_c16_c32_T16_mode_rate_uniform_schedule_normal_seed_42.csv
fashion_mnist,cnn2_c16_c32,weight_decay,L2-all (all params),weight_decay,none,0.0005,42,16,0,16,rate_uniform,normal,post_input_if,gaussian,2,18.200000,fashion_mnist-checkpoints/cnn2_c16_c32_L[16]_fashion_spectral_mne_cnn2_c16_c32_l2_rcnone_seed42_ep30_L16_trainT0.pth,/Users/S4142196/Documents/Phd_Document/codes/QCFS_simulation_FI/important_results/fashion_cnn2_widths_four_regs_sigma0_3_seed42/cnn2_c16_c32/weight_decay/seed_42/noise_sweep_matrix_fashion_mnist_cnn2_c16_c32_T16_mode_rate_uniform_schedule_normal_seed_42.csv
fashion_mnist,cnn2_c16_c32,weight_decay,L2-all (all params),weight_decay,none,0.0005,42,16,0,16,rate_uniform,normal,post_input_if,gaussian,2.25,15.660000,fashion_mnist-checkpoints/cnn2_c16_c32_L[16]_fashion_spectral_mne_cnn2_c16_c32_l2_rcnone_seed42_ep30_L16_trainT0.pth,/Users/S4142196/Documents/Phd_Document/codes/QCFS_simulation_FI/important_results/fashion_cnn2_widths_four_regs_sigma0_3_seed42/cnn2_c16_c32/weight_decay/seed_42/noise_sweep_matrix_fashion_mnist_cnn2_c16_c32_T16_mode_rate_uniform_schedule_normal_seed_42.csv
fashion_mnist,cnn2_c16_c32,weight_decay,L2-all (all params),weight_decay,none,0.0005,42,16,0,16,rate_uniform,normal,post_input_if,gaussian,2.5,14.130000,fashion_mnist-checkpoints/cnn2_c16_c32_L[16]_fashion_spectral_mne_cnn2_c16_c32_l2_rcnone_seed42_ep30_L16_trainT0.pth,/Users/S4142196/Documents/Phd_Document/codes/QCFS_simulation_FI/important_results/fashion_cnn2_widths_four_regs_sigma0_3_seed42/cnn2_c16_c32/weight_decay/seed_42/noise_sweep_matrix_fashion_mnist_cnn2_c16_c32_T16_mode_rate_uniform_schedule_normal_seed_42.csv
fashion_mnist,cnn2_c16_c32,weight_decay,L2-all (all params),weight_decay,none,0.0005,42,16,0,16,rate_uniform,normal,post_input_if,gaussian,2.75,13.600000,fashion_mnist-checkpoints/cnn2_c16_c32_L[16]_fashion_spectral_mne_cnn2_c16_c32_l2_rcnone_seed42_ep30_L16_trainT0.pth,/Users/S4142196/Documents/Phd_Document/codes/QCFS_simulation_FI/important_results/fashion_cnn2_widths_four_regs_sigma0_3_seed42/cnn2_c16_c32/weight_decay/seed_42/noise_sweep_matrix_fashion_mnist_cnn2_c16_c32_T16_mode_rate_uniform_schedule_normal_seed_42.csv
fashion_mnist,cnn2_c16_c32,weight_decay,L2-all (all params),weight_decay,none,0.0005,42,16,0,16,rate_uniform,normal,post_input_if,gaussian,3,12.630000,fashion_mnist-checkpoints/cnn2_c16_c32_L[16]_fashion_spectral_mne_cnn2_c16_c32_l2_rcnone_seed42_ep30_L16_trainT0.pth,/Users/S4142196/Documents/Phd_Document/codes/QCFS_simulation_FI/important_results/fashion_cnn2_widths_four_regs_sigma0_3_seed42/cnn2_c16_c32/weight_decay/seed_42/noise_sweep_matrix_fashion_mnist_cnn2_c16_c32_T16_mode_rate_uniform_schedule_normal_seed_42.csv
fashion_mnist,cnn2_c16_c32,weight_decay_weights_only,L2-wo (weights only),weight_decay_weights_only,none,0.0005,42,16,0,16,rate_uniform,normal,post_input_if,gaussian,0,88.330000,fashion_mnist-checkpoints/cnn2_c16_c32_L[16]_fashion_calibrated_mne_cnn2_c16_c32_l2_wo_seed42_ep30_L16.pth,/Users/S4142196/Documents/Phd_Document/codes/QCFS_simulation_FI/important_results/fashion_cnn2_widths_four_regs_sigma0_3_seed42/cnn2_c16_c32/weight_decay_weights_only/seed_42/noise_sweep_matrix_fashion_mnist_cnn2_c16_c32_T16_mode_rate_uniform_schedule_normal_seed_42.csv
fashion_mnist,cnn2_c16_c32,weight_decay_weights_only,L2-wo (weights only),weight_decay_weights_only,none,0.0005,42,16,0,16,rate_uniform,normal,post_input_if,gaussian,0.25,87.990000,fashion_mnist-checkpoints/cnn2_c16_c32_L[16]_fashion_calibrated_mne_cnn2_c16_c32_l2_wo_seed42_ep30_L16.pth,/Users/S4142196/Documents/Phd_Document/codes/QCFS_simulation_FI/important_results/fashion_cnn2_widths_four_regs_sigma0_3_seed42/cnn2_c16_c32/weight_decay_weights_only/seed_42/noise_sweep_matrix_fashion_mnist_cnn2_c16_c32_T16_mode_rate_uniform_schedule_normal_seed_42.csv
fashion_mnist,cnn2_c16_c32,weight_decay_weights_only,L2-wo (weights only),weight_decay_weights_only,none,0.0005,42,16,0,16,rate_uniform,normal,post_input_if,gaussian,0.5,84.590000,fashion_mnist-checkpoints/cnn2_c16_c32_L[16]_fashion_calibrated_mne_cnn2_c16_c32_l2_wo_seed42_ep30_L16.pth,/Users/S4142196/Documents/Phd_Document/codes/QCFS_simulation_FI/important_results/fashion_cnn2_widths_four_regs_sigma0_3_seed42/cnn2_c16_c32/weight_decay_weights_only/seed_42/noise_sweep_matrix_fashion_mnist_cnn2_c16_c32_T16_mode_rate_uniform_schedule_normal_seed_42.csv
fashion_mnist,cnn2_c16_c32,weight_decay_weights_only,L2-wo (weights only),weight_decay_weights_only,none,0.0005,42,16,0,16,rate_uniform,normal,post_input_if,gaussian,0.75,77.160000,fashion_mnist-checkpoints/cnn2_c16_c32_L[16]_fashion_calibrated_mne_cnn2_c16_c32_l2_wo_seed42_ep30_L16.pth,/Users/S4142196/Documents/Phd_Document/codes/QCFS_simulation_FI/important_results/fashion_cnn2_widths_four_regs_sigma0_3_seed42/cnn2_c16_c32/weight_decay_weights_only/seed_42/noise_sweep_matrix_fashion_mnist_cnn2_c16_c32_T16_mode_rate_uniform_schedule_normal_seed_42.csv
fashion_mnist,cnn2_c16_c32,weight_decay_weights_only,L2-wo (weights only),weight_decay_weights_only,none,0.0005,42,16,0,16,rate_uniform,normal,post_input_if,gaussian,1,64.960000,fashion_mnist-checkpoints/cnn2_c16_c32_L[16]_fashion_calibrated_mne_cnn2_c16_c32_l2_wo_seed42_ep30_L16.pth,/Users/S4142196/Documents/Phd_Document/codes/QCFS_simulation_FI/important_results/fashion_cnn2_widths_four_regs_sigma0_3_seed42/cnn2_c16_c32/weight_decay_weights_only/seed_42/noise_sweep_matrix_fashion_mnist_cnn2_c16_c32_T16_mode_rate_uniform_schedule_normal_seed_42.csv
fashion_mnist,cnn2_c16_c32,weight_decay_weights_only,L2-wo (weights only),weight_decay_weights_only,none,0.0005,42,16,0,16,rate_uniform,normal,post_input_if,gaussian,1.25,49.700000,fashion_mnist-checkpoints/cnn2_c16_c32_L[16]_fashion_calibrated_mne_cnn2_c16_c32_l2_wo_seed42_ep30_L16.pth,/Users/S4142196/Documents/Phd_Document/codes/QCFS_simulation_FI/important_results/fashion_cnn2_widths_four_regs_sigma0_3_seed42/cnn2_c16_c32/weight_decay_weights_only/seed_42/noise_sweep_matrix_fashion_mnist_cnn2_c16_c32_T16_mode_rate_uniform_schedule_normal_seed_42.csv
fashion_mnist,cnn2_c16_c32,weight_decay_weights_only,L2-wo (weights only),weight_decay_weights_only,none,0.0005,42,16,0,16,rate_uniform,normal,post_input_if,gaussian,1.5,37.180000,fashion_mnist-checkpoints/cnn2_c16_c32_L[16]_fashion_calibrated_mne_cnn2_c16_c32_l2_wo_seed42_ep30_L16.pth,/Users/S4142196/Documents/Phd_Document/codes/QCFS_simulation_FI/important_results/fashion_cnn2_widths_four_regs_sigma0_3_seed42/cnn2_c16_c32/weight_decay_weights_only/seed_42/noise_sweep_matrix_fashion_mnist_cnn2_c16_c32_T16_mode_rate_uniform_schedule_normal_seed_42.csv
fashion_mnist,cnn2_c16_c32,weight_decay_weights_only,L2-wo (weights only),weight_decay_weights_only,none,0.0005,42,16,0,16,rate_uniform,normal,post_input_if,gaussian,1.75,30.500000,fashion_mnist-checkpoints/cnn2_c16_c32_L[16]_fashion_calibrated_mne_cnn2_c16_c32_l2_wo_seed42_ep30_L16.pth,/Users/S4142196/Documents/Phd_Document/codes/QCFS_simulation_FI/important_results/fashion_cnn2_widths_four_regs_sigma0_3_seed42/cnn2_c16_c32/weight_decay_weights_only/seed_42/noise_sweep_matrix_fashion_mnist_cnn2_c16_c32_T16_mode_rate_uniform_schedule_normal_seed_42.csv
fashion_mnist,cnn2_c16_c32,weight_decay_weights_only,L2-wo (weights only),weight_decay_weights_only,none,0.0005,42,16,0,16,rate_uniform,normal,post_input_if,gaussian,2,25.690000,fashion_mnist-checkpoints/cnn2_c16_c32_L[16]_fashion_calibrated_mne_cnn2_c16_c32_l2_wo_seed42_ep30_L16.pth,/Users/S4142196/Documents/Phd_Document/codes/QCFS_simulation_FI/important_results/fashion_cnn2_widths_four_regs_sigma0_3_seed42/cnn2_c16_c32/weight_decay_weights_only/seed_42/noise_sweep_matrix_fashion_mnist_cnn2_c16_c32_T16_mode_rate_uniform_schedule_normal_seed_42.csv
fashion_mnist,cnn2_c16_c32,weight_decay_weights_only,L2-wo (weights only),weight_decay_weights_only,none,0.0005,42,16,0,16,rate_uniform,normal,post_input_if,gaussian,2.25,22.100000,fashion_mnist-checkpoints/cnn2_c16_c32_L[16]_fashion_calibrated_mne_cnn2_c16_c32_l2_wo_seed42_ep30_L16.pth,/Users/S4142196/Documents/Phd_Document/codes/QCFS_simulation_FI/important_results/fashion_cnn2_widths_four_regs_sigma0_3_seed42/cnn2_c16_c32/weight_decay_weights_only/seed_42/noise_sweep_matrix_fashion_mnist_cnn2_c16_c32_T16_mode_rate_uniform_schedule_normal_seed_42.csv
fashion_mnist,cnn2_c16_c32,weight_decay_weights_only,L2-wo (weights only),weight_decay_weights_only,none,0.0005,42,16,0,16,rate_uniform,normal,post_input_if,gaussian,2.5,19.410000,fashion_mnist-checkpoints/cnn2_c16_c32_L[16]_fashion_calibrated_mne_cnn2_c16_c32_l2_wo_seed42_ep30_L16.pth,/Users/S4142196/Documents/Phd_Document/codes/QCFS_simulation_FI/important_results/fashion_cnn2_widths_four_regs_sigma0_3_seed42/cnn2_c16_c32/weight_decay_weights_only/seed_42/noise_sweep_matrix_fashion_mnist_cnn2_c16_c32_T16_mode_rate_uniform_schedule_normal_seed_42.csv
fashion_mnist,cnn2_c16_c32,weight_decay_weights_only,L2-wo (weights only),weight_decay_weights_only,none,0.0005,42,16,0,16,rate_uniform,normal,post_input_if,gaussian,2.75,17.160000,fashion_mnist-checkpoints/cnn2_c16_c32_L[16]_fashion_calibrated_mne_cnn2_c16_c32_l2_wo_seed42_ep30_L16.pth,/Users/S4142196/Documents/Phd_Document/codes/QCFS_simulation_FI/important_results/fashion_cnn2_widths_four_regs_sigma0_3_seed42/cnn2_c16_c32/weight_decay_weights_only/seed_42/noise_sweep_matrix_fashion_mnist_cnn2_c16_c32_T16_mode_rate_uniform_schedule_normal_seed_42.csv
fashion_mnist,cnn2_c16_c32,weight_decay_weights_only,L2-wo (weights only),weight_decay_weights_only,none,0.0005,42,16,0,16,rate_uniform,normal,post_input_if,gaussian,3,15.660000,fashion_mnist-checkpoints/cnn2_c16_c32_L[16]_fashion_calibrated_mne_cnn2_c16_c32_l2_wo_seed42_ep30_L16.pth,/Users/S4142196/Documents/Phd_Document/codes/QCFS_simulation_FI/important_results/fashion_cnn2_widths_four_regs_sigma0_3_seed42/cnn2_c16_c32/weight_decay_weights_only/seed_42/noise_sweep_matrix_fashion_mnist_cnn2_c16_c32_T16_mode_rate_uniform_schedule_normal_seed_42.csv
fashion_mnist,cnn2_c16_c32,old_detach,Old MNE (detach λ),mne_l2,0p0001,0.0,42,16,0,16,rate_uniform,normal,post_input_if,gaussian,0,88.060000,fashion_mnist-checkpoints/cnn2_c16_c32_L[16]_fashion_spectral_mne_cnn2_c16_c32_old_detach_rc0p0001_seed42_ep30_L16_trainT0.pth,/Users/S4142196/Documents/Phd_Document/codes/QCFS_simulation_FI/important_results/fashion_cnn2_widths_four_regs_sigma0_3_seed42/cnn2_c16_c32/old_detach/seed_42/noise_sweep_matrix_fashion_mnist_cnn2_c16_c32_T16_mode_rate_uniform_schedule_normal_seed_42.csv
fashion_mnist,cnn2_c16_c32,old_detach,Old MNE (detach λ),mne_l2,0p0001,0.0,42,16,0,16,rate_uniform,normal,post_input_if,gaussian,0.25,86.590000,fashion_mnist-checkpoints/cnn2_c16_c32_L[16]_fashion_spectral_mne_cnn2_c16_c32_old_detach_rc0p0001_seed42_ep30_L16_trainT0.pth,/Users/S4142196/Documents/Phd_Document/codes/QCFS_simulation_FI/important_results/fashion_cnn2_widths_four_regs_sigma0_3_seed42/cnn2_c16_c32/old_detach/seed_42/noise_sweep_matrix_fashion_mnist_cnn2_c16_c32_T16_mode_rate_uniform_schedule_normal_seed_42.csv
fashion_mnist,cnn2_c16_c32,old_detach,Old MNE (detach λ),mne_l2,0p0001,0.0,42,16,0,16,rate_uniform,normal,post_input_if,gaussian,0.5,82.000000,fashion_mnist-checkpoints/cnn2_c16_c32_L[16]_fashion_spectral_mne_cnn2_c16_c32_old_detach_rc0p0001_seed42_ep30_L16_trainT0.pth,/Users/S4142196/Documents/Phd_Document/codes/QCFS_simulation_FI/important_results/fashion_cnn2_widths_four_regs_sigma0_3_seed42/cnn2_c16_c32/old_detach/seed_42/noise_sweep_matrix_fashion_mnist_cnn2_c16_c32_T16_mode_rate_uniform_schedule_normal_seed_42.csv
fashion_mnist,cnn2_c16_c32,old_detach,Old MNE (detach λ),mne_l2,0p0001,0.0,42,16,0,16,rate_uniform,normal,post_input_if,gaussian,0.75,70.550000,fashion_mnist-checkpoints/cnn2_c16_c32_L[16]_fashion_spectral_mne_cnn2_c16_c32_old_detach_rc0p0001_seed42_ep30_L16_trainT0.pth,/Users/S4142196/Documents/Phd_Document/codes/QCFS_simulation_FI/important_results/fashion_cnn2_widths_four_regs_sigma0_3_seed42/cnn2_c16_c32/old_detach/seed_42/noise_sweep_matrix_fashion_mnist_cnn2_c16_c32_T16_mode_rate_uniform_schedule_normal_seed_42.csv
fashion_mnist,cnn2_c16_c32,old_detach,Old MNE (detach λ),mne_l2,0p0001,0.0,42,16,0,16,rate_uniform,normal,post_input_if,gaussian,1,53.410000,fashion_mnist-checkpoints/cnn2_c16_c32_L[16]_fashion_spectral_mne_cnn2_c16_c32_old_detach_rc0p0001_seed42_ep30_L16_trainT0.pth,/Users/S4142196/Documents/Phd_Document/codes/QCFS_simulation_FI/important_results/fashion_cnn2_widths_four_regs_sigma0_3_seed42/cnn2_c16_c32/old_detach/seed_42/noise_sweep_matrix_fashion_mnist_cnn2_c16_c32_T16_mode_rate_uniform_schedule_normal_seed_42.csv
fashion_mnist,cnn2_c16_c32,old_detach,Old MNE (detach λ),mne_l2,0p0001,0.0,42,16,0,16,rate_uniform,normal,post_input_if,gaussian,1.25,36.920000,fashion_mnist-checkpoints/cnn2_c16_c32_L[16]_fashion_spectral_mne_cnn2_c16_c32_old_detach_rc0p0001_seed42_ep30_L16_trainT0.pth,/Users/S4142196/Documents/Phd_Document/codes/QCFS_simulation_FI/important_results/fashion_cnn2_widths_four_regs_sigma0_3_seed42/cnn2_c16_c32/old_detach/seed_42/noise_sweep_matrix_fashion_mnist_cnn2_c16_c32_T16_mode_rate_uniform_schedule_normal_seed_42.csv
fashion_mnist,cnn2_c16_c32,old_detach,Old MNE (detach λ),mne_l2,0p0001,0.0,42,16,0,16,rate_uniform,normal,post_input_if,gaussian,1.5,27.380000,fashion_mnist-checkpoints/cnn2_c16_c32_L[16]_fashion_spectral_mne_cnn2_c16_c32_old_detach_rc0p0001_seed42_ep30_L16_trainT0.pth,/Users/S4142196/Documents/Phd_Document/codes/QCFS_simulation_FI/important_results/fashion_cnn2_widths_four_regs_sigma0_3_seed42/cnn2_c16_c32/old_detach/seed_42/noise_sweep_matrix_fashion_mnist_cnn2_c16_c32_T16_mode_rate_uniform_schedule_normal_seed_42.csv
fashion_mnist,cnn2_c16_c32,old_detach,Old MNE (detach λ),mne_l2,0p0001,0.0,42,16,0,16,rate_uniform,normal,post_input_if,gaussian,1.75,21.210000,fashion_mnist-checkpoints/cnn2_c16_c32_L[16]_fashion_spectral_mne_cnn2_c16_c32_old_detach_rc0p0001_seed42_ep30_L16_trainT0.pth,/Users/S4142196/Documents/Phd_Document/codes/QCFS_simulation_FI/important_results/fashion_cnn2_widths_four_regs_sigma0_3_seed42/cnn2_c16_c32/old_detach/seed_42/noise_sweep_matrix_fashion_mnist_cnn2_c16_c32_T16_mode_rate_uniform_schedule_normal_seed_42.csv
fashion_mnist,cnn2_c16_c32,old_detach,Old MNE (detach λ),mne_l2,0p0001,0.0,42,16,0,16,rate_uniform,normal,post_input_if,gaussian,2,18.140000,fashion_mnist-checkpoints/cnn2_c16_c32_L[16]_fashion_spectral_mne_cnn2_c16_c32_old_detach_rc0p0001_seed42_ep30_L16_trainT0.pth,/Users/S4142196/Documents/Phd_Document/codes/QCFS_simulation_FI/important_results/fashion_cnn2_widths_four_regs_sigma0_3_seed42/cnn2_c16_c32/old_detach/seed_42/noise_sweep_matrix_fashion_mnist_cnn2_c16_c32_T16_mode_rate_uniform_schedule_normal_seed_42.csv
fashion_mnist,cnn2_c16_c32,old_detach,Old MNE (detach λ),mne_l2,0p0001,0.0,42,16,0,16,rate_uniform,normal,post_input_if,gaussian,2.25,15.200000,fashion_mnist-checkpoints/cnn2_c16_c32_L[16]_fashion_spectral_mne_cnn2_c16_c32_old_detach_rc0p0001_seed42_ep30_L16_trainT0.pth,/Users/S4142196/Documents/Phd_Document/codes/QCFS_simulation_FI/important_results/fashion_cnn2_widths_four_regs_sigma0_3_seed42/cnn2_c16_c32/old_detach/seed_42/noise_sweep_matrix_fashion_mnist_cnn2_c16_c32_T16_mode_rate_uniform_schedule_normal_seed_42.csv
fashion_mnist,cnn2_c16_c32,old_detach,Old MNE (detach λ),mne_l2,0p0001,0.0,42,16,0,16,rate_uniform,normal,post_input_if,gaussian,2.5,13.600000,fashion_mnist-checkpoints/cnn2_c16_c32_L[16]_fashion_spectral_mne_cnn2_c16_c32_old_detach_rc0p0001_seed42_ep30_L16_trainT0.pth,/Users/S4142196/Documents/Phd_Document/codes/QCFS_simulation_FI/important_results/fashion_cnn2_widths_four_regs_sigma0_3_seed42/cnn2_c16_c32/old_detach/seed_42/noise_sweep_matrix_fashion_mnist_cnn2_c16_c32_T16_mode_rate_uniform_schedule_normal_seed_42.csv
fashion_mnist,cnn2_c16_c32,old_detach,Old MNE (detach λ),mne_l2,0p0001,0.0,42,16,0,16,rate_uniform,normal,post_input_if,gaussian,2.75,12.960000,fashion_mnist-checkpoints/cnn2_c16_c32_L[16]_fashion_spectral_mne_cnn2_c16_c32_old_detach_rc0p0001_seed42_ep30_L16_trainT0.pth,/Users/S4142196/Documents/Phd_Document/codes/QCFS_simulation_FI/important_results/fashion_cnn2_widths_four_regs_sigma0_3_seed42/cnn2_c16_c32/old_detach/seed_42/noise_sweep_matrix_fashion_mnist_cnn2_c16_c32_T16_mode_rate_uniform_schedule_normal_seed_42.csv
fashion_mnist,cnn2_c16_c32,old_detach,Old MNE (detach λ),mne_l2,0p0001,0.0,42,16,0,16,rate_uniform,normal,post_input_if,gaussian,3,12.180000,fashion_mnist-checkpoints/cnn2_c16_c32_L[16]_fashion_spectral_mne_cnn2_c16_c32_old_detach_rc0p0001_seed42_ep30_L16_trainT0.pth,/Users/S4142196/Documents/Phd_Document/codes/QCFS_simulation_FI/important_results/fashion_cnn2_widths_four_regs_sigma0_3_seed42/cnn2_c16_c32/old_detach/seed_42/noise_sweep_matrix_fashion_mnist_cnn2_c16_c32_T16_mode_rate_uniform_schedule_normal_seed_42.csv
fashion_mnist,cnn2_c16_c32,calibrated_mne_a0p1,Calibrated MNE (α=0.1),calibrated_mne_l2,0p0005,0.0,42,16,0,16,rate_uniform,normal,post_input_if,gaussian,0,88.390000,fashion_mnist-checkpoints/cnn2_c16_c32_L[16]_fashion_calibrated_mne_cnn2_c16_c32_cmne_a0p1_seed42_ep30_L16.pth,/Users/S4142196/Documents/Phd_Document/codes/QCFS_simulation_FI/important_results/fashion_cnn2_widths_four_regs_sigma0_3_seed42/cnn2_c16_c32/calibrated_mne_a0p1/seed_42/noise_sweep_matrix_fashion_mnist_cnn2_c16_c32_T16_mode_rate_uniform_schedule_normal_seed_42.csv
fashion_mnist,cnn2_c16_c32,calibrated_mne_a0p1,Calibrated MNE (α=0.1),calibrated_mne_l2,0p0005,0.0,42,16,0,16,rate_uniform,normal,post_input_if,gaussian,0.25,86.570000,fashion_mnist-checkpoints/cnn2_c16_c32_L[16]_fashion_calibrated_mne_cnn2_c16_c32_cmne_a0p1_seed42_ep30_L16.pth,/Users/S4142196/Documents/Phd_Document/codes/QCFS_simulation_FI/important_results/fashion_cnn2_widths_four_regs_sigma0_3_seed42/cnn2_c16_c32/calibrated_mne_a0p1/seed_42/noise_sweep_matrix_fashion_mnist_cnn2_c16_c32_T16_mode_rate_uniform_schedule_normal_seed_42.csv
fashion_mnist,cnn2_c16_c32,calibrated_mne_a0p1,Calibrated MNE (α=0.1),calibrated_mne_l2,0p0005,0.0,42,16,0,16,rate_uniform,normal,post_input_if,gaussian,0.5,81.370000,fashion_mnist-checkpoints/cnn2_c16_c32_L[16]_fashion_calibrated_mne_cnn2_c16_c32_cmne_a0p1_seed42_ep30_L16.pth,/Users/S4142196/Documents/Phd_Document/codes/QCFS_simulation_FI/important_results/fashion_cnn2_widths_four_regs_sigma0_3_seed42/cnn2_c16_c32/calibrated_mne_a0p1/seed_42/noise_sweep_matrix_fashion_mnist_cnn2_c16_c32_T16_mode_rate_uniform_schedule_normal_seed_42.csv
fashion_mnist,cnn2_c16_c32,calibrated_mne_a0p1,Calibrated MNE (α=0.1),calibrated_mne_l2,0p0005,0.0,42,16,0,16,rate_uniform,normal,post_input_if,gaussian,0.75,69.630000,fashion_mnist-checkpoints/cnn2_c16_c32_L[16]_fashion_calibrated_mne_cnn2_c16_c32_cmne_a0p1_seed42_ep30_L16.pth,/Users/S4142196/Documents/Phd_Document/codes/QCFS_simulation_FI/important_results/fashion_cnn2_widths_four_regs_sigma0_3_seed42/cnn2_c16_c32/calibrated_mne_a0p1/seed_42/noise_sweep_matrix_fashion_mnist_cnn2_c16_c32_T16_mode_rate_uniform_schedule_normal_seed_42.csv
fashion_mnist,cnn2_c16_c32,calibrated_mne_a0p1,Calibrated MNE (α=0.1),calibrated_mne_l2,0p0005,0.0,42,16,0,16,rate_uniform,normal,post_input_if,gaussian,1,53.300000,fashion_mnist-checkpoints/cnn2_c16_c32_L[16]_fashion_calibrated_mne_cnn2_c16_c32_cmne_a0p1_seed42_ep30_L16.pth,/Users/S4142196/Documents/Phd_Document/codes/QCFS_simulation_FI/important_results/fashion_cnn2_widths_four_regs_sigma0_3_seed42/cnn2_c16_c32/calibrated_mne_a0p1/seed_42/noise_sweep_matrix_fashion_mnist_cnn2_c16_c32_T16_mode_rate_uniform_schedule_normal_seed_42.csv
fashion_mnist,cnn2_c16_c32,calibrated_mne_a0p1,Calibrated MNE (α=0.1),calibrated_mne_l2,0p0005,0.0,42,16,0,16,rate_uniform,normal,post_input_if,gaussian,1.25,38.220000,fashion_mnist-checkpoints/cnn2_c16_c32_L[16]_fashion_calibrated_mne_cnn2_c16_c32_cmne_a0p1_seed42_ep30_L16.pth,/Users/S4142196/Documents/Phd_Document/codes/QCFS_simulation_FI/important_results/fashion_cnn2_widths_four_regs_sigma0_3_seed42/cnn2_c16_c32/calibrated_mne_a0p1/seed_42/noise_sweep_matrix_fashion_mnist_cnn2_c16_c32_T16_mode_rate_uniform_schedule_normal_seed_42.csv
fashion_mnist,cnn2_c16_c32,calibrated_mne_a0p1,Calibrated MNE (α=0.1),calibrated_mne_l2,0p0005,0.0,42,16,0,16,rate_uniform,normal,post_input_if,gaussian,1.5,29.380000,fashion_mnist-checkpoints/cnn2_c16_c32_L[16]_fashion_calibrated_mne_cnn2_c16_c32_cmne_a0p1_seed42_ep30_L16.pth,/Users/S4142196/Documents/Phd_Document/codes/QCFS_simulation_FI/important_results/fashion_cnn2_widths_four_regs_sigma0_3_seed42/cnn2_c16_c32/calibrated_mne_a0p1/seed_42/noise_sweep_matrix_fashion_mnist_cnn2_c16_c32_T16_mode_rate_uniform_schedule_normal_seed_42.csv
fashion_mnist,cnn2_c16_c32,calibrated_mne_a0p1,Calibrated MNE (α=0.1),calibrated_mne_l2,0p0005,0.0,42,16,0,16,rate_uniform,normal,post_input_if,gaussian,1.75,24.030000,fashion_mnist-checkpoints/cnn2_c16_c32_L[16]_fashion_calibrated_mne_cnn2_c16_c32_cmne_a0p1_seed42_ep30_L16.pth,/Users/S4142196/Documents/Phd_Document/codes/QCFS_simulation_FI/important_results/fashion_cnn2_widths_four_regs_sigma0_3_seed42/cnn2_c16_c32/calibrated_mne_a0p1/seed_42/noise_sweep_matrix_fashion_mnist_cnn2_c16_c32_T16_mode_rate_uniform_schedule_normal_seed_42.csv
fashion_mnist,cnn2_c16_c32,calibrated_mne_a0p1,Calibrated MNE (α=0.1),calibrated_mne_l2,0p0005,0.0,42,16,0,16,rate_uniform,normal,post_input_if,gaussian,2,20.650000,fashion_mnist-checkpoints/cnn2_c16_c32_L[16]_fashion_calibrated_mne_cnn2_c16_c32_cmne_a0p1_seed42_ep30_L16.pth,/Users/S4142196/Documents/Phd_Document/codes/QCFS_simulation_FI/important_results/fashion_cnn2_widths_four_regs_sigma0_3_seed42/cnn2_c16_c32/calibrated_mne_a0p1/seed_42/noise_sweep_matrix_fashion_mnist_cnn2_c16_c32_T16_mode_rate_uniform_schedule_normal_seed_42.csv
fashion_mnist,cnn2_c16_c32,calibrated_mne_a0p1,Calibrated MNE (α=0.1),calibrated_mne_l2,0p0005,0.0,42,16,0,16,rate_uniform,normal,post_input_if,gaussian,2.25,17.840000,fashion_mnist-checkpoints/cnn2_c16_c32_L[16]_fashion_calibrated_mne_cnn2_c16_c32_cmne_a0p1_seed42_ep30_L16.pth,/Users/S4142196/Documents/Phd_Document/codes/QCFS_simulation_FI/important_results/fashion_cnn2_widths_four_regs_sigma0_3_seed42/cnn2_c16_c32/calibrated_mne_a0p1/seed_42/noise_sweep_matrix_fashion_mnist_cnn2_c16_c32_T16_mode_rate_uniform_schedule_normal_seed_42.csv
fashion_mnist,cnn2_c16_c32,calibrated_mne_a0p1,Calibrated MNE (α=0.1),calibrated_mne_l2,0p0005,0.0,42,16,0,16,rate_uniform,normal,post_input_if,gaussian,2.5,15.750000,fashion_mnist-checkpoints/cnn2_c16_c32_L[16]_fashion_calibrated_mne_cnn2_c16_c32_cmne_a0p1_seed42_ep30_L16.pth,/Users/S4142196/Documents/Phd_Document/codes/QCFS_simulation_FI/important_results/fashion_cnn2_widths_four_regs_sigma0_3_seed42/cnn2_c16_c32/calibrated_mne_a0p1/seed_42/noise_sweep_matrix_fashion_mnist_cnn2_c16_c32_T16_mode_rate_uniform_schedule_normal_seed_42.csv
fashion_mnist,cnn2_c16_c32,calibrated_mne_a0p1,Calibrated MNE (α=0.1),calibrated_mne_l2,0p0005,0.0,42,16,0,16,rate_uniform,normal,post_input_if,gaussian,2.75,14.800000,fashion_mnist-checkpoints/cnn2_c16_c32_L[16]_fashion_calibrated_mne_cnn2_c16_c32_cmne_a0p1_seed42_ep30_L16.pth,/Users/S4142196/Documents/Phd_Document/codes/QCFS_simulation_FI/important_results/fashion_cnn2_widths_four_regs_sigma0_3_seed42/cnn2_c16_c32/calibrated_mne_a0p1/seed_42/noise_sweep_matrix_fashion_mnist_cnn2_c16_c32_T16_mode_rate_uniform_schedule_normal_seed_42.csv
fashion_mnist,cnn2_c16_c32,calibrated_mne_a0p1,Calibrated MNE (α=0.1),calibrated_mne_l2,0p0005,0.0,42,16,0,16,rate_uniform,normal,post_input_if,gaussian,3,13.880000,fashion_mnist-checkpoints/cnn2_c16_c32_L[16]_fashion_calibrated_mne_cnn2_c16_c32_cmne_a0p1_seed42_ep30_L16.pth,/Users/S4142196/Documents/Phd_Document/codes/QCFS_simulation_FI/important_results/fashion_cnn2_widths_four_regs_sigma0_3_seed42/cnn2_c16_c32/calibrated_mne_a0p1/seed_42/noise_sweep_matrix_fashion_mnist_cnn2_c16_c32_T16_mode_rate_uniform_schedule_normal_seed_42.csv
