dataset,arch,method,label,reg_coeff,weight_decay,seed,L,T,if_mode,sigma,acc,checkpoint,matrix_csv
cifar100,vgg16,weight_decay,weight_decay,,0.0005,40,16,16,rate_uniform,0.0,62.67,/scratch/gs14/sl9144/qcfs_checkpoints/cifar100-checkpoints/vgg16_L[16]_strict_seed40_schemeC_noout_wd_l16_vgg16.pth,/home/595/sl9144/codes/snn_simulation/important_results/pre_input_image_noise/cifar100_vgg16_three_regs/weight_decay/seed_40/noise_sweep_matrix_cifar100_vgg16_T16_mode_rate_uniform_schedule_normal_seed_40.csv
cifar100,vgg16,weight_decay,weight_decay,,0.0005,40,16,16,rate_uniform,0.05,60.69,/scratch/gs14/sl9144/qcfs_checkpoints/cifar100-checkpoints/vgg16_L[16]_strict_seed40_schemeC_noout_wd_l16_vgg16.pth,/home/595/sl9144/codes/snn_simulation/important_results/pre_input_image_noise/cifar100_vgg16_three_regs/weight_decay/seed_40/noise_sweep_matrix_cifar100_vgg16_T16_mode_rate_uniform_schedule_normal_seed_40.csv
cifar100,vgg16,weight_decay,weight_decay,,0.0005,40,16,16,rate_uniform,0.1,52.2,/scratch/gs14/sl9144/qcfs_checkpoints/cifar100-checkpoints/vgg16_L[16]_strict_seed40_schemeC_noout_wd_l16_vgg16.pth,/home/595/sl9144/codes/snn_simulation/important_results/pre_input_image_noise/cifar100_vgg16_three_regs/weight_decay/seed_40/noise_sweep_matrix_cifar100_vgg16_T16_mode_rate_uniform_schedule_normal_seed_40.csv
cifar100,vgg16,weight_decay,weight_decay,,0.0005,40,16,16,rate_uniform,0.15,42.11,/scratch/gs14/sl9144/qcfs_checkpoints/cifar100-checkpoints/vgg16_L[16]_strict_seed40_schemeC_noout_wd_l16_vgg16.pth,/home/595/sl9144/codes/snn_simulation/important_results/pre_input_image_noise/cifar100_vgg16_three_regs/weight_decay/seed_40/noise_sweep_matrix_cifar100_vgg16_T16_mode_rate_uniform_schedule_normal_seed_40.csv
cifar100,vgg16,weight_decay,weight_decay,,0.0005,40,16,16,rate_uniform,0.2,33.21,/scratch/gs14/sl9144/qcfs_checkpoints/cifar100-checkpoints/vgg16_L[16]_strict_seed40_schemeC_noout_wd_l16_vgg16.pth,/home/595/sl9144/codes/snn_simulation/important_results/pre_input_image_noise/cifar100_vgg16_three_regs/weight_decay/seed_40/noise_sweep_matrix_cifar100_vgg16_T16_mode_rate_uniform_schedule_normal_seed_40.csv
cifar100,vgg16,weight_decay,weight_decay,,0.0005,40,16,16,rate_uniform,0.25,26.34,/scratch/gs14/sl9144/qcfs_checkpoints/cifar100-checkpoints/vgg16_L[16]_strict_seed40_schemeC_noout_wd_l16_vgg16.pth,/home/595/sl9144/codes/snn_simulation/important_results/pre_input_image_noise/cifar100_vgg16_three_regs/weight_decay/seed_40/noise_sweep_matrix_cifar100_vgg16_T16_mode_rate_uniform_schedule_normal_seed_40.csv
cifar100,vgg16,weight_decay,weight_decay,,0.0005,40,16,16,rate_uniform,0.3,20.42,/scratch/gs14/sl9144/qcfs_checkpoints/cifar100-checkpoints/vgg16_L[16]_strict_seed40_schemeC_noout_wd_l16_vgg16.pth,/home/595/sl9144/codes/snn_simulation/important_results/pre_input_image_noise/cifar100_vgg16_three_regs/weight_decay/seed_40/noise_sweep_matrix_cifar100_vgg16_T16_mode_rate_uniform_schedule_normal_seed_40.csv
cifar100,vgg16,weight_decay,weight_decay,,0.0005,40,16,16,rate_uniform,0.35,16.29,/scratch/gs14/sl9144/qcfs_checkpoints/cifar100-checkpoints/vgg16_L[16]_strict_seed40_schemeC_noout_wd_l16_vgg16.pth,/home/595/sl9144/codes/snn_simulation/important_results/pre_input_image_noise/cifar100_vgg16_three_regs/weight_decay/seed_40/noise_sweep_matrix_cifar100_vgg16_T16_mode_rate_uniform_schedule_normal_seed_40.csv
cifar100,vgg16,weight_decay,weight_decay,,0.0005,40,16,16,rate_uniform,0.4,13.0,/scratch/gs14/sl9144/qcfs_checkpoints/cifar100-checkpoints/vgg16_L[16]_strict_seed40_schemeC_noout_wd_l16_vgg16.pth,/home/595/sl9144/codes/snn_simulation/important_results/pre_input_image_noise/cifar100_vgg16_three_regs/weight_decay/seed_40/noise_sweep_matrix_cifar100_vgg16_T16_mode_rate_uniform_schedule_normal_seed_40.csv
cifar100,vgg16,weight_decay,weight_decay,,0.0005,40,16,16,rate_uniform,0.45,10.78,/scratch/gs14/sl9144/qcfs_checkpoints/cifar100-checkpoints/vgg16_L[16]_strict_seed40_schemeC_noout_wd_l16_vgg16.pth,/home/595/sl9144/codes/snn_simulation/important_results/pre_input_image_noise/cifar100_vgg16_three_regs/weight_decay/seed_40/noise_sweep_matrix_cifar100_vgg16_T16_mode_rate_uniform_schedule_normal_seed_40.csv
cifar100,vgg16,weight_decay,weight_decay,,0.0005,40,16,16,rate_uniform,0.5,8.9,/scratch/gs14/sl9144/qcfs_checkpoints/cifar100-checkpoints/vgg16_L[16]_strict_seed40_schemeC_noout_wd_l16_vgg16.pth,/home/595/sl9144/codes/snn_simulation/important_results/pre_input_image_noise/cifar100_vgg16_three_regs/weight_decay/seed_40/noise_sweep_matrix_cifar100_vgg16_T16_mode_rate_uniform_schedule_normal_seed_40.csv
cifar100,vgg16,weight_decay,weight_decay,,0.0005,40,16,16,rate_uniform,0.55,7.65,/scratch/gs14/sl9144/qcfs_checkpoints/cifar100-checkpoints/vgg16_L[16]_strict_seed40_schemeC_noout_wd_l16_vgg16.pth,/home/595/sl9144/codes/snn_simulation/important_results/pre_input_image_noise/cifar100_vgg16_three_regs/weight_decay/seed_40/noise_sweep_matrix_cifar100_vgg16_T16_mode_rate_uniform_schedule_normal_seed_40.csv
cifar100,vgg16,weight_decay,weight_decay,,0.0005,40,16,16,rate_uniform,0.6,6.45,/scratch/gs14/sl9144/qcfs_checkpoints/cifar100-checkpoints/vgg16_L[16]_strict_seed40_schemeC_noout_wd_l16_vgg16.pth,/home/595/sl9144/codes/snn_simulation/important_results/pre_input_image_noise/cifar100_vgg16_three_regs/weight_decay/seed_40/noise_sweep_matrix_cifar100_vgg16_T16_mode_rate_uniform_schedule_normal_seed_40.csv
cifar100,vgg16,weight_decay,weight_decay,,0.0005,40,16,16,rate_uniform,0.65,5.68,/scratch/gs14/sl9144/qcfs_checkpoints/cifar100-checkpoints/vgg16_L[16]_strict_seed40_schemeC_noout_wd_l16_vgg16.pth,/home/595/sl9144/codes/snn_simulation/important_results/pre_input_image_noise/cifar100_vgg16_three_regs/weight_decay/seed_40/noise_sweep_matrix_cifar100_vgg16_T16_mode_rate_uniform_schedule_normal_seed_40.csv
cifar100,vgg16,weight_decay,weight_decay,,0.0005,40,16,16,rate_uniform,0.7,5.03,/scratch/gs14/sl9144/qcfs_checkpoints/cifar100-checkpoints/vgg16_L[16]_strict_seed40_schemeC_noout_wd_l16_vgg16.pth,/home/595/sl9144/codes/snn_simulation/important_results/pre_input_image_noise/cifar100_vgg16_three_regs/weight_decay/seed_40/noise_sweep_matrix_cifar100_vgg16_T16_mode_rate_uniform_schedule_normal_seed_40.csv
cifar100,vgg16,weight_decay,weight_decay,,0.0005,40,16,16,rate_uniform,0.75,4.51,/scratch/gs14/sl9144/qcfs_checkpoints/cifar100-checkpoints/vgg16_L[16]_strict_seed40_schemeC_noout_wd_l16_vgg16.pth,/home/595/sl9144/codes/snn_simulation/important_results/pre_input_image_noise/cifar100_vgg16_three_regs/weight_decay/seed_40/noise_sweep_matrix_cifar100_vgg16_T16_mode_rate_uniform_schedule_normal_seed_40.csv
cifar100,vgg16,weight_decay,weight_decay,,0.0005,40,16,16,rate_uniform,0.8,4.01,/scratch/gs14/sl9144/qcfs_checkpoints/cifar100-checkpoints/vgg16_L[16]_strict_seed40_schemeC_noout_wd_l16_vgg16.pth,/home/595/sl9144/codes/snn_simulation/important_results/pre_input_image_noise/cifar100_vgg16_three_regs/weight_decay/seed_40/noise_sweep_matrix_cifar100_vgg16_T16_mode_rate_uniform_schedule_normal_seed_40.csv
cifar100,vgg16,weight_decay,weight_decay,,0.0005,40,16,16,rate_uniform,0.85,3.51,/scratch/gs14/sl9144/qcfs_checkpoints/cifar100-checkpoints/vgg16_L[16]_strict_seed40_schemeC_noout_wd_l16_vgg16.pth,/home/595/sl9144/codes/snn_simulation/important_results/pre_input_image_noise/cifar100_vgg16_three_regs/weight_decay/seed_40/noise_sweep_matrix_cifar100_vgg16_T16_mode_rate_uniform_schedule_normal_seed_40.csv
cifar100,vgg16,weight_decay,weight_decay,,0.0005,40,16,16,rate_uniform,0.9,3.14,/scratch/gs14/sl9144/qcfs_checkpoints/cifar100-checkpoints/vgg16_L[16]_strict_seed40_schemeC_noout_wd_l16_vgg16.pth,/home/595/sl9144/codes/snn_simulation/important_results/pre_input_image_noise/cifar100_vgg16_three_regs/weight_decay/seed_40/noise_sweep_matrix_cifar100_vgg16_T16_mode_rate_uniform_schedule_normal_seed_40.csv
cifar100,vgg16,weight_decay,weight_decay,,0.0005,40,16,16,rate_uniform,0.95,2.84,/scratch/gs14/sl9144/qcfs_checkpoints/cifar100-checkpoints/vgg16_L[16]_strict_seed40_schemeC_noout_wd_l16_vgg16.pth,/home/595/sl9144/codes/snn_simulation/important_results/pre_input_image_noise/cifar100_vgg16_three_regs/weight_decay/seed_40/noise_sweep_matrix_cifar100_vgg16_T16_mode_rate_uniform_schedule_normal_seed_40.csv
cifar100,vgg16,weight_decay,weight_decay,,0.0005,40,16,16,rate_uniform,1.0,2.65,/scratch/gs14/sl9144/qcfs_checkpoints/cifar100-checkpoints/vgg16_L[16]_strict_seed40_schemeC_noout_wd_l16_vgg16.pth,/home/595/sl9144/codes/snn_simulation/important_results/pre_input_image_noise/cifar100_vgg16_three_regs/weight_decay/seed_40/noise_sweep_matrix_cifar100_vgg16_T16_mode_rate_uniform_schedule_normal_seed_40.csv
cifar100,vgg16,weight_decay,weight_decay,,0.0005,41,16,16,rate_uniform,0.0,62.57,/scratch/gs14/sl9144/qcfs_checkpoints/cifar100-checkpoints/vgg16_L[16]_strict_seed41_schemeC_noout_wd_l16_vgg16.pth,/home/595/sl9144/codes/snn_simulation/important_results/pre_input_image_noise/cifar100_vgg16_three_regs/weight_decay/seed_41/noise_sweep_matrix_cifar100_vgg16_T16_mode_rate_uniform_schedule_normal_seed_41.csv
cifar100,vgg16,weight_decay,weight_decay,,0.0005,41,16,16,rate_uniform,0.05,60.97,/scratch/gs14/sl9144/qcfs_checkpoints/cifar100-checkpoints/vgg16_L[16]_strict_seed41_schemeC_noout_wd_l16_vgg16.pth,/home/595/sl9144/codes/snn_simulation/important_results/pre_input_image_noise/cifar100_vgg16_three_regs/weight_decay/seed_41/noise_sweep_matrix_cifar100_vgg16_T16_mode_rate_uniform_schedule_normal_seed_41.csv
cifar100,vgg16,weight_decay,weight_decay,,0.0005,41,16,16,rate_uniform,0.1,53.34,/scratch/gs14/sl9144/qcfs_checkpoints/cifar100-checkpoints/vgg16_L[16]_strict_seed41_schemeC_noout_wd_l16_vgg16.pth,/home/595/sl9144/codes/snn_simulation/important_results/pre_input_image_noise/cifar100_vgg16_three_regs/weight_decay/seed_41/noise_sweep_matrix_cifar100_vgg16_T16_mode_rate_uniform_schedule_normal_seed_41.csv
cifar100,vgg16,weight_decay,weight_decay,,0.0005,41,16,16,rate_uniform,0.15,43.62,/scratch/gs14/sl9144/qcfs_checkpoints/cifar100-checkpoints/vgg16_L[16]_strict_seed41_schemeC_noout_wd_l16_vgg16.pth,/home/595/sl9144/codes/snn_simulation/important_results/pre_input_image_noise/cifar100_vgg16_three_regs/weight_decay/seed_41/noise_sweep_matrix_cifar100_vgg16_T16_mode_rate_uniform_schedule_normal_seed_41.csv
cifar100,vgg16,weight_decay,weight_decay,,0.0005,41,16,16,rate_uniform,0.2,34.5,/scratch/gs14/sl9144/qcfs_checkpoints/cifar100-checkpoints/vgg16_L[16]_strict_seed41_schemeC_noout_wd_l16_vgg16.pth,/home/595/sl9144/codes/snn_simulation/important_results/pre_input_image_noise/cifar100_vgg16_three_regs/weight_decay/seed_41/noise_sweep_matrix_cifar100_vgg16_T16_mode_rate_uniform_schedule_normal_seed_41.csv
cifar100,vgg16,weight_decay,weight_decay,,0.0005,41,16,16,rate_uniform,0.25,27.01,/scratch/gs14/sl9144/qcfs_checkpoints/cifar100-checkpoints/vgg16_L[16]_strict_seed41_schemeC_noout_wd_l16_vgg16.pth,/home/595/sl9144/codes/snn_simulation/important_results/pre_input_image_noise/cifar100_vgg16_three_regs/weight_decay/seed_41/noise_sweep_matrix_cifar100_vgg16_T16_mode_rate_uniform_schedule_normal_seed_41.csv
cifar100,vgg16,weight_decay,weight_decay,,0.0005,41,16,16,rate_uniform,0.3,21.49,/scratch/gs14/sl9144/qcfs_checkpoints/cifar100-checkpoints/vgg16_L[16]_strict_seed41_schemeC_noout_wd_l16_vgg16.pth,/home/595/sl9144/codes/snn_simulation/important_results/pre_input_image_noise/cifar100_vgg16_three_regs/weight_decay/seed_41/noise_sweep_matrix_cifar100_vgg16_T16_mode_rate_uniform_schedule_normal_seed_41.csv
cifar100,vgg16,weight_decay,weight_decay,,0.0005,41,16,16,rate_uniform,0.35,17.22,/scratch/gs14/sl9144/qcfs_checkpoints/cifar100-checkpoints/vgg16_L[16]_strict_seed41_schemeC_noout_wd_l16_vgg16.pth,/home/595/sl9144/codes/snn_simulation/important_results/pre_input_image_noise/cifar100_vgg16_three_regs/weight_decay/seed_41/noise_sweep_matrix_cifar100_vgg16_T16_mode_rate_uniform_schedule_normal_seed_41.csv
cifar100,vgg16,weight_decay,weight_decay,,0.0005,41,16,16,rate_uniform,0.4,13.63,/scratch/gs14/sl9144/qcfs_checkpoints/cifar100-checkpoints/vgg16_L[16]_strict_seed41_schemeC_noout_wd_l16_vgg16.pth,/home/595/sl9144/codes/snn_simulation/important_results/pre_input_image_noise/cifar100_vgg16_three_regs/weight_decay/seed_41/noise_sweep_matrix_cifar100_vgg16_T16_mode_rate_uniform_schedule_normal_seed_41.csv
cifar100,vgg16,weight_decay,weight_decay,,0.0005,41,16,16,rate_uniform,0.45,11.32,/scratch/gs14/sl9144/qcfs_checkpoints/cifar100-checkpoints/vgg16_L[16]_strict_seed41_schemeC_noout_wd_l16_vgg16.pth,/home/595/sl9144/codes/snn_simulation/important_results/pre_input_image_noise/cifar100_vgg16_three_regs/weight_decay/seed_41/noise_sweep_matrix_cifar100_vgg16_T16_mode_rate_uniform_schedule_normal_seed_41.csv
cifar100,vgg16,weight_decay,weight_decay,,0.0005,41,16,16,rate_uniform,0.5,9.63,/scratch/gs14/sl9144/qcfs_checkpoints/cifar100-checkpoints/vgg16_L[16]_strict_seed41_schemeC_noout_wd_l16_vgg16.pth,/home/595/sl9144/codes/snn_simulation/important_results/pre_input_image_noise/cifar100_vgg16_three_regs/weight_decay/seed_41/noise_sweep_matrix_cifar100_vgg16_T16_mode_rate_uniform_schedule_normal_seed_41.csv
cifar100,vgg16,weight_decay,weight_decay,,0.0005,41,16,16,rate_uniform,0.55,8.23,/scratch/gs14/sl9144/qcfs_checkpoints/cifar100-checkpoints/vgg16_L[16]_strict_seed41_schemeC_noout_wd_l16_vgg16.pth,/home/595/sl9144/codes/snn_simulation/important_results/pre_input_image_noise/cifar100_vgg16_three_regs/weight_decay/seed_41/noise_sweep_matrix_cifar100_vgg16_T16_mode_rate_uniform_schedule_normal_seed_41.csv
cifar100,vgg16,weight_decay,weight_decay,,0.0005,41,16,16,rate_uniform,0.6,7.39,/scratch/gs14/sl9144/qcfs_checkpoints/cifar100-checkpoints/vgg16_L[16]_strict_seed41_schemeC_noout_wd_l16_vgg16.pth,/home/595/sl9144/codes/snn_simulation/important_results/pre_input_image_noise/cifar100_vgg16_three_regs/weight_decay/seed_41/noise_sweep_matrix_cifar100_vgg16_T16_mode_rate_uniform_schedule_normal_seed_41.csv
cifar100,vgg16,weight_decay,weight_decay,,0.0005,41,16,16,rate_uniform,0.65,6.2,/scratch/gs14/sl9144/qcfs_checkpoints/cifar100-checkpoints/vgg16_L[16]_strict_seed41_schemeC_noout_wd_l16_vgg16.pth,/home/595/sl9144/codes/snn_simulation/important_results/pre_input_image_noise/cifar100_vgg16_three_regs/weight_decay/seed_41/noise_sweep_matrix_cifar100_vgg16_T16_mode_rate_uniform_schedule_normal_seed_41.csv
cifar100,vgg16,weight_decay,weight_decay,,0.0005,41,16,16,rate_uniform,0.7,5.63,/scratch/gs14/sl9144/qcfs_checkpoints/cifar100-checkpoints/vgg16_L[16]_strict_seed41_schemeC_noout_wd_l16_vgg16.pth,/home/595/sl9144/codes/snn_simulation/important_results/pre_input_image_noise/cifar100_vgg16_three_regs/weight_decay/seed_41/noise_sweep_matrix_cifar100_vgg16_T16_mode_rate_uniform_schedule_normal_seed_41.csv
cifar100,vgg16,weight_decay,weight_decay,,0.0005,41,16,16,rate_uniform,0.75,5.29,/scratch/gs14/sl9144/qcfs_checkpoints/cifar100-checkpoints/vgg16_L[16]_strict_seed41_schemeC_noout_wd_l16_vgg16.pth,/home/595/sl9144/codes/snn_simulation/important_results/pre_input_image_noise/cifar100_vgg16_three_regs/weight_decay/seed_41/noise_sweep_matrix_cifar100_vgg16_T16_mode_rate_uniform_schedule_normal_seed_41.csv
cifar100,vgg16,weight_decay,weight_decay,,0.0005,41,16,16,rate_uniform,0.8,4.63,/scratch/gs14/sl9144/qcfs_checkpoints/cifar100-checkpoints/vgg16_L[16]_strict_seed41_schemeC_noout_wd_l16_vgg16.pth,/home/595/sl9144/codes/snn_simulation/important_results/pre_input_image_noise/cifar100_vgg16_three_regs/weight_decay/seed_41/noise_sweep_matrix_cifar100_vgg16_T16_mode_rate_uniform_schedule_normal_seed_41.csv
cifar100,vgg16,weight_decay,weight_decay,,0.0005,41,16,16,rate_uniform,0.85,4.36,/scratch/gs14/sl9144/qcfs_checkpoints/cifar100-checkpoints/vgg16_L[16]_strict_seed41_schemeC_noout_wd_l16_vgg16.pth,/home/595/sl9144/codes/snn_simulation/important_results/pre_input_image_noise/cifar100_vgg16_three_regs/weight_decay/seed_41/noise_sweep_matrix_cifar100_vgg16_T16_mode_rate_uniform_schedule_normal_seed_41.csv
cifar100,vgg16,weight_decay,weight_decay,,0.0005,41,16,16,rate_uniform,0.9,3.85,/scratch/gs14/sl9144/qcfs_checkpoints/cifar100-checkpoints/vgg16_L[16]_strict_seed41_schemeC_noout_wd_l16_vgg16.pth,/home/595/sl9144/codes/snn_simulation/important_results/pre_input_image_noise/cifar100_vgg16_three_regs/weight_decay/seed_41/noise_sweep_matrix_cifar100_vgg16_T16_mode_rate_uniform_schedule_normal_seed_41.csv
cifar100,vgg16,weight_decay,weight_decay,,0.0005,41,16,16,rate_uniform,0.95,3.58,/scratch/gs14/sl9144/qcfs_checkpoints/cifar100-checkpoints/vgg16_L[16]_strict_seed41_schemeC_noout_wd_l16_vgg16.pth,/home/595/sl9144/codes/snn_simulation/important_results/pre_input_image_noise/cifar100_vgg16_three_regs/weight_decay/seed_41/noise_sweep_matrix_cifar100_vgg16_T16_mode_rate_uniform_schedule_normal_seed_41.csv
cifar100,vgg16,weight_decay,weight_decay,,0.0005,41,16,16,rate_uniform,1.0,3.16,/scratch/gs14/sl9144/qcfs_checkpoints/cifar100-checkpoints/vgg16_L[16]_strict_seed41_schemeC_noout_wd_l16_vgg16.pth,/home/595/sl9144/codes/snn_simulation/important_results/pre_input_image_noise/cifar100_vgg16_three_regs/weight_decay/seed_41/noise_sweep_matrix_cifar100_vgg16_T16_mode_rate_uniform_schedule_normal_seed_41.csv
cifar100,vgg16,weight_decay,weight_decay,,0.0005,42,16,16,rate_uniform,0.0,62.27,/scratch/gs14/sl9144/qcfs_checkpoints/cifar100-checkpoints/vgg16_L[16]_strict_seed42_schemeC_noout_wd_l16_vgg16.pth,/home/595/sl9144/codes/snn_simulation/important_results/pre_input_image_noise/cifar100_vgg16_three_regs/weight_decay/seed_42/noise_sweep_matrix_cifar100_vgg16_T16_mode_rate_uniform_schedule_normal_seed_42.csv
cifar100,vgg16,weight_decay,weight_decay,,0.0005,42,16,16,rate_uniform,0.05,61.03,/scratch/gs14/sl9144/qcfs_checkpoints/cifar100-checkpoints/vgg16_L[16]_strict_seed42_schemeC_noout_wd_l16_vgg16.pth,/home/595/sl9144/codes/snn_simulation/important_results/pre_input_image_noise/cifar100_vgg16_three_regs/weight_decay/seed_42/noise_sweep_matrix_cifar100_vgg16_T16_mode_rate_uniform_schedule_normal_seed_42.csv
cifar100,vgg16,weight_decay,weight_decay,,0.0005,42,16,16,rate_uniform,0.1,52.85,/scratch/gs14/sl9144/qcfs_checkpoints/cifar100-checkpoints/vgg16_L[16]_strict_seed42_schemeC_noout_wd_l16_vgg16.pth,/home/595/sl9144/codes/snn_simulation/important_results/pre_input_image_noise/cifar100_vgg16_three_regs/weight_decay/seed_42/noise_sweep_matrix_cifar100_vgg16_T16_mode_rate_uniform_schedule_normal_seed_42.csv
cifar100,vgg16,weight_decay,weight_decay,,0.0005,42,16,16,rate_uniform,0.15,42.76,/scratch/gs14/sl9144/qcfs_checkpoints/cifar100-checkpoints/vgg16_L[16]_strict_seed42_schemeC_noout_wd_l16_vgg16.pth,/home/595/sl9144/codes/snn_simulation/important_results/pre_input_image_noise/cifar100_vgg16_three_regs/weight_decay/seed_42/noise_sweep_matrix_cifar100_vgg16_T16_mode_rate_uniform_schedule_normal_seed_42.csv
cifar100,vgg16,weight_decay,weight_decay,,0.0005,42,16,16,rate_uniform,0.2,34.29,/scratch/gs14/sl9144/qcfs_checkpoints/cifar100-checkpoints/vgg16_L[16]_strict_seed42_schemeC_noout_wd_l16_vgg16.pth,/home/595/sl9144/codes/snn_simulation/important_results/pre_input_image_noise/cifar100_vgg16_three_regs/weight_decay/seed_42/noise_sweep_matrix_cifar100_vgg16_T16_mode_rate_uniform_schedule_normal_seed_42.csv
cifar100,vgg16,weight_decay,weight_decay,,0.0005,42,16,16,rate_uniform,0.25,26.92,/scratch/gs14/sl9144/qcfs_checkpoints/cifar100-checkpoints/vgg16_L[16]_strict_seed42_schemeC_noout_wd_l16_vgg16.pth,/home/595/sl9144/codes/snn_simulation/important_results/pre_input_image_noise/cifar100_vgg16_three_regs/weight_decay/seed_42/noise_sweep_matrix_cifar100_vgg16_T16_mode_rate_uniform_schedule_normal_seed_42.csv
cifar100,vgg16,weight_decay,weight_decay,,0.0005,42,16,16,rate_uniform,0.3,21.9,/scratch/gs14/sl9144/qcfs_checkpoints/cifar100-checkpoints/vgg16_L[16]_strict_seed42_schemeC_noout_wd_l16_vgg16.pth,/home/595/sl9144/codes/snn_simulation/important_results/pre_input_image_noise/cifar100_vgg16_three_regs/weight_decay/seed_42/noise_sweep_matrix_cifar100_vgg16_T16_mode_rate_uniform_schedule_normal_seed_42.csv
cifar100,vgg16,weight_decay,weight_decay,,0.0005,42,16,16,rate_uniform,0.35,17.83,/scratch/gs14/sl9144/qcfs_checkpoints/cifar100-checkpoints/vgg16_L[16]_strict_seed42_schemeC_noout_wd_l16_vgg16.pth,/home/595/sl9144/codes/snn_simulation/important_results/pre_input_image_noise/cifar100_vgg16_three_regs/weight_decay/seed_42/noise_sweep_matrix_cifar100_vgg16_T16_mode_rate_uniform_schedule_normal_seed_42.csv
cifar100,vgg16,weight_decay,weight_decay,,0.0005,42,16,16,rate_uniform,0.4,14.76,/scratch/gs14/sl9144/qcfs_checkpoints/cifar100-checkpoints/vgg16_L[16]_strict_seed42_schemeC_noout_wd_l16_vgg16.pth,/home/595/sl9144/codes/snn_simulation/important_results/pre_input_image_noise/cifar100_vgg16_three_regs/weight_decay/seed_42/noise_sweep_matrix_cifar100_vgg16_T16_mode_rate_uniform_schedule_normal_seed_42.csv
cifar100,vgg16,weight_decay,weight_decay,,0.0005,42,16,16,rate_uniform,0.45,12.27,/scratch/gs14/sl9144/qcfs_checkpoints/cifar100-checkpoints/vgg16_L[16]_strict_seed42_schemeC_noout_wd_l16_vgg16.pth,/home/595/sl9144/codes/snn_simulation/important_results/pre_input_image_noise/cifar100_vgg16_three_regs/weight_decay/seed_42/noise_sweep_matrix_cifar100_vgg16_T16_mode_rate_uniform_schedule_normal_seed_42.csv
cifar100,vgg16,weight_decay,weight_decay,,0.0005,42,16,16,rate_uniform,0.5,10.1,/scratch/gs14/sl9144/qcfs_checkpoints/cifar100-checkpoints/vgg16_L[16]_strict_seed42_schemeC_noout_wd_l16_vgg16.pth,/home/595/sl9144/codes/snn_simulation/important_results/pre_input_image_noise/cifar100_vgg16_three_regs/weight_decay/seed_42/noise_sweep_matrix_cifar100_vgg16_T16_mode_rate_uniform_schedule_normal_seed_42.csv
cifar100,vgg16,weight_decay,weight_decay,,0.0005,42,16,16,rate_uniform,0.55,8.53,/scratch/gs14/sl9144/qcfs_checkpoints/cifar100-checkpoints/vgg16_L[16]_strict_seed42_schemeC_noout_wd_l16_vgg16.pth,/home/595/sl9144/codes/snn_simulation/important_results/pre_input_image_noise/cifar100_vgg16_three_regs/weight_decay/seed_42/noise_sweep_matrix_cifar100_vgg16_T16_mode_rate_uniform_schedule_normal_seed_42.csv
cifar100,vgg16,weight_decay,weight_decay,,0.0005,42,16,16,rate_uniform,0.6,7.52,/scratch/gs14/sl9144/qcfs_checkpoints/cifar100-checkpoints/vgg16_L[16]_strict_seed42_schemeC_noout_wd_l16_vgg16.pth,/home/595/sl9144/codes/snn_simulation/important_results/pre_input_image_noise/cifar100_vgg16_three_regs/weight_decay/seed_42/noise_sweep_matrix_cifar100_vgg16_T16_mode_rate_uniform_schedule_normal_seed_42.csv
cifar100,vgg16,weight_decay,weight_decay,,0.0005,42,16,16,rate_uniform,0.65,6.28,/scratch/gs14/sl9144/qcfs_checkpoints/cifar100-checkpoints/vgg16_L[16]_strict_seed42_schemeC_noout_wd_l16_vgg16.pth,/home/595/sl9144/codes/snn_simulation/important_results/pre_input_image_noise/cifar100_vgg16_three_regs/weight_decay/seed_42/noise_sweep_matrix_cifar100_vgg16_T16_mode_rate_uniform_schedule_normal_seed_42.csv
cifar100,vgg16,weight_decay,weight_decay,,0.0005,42,16,16,rate_uniform,0.7,5.78,/scratch/gs14/sl9144/qcfs_checkpoints/cifar100-checkpoints/vgg16_L[16]_strict_seed42_schemeC_noout_wd_l16_vgg16.pth,/home/595/sl9144/codes/snn_simulation/important_results/pre_input_image_noise/cifar100_vgg16_three_regs/weight_decay/seed_42/noise_sweep_matrix_cifar100_vgg16_T16_mode_rate_uniform_schedule_normal_seed_42.csv
cifar100,vgg16,weight_decay,weight_decay,,0.0005,42,16,16,rate_uniform,0.75,4.9,/scratch/gs14/sl9144/qcfs_checkpoints/cifar100-checkpoints/vgg16_L[16]_strict_seed42_schemeC_noout_wd_l16_vgg16.pth,/home/595/sl9144/codes/snn_simulation/important_results/pre_input_image_noise/cifar100_vgg16_three_regs/weight_decay/seed_42/noise_sweep_matrix_cifar100_vgg16_T16_mode_rate_uniform_schedule_normal_seed_42.csv
cifar100,vgg16,weight_decay,weight_decay,,0.0005,42,16,16,rate_uniform,0.8,4.67,/scratch/gs14/sl9144/qcfs_checkpoints/cifar100-checkpoints/vgg16_L[16]_strict_seed42_schemeC_noout_wd_l16_vgg16.pth,/home/595/sl9144/codes/snn_simulation/important_results/pre_input_image_noise/cifar100_vgg16_three_regs/weight_decay/seed_42/noise_sweep_matrix_cifar100_vgg16_T16_mode_rate_uniform_schedule_normal_seed_42.csv
cifar100,vgg16,weight_decay,weight_decay,,0.0005,42,16,16,rate_uniform,0.85,4.43,/scratch/gs14/sl9144/qcfs_checkpoints/cifar100-checkpoints/vgg16_L[16]_strict_seed42_schemeC_noout_wd_l16_vgg16.pth,/home/595/sl9144/codes/snn_simulation/important_results/pre_input_image_noise/cifar100_vgg16_three_regs/weight_decay/seed_42/noise_sweep_matrix_cifar100_vgg16_T16_mode_rate_uniform_schedule_normal_seed_42.csv
cifar100,vgg16,weight_decay,weight_decay,,0.0005,42,16,16,rate_uniform,0.9,3.54,/scratch/gs14/sl9144/qcfs_checkpoints/cifar100-checkpoints/vgg16_L[16]_strict_seed42_schemeC_noout_wd_l16_vgg16.pth,/home/595/sl9144/codes/snn_simulation/important_results/pre_input_image_noise/cifar100_vgg16_three_regs/weight_decay/seed_42/noise_sweep_matrix_cifar100_vgg16_T16_mode_rate_uniform_schedule_normal_seed_42.csv
cifar100,vgg16,weight_decay,weight_decay,,0.0005,42,16,16,rate_uniform,0.95,3.24,/scratch/gs14/sl9144/qcfs_checkpoints/cifar100-checkpoints/vgg16_L[16]_strict_seed42_schemeC_noout_wd_l16_vgg16.pth,/home/595/sl9144/codes/snn_simulation/important_results/pre_input_image_noise/cifar100_vgg16_three_regs/weight_decay/seed_42/noise_sweep_matrix_cifar100_vgg16_T16_mode_rate_uniform_schedule_normal_seed_42.csv
cifar100,vgg16,weight_decay,weight_decay,,0.0005,42,16,16,rate_uniform,1.0,2.88,/scratch/gs14/sl9144/qcfs_checkpoints/cifar100-checkpoints/vgg16_L[16]_strict_seed42_schemeC_noout_wd_l16_vgg16.pth,/home/595/sl9144/codes/snn_simulation/important_results/pre_input_image_noise/cifar100_vgg16_three_regs/weight_decay/seed_42/noise_sweep_matrix_cifar100_vgg16_T16_mode_rate_uniform_schedule_normal_seed_42.csv
cifar100,vgg16,weight_decay,weight_decay,,0.0005,43,16,16,rate_uniform,0.0,61.74,/scratch/gs14/sl9144/qcfs_checkpoints/cifar100-checkpoints/vgg16_L[16]_strict_seed43_schemeC_noout_wd_l16_vgg16.pth,/home/595/sl9144/codes/snn_simulation/important_results/pre_input_image_noise/cifar100_vgg16_three_regs/weight_decay/seed_43/noise_sweep_matrix_cifar100_vgg16_T16_mode_rate_uniform_schedule_normal_seed_43.csv
cifar100,vgg16,weight_decay,weight_decay,,0.0005,43,16,16,rate_uniform,0.05,60.35,/scratch/gs14/sl9144/qcfs_checkpoints/cifar100-checkpoints/vgg16_L[16]_strict_seed43_schemeC_noout_wd_l16_vgg16.pth,/home/595/sl9144/codes/snn_simulation/important_results/pre_input_image_noise/cifar100_vgg16_three_regs/weight_decay/seed_43/noise_sweep_matrix_cifar100_vgg16_T16_mode_rate_uniform_schedule_normal_seed_43.csv
cifar100,vgg16,weight_decay,weight_decay,,0.0005,43,16,16,rate_uniform,0.1,52.66,/scratch/gs14/sl9144/qcfs_checkpoints/cifar100-checkpoints/vgg16_L[16]_strict_seed43_schemeC_noout_wd_l16_vgg16.pth,/home/595/sl9144/codes/snn_simulation/important_results/pre_input_image_noise/cifar100_vgg16_three_regs/weight_decay/seed_43/noise_sweep_matrix_cifar100_vgg16_T16_mode_rate_uniform_schedule_normal_seed_43.csv
cifar100,vgg16,weight_decay,weight_decay,,0.0005,43,16,16,rate_uniform,0.15,43.11,/scratch/gs14/sl9144/qcfs_checkpoints/cifar100-checkpoints/vgg16_L[16]_strict_seed43_schemeC_noout_wd_l16_vgg16.pth,/home/595/sl9144/codes/snn_simulation/important_results/pre_input_image_noise/cifar100_vgg16_three_regs/weight_decay/seed_43/noise_sweep_matrix_cifar100_vgg16_T16_mode_rate_uniform_schedule_normal_seed_43.csv
cifar100,vgg16,weight_decay,weight_decay,,0.0005,43,16,16,rate_uniform,0.2,34.47,/scratch/gs14/sl9144/qcfs_checkpoints/cifar100-checkpoints/vgg16_L[16]_strict_seed43_schemeC_noout_wd_l16_vgg16.pth,/home/595/sl9144/codes/snn_simulation/important_results/pre_input_image_noise/cifar100_vgg16_three_regs/weight_decay/seed_43/noise_sweep_matrix_cifar100_vgg16_T16_mode_rate_uniform_schedule_normal_seed_43.csv
cifar100,vgg16,weight_decay,weight_decay,,0.0005,43,16,16,rate_uniform,0.25,28.51,/scratch/gs14/sl9144/qcfs_checkpoints/cifar100-checkpoints/vgg16_L[16]_strict_seed43_schemeC_noout_wd_l16_vgg16.pth,/home/595/sl9144/codes/snn_simulation/important_results/pre_input_image_noise/cifar100_vgg16_three_regs/weight_decay/seed_43/noise_sweep_matrix_cifar100_vgg16_T16_mode_rate_uniform_schedule_normal_seed_43.csv
cifar100,vgg16,weight_decay,weight_decay,,0.0005,43,16,16,rate_uniform,0.3,23.02,/scratch/gs14/sl9144/qcfs_checkpoints/cifar100-checkpoints/vgg16_L[16]_strict_seed43_schemeC_noout_wd_l16_vgg16.pth,/home/595/sl9144/codes/snn_simulation/important_results/pre_input_image_noise/cifar100_vgg16_three_regs/weight_decay/seed_43/noise_sweep_matrix_cifar100_vgg16_T16_mode_rate_uniform_schedule_normal_seed_43.csv
cifar100,vgg16,weight_decay,weight_decay,,0.0005,43,16,16,rate_uniform,0.35,19.36,/scratch/gs14/sl9144/qcfs_checkpoints/cifar100-checkpoints/vgg16_L[16]_strict_seed43_schemeC_noout_wd_l16_vgg16.pth,/home/595/sl9144/codes/snn_simulation/important_results/pre_input_image_noise/cifar100_vgg16_three_regs/weight_decay/seed_43/noise_sweep_matrix_cifar100_vgg16_T16_mode_rate_uniform_schedule_normal_seed_43.csv
cifar100,vgg16,weight_decay,weight_decay,,0.0005,43,16,16,rate_uniform,0.4,16.09,/scratch/gs14/sl9144/qcfs_checkpoints/cifar100-checkpoints/vgg16_L[16]_strict_seed43_schemeC_noout_wd_l16_vgg16.pth,/home/595/sl9144/codes/snn_simulation/important_results/pre_input_image_noise/cifar100_vgg16_three_regs/weight_decay/seed_43/noise_sweep_matrix_cifar100_vgg16_T16_mode_rate_uniform_schedule_normal_seed_43.csv
cifar100,vgg16,weight_decay,weight_decay,,0.0005,43,16,16,rate_uniform,0.45,13.14,/scratch/gs14/sl9144/qcfs_checkpoints/cifar100-checkpoints/vgg16_L[16]_strict_seed43_schemeC_noout_wd_l16_vgg16.pth,/home/595/sl9144/codes/snn_simulation/important_results/pre_input_image_noise/cifar100_vgg16_three_regs/weight_decay/seed_43/noise_sweep_matrix_cifar100_vgg16_T16_mode_rate_uniform_schedule_normal_seed_43.csv
cifar100,vgg16,weight_decay,weight_decay,,0.0005,43,16,16,rate_uniform,0.5,10.9,/scratch/gs14/sl9144/qcfs_checkpoints/cifar100-checkpoints/vgg16_L[16]_strict_seed43_schemeC_noout_wd_l16_vgg16.pth,/home/595/sl9144/codes/snn_simulation/important_results/pre_input_image_noise/cifar100_vgg16_three_regs/weight_decay/seed_43/noise_sweep_matrix_cifar100_vgg16_T16_mode_rate_uniform_schedule_normal_seed_43.csv
cifar100,vgg16,weight_decay,weight_decay,,0.0005,43,16,16,rate_uniform,0.55,9.68,/scratch/gs14/sl9144/qcfs_checkpoints/cifar100-checkpoints/vgg16_L[16]_strict_seed43_schemeC_noout_wd_l16_vgg16.pth,/home/595/sl9144/codes/snn_simulation/important_results/pre_input_image_noise/cifar100_vgg16_three_regs/weight_decay/seed_43/noise_sweep_matrix_cifar100_vgg16_T16_mode_rate_uniform_schedule_normal_seed_43.csv
cifar100,vgg16,weight_decay,weight_decay,,0.0005,43,16,16,rate_uniform,0.6,8.19,/scratch/gs14/sl9144/qcfs_checkpoints/cifar100-checkpoints/vgg16_L[16]_strict_seed43_schemeC_noout_wd_l16_vgg16.pth,/home/595/sl9144/codes/snn_simulation/important_results/pre_input_image_noise/cifar100_vgg16_three_regs/weight_decay/seed_43/noise_sweep_matrix_cifar100_vgg16_T16_mode_rate_uniform_schedule_normal_seed_43.csv
cifar100,vgg16,weight_decay,weight_decay,,0.0005,43,16,16,rate_uniform,0.65,6.88,/scratch/gs14/sl9144/qcfs_checkpoints/cifar100-checkpoints/vgg16_L[16]_strict_seed43_schemeC_noout_wd_l16_vgg16.pth,/home/595/sl9144/codes/snn_simulation/important_results/pre_input_image_noise/cifar100_vgg16_three_regs/weight_decay/seed_43/noise_sweep_matrix_cifar100_vgg16_T16_mode_rate_uniform_schedule_normal_seed_43.csv
cifar100,vgg16,weight_decay,weight_decay,,0.0005,43,16,16,rate_uniform,0.7,6.14,/scratch/gs14/sl9144/qcfs_checkpoints/cifar100-checkpoints/vgg16_L[16]_strict_seed43_schemeC_noout_wd_l16_vgg16.pth,/home/595/sl9144/codes/snn_simulation/important_results/pre_input_image_noise/cifar100_vgg16_three_regs/weight_decay/seed_43/noise_sweep_matrix_cifar100_vgg16_T16_mode_rate_uniform_schedule_normal_seed_43.csv
cifar100,vgg16,weight_decay,weight_decay,,0.0005,43,16,16,rate_uniform,0.75,5.7,/scratch/gs14/sl9144/qcfs_checkpoints/cifar100-checkpoints/vgg16_L[16]_strict_seed43_schemeC_noout_wd_l16_vgg16.pth,/home/595/sl9144/codes/snn_simulation/important_results/pre_input_image_noise/cifar100_vgg16_three_regs/weight_decay/seed_43/noise_sweep_matrix_cifar100_vgg16_T16_mode_rate_uniform_schedule_normal_seed_43.csv
cifar100,vgg16,weight_decay,weight_decay,,0.0005,43,16,16,rate_uniform,0.8,5.04,/scratch/gs14/sl9144/qcfs_checkpoints/cifar100-checkpoints/vgg16_L[16]_strict_seed43_schemeC_noout_wd_l16_vgg16.pth,/home/595/sl9144/codes/snn_simulation/important_results/pre_input_image_noise/cifar100_vgg16_three_regs/weight_decay/seed_43/noise_sweep_matrix_cifar100_vgg16_T16_mode_rate_uniform_schedule_normal_seed_43.csv
cifar100,vgg16,weight_decay,weight_decay,,0.0005,43,16,16,rate_uniform,0.85,4.4,/scratch/gs14/sl9144/qcfs_checkpoints/cifar100-checkpoints/vgg16_L[16]_strict_seed43_schemeC_noout_wd_l16_vgg16.pth,/home/595/sl9144/codes/snn_simulation/important_results/pre_input_image_noise/cifar100_vgg16_three_regs/weight_decay/seed_43/noise_sweep_matrix_cifar100_vgg16_T16_mode_rate_uniform_schedule_normal_seed_43.csv
cifar100,vgg16,weight_decay,weight_decay,,0.0005,43,16,16,rate_uniform,0.9,3.96,/scratch/gs14/sl9144/qcfs_checkpoints/cifar100-checkpoints/vgg16_L[16]_strict_seed43_schemeC_noout_wd_l16_vgg16.pth,/home/595/sl9144/codes/snn_simulation/important_results/pre_input_image_noise/cifar100_vgg16_three_regs/weight_decay/seed_43/noise_sweep_matrix_cifar100_vgg16_T16_mode_rate_uniform_schedule_normal_seed_43.csv
cifar100,vgg16,weight_decay,weight_decay,,0.0005,43,16,16,rate_uniform,0.95,3.62,/scratch/gs14/sl9144/qcfs_checkpoints/cifar100-checkpoints/vgg16_L[16]_strict_seed43_schemeC_noout_wd_l16_vgg16.pth,/home/595/sl9144/codes/snn_simulation/important_results/pre_input_image_noise/cifar100_vgg16_three_regs/weight_decay/seed_43/noise_sweep_matrix_cifar100_vgg16_T16_mode_rate_uniform_schedule_normal_seed_43.csv
cifar100,vgg16,weight_decay,weight_decay,,0.0005,43,16,16,rate_uniform,1.0,3.49,/scratch/gs14/sl9144/qcfs_checkpoints/cifar100-checkpoints/vgg16_L[16]_strict_seed43_schemeC_noout_wd_l16_vgg16.pth,/home/595/sl9144/codes/snn_simulation/important_results/pre_input_image_noise/cifar100_vgg16_three_regs/weight_decay/seed_43/noise_sweep_matrix_cifar100_vgg16_T16_mode_rate_uniform_schedule_normal_seed_43.csv
cifar100,vgg16,weight_decay,weight_decay,,0.0005,44,16,16,rate_uniform,0.0,62.11,/scratch/gs14/sl9144/qcfs_checkpoints/cifar100-checkpoints/vgg16_L[16]_strict_seed44_schemeC_noout_wd_l16_vgg16.pth,/home/595/sl9144/codes/snn_simulation/important_results/pre_input_image_noise/cifar100_vgg16_three_regs/weight_decay/seed_44/noise_sweep_matrix_cifar100_vgg16_T16_mode_rate_uniform_schedule_normal_seed_44.csv
cifar100,vgg16,weight_decay,weight_decay,,0.0005,44,16,16,rate_uniform,0.05,60.54,/scratch/gs14/sl9144/qcfs_checkpoints/cifar100-checkpoints/vgg16_L[16]_strict_seed44_schemeC_noout_wd_l16_vgg16.pth,/home/595/sl9144/codes/snn_simulation/important_results/pre_input_image_noise/cifar100_vgg16_three_regs/weight_decay/seed_44/noise_sweep_matrix_cifar100_vgg16_T16_mode_rate_uniform_schedule_normal_seed_44.csv
cifar100,vgg16,weight_decay,weight_decay,,0.0005,44,16,16,rate_uniform,0.1,52.55,/scratch/gs14/sl9144/qcfs_checkpoints/cifar100-checkpoints/vgg16_L[16]_strict_seed44_schemeC_noout_wd_l16_vgg16.pth,/home/595/sl9144/codes/snn_simulation/important_results/pre_input_image_noise/cifar100_vgg16_three_regs/weight_decay/seed_44/noise_sweep_matrix_cifar100_vgg16_T16_mode_rate_uniform_schedule_normal_seed_44.csv
cifar100,vgg16,weight_decay,weight_decay,,0.0005,44,16,16,rate_uniform,0.15,42.65,/scratch/gs14/sl9144/qcfs_checkpoints/cifar100-checkpoints/vgg16_L[16]_strict_seed44_schemeC_noout_wd_l16_vgg16.pth,/home/595/sl9144/codes/snn_simulation/important_results/pre_input_image_noise/cifar100_vgg16_three_regs/weight_decay/seed_44/noise_sweep_matrix_cifar100_vgg16_T16_mode_rate_uniform_schedule_normal_seed_44.csv
cifar100,vgg16,weight_decay,weight_decay,,0.0005,44,16,16,rate_uniform,0.2,34.14,/scratch/gs14/sl9144/qcfs_checkpoints/cifar100-checkpoints/vgg16_L[16]_strict_seed44_schemeC_noout_wd_l16_vgg16.pth,/home/595/sl9144/codes/snn_simulation/important_results/pre_input_image_noise/cifar100_vgg16_three_regs/weight_decay/seed_44/noise_sweep_matrix_cifar100_vgg16_T16_mode_rate_uniform_schedule_normal_seed_44.csv
cifar100,vgg16,weight_decay,weight_decay,,0.0005,44,16,16,rate_uniform,0.25,27.37,/scratch/gs14/sl9144/qcfs_checkpoints/cifar100-checkpoints/vgg16_L[16]_strict_seed44_schemeC_noout_wd_l16_vgg16.pth,/home/595/sl9144/codes/snn_simulation/important_results/pre_input_image_noise/cifar100_vgg16_three_regs/weight_decay/seed_44/noise_sweep_matrix_cifar100_vgg16_T16_mode_rate_uniform_schedule_normal_seed_44.csv
cifar100,vgg16,weight_decay,weight_decay,,0.0005,44,16,16,rate_uniform,0.3,21.51,/scratch/gs14/sl9144/qcfs_checkpoints/cifar100-checkpoints/vgg16_L[16]_strict_seed44_schemeC_noout_wd_l16_vgg16.pth,/home/595/sl9144/codes/snn_simulation/important_results/pre_input_image_noise/cifar100_vgg16_three_regs/weight_decay/seed_44/noise_sweep_matrix_cifar100_vgg16_T16_mode_rate_uniform_schedule_normal_seed_44.csv
cifar100,vgg16,weight_decay,weight_decay,,0.0005,44,16,16,rate_uniform,0.35,17.44,/scratch/gs14/sl9144/qcfs_checkpoints/cifar100-checkpoints/vgg16_L[16]_strict_seed44_schemeC_noout_wd_l16_vgg16.pth,/home/595/sl9144/codes/snn_simulation/important_results/pre_input_image_noise/cifar100_vgg16_three_regs/weight_decay/seed_44/noise_sweep_matrix_cifar100_vgg16_T16_mode_rate_uniform_schedule_normal_seed_44.csv
cifar100,vgg16,weight_decay,weight_decay,,0.0005,44,16,16,rate_uniform,0.4,14.48,/scratch/gs14/sl9144/qcfs_checkpoints/cifar100-checkpoints/vgg16_L[16]_strict_seed44_schemeC_noout_wd_l16_vgg16.pth,/home/595/sl9144/codes/snn_simulation/important_results/pre_input_image_noise/cifar100_vgg16_three_regs/weight_decay/seed_44/noise_sweep_matrix_cifar100_vgg16_T16_mode_rate_uniform_schedule_normal_seed_44.csv
cifar100,vgg16,weight_decay,weight_decay,,0.0005,44,16,16,rate_uniform,0.45,12.07,/scratch/gs14/sl9144/qcfs_checkpoints/cifar100-checkpoints/vgg16_L[16]_strict_seed44_schemeC_noout_wd_l16_vgg16.pth,/home/595/sl9144/codes/snn_simulation/important_results/pre_input_image_noise/cifar100_vgg16_three_regs/weight_decay/seed_44/noise_sweep_matrix_cifar100_vgg16_T16_mode_rate_uniform_schedule_normal_seed_44.csv
cifar100,vgg16,weight_decay,weight_decay,,0.0005,44,16,16,rate_uniform,0.5,10.15,/scratch/gs14/sl9144/qcfs_checkpoints/cifar100-checkpoints/vgg16_L[16]_strict_seed44_schemeC_noout_wd_l16_vgg16.pth,/home/595/sl9144/codes/snn_simulation/important_results/pre_input_image_noise/cifar100_vgg16_three_regs/weight_decay/seed_44/noise_sweep_matrix_cifar100_vgg16_T16_mode_rate_uniform_schedule_normal_seed_44.csv
cifar100,vgg16,weight_decay,weight_decay,,0.0005,44,16,16,rate_uniform,0.55,8.79,/scratch/gs14/sl9144/qcfs_checkpoints/cifar100-checkpoints/vgg16_L[16]_strict_seed44_schemeC_noout_wd_l16_vgg16.pth,/home/595/sl9144/codes/snn_simulation/important_results/pre_input_image_noise/cifar100_vgg16_three_regs/weight_decay/seed_44/noise_sweep_matrix_cifar100_vgg16_T16_mode_rate_uniform_schedule_normal_seed_44.csv
cifar100,vgg16,weight_decay,weight_decay,,0.0005,44,16,16,rate_uniform,0.6,7.34,/scratch/gs14/sl9144/qcfs_checkpoints/cifar100-checkpoints/vgg16_L[16]_strict_seed44_schemeC_noout_wd_l16_vgg16.pth,/home/595/sl9144/codes/snn_simulation/important_results/pre_input_image_noise/cifar100_vgg16_three_regs/weight_decay/seed_44/noise_sweep_matrix_cifar100_vgg16_T16_mode_rate_uniform_schedule_normal_seed_44.csv
cifar100,vgg16,weight_decay,weight_decay,,0.0005,44,16,16,rate_uniform,0.65,6.67,/scratch/gs14/sl9144/qcfs_checkpoints/cifar100-checkpoints/vgg16_L[16]_strict_seed44_schemeC_noout_wd_l16_vgg16.pth,/home/595/sl9144/codes/snn_simulation/important_results/pre_input_image_noise/cifar100_vgg16_three_regs/weight_decay/seed_44/noise_sweep_matrix_cifar100_vgg16_T16_mode_rate_uniform_schedule_normal_seed_44.csv
cifar100,vgg16,weight_decay,weight_decay,,0.0005,44,16,16,rate_uniform,0.7,5.77,/scratch/gs14/sl9144/qcfs_checkpoints/cifar100-checkpoints/vgg16_L[16]_strict_seed44_schemeC_noout_wd_l16_vgg16.pth,/home/595/sl9144/codes/snn_simulation/important_results/pre_input_image_noise/cifar100_vgg16_three_regs/weight_decay/seed_44/noise_sweep_matrix_cifar100_vgg16_T16_mode_rate_uniform_schedule_normal_seed_44.csv
cifar100,vgg16,weight_decay,weight_decay,,0.0005,44,16,16,rate_uniform,0.75,5.53,/scratch/gs14/sl9144/qcfs_checkpoints/cifar100-checkpoints/vgg16_L[16]_strict_seed44_schemeC_noout_wd_l16_vgg16.pth,/home/595/sl9144/codes/snn_simulation/important_results/pre_input_image_noise/cifar100_vgg16_three_regs/weight_decay/seed_44/noise_sweep_matrix_cifar100_vgg16_T16_mode_rate_uniform_schedule_normal_seed_44.csv
cifar100,vgg16,weight_decay,weight_decay,,0.0005,44,16,16,rate_uniform,0.8,4.78,/scratch/gs14/sl9144/qcfs_checkpoints/cifar100-checkpoints/vgg16_L[16]_strict_seed44_schemeC_noout_wd_l16_vgg16.pth,/home/595/sl9144/codes/snn_simulation/important_results/pre_input_image_noise/cifar100_vgg16_three_regs/weight_decay/seed_44/noise_sweep_matrix_cifar100_vgg16_T16_mode_rate_uniform_schedule_normal_seed_44.csv
cifar100,vgg16,weight_decay,weight_decay,,0.0005,44,16,16,rate_uniform,0.85,4.32,/scratch/gs14/sl9144/qcfs_checkpoints/cifar100-checkpoints/vgg16_L[16]_strict_seed44_schemeC_noout_wd_l16_vgg16.pth,/home/595/sl9144/codes/snn_simulation/important_results/pre_input_image_noise/cifar100_vgg16_three_regs/weight_decay/seed_44/noise_sweep_matrix_cifar100_vgg16_T16_mode_rate_uniform_schedule_normal_seed_44.csv
cifar100,vgg16,weight_decay,weight_decay,,0.0005,44,16,16,rate_uniform,0.9,3.95,/scratch/gs14/sl9144/qcfs_checkpoints/cifar100-checkpoints/vgg16_L[16]_strict_seed44_schemeC_noout_wd_l16_vgg16.pth,/home/595/sl9144/codes/snn_simulation/important_results/pre_input_image_noise/cifar100_vgg16_three_regs/weight_decay/seed_44/noise_sweep_matrix_cifar100_vgg16_T16_mode_rate_uniform_schedule_normal_seed_44.csv
cifar100,vgg16,weight_decay,weight_decay,,0.0005,44,16,16,rate_uniform,0.95,3.72,/scratch/gs14/sl9144/qcfs_checkpoints/cifar100-checkpoints/vgg16_L[16]_strict_seed44_schemeC_noout_wd_l16_vgg16.pth,/home/595/sl9144/codes/snn_simulation/important_results/pre_input_image_noise/cifar100_vgg16_three_regs/weight_decay/seed_44/noise_sweep_matrix_cifar100_vgg16_T16_mode_rate_uniform_schedule_normal_seed_44.csv
cifar100,vgg16,weight_decay,weight_decay,,0.0005,44,16,16,rate_uniform,1.0,3.25,/scratch/gs14/sl9144/qcfs_checkpoints/cifar100-checkpoints/vgg16_L[16]_strict_seed44_schemeC_noout_wd_l16_vgg16.pth,/home/595/sl9144/codes/snn_simulation/important_results/pre_input_image_noise/cifar100_vgg16_three_regs/weight_decay/seed_44/noise_sweep_matrix_cifar100_vgg16_T16_mode_rate_uniform_schedule_normal_seed_44.csv
cifar100,vgg16,mne_l2,mne_l2 rc=1e-4,0.0001,0.0,40,16,16,rate_uniform,0.0,59.83,/scratch/gs14/sl9144/qcfs_checkpoints/cifar100-checkpoints/vgg16_L[16]_strict_seed40_schemeC_noout_mne_l2_l16_vgg16_rc1em04.pth,/home/595/sl9144/codes/snn_simulation/important_results/pre_input_image_noise/cifar100_vgg16_three_regs/mne_l2_rc1e-4/seed_40/noise_sweep_matrix_cifar100_vgg16_T16_mode_rate_uniform_schedule_normal_seed_40.csv
cifar100,vgg16,mne_l2,mne_l2 rc=1e-4,0.0001,0.0,40,16,16,rate_uniform,0.05,58.55,/scratch/gs14/sl9144/qcfs_checkpoints/cifar100-checkpoints/vgg16_L[16]_strict_seed40_schemeC_noout_mne_l2_l16_vgg16_rc1em04.pth,/home/595/sl9144/codes/snn_simulation/important_results/pre_input_image_noise/cifar100_vgg16_three_regs/mne_l2_rc1e-4/seed_40/noise_sweep_matrix_cifar100_vgg16_T16_mode_rate_uniform_schedule_normal_seed_40.csv
cifar100,vgg16,mne_l2,mne_l2 rc=1e-4,0.0001,0.0,40,16,16,rate_uniform,0.1,51.48,/scratch/gs14/sl9144/qcfs_checkpoints/cifar100-checkpoints/vgg16_L[16]_strict_seed40_schemeC_noout_mne_l2_l16_vgg16_rc1em04.pth,/home/595/sl9144/codes/snn_simulation/important_results/pre_input_image_noise/cifar100_vgg16_three_regs/mne_l2_rc1e-4/seed_40/noise_sweep_matrix_cifar100_vgg16_T16_mode_rate_uniform_schedule_normal_seed_40.csv
cifar100,vgg16,mne_l2,mne_l2 rc=1e-4,0.0001,0.0,40,16,16,rate_uniform,0.15,40.95,/scratch/gs14/sl9144/qcfs_checkpoints/cifar100-checkpoints/vgg16_L[16]_strict_seed40_schemeC_noout_mne_l2_l16_vgg16_rc1em04.pth,/home/595/sl9144/codes/snn_simulation/important_results/pre_input_image_noise/cifar100_vgg16_three_regs/mne_l2_rc1e-4/seed_40/noise_sweep_matrix_cifar100_vgg16_T16_mode_rate_uniform_schedule_normal_seed_40.csv
cifar100,vgg16,mne_l2,mne_l2 rc=1e-4,0.0001,0.0,40,16,16,rate_uniform,0.2,30.11,/scratch/gs14/sl9144/qcfs_checkpoints/cifar100-checkpoints/vgg16_L[16]_strict_seed40_schemeC_noout_mne_l2_l16_vgg16_rc1em04.pth,/home/595/sl9144/codes/snn_simulation/important_results/pre_input_image_noise/cifar100_vgg16_three_regs/mne_l2_rc1e-4/seed_40/noise_sweep_matrix_cifar100_vgg16_T16_mode_rate_uniform_schedule_normal_seed_40.csv
cifar100,vgg16,mne_l2,mne_l2 rc=1e-4,0.0001,0.0,40,16,16,rate_uniform,0.25,21.39,/scratch/gs14/sl9144/qcfs_checkpoints/cifar100-checkpoints/vgg16_L[16]_strict_seed40_schemeC_noout_mne_l2_l16_vgg16_rc1em04.pth,/home/595/sl9144/codes/snn_simulation/important_results/pre_input_image_noise/cifar100_vgg16_three_regs/mne_l2_rc1e-4/seed_40/noise_sweep_matrix_cifar100_vgg16_T16_mode_rate_uniform_schedule_normal_seed_40.csv
cifar100,vgg16,mne_l2,mne_l2 rc=1e-4,0.0001,0.0,40,16,16,rate_uniform,0.3,15.23,/scratch/gs14/sl9144/qcfs_checkpoints/cifar100-checkpoints/vgg16_L[16]_strict_seed40_schemeC_noout_mne_l2_l16_vgg16_rc1em04.pth,/home/595/sl9144/codes/snn_simulation/important_results/pre_input_image_noise/cifar100_vgg16_three_regs/mne_l2_rc1e-4/seed_40/noise_sweep_matrix_cifar100_vgg16_T16_mode_rate_uniform_schedule_normal_seed_40.csv
cifar100,vgg16,mne_l2,mne_l2 rc=1e-4,0.0001,0.0,40,16,16,rate_uniform,0.35,11.35,/scratch/gs14/sl9144/qcfs_checkpoints/cifar100-checkpoints/vgg16_L[16]_strict_seed40_schemeC_noout_mne_l2_l16_vgg16_rc1em04.pth,/home/595/sl9144/codes/snn_simulation/important_results/pre_input_image_noise/cifar100_vgg16_three_regs/mne_l2_rc1e-4/seed_40/noise_sweep_matrix_cifar100_vgg16_T16_mode_rate_uniform_schedule_normal_seed_40.csv
cifar100,vgg16,mne_l2,mne_l2 rc=1e-4,0.0001,0.0,40,16,16,rate_uniform,0.4,8.68,/scratch/gs14/sl9144/qcfs_checkpoints/cifar100-checkpoints/vgg16_L[16]_strict_seed40_schemeC_noout_mne_l2_l16_vgg16_rc1em04.pth,/home/595/sl9144/codes/snn_simulation/important_results/pre_input_image_noise/cifar100_vgg16_three_regs/mne_l2_rc1e-4/seed_40/noise_sweep_matrix_cifar100_vgg16_T16_mode_rate_uniform_schedule_normal_seed_40.csv
cifar100,vgg16,mne_l2,mne_l2 rc=1e-4,0.0001,0.0,40,16,16,rate_uniform,0.45,6.94,/scratch/gs14/sl9144/qcfs_checkpoints/cifar100-checkpoints/vgg16_L[16]_strict_seed40_schemeC_noout_mne_l2_l16_vgg16_rc1em04.pth,/home/595/sl9144/codes/snn_simulation/important_results/pre_input_image_noise/cifar100_vgg16_three_regs/mne_l2_rc1e-4/seed_40/noise_sweep_matrix_cifar100_vgg16_T16_mode_rate_uniform_schedule_normal_seed_40.csv
cifar100,vgg16,mne_l2,mne_l2 rc=1e-4,0.0001,0.0,40,16,16,rate_uniform,0.5,5.92,/scratch/gs14/sl9144/qcfs_checkpoints/cifar100-checkpoints/vgg16_L[16]_strict_seed40_schemeC_noout_mne_l2_l16_vgg16_rc1em04.pth,/home/595/sl9144/codes/snn_simulation/important_results/pre_input_image_noise/cifar100_vgg16_three_regs/mne_l2_rc1e-4/seed_40/noise_sweep_matrix_cifar100_vgg16_T16_mode_rate_uniform_schedule_normal_seed_40.csv
cifar100,vgg16,mne_l2,mne_l2 rc=1e-4,0.0001,0.0,40,16,16,rate_uniform,0.55,4.99,/scratch/gs14/sl9144/qcfs_checkpoints/cifar100-checkpoints/vgg16_L[16]_strict_seed40_schemeC_noout_mne_l2_l16_vgg16_rc1em04.pth,/home/595/sl9144/codes/snn_simulation/important_results/pre_input_image_noise/cifar100_vgg16_three_regs/mne_l2_rc1e-4/seed_40/noise_sweep_matrix_cifar100_vgg16_T16_mode_rate_uniform_schedule_normal_seed_40.csv
cifar100,vgg16,mne_l2,mne_l2 rc=1e-4,0.0001,0.0,40,16,16,rate_uniform,0.6,4.33,/scratch/gs14/sl9144/qcfs_checkpoints/cifar100-checkpoints/vgg16_L[16]_strict_seed40_schemeC_noout_mne_l2_l16_vgg16_rc1em04.pth,/home/595/sl9144/codes/snn_simulation/important_results/pre_input_image_noise/cifar100_vgg16_three_regs/mne_l2_rc1e-4/seed_40/noise_sweep_matrix_cifar100_vgg16_T16_mode_rate_uniform_schedule_normal_seed_40.csv
cifar100,vgg16,mne_l2,mne_l2 rc=1e-4,0.0001,0.0,40,16,16,rate_uniform,0.65,3.69,/scratch/gs14/sl9144/qcfs_checkpoints/cifar100-checkpoints/vgg16_L[16]_strict_seed40_schemeC_noout_mne_l2_l16_vgg16_rc1em04.pth,/home/595/sl9144/codes/snn_simulation/important_results/pre_input_image_noise/cifar100_vgg16_three_regs/mne_l2_rc1e-4/seed_40/noise_sweep_matrix_cifar100_vgg16_T16_mode_rate_uniform_schedule_normal_seed_40.csv
cifar100,vgg16,mne_l2,mne_l2 rc=1e-4,0.0001,0.0,40,16,16,rate_uniform,0.7,3.26,/scratch/gs14/sl9144/qcfs_checkpoints/cifar100-checkpoints/vgg16_L[16]_strict_seed40_schemeC_noout_mne_l2_l16_vgg16_rc1em04.pth,/home/595/sl9144/codes/snn_simulation/important_results/pre_input_image_noise/cifar100_vgg16_three_regs/mne_l2_rc1e-4/seed_40/noise_sweep_matrix_cifar100_vgg16_T16_mode_rate_uniform_schedule_normal_seed_40.csv
cifar100,vgg16,mne_l2,mne_l2 rc=1e-4,0.0001,0.0,40,16,16,rate_uniform,0.75,2.97,/scratch/gs14/sl9144/qcfs_checkpoints/cifar100-checkpoints/vgg16_L[16]_strict_seed40_schemeC_noout_mne_l2_l16_vgg16_rc1em04.pth,/home/595/sl9144/codes/snn_simulation/important_results/pre_input_image_noise/cifar100_vgg16_three_regs/mne_l2_rc1e-4/seed_40/noise_sweep_matrix_cifar100_vgg16_T16_mode_rate_uniform_schedule_normal_seed_40.csv
cifar100,vgg16,mne_l2,mne_l2 rc=1e-4,0.0001,0.0,40,16,16,rate_uniform,0.8,2.71,/scratch/gs14/sl9144/qcfs_checkpoints/cifar100-checkpoints/vgg16_L[16]_strict_seed40_schemeC_noout_mne_l2_l16_vgg16_rc1em04.pth,/home/595/sl9144/codes/snn_simulation/important_results/pre_input_image_noise/cifar100_vgg16_three_regs/mne_l2_rc1e-4/seed_40/noise_sweep_matrix_cifar100_vgg16_T16_mode_rate_uniform_schedule_normal_seed_40.csv
cifar100,vgg16,mne_l2,mne_l2 rc=1e-4,0.0001,0.0,40,16,16,rate_uniform,0.85,2.41,/scratch/gs14/sl9144/qcfs_checkpoints/cifar100-checkpoints/vgg16_L[16]_strict_seed40_schemeC_noout_mne_l2_l16_vgg16_rc1em04.pth,/home/595/sl9144/codes/snn_simulation/important_results/pre_input_image_noise/cifar100_vgg16_three_regs/mne_l2_rc1e-4/seed_40/noise_sweep_matrix_cifar100_vgg16_T16_mode_rate_uniform_schedule_normal_seed_40.csv
cifar100,vgg16,mne_l2,mne_l2 rc=1e-4,0.0001,0.0,40,16,16,rate_uniform,0.9,2.28,/scratch/gs14/sl9144/qcfs_checkpoints/cifar100-checkpoints/vgg16_L[16]_strict_seed40_schemeC_noout_mne_l2_l16_vgg16_rc1em04.pth,/home/595/sl9144/codes/snn_simulation/important_results/pre_input_image_noise/cifar100_vgg16_three_regs/mne_l2_rc1e-4/seed_40/noise_sweep_matrix_cifar100_vgg16_T16_mode_rate_uniform_schedule_normal_seed_40.csv
cifar100,vgg16,mne_l2,mne_l2 rc=1e-4,0.0001,0.0,40,16,16,rate_uniform,0.95,2.13,/scratch/gs14/sl9144/qcfs_checkpoints/cifar100-checkpoints/vgg16_L[16]_strict_seed40_schemeC_noout_mne_l2_l16_vgg16_rc1em04.pth,/home/595/sl9144/codes/snn_simulation/important_results/pre_input_image_noise/cifar100_vgg16_three_regs/mne_l2_rc1e-4/seed_40/noise_sweep_matrix_cifar100_vgg16_T16_mode_rate_uniform_schedule_normal_seed_40.csv
cifar100,vgg16,mne_l2,mne_l2 rc=1e-4,0.0001,0.0,40,16,16,rate_uniform,1.0,2.03,/scratch/gs14/sl9144/qcfs_checkpoints/cifar100-checkpoints/vgg16_L[16]_strict_seed40_schemeC_noout_mne_l2_l16_vgg16_rc1em04.pth,/home/595/sl9144/codes/snn_simulation/important_results/pre_input_image_noise/cifar100_vgg16_three_regs/mne_l2_rc1e-4/seed_40/noise_sweep_matrix_cifar100_vgg16_T16_mode_rate_uniform_schedule_normal_seed_40.csv
cifar100,vgg16,mne_l2,mne_l2 rc=1e-4,0.0001,0.0,41,16,16,rate_uniform,0.0,59.38,/scratch/gs14/sl9144/qcfs_checkpoints/cifar100-checkpoints/vgg16_L[16]_strict_seed41_schemeC_noout_mne_l2_l16_vgg16_rc1em04.pth,/home/595/sl9144/codes/snn_simulation/important_results/pre_input_image_noise/cifar100_vgg16_three_regs/mne_l2_rc1e-4/seed_41/noise_sweep_matrix_cifar100_vgg16_T16_mode_rate_uniform_schedule_normal_seed_41.csv
cifar100,vgg16,mne_l2,mne_l2 rc=1e-4,0.0001,0.0,41,16,16,rate_uniform,0.05,58.13,/scratch/gs14/sl9144/qcfs_checkpoints/cifar100-checkpoints/vgg16_L[16]_strict_seed41_schemeC_noout_mne_l2_l16_vgg16_rc1em04.pth,/home/595/sl9144/codes/snn_simulation/important_results/pre_input_image_noise/cifar100_vgg16_three_regs/mne_l2_rc1e-4/seed_41/noise_sweep_matrix_cifar100_vgg16_T16_mode_rate_uniform_schedule_normal_seed_41.csv
cifar100,vgg16,mne_l2,mne_l2 rc=1e-4,0.0001,0.0,41,16,16,rate_uniform,0.1,51.88,/scratch/gs14/sl9144/qcfs_checkpoints/cifar100-checkpoints/vgg16_L[16]_strict_seed41_schemeC_noout_mne_l2_l16_vgg16_rc1em04.pth,/home/595/sl9144/codes/snn_simulation/important_results/pre_input_image_noise/cifar100_vgg16_three_regs/mne_l2_rc1e-4/seed_41/noise_sweep_matrix_cifar100_vgg16_T16_mode_rate_uniform_schedule_normal_seed_41.csv
cifar100,vgg16,mne_l2,mne_l2 rc=1e-4,0.0001,0.0,41,16,16,rate_uniform,0.15,41.31,/scratch/gs14/sl9144/qcfs_checkpoints/cifar100-checkpoints/vgg16_L[16]_strict_seed41_schemeC_noout_mne_l2_l16_vgg16_rc1em04.pth,/home/595/sl9144/codes/snn_simulation/important_results/pre_input_image_noise/cifar100_vgg16_three_regs/mne_l2_rc1e-4/seed_41/noise_sweep_matrix_cifar100_vgg16_T16_mode_rate_uniform_schedule_normal_seed_41.csv
cifar100,vgg16,mne_l2,mne_l2 rc=1e-4,0.0001,0.0,41,16,16,rate_uniform,0.2,29.44,/scratch/gs14/sl9144/qcfs_checkpoints/cifar100-checkpoints/vgg16_L[16]_strict_seed41_schemeC_noout_mne_l2_l16_vgg16_rc1em04.pth,/home/595/sl9144/codes/snn_simulation/important_results/pre_input_image_noise/cifar100_vgg16_three_regs/mne_l2_rc1e-4/seed_41/noise_sweep_matrix_cifar100_vgg16_T16_mode_rate_uniform_schedule_normal_seed_41.csv
cifar100,vgg16,mne_l2,mne_l2 rc=1e-4,0.0001,0.0,41,16,16,rate_uniform,0.25,20.26,/scratch/gs14/sl9144/qcfs_checkpoints/cifar100-checkpoints/vgg16_L[16]_strict_seed41_schemeC_noout_mne_l2_l16_vgg16_rc1em04.pth,/home/595/sl9144/codes/snn_simulation/important_results/pre_input_image_noise/cifar100_vgg16_three_regs/mne_l2_rc1e-4/seed_41/noise_sweep_matrix_cifar100_vgg16_T16_mode_rate_uniform_schedule_normal_seed_41.csv
cifar100,vgg16,mne_l2,mne_l2 rc=1e-4,0.0001,0.0,41,16,16,rate_uniform,0.3,14.44,/scratch/gs14/sl9144/qcfs_checkpoints/cifar100-checkpoints/vgg16_L[16]_strict_seed41_schemeC_noout_mne_l2_l16_vgg16_rc1em04.pth,/home/595/sl9144/codes/snn_simulation/important_results/pre_input_image_noise/cifar100_vgg16_three_regs/mne_l2_rc1e-4/seed_41/noise_sweep_matrix_cifar100_vgg16_T16_mode_rate_uniform_schedule_normal_seed_41.csv
cifar100,vgg16,mne_l2,mne_l2 rc=1e-4,0.0001,0.0,41,16,16,rate_uniform,0.35,10.68,/scratch/gs14/sl9144/qcfs_checkpoints/cifar100-checkpoints/vgg16_L[16]_strict_seed41_schemeC_noout_mne_l2_l16_vgg16_rc1em04.pth,/home/595/sl9144/codes/snn_simulation/important_results/pre_input_image_noise/cifar100_vgg16_three_regs/mne_l2_rc1e-4/seed_41/noise_sweep_matrix_cifar100_vgg16_T16_mode_rate_uniform_schedule_normal_seed_41.csv
cifar100,vgg16,mne_l2,mne_l2 rc=1e-4,0.0001,0.0,41,16,16,rate_uniform,0.4,8.29,/scratch/gs14/sl9144/qcfs_checkpoints/cifar100-checkpoints/vgg16_L[16]_strict_seed41_schemeC_noout_mne_l2_l16_vgg16_rc1em04.pth,/home/595/sl9144/codes/snn_simulation/important_results/pre_input_image_noise/cifar100_vgg16_three_regs/mne_l2_rc1e-4/seed_41/noise_sweep_matrix_cifar100_vgg16_T16_mode_rate_uniform_schedule_normal_seed_41.csv
cifar100,vgg16,mne_l2,mne_l2 rc=1e-4,0.0001,0.0,41,16,16,rate_uniform,0.45,6.79,/scratch/gs14/sl9144/qcfs_checkpoints/cifar100-checkpoints/vgg16_L[16]_strict_seed41_schemeC_noout_mne_l2_l16_vgg16_rc1em04.pth,/home/595/sl9144/codes/snn_simulation/important_results/pre_input_image_noise/cifar100_vgg16_three_regs/mne_l2_rc1e-4/seed_41/noise_sweep_matrix_cifar100_vgg16_T16_mode_rate_uniform_schedule_normal_seed_41.csv
cifar100,vgg16,mne_l2,mne_l2 rc=1e-4,0.0001,0.0,41,16,16,rate_uniform,0.5,5.8,/scratch/gs14/sl9144/qcfs_checkpoints/cifar100-checkpoints/vgg16_L[16]_strict_seed41_schemeC_noout_mne_l2_l16_vgg16_rc1em04.pth,/home/595/sl9144/codes/snn_simulation/important_results/pre_input_image_noise/cifar100_vgg16_three_regs/mne_l2_rc1e-4/seed_41/noise_sweep_matrix_cifar100_vgg16_T16_mode_rate_uniform_schedule_normal_seed_41.csv
cifar100,vgg16,mne_l2,mne_l2 rc=1e-4,0.0001,0.0,41,16,16,rate_uniform,0.55,4.71,/scratch/gs14/sl9144/qcfs_checkpoints/cifar100-checkpoints/vgg16_L[16]_strict_seed41_schemeC_noout_mne_l2_l16_vgg16_rc1em04.pth,/home/595/sl9144/codes/snn_simulation/important_results/pre_input_image_noise/cifar100_vgg16_three_regs/mne_l2_rc1e-4/seed_41/noise_sweep_matrix_cifar100_vgg16_T16_mode_rate_uniform_schedule_normal_seed_41.csv
cifar100,vgg16,mne_l2,mne_l2 rc=1e-4,0.0001,0.0,41,16,16,rate_uniform,0.6,4.18,/scratch/gs14/sl9144/qcfs_checkpoints/cifar100-checkpoints/vgg16_L[16]_strict_seed41_schemeC_noout_mne_l2_l16_vgg16_rc1em04.pth,/home/595/sl9144/codes/snn_simulation/important_results/pre_input_image_noise/cifar100_vgg16_three_regs/mne_l2_rc1e-4/seed_41/noise_sweep_matrix_cifar100_vgg16_T16_mode_rate_uniform_schedule_normal_seed_41.csv
cifar100,vgg16,mne_l2,mne_l2 rc=1e-4,0.0001,0.0,41,16,16,rate_uniform,0.65,3.65,/scratch/gs14/sl9144/qcfs_checkpoints/cifar100-checkpoints/vgg16_L[16]_strict_seed41_schemeC_noout_mne_l2_l16_vgg16_rc1em04.pth,/home/595/sl9144/codes/snn_simulation/important_results/pre_input_image_noise/cifar100_vgg16_three_regs/mne_l2_rc1e-4/seed_41/noise_sweep_matrix_cifar100_vgg16_T16_mode_rate_uniform_schedule_normal_seed_41.csv
cifar100,vgg16,mne_l2,mne_l2 rc=1e-4,0.0001,0.0,41,16,16,rate_uniform,0.7,3.28,/scratch/gs14/sl9144/qcfs_checkpoints/cifar100-checkpoints/vgg16_L[16]_strict_seed41_schemeC_noout_mne_l2_l16_vgg16_rc1em04.pth,/home/595/sl9144/codes/snn_simulation/important_results/pre_input_image_noise/cifar100_vgg16_three_regs/mne_l2_rc1e-4/seed_41/noise_sweep_matrix_cifar100_vgg16_T16_mode_rate_uniform_schedule_normal_seed_41.csv
cifar100,vgg16,mne_l2,mne_l2 rc=1e-4,0.0001,0.0,41,16,16,rate_uniform,0.75,3.05,/scratch/gs14/sl9144/qcfs_checkpoints/cifar100-checkpoints/vgg16_L[16]_strict_seed41_schemeC_noout_mne_l2_l16_vgg16_rc1em04.pth,/home/595/sl9144/codes/snn_simulation/important_results/pre_input_image_noise/cifar100_vgg16_three_regs/mne_l2_rc1e-4/seed_41/noise_sweep_matrix_cifar100_vgg16_T16_mode_rate_uniform_schedule_normal_seed_41.csv
cifar100,vgg16,mne_l2,mne_l2 rc=1e-4,0.0001,0.0,41,16,16,rate_uniform,0.8,2.85,/scratch/gs14/sl9144/qcfs_checkpoints/cifar100-checkpoints/vgg16_L[16]_strict_seed41_schemeC_noout_mne_l2_l16_vgg16_rc1em04.pth,/home/595/sl9144/codes/snn_simulation/important_results/pre_input_image_noise/cifar100_vgg16_three_regs/mne_l2_rc1e-4/seed_41/noise_sweep_matrix_cifar100_vgg16_T16_mode_rate_uniform_schedule_normal_seed_41.csv
cifar100,vgg16,mne_l2,mne_l2 rc=1e-4,0.0001,0.0,41,16,16,rate_uniform,0.85,2.61,/scratch/gs14/sl9144/qcfs_checkpoints/cifar100-checkpoints/vgg16_L[16]_strict_seed41_schemeC_noout_mne_l2_l16_vgg16_rc1em04.pth,/home/595/sl9144/codes/snn_simulation/important_results/pre_input_image_noise/cifar100_vgg16_three_regs/mne_l2_rc1e-4/seed_41/noise_sweep_matrix_cifar100_vgg16_T16_mode_rate_uniform_schedule_normal_seed_41.csv
cifar100,vgg16,mne_l2,mne_l2 rc=1e-4,0.0001,0.0,41,16,16,rate_uniform,0.9,2.55,/scratch/gs14/sl9144/qcfs_checkpoints/cifar100-checkpoints/vgg16_L[16]_strict_seed41_schemeC_noout_mne_l2_l16_vgg16_rc1em04.pth,/home/595/sl9144/codes/snn_simulation/important_results/pre_input_image_noise/cifar100_vgg16_three_regs/mne_l2_rc1e-4/seed_41/noise_sweep_matrix_cifar100_vgg16_T16_mode_rate_uniform_schedule_normal_seed_41.csv
cifar100,vgg16,mne_l2,mne_l2 rc=1e-4,0.0001,0.0,41,16,16,rate_uniform,0.95,2.18,/scratch/gs14/sl9144/qcfs_checkpoints/cifar100-checkpoints/vgg16_L[16]_strict_seed41_schemeC_noout_mne_l2_l16_vgg16_rc1em04.pth,/home/595/sl9144/codes/snn_simulation/important_results/pre_input_image_noise/cifar100_vgg16_three_regs/mne_l2_rc1e-4/seed_41/noise_sweep_matrix_cifar100_vgg16_T16_mode_rate_uniform_schedule_normal_seed_41.csv
cifar100,vgg16,mne_l2,mne_l2 rc=1e-4,0.0001,0.0,41,16,16,rate_uniform,1.0,1.97,/scratch/gs14/sl9144/qcfs_checkpoints/cifar100-checkpoints/vgg16_L[16]_strict_seed41_schemeC_noout_mne_l2_l16_vgg16_rc1em04.pth,/home/595/sl9144/codes/snn_simulation/important_results/pre_input_image_noise/cifar100_vgg16_three_regs/mne_l2_rc1e-4/seed_41/noise_sweep_matrix_cifar100_vgg16_T16_mode_rate_uniform_schedule_normal_seed_41.csv
cifar100,vgg16,mne_l2,mne_l2 rc=1e-4,0.0001,0.0,42,16,16,rate_uniform,0.0,59.56,/scratch/gs14/sl9144/qcfs_checkpoints/cifar100-checkpoints/vgg16_L[16]_strict_seed42_schemeC_noout_mne_l2_l16_vgg16_rc1em04.pth,/home/595/sl9144/codes/snn_simulation/important_results/pre_input_image_noise/cifar100_vgg16_three_regs/mne_l2_rc1e-4/seed_42/noise_sweep_matrix_cifar100_vgg16_T16_mode_rate_uniform_schedule_normal_seed_42.csv
cifar100,vgg16,mne_l2,mne_l2 rc=1e-4,0.0001,0.0,42,16,16,rate_uniform,0.05,58.71,/scratch/gs14/sl9144/qcfs_checkpoints/cifar100-checkpoints/vgg16_L[16]_strict_seed42_schemeC_noout_mne_l2_l16_vgg16_rc1em04.pth,/home/595/sl9144/codes/snn_simulation/important_results/pre_input_image_noise/cifar100_vgg16_three_regs/mne_l2_rc1e-4/seed_42/noise_sweep_matrix_cifar100_vgg16_T16_mode_rate_uniform_schedule_normal_seed_42.csv
cifar100,vgg16,mne_l2,mne_l2 rc=1e-4,0.0001,0.0,42,16,16,rate_uniform,0.1,52.02,/scratch/gs14/sl9144/qcfs_checkpoints/cifar100-checkpoints/vgg16_L[16]_strict_seed42_schemeC_noout_mne_l2_l16_vgg16_rc1em04.pth,/home/595/sl9144/codes/snn_simulation/important_results/pre_input_image_noise/cifar100_vgg16_three_regs/mne_l2_rc1e-4/seed_42/noise_sweep_matrix_cifar100_vgg16_T16_mode_rate_uniform_schedule_normal_seed_42.csv
cifar100,vgg16,mne_l2,mne_l2 rc=1e-4,0.0001,0.0,42,16,16,rate_uniform,0.15,41.8,/scratch/gs14/sl9144/qcfs_checkpoints/cifar100-checkpoints/vgg16_L[16]_strict_seed42_schemeC_noout_mne_l2_l16_vgg16_rc1em04.pth,/home/595/sl9144/codes/snn_simulation/important_results/pre_input_image_noise/cifar100_vgg16_three_regs/mne_l2_rc1e-4/seed_42/noise_sweep_matrix_cifar100_vgg16_T16_mode_rate_uniform_schedule_normal_seed_42.csv
cifar100,vgg16,mne_l2,mne_l2 rc=1e-4,0.0001,0.0,42,16,16,rate_uniform,0.2,30.66,/scratch/gs14/sl9144/qcfs_checkpoints/cifar100-checkpoints/vgg16_L[16]_strict_seed42_schemeC_noout_mne_l2_l16_vgg16_rc1em04.pth,/home/595/sl9144/codes/snn_simulation/important_results/pre_input_image_noise/cifar100_vgg16_three_regs/mne_l2_rc1e-4/seed_42/noise_sweep_matrix_cifar100_vgg16_T16_mode_rate_uniform_schedule_normal_seed_42.csv
cifar100,vgg16,mne_l2,mne_l2 rc=1e-4,0.0001,0.0,42,16,16,rate_uniform,0.25,21.49,/scratch/gs14/sl9144/qcfs_checkpoints/cifar100-checkpoints/vgg16_L[16]_strict_seed42_schemeC_noout_mne_l2_l16_vgg16_rc1em04.pth,/home/595/sl9144/codes/snn_simulation/important_results/pre_input_image_noise/cifar100_vgg16_three_regs/mne_l2_rc1e-4/seed_42/noise_sweep_matrix_cifar100_vgg16_T16_mode_rate_uniform_schedule_normal_seed_42.csv
cifar100,vgg16,mne_l2,mne_l2 rc=1e-4,0.0001,0.0,42,16,16,rate_uniform,0.3,15.03,/scratch/gs14/sl9144/qcfs_checkpoints/cifar100-checkpoints/vgg16_L[16]_strict_seed42_schemeC_noout_mne_l2_l16_vgg16_rc1em04.pth,/home/595/sl9144/codes/snn_simulation/important_results/pre_input_image_noise/cifar100_vgg16_three_regs/mne_l2_rc1e-4/seed_42/noise_sweep_matrix_cifar100_vgg16_T16_mode_rate_uniform_schedule_normal_seed_42.csv
cifar100,vgg16,mne_l2,mne_l2 rc=1e-4,0.0001,0.0,42,16,16,rate_uniform,0.35,11.23,/scratch/gs14/sl9144/qcfs_checkpoints/cifar100-checkpoints/vgg16_L[16]_strict_seed42_schemeC_noout_mne_l2_l16_vgg16_rc1em04.pth,/home/595/sl9144/codes/snn_simulation/important_results/pre_input_image_noise/cifar100_vgg16_three_regs/mne_l2_rc1e-4/seed_42/noise_sweep_matrix_cifar100_vgg16_T16_mode_rate_uniform_schedule_normal_seed_42.csv
cifar100,vgg16,mne_l2,mne_l2 rc=1e-4,0.0001,0.0,42,16,16,rate_uniform,0.4,8.73,/scratch/gs14/sl9144/qcfs_checkpoints/cifar100-checkpoints/vgg16_L[16]_strict_seed42_schemeC_noout_mne_l2_l16_vgg16_rc1em04.pth,/home/595/sl9144/codes/snn_simulation/important_results/pre_input_image_noise/cifar100_vgg16_three_regs/mne_l2_rc1e-4/seed_42/noise_sweep_matrix_cifar100_vgg16_T16_mode_rate_uniform_schedule_normal_seed_42.csv
cifar100,vgg16,mne_l2,mne_l2 rc=1e-4,0.0001,0.0,42,16,16,rate_uniform,0.45,6.91,/scratch/gs14/sl9144/qcfs_checkpoints/cifar100-checkpoints/vgg16_L[16]_strict_seed42_schemeC_noout_mne_l2_l16_vgg16_rc1em04.pth,/home/595/sl9144/codes/snn_simulation/important_results/pre_input_image_noise/cifar100_vgg16_three_regs/mne_l2_rc1e-4/seed_42/noise_sweep_matrix_cifar100_vgg16_T16_mode_rate_uniform_schedule_normal_seed_42.csv
cifar100,vgg16,mne_l2,mne_l2 rc=1e-4,0.0001,0.0,42,16,16,rate_uniform,0.5,5.51,/scratch/gs14/sl9144/qcfs_checkpoints/cifar100-checkpoints/vgg16_L[16]_strict_seed42_schemeC_noout_mne_l2_l16_vgg16_rc1em04.pth,/home/595/sl9144/codes/snn_simulation/important_results/pre_input_image_noise/cifar100_vgg16_three_regs/mne_l2_rc1e-4/seed_42/noise_sweep_matrix_cifar100_vgg16_T16_mode_rate_uniform_schedule_normal_seed_42.csv
cifar100,vgg16,mne_l2,mne_l2 rc=1e-4,0.0001,0.0,42,16,16,rate_uniform,0.55,4.83,/scratch/gs14/sl9144/qcfs_checkpoints/cifar100-checkpoints/vgg16_L[16]_strict_seed42_schemeC_noout_mne_l2_l16_vgg16_rc1em04.pth,/home/595/sl9144/codes/snn_simulation/important_results/pre_input_image_noise/cifar100_vgg16_three_regs/mne_l2_rc1e-4/seed_42/noise_sweep_matrix_cifar100_vgg16_T16_mode_rate_uniform_schedule_normal_seed_42.csv
cifar100,vgg16,mne_l2,mne_l2 rc=1e-4,0.0001,0.0,42,16,16,rate_uniform,0.6,4.25,/scratch/gs14/sl9144/qcfs_checkpoints/cifar100-checkpoints/vgg16_L[16]_strict_seed42_schemeC_noout_mne_l2_l16_vgg16_rc1em04.pth,/home/595/sl9144/codes/snn_simulation/important_results/pre_input_image_noise/cifar100_vgg16_three_regs/mne_l2_rc1e-4/seed_42/noise_sweep_matrix_cifar100_vgg16_T16_mode_rate_uniform_schedule_normal_seed_42.csv
cifar100,vgg16,mne_l2,mne_l2 rc=1e-4,0.0001,0.0,42,16,16,rate_uniform,0.65,3.73,/scratch/gs14/sl9144/qcfs_checkpoints/cifar100-checkpoints/vgg16_L[16]_strict_seed42_schemeC_noout_mne_l2_l16_vgg16_rc1em04.pth,/home/595/sl9144/codes/snn_simulation/important_results/pre_input_image_noise/cifar100_vgg16_three_regs/mne_l2_rc1e-4/seed_42/noise_sweep_matrix_cifar100_vgg16_T16_mode_rate_uniform_schedule_normal_seed_42.csv
cifar100,vgg16,mne_l2,mne_l2 rc=1e-4,0.0001,0.0,42,16,16,rate_uniform,0.7,3.23,/scratch/gs14/sl9144/qcfs_checkpoints/cifar100-checkpoints/vgg16_L[16]_strict_seed42_schemeC_noout_mne_l2_l16_vgg16_rc1em04.pth,/home/595/sl9144/codes/snn_simulation/important_results/pre_input_image_noise/cifar100_vgg16_three_regs/mne_l2_rc1e-4/seed_42/noise_sweep_matrix_cifar100_vgg16_T16_mode_rate_uniform_schedule_normal_seed_42.csv
cifar100,vgg16,mne_l2,mne_l2 rc=1e-4,0.0001,0.0,42,16,16,rate_uniform,0.75,2.73,/scratch/gs14/sl9144/qcfs_checkpoints/cifar100-checkpoints/vgg16_L[16]_strict_seed42_schemeC_noout_mne_l2_l16_vgg16_rc1em04.pth,/home/595/sl9144/codes/snn_simulation/important_results/pre_input_image_noise/cifar100_vgg16_three_regs/mne_l2_rc1e-4/seed_42/noise_sweep_matrix_cifar100_vgg16_T16_mode_rate_uniform_schedule_normal_seed_42.csv
cifar100,vgg16,mne_l2,mne_l2 rc=1e-4,0.0001,0.0,42,16,16,rate_uniform,0.8,2.58,/scratch/gs14/sl9144/qcfs_checkpoints/cifar100-checkpoints/vgg16_L[16]_strict_seed42_schemeC_noout_mne_l2_l16_vgg16_rc1em04.pth,/home/595/sl9144/codes/snn_simulation/important_results/pre_input_image_noise/cifar100_vgg16_three_regs/mne_l2_rc1e-4/seed_42/noise_sweep_matrix_cifar100_vgg16_T16_mode_rate_uniform_schedule_normal_seed_42.csv
cifar100,vgg16,mne_l2,mne_l2 rc=1e-4,0.0001,0.0,42,16,16,rate_uniform,0.85,2.22,/scratch/gs14/sl9144/qcfs_checkpoints/cifar100-checkpoints/vgg16_L[16]_strict_seed42_schemeC_noout_mne_l2_l16_vgg16_rc1em04.pth,/home/595/sl9144/codes/snn_simulation/important_results/pre_input_image_noise/cifar100_vgg16_three_regs/mne_l2_rc1e-4/seed_42/noise_sweep_matrix_cifar100_vgg16_T16_mode_rate_uniform_schedule_normal_seed_42.csv
cifar100,vgg16,mne_l2,mne_l2 rc=1e-4,0.0001,0.0,42,16,16,rate_uniform,0.9,2.19,/scratch/gs14/sl9144/qcfs_checkpoints/cifar100-checkpoints/vgg16_L[16]_strict_seed42_schemeC_noout_mne_l2_l16_vgg16_rc1em04.pth,/home/595/sl9144/codes/snn_simulation/important_results/pre_input_image_noise/cifar100_vgg16_three_regs/mne_l2_rc1e-4/seed_42/noise_sweep_matrix_cifar100_vgg16_T16_mode_rate_uniform_schedule_normal_seed_42.csv
cifar100,vgg16,mne_l2,mne_l2 rc=1e-4,0.0001,0.0,42,16,16,rate_uniform,0.95,1.97,/scratch/gs14/sl9144/qcfs_checkpoints/cifar100-checkpoints/vgg16_L[16]_strict_seed42_schemeC_noout_mne_l2_l16_vgg16_rc1em04.pth,/home/595/sl9144/codes/snn_simulation/important_results/pre_input_image_noise/cifar100_vgg16_three_regs/mne_l2_rc1e-4/seed_42/noise_sweep_matrix_cifar100_vgg16_T16_mode_rate_uniform_schedule_normal_seed_42.csv
cifar100,vgg16,mne_l2,mne_l2 rc=1e-4,0.0001,0.0,42,16,16,rate_uniform,1.0,1.82,/scratch/gs14/sl9144/qcfs_checkpoints/cifar100-checkpoints/vgg16_L[16]_strict_seed42_schemeC_noout_mne_l2_l16_vgg16_rc1em04.pth,/home/595/sl9144/codes/snn_simulation/important_results/pre_input_image_noise/cifar100_vgg16_three_regs/mne_l2_rc1e-4/seed_42/noise_sweep_matrix_cifar100_vgg16_T16_mode_rate_uniform_schedule_normal_seed_42.csv
cifar100,vgg16,mne_l2,mne_l2 rc=1e-4,0.0001,0.0,43,16,16,rate_uniform,0.0,59.45,/scratch/gs14/sl9144/qcfs_checkpoints/cifar100-checkpoints/vgg16_L[16]_strict_seed43_schemeC_noout_mne_l2_l16_vgg16_rc1em04.pth,/home/595/sl9144/codes/snn_simulation/important_results/pre_input_image_noise/cifar100_vgg16_three_regs/mne_l2_rc1e-4/seed_43/noise_sweep_matrix_cifar100_vgg16_T16_mode_rate_uniform_schedule_normal_seed_43.csv
cifar100,vgg16,mne_l2,mne_l2 rc=1e-4,0.0001,0.0,43,16,16,rate_uniform,0.05,58.54,/scratch/gs14/sl9144/qcfs_checkpoints/cifar100-checkpoints/vgg16_L[16]_strict_seed43_schemeC_noout_mne_l2_l16_vgg16_rc1em04.pth,/home/595/sl9144/codes/snn_simulation/important_results/pre_input_image_noise/cifar100_vgg16_three_regs/mne_l2_rc1e-4/seed_43/noise_sweep_matrix_cifar100_vgg16_T16_mode_rate_uniform_schedule_normal_seed_43.csv
cifar100,vgg16,mne_l2,mne_l2 rc=1e-4,0.0001,0.0,43,16,16,rate_uniform,0.1,53.59,/scratch/gs14/sl9144/qcfs_checkpoints/cifar100-checkpoints/vgg16_L[16]_strict_seed43_schemeC_noout_mne_l2_l16_vgg16_rc1em04.pth,/home/595/sl9144/codes/snn_simulation/important_results/pre_input_image_noise/cifar100_vgg16_three_regs/mne_l2_rc1e-4/seed_43/noise_sweep_matrix_cifar100_vgg16_T16_mode_rate_uniform_schedule_normal_seed_43.csv
cifar100,vgg16,mne_l2,mne_l2 rc=1e-4,0.0001,0.0,43,16,16,rate_uniform,0.15,44.02,/scratch/gs14/sl9144/qcfs_checkpoints/cifar100-checkpoints/vgg16_L[16]_strict_seed43_schemeC_noout_mne_l2_l16_vgg16_rc1em04.pth,/home/595/sl9144/codes/snn_simulation/important_results/pre_input_image_noise/cifar100_vgg16_three_regs/mne_l2_rc1e-4/seed_43/noise_sweep_matrix_cifar100_vgg16_T16_mode_rate_uniform_schedule_normal_seed_43.csv
cifar100,vgg16,mne_l2,mne_l2 rc=1e-4,0.0001,0.0,43,16,16,rate_uniform,0.2,33.41,/scratch/gs14/sl9144/qcfs_checkpoints/cifar100-checkpoints/vgg16_L[16]_strict_seed43_schemeC_noout_mne_l2_l16_vgg16_rc1em04.pth,/home/595/sl9144/codes/snn_simulation/important_results/pre_input_image_noise/cifar100_vgg16_three_regs/mne_l2_rc1e-4/seed_43/noise_sweep_matrix_cifar100_vgg16_T16_mode_rate_uniform_schedule_normal_seed_43.csv
cifar100,vgg16,mne_l2,mne_l2 rc=1e-4,0.0001,0.0,43,16,16,rate_uniform,0.25,23.74,/scratch/gs14/sl9144/qcfs_checkpoints/cifar100-checkpoints/vgg16_L[16]_strict_seed43_schemeC_noout_mne_l2_l16_vgg16_rc1em04.pth,/home/595/sl9144/codes/snn_simulation/important_results/pre_input_image_noise/cifar100_vgg16_three_regs/mne_l2_rc1e-4/seed_43/noise_sweep_matrix_cifar100_vgg16_T16_mode_rate_uniform_schedule_normal_seed_43.csv
cifar100,vgg16,mne_l2,mne_l2 rc=1e-4,0.0001,0.0,43,16,16,rate_uniform,0.3,16.64,/scratch/gs14/sl9144/qcfs_checkpoints/cifar100-checkpoints/vgg16_L[16]_strict_seed43_schemeC_noout_mne_l2_l16_vgg16_rc1em04.pth,/home/595/sl9144/codes/snn_simulation/important_results/pre_input_image_noise/cifar100_vgg16_three_regs/mne_l2_rc1e-4/seed_43/noise_sweep_matrix_cifar100_vgg16_T16_mode_rate_uniform_schedule_normal_seed_43.csv
cifar100,vgg16,mne_l2,mne_l2 rc=1e-4,0.0001,0.0,43,16,16,rate_uniform,0.35,12.53,/scratch/gs14/sl9144/qcfs_checkpoints/cifar100-checkpoints/vgg16_L[16]_strict_seed43_schemeC_noout_mne_l2_l16_vgg16_rc1em04.pth,/home/595/sl9144/codes/snn_simulation/important_results/pre_input_image_noise/cifar100_vgg16_three_regs/mne_l2_rc1e-4/seed_43/noise_sweep_matrix_cifar100_vgg16_T16_mode_rate_uniform_schedule_normal_seed_43.csv
cifar100,vgg16,mne_l2,mne_l2 rc=1e-4,0.0001,0.0,43,16,16,rate_uniform,0.4,9.46,/scratch/gs14/sl9144/qcfs_checkpoints/cifar100-checkpoints/vgg16_L[16]_strict_seed43_schemeC_noout_mne_l2_l16_vgg16_rc1em04.pth,/home/595/sl9144/codes/snn_simulation/important_results/pre_input_image_noise/cifar100_vgg16_three_regs/mne_l2_rc1e-4/seed_43/noise_sweep_matrix_cifar100_vgg16_T16_mode_rate_uniform_schedule_normal_seed_43.csv
cifar100,vgg16,mne_l2,mne_l2 rc=1e-4,0.0001,0.0,43,16,16,rate_uniform,0.45,7.56,/scratch/gs14/sl9144/qcfs_checkpoints/cifar100-checkpoints/vgg16_L[16]_strict_seed43_schemeC_noout_mne_l2_l16_vgg16_rc1em04.pth,/home/595/sl9144/codes/snn_simulation/important_results/pre_input_image_noise/cifar100_vgg16_three_regs/mne_l2_rc1e-4/seed_43/noise_sweep_matrix_cifar100_vgg16_T16_mode_rate_uniform_schedule_normal_seed_43.csv
cifar100,vgg16,mne_l2,mne_l2 rc=1e-4,0.0001,0.0,43,16,16,rate_uniform,0.5,6.5,/scratch/gs14/sl9144/qcfs_checkpoints/cifar100-checkpoints/vgg16_L[16]_strict_seed43_schemeC_noout_mne_l2_l16_vgg16_rc1em04.pth,/home/595/sl9144/codes/snn_simulation/important_results/pre_input_image_noise/cifar100_vgg16_three_regs/mne_l2_rc1e-4/seed_43/noise_sweep_matrix_cifar100_vgg16_T16_mode_rate_uniform_schedule_normal_seed_43.csv
cifar100,vgg16,mne_l2,mne_l2 rc=1e-4,0.0001,0.0,43,16,16,rate_uniform,0.55,5.67,/scratch/gs14/sl9144/qcfs_checkpoints/cifar100-checkpoints/vgg16_L[16]_strict_seed43_schemeC_noout_mne_l2_l16_vgg16_rc1em04.pth,/home/595/sl9144/codes/snn_simulation/important_results/pre_input_image_noise/cifar100_vgg16_three_regs/mne_l2_rc1e-4/seed_43/noise_sweep_matrix_cifar100_vgg16_T16_mode_rate_uniform_schedule_normal_seed_43.csv
cifar100,vgg16,mne_l2,mne_l2 rc=1e-4,0.0001,0.0,43,16,16,rate_uniform,0.6,4.69,/scratch/gs14/sl9144/qcfs_checkpoints/cifar100-checkpoints/vgg16_L[16]_strict_seed43_schemeC_noout_mne_l2_l16_vgg16_rc1em04.pth,/home/595/sl9144/codes/snn_simulation/important_results/pre_input_image_noise/cifar100_vgg16_three_regs/mne_l2_rc1e-4/seed_43/noise_sweep_matrix_cifar100_vgg16_T16_mode_rate_uniform_schedule_normal_seed_43.csv
cifar100,vgg16,mne_l2,mne_l2 rc=1e-4,0.0001,0.0,43,16,16,rate_uniform,0.65,4.11,/scratch/gs14/sl9144/qcfs_checkpoints/cifar100-checkpoints/vgg16_L[16]_strict_seed43_schemeC_noout_mne_l2_l16_vgg16_rc1em04.pth,/home/595/sl9144/codes/snn_simulation/important_results/pre_input_image_noise/cifar100_vgg16_three_regs/mne_l2_rc1e-4/seed_43/noise_sweep_matrix_cifar100_vgg16_T16_mode_rate_uniform_schedule_normal_seed_43.csv
cifar100,vgg16,mne_l2,mne_l2 rc=1e-4,0.0001,0.0,43,16,16,rate_uniform,0.7,3.61,/scratch/gs14/sl9144/qcfs_checkpoints/cifar100-checkpoints/vgg16_L[16]_strict_seed43_schemeC_noout_mne_l2_l16_vgg16_rc1em04.pth,/home/595/sl9144/codes/snn_simulation/important_results/pre_input_image_noise/cifar100_vgg16_three_regs/mne_l2_rc1e-4/seed_43/noise_sweep_matrix_cifar100_vgg16_T16_mode_rate_uniform_schedule_normal_seed_43.csv
cifar100,vgg16,mne_l2,mne_l2 rc=1e-4,0.0001,0.0,43,16,16,rate_uniform,0.75,3.49,/scratch/gs14/sl9144/qcfs_checkpoints/cifar100-checkpoints/vgg16_L[16]_strict_seed43_schemeC_noout_mne_l2_l16_vgg16_rc1em04.pth,/home/595/sl9144/codes/snn_simulation/important_results/pre_input_image_noise/cifar100_vgg16_three_regs/mne_l2_rc1e-4/seed_43/noise_sweep_matrix_cifar100_vgg16_T16_mode_rate_uniform_schedule_normal_seed_43.csv
cifar100,vgg16,mne_l2,mne_l2 rc=1e-4,0.0001,0.0,43,16,16,rate_uniform,0.8,3.12,/scratch/gs14/sl9144/qcfs_checkpoints/cifar100-checkpoints/vgg16_L[16]_strict_seed43_schemeC_noout_mne_l2_l16_vgg16_rc1em04.pth,/home/595/sl9144/codes/snn_simulation/important_results/pre_input_image_noise/cifar100_vgg16_three_regs/mne_l2_rc1e-4/seed_43/noise_sweep_matrix_cifar100_vgg16_T16_mode_rate_uniform_schedule_normal_seed_43.csv
cifar100,vgg16,mne_l2,mne_l2 rc=1e-4,0.0001,0.0,43,16,16,rate_uniform,0.85,2.84,/scratch/gs14/sl9144/qcfs_checkpoints/cifar100-checkpoints/vgg16_L[16]_strict_seed43_schemeC_noout_mne_l2_l16_vgg16_rc1em04.pth,/home/595/sl9144/codes/snn_simulation/important_results/pre_input_image_noise/cifar100_vgg16_three_regs/mne_l2_rc1e-4/seed_43/noise_sweep_matrix_cifar100_vgg16_T16_mode_rate_uniform_schedule_normal_seed_43.csv
cifar100,vgg16,mne_l2,mne_l2 rc=1e-4,0.0001,0.0,43,16,16,rate_uniform,0.9,2.56,/scratch/gs14/sl9144/qcfs_checkpoints/cifar100-checkpoints/vgg16_L[16]_strict_seed43_schemeC_noout_mne_l2_l16_vgg16_rc1em04.pth,/home/595/sl9144/codes/snn_simulation/important_results/pre_input_image_noise/cifar100_vgg16_three_regs/mne_l2_rc1e-4/seed_43/noise_sweep_matrix_cifar100_vgg16_T16_mode_rate_uniform_schedule_normal_seed_43.csv
cifar100,vgg16,mne_l2,mne_l2 rc=1e-4,0.0001,0.0,43,16,16,rate_uniform,0.95,2.34,/scratch/gs14/sl9144/qcfs_checkpoints/cifar100-checkpoints/vgg16_L[16]_strict_seed43_schemeC_noout_mne_l2_l16_vgg16_rc1em04.pth,/home/595/sl9144/codes/snn_simulation/important_results/pre_input_image_noise/cifar100_vgg16_three_regs/mne_l2_rc1e-4/seed_43/noise_sweep_matrix_cifar100_vgg16_T16_mode_rate_uniform_schedule_normal_seed_43.csv
cifar100,vgg16,mne_l2,mne_l2 rc=1e-4,0.0001,0.0,43,16,16,rate_uniform,1.0,2.21,/scratch/gs14/sl9144/qcfs_checkpoints/cifar100-checkpoints/vgg16_L[16]_strict_seed43_schemeC_noout_mne_l2_l16_vgg16_rc1em04.pth,/home/595/sl9144/codes/snn_simulation/important_results/pre_input_image_noise/cifar100_vgg16_three_regs/mne_l2_rc1e-4/seed_43/noise_sweep_matrix_cifar100_vgg16_T16_mode_rate_uniform_schedule_normal_seed_43.csv
cifar100,vgg16,mne_l2,mne_l2 rc=1e-4,0.0001,0.0,44,16,16,rate_uniform,0.0,59.88,/scratch/gs14/sl9144/qcfs_checkpoints/cifar100-checkpoints/vgg16_L[16]_strict_seed44_schemeC_noout_mne_l2_l16_vgg16_rc1em04.pth,/home/595/sl9144/codes/snn_simulation/important_results/pre_input_image_noise/cifar100_vgg16_three_regs/mne_l2_rc1e-4/seed_44/noise_sweep_matrix_cifar100_vgg16_T16_mode_rate_uniform_schedule_normal_seed_44.csv
cifar100,vgg16,mne_l2,mne_l2 rc=1e-4,0.0001,0.0,44,16,16,rate_uniform,0.05,58.09,/scratch/gs14/sl9144/qcfs_checkpoints/cifar100-checkpoints/vgg16_L[16]_strict_seed44_schemeC_noout_mne_l2_l16_vgg16_rc1em04.pth,/home/595/sl9144/codes/snn_simulation/important_results/pre_input_image_noise/cifar100_vgg16_three_regs/mne_l2_rc1e-4/seed_44/noise_sweep_matrix_cifar100_vgg16_T16_mode_rate_uniform_schedule_normal_seed_44.csv
cifar100,vgg16,mne_l2,mne_l2 rc=1e-4,0.0001,0.0,44,16,16,rate_uniform,0.1,51.69,/scratch/gs14/sl9144/qcfs_checkpoints/cifar100-checkpoints/vgg16_L[16]_strict_seed44_schemeC_noout_mne_l2_l16_vgg16_rc1em04.pth,/home/595/sl9144/codes/snn_simulation/important_results/pre_input_image_noise/cifar100_vgg16_three_regs/mne_l2_rc1e-4/seed_44/noise_sweep_matrix_cifar100_vgg16_T16_mode_rate_uniform_schedule_normal_seed_44.csv
cifar100,vgg16,mne_l2,mne_l2 rc=1e-4,0.0001,0.0,44,16,16,rate_uniform,0.15,41.43,/scratch/gs14/sl9144/qcfs_checkpoints/cifar100-checkpoints/vgg16_L[16]_strict_seed44_schemeC_noout_mne_l2_l16_vgg16_rc1em04.pth,/home/595/sl9144/codes/snn_simulation/important_results/pre_input_image_noise/cifar100_vgg16_three_regs/mne_l2_rc1e-4/seed_44/noise_sweep_matrix_cifar100_vgg16_T16_mode_rate_uniform_schedule_normal_seed_44.csv
cifar100,vgg16,mne_l2,mne_l2 rc=1e-4,0.0001,0.0,44,16,16,rate_uniform,0.2,30.31,/scratch/gs14/sl9144/qcfs_checkpoints/cifar100-checkpoints/vgg16_L[16]_strict_seed44_schemeC_noout_mne_l2_l16_vgg16_rc1em04.pth,/home/595/sl9144/codes/snn_simulation/important_results/pre_input_image_noise/cifar100_vgg16_three_regs/mne_l2_rc1e-4/seed_44/noise_sweep_matrix_cifar100_vgg16_T16_mode_rate_uniform_schedule_normal_seed_44.csv
cifar100,vgg16,mne_l2,mne_l2 rc=1e-4,0.0001,0.0,44,16,16,rate_uniform,0.25,21.91,/scratch/gs14/sl9144/qcfs_checkpoints/cifar100-checkpoints/vgg16_L[16]_strict_seed44_schemeC_noout_mne_l2_l16_vgg16_rc1em04.pth,/home/595/sl9144/codes/snn_simulation/important_results/pre_input_image_noise/cifar100_vgg16_three_regs/mne_l2_rc1e-4/seed_44/noise_sweep_matrix_cifar100_vgg16_T16_mode_rate_uniform_schedule_normal_seed_44.csv
cifar100,vgg16,mne_l2,mne_l2 rc=1e-4,0.0001,0.0,44,16,16,rate_uniform,0.3,15.54,/scratch/gs14/sl9144/qcfs_checkpoints/cifar100-checkpoints/vgg16_L[16]_strict_seed44_schemeC_noout_mne_l2_l16_vgg16_rc1em04.pth,/home/595/sl9144/codes/snn_simulation/important_results/pre_input_image_noise/cifar100_vgg16_three_regs/mne_l2_rc1e-4/seed_44/noise_sweep_matrix_cifar100_vgg16_T16_mode_rate_uniform_schedule_normal_seed_44.csv
cifar100,vgg16,mne_l2,mne_l2 rc=1e-4,0.0001,0.0,44,16,16,rate_uniform,0.35,11.53,/scratch/gs14/sl9144/qcfs_checkpoints/cifar100-checkpoints/vgg16_L[16]_strict_seed44_schemeC_noout_mne_l2_l16_vgg16_rc1em04.pth,/home/595/sl9144/codes/snn_simulation/important_results/pre_input_image_noise/cifar100_vgg16_three_regs/mne_l2_rc1e-4/seed_44/noise_sweep_matrix_cifar100_vgg16_T16_mode_rate_uniform_schedule_normal_seed_44.csv
cifar100,vgg16,mne_l2,mne_l2 rc=1e-4,0.0001,0.0,44,16,16,rate_uniform,0.4,8.94,/scratch/gs14/sl9144/qcfs_checkpoints/cifar100-checkpoints/vgg16_L[16]_strict_seed44_schemeC_noout_mne_l2_l16_vgg16_rc1em04.pth,/home/595/sl9144/codes/snn_simulation/important_results/pre_input_image_noise/cifar100_vgg16_three_regs/mne_l2_rc1e-4/seed_44/noise_sweep_matrix_cifar100_vgg16_T16_mode_rate_uniform_schedule_normal_seed_44.csv
cifar100,vgg16,mne_l2,mne_l2 rc=1e-4,0.0001,0.0,44,16,16,rate_uniform,0.45,7.34,/scratch/gs14/sl9144/qcfs_checkpoints/cifar100-checkpoints/vgg16_L[16]_strict_seed44_schemeC_noout_mne_l2_l16_vgg16_rc1em04.pth,/home/595/sl9144/codes/snn_simulation/important_results/pre_input_image_noise/cifar100_vgg16_three_regs/mne_l2_rc1e-4/seed_44/noise_sweep_matrix_cifar100_vgg16_T16_mode_rate_uniform_schedule_normal_seed_44.csv
cifar100,vgg16,mne_l2,mne_l2 rc=1e-4,0.0001,0.0,44,16,16,rate_uniform,0.5,5.96,/scratch/gs14/sl9144/qcfs_checkpoints/cifar100-checkpoints/vgg16_L[16]_strict_seed44_schemeC_noout_mne_l2_l16_vgg16_rc1em04.pth,/home/595/sl9144/codes/snn_simulation/important_results/pre_input_image_noise/cifar100_vgg16_three_regs/mne_l2_rc1e-4/seed_44/noise_sweep_matrix_cifar100_vgg16_T16_mode_rate_uniform_schedule_normal_seed_44.csv
cifar100,vgg16,mne_l2,mne_l2 rc=1e-4,0.0001,0.0,44,16,16,rate_uniform,0.55,5.15,/scratch/gs14/sl9144/qcfs_checkpoints/cifar100-checkpoints/vgg16_L[16]_strict_seed44_schemeC_noout_mne_l2_l16_vgg16_rc1em04.pth,/home/595/sl9144/codes/snn_simulation/important_results/pre_input_image_noise/cifar100_vgg16_three_regs/mne_l2_rc1e-4/seed_44/noise_sweep_matrix_cifar100_vgg16_T16_mode_rate_uniform_schedule_normal_seed_44.csv
cifar100,vgg16,mne_l2,mne_l2 rc=1e-4,0.0001,0.0,44,16,16,rate_uniform,0.6,4.16,/scratch/gs14/sl9144/qcfs_checkpoints/cifar100-checkpoints/vgg16_L[16]_strict_seed44_schemeC_noout_mne_l2_l16_vgg16_rc1em04.pth,/home/595/sl9144/codes/snn_simulation/important_results/pre_input_image_noise/cifar100_vgg16_three_regs/mne_l2_rc1e-4/seed_44/noise_sweep_matrix_cifar100_vgg16_T16_mode_rate_uniform_schedule_normal_seed_44.csv
cifar100,vgg16,mne_l2,mne_l2 rc=1e-4,0.0001,0.0,44,16,16,rate_uniform,0.65,3.95,/scratch/gs14/sl9144/qcfs_checkpoints/cifar100-checkpoints/vgg16_L[16]_strict_seed44_schemeC_noout_mne_l2_l16_vgg16_rc1em04.pth,/home/595/sl9144/codes/snn_simulation/important_results/pre_input_image_noise/cifar100_vgg16_three_regs/mne_l2_rc1e-4/seed_44/noise_sweep_matrix_cifar100_vgg16_T16_mode_rate_uniform_schedule_normal_seed_44.csv
cifar100,vgg16,mne_l2,mne_l2 rc=1e-4,0.0001,0.0,44,16,16,rate_uniform,0.7,3.56,/scratch/gs14/sl9144/qcfs_checkpoints/cifar100-checkpoints/vgg16_L[16]_strict_seed44_schemeC_noout_mne_l2_l16_vgg16_rc1em04.pth,/home/595/sl9144/codes/snn_simulation/important_results/pre_input_image_noise/cifar100_vgg16_three_regs/mne_l2_rc1e-4/seed_44/noise_sweep_matrix_cifar100_vgg16_T16_mode_rate_uniform_schedule_normal_seed_44.csv
cifar100,vgg16,mne_l2,mne_l2 rc=1e-4,0.0001,0.0,44,16,16,rate_uniform,0.75,3.26,/scratch/gs14/sl9144/qcfs_checkpoints/cifar100-checkpoints/vgg16_L[16]_strict_seed44_schemeC_noout_mne_l2_l16_vgg16_rc1em04.pth,/home/595/sl9144/codes/snn_simulation/important_results/pre_input_image_noise/cifar100_vgg16_three_regs/mne_l2_rc1e-4/seed_44/noise_sweep_matrix_cifar100_vgg16_T16_mode_rate_uniform_schedule_normal_seed_44.csv
cifar100,vgg16,mne_l2,mne_l2 rc=1e-4,0.0001,0.0,44,16,16,rate_uniform,0.8,2.97,/scratch/gs14/sl9144/qcfs_checkpoints/cifar100-checkpoints/vgg16_L[16]_strict_seed44_schemeC_noout_mne_l2_l16_vgg16_rc1em04.pth,/home/595/sl9144/codes/snn_simulation/important_results/pre_input_image_noise/cifar100_vgg16_three_regs/mne_l2_rc1e-4/seed_44/noise_sweep_matrix_cifar100_vgg16_T16_mode_rate_uniform_schedule_normal_seed_44.csv
cifar100,vgg16,mne_l2,mne_l2 rc=1e-4,0.0001,0.0,44,16,16,rate_uniform,0.85,2.78,/scratch/gs14/sl9144/qcfs_checkpoints/cifar100-checkpoints/vgg16_L[16]_strict_seed44_schemeC_noout_mne_l2_l16_vgg16_rc1em04.pth,/home/595/sl9144/codes/snn_simulation/important_results/pre_input_image_noise/cifar100_vgg16_three_regs/mne_l2_rc1e-4/seed_44/noise_sweep_matrix_cifar100_vgg16_T16_mode_rate_uniform_schedule_normal_seed_44.csv
cifar100,vgg16,mne_l2,mne_l2 rc=1e-4,0.0001,0.0,44,16,16,rate_uniform,0.9,2.74,/scratch/gs14/sl9144/qcfs_checkpoints/cifar100-checkpoints/vgg16_L[16]_strict_seed44_schemeC_noout_mne_l2_l16_vgg16_rc1em04.pth,/home/595/sl9144/codes/snn_simulation/important_results/pre_input_image_noise/cifar100_vgg16_three_regs/mne_l2_rc1e-4/seed_44/noise_sweep_matrix_cifar100_vgg16_T16_mode_rate_uniform_schedule_normal_seed_44.csv
cifar100,vgg16,mne_l2,mne_l2 rc=1e-4,0.0001,0.0,44,16,16,rate_uniform,0.95,2.43,/scratch/gs14/sl9144/qcfs_checkpoints/cifar100-checkpoints/vgg16_L[16]_strict_seed44_schemeC_noout_mne_l2_l16_vgg16_rc1em04.pth,/home/595/sl9144/codes/snn_simulation/important_results/pre_input_image_noise/cifar100_vgg16_three_regs/mne_l2_rc1e-4/seed_44/noise_sweep_matrix_cifar100_vgg16_T16_mode_rate_uniform_schedule_normal_seed_44.csv
cifar100,vgg16,mne_l2,mne_l2 rc=1e-4,0.0001,0.0,44,16,16,rate_uniform,1.0,2.35,/scratch/gs14/sl9144/qcfs_checkpoints/cifar100-checkpoints/vgg16_L[16]_strict_seed44_schemeC_noout_mne_l2_l16_vgg16_rc1em04.pth,/home/595/sl9144/codes/snn_simulation/important_results/pre_input_image_noise/cifar100_vgg16_three_regs/mne_l2_rc1e-4/seed_44/noise_sweep_matrix_cifar100_vgg16_T16_mode_rate_uniform_schedule_normal_seed_44.csv
cifar100,vgg16,no_regularization,no regularization,,0.0,40,16,16,rate_uniform,0.0,57.69,/scratch/gs14/sl9144/qcfs_checkpoints/cifar100-checkpoints/vgg16_L[16]_strict_seed40_schemeC_noout_none_l16_vgg16.pth,/home/595/sl9144/codes/snn_simulation/important_results/pre_input_image_noise/cifar100_vgg16_three_regs/no_regularization/seed_40/noise_sweep_matrix_cifar100_vgg16_T16_mode_rate_uniform_schedule_normal_seed_40.csv
cifar100,vgg16,no_regularization,no regularization,,0.0,40,16,16,rate_uniform,0.05,55.17,/scratch/gs14/sl9144/qcfs_checkpoints/cifar100-checkpoints/vgg16_L[16]_strict_seed40_schemeC_noout_none_l16_vgg16.pth,/home/595/sl9144/codes/snn_simulation/important_results/pre_input_image_noise/cifar100_vgg16_three_regs/no_regularization/seed_40/noise_sweep_matrix_cifar100_vgg16_T16_mode_rate_uniform_schedule_normal_seed_40.csv
cifar100,vgg16,no_regularization,no regularization,,0.0,40,16,16,rate_uniform,0.1,46.57,/scratch/gs14/sl9144/qcfs_checkpoints/cifar100-checkpoints/vgg16_L[16]_strict_seed40_schemeC_noout_none_l16_vgg16.pth,/home/595/sl9144/codes/snn_simulation/important_results/pre_input_image_noise/cifar100_vgg16_three_regs/no_regularization/seed_40/noise_sweep_matrix_cifar100_vgg16_T16_mode_rate_uniform_schedule_normal_seed_40.csv
cifar100,vgg16,no_regularization,no regularization,,0.0,40,16,16,rate_uniform,0.15,34.59,/scratch/gs14/sl9144/qcfs_checkpoints/cifar100-checkpoints/vgg16_L[16]_strict_seed40_schemeC_noout_none_l16_vgg16.pth,/home/595/sl9144/codes/snn_simulation/important_results/pre_input_image_noise/cifar100_vgg16_three_regs/no_regularization/seed_40/noise_sweep_matrix_cifar100_vgg16_T16_mode_rate_uniform_schedule_normal_seed_40.csv
cifar100,vgg16,no_regularization,no regularization,,0.0,40,16,16,rate_uniform,0.2,24.98,/scratch/gs14/sl9144/qcfs_checkpoints/cifar100-checkpoints/vgg16_L[16]_strict_seed40_schemeC_noout_none_l16_vgg16.pth,/home/595/sl9144/codes/snn_simulation/important_results/pre_input_image_noise/cifar100_vgg16_three_regs/no_regularization/seed_40/noise_sweep_matrix_cifar100_vgg16_T16_mode_rate_uniform_schedule_normal_seed_40.csv
cifar100,vgg16,no_regularization,no regularization,,0.0,40,16,16,rate_uniform,0.25,17.95,/scratch/gs14/sl9144/qcfs_checkpoints/cifar100-checkpoints/vgg16_L[16]_strict_seed40_schemeC_noout_none_l16_vgg16.pth,/home/595/sl9144/codes/snn_simulation/important_results/pre_input_image_noise/cifar100_vgg16_three_regs/no_regularization/seed_40/noise_sweep_matrix_cifar100_vgg16_T16_mode_rate_uniform_schedule_normal_seed_40.csv
cifar100,vgg16,no_regularization,no regularization,,0.0,40,16,16,rate_uniform,0.3,13.73,/scratch/gs14/sl9144/qcfs_checkpoints/cifar100-checkpoints/vgg16_L[16]_strict_seed40_schemeC_noout_none_l16_vgg16.pth,/home/595/sl9144/codes/snn_simulation/important_results/pre_input_image_noise/cifar100_vgg16_three_regs/no_regularization/seed_40/noise_sweep_matrix_cifar100_vgg16_T16_mode_rate_uniform_schedule_normal_seed_40.csv
cifar100,vgg16,no_regularization,no regularization,,0.0,40,16,16,rate_uniform,0.35,10.86,/scratch/gs14/sl9144/qcfs_checkpoints/cifar100-checkpoints/vgg16_L[16]_strict_seed40_schemeC_noout_none_l16_vgg16.pth,/home/595/sl9144/codes/snn_simulation/important_results/pre_input_image_noise/cifar100_vgg16_three_regs/no_regularization/seed_40/noise_sweep_matrix_cifar100_vgg16_T16_mode_rate_uniform_schedule_normal_seed_40.csv
cifar100,vgg16,no_regularization,no regularization,,0.0,40,16,16,rate_uniform,0.4,8.93,/scratch/gs14/sl9144/qcfs_checkpoints/cifar100-checkpoints/vgg16_L[16]_strict_seed40_schemeC_noout_none_l16_vgg16.pth,/home/595/sl9144/codes/snn_simulation/important_results/pre_input_image_noise/cifar100_vgg16_three_regs/no_regularization/seed_40/noise_sweep_matrix_cifar100_vgg16_T16_mode_rate_uniform_schedule_normal_seed_40.csv
cifar100,vgg16,no_regularization,no regularization,,0.0,40,16,16,rate_uniform,0.45,7.22,/scratch/gs14/sl9144/qcfs_checkpoints/cifar100-checkpoints/vgg16_L[16]_strict_seed40_schemeC_noout_none_l16_vgg16.pth,/home/595/sl9144/codes/snn_simulation/important_results/pre_input_image_noise/cifar100_vgg16_three_regs/no_regularization/seed_40/noise_sweep_matrix_cifar100_vgg16_T16_mode_rate_uniform_schedule_normal_seed_40.csv
cifar100,vgg16,no_regularization,no regularization,,0.0,40,16,16,rate_uniform,0.5,6.16,/scratch/gs14/sl9144/qcfs_checkpoints/cifar100-checkpoints/vgg16_L[16]_strict_seed40_schemeC_noout_none_l16_vgg16.pth,/home/595/sl9144/codes/snn_simulation/important_results/pre_input_image_noise/cifar100_vgg16_three_regs/no_regularization/seed_40/noise_sweep_matrix_cifar100_vgg16_T16_mode_rate_uniform_schedule_normal_seed_40.csv
cifar100,vgg16,no_regularization,no regularization,,0.0,40,16,16,rate_uniform,0.55,5.12,/scratch/gs14/sl9144/qcfs_checkpoints/cifar100-checkpoints/vgg16_L[16]_strict_seed40_schemeC_noout_none_l16_vgg16.pth,/home/595/sl9144/codes/snn_simulation/important_results/pre_input_image_noise/cifar100_vgg16_three_regs/no_regularization/seed_40/noise_sweep_matrix_cifar100_vgg16_T16_mode_rate_uniform_schedule_normal_seed_40.csv
cifar100,vgg16,no_regularization,no regularization,,0.0,40,16,16,rate_uniform,0.6,4.56,/scratch/gs14/sl9144/qcfs_checkpoints/cifar100-checkpoints/vgg16_L[16]_strict_seed40_schemeC_noout_none_l16_vgg16.pth,/home/595/sl9144/codes/snn_simulation/important_results/pre_input_image_noise/cifar100_vgg16_three_regs/no_regularization/seed_40/noise_sweep_matrix_cifar100_vgg16_T16_mode_rate_uniform_schedule_normal_seed_40.csv
cifar100,vgg16,no_regularization,no regularization,,0.0,40,16,16,rate_uniform,0.65,4.1,/scratch/gs14/sl9144/qcfs_checkpoints/cifar100-checkpoints/vgg16_L[16]_strict_seed40_schemeC_noout_none_l16_vgg16.pth,/home/595/sl9144/codes/snn_simulation/important_results/pre_input_image_noise/cifar100_vgg16_three_regs/no_regularization/seed_40/noise_sweep_matrix_cifar100_vgg16_T16_mode_rate_uniform_schedule_normal_seed_40.csv
cifar100,vgg16,no_regularization,no regularization,,0.0,40,16,16,rate_uniform,0.7,3.52,/scratch/gs14/sl9144/qcfs_checkpoints/cifar100-checkpoints/vgg16_L[16]_strict_seed40_schemeC_noout_none_l16_vgg16.pth,/home/595/sl9144/codes/snn_simulation/important_results/pre_input_image_noise/cifar100_vgg16_three_regs/no_regularization/seed_40/noise_sweep_matrix_cifar100_vgg16_T16_mode_rate_uniform_schedule_normal_seed_40.csv
cifar100,vgg16,no_regularization,no regularization,,0.0,40,16,16,rate_uniform,0.75,3.29,/scratch/gs14/sl9144/qcfs_checkpoints/cifar100-checkpoints/vgg16_L[16]_strict_seed40_schemeC_noout_none_l16_vgg16.pth,/home/595/sl9144/codes/snn_simulation/important_results/pre_input_image_noise/cifar100_vgg16_three_regs/no_regularization/seed_40/noise_sweep_matrix_cifar100_vgg16_T16_mode_rate_uniform_schedule_normal_seed_40.csv
cifar100,vgg16,no_regularization,no regularization,,0.0,40,16,16,rate_uniform,0.8,2.89,/scratch/gs14/sl9144/qcfs_checkpoints/cifar100-checkpoints/vgg16_L[16]_strict_seed40_schemeC_noout_none_l16_vgg16.pth,/home/595/sl9144/codes/snn_simulation/important_results/pre_input_image_noise/cifar100_vgg16_three_regs/no_regularization/seed_40/noise_sweep_matrix_cifar100_vgg16_T16_mode_rate_uniform_schedule_normal_seed_40.csv
cifar100,vgg16,no_regularization,no regularization,,0.0,40,16,16,rate_uniform,0.85,2.65,/scratch/gs14/sl9144/qcfs_checkpoints/cifar100-checkpoints/vgg16_L[16]_strict_seed40_schemeC_noout_none_l16_vgg16.pth,/home/595/sl9144/codes/snn_simulation/important_results/pre_input_image_noise/cifar100_vgg16_three_regs/no_regularization/seed_40/noise_sweep_matrix_cifar100_vgg16_T16_mode_rate_uniform_schedule_normal_seed_40.csv
cifar100,vgg16,no_regularization,no regularization,,0.0,40,16,16,rate_uniform,0.9,2.31,/scratch/gs14/sl9144/qcfs_checkpoints/cifar100-checkpoints/vgg16_L[16]_strict_seed40_schemeC_noout_none_l16_vgg16.pth,/home/595/sl9144/codes/snn_simulation/important_results/pre_input_image_noise/cifar100_vgg16_three_regs/no_regularization/seed_40/noise_sweep_matrix_cifar100_vgg16_T16_mode_rate_uniform_schedule_normal_seed_40.csv
cifar100,vgg16,no_regularization,no regularization,,0.0,40,16,16,rate_uniform,0.95,2.28,/scratch/gs14/sl9144/qcfs_checkpoints/cifar100-checkpoints/vgg16_L[16]_strict_seed40_schemeC_noout_none_l16_vgg16.pth,/home/595/sl9144/codes/snn_simulation/important_results/pre_input_image_noise/cifar100_vgg16_three_regs/no_regularization/seed_40/noise_sweep_matrix_cifar100_vgg16_T16_mode_rate_uniform_schedule_normal_seed_40.csv
cifar100,vgg16,no_regularization,no regularization,,0.0,40,16,16,rate_uniform,1.0,2.12,/scratch/gs14/sl9144/qcfs_checkpoints/cifar100-checkpoints/vgg16_L[16]_strict_seed40_schemeC_noout_none_l16_vgg16.pth,/home/595/sl9144/codes/snn_simulation/important_results/pre_input_image_noise/cifar100_vgg16_three_regs/no_regularization/seed_40/noise_sweep_matrix_cifar100_vgg16_T16_mode_rate_uniform_schedule_normal_seed_40.csv
cifar100,vgg16,no_regularization,no regularization,,0.0,41,16,16,rate_uniform,0.0,58.39,/scratch/gs14/sl9144/qcfs_checkpoints/cifar100-checkpoints/vgg16_L[16]_strict_seed41_schemeC_noout_none_l16_vgg16.pth,/home/595/sl9144/codes/snn_simulation/important_results/pre_input_image_noise/cifar100_vgg16_three_regs/no_regularization/seed_41/noise_sweep_matrix_cifar100_vgg16_T16_mode_rate_uniform_schedule_normal_seed_41.csv
cifar100,vgg16,no_regularization,no regularization,,0.0,41,16,16,rate_uniform,0.05,56.0,/scratch/gs14/sl9144/qcfs_checkpoints/cifar100-checkpoints/vgg16_L[16]_strict_seed41_schemeC_noout_none_l16_vgg16.pth,/home/595/sl9144/codes/snn_simulation/important_results/pre_input_image_noise/cifar100_vgg16_three_regs/no_regularization/seed_41/noise_sweep_matrix_cifar100_vgg16_T16_mode_rate_uniform_schedule_normal_seed_41.csv
cifar100,vgg16,no_regularization,no regularization,,0.0,41,16,16,rate_uniform,0.1,47.17,/scratch/gs14/sl9144/qcfs_checkpoints/cifar100-checkpoints/vgg16_L[16]_strict_seed41_schemeC_noout_none_l16_vgg16.pth,/home/595/sl9144/codes/snn_simulation/important_results/pre_input_image_noise/cifar100_vgg16_three_regs/no_regularization/seed_41/noise_sweep_matrix_cifar100_vgg16_T16_mode_rate_uniform_schedule_normal_seed_41.csv
cifar100,vgg16,no_regularization,no regularization,,0.0,41,16,16,rate_uniform,0.15,35.29,/scratch/gs14/sl9144/qcfs_checkpoints/cifar100-checkpoints/vgg16_L[16]_strict_seed41_schemeC_noout_none_l16_vgg16.pth,/home/595/sl9144/codes/snn_simulation/important_results/pre_input_image_noise/cifar100_vgg16_three_regs/no_regularization/seed_41/noise_sweep_matrix_cifar100_vgg16_T16_mode_rate_uniform_schedule_normal_seed_41.csv
cifar100,vgg16,no_regularization,no regularization,,0.0,41,16,16,rate_uniform,0.2,24.77,/scratch/gs14/sl9144/qcfs_checkpoints/cifar100-checkpoints/vgg16_L[16]_strict_seed41_schemeC_noout_none_l16_vgg16.pth,/home/595/sl9144/codes/snn_simulation/important_results/pre_input_image_noise/cifar100_vgg16_three_regs/no_regularization/seed_41/noise_sweep_matrix_cifar100_vgg16_T16_mode_rate_uniform_schedule_normal_seed_41.csv
cifar100,vgg16,no_regularization,no regularization,,0.0,41,16,16,rate_uniform,0.25,17.49,/scratch/gs14/sl9144/qcfs_checkpoints/cifar100-checkpoints/vgg16_L[16]_strict_seed41_schemeC_noout_none_l16_vgg16.pth,/home/595/sl9144/codes/snn_simulation/important_results/pre_input_image_noise/cifar100_vgg16_three_regs/no_regularization/seed_41/noise_sweep_matrix_cifar100_vgg16_T16_mode_rate_uniform_schedule_normal_seed_41.csv
cifar100,vgg16,no_regularization,no regularization,,0.0,41,16,16,rate_uniform,0.3,12.59,/scratch/gs14/sl9144/qcfs_checkpoints/cifar100-checkpoints/vgg16_L[16]_strict_seed41_schemeC_noout_none_l16_vgg16.pth,/home/595/sl9144/codes/snn_simulation/important_results/pre_input_image_noise/cifar100_vgg16_three_regs/no_regularization/seed_41/noise_sweep_matrix_cifar100_vgg16_T16_mode_rate_uniform_schedule_normal_seed_41.csv
cifar100,vgg16,no_regularization,no regularization,,0.0,41,16,16,rate_uniform,0.35,9.81,/scratch/gs14/sl9144/qcfs_checkpoints/cifar100-checkpoints/vgg16_L[16]_strict_seed41_schemeC_noout_none_l16_vgg16.pth,/home/595/sl9144/codes/snn_simulation/important_results/pre_input_image_noise/cifar100_vgg16_three_regs/no_regularization/seed_41/noise_sweep_matrix_cifar100_vgg16_T16_mode_rate_uniform_schedule_normal_seed_41.csv
cifar100,vgg16,no_regularization,no regularization,,0.0,41,16,16,rate_uniform,0.4,7.37,/scratch/gs14/sl9144/qcfs_checkpoints/cifar100-checkpoints/vgg16_L[16]_strict_seed41_schemeC_noout_none_l16_vgg16.pth,/home/595/sl9144/codes/snn_simulation/important_results/pre_input_image_noise/cifar100_vgg16_three_regs/no_regularization/seed_41/noise_sweep_matrix_cifar100_vgg16_T16_mode_rate_uniform_schedule_normal_seed_41.csv
cifar100,vgg16,no_regularization,no regularization,,0.0,41,16,16,rate_uniform,0.45,5.51,/scratch/gs14/sl9144/qcfs_checkpoints/cifar100-checkpoints/vgg16_L[16]_strict_seed41_schemeC_noout_none_l16_vgg16.pth,/home/595/sl9144/codes/snn_simulation/important_results/pre_input_image_noise/cifar100_vgg16_three_regs/no_regularization/seed_41/noise_sweep_matrix_cifar100_vgg16_T16_mode_rate_uniform_schedule_normal_seed_41.csv
cifar100,vgg16,no_regularization,no regularization,,0.0,41,16,16,rate_uniform,0.5,4.47,/scratch/gs14/sl9144/qcfs_checkpoints/cifar100-checkpoints/vgg16_L[16]_strict_seed41_schemeC_noout_none_l16_vgg16.pth,/home/595/sl9144/codes/snn_simulation/important_results/pre_input_image_noise/cifar100_vgg16_three_regs/no_regularization/seed_41/noise_sweep_matrix_cifar100_vgg16_T16_mode_rate_uniform_schedule_normal_seed_41.csv
cifar100,vgg16,no_regularization,no regularization,,0.0,41,16,16,rate_uniform,0.55,3.59,/scratch/gs14/sl9144/qcfs_checkpoints/cifar100-checkpoints/vgg16_L[16]_strict_seed41_schemeC_noout_none_l16_vgg16.pth,/home/595/sl9144/codes/snn_simulation/important_results/pre_input_image_noise/cifar100_vgg16_three_regs/no_regularization/seed_41/noise_sweep_matrix_cifar100_vgg16_T16_mode_rate_uniform_schedule_normal_seed_41.csv
cifar100,vgg16,no_regularization,no regularization,,0.0,41,16,16,rate_uniform,0.6,2.87,/scratch/gs14/sl9144/qcfs_checkpoints/cifar100-checkpoints/vgg16_L[16]_strict_seed41_schemeC_noout_none_l16_vgg16.pth,/home/595/sl9144/codes/snn_simulation/important_results/pre_input_image_noise/cifar100_vgg16_three_regs/no_regularization/seed_41/noise_sweep_matrix_cifar100_vgg16_T16_mode_rate_uniform_schedule_normal_seed_41.csv
cifar100,vgg16,no_regularization,no regularization,,0.0,41,16,16,rate_uniform,0.65,2.49,/scratch/gs14/sl9144/qcfs_checkpoints/cifar100-checkpoints/vgg16_L[16]_strict_seed41_schemeC_noout_none_l16_vgg16.pth,/home/595/sl9144/codes/snn_simulation/important_results/pre_input_image_noise/cifar100_vgg16_three_regs/no_regularization/seed_41/noise_sweep_matrix_cifar100_vgg16_T16_mode_rate_uniform_schedule_normal_seed_41.csv
cifar100,vgg16,no_regularization,no regularization,,0.0,41,16,16,rate_uniform,0.7,2.19,/scratch/gs14/sl9144/qcfs_checkpoints/cifar100-checkpoints/vgg16_L[16]_strict_seed41_schemeC_noout_none_l16_vgg16.pth,/home/595/sl9144/codes/snn_simulation/important_results/pre_input_image_noise/cifar100_vgg16_three_regs/no_regularization/seed_41/noise_sweep_matrix_cifar100_vgg16_T16_mode_rate_uniform_schedule_normal_seed_41.csv
cifar100,vgg16,no_regularization,no regularization,,0.0,41,16,16,rate_uniform,0.75,1.89,/scratch/gs14/sl9144/qcfs_checkpoints/cifar100-checkpoints/vgg16_L[16]_strict_seed41_schemeC_noout_none_l16_vgg16.pth,/home/595/sl9144/codes/snn_simulation/important_results/pre_input_image_noise/cifar100_vgg16_three_regs/no_regularization/seed_41/noise_sweep_matrix_cifar100_vgg16_T16_mode_rate_uniform_schedule_normal_seed_41.csv
cifar100,vgg16,no_regularization,no regularization,,0.0,41,16,16,rate_uniform,0.8,1.72,/scratch/gs14/sl9144/qcfs_checkpoints/cifar100-checkpoints/vgg16_L[16]_strict_seed41_schemeC_noout_none_l16_vgg16.pth,/home/595/sl9144/codes/snn_simulation/important_results/pre_input_image_noise/cifar100_vgg16_three_regs/no_regularization/seed_41/noise_sweep_matrix_cifar100_vgg16_T16_mode_rate_uniform_schedule_normal_seed_41.csv
cifar100,vgg16,no_regularization,no regularization,,0.0,41,16,16,rate_uniform,0.85,1.57,/scratch/gs14/sl9144/qcfs_checkpoints/cifar100-checkpoints/vgg16_L[16]_strict_seed41_schemeC_noout_none_l16_vgg16.pth,/home/595/sl9144/codes/snn_simulation/important_results/pre_input_image_noise/cifar100_vgg16_three_regs/no_regularization/seed_41/noise_sweep_matrix_cifar100_vgg16_T16_mode_rate_uniform_schedule_normal_seed_41.csv
cifar100,vgg16,no_regularization,no regularization,,0.0,41,16,16,rate_uniform,0.9,1.64,/scratch/gs14/sl9144/qcfs_checkpoints/cifar100-checkpoints/vgg16_L[16]_strict_seed41_schemeC_noout_none_l16_vgg16.pth,/home/595/sl9144/codes/snn_simulation/important_results/pre_input_image_noise/cifar100_vgg16_three_regs/no_regularization/seed_41/noise_sweep_matrix_cifar100_vgg16_T16_mode_rate_uniform_schedule_normal_seed_41.csv
cifar100,vgg16,no_regularization,no regularization,,0.0,41,16,16,rate_uniform,0.95,1.51,/scratch/gs14/sl9144/qcfs_checkpoints/cifar100-checkpoints/vgg16_L[16]_strict_seed41_schemeC_noout_none_l16_vgg16.pth,/home/595/sl9144/codes/snn_simulation/important_results/pre_input_image_noise/cifar100_vgg16_three_regs/no_regularization/seed_41/noise_sweep_matrix_cifar100_vgg16_T16_mode_rate_uniform_schedule_normal_seed_41.csv
cifar100,vgg16,no_regularization,no regularization,,0.0,41,16,16,rate_uniform,1.0,1.46,/scratch/gs14/sl9144/qcfs_checkpoints/cifar100-checkpoints/vgg16_L[16]_strict_seed41_schemeC_noout_none_l16_vgg16.pth,/home/595/sl9144/codes/snn_simulation/important_results/pre_input_image_noise/cifar100_vgg16_three_regs/no_regularization/seed_41/noise_sweep_matrix_cifar100_vgg16_T16_mode_rate_uniform_schedule_normal_seed_41.csv
cifar100,vgg16,no_regularization,no regularization,,0.0,42,16,16,rate_uniform,0.0,46.15,/scratch/gs14/sl9144/qcfs_checkpoints/cifar100-checkpoints/vgg16_L[16]_strict_seed42_schemeC_noout_none_l16_vgg16.pth,/home/595/sl9144/codes/snn_simulation/important_results/pre_input_image_noise/cifar100_vgg16_three_regs/no_regularization/seed_42/noise_sweep_matrix_cifar100_vgg16_T16_mode_rate_uniform_schedule_normal_seed_42.csv
cifar100,vgg16,no_regularization,no regularization,,0.0,42,16,16,rate_uniform,0.05,46.03,/scratch/gs14/sl9144/qcfs_checkpoints/cifar100-checkpoints/vgg16_L[16]_strict_seed42_schemeC_noout_none_l16_vgg16.pth,/home/595/sl9144/codes/snn_simulation/important_results/pre_input_image_noise/cifar100_vgg16_three_regs/no_regularization/seed_42/noise_sweep_matrix_cifar100_vgg16_T16_mode_rate_uniform_schedule_normal_seed_42.csv
cifar100,vgg16,no_regularization,no regularization,,0.0,42,16,16,rate_uniform,0.1,41.46,/scratch/gs14/sl9144/qcfs_checkpoints/cifar100-checkpoints/vgg16_L[16]_strict_seed42_schemeC_noout_none_l16_vgg16.pth,/home/595/sl9144/codes/snn_simulation/important_results/pre_input_image_noise/cifar100_vgg16_three_regs/no_regularization/seed_42/noise_sweep_matrix_cifar100_vgg16_T16_mode_rate_uniform_schedule_normal_seed_42.csv
cifar100,vgg16,no_regularization,no regularization,,0.0,42,16,16,rate_uniform,0.15,33.76,/scratch/gs14/sl9144/qcfs_checkpoints/cifar100-checkpoints/vgg16_L[16]_strict_seed42_schemeC_noout_none_l16_vgg16.pth,/home/595/sl9144/codes/snn_simulation/important_results/pre_input_image_noise/cifar100_vgg16_three_regs/no_regularization/seed_42/noise_sweep_matrix_cifar100_vgg16_T16_mode_rate_uniform_schedule_normal_seed_42.csv
cifar100,vgg16,no_regularization,no regularization,,0.0,42,16,16,rate_uniform,0.2,25.35,/scratch/gs14/sl9144/qcfs_checkpoints/cifar100-checkpoints/vgg16_L[16]_strict_seed42_schemeC_noout_none_l16_vgg16.pth,/home/595/sl9144/codes/snn_simulation/important_results/pre_input_image_noise/cifar100_vgg16_three_regs/no_regularization/seed_42/noise_sweep_matrix_cifar100_vgg16_T16_mode_rate_uniform_schedule_normal_seed_42.csv
cifar100,vgg16,no_regularization,no regularization,,0.0,42,16,16,rate_uniform,0.25,19.07,/scratch/gs14/sl9144/qcfs_checkpoints/cifar100-checkpoints/vgg16_L[16]_strict_seed42_schemeC_noout_none_l16_vgg16.pth,/home/595/sl9144/codes/snn_simulation/important_results/pre_input_image_noise/cifar100_vgg16_three_regs/no_regularization/seed_42/noise_sweep_matrix_cifar100_vgg16_T16_mode_rate_uniform_schedule_normal_seed_42.csv
cifar100,vgg16,no_regularization,no regularization,,0.0,42,16,16,rate_uniform,0.3,14.36,/scratch/gs14/sl9144/qcfs_checkpoints/cifar100-checkpoints/vgg16_L[16]_strict_seed42_schemeC_noout_none_l16_vgg16.pth,/home/595/sl9144/codes/snn_simulation/important_results/pre_input_image_noise/cifar100_vgg16_three_regs/no_regularization/seed_42/noise_sweep_matrix_cifar100_vgg16_T16_mode_rate_uniform_schedule_normal_seed_42.csv
cifar100,vgg16,no_regularization,no regularization,,0.0,42,16,16,rate_uniform,0.35,11.34,/scratch/gs14/sl9144/qcfs_checkpoints/cifar100-checkpoints/vgg16_L[16]_strict_seed42_schemeC_noout_none_l16_vgg16.pth,/home/595/sl9144/codes/snn_simulation/important_results/pre_input_image_noise/cifar100_vgg16_three_regs/no_regularization/seed_42/noise_sweep_matrix_cifar100_vgg16_T16_mode_rate_uniform_schedule_normal_seed_42.csv
cifar100,vgg16,no_regularization,no regularization,,0.0,42,16,16,rate_uniform,0.4,8.97,/scratch/gs14/sl9144/qcfs_checkpoints/cifar100-checkpoints/vgg16_L[16]_strict_seed42_schemeC_noout_none_l16_vgg16.pth,/home/595/sl9144/codes/snn_simulation/important_results/pre_input_image_noise/cifar100_vgg16_three_regs/no_regularization/seed_42/noise_sweep_matrix_cifar100_vgg16_T16_mode_rate_uniform_schedule_normal_seed_42.csv
cifar100,vgg16,no_regularization,no regularization,,0.0,42,16,16,rate_uniform,0.45,7.14,/scratch/gs14/sl9144/qcfs_checkpoints/cifar100-checkpoints/vgg16_L[16]_strict_seed42_schemeC_noout_none_l16_vgg16.pth,/home/595/sl9144/codes/snn_simulation/important_results/pre_input_image_noise/cifar100_vgg16_three_regs/no_regularization/seed_42/noise_sweep_matrix_cifar100_vgg16_T16_mode_rate_uniform_schedule_normal_seed_42.csv
cifar100,vgg16,no_regularization,no regularization,,0.0,42,16,16,rate_uniform,0.5,5.95,/scratch/gs14/sl9144/qcfs_checkpoints/cifar100-checkpoints/vgg16_L[16]_strict_seed42_schemeC_noout_none_l16_vgg16.pth,/home/595/sl9144/codes/snn_simulation/important_results/pre_input_image_noise/cifar100_vgg16_three_regs/no_regularization/seed_42/noise_sweep_matrix_cifar100_vgg16_T16_mode_rate_uniform_schedule_normal_seed_42.csv
cifar100,vgg16,no_regularization,no regularization,,0.0,42,16,16,rate_uniform,0.55,4.67,/scratch/gs14/sl9144/qcfs_checkpoints/cifar100-checkpoints/vgg16_L[16]_strict_seed42_schemeC_noout_none_l16_vgg16.pth,/home/595/sl9144/codes/snn_simulation/important_results/pre_input_image_noise/cifar100_vgg16_three_regs/no_regularization/seed_42/noise_sweep_matrix_cifar100_vgg16_T16_mode_rate_uniform_schedule_normal_seed_42.csv
cifar100,vgg16,no_regularization,no regularization,,0.0,42,16,16,rate_uniform,0.6,3.7,/scratch/gs14/sl9144/qcfs_checkpoints/cifar100-checkpoints/vgg16_L[16]_strict_seed42_schemeC_noout_none_l16_vgg16.pth,/home/595/sl9144/codes/snn_simulation/important_results/pre_input_image_noise/cifar100_vgg16_three_regs/no_regularization/seed_42/noise_sweep_matrix_cifar100_vgg16_T16_mode_rate_uniform_schedule_normal_seed_42.csv
cifar100,vgg16,no_regularization,no regularization,,0.0,42,16,16,rate_uniform,0.65,3.16,/scratch/gs14/sl9144/qcfs_checkpoints/cifar100-checkpoints/vgg16_L[16]_strict_seed42_schemeC_noout_none_l16_vgg16.pth,/home/595/sl9144/codes/snn_simulation/important_results/pre_input_image_noise/cifar100_vgg16_three_regs/no_regularization/seed_42/noise_sweep_matrix_cifar100_vgg16_T16_mode_rate_uniform_schedule_normal_seed_42.csv
cifar100,vgg16,no_regularization,no regularization,,0.0,42,16,16,rate_uniform,0.7,2.85,/scratch/gs14/sl9144/qcfs_checkpoints/cifar100-checkpoints/vgg16_L[16]_strict_seed42_schemeC_noout_none_l16_vgg16.pth,/home/595/sl9144/codes/snn_simulation/important_results/pre_input_image_noise/cifar100_vgg16_three_regs/no_regularization/seed_42/noise_sweep_matrix_cifar100_vgg16_T16_mode_rate_uniform_schedule_normal_seed_42.csv
cifar100,vgg16,no_regularization,no regularization,,0.0,42,16,16,rate_uniform,0.75,2.37,/scratch/gs14/sl9144/qcfs_checkpoints/cifar100-checkpoints/vgg16_L[16]_strict_seed42_schemeC_noout_none_l16_vgg16.pth,/home/595/sl9144/codes/snn_simulation/important_results/pre_input_image_noise/cifar100_vgg16_three_regs/no_regularization/seed_42/noise_sweep_matrix_cifar100_vgg16_T16_mode_rate_uniform_schedule_normal_seed_42.csv
cifar100,vgg16,no_regularization,no regularization,,0.0,42,16,16,rate_uniform,0.8,2.26,/scratch/gs14/sl9144/qcfs_checkpoints/cifar100-checkpoints/vgg16_L[16]_strict_seed42_schemeC_noout_none_l16_vgg16.pth,/home/595/sl9144/codes/snn_simulation/important_results/pre_input_image_noise/cifar100_vgg16_three_regs/no_regularization/seed_42/noise_sweep_matrix_cifar100_vgg16_T16_mode_rate_uniform_schedule_normal_seed_42.csv
cifar100,vgg16,no_regularization,no regularization,,0.0,42,16,16,rate_uniform,0.85,2.02,/scratch/gs14/sl9144/qcfs_checkpoints/cifar100-checkpoints/vgg16_L[16]_strict_seed42_schemeC_noout_none_l16_vgg16.pth,/home/595/sl9144/codes/snn_simulation/important_results/pre_input_image_noise/cifar100_vgg16_three_regs/no_regularization/seed_42/noise_sweep_matrix_cifar100_vgg16_T16_mode_rate_uniform_schedule_normal_seed_42.csv
cifar100,vgg16,no_regularization,no regularization,,0.0,42,16,16,rate_uniform,0.9,1.66,/scratch/gs14/sl9144/qcfs_checkpoints/cifar100-checkpoints/vgg16_L[16]_strict_seed42_schemeC_noout_none_l16_vgg16.pth,/home/595/sl9144/codes/snn_simulation/important_results/pre_input_image_noise/cifar100_vgg16_three_regs/no_regularization/seed_42/noise_sweep_matrix_cifar100_vgg16_T16_mode_rate_uniform_schedule_normal_seed_42.csv
cifar100,vgg16,no_regularization,no regularization,,0.0,42,16,16,rate_uniform,0.95,1.6,/scratch/gs14/sl9144/qcfs_checkpoints/cifar100-checkpoints/vgg16_L[16]_strict_seed42_schemeC_noout_none_l16_vgg16.pth,/home/595/sl9144/codes/snn_simulation/important_results/pre_input_image_noise/cifar100_vgg16_three_regs/no_regularization/seed_42/noise_sweep_matrix_cifar100_vgg16_T16_mode_rate_uniform_schedule_normal_seed_42.csv
cifar100,vgg16,no_regularization,no regularization,,0.0,42,16,16,rate_uniform,1.0,1.51,/scratch/gs14/sl9144/qcfs_checkpoints/cifar100-checkpoints/vgg16_L[16]_strict_seed42_schemeC_noout_none_l16_vgg16.pth,/home/595/sl9144/codes/snn_simulation/important_results/pre_input_image_noise/cifar100_vgg16_three_regs/no_regularization/seed_42/noise_sweep_matrix_cifar100_vgg16_T16_mode_rate_uniform_schedule_normal_seed_42.csv
cifar100,vgg16,no_regularization,no regularization,,0.0,43,16,16,rate_uniform,0.0,58.03,/scratch/gs14/sl9144/qcfs_checkpoints/cifar100-checkpoints/vgg16_L[16]_strict_seed43_schemeC_noout_none_l16_vgg16.pth,/home/595/sl9144/codes/snn_simulation/important_results/pre_input_image_noise/cifar100_vgg16_three_regs/no_regularization/seed_43/noise_sweep_matrix_cifar100_vgg16_T16_mode_rate_uniform_schedule_normal_seed_43.csv
cifar100,vgg16,no_regularization,no regularization,,0.0,43,16,16,rate_uniform,0.05,55.77,/scratch/gs14/sl9144/qcfs_checkpoints/cifar100-checkpoints/vgg16_L[16]_strict_seed43_schemeC_noout_none_l16_vgg16.pth,/home/595/sl9144/codes/snn_simulation/important_results/pre_input_image_noise/cifar100_vgg16_three_regs/no_regularization/seed_43/noise_sweep_matrix_cifar100_vgg16_T16_mode_rate_uniform_schedule_normal_seed_43.csv
cifar100,vgg16,no_regularization,no regularization,,0.0,43,16,16,rate_uniform,0.1,47.16,/scratch/gs14/sl9144/qcfs_checkpoints/cifar100-checkpoints/vgg16_L[16]_strict_seed43_schemeC_noout_none_l16_vgg16.pth,/home/595/sl9144/codes/snn_simulation/important_results/pre_input_image_noise/cifar100_vgg16_three_regs/no_regularization/seed_43/noise_sweep_matrix_cifar100_vgg16_T16_mode_rate_uniform_schedule_normal_seed_43.csv
cifar100,vgg16,no_regularization,no regularization,,0.0,43,16,16,rate_uniform,0.15,36.17,/scratch/gs14/sl9144/qcfs_checkpoints/cifar100-checkpoints/vgg16_L[16]_strict_seed43_schemeC_noout_none_l16_vgg16.pth,/home/595/sl9144/codes/snn_simulation/important_results/pre_input_image_noise/cifar100_vgg16_three_regs/no_regularization/seed_43/noise_sweep_matrix_cifar100_vgg16_T16_mode_rate_uniform_schedule_normal_seed_43.csv
cifar100,vgg16,no_regularization,no regularization,,0.0,43,16,16,rate_uniform,0.2,26.38,/scratch/gs14/sl9144/qcfs_checkpoints/cifar100-checkpoints/vgg16_L[16]_strict_seed43_schemeC_noout_none_l16_vgg16.pth,/home/595/sl9144/codes/snn_simulation/important_results/pre_input_image_noise/cifar100_vgg16_three_regs/no_regularization/seed_43/noise_sweep_matrix_cifar100_vgg16_T16_mode_rate_uniform_schedule_normal_seed_43.csv
cifar100,vgg16,no_regularization,no regularization,,0.0,43,16,16,rate_uniform,0.25,19.43,/scratch/gs14/sl9144/qcfs_checkpoints/cifar100-checkpoints/vgg16_L[16]_strict_seed43_schemeC_noout_none_l16_vgg16.pth,/home/595/sl9144/codes/snn_simulation/important_results/pre_input_image_noise/cifar100_vgg16_three_regs/no_regularization/seed_43/noise_sweep_matrix_cifar100_vgg16_T16_mode_rate_uniform_schedule_normal_seed_43.csv
cifar100,vgg16,no_regularization,no regularization,,0.0,43,16,16,rate_uniform,0.3,14.78,/scratch/gs14/sl9144/qcfs_checkpoints/cifar100-checkpoints/vgg16_L[16]_strict_seed43_schemeC_noout_none_l16_vgg16.pth,/home/595/sl9144/codes/snn_simulation/important_results/pre_input_image_noise/cifar100_vgg16_three_regs/no_regularization/seed_43/noise_sweep_matrix_cifar100_vgg16_T16_mode_rate_uniform_schedule_normal_seed_43.csv
cifar100,vgg16,no_regularization,no regularization,,0.0,43,16,16,rate_uniform,0.35,11.67,/scratch/gs14/sl9144/qcfs_checkpoints/cifar100-checkpoints/vgg16_L[16]_strict_seed43_schemeC_noout_none_l16_vgg16.pth,/home/595/sl9144/codes/snn_simulation/important_results/pre_input_image_noise/cifar100_vgg16_three_regs/no_regularization/seed_43/noise_sweep_matrix_cifar100_vgg16_T16_mode_rate_uniform_schedule_normal_seed_43.csv
cifar100,vgg16,no_regularization,no regularization,,0.0,43,16,16,rate_uniform,0.4,9.34,/scratch/gs14/sl9144/qcfs_checkpoints/cifar100-checkpoints/vgg16_L[16]_strict_seed43_schemeC_noout_none_l16_vgg16.pth,/home/595/sl9144/codes/snn_simulation/important_results/pre_input_image_noise/cifar100_vgg16_three_regs/no_regularization/seed_43/noise_sweep_matrix_cifar100_vgg16_T16_mode_rate_uniform_schedule_normal_seed_43.csv
cifar100,vgg16,no_regularization,no regularization,,0.0,43,16,16,rate_uniform,0.45,7.66,/scratch/gs14/sl9144/qcfs_checkpoints/cifar100-checkpoints/vgg16_L[16]_strict_seed43_schemeC_noout_none_l16_vgg16.pth,/home/595/sl9144/codes/snn_simulation/important_results/pre_input_image_noise/cifar100_vgg16_three_regs/no_regularization/seed_43/noise_sweep_matrix_cifar100_vgg16_T16_mode_rate_uniform_schedule_normal_seed_43.csv
cifar100,vgg16,no_regularization,no regularization,,0.0,43,16,16,rate_uniform,0.5,6.24,/scratch/gs14/sl9144/qcfs_checkpoints/cifar100-checkpoints/vgg16_L[16]_strict_seed43_schemeC_noout_none_l16_vgg16.pth,/home/595/sl9144/codes/snn_simulation/important_results/pre_input_image_noise/cifar100_vgg16_three_regs/no_regularization/seed_43/noise_sweep_matrix_cifar100_vgg16_T16_mode_rate_uniform_schedule_normal_seed_43.csv
cifar100,vgg16,no_regularization,no regularization,,0.0,43,16,16,rate_uniform,0.55,5.6,/scratch/gs14/sl9144/qcfs_checkpoints/cifar100-checkpoints/vgg16_L[16]_strict_seed43_schemeC_noout_none_l16_vgg16.pth,/home/595/sl9144/codes/snn_simulation/important_results/pre_input_image_noise/cifar100_vgg16_three_regs/no_regularization/seed_43/noise_sweep_matrix_cifar100_vgg16_T16_mode_rate_uniform_schedule_normal_seed_43.csv
cifar100,vgg16,no_regularization,no regularization,,0.0,43,16,16,rate_uniform,0.6,4.54,/scratch/gs14/sl9144/qcfs_checkpoints/cifar100-checkpoints/vgg16_L[16]_strict_seed43_schemeC_noout_none_l16_vgg16.pth,/home/595/sl9144/codes/snn_simulation/important_results/pre_input_image_noise/cifar100_vgg16_three_regs/no_regularization/seed_43/noise_sweep_matrix_cifar100_vgg16_T16_mode_rate_uniform_schedule_normal_seed_43.csv
cifar100,vgg16,no_regularization,no regularization,,0.0,43,16,16,rate_uniform,0.65,3.84,/scratch/gs14/sl9144/qcfs_checkpoints/cifar100-checkpoints/vgg16_L[16]_strict_seed43_schemeC_noout_none_l16_vgg16.pth,/home/595/sl9144/codes/snn_simulation/important_results/pre_input_image_noise/cifar100_vgg16_three_regs/no_regularization/seed_43/noise_sweep_matrix_cifar100_vgg16_T16_mode_rate_uniform_schedule_normal_seed_43.csv
cifar100,vgg16,no_regularization,no regularization,,0.0,43,16,16,rate_uniform,0.7,3.42,/scratch/gs14/sl9144/qcfs_checkpoints/cifar100-checkpoints/vgg16_L[16]_strict_seed43_schemeC_noout_none_l16_vgg16.pth,/home/595/sl9144/codes/snn_simulation/important_results/pre_input_image_noise/cifar100_vgg16_three_regs/no_regularization/seed_43/noise_sweep_matrix_cifar100_vgg16_T16_mode_rate_uniform_schedule_normal_seed_43.csv
cifar100,vgg16,no_regularization,no regularization,,0.0,43,16,16,rate_uniform,0.75,3.12,/scratch/gs14/sl9144/qcfs_checkpoints/cifar100-checkpoints/vgg16_L[16]_strict_seed43_schemeC_noout_none_l16_vgg16.pth,/home/595/sl9144/codes/snn_simulation/important_results/pre_input_image_noise/cifar100_vgg16_three_regs/no_regularization/seed_43/noise_sweep_matrix_cifar100_vgg16_T16_mode_rate_uniform_schedule_normal_seed_43.csv
cifar100,vgg16,no_regularization,no regularization,,0.0,43,16,16,rate_uniform,0.8,2.61,/scratch/gs14/sl9144/qcfs_checkpoints/cifar100-checkpoints/vgg16_L[16]_strict_seed43_schemeC_noout_none_l16_vgg16.pth,/home/595/sl9144/codes/snn_simulation/important_results/pre_input_image_noise/cifar100_vgg16_three_regs/no_regularization/seed_43/noise_sweep_matrix_cifar100_vgg16_T16_mode_rate_uniform_schedule_normal_seed_43.csv
cifar100,vgg16,no_regularization,no regularization,,0.0,43,16,16,rate_uniform,0.85,2.58,/scratch/gs14/sl9144/qcfs_checkpoints/cifar100-checkpoints/vgg16_L[16]_strict_seed43_schemeC_noout_none_l16_vgg16.pth,/home/595/sl9144/codes/snn_simulation/important_results/pre_input_image_noise/cifar100_vgg16_three_regs/no_regularization/seed_43/noise_sweep_matrix_cifar100_vgg16_T16_mode_rate_uniform_schedule_normal_seed_43.csv
cifar100,vgg16,no_regularization,no regularization,,0.0,43,16,16,rate_uniform,0.9,2.21,/scratch/gs14/sl9144/qcfs_checkpoints/cifar100-checkpoints/vgg16_L[16]_strict_seed43_schemeC_noout_none_l16_vgg16.pth,/home/595/sl9144/codes/snn_simulation/important_results/pre_input_image_noise/cifar100_vgg16_three_regs/no_regularization/seed_43/noise_sweep_matrix_cifar100_vgg16_T16_mode_rate_uniform_schedule_normal_seed_43.csv
cifar100,vgg16,no_regularization,no regularization,,0.0,43,16,16,rate_uniform,0.95,2.15,/scratch/gs14/sl9144/qcfs_checkpoints/cifar100-checkpoints/vgg16_L[16]_strict_seed43_schemeC_noout_none_l16_vgg16.pth,/home/595/sl9144/codes/snn_simulation/important_results/pre_input_image_noise/cifar100_vgg16_three_regs/no_regularization/seed_43/noise_sweep_matrix_cifar100_vgg16_T16_mode_rate_uniform_schedule_normal_seed_43.csv
cifar100,vgg16,no_regularization,no regularization,,0.0,43,16,16,rate_uniform,1.0,1.9,/scratch/gs14/sl9144/qcfs_checkpoints/cifar100-checkpoints/vgg16_L[16]_strict_seed43_schemeC_noout_none_l16_vgg16.pth,/home/595/sl9144/codes/snn_simulation/important_results/pre_input_image_noise/cifar100_vgg16_three_regs/no_regularization/seed_43/noise_sweep_matrix_cifar100_vgg16_T16_mode_rate_uniform_schedule_normal_seed_43.csv
cifar100,vgg16,no_regularization,no regularization,,0.0,44,16,16,rate_uniform,0.0,46.55,/scratch/gs14/sl9144/qcfs_checkpoints/cifar100-checkpoints/vgg16_L[16]_strict_seed44_schemeC_noout_none_l16_vgg16.pth,/home/595/sl9144/codes/snn_simulation/important_results/pre_input_image_noise/cifar100_vgg16_three_regs/no_regularization/seed_44/noise_sweep_matrix_cifar100_vgg16_T16_mode_rate_uniform_schedule_normal_seed_44.csv
cifar100,vgg16,no_regularization,no regularization,,0.0,44,16,16,rate_uniform,0.05,46.13,/scratch/gs14/sl9144/qcfs_checkpoints/cifar100-checkpoints/vgg16_L[16]_strict_seed44_schemeC_noout_none_l16_vgg16.pth,/home/595/sl9144/codes/snn_simulation/important_results/pre_input_image_noise/cifar100_vgg16_three_regs/no_regularization/seed_44/noise_sweep_matrix_cifar100_vgg16_T16_mode_rate_uniform_schedule_normal_seed_44.csv
cifar100,vgg16,no_regularization,no regularization,,0.0,44,16,16,rate_uniform,0.1,42.76,/scratch/gs14/sl9144/qcfs_checkpoints/cifar100-checkpoints/vgg16_L[16]_strict_seed44_schemeC_noout_none_l16_vgg16.pth,/home/595/sl9144/codes/snn_simulation/important_results/pre_input_image_noise/cifar100_vgg16_three_regs/no_regularization/seed_44/noise_sweep_matrix_cifar100_vgg16_T16_mode_rate_uniform_schedule_normal_seed_44.csv
cifar100,vgg16,no_regularization,no regularization,,0.0,44,16,16,rate_uniform,0.15,36.7,/scratch/gs14/sl9144/qcfs_checkpoints/cifar100-checkpoints/vgg16_L[16]_strict_seed44_schemeC_noout_none_l16_vgg16.pth,/home/595/sl9144/codes/snn_simulation/important_results/pre_input_image_noise/cifar100_vgg16_three_regs/no_regularization/seed_44/noise_sweep_matrix_cifar100_vgg16_T16_mode_rate_uniform_schedule_normal_seed_44.csv
cifar100,vgg16,no_regularization,no regularization,,0.0,44,16,16,rate_uniform,0.2,29.84,/scratch/gs14/sl9144/qcfs_checkpoints/cifar100-checkpoints/vgg16_L[16]_strict_seed44_schemeC_noout_none_l16_vgg16.pth,/home/595/sl9144/codes/snn_simulation/important_results/pre_input_image_noise/cifar100_vgg16_three_regs/no_regularization/seed_44/noise_sweep_matrix_cifar100_vgg16_T16_mode_rate_uniform_schedule_normal_seed_44.csv
cifar100,vgg16,no_regularization,no regularization,,0.0,44,16,16,rate_uniform,0.25,23.42,/scratch/gs14/sl9144/qcfs_checkpoints/cifar100-checkpoints/vgg16_L[16]_strict_seed44_schemeC_noout_none_l16_vgg16.pth,/home/595/sl9144/codes/snn_simulation/important_results/pre_input_image_noise/cifar100_vgg16_three_regs/no_regularization/seed_44/noise_sweep_matrix_cifar100_vgg16_T16_mode_rate_uniform_schedule_normal_seed_44.csv
cifar100,vgg16,no_regularization,no regularization,,0.0,44,16,16,rate_uniform,0.3,18.05,/scratch/gs14/sl9144/qcfs_checkpoints/cifar100-checkpoints/vgg16_L[16]_strict_seed44_schemeC_noout_none_l16_vgg16.pth,/home/595/sl9144/codes/snn_simulation/important_results/pre_input_image_noise/cifar100_vgg16_three_regs/no_regularization/seed_44/noise_sweep_matrix_cifar100_vgg16_T16_mode_rate_uniform_schedule_normal_seed_44.csv
cifar100,vgg16,no_regularization,no regularization,,0.0,44,16,16,rate_uniform,0.35,13.81,/scratch/gs14/sl9144/qcfs_checkpoints/cifar100-checkpoints/vgg16_L[16]_strict_seed44_schemeC_noout_none_l16_vgg16.pth,/home/595/sl9144/codes/snn_simulation/important_results/pre_input_image_noise/cifar100_vgg16_three_regs/no_regularization/seed_44/noise_sweep_matrix_cifar100_vgg16_T16_mode_rate_uniform_schedule_normal_seed_44.csv
cifar100,vgg16,no_regularization,no regularization,,0.0,44,16,16,rate_uniform,0.4,11.03,/scratch/gs14/sl9144/qcfs_checkpoints/cifar100-checkpoints/vgg16_L[16]_strict_seed44_schemeC_noout_none_l16_vgg16.pth,/home/595/sl9144/codes/snn_simulation/important_results/pre_input_image_noise/cifar100_vgg16_three_regs/no_regularization/seed_44/noise_sweep_matrix_cifar100_vgg16_T16_mode_rate_uniform_schedule_normal_seed_44.csv
cifar100,vgg16,no_regularization,no regularization,,0.0,44,16,16,rate_uniform,0.45,8.63,/scratch/gs14/sl9144/qcfs_checkpoints/cifar100-checkpoints/vgg16_L[16]_strict_seed44_schemeC_noout_none_l16_vgg16.pth,/home/595/sl9144/codes/snn_simulation/important_results/pre_input_image_noise/cifar100_vgg16_three_regs/no_regularization/seed_44/noise_sweep_matrix_cifar100_vgg16_T16_mode_rate_uniform_schedule_normal_seed_44.csv
cifar100,vgg16,no_regularization,no regularization,,0.0,44,16,16,rate_uniform,0.5,6.8,/scratch/gs14/sl9144/qcfs_checkpoints/cifar100-checkpoints/vgg16_L[16]_strict_seed44_schemeC_noout_none_l16_vgg16.pth,/home/595/sl9144/codes/snn_simulation/important_results/pre_input_image_noise/cifar100_vgg16_three_regs/no_regularization/seed_44/noise_sweep_matrix_cifar100_vgg16_T16_mode_rate_uniform_schedule_normal_seed_44.csv
cifar100,vgg16,no_regularization,no regularization,,0.0,44,16,16,rate_uniform,0.55,5.63,/scratch/gs14/sl9144/qcfs_checkpoints/cifar100-checkpoints/vgg16_L[16]_strict_seed44_schemeC_noout_none_l16_vgg16.pth,/home/595/sl9144/codes/snn_simulation/important_results/pre_input_image_noise/cifar100_vgg16_three_regs/no_regularization/seed_44/noise_sweep_matrix_cifar100_vgg16_T16_mode_rate_uniform_schedule_normal_seed_44.csv
cifar100,vgg16,no_regularization,no regularization,,0.0,44,16,16,rate_uniform,0.6,4.71,/scratch/gs14/sl9144/qcfs_checkpoints/cifar100-checkpoints/vgg16_L[16]_strict_seed44_schemeC_noout_none_l16_vgg16.pth,/home/595/sl9144/codes/snn_simulation/important_results/pre_input_image_noise/cifar100_vgg16_three_regs/no_regularization/seed_44/noise_sweep_matrix_cifar100_vgg16_T16_mode_rate_uniform_schedule_normal_seed_44.csv
cifar100,vgg16,no_regularization,no regularization,,0.0,44,16,16,rate_uniform,0.65,4.01,/scratch/gs14/sl9144/qcfs_checkpoints/cifar100-checkpoints/vgg16_L[16]_strict_seed44_schemeC_noout_none_l16_vgg16.pth,/home/595/sl9144/codes/snn_simulation/important_results/pre_input_image_noise/cifar100_vgg16_three_regs/no_regularization/seed_44/noise_sweep_matrix_cifar100_vgg16_T16_mode_rate_uniform_schedule_normal_seed_44.csv
cifar100,vgg16,no_regularization,no regularization,,0.0,44,16,16,rate_uniform,0.7,3.58,/scratch/gs14/sl9144/qcfs_checkpoints/cifar100-checkpoints/vgg16_L[16]_strict_seed44_schemeC_noout_none_l16_vgg16.pth,/home/595/sl9144/codes/snn_simulation/important_results/pre_input_image_noise/cifar100_vgg16_three_regs/no_regularization/seed_44/noise_sweep_matrix_cifar100_vgg16_T16_mode_rate_uniform_schedule_normal_seed_44.csv
cifar100,vgg16,no_regularization,no regularization,,0.0,44,16,16,rate_uniform,0.75,3.14,/scratch/gs14/sl9144/qcfs_checkpoints/cifar100-checkpoints/vgg16_L[16]_strict_seed44_schemeC_noout_none_l16_vgg16.pth,/home/595/sl9144/codes/snn_simulation/important_results/pre_input_image_noise/cifar100_vgg16_three_regs/no_regularization/seed_44/noise_sweep_matrix_cifar100_vgg16_T16_mode_rate_uniform_schedule_normal_seed_44.csv
cifar100,vgg16,no_regularization,no regularization,,0.0,44,16,16,rate_uniform,0.8,2.69,/scratch/gs14/sl9144/qcfs_checkpoints/cifar100-checkpoints/vgg16_L[16]_strict_seed44_schemeC_noout_none_l16_vgg16.pth,/home/595/sl9144/codes/snn_simulation/important_results/pre_input_image_noise/cifar100_vgg16_three_regs/no_regularization/seed_44/noise_sweep_matrix_cifar100_vgg16_T16_mode_rate_uniform_schedule_normal_seed_44.csv
cifar100,vgg16,no_regularization,no regularization,,0.0,44,16,16,rate_uniform,0.85,2.43,/scratch/gs14/sl9144/qcfs_checkpoints/cifar100-checkpoints/vgg16_L[16]_strict_seed44_schemeC_noout_none_l16_vgg16.pth,/home/595/sl9144/codes/snn_simulation/important_results/pre_input_image_noise/cifar100_vgg16_three_regs/no_regularization/seed_44/noise_sweep_matrix_cifar100_vgg16_T16_mode_rate_uniform_schedule_normal_seed_44.csv
cifar100,vgg16,no_regularization,no regularization,,0.0,44,16,16,rate_uniform,0.9,2.3,/scratch/gs14/sl9144/qcfs_checkpoints/cifar100-checkpoints/vgg16_L[16]_strict_seed44_schemeC_noout_none_l16_vgg16.pth,/home/595/sl9144/codes/snn_simulation/important_results/pre_input_image_noise/cifar100_vgg16_three_regs/no_regularization/seed_44/noise_sweep_matrix_cifar100_vgg16_T16_mode_rate_uniform_schedule_normal_seed_44.csv
cifar100,vgg16,no_regularization,no regularization,,0.0,44,16,16,rate_uniform,0.95,1.94,/scratch/gs14/sl9144/qcfs_checkpoints/cifar100-checkpoints/vgg16_L[16]_strict_seed44_schemeC_noout_none_l16_vgg16.pth,/home/595/sl9144/codes/snn_simulation/important_results/pre_input_image_noise/cifar100_vgg16_three_regs/no_regularization/seed_44/noise_sweep_matrix_cifar100_vgg16_T16_mode_rate_uniform_schedule_normal_seed_44.csv
cifar100,vgg16,no_regularization,no regularization,,0.0,44,16,16,rate_uniform,1.0,2.01,/scratch/gs14/sl9144/qcfs_checkpoints/cifar100-checkpoints/vgg16_L[16]_strict_seed44_schemeC_noout_none_l16_vgg16.pth,/home/595/sl9144/codes/snn_simulation/important_results/pre_input_image_noise/cifar100_vgg16_three_regs/no_regularization/seed_44/noise_sweep_matrix_cifar100_vgg16_T16_mode_rate_uniform_schedule_normal_seed_44.csv
