model,method,method_label,seed,sigma,noise_repeat,noise_seed,L,T,noise_position,checkpoint,layer_index,layer,relative_l2,layer_amplification,cosine_similarity,spike_mismatch_rate,clean_rms,noisy_rms,clean_boundary_margin_mean,clean_boundary_margin_lt_0p05,clean_boundary_margin_lt_0p10,clean_firing_rate,clean_zero_ratio,clean_saturation_ratio,noisy_boundary_margin_mean,noisy_boundary_margin_lt_0p05,noisy_boundary_margin_lt_0p10,noisy_firing_rate,noisy_zero_ratio,noisy_saturation_ratio
cnn6_vgg,wd_weight_only,weights only,42,0.5,0,20260803,16,16,post_input_if,/Users/S4142196/Documents/Phd_Document/codes/QCFS_simulation_FI/QCFS_simulation/fashion_mnist-checkpoints/cnn6_vgg_L[16]_fashion_spectral_mne_cnn6_vgg_wd_weight_only_rcnone_seed42_ep30_L16_trainT0.pth,0,post_input_if,0.15540272885721984,1.0,0.9881360217142046,nan,1.7302527725696564,1.801081407815218,,,,,,,,,,,,
cnn6_vgg,wd_weight_only,weights only,42,0.5,0,20260803,16,16,post_input_if,/Users/S4142196/Documents/Phd_Document/codes/QCFS_simulation_FI/QCFS_simulation/fashion_mnist-checkpoints/cnn6_vgg_L[16]_fashion_spectral_mne_cnn6_vgg_wd_weight_only_rcnone_seed42_ep30_L16_trainT0.pth,1,if1,0.32025710978969985,2.060820373906974,0.9498456160632716,0.04173425265720913,2.169361412525177,2.1560675278306007,1.1036463733762503,0.09249013592489064,0.12128066807053983,0.08111616363748908,0.3783981865271926,2.8259899877980388e-05,1.1712447926402092,0.06720858113840222,0.13440423924475908,0.08012516517192125,0.41635512467473745,8.43125935716671e-05
cnn6_vgg,wd_weight_only,weights only,42,0.5,0,20260803,16,16,post_input_if,/Users/S4142196/Documents/Phd_Document/codes/QCFS_simulation_FI/QCFS_simulation/fashion_mnist-checkpoints/cnn6_vgg_L[16]_fashion_spectral_mne_cnn6_vgg_wd_weight_only_rcnone_seed42_ep30_L16_trainT0.pth,2,if2,0.44243053757602274,1.3814854504449545,0.9090255263077424,0.05225895862190091,1.8949885666370392,2.0384510345757008,1.2925770990550518,0.04297528846655041,0.08480321010574698,0.06135453388560563,0.6242675632238388,0.00021027545130891667,1.2935248091816902,0.05198085436131805,0.10406159167177975,0.07099061459302902,0.5614581853151321,0.00024725465777919453
cnn6_vgg,wd_weight_only,weights only,42,0.5,0,20260803,16,16,post_input_if,/Users/S4142196/Documents/Phd_Document/codes/QCFS_simulation_FI/QCFS_simulation/fashion_mnist-checkpoints/cnn6_vgg_L[16]_fashion_spectral_mne_cnn6_vgg_wd_weight_only_rcnone_seed42_ep30_L16_trainT0.pth,3,if3,0.4880634942641327,1.1031415167183591,0.8834846961679511,0.08246877242107781,2.166941776871681,2.2006224170327187,1.6193638145923615,0.05511147540528327,0.1122933195438236,0.0861774543300271,0.5288243088871241,0.00015430060932430933,1.6940790265798569,0.05358326085843146,0.10729372967034578,0.08887606067582965,0.5308649372309446,0.00012954400347098272
cnn6_vgg,wd_weight_only,weights only,42,0.5,0,20260803,16,16,post_input_if,/Users/S4142196/Documents/Phd_Document/codes/QCFS_simulation_FI/QCFS_simulation/fashion_mnist-checkpoints/cnn6_vgg_L[16]_fashion_spectral_mne_cnn6_vgg_wd_weight_only_rcnone_seed42_ep30_L16_trainT0.pth,4,if4,0.5926428424227845,1.2142740634931712,0.8338418262273685,0.07596580349669164,1.9431028291583061,2.112484537065029,1.8149900622665882,0.04117677581962198,0.08301637484692037,0.06809977954253554,0.6404202375560999,0.0002081734742205299,1.6781919971108437,0.049734153668396175,0.09947749343700707,0.08048244286328554,0.5675385016947985,0.0001203575887984698
cnn6_vgg,wd_weight_only,weights only,42,0.5,0,20260803,16,16,post_input_if,/Users/S4142196/Documents/Phd_Document/codes/QCFS_simulation_FI/QCFS_simulation/fashion_mnist-checkpoints/cnn6_vgg_L[16]_fashion_spectral_mne_cnn6_vgg_wd_weight_only_rcnone_seed42_ep30_L16_trainT0.pth,5,if5,0.6067279359902787,1.0237665800702374,0.8177541902415589,0.09233317083241988,2.1528473123908043,2.17363141477108,2.098216228187084,0.047656311304308474,0.09516844316385686,0.0866868335288018,0.579264409840107,0.0002251449864161259,2.0996705144643784,0.04699239821638912,0.09417101624421775,0.0883663312997669,0.5807339232414961,0.0001223817142772532
cnn6_vgg,wd_weight_only,weights only,42,0.5,0,20260803,16,16,post_input_if,/Users/S4142196/Documents/Phd_Document/codes/QCFS_simulation_FI/QCFS_simulation/fashion_mnist-checkpoints/cnn6_vgg_L[16]_fashion_spectral_mne_cnn6_vgg_wd_weight_only_rcnone_seed42_ep30_L16_trainT0.pth,6,if6,0.7018244761890217,1.156736709417426,0.7537411802714404,0.09332238411416813,2.1832001581788063,2.1921398118138313,2.1429631486535072,0.045059514814056456,0.09014767874032259,0.08216392667964101,0.6031372547149658,0.00042257502718712203,2.1961693838238716,0.04492747935000807,0.08970610774122179,0.08283575996756554,0.6031248010694981,0.00025784239073800563
cnn6_vgg,wd_weight_only,weights only,42,0.5,1,20261803,16,16,post_input_if,/Users/S4142196/Documents/Phd_Document/codes/QCFS_simulation_FI/QCFS_simulation/fashion_mnist-checkpoints/cnn6_vgg_L[16]_fashion_spectral_mne_cnn6_vgg_wd_weight_only_rcnone_seed42_ep30_L16_trainT0.pth,0,post_input_if,0.15549410587211945,1.0,0.9881256838971583,nan,1.7302527725696564,1.8011718094348907,,,,,,,,,,,,
cnn6_vgg,wd_weight_only,weights only,42,0.5,1,20261803,16,16,post_input_if,/Users/S4142196/Documents/Phd_Document/codes/QCFS_simulation_FI/QCFS_simulation/fashion_mnist-checkpoints/cnn6_vgg_L[16]_fashion_spectral_mne_cnn6_vgg_wd_weight_only_rcnone_seed42_ep30_L16_trainT0.pth,1,if1,0.3202858524427245,2.059794168057612,0.9498521754308559,0.04174641200474331,2.169361412525177,2.1562606915831566,1.1036463733762503,0.09249013592489064,0.12128066807053983,0.08111616363748908,0.3783981865271926,2.8259899877980388e-05,1.1715719252824783,0.06713579036295414,0.13430022820830345,0.08013970823958516,0.41645337268710136,8.306697833404542e-05
cnn6_vgg,wd_weight_only,weights only,42,0.5,1,20261803,16,16,post_input_if,/Users/S4142196/Documents/Phd_Document/codes/QCFS_simulation_FI/QCFS_simulation/fashion_mnist-checkpoints/cnn6_vgg_L[16]_fashion_spectral_mne_cnn6_vgg_wd_weight_only_rcnone_seed42_ep30_L16_trainT0.pth,2,if2,0.44263109897475417,1.3819876700732767,0.909000223611141,0.05224903748959911,1.8949885666370392,2.0387589670717716,1.2925770990550518,0.04297528846655041,0.08480321010574698,0.06135453388560563,0.6242675632238388,0.00021027545130891667,1.294093206524849,0.05195547523908317,0.10401449142955244,0.07101214514113963,0.5615683495998383,0.0002480331679635128
cnn6_vgg,wd_weight_only,weights only,42,0.5,1,20261803,16,16,post_input_if,/Users/S4142196/Documents/Phd_Document/codes/QCFS_simulation_FI/QCFS_simulation/fashion_mnist-checkpoints/cnn6_vgg_L[16]_fashion_spectral_mne_cnn6_vgg_wd_weight_only_rcnone_seed42_ep30_L16_trainT0.pth,3,if3,0.4882226749167262,1.1030012939614358,0.8834624938566275,0.08251344914339026,2.166941776871681,2.201171115040779,1.6193638145923615,0.05511147540528327,0.1122933195438236,0.0861774543300271,0.5288243088871241,0.00015430060932430933,1.6945555172860622,0.05391334916930646,0.10778278997167945,0.08892048429697752,0.5309163201600313,0.00012487294497987023
cnn6_vgg,wd_weight_only,weights only,42,0.5,1,20261803,16,16,post_input_if,/Users/S4142196/Documents/Phd_Document/codes/QCFS_simulation_FI/QCFS_simulation/fashion_mnist-checkpoints/cnn6_vgg_L[16]_fashion_spectral_mne_cnn6_vgg_wd_weight_only_rcnone_seed42_ep30_L16_trainT0.pth,4,if4,0.5936421968918131,1.2159250837603308,0.8334555549854247,0.07604646682739258,1.9431028291583061,2.1136839762330055,1.8149900622665882,0.04117677581962198,0.08301637484692037,0.06809977954253554,0.6404202375560999,0.0002081734742205299,1.6782451905310154,0.049583901185542345,0.09938625199720263,0.08057379024103284,0.5671674627810717,0.00012207031022626325
cnn6_vgg,wd_weight_only,weights only,42,0.5,1,20261803,16,16,post_input_if,/Users/S4142196/Documents/Phd_Document/codes/QCFS_simulation_FI/QCFS_simulation/fashion_mnist-checkpoints/cnn6_vgg_L[16]_fashion_spectral_mne_cnn6_vgg_wd_weight_only_rcnone_seed42_ep30_L16_trainT0.pth,5,if5,0.6077716065511708,1.0238012219032548,0.8172837292709598,0.09241259827905772,2.1528473123908043,2.1747307181358337,2.098216228187084,0.047656311304308474,0.09516844316385686,0.0866868335288018,0.579264409840107,0.0002251449864161259,2.100719131529331,0.04721256054472178,0.09443134977482259,0.0884553340729326,0.5805586073547602,0.00011926767456316156
cnn6_vgg,wd_weight_only,weights only,42,0.5,1,20261803,16,16,post_input_if,/Users/S4142196/Documents/Phd_Document/codes/QCFS_simulation_FI/QCFS_simulation/fashion_mnist-checkpoints/cnn6_vgg_L[16]_fashion_spectral_mne_cnn6_vgg_wd_weight_only_rcnone_seed42_ep30_L16_trainT0.pth,6,if6,0.7023235229675903,1.1555714603927598,0.7535762559629481,0.09338538500727439,2.1832001581788063,2.193310372531414,2.1429631486535072,0.045059514814056456,0.09014767874032259,0.08216392667964101,0.6031372547149658,0.00042257502718712203,2.196094922721386,0.044874851941131055,0.08971762959845364,0.0829227005597204,0.6026533357799053,0.0002509915057089529
cnn6_vgg,wd_weight_only,weights only,42,0.5,2,20262803,16,16,post_input_if,/Users/S4142196/Documents/Phd_Document/codes/QCFS_simulation_FI/QCFS_simulation/fashion_mnist-checkpoints/cnn6_vgg_L[16]_fashion_spectral_mne_cnn6_vgg_wd_weight_only_rcnone_seed42_ep30_L16_trainT0.pth,0,post_input_if,0.15552801208209735,1.0,0.9881208401521715,nan,1.7302527725696564,1.8012802228331566,,,,,,,,,,,,
cnn6_vgg,wd_weight_only,weights only,42,0.5,2,20262803,16,16,post_input_if,/Users/S4142196/Documents/Phd_Document/codes/QCFS_simulation_FI/QCFS_simulation/fashion_mnist-checkpoints/cnn6_vgg_L[16]_fashion_spectral_mne_cnn6_vgg_wd_weight_only_rcnone_seed42_ep30_L16_trainT0.pth,1,if1,0.32029497190411493,2.0594037538076635,0.9498466546019546,0.04175672725755341,2.169361412525177,2.1562205776572227,1.1036463733762503,0.09249013592489064,0.12128066807053983,0.08111616363748908,0.3783981865271926,2.8259899877980388e-05,1.171440951526165,0.06718756072223186,0.13426854414865375,0.08013681787997484,0.41638509649783373,8.189921317125481e-05
cnn6_vgg,wd_weight_only,weights only,42,0.5,2,20262803,16,16,post_input_if,/Users/S4142196/Documents/Phd_Document/codes/QCFS_simulation_FI/QCFS_simulation/fashion_mnist-checkpoints/cnn6_vgg_L[16]_fashion_spectral_mne_cnn6_vgg_wd_weight_only_rcnone_seed42_ep30_L16_trainT0.pth,2,if2,0.4422147080522243,1.380648298733231,0.9091191908927208,0.052247139872336874,1.8949885666370392,2.0383181013166904,1.2925770990550518,0.04297528846655041,0.08480321010574698,0.06135453388560563,0.6242675632238388,0.00021027545130891667,1.2937843762338161,0.05196544004138559,0.10393126914277673,0.07098159799352288,0.5615059100091457,0.0002510693552721932
cnn6_vgg,wd_weight_only,weights only,42,0.5,2,20262803,16,16,post_input_if,/Users/S4142196/Documents/Phd_Document/codes/QCFS_simulation_FI/QCFS_simulation/fashion_mnist-checkpoints/cnn6_vgg_L[16]_fashion_spectral_mne_cnn6_vgg_wd_weight_only_rcnone_seed42_ep30_L16_trainT0.pth,3,if3,0.4873929261858472,1.1021635357462771,0.8837866299158562,0.08242581815135722,2.166941776871681,2.200272001326084,1.6193638145923615,0.05511147540528327,0.1122933195438236,0.0861774543300271,0.5288243088871241,0.00015430060932430933,1.6945280395448208,0.053700348595157266,0.10755608766339719,0.0888478197157383,0.5309610161930323,0.00012393873362270824
cnn6_vgg,wd_weight_only,weights only,42,0.5,2,20262803,16,16,post_input_if,/Users/S4142196/Documents/Phd_Document/codes/QCFS_simulation_FI/QCFS_simulation/fashion_mnist-checkpoints/cnn6_vgg_L[16]_fashion_spectral_mne_cnn6_vgg_wd_weight_only_rcnone_seed42_ep30_L16_trainT0.pth,4,if4,0.5915544077960213,1.213711516958817,0.8344662765214026,0.07586889850850008,1.9431028291583061,2.1124079525470734,1.8149900622665882,0.04117677581962198,0.08301637484692037,0.06809977954253554,0.6404202375560999,0.0002081734742205299,1.6782747097313404,0.04963434860110283,0.09944168152287602,0.08047636994160712,0.567487433552742,0.00011942337710024731
cnn6_vgg,wd_weight_only,weights only,42,0.5,2,20262803,16,16,post_input_if,/Users/S4142196/Documents/Phd_Document/codes/QCFS_simulation_FI/QCFS_simulation/fashion_mnist-checkpoints/cnn6_vgg_L[16]_fashion_spectral_mne_cnn6_vgg_wd_weight_only_rcnone_seed42_ep30_L16_trainT0.pth,5,if5,0.6061502107079342,1.0246736440799977,0.818064134467608,0.09232042273696588,2.1528473123908043,2.1737105026841164,2.098216228187084,0.047656311304308474,0.09516844316385686,0.0866868335288018,0.579264409840107,0.0002251449864161259,2.0979289039969444,0.0472707930020988,0.09437654237262905,0.08837257954292,0.5804004184901714,0.00012487294497987023
cnn6_vgg,wd_weight_only,weights only,42,0.5,2,20262803,16,16,post_input_if,/Users/S4142196/Documents/Phd_Document/codes/QCFS_simulation_FI/QCFS_simulation/fashion_mnist-checkpoints/cnn6_vgg_L[16]_fashion_spectral_mne_cnn6_vgg_wd_weight_only_rcnone_seed42_ep30_L16_trainT0.pth,6,if6,0.7009965009770551,1.1564732447396961,0.7544036732570135,0.0932921584771604,2.1832001581788063,2.1928891241550446,2.1429631486535072,0.045059514814056456,0.09014767874032259,0.08216392667964101,0.6031372547149658,0.00042257502718712203,2.1946449652314186,0.04477302310988307,0.08980887057259679,0.08289128658361733,0.6027934700250626,0.0002581537942205614
cnn6_vgg,wd_weight_only,weights only,42,0.5,3,20263803,16,16,post_input_if,/Users/S4142196/Documents/Phd_Document/codes/QCFS_simulation_FI/QCFS_simulation/fashion_mnist-checkpoints/cnn6_vgg_L[16]_fashion_spectral_mne_cnn6_vgg_wd_weight_only_rcnone_seed42_ep30_L16_trainT0.pth,0,post_input_if,0.15546796552743336,1.0,0.9881234694847032,nan,1.7302527725696564,1.8008758090436459,,,,,,,,,,,,
cnn6_vgg,wd_weight_only,weights only,42,0.5,3,20263803,16,16,post_input_if,/Users/S4142196/Documents/Phd_Document/codes/QCFS_simulation_FI/QCFS_simulation/fashion_mnist-checkpoints/cnn6_vgg_L[16]_fashion_spectral_mne_cnn6_vgg_wd_weight_only_rcnone_seed42_ep30_L16_trainT0.pth,1,if1,0.3204616942652915,2.0612715499177474,0.9497805408586468,0.04174943359530702,2.169361412525177,2.15604155510664,1.1036463733762503,0.09249013592489064,0.12128066807053983,0.08111616363748908,0.3783981865271926,2.8259899877980388e-05,1.1711025163531303,0.06732216547243297,0.13452358357608318,0.08012331579811871,0.41635675821453333,8.524680458776857e-05
cnn6_vgg,wd_weight_only,weights only,42,0.5,3,20263803,16,16,post_input_if,/Users/S4142196/Documents/Phd_Document/codes/QCFS_simulation_FI/QCFS_simulation/fashion_mnist-checkpoints/cnn6_vgg_L[16]_fashion_spectral_mne_cnn6_vgg_wd_weight_only_rcnone_seed42_ep30_L16_trainT0.pth,2,if2,0.44278244781998616,1.3817016378045872,0.9088884137054755,0.05227995405391771,1.8949885666370392,2.038639858365059,1.2925770990550518,0.04297528846655041,0.08480321010574698,0.06135453388560563,0.6242675632238388,0.00021027545130891667,1.2935653179883957,0.052027720492333174,0.10404391912743449,0.07100398978218436,0.5614891741424799,0.00024429632208011753
cnn6_vgg,wd_weight_only,weights only,42,0.5,3,20263803,16,16,post_input_if,/Users/S4142196/Documents/Phd_Document/codes/QCFS_simulation_FI/QCFS_simulation/fashion_mnist-checkpoints/cnn6_vgg_L[16]_fashion_spectral_mne_cnn6_vgg_wd_weight_only_rcnone_seed42_ep30_L16_trainT0.pth,3,if3,0.4886247161407179,1.1035322618284296,0.8831748189571762,0.08238311689727161,2.166941776871681,2.2000616788864136,1.6193638145923615,0.05511147540528327,0.1122933195438236,0.0861774543300271,0.5288243088871241,0.00015430060932430933,1.6942715682089329,0.05377212737221271,0.1074436716735363,0.08883073157630861,0.5313529055565596,0.00012222601253597531
cnn6_vgg,wd_weight_only,weights only,42,0.5,3,20263803,16,16,post_input_if,/Users/S4142196/Documents/Phd_Document/codes/QCFS_simulation_FI/QCFS_simulation/fashion_mnist-checkpoints/cnn6_vgg_L[16]_fashion_spectral_mne_cnn6_vgg_wd_weight_only_rcnone_seed42_ep30_L16_trainT0.pth,4,if4,0.5932784468049053,1.2141801820644054,0.8335565818103362,0.07599297348333865,1.9431028291583061,2.1134205237030983,1.8149900622665882,0.04117677581962198,0.08301637484692037,0.06809977954253554,0.6404202375560999,0.0002081734742205299,1.678043507039547,0.0496840177802369,0.09927944093942642,0.08055365667678416,0.5672565307468176,0.00012129180072406598
cnn6_vgg,wd_weight_only,weights only,42,0.5,3,20263803,16,16,post_input_if,/Users/S4142196/Documents/Phd_Document/codes/QCFS_simulation_FI/QCFS_simulation/fashion_mnist-checkpoints/cnn6_vgg_L[16]_fashion_spectral_mne_cnn6_vgg_wd_weight_only_rcnone_seed42_ep30_L16_trainT0.pth,5,if5,0.6069125596478417,1.0229809677333852,0.8177415609664431,0.0923760277884347,2.1528473123908043,2.1743484288454056,2.098216228187084,0.047656311304308474,0.09516844316385686,0.0866868335288018,0.579264409840107,0.0002251449864161259,2.0988722816109657,0.04721816594246775,0.09421866037882864,0.08842452499084175,0.5804496183991432,0.00012269311764612212
cnn6_vgg,wd_weight_only,weights only,42,0.5,3,20263803,16,16,post_input_if,/Users/S4142196/Documents/Phd_Document/codes/QCFS_simulation_FI/QCFS_simulation/fashion_mnist-checkpoints/cnn6_vgg_L[16]_fashion_spectral_mne_cnn6_vgg_wd_weight_only_rcnone_seed42_ep30_L16_trainT0.pth,6,if6,0.7010556191423296,1.1551179951673993,0.7544079123470129,0.09324920420743982,2.1832001581788063,2.1926780939102173,2.1429631486535072,0.045059514814056456,0.09014767874032259,0.08216392667964101,0.6031372547149658,0.00042257502718712203,2.1964303702116013,0.04494522919412702,0.0897967261262238,0.08287581452168524,0.6026337146759033,0.00026344766138208797
cnn6_vgg,wd_weight_only,weights only,42,0.5,4,20264803,16,16,post_input_if,/Users/S4142196/Documents/Phd_Document/codes/QCFS_simulation_FI/QCFS_simulation/fashion_mnist-checkpoints/cnn6_vgg_L[16]_fashion_spectral_mne_cnn6_vgg_wd_weight_only_rcnone_seed42_ep30_L16_trainT0.pth,0,post_input_if,0.15542003780255015,1.0,0.9881381718313145,nan,1.7302527725696564,1.8012382984161377,,,,,,,,,,,,
cnn6_vgg,wd_weight_only,weights only,42,0.5,4,20264803,16,16,post_input_if,/Users/S4142196/Documents/Phd_Document/codes/QCFS_simulation_FI/QCFS_simulation/fashion_mnist-checkpoints/cnn6_vgg_L[16]_fashion_spectral_mne_cnn6_vgg_wd_weight_only_rcnone_seed42_ep30_L16_trainT0.pth,1,if1,0.32023542607561833,2.0604513459355487,0.949854533362849,0.04173086127456354,2.169361412525177,2.156056970357895,1.1036463733762503,0.09249013592489064,0.12128066807053983,0.08111616363748908,0.3783981865271926,2.8259899877980388e-05,1.171391699463129,0.06713719177059829,0.13425850123167038,0.08012456679716706,0.4164005909115076,8.618101571755687e-05
cnn6_vgg,wd_weight_only,weights only,42,0.5,4,20264803,16,16,post_input_if,/Users/S4142196/Documents/Phd_Document/codes/QCFS_simulation_FI/QCFS_simulation/fashion_mnist-checkpoints/cnn6_vgg_L[16]_fashion_spectral_mne_cnn6_vgg_wd_weight_only_rcnone_seed42_ep30_L16_trainT0.pth,2,if2,0.4424144699401207,1.381528818849829,0.9090173399121165,0.05222626121676698,1.8949885666370392,2.0383811071515083,1.2925770990550518,0.04297528846655041,0.08480321010574698,0.06135453388560563,0.6242675632238388,0.00021027545130891667,1.2936926558613777,0.05200031690765172,0.10393594019114971,0.07098574843257666,0.5614676084369421,0.00024398491768806707
cnn6_vgg,wd_weight_only,weights only,42,0.5,4,20264803,16,16,post_input_if,/Users/S4142196/Documents/Phd_Document/codes/QCFS_simulation_FI/QCFS_simulation/fashion_mnist-checkpoints/cnn6_vgg_L[16]_fashion_spectral_mne_cnn6_vgg_wd_weight_only_rcnone_seed42_ep30_L16_trainT0.pth,3,if3,0.48806217848648015,1.1031786065960676,0.8834924516990763,0.08246525939630002,2.166941776871681,2.200673557817936,1.6193638145923615,0.05511147540528327,0.1122933195438236,0.0861774543300271,0.5288243088871241,0.00015430060932430933,1.6937686391174793,0.05363308545202017,0.10757056763395667,0.08888011868111789,0.5308126173913479,0.00012393873294058722
cnn6_vgg,wd_weight_only,weights only,42,0.5,4,20264803,16,16,post_input_if,/Users/S4142196/Documents/Phd_Document/codes/QCFS_simulation_FI/QCFS_simulation/fashion_mnist-checkpoints/cnn6_vgg_L[16]_fashion_spectral_mne_cnn6_vgg_wd_weight_only_rcnone_seed42_ep30_L16_trainT0.pth,4,if4,0.5925884147285752,1.2141658191303395,0.8338415386571156,0.07596547263009208,1.9431028291583061,2.1124861985445023,1.8149900622665882,0.04117677581962198,0.08301637484692037,0.06809977954253554,0.6404202375560999,0.0002081734742205299,1.6783691570162773,0.04970005480572581,0.09949493245221674,0.08048271480947733,0.5674358978867531,0.00012191460791655118
cnn6_vgg,wd_weight_only,weights only,42,0.5,4,20264803,16,16,post_input_if,/Users/S4142196/Documents/Phd_Document/codes/QCFS_simulation_FI/QCFS_simulation/fashion_mnist-checkpoints/cnn6_vgg_L[16]_fashion_spectral_mne_cnn6_vgg_wd_weight_only_rcnone_seed42_ep30_L16_trainT0.pth,5,if5,0.6070190160282987,1.0243518113770975,0.8174651368172302,0.0923548328633211,2.1528473123908043,2.173162505030632,2.098216228187084,0.047656311304308474,0.09516844316385686,0.0866868335288018,0.579264409840107,0.0002251449864161259,2.0974272713065147,0.04721256089396775,0.09445283678360283,0.08832839853130281,0.5803720764815807,0.0001230045209013042
cnn6_vgg,wd_weight_only,weights only,42,0.5,4,20264803,16,16,post_input_if,/Users/S4142196/Documents/Phd_Document/codes/QCFS_simulation_FI/QCFS_simulation/fashion_mnist-checkpoints/cnn6_vgg_L[16]_fashion_spectral_mne_cnn6_vgg_wd_weight_only_rcnone_seed42_ep30_L16_trainT0.pth,6,if6,0.7013909994370173,1.155467919318559,0.7539629110291909,0.09330313546316964,2.1832001581788063,2.191865101456642,2.1429631486535072,0.045059514814056456,0.09014767874032259,0.08216392667964101,0.6031372547149658,0.00042257502718712203,2.1942377388477325,0.044726001331582665,0.08938037883490324,0.08281444804742932,0.6028613485395908,0.00025005729321492254
cnn6_vgg,wd_weight_only,weights only,42,1,0,20270803,16,16,post_input_if,/Users/S4142196/Documents/Phd_Document/codes/QCFS_simulation_FI/QCFS_simulation/fashion_mnist-checkpoints/cnn6_vgg_L[16]_fashion_spectral_mne_cnn6_vgg_wd_weight_only_rcnone_seed42_ep30_L16_trainT0.pth,0,post_input_if,0.3113125353258971,1.0,0.954788807946971,nan,1.7302527725696564,1.9988067038357258,,,,,,,,,,,,
cnn6_vgg,wd_weight_only,weights only,42,1,0,20270803,16,16,post_input_if,/Users/S4142196/Documents/Phd_Document/codes/QCFS_simulation_FI/QCFS_simulation/fashion_mnist-checkpoints/cnn6_vgg_L[16]_fashion_spectral_mne_cnn6_vgg_wd_weight_only_rcnone_seed42_ep30_L16_trainT0.pth,1,if1,0.5296613130355088,1.701381258165636,0.8805191637594038,0.06765860440779706,2.169361412525177,2.237215518951416,1.1036463733762503,0.09249013592489064,0.12128066807053983,0.08111616363748908,0.3783981865271926,2.8259899877980388e-05,1.2819968201220036,0.062228844268247485,0.12437625601887703,0.08626889041624963,0.452850878238678,0.00018621950152919453
cnn6_vgg,wd_weight_only,weights only,42,1,0,20270803,16,16,post_input_if,/Users/S4142196/Documents/Phd_Document/codes/QCFS_simulation_FI/QCFS_simulation/fashion_mnist-checkpoints/cnn6_vgg_L[16]_fashion_spectral_mne_cnn6_vgg_wd_weight_only_rcnone_seed42_ep30_L16_trainT0.pth,2,if2,0.688520957975528,1.2999268419843404,0.8117843020365821,0.073216014978837,1.8949885666370392,2.1788142696022987,1.2925770990550518,0.04297528846655041,0.08480321010574698,0.06135453388560563,0.6242675632238388,0.00021027545130891667,1.4786631688475609,0.051307132351212204,0.10248931404203176,0.0811012692283839,0.5562867019325495,0.0003763315553442226
cnn6_vgg,wd_weight_only,weights only,42,1,0,20270803,16,16,post_input_if,/Users/S4142196/Documents/Phd_Document/codes/QCFS_simulation_FI/QCFS_simulation/fashion_mnist-checkpoints/cnn6_vgg_L[16]_fashion_spectral_mne_cnn6_vgg_wd_weight_only_rcnone_seed42_ep30_L16_trainT0.pth,3,if3,0.7194985875977309,1.044991556558114,0.7760113766111242,0.10370744004541514,2.166941776871681,2.320555657148361,1.6193638145923615,0.05511147540528327,0.1122933195438236,0.0861774543300271,0.5288243088871241,0.00015430060932430933,1.9914808347821236,0.05124212661758065,0.10260414308868349,0.09882604680024087,0.5377941410988569,0.000130011108240069
cnn6_vgg,wd_weight_only,weights only,42,1,0,20270803,16,16,post_input_if,/Users/S4142196/Documents/Phd_Document/codes/QCFS_simulation_FI/QCFS_simulation/fashion_mnist-checkpoints/cnn6_vgg_L[16]_fashion_spectral_mne_cnn6_vgg_wd_weight_only_rcnone_seed42_ep30_L16_trainT0.pth,4,if4,0.8199922932421947,1.1396718595098194,0.7126838944292966,0.09284324062113859,1.9431028291583061,2.216084934771061,1.8149900622665882,0.04117677581962198,0.08301637484692037,0.06809977954253554,0.6404202375560999,0.0002081734742205299,1.7800602316856384,0.049710642197169363,0.09923226176761091,0.08856984390877187,0.5605549607425928,0.00011039266587431484
cnn6_vgg,wd_weight_only,weights only,42,1,0,20270803,16,16,post_input_if,/Users/S4142196/Documents/Phd_Document/codes/QCFS_simulation_FI/QCFS_simulation/fashion_mnist-checkpoints/cnn6_vgg_L[16]_fashion_spectral_mne_cnn6_vgg_wd_weight_only_rcnone_seed42_ep30_L16_trainT0.pth,5,if5,0.8060965397648961,0.9830537999054166,0.6992973772123979,0.10756081950907805,2.1528473123908043,2.2276440635323524,2.098216228187084,0.047656311304308474,0.09516844316385686,0.0866868335288018,0.579264409840107,0.0002251449864161259,2.2953578010201454,0.04563405457884073,0.09151443024165928,0.0928117772564292,0.5893302317708731,0.0001631756190363376
cnn6_vgg,wd_weight_only,weights only,42,1,0,20270803,16,16,post_input_if,/Users/S4142196/Documents/Phd_Document/codes/QCFS_simulation_FI/QCFS_simulation/fashion_mnist-checkpoints/cnn6_vgg_L[16]_fashion_spectral_mne_cnn6_vgg_wd_weight_only_rcnone_seed42_ep30_L16_trainT0.pth,6,if6,0.8870025060390369,1.1003675890951443,0.6234272089394224,0.10743584924814653,2.1832001581788063,2.238339364528656,2.1429631486535072,0.045059514814056456,0.09014767874032259,0.08216392667964101,0.6031372547149658,0.00042257502718712203,2.3524192199110985,0.04437473765574396,0.08872674265876412,0.08636196120642126,0.6041303239762783,0.00028649154546656064
cnn6_vgg,wd_weight_only,weights only,42,1,1,20271803,16,16,post_input_if,/Users/S4142196/Documents/Phd_Document/codes/QCFS_simulation_FI/QCFS_simulation/fashion_mnist-checkpoints/cnn6_vgg_L[16]_fashion_spectral_mne_cnn6_vgg_wd_weight_only_rcnone_seed42_ep30_L16_trainT0.pth,0,post_input_if,0.3111475343441193,1.0,0.9548372194705363,nan,1.7302527725696564,1.9986740425229073,,,,,,,,,,,,
cnn6_vgg,wd_weight_only,weights only,42,1,1,20271803,16,16,post_input_if,/Users/S4142196/Documents/Phd_Document/codes/QCFS_simulation_FI/QCFS_simulation/fashion_mnist-checkpoints/cnn6_vgg_L[16]_fashion_spectral_mne_cnn6_vgg_wd_weight_only_rcnone_seed42_ep30_L16_trainT0.pth,1,if1,0.529744061095326,1.7025494423794658,0.8804005648406569,0.06769565173557826,2.169361412525177,2.2368072122335434,1.1036463733762503,0.09249013592489064,0.12128066807053983,0.08111616363748908,0.3783981865271926,2.8259899877980388e-05,1.2817292138934135,0.06229166954290122,0.12444040505215526,0.086237458512187,0.45303694251924753,0.00018248265655529394
cnn6_vgg,wd_weight_only,weights only,42,1,1,20271803,16,16,post_input_if,/Users/S4142196/Documents/Phd_Document/codes/QCFS_simulation_FI/QCFS_simulation/fashion_mnist-checkpoints/cnn6_vgg_L[16]_fashion_spectral_mne_cnn6_vgg_wd_weight_only_rcnone_seed42_ep30_L16_trainT0.pth,2,if2,0.6887694168833992,1.3001928052940588,0.811607807689275,0.07324224102253817,1.8949885666370392,2.178764171898365,1.2925770990550518,0.04297528846655041,0.08480321010574698,0.06135453388560563,0.6242675632238388,0.00021027545130891667,1.478382382541895,0.051266961032524705,0.10253797029145062,0.081097561866045,0.5562345441430807,0.0003682350552480784
cnn6_vgg,wd_weight_only,weights only,42,1,1,20271803,16,16,post_input_if,/Users/S4142196/Documents/Phd_Document/codes/QCFS_simulation_FI/QCFS_simulation/fashion_mnist-checkpoints/cnn6_vgg_L[16]_fashion_spectral_mne_cnn6_vgg_wd_weight_only_rcnone_seed42_ep30_L16_trainT0.pth,3,if3,0.7200905106252251,1.0454739902412482,0.7756234288247302,0.10377508280228595,2.166941776871681,2.321322187781334,1.6193638145923615,0.05511147540528327,0.1122933195438236,0.0861774543300271,0.5288243088871241,0.00015430060932430933,1.9904419369995594,0.05154496687464416,0.10302921012043953,0.09889123728498816,0.537310067564249,0.00013514927263713616
cnn6_vgg,wd_weight_only,weights only,42,1,1,20271803,16,16,post_input_if,/Users/S4142196/Documents/Phd_Document/codes/QCFS_simulation_FI/QCFS_simulation/fashion_mnist-checkpoints/cnn6_vgg_L[16]_fashion_spectral_mne_cnn6_vgg_wd_weight_only_rcnone_seed42_ep30_L16_trainT0.pth,4,if4,0.8199307120147732,1.1386495168542923,0.7124827994766436,0.09279426263303173,1.9431028291583061,2.215448409318924,1.8149900622665882,0.04117677581962198,0.08301637484692037,0.06809977954253554,0.6404202375560999,0.0002081734742205299,1.7806608267128468,0.049604142433963716,0.09931914485059679,0.08851886144839227,0.5607176683843136,0.00010525450193199504
cnn6_vgg,wd_weight_only,weights only,42,1,1,20271803,16,16,post_input_if,/Users/S4142196/Documents/Phd_Document/codes/QCFS_simulation_FI/QCFS_simulation/fashion_mnist-checkpoints/cnn6_vgg_L[16]_fashion_spectral_mne_cnn6_vgg_wd_weight_only_rcnone_seed42_ep30_L16_trainT0.pth,5,if5,0.8056937517029416,0.9826363860955423,0.699474698472475,0.1075582115017638,2.1528473123908043,2.227758504450321,2.098216228187084,0.047656311304308474,0.09516844316385686,0.0866868335288018,0.579264409840107,0.0002251449864161259,2.2944484055042267,0.04574740573298186,0.09143813629634678,0.09282104182057083,0.5893461126834154,0.00016753527393120748
cnn6_vgg,wd_weight_only,weights only,42,1,1,20271803,16,16,post_input_if,/Users/S4142196/Documents/Phd_Document/codes/QCFS_simulation_FI/QCFS_simulation/fashion_mnist-checkpoints/cnn6_vgg_L[16]_fashion_spectral_mne_cnn6_vgg_wd_weight_only_rcnone_seed42_ep30_L16_trainT0.pth,6,if6,0.8871323358650587,1.101078832980876,0.6232279945723622,0.10736876117939852,2.1832001581788063,2.2380383014678955,2.1429631486535072,0.045059514814056456,0.09014767874032259,0.08216392667964101,0.6031372547149658,0.00042257502718712203,2.351391024887562,0.04430591722484678,0.08882172079756856,0.08633897546678782,0.6040605716407299,0.0002927196201198967
cnn6_vgg,wd_weight_only,weights only,42,1,2,20272803,16,16,post_input_if,/Users/S4142196/Documents/Phd_Document/codes/QCFS_simulation_FI/QCFS_simulation/fashion_mnist-checkpoints/cnn6_vgg_L[16]_fashion_spectral_mne_cnn6_vgg_wd_weight_only_rcnone_seed42_ep30_L16_trainT0.pth,0,post_input_if,0.31092522979309484,1.0,0.9549010429369462,nan,1.7302527725696564,1.9983693212270737,,,,,,,,,,,,
cnn6_vgg,wd_weight_only,weights only,42,1,2,20272803,16,16,post_input_if,/Users/S4142196/Documents/Phd_Document/codes/QCFS_simulation_FI/QCFS_simulation/fashion_mnist-checkpoints/cnn6_vgg_L[16]_fashion_spectral_mne_cnn6_vgg_wd_weight_only_rcnone_seed42_ep30_L16_trainT0.pth,1,if1,0.5293323628305087,1.7024426199917995,0.8806284662848559,0.06764821130402233,2.169361412525177,2.2369692102074623,1.1036463733762503,0.09249013592489064,0.12128066807053983,0.08111616363748908,0.3783981865271926,2.8259899877980388e-05,1.2817382588982582,0.06217458180617541,0.12436052900739014,0.08624992333352566,0.4528348399326205,0.00017897936390909308
cnn6_vgg,wd_weight_only,weights only,42,1,2,20272803,16,16,post_input_if,/Users/S4142196/Documents/Phd_Document/codes/QCFS_simulation_FI/QCFS_simulation/fashion_mnist-checkpoints/cnn6_vgg_L[16]_fashion_spectral_mne_cnn6_vgg_wd_weight_only_rcnone_seed42_ep30_L16_trainT0.pth,2,if2,0.6880298436869461,1.2998068737150916,0.8121219539939434,0.07320208938754334,1.8949885666370392,2.1789411529898643,1.2925770990550518,0.04297528846655041,0.08480321010574698,0.06135453388560563,0.6242675632238388,0.00021027545130891667,1.4786562100052834,0.05132822971791029,0.1024778694845736,0.0811109240166843,0.5562810190021992,0.00037181619973125635
cnn6_vgg,wd_weight_only,weights only,42,1,2,20272803,16,16,post_input_if,/Users/S4142196/Documents/Phd_Document/codes/QCFS_simulation_FI/QCFS_simulation/fashion_mnist-checkpoints/cnn6_vgg_L[16]_fashion_spectral_mne_cnn6_vgg_wd_weight_only_rcnone_seed42_ep30_L16_trainT0.pth,3,if3,0.7195365278012495,1.0457926126364934,0.7761805376027356,0.10377614352167869,2.166941776871681,2.3218358904123306,1.6193638145923615,0.05511147540528327,0.1122933195438236,0.0861774543300271,0.5288243088871241,0.00015430060932430933,1.991556454449892,0.05119806283619255,0.10265786084346473,0.09893505764193833,0.5372722279280424,0.00013437076245281787
cnn6_vgg,wd_weight_only,weights only,42,1,2,20272803,16,16,post_input_if,/Users/S4142196/Documents/Phd_Document/codes/QCFS_simulation_FI/QCFS_simulation/fashion_mnist-checkpoints/cnn6_vgg_L[16]_fashion_spectral_mne_cnn6_vgg_wd_weight_only_rcnone_seed42_ep30_L16_trainT0.pth,4,if4,0.8205356884944525,1.1403669678895036,0.7125173386757547,0.09281345289580677,1.9431028291583061,2.2161063849925995,1.8149900622665882,0.04117677581962198,0.08301637484692037,0.06809977954253554,0.6404202375560999,0.0002081734742205299,1.7816638015210629,0.049554473836906254,0.09927040967158973,0.08857166371308267,0.560890968888998,0.00011989048402938352
cnn6_vgg,wd_weight_only,weights only,42,1,2,20272803,16,16,post_input_if,/Users/S4142196/Documents/Phd_Document/codes/QCFS_simulation_FI/QCFS_simulation/fashion_mnist-checkpoints/cnn6_vgg_L[16]_fashion_spectral_mne_cnn6_vgg_wd_weight_only_rcnone_seed42_ep30_L16_trainT0.pth,5,if5,0.8065555722082081,0.9829622081254069,0.6992034352560796,0.10757565011783522,2.1528473123908043,2.228498451411724,2.098216228187084,0.047656311304308474,0.09516844316385686,0.0866868335288018,0.579264409840107,0.0002251449864161259,2.2976304963231087,0.045702563249506056,0.09113981109112501,0.09288289397954941,0.5895124096423388,0.00016660106120980345
cnn6_vgg,wd_weight_only,weights only,42,1,2,20272803,16,16,post_input_if,/Users/S4142196/Documents/Phd_Document/codes/QCFS_simulation_FI/QCFS_simulation/fashion_mnist-checkpoints/cnn6_vgg_L[16]_fashion_spectral_mne_cnn6_vgg_wd_weight_only_rcnone_seed42_ep30_L16_trainT0.pth,6,if6,0.8883547639461391,1.1014179240172866,0.6222720950109156,0.10752413224200813,2.1832001581788063,2.238076090812683,2.1429631486535072,0.045059514814056456,0.09014767874032259,0.08216392667964101,0.6031372547149658,0.00042257502718712203,2.3531197160482407,0.044357298756949604,0.08862491324543953,0.08634156407788396,0.6042355764657259,0.0003170091213178239
cnn6_vgg,wd_weight_only,weights only,42,1,3,20273803,16,16,post_input_if,/Users/S4142196/Documents/Phd_Document/codes/QCFS_simulation_FI/QCFS_simulation/fashion_mnist-checkpoints/cnn6_vgg_L[16]_fashion_spectral_mne_cnn6_vgg_wd_weight_only_rcnone_seed42_ep30_L16_trainT0.pth,0,post_input_if,0.31118180066693524,1.0,0.9548776620243172,nan,1.7302527725696564,1.9986358061432838,,,,,,,,,,,,
cnn6_vgg,wd_weight_only,weights only,42,1,3,20273803,16,16,post_input_if,/Users/S4142196/Documents/Phd_Document/codes/QCFS_simulation_FI/QCFS_simulation/fashion_mnist-checkpoints/cnn6_vgg_L[16]_fashion_spectral_mne_cnn6_vgg_wd_weight_only_rcnone_seed42_ep30_L16_trainT0.pth,1,if1,0.5297157446486415,1.702270966725358,0.8805030686721373,0.06768766228033572,2.169361412525177,2.237269051373005,1.1036463733762503,0.09249013592489064,0.12128066807053983,0.08111616363748908,0.3783981865271926,2.8259899877980388e-05,1.2823765724897385,0.06212935002986342,0.12417345331050456,0.08627298753708601,0.4528057249262929,0.00018396182508695347
cnn6_vgg,wd_weight_only,weights only,42,1,3,20273803,16,16,post_input_if,/Users/S4142196/Documents/Phd_Document/codes/QCFS_simulation_FI/QCFS_simulation/fashion_mnist-checkpoints/cnn6_vgg_L[16]_fashion_spectral_mne_cnn6_vgg_wd_weight_only_rcnone_seed42_ep30_L16_trainT0.pth,2,if2,0.6885928006232896,1.2999288912585196,0.811801103942632,0.07321021021628867,1.8949885666370392,2.1788763403892517,1.2925770990550518,0.04297528846655041,0.08480321010574698,0.06135453388560563,0.6242675632238388,0.00021027545130891667,1.478667750954628,0.05129670025780797,0.10253695794381201,0.08110588742420077,0.5563429109752178,0.000384194503112667
cnn6_vgg,wd_weight_only,weights only,42,1,3,20273803,16,16,post_input_if,/Users/S4142196/Documents/Phd_Document/codes/QCFS_simulation_FI/QCFS_simulation/fashion_mnist-checkpoints/cnn6_vgg_L[16]_fashion_spectral_mne_cnn6_vgg_wd_weight_only_rcnone_seed42_ep30_L16_trainT0.pth,3,if3,0.7199092785470221,1.0454789505428839,0.7758001879732042,0.10377328249872947,2.166941776871681,2.321065403521061,1.6193638145923615,0.05511147540528327,0.1122933195438236,0.0861774543300271,0.5288243088871241,0.00015430060932430933,1.9927184358239174,0.051475679385475814,0.1029588331002742,0.0988692722748965,0.5375552903860807,0.00012969970475751325
cnn6_vgg,wd_weight_only,weights only,42,1,3,20273803,16,16,post_input_if,/Users/S4142196/Documents/Phd_Document/codes/QCFS_simulation_FI/QCFS_simulation/fashion_mnist-checkpoints/cnn6_vgg_L[16]_fashion_spectral_mne_cnn6_vgg_wd_weight_only_rcnone_seed42_ep30_L16_trainT0.pth,4,if4,0.8202593918269604,1.1393927210974037,0.7124547787166469,0.09279394149780273,1.9431028291583061,2.215725965797901,1.8149900622665882,0.04117677581962198,0.08301637484692037,0.06809977954253554,0.6404202375560999,0.0002081734742205299,1.780557919293642,0.04960024985484779,0.09940104326233268,0.08854103880003095,0.5607657767832279,0.0001114825786316942
cnn6_vgg,wd_weight_only,weights only,42,1,3,20273803,16,16,post_input_if,/Users/S4142196/Documents/Phd_Document/codes/QCFS_simulation_FI/QCFS_simulation/fashion_mnist-checkpoints/cnn6_vgg_L[16]_fashion_spectral_mne_cnn6_vgg_wd_weight_only_rcnone_seed42_ep30_L16_trainT0.pth,5,if5,0.806811931722135,0.983605844396522,0.6989352100518286,0.10766986924774792,2.1528473123908043,2.228897973895073,2.098216228187084,0.047656311304308474,0.09516844316385686,0.0866868335288018,0.579264409840107,0.0002251449864161259,2.297155909240246,0.04571470816154033,0.09138426324352622,0.09291592263616621,0.5892754290252924,0.00018403967692393053
cnn6_vgg,wd_weight_only,weights only,42,1,3,20273803,16,16,post_input_if,/Users/S4142196/Documents/Phd_Document/codes/QCFS_simulation_FI/QCFS_simulation/fashion_mnist-checkpoints/cnn6_vgg_L[16]_fashion_spectral_mne_cnn6_vgg_wd_weight_only_rcnone_seed42_ep30_L16_trainT0.pth,6,if6,0.8880084361037374,1.1006387005312241,0.6225458368461446,0.1075253000064772,2.1832001581788063,2.2388161942362785,2.1429631486535072,0.045059514814056456,0.09014767874032259,0.08216392667964101,0.6031372547149658,0.00042257502718712203,2.3517555966973305,0.04448154871352017,0.08895905036479235,0.08639913541264832,0.6038905382156372,0.000302061736874748
cnn6_vgg,wd_weight_only,weights only,42,1,4,20274803,16,16,post_input_if,/Users/S4142196/Documents/Phd_Document/codes/QCFS_simulation_FI/QCFS_simulation/fashion_mnist-checkpoints/cnn6_vgg_L[16]_fashion_spectral_mne_cnn6_vgg_wd_weight_only_rcnone_seed42_ep30_L16_trainT0.pth,0,post_input_if,0.3107785356245518,1.0,0.9549454565496718,nan,1.7302527725696564,1.9985528774559498,,,,,,,,,,,,
cnn6_vgg,wd_weight_only,weights only,42,1,4,20274803,16,16,post_input_if,/Users/S4142196/Documents/Phd_Document/codes/QCFS_simulation_FI/QCFS_simulation/fashion_mnist-checkpoints/cnn6_vgg_L[16]_fashion_spectral_mne_cnn6_vgg_wd_weight_only_rcnone_seed42_ep30_L16_trainT0.pth,1,if1,0.5290490698697562,1.702334650642973,0.8807359096071901,0.06764762255610252,2.169361412525177,2.2369332686066628,1.1036463733762503,0.09249013592489064,0.12128066807053983,0.08111616363748908,0.3783981865271926,2.8259899877980388e-05,1.2815699055790901,0.0622472163522616,0.12441082135774195,0.08624720363877714,0.45283624343574047,0.00018598595079311053
cnn6_vgg,wd_weight_only,weights only,42,1,4,20274803,16,16,post_input_if,/Users/S4142196/Documents/Phd_Document/codes/QCFS_simulation_FI/QCFS_simulation/fashion_mnist-checkpoints/cnn6_vgg_L[16]_fashion_spectral_mne_cnn6_vgg_wd_weight_only_rcnone_seed42_ep30_L16_trainT0.pth,2,if2,0.6877248599936384,1.2999264135611197,0.8122039703800372,0.07314843547587492,1.8949885666370392,2.1783997043967247,1.2925770990550518,0.04297528846655041,0.08480321010574698,0.06135453388560563,0.6242675632238388,0.00021027545130891667,1.4783130958676338,0.05138474935665727,0.10270753037184477,0.08107029017992318,0.5563732739537954,0.00038263748319877777
cnn6_vgg,wd_weight_only,weights only,42,1,4,20274803,16,16,post_input_if,/Users/S4142196/Documents/Phd_Document/codes/QCFS_simulation_FI/QCFS_simulation/fashion_mnist-checkpoints/cnn6_vgg_L[16]_fashion_spectral_mne_cnn6_vgg_wd_weight_only_rcnone_seed42_ep30_L16_trainT0.pth,3,if3,0.719082864125691,1.0455967290935835,0.7762741587043026,0.10369451678529078,2.166941776871681,2.320785477757454,1.6193638145923615,0.05511147540528327,0.1122933195438236,0.0861774543300271,0.5288243088871241,0.00015430060932430933,1.9912809021770954,0.051388797583058476,0.10287444177083671,0.09884545090608299,0.5374526865780354,0.0001407545414622291
cnn6_vgg,wd_weight_only,weights only,42,1,4,20274803,16,16,post_input_if,/Users/S4142196/Documents/Phd_Document/codes/QCFS_simulation_FI/QCFS_simulation/fashion_mnist-checkpoints/cnn6_vgg_L[16]_fashion_spectral_mne_cnn6_vgg_wd_weight_only_rcnone_seed42_ep30_L16_trainT0.pth,4,if4,0.8195043008274523,1.1396521064701777,0.7133053152556075,0.09273265332591776,1.9431028291583061,2.2165666818618774,1.8149900622665882,0.04117677581962198,0.08301637484692037,0.06809977954253554,0.6404202375560999,0.0002081734742205299,1.7800488509237766,0.049639642355032265,0.09940618090331554,0.08860802906565368,0.5604110956192017,0.00011335100180076552
cnn6_vgg,wd_weight_only,weights only,42,1,4,20274803,16,16,post_input_if,/Users/S4142196/Documents/Phd_Document/codes/QCFS_simulation_FI/QCFS_simulation/fashion_mnist-checkpoints/cnn6_vgg_L[16]_fashion_spectral_mne_cnn6_vgg_wd_weight_only_rcnone_seed42_ep30_L16_trainT0.pth,5,if5,0.8058073745998915,0.9832863278280163,0.7000517556283281,0.10752640938272282,2.1528473123908043,2.2293929532170296,2.098216228187084,0.047656311304308474,0.09516844316385686,0.0866868335288018,0.579264409840107,0.0002251449864161259,2.2982125505805016,0.045600734767504036,0.0912537844851613,0.09295739722438157,0.5893809944391251,0.0001597501754986297
cnn6_vgg,wd_weight_only,weights only,42,1,4,20274803,16,16,post_input_if,/Users/S4142196/Documents/Phd_Document/codes/QCFS_simulation_FI/QCFS_simulation/fashion_mnist-checkpoints/cnn6_vgg_L[16]_fashion_spectral_mne_cnn6_vgg_wd_weight_only_rcnone_seed42_ep30_L16_trainT0.pth,6,if6,0.8868968340199003,1.1006313195635276,0.6241719568309588,0.10743621904022839,2.1832001581788063,2.2401558831334114,2.1429631486535072,0.045059514814056456,0.09014767874032259,0.08216392667964101,0.6031372547149658,0.00042257502718712203,2.353607267141342,0.04423896549269557,0.08860654034651816,0.08650300768204033,0.6037815548479557,0.0003098468318967207
cnn6_vgg,manual_l2_w_bn,weights + BN,42,0.5,0,20260803,16,16,post_input_if,/Users/S4142196/Documents/Phd_Document/codes/QCFS_simulation_FI/QCFS_simulation/fashion_mnist-checkpoints/cnn6_vgg_L[16]_fashion_spectral_mne_cnn6_vgg_manual_l2_w_bn_rc0p00025_seed42_ep30_L16_trainT0.pth,0,post_input_if,0.15563869236523778,1.0,0.9881006020035651,nan,1.7276295274496078,1.798561554402113,,,,,,,,,,,,
cnn6_vgg,manual_l2_w_bn,weights + BN,42,0.5,0,20260803,16,16,post_input_if,/Users/S4142196/Documents/Phd_Document/codes/QCFS_simulation_FI/QCFS_simulation/fashion_mnist-checkpoints/cnn6_vgg_L[16]_fashion_spectral_mne_cnn6_vgg_manual_l2_w_bn_rc0p00025_seed42_ep30_L16_trainT0.pth,1,if1,0.346355626340788,2.2253825258824085,0.9414852078340729,0.03389987167046995,1.9764858558773994,1.9668086990714073,0.9583640415221453,0.08741347468458116,0.2933545745909214,0.0695623611100018,0.38778265099972486,7.78509630094959e-08,1.021877208724618,0.06618655286729336,0.13263678830116987,0.06888288725167513,0.4192851232364774,3.114038520379836e-07
cnn6_vgg,manual_l2_w_bn,weights + BN,42,0.5,0,20260803,16,16,post_input_if,/Users/S4142196/Documents/Phd_Document/codes/QCFS_simulation_FI/QCFS_simulation/fashion_mnist-checkpoints/cnn6_vgg_L[16]_fashion_spectral_mne_cnn6_vgg_manual_l2_w_bn_rc0p00025_seed42_ep30_L16_trainT0.pth,2,if2,0.45593085976415737,1.3163662579442426,0.9044254921995457,0.03784751892089844,1.6235476396977901,1.7508111074566841,1.1335872411727905,0.03073742863489315,0.06570769206155092,0.046046942356042564,0.6725275330245495,1.3935322350278057e-05,1.2776170559227467,0.047461216687224805,0.09482963546179235,0.05354532308410853,0.6163459978997707,2.3822394780381728e-05
cnn6_vgg,manual_l2_w_bn,weights + BN,42,0.5,0,20260803,16,16,post_input_if,/Users/S4142196/Documents/Phd_Document/codes/QCFS_simulation_FI/QCFS_simulation/fashion_mnist-checkpoints/cnn6_vgg_L[16]_fashion_spectral_mne_cnn6_vgg_manual_l2_w_bn_rc0p00025_seed42_ep30_L16_trainT0.pth,3,if3,0.48386999735294556,1.0612793299476164,0.8849729960129408,0.05924715314592634,1.9097219742834568,1.900595635175705,1.2892009913921356,0.05722839874215424,0.12087109358981252,0.06887153605930507,0.5113528426736593,2.195397149762357e-05,1.386476393789053,0.054762080195359886,0.10943276342004538,0.0682152530644089,0.5460967868566513,1.681580818058137e-05
cnn6_vgg,manual_l2_w_bn,weights + BN,42,0.5,0,20260803,16,16,post_input_if,/Users/S4142196/Documents/Phd_Document/codes/QCFS_simulation_FI/QCFS_simulation/fashion_mnist-checkpoints/cnn6_vgg_L[16]_fashion_spectral_mne_cnn6_vgg_manual_l2_w_bn_rc0p00025_seed42_ep30_L16_trainT0.pth,4,if4,0.5936672737910057,1.2269148263763325,0.8361320424304217,0.05432114309194137,1.6609112955629826,1.803365096449852,1.5321732945740223,0.04163687478285283,0.0839437348768115,0.05094918340910226,0.660023882985115,1.7594317711200347e-05,1.4125607050955296,0.0485765099292621,0.09733612556010485,0.06005981890484691,0.5967681147158146,7.47369251996588e-06
cnn6_vgg,manual_l2_w_bn,weights + BN,42,0.5,0,20260803,16,16,post_input_if,/Users/S4142196/Documents/Phd_Document/codes/QCFS_simulation_FI/QCFS_simulation/fashion_mnist-checkpoints/cnn6_vgg_L[16]_fashion_spectral_mne_cnn6_vgg_manual_l2_w_bn_rc0p00025_seed42_ep30_L16_trainT0.pth,5,if5,0.5911695405414515,0.9957927051737174,0.8298948113083279,0.07093519094038983,1.8754982352256775,1.9151495955884457,1.6347153075039387,0.048196285497397184,0.0964697995223105,0.06863216357305646,0.5897848811000586,2.4600904339422414e-05,1.617362406104803,0.048754009418189526,0.09764410369098186,0.07156200730241835,0.5807068385183811,1.3078961956125568e-05
cnn6_vgg,manual_l2_w_bn,weights + BN,42,0.5,0,20260803,16,16,post_input_if,/Users/S4142196/Documents/Phd_Document/codes/QCFS_simulation_FI/QCFS_simulation/fashion_mnist-checkpoints/cnn6_vgg_L[16]_fashion_spectral_mne_cnn6_vgg_manual_l2_w_bn_rc0p00025_seed42_ep30_L16_trainT0.pth,6,if6,0.7009070527363438,1.1856278185347366,0.7577814172813968,0.075636980484943,1.969093594700098,1.9932592287659645,1.7682794481515884,0.04596694512292743,0.09199368092231452,0.06731568439863622,0.6087630745023489,6.196936672608899e-05,1.7928550280630589,0.04613043274730444,0.09247012832202017,0.06897700414992869,0.604908837005496,7.442552043812611e-05
cnn6_vgg,manual_l2_w_bn,weights + BN,42,0.5,1,20261803,16,16,post_input_if,/Users/S4142196/Documents/Phd_Document/codes/QCFS_simulation_FI/QCFS_simulation/fashion_mnist-checkpoints/cnn6_vgg_L[16]_fashion_spectral_mne_cnn6_vgg_manual_l2_w_bn_rc0p00025_seed42_ep30_L16_trainT0.pth,0,post_input_if,0.15573020802305917,1.0,0.9880902390420597,nan,1.7276295274496078,1.7986519522964954,,,,,,,,,,,,
cnn6_vgg,manual_l2_w_bn,weights + BN,42,0.5,1,20261803,16,16,post_input_if,/Users/S4142196/Documents/Phd_Document/codes/QCFS_simulation_FI/QCFS_simulation/fashion_mnist-checkpoints/cnn6_vgg_L[16]_fashion_spectral_mne_cnn6_vgg_manual_l2_w_bn_rc0p00025_seed42_ep30_L16_trainT0.pth,1,if1,0.3465130877796329,2.2250858852530673,0.9414445889641764,0.033907968170788824,1.9764858558773994,1.966806247830391,0.9583640415221453,0.08741347468458116,0.2933545745909214,0.0695623611100018,0.38778265099972486,7.78509630094959e-08,1.0219511408358812,0.0661633531562984,0.132647764403373,0.06888294615782797,0.41951984260231256,3.892548150474795e-07
cnn6_vgg,manual_l2_w_bn,weights + BN,42,0.5,1,20261803,16,16,post_input_if,/Users/S4142196/Documents/Phd_Document/codes/QCFS_simulation_FI/QCFS_simulation/fashion_mnist-checkpoints/cnn6_vgg_L[16]_fashion_spectral_mne_cnn6_vgg_manual_l2_w_bn_rc0p00025_seed42_ep30_L16_trainT0.pth,2,if2,0.4562009089110444,1.3165474119152698,0.904359633615826,0.03784871587947923,1.6235476396977901,1.7510304860770702,1.1335872411727905,0.03073742863489315,0.06570769206155092,0.046046942356042564,0.6725275330245495,1.3935322350278057e-05,1.2777169980108738,0.047515557147562504,0.09503539511933923,0.053558742511086166,0.6163514535874128,2.3744543696579967e-05
cnn6_vgg,manual_l2_w_bn,weights + BN,42,0.5,1,20261803,16,16,post_input_if,/Users/S4142196/Documents/Phd_Document/codes/QCFS_simulation_FI/QCFS_simulation/fashion_mnist-checkpoints/cnn6_vgg_L[16]_fashion_spectral_mne_cnn6_vgg_manual_l2_w_bn_rc0p00025_seed42_ep30_L16_trainT0.pth,3,if3,0.4841705044103649,1.0613098197592026,0.8847998764515443,0.05925256378796636,1.9097219742834568,1.9005484618246555,1.2892009913921356,0.05722839874215424,0.12087109358981252,0.06887153605930507,0.5113528426736593,2.195397149762357e-05,1.3857789300382137,0.0545582661870867,0.10919625172391534,0.06821200158447027,0.5459494944661856,1.681580815215966e-05
cnn6_vgg,manual_l2_w_bn,weights + BN,42,0.5,1,20261803,16,16,post_input_if,/Users/S4142196/Documents/Phd_Document/codes/QCFS_simulation_FI/QCFS_simulation/fashion_mnist-checkpoints/cnn6_vgg_L[16]_fashion_spectral_mne_cnn6_vgg_manual_l2_w_bn_rc0p00025_seed42_ep30_L16_trainT0.pth,4,if4,0.5941612935212242,1.2271736673525968,0.8358681463906785,0.05435525154580875,1.6609112955629826,1.8032997474074364,1.5321732945740223,0.04163687478285283,0.0839437348768115,0.05094918340910226,0.660023882985115,1.7594317711200347e-05,1.4124415069818497,0.048750584246590734,0.0974377985112369,0.060055371606722474,0.5968989077955484,8.252202079006565e-06
cnn6_vgg,manual_l2_w_bn,weights + BN,42,0.5,1,20261803,16,16,post_input_if,/Users/S4142196/Documents/Phd_Document/codes/QCFS_simulation_FI/QCFS_simulation/fashion_mnist-checkpoints/cnn6_vgg_L[16]_fashion_spectral_mne_cnn6_vgg_manual_l2_w_bn_rc0p00025_seed42_ep30_L16_trainT0.pth,5,if5,0.5922153894061644,0.9967249564448609,0.8295078845913454,0.07100459507533483,1.8754982352256775,1.9159046784043312,1.6347153075039387,0.048196285497397184,0.0964697995223105,0.06863216357305646,0.5897848811000586,2.4600904339422414e-05,1.6178790405392647,0.04891998809762299,0.09782596305012703,0.07161825406365097,0.5807491913437843,1.1210538787054247e-05
cnn6_vgg,manual_l2_w_bn,weights + BN,42,0.5,1,20261803,16,16,post_input_if,/Users/S4142196/Documents/Phd_Document/codes/QCFS_simulation_FI/QCFS_simulation/fashion_mnist-checkpoints/cnn6_vgg_L[16]_fashion_spectral_mne_cnn6_vgg_manual_l2_w_bn_rc0p00025_seed42_ep30_L16_trainT0.pth,6,if6,0.7019687737722585,1.1853268022571108,0.7572530086554243,0.07561961971983618,1.969093594700098,1.9935371167957783,1.7682794481515884,0.04596694512292743,0.09199368092231452,0.06731568439863622,0.6087630745023489,6.196936672608899e-05,1.7931772284209728,0.04607842804398388,0.09209893504157662,0.0689959607552737,0.6047830246388912,8.065359747888579e-05
cnn6_vgg,manual_l2_w_bn,weights + BN,42,0.5,2,20262803,16,16,post_input_if,/Users/S4142196/Documents/Phd_Document/codes/QCFS_simulation_FI/QCFS_simulation/fashion_mnist-checkpoints/cnn6_vgg_L[16]_fashion_spectral_mne_cnn6_vgg_manual_l2_w_bn_rc0p00025_seed42_ep30_L16_trainT0.pth,0,post_input_if,0.155764165808412,1.0,0.9880853814597453,nan,1.7276295274496078,1.7987603507936,,,,,,,,,,,,
cnn6_vgg,manual_l2_w_bn,weights + BN,42,0.5,2,20262803,16,16,post_input_if,/Users/S4142196/Documents/Phd_Document/codes/QCFS_simulation_FI/QCFS_simulation/fashion_mnist-checkpoints/cnn6_vgg_L[16]_fashion_spectral_mne_cnn6_vgg_manual_l2_w_bn_rc0p00025_seed42_ep30_L16_trainT0.pth,1,if1,0.34657180092642365,2.2249777355897296,0.9414336328858726,0.033929450171334405,1.9764858558773994,1.9669041596353054,0.9583640415221453,0.08741347468458116,0.2933545745909214,0.0695623611100018,0.38778265099972486,7.78509630094959e-08,1.0219195391982794,0.06638873252086341,0.13265656027942896,0.0688898004591465,0.41935020685195923,3.114038520379836e-07
cnn6_vgg,manual_l2_w_bn,weights + BN,42,0.5,2,20262803,16,16,post_input_if,/Users/S4142196/Documents/Phd_Document/codes/QCFS_simulation_FI/QCFS_simulation/fashion_mnist-checkpoints/cnn6_vgg_L[16]_fashion_spectral_mne_cnn6_vgg_manual_l2_w_bn_rc0p00025_seed42_ep30_L16_trainT0.pth,2,if2,0.45615334774810096,1.3161871408139787,0.9043677890416829,0.037869862147739956,1.6235476396977901,1.7506966479122639,1.1335872411727905,0.03073742863489315,0.06570769206155092,0.046046942356042564,0.6725275330245495,1.3935322350278057e-05,1.27760898321867,0.04749757319223136,0.09484987752512097,0.053538423613645136,0.6164284404367208,2.2654630356555572e-05
cnn6_vgg,manual_l2_w_bn,weights + BN,42,0.5,2,20262803,16,16,post_input_if,/Users/S4142196/Documents/Phd_Document/codes/QCFS_simulation_FI/QCFS_simulation/fashion_mnist-checkpoints/cnn6_vgg_L[16]_fashion_spectral_mne_cnn6_vgg_manual_l2_w_bn_rc0p00025_seed42_ep30_L16_trainT0.pth,3,if3,0.48331493229622663,1.059544854120253,0.8853184201322253,0.059199955998634805,1.9097219742834568,1.9008605852723122,1.2892009913921356,0.05722839874215424,0.12087109358981252,0.06887153605930507,0.5113528426736593,2.195397149762357e-05,1.386987529695034,0.05468033661600202,0.1091805249452591,0.06823418894782662,0.5460910312831402,1.9151336914546846e-05
cnn6_vgg,manual_l2_w_bn,weights + BN,42,0.5,2,20262803,16,16,post_input_if,/Users/S4142196/Documents/Phd_Document/codes/QCFS_simulation_FI/QCFS_simulation/fashion_mnist-checkpoints/cnn6_vgg_L[16]_fashion_spectral_mne_cnn6_vgg_manual_l2_w_bn_rc0p00025_seed42_ep30_L16_trainT0.pth,4,if4,0.5929033835395691,1.2267433590820136,0.8366876967354997,0.05427418922891422,1.6609112955629826,1.8034913688898087,1.5321732945740223,0.04163687478285283,0.0839437348768115,0.05094918340910226,0.660023882985115,1.7594317711200347e-05,1.4132706187665462,0.04889834567438811,0.09764270205050707,0.06006774946581572,0.5970177035778761,9.653519455810056e-06
cnn6_vgg,manual_l2_w_bn,weights + BN,42,0.5,2,20262803,16,16,post_input_if,/Users/S4142196/Documents/Phd_Document/codes/QCFS_simulation_FI/QCFS_simulation/fashion_mnist-checkpoints/cnn6_vgg_L[16]_fashion_spectral_mne_cnn6_vgg_manual_l2_w_bn_rc0p00025_seed42_ep30_L16_trainT0.pth,5,if5,0.5906619595496924,0.996219579695269,0.8304544558061383,0.07093328359175702,1.8754982352256775,1.916465487331152,1.6347153075039387,0.048196285497397184,0.0964697995223105,0.06863216357305646,0.5897848811000586,2.4600904339422414e-05,1.6188088692724705,0.04887950560078025,0.09782284940592945,0.07166013843379915,0.5807158760726452,1.307896187086044e-05
cnn6_vgg,manual_l2_w_bn,weights + BN,42,0.5,2,20262803,16,16,post_input_if,/Users/S4142196/Documents/Phd_Document/codes/QCFS_simulation_FI/QCFS_simulation/fashion_mnist-checkpoints/cnn6_vgg_L[16]_fashion_spectral_mne_cnn6_vgg_manual_l2_w_bn_rc0p00025_seed42_ep30_L16_trainT0.pth,6,if6,0.7003953979523114,1.1857804394348967,0.7586062914393137,0.07564910577268016,1.969093594700098,1.9952527806162834,1.7682794481515884,0.04596694512292743,0.09199368092231452,0.06731568439863622,0.6087630745023489,6.196936672608899e-05,1.7943175211548805,0.046050401870161295,0.09200893924571574,0.06911509204655886,0.6046783979982138,7.78509627252788e-05
cnn6_vgg,manual_l2_w_bn,weights + BN,42,0.5,3,20263803,16,16,post_input_if,/Users/S4142196/Documents/Phd_Document/codes/QCFS_simulation_FI/QCFS_simulation/fashion_mnist-checkpoints/cnn6_vgg_L[16]_fashion_spectral_mne_cnn6_vgg_manual_l2_w_bn_rc0p00025_seed42_ep30_L16_trainT0.pth,0,post_input_if,0.15570402807711986,1.0,0.9880880087252238,nan,1.7276295274496078,1.7983559295535088,,,,,,,,,,,,
cnn6_vgg,manual_l2_w_bn,weights + BN,42,0.5,3,20263803,16,16,post_input_if,/Users/S4142196/Documents/Phd_Document/codes/QCFS_simulation_FI/QCFS_simulation/fashion_mnist-checkpoints/cnn6_vgg_L[16]_fashion_spectral_mne_cnn6_vgg_manual_l2_w_bn_rc0p00025_seed42_ep30_L16_trainT0.pth,1,if1,0.346664374022095,2.226431636376118,0.9413816886287381,0.03394454839278241,1.9764858558773994,1.9666936360299587,0.9583640415221453,0.08741347468458116,0.2933545745909214,0.0695623611100018,0.38778265099972486,7.78509630094959e-08,1.0216472763568163,0.0662436168640852,0.1327608828432858,0.06887495634146035,0.41943039558827877,3.892548150474795e-07
cnn6_vgg,manual_l2_w_bn,weights + BN,42,0.5,3,20263803,16,16,post_input_if,/Users/S4142196/Documents/Phd_Document/codes/QCFS_simulation_FI/QCFS_simulation/fashion_mnist-checkpoints/cnn6_vgg_L[16]_fashion_spectral_mne_cnn6_vgg_manual_l2_w_bn_rc0p00025_seed42_ep30_L16_trainT0.pth,2,if2,0.4563232183094347,1.3163256812779685,0.9042503664174181,0.037875160879018356,1.6235476396977901,1.750700369477272,1.1335872411727905,0.03073742863489315,0.06570769206155092,0.046046942356042564,0.6725275330245495,1.3935322350278057e-05,1.2775113061070442,0.047347165062092245,0.09479903988540173,0.05353860335890204,0.6163847669959068,2.4133798518732874e-05
cnn6_vgg,manual_l2_w_bn,weights + BN,42,0.5,3,20263803,16,16,post_input_if,/Users/S4142196/Documents/Phd_Document/codes/QCFS_simulation_FI/QCFS_simulation/fashion_mnist-checkpoints/cnn6_vgg_L[16]_fashion_spectral_mne_cnn6_vgg_manual_l2_w_bn_rc0p00025_seed42_ep30_L16_trainT0.pth,3,if3,0.48390424549389793,1.0604418668123972,0.8849231517426666,0.05919144104938118,1.9097219742834568,1.9002481140196323,1.2892009913921356,0.05722839874215424,0.12087109358981252,0.06887153605930507,0.5113528426736593,2.195397149762357e-05,1.3863495960831642,0.05461976875085384,0.10905549745075405,0.06819033017382026,0.5462679080665112,1.5414490675880188e-05
cnn6_vgg,manual_l2_w_bn,weights + BN,42,0.5,3,20263803,16,16,post_input_if,/Users/S4142196/Documents/Phd_Document/codes/QCFS_simulation_FI/QCFS_simulation/fashion_mnist-checkpoints/cnn6_vgg_L[16]_fashion_spectral_mne_cnn6_vgg_manual_l2_w_bn_rc0p00025_seed42_ep30_L16_trainT0.pth,4,if4,0.5940226293318661,1.2275623428878488,0.8359161127674811,0.054339866248928774,1.6609112955629826,1.8034399524331093,1.5321732945740223,0.04163687478285283,0.0839437348768115,0.05094918340910226,0.660023882985115,1.7594317711200347e-05,1.4126824364066124,0.048801187658682466,0.09747392078861594,0.06006466515827924,0.59676468744874,8.71930791390696e-06
cnn6_vgg,manual_l2_w_bn,weights + BN,42,0.5,3,20263803,16,16,post_input_if,/Users/S4142196/Documents/Phd_Document/codes/QCFS_simulation_FI/QCFS_simulation/fashion_mnist-checkpoints/cnn6_vgg_L[16]_fashion_spectral_mne_cnn6_vgg_manual_l2_w_bn_rc0p00025_seed42_ep30_L16_trainT0.pth,5,if5,0.5912773392235661,0.9953784755449673,0.8297776603829551,0.07097228692502391,1.8754982352256775,1.9149258881807327,1.6347153075039387,0.048196285497397184,0.0964697995223105,0.06863216357305646,0.5897848811000586,2.4600904339422414e-05,1.6162816248834133,0.04874217638280243,0.0975534850731492,0.07154503418132663,0.5807741042226553,9.030711709101524e-06
cnn6_vgg,manual_l2_w_bn,weights + BN,42,0.5,3,20263803,16,16,post_input_if,/Users/S4142196/Documents/Phd_Document/codes/QCFS_simulation_FI/QCFS_simulation/fashion_mnist-checkpoints/cnn6_vgg_L[16]_fashion_spectral_mne_cnn6_vgg_manual_l2_w_bn_rc0p00025_seed42_ep30_L16_trainT0.pth,6,if6,0.7003574507801865,1.1844821445378892,0.7580769459639722,0.0755826794371313,1.969093594700098,1.9927944131195545,1.7682794481515884,0.04596694512292743,0.09199368092231452,0.06731568439863622,0.6087630745023489,6.196936672608899e-05,1.7913054339587688,0.0461450683651492,0.09209364117123187,0.06894442392513156,0.6047375593334436,7.47369242901641e-05
cnn6_vgg,manual_l2_w_bn,weights + BN,42,0.5,4,20264803,16,16,post_input_if,/Users/S4142196/Documents/Phd_Document/codes/QCFS_simulation_FI/QCFS_simulation/fashion_mnist-checkpoints/cnn6_vgg_L[16]_fashion_spectral_mne_cnn6_vgg_manual_l2_w_bn_rc0p00025_seed42_ep30_L16_trainT0.pth,0,post_input_if,0.15565602750829458,1.0,0.9881027656773864,nan,1.7276295274496078,1.798718385398388,,,,,,,,,,,,
cnn6_vgg,manual_l2_w_bn,weights + BN,42,0.5,4,20264803,16,16,post_input_if,/Users/S4142196/Documents/Phd_Document/codes/QCFS_simulation_FI/QCFS_simulation/fashion_mnist-checkpoints/cnn6_vgg_L[16]_fashion_spectral_mne_cnn6_vgg_manual_l2_w_bn_rc0p00025_seed42_ep30_L16_trainT0.pth,1,if1,0.3465466712842201,2.2263620422007326,0.9414259112184413,0.03391878945486886,1.9764858558773994,1.9667187854647636,0.9583640415221453,0.08741347468458116,0.2933545745909214,0.0695623611100018,0.38778265099972486,7.78509630094959e-08,1.0218422804027796,0.06623661099001765,0.13250560918822885,0.06887675635516644,0.4194621555507183,2.3355289613391506e-07
cnn6_vgg,manual_l2_w_bn,weights + BN,42,0.5,4,20264803,16,16,post_input_if,/Users/S4142196/Documents/Phd_Document/codes/QCFS_simulation_FI/QCFS_simulation/fashion_mnist-checkpoints/cnn6_vgg_L[16]_fashion_spectral_mne_cnn6_vgg_manual_l2_w_bn_rc0p00025_seed42_ep30_L16_trainT0.pth,2,if2,0.45606006990380926,1.3160134195309345,0.9043511544670783,0.03783292186503508,1.6235476396977901,1.750715035945177,1.1335872411727905,0.03073742863489315,0.06570769206155092,0.046046942356042564,0.6725275330245495,1.3935322350278057e-05,1.2777400985360146,0.04750419082120061,0.09495100472122431,0.053539406042546034,0.6162995994091034,2.14090148347168e-05
cnn6_vgg,manual_l2_w_bn,weights + BN,42,0.5,4,20264803,16,16,post_input_if,/Users/S4142196/Documents/Phd_Document/codes/QCFS_simulation_FI/QCFS_simulation/fashion_mnist-checkpoints/cnn6_vgg_L[16]_fashion_spectral_mne_cnn6_vgg_manual_l2_w_bn_rc0p00025_seed42_ep30_L16_trainT0.pth,3,if3,0.4833517141040237,1.059842213781116,0.8851438583705485,0.059170917588837295,1.9097219742834568,1.9000200629234314,1.2892009913921356,0.05722839874215424,0.12087109358981252,0.06887153605930507,0.5113528426736593,2.195397149762357e-05,1.3855848535895348,0.054656669963151217,0.10928578022867441,0.06817383551970124,0.5460882261395454,1.7438615785181355e-05
cnn6_vgg,manual_l2_w_bn,weights + BN,42,0.5,4,20264803,16,16,post_input_if,/Users/S4142196/Documents/Phd_Document/codes/QCFS_simulation_FI/QCFS_simulation/fashion_mnist-checkpoints/cnn6_vgg_L[16]_fashion_spectral_mne_cnn6_vgg_manual_l2_w_bn_rc0p00025_seed42_ep30_L16_trainT0.pth,4,if4,0.592947338007322,1.226740943924142,0.8363826559818042,0.0543128033073581,1.6609112955629826,1.802763681858778,1.5321732945740223,0.04163687478285283,0.0839437348768115,0.05094918340910226,0.660023882985115,1.7594317711200347e-05,1.4119411148130894,0.04864797671325505,0.0973748944234103,0.060019462602213025,0.596790848299861,8.407904005025557e-06
cnn6_vgg,manual_l2_w_bn,weights + BN,42,0.5,4,20264803,16,16,post_input_if,/Users/S4142196/Documents/Phd_Document/codes/QCFS_simulation_FI/QCFS_simulation/fashion_mnist-checkpoints/cnn6_vgg_L[16]_fashion_spectral_mne_cnn6_vgg_manual_l2_w_bn_rc0p00025_seed42_ep30_L16_trainT0.pth,5,if5,0.5899783948892251,0.9949929058994101,0.8305937025291873,0.07085282461983818,1.8754982352256775,1.914607658982277,1.6347153075039387,0.048196285497397184,0.0964697995223105,0.06863216357305646,0.5897848811000586,2.4600904339422414e-05,1.6171178743243217,0.04863723355811089,0.09772288845852017,0.0715212516952306,0.5808569323271513,1.3701769631779825e-05
cnn6_vgg,manual_l2_w_bn,weights + BN,42,0.5,4,20264803,16,16,post_input_if,/Users/S4142196/Documents/Phd_Document/codes/QCFS_simulation_FI/QCFS_simulation/fashion_mnist-checkpoints/cnn6_vgg_L[16]_fashion_spectral_mne_cnn6_vgg_manual_l2_w_bn_rc0p00025_seed42_ep30_L16_trainT0.pth,6,if6,0.6988694576726688,1.1845678820220005,0.7592753732198116,0.07549525280388034,1.969093594700098,1.9933387637138367,1.7682794481515884,0.04596694512292743,0.09199368092231452,0.06731568439863622,0.6087630745023489,6.196936672608899e-05,1.792576014995575,0.04591151559725404,0.09199866279959679,0.06898202490992844,0.6048238165676594,7.816236677626875e-05
cnn6_vgg,manual_l2_w_bn,weights + BN,42,1,0,20270803,16,16,post_input_if,/Users/S4142196/Documents/Phd_Document/codes/QCFS_simulation_FI/QCFS_simulation/fashion_mnist-checkpoints/cnn6_vgg_L[16]_fashion_spectral_mne_cnn6_vgg_manual_l2_w_bn_rc0p00025_seed42_ep30_L16_trainT0.pth,0,post_input_if,0.31178523218042814,1.0,0.9546605906099254,nan,1.7276295274496078,1.9965360946953297,,,,,,,,,,,,
cnn6_vgg,manual_l2_w_bn,weights + BN,42,1,0,20270803,16,16,post_input_if,/Users/S4142196/Documents/Phd_Document/codes/QCFS_simulation_FI/QCFS_simulation/fashion_mnist-checkpoints/cnn6_vgg_L[16]_fashion_spectral_mne_cnn6_vgg_manual_l2_w_bn_rc0p00025_seed42_ep30_L16_trainT0.pth,1,if1,0.5482154944134179,1.7583112919734731,0.8730111325188344,0.05596270853159379,1.9764858558773994,2.038299087435007,0.9583640415221453,0.08741347468458116,0.2933545745909214,0.0695623611100018,0.38778265099972486,7.78509630094959e-08,1.1135589629411697,0.06289119983557612,0.12560303159989417,0.0739808795042336,0.4626715425401926,1.1366240514121273e-05
cnn6_vgg,manual_l2_w_bn,weights + BN,42,1,0,20270803,16,16,post_input_if,/Users/S4142196/Documents/Phd_Document/codes/QCFS_simulation_FI/QCFS_simulation/fashion_mnist-checkpoints/cnn6_vgg_L[16]_fashion_spectral_mne_cnn6_vgg_manual_l2_w_bn_rc0p00025_seed42_ep30_L16_trainT0.pth,2,if2,0.7238000311237232,1.3202837907713243,0.8013958041319261,0.05580081258501325,1.6235476396977901,1.9041510745882988,1.1335872411727905,0.03073742863489315,0.06570769206155092,0.046046942356042564,0.6725275330245495,1.3935322350278057e-05,1.4173921830952168,0.04733751143794507,0.09470460610464215,0.06333325675223023,0.6028274111449718,6.0490198393381434e-05
cnn6_vgg,manual_l2_w_bn,weights + BN,42,1,0,20270803,16,16,post_input_if,/Users/S4142196/Documents/Phd_Document/codes/QCFS_simulation_FI/QCFS_simulation/fashion_mnist-checkpoints/cnn6_vgg_L[16]_fashion_spectral_mne_cnn6_vgg_manual_l2_w_bn_rc0p00025_seed42_ep30_L16_trainT0.pth,3,if3,0.7329495969264034,1.012641013276105,0.7723346568343861,0.07931710262687838,1.9097219742834568,2.0167482420802116,1.2892009913921356,0.05722839874215424,0.12087109358981252,0.06887153605930507,0.5113528426736593,2.195397149762357e-05,1.6687442474067211,0.050954545149579644,0.10184961184859276,0.0768063876312226,0.5582385845482349,1.5725894542129026e-05
cnn6_vgg,manual_l2_w_bn,weights + BN,42,1,0,20270803,16,16,post_input_if,/Users/S4142196/Documents/Phd_Document/codes/QCFS_simulation_FI/QCFS_simulation/fashion_mnist-checkpoints/cnn6_vgg_L[16]_fashion_spectral_mne_cnn6_vgg_manual_l2_w_bn_rc0p00025_seed42_ep30_L16_trainT0.pth,4,if4,0.8481728878185183,1.1572049311102692,0.7056933159379993,0.07015758631180743,1.6609112955629826,1.9139984361827374,1.5321732945740223,0.04163687478285283,0.0839437348768115,0.05094918340910226,0.660023882985115,1.7594317711200347e-05,1.5713213942945004,0.04852543957531452,0.0969034293666482,0.06765497825108469,0.5866435952484608,7.629394445984872e-06
cnn6_vgg,manual_l2_w_bn,weights + BN,42,1,0,20270803,16,16,post_input_if,/Users/S4142196/Documents/Phd_Document/codes/QCFS_simulation_FI/QCFS_simulation/fashion_mnist-checkpoints/cnn6_vgg_L[16]_fashion_spectral_mne_cnn6_vgg_manual_l2_w_bn_rc0p00025_seed42_ep30_L16_trainT0.pth,5,if5,0.8206572949063123,0.9675589808311659,0.703765969315842,0.08690174258485132,1.8754982352256775,1.9987432695925236,1.6347153075039387,0.048196285497397184,0.0964697995223105,0.06863216357305646,0.5897848811000586,2.4600904339422414e-05,1.8018745109438896,0.047982974094338715,0.09582457062788308,0.07794483099132776,0.5812492985278368,1.3701769603358116e-05
cnn6_vgg,manual_l2_w_bn,weights + BN,42,1,0,20270803,16,16,post_input_if,/Users/S4142196/Documents/Phd_Document/codes/QCFS_simulation_FI/QCFS_simulation/fashion_mnist-checkpoints/cnn6_vgg_L[16]_fashion_spectral_mne_cnn6_vgg_manual_l2_w_bn_rc0p00025_seed42_ep30_L16_trainT0.pth,6,if6,0.9121834344083618,1.1115278448996158,0.6138217877816065,0.08876456046591,1.969093594700098,2.039895087480545,1.7682794481515884,0.04596694512292743,0.09199368092231452,0.06731568439863622,0.6087630745023489,6.196936672608899e-05,1.9389356896281242,0.045114944339729846,0.08997391490265727,0.07224160619080067,0.6094213854521513,0.00010587730915290194
cnn6_vgg,manual_l2_w_bn,weights + BN,42,1,1,20271803,16,16,post_input_if,/Users/S4142196/Documents/Phd_Document/codes/QCFS_simulation_FI/QCFS_simulation/fashion_mnist-checkpoints/cnn6_vgg_L[16]_fashion_spectral_mne_cnn6_vgg_manual_l2_w_bn_rc0p00025_seed42_ep30_L16_trainT0.pth,0,post_input_if,0.31161998060207835,1.0,0.9547091353974254,nan,1.7276295274496078,1.9964033141732216,,,,,,,,,,,,
cnn6_vgg,manual_l2_w_bn,weights + BN,42,1,1,20271803,16,16,post_input_if,/Users/S4142196/Documents/Phd_Document/codes/QCFS_simulation_FI/QCFS_simulation/fashion_mnist-checkpoints/cnn6_vgg_L[16]_fashion_spectral_mne_cnn6_vgg_manual_l2_w_bn_rc0p00025_seed42_ep30_L16_trainT0.pth,1,if1,0.548145215260426,1.7590181932537166,0.8729435428787642,0.05594568836445711,1.9764858558773994,2.037858869880438,0.9583640415221453,0.08741347468458116,0.2933545745909214,0.0695623611100018,0.38778265099972486,7.78509630094959e-08,1.113255923613906,0.06280797731596977,0.12564172269776464,0.07394896098412573,0.46283845510333776,1.043202910011587e-05
cnn6_vgg,manual_l2_w_bn,weights + BN,42,1,1,20271803,16,16,post_input_if,/Users/S4142196/Documents/Phd_Document/codes/QCFS_simulation_FI/QCFS_simulation/fashion_mnist-checkpoints/cnn6_vgg_L[16]_fashion_spectral_mne_cnn6_vgg_manual_l2_w_bn_rc0p00025_seed42_ep30_L16_trainT0.pth,2,if2,0.7238339447930346,1.320514937723461,0.8013096179052245,0.05580176139364437,1.6235476396977901,1.903695359826088,1.1335872411727905,0.03073742863489315,0.06570769206155092,0.046046942356042564,0.6725275330245495,1.3935322350278057e-05,1.4169269800186157,0.047230154857970774,0.09467984945513308,0.06330301682464778,0.603031849488616,5.768756386714813e-05
cnn6_vgg,manual_l2_w_bn,weights + BN,42,1,1,20271803,16,16,post_input_if,/Users/S4142196/Documents/Phd_Document/codes/QCFS_simulation_FI/QCFS_simulation/fashion_mnist-checkpoints/cnn6_vgg_L[16]_fashion_spectral_mne_cnn6_vgg_manual_l2_w_bn_rc0p00025_seed42_ep30_L16_trainT0.pth,3,if3,0.7329120421705474,1.0125416850685394,0.7722451129193882,0.07929385438257334,1.9097219742834568,2.016711074858904,1.2892009913921356,0.05722839874215424,0.12087109358981252,0.06887153605930507,0.5113528426736593,2.195397149762357e-05,1.6675085574388504,0.05106509348843247,0.10205077868886292,0.07680361438542604,0.5581753645092249,1.681580805268368e-05
cnn6_vgg,manual_l2_w_bn,weights + BN,42,1,1,20271803,16,16,post_input_if,/Users/S4142196/Documents/Phd_Document/codes/QCFS_simulation_FI/QCFS_simulation/fashion_mnist-checkpoints/cnn6_vgg_L[16]_fashion_spectral_mne_cnn6_vgg_manual_l2_w_bn_rc0p00025_seed42_ep30_L16_trainT0.pth,4,if4,0.8473147129563323,1.15609331570945,0.7060049519490368,0.07013600213187081,1.6609112955629826,1.9134576991200447,1.5321732945740223,0.04163687478285283,0.0839437348768115,0.05094918340910226,0.660023882985115,1.7594317711200347e-05,1.5711375959217548,0.048552843276411295,0.09706099983304739,0.06761632463894784,0.5868573728948832,8.25220206479571e-06
cnn6_vgg,manual_l2_w_bn,weights + BN,42,1,1,20271803,16,16,post_input_if,/Users/S4142196/Documents/Phd_Document/codes/QCFS_simulation_FI/QCFS_simulation/fashion_mnist-checkpoints/cnn6_vgg_L[16]_fashion_spectral_mne_cnn6_vgg_manual_l2_w_bn_rc0p00025_seed42_ep30_L16_trainT0.pth,5,if5,0.8192117740333901,0.9668329388204656,0.7044847677049418,0.08678298093834702,1.8754982352256775,1.9979394637048244,1.6347153075039387,0.048196285497397184,0.0964697995223105,0.06863216357305646,0.5897848811000586,2.4600904339422414e-05,1.8001729846000671,0.04811843438073993,0.09591145254671574,0.07788188918493688,0.5811792388558388,1.2767558104087584e-05
cnn6_vgg,manual_l2_w_bn,weights + BN,42,1,1,20271803,16,16,post_input_if,/Users/S4142196/Documents/Phd_Document/codes/QCFS_simulation_FI/QCFS_simulation/fashion_mnist-checkpoints/cnn6_vgg_L[16]_fashion_spectral_mne_cnn6_vgg_manual_l2_w_bn_rc0p00025_seed42_ep30_L16_trainT0.pth,6,if6,0.9110399997443516,1.112093391015177,0.6143572367052195,0.08875148150385642,1.969093594700098,2.0395474806427956,1.7682794481515884,0.04596694512292743,0.09199368092231452,0.06731568439863622,0.6087630745023489,6.196936672608899e-05,1.9371191784739494,0.044996922253631055,0.08994806814007461,0.07221688912250102,0.6093027424067259,0.00010276327117253459
cnn6_vgg,manual_l2_w_bn,weights + BN,42,1,2,20272803,16,16,post_input_if,/Users/S4142196/Documents/Phd_Document/codes/QCFS_simulation_FI/QCFS_simulation/fashion_mnist-checkpoints/cnn6_vgg_L[16]_fashion_spectral_mne_cnn6_vgg_manual_l2_w_bn_rc0p00025_seed42_ep30_L16_trainT0.pth,0,post_input_if,0.3113973385863494,1.0,0.9547731325923153,nan,1.7276295274496078,1.9960987269878387,,,,,,,,,,,,
cnn6_vgg,manual_l2_w_bn,weights + BN,42,1,2,20272803,16,16,post_input_if,/Users/S4142196/Documents/Phd_Document/codes/QCFS_simulation_FI/QCFS_simulation/fashion_mnist-checkpoints/cnn6_vgg_L[16]_fashion_spectral_mne_cnn6_vgg_manual_l2_w_bn_rc0p00025_seed42_ep30_L16_trainT0.pth,1,if1,0.5478586391503167,1.759355560447083,0.8731004777571225,0.05594042369297573,1.9764858558773994,2.0378027260303497,0.9583640415221453,0.08741347468458116,0.2933545745909214,0.0695623611100018,0.38778265099972486,7.78509630094959e-08,1.1132249981164932,0.06276531494222581,0.12562825460918248,0.07394488295540214,0.4628680404275656,7.862947320802505e-06
cnn6_vgg,manual_l2_w_bn,weights + BN,42,1,2,20272803,16,16,post_input_if,/Users/S4142196/Documents/Phd_Document/codes/QCFS_simulation_FI/QCFS_simulation/fashion_mnist-checkpoints/cnn6_vgg_L[16]_fashion_spectral_mne_cnn6_vgg_manual_l2_w_bn_rc0p00025_seed42_ep30_L16_trainT0.pth,2,if2,0.7227383317332323,1.319205868240281,0.802019620482933,0.055725331209143816,1.6235476396977901,1.903879787772894,1.1335872411727905,0.03073742863489315,0.06570769206155092,0.046046942356042564,0.6725275330245495,1.3935322350278057e-05,1.4174583368003368,0.04736117797438055,0.09472788404673338,0.06331541447434574,0.6029371805489063,6.0957304185649264e-05
cnn6_vgg,manual_l2_w_bn,weights + BN,42,1,2,20272803,16,16,post_input_if,/Users/S4142196/Documents/Phd_Document/codes/QCFS_simulation_FI/QCFS_simulation/fashion_mnist-checkpoints/cnn6_vgg_L[16]_fashion_spectral_mne_cnn6_vgg_manual_l2_w_bn_rc0p00025_seed42_ep30_L16_trainT0.pth,3,if3,0.7320479745110386,1.012881069633432,0.7728002177608151,0.07928384080225108,1.9097219742834568,2.0168380066752434,1.2892009913921356,0.05722839874215424,0.12087109358981252,0.06887153605930507,0.5113528426736593,2.195397149762357e-05,1.6680283173918724,0.05090970324818045,0.10182999353855848,0.07681351085193455,0.55796486325562,1.8372827426560434e-05
cnn6_vgg,manual_l2_w_bn,weights + BN,42,1,2,20272803,16,16,post_input_if,/Users/S4142196/Documents/Phd_Document/codes/QCFS_simulation_FI/QCFS_simulation/fashion_mnist-checkpoints/cnn6_vgg_L[16]_fashion_spectral_mne_cnn6_vgg_manual_l2_w_bn_rc0p00025_seed42_ep30_L16_trainT0.pth,4,if4,0.8475038785348652,1.1577163082801285,0.7060977481141832,0.07008548658721302,1.6609112955629826,1.9139197915792465,1.5321732945740223,0.04163687478285283,0.0839437348768115,0.05094918340910226,0.660023882985115,1.7594317711200347e-05,1.5710453055799007,0.048455217853188515,0.0968993806745857,0.0676491295453161,0.5867192726582289,8.25220206479571e-06
cnn6_vgg,manual_l2_w_bn,weights + BN,42,1,2,20272803,16,16,post_input_if,/Users/S4142196/Documents/Phd_Document/codes/QCFS_simulation_FI/QCFS_simulation/fashion_mnist-checkpoints/cnn6_vgg_L[16]_fashion_spectral_mne_cnn6_vgg_manual_l2_w_bn_rc0p00025_seed42_ep30_L16_trainT0.pth,5,if5,0.8195704705398242,0.9670403773923356,0.7040506964700571,0.0868233077380122,1.8754982352256775,1.9972324781119823,1.6347153075039387,0.048196285497397184,0.0964697995223105,0.06863216357305646,0.5897848811000586,2.4600904339422414e-05,1.8004811182618141,0.04769461369141936,0.09573114919476211,0.07782665360718966,0.5814545173197985,1.4324577222168955e-05
cnn6_vgg,manual_l2_w_bn,weights + BN,42,1,2,20272803,16,16,post_input_if,/Users/S4142196/Documents/Phd_Document/codes/QCFS_simulation_FI/QCFS_simulation/fashion_mnist-checkpoints/cnn6_vgg_L[16]_fashion_spectral_mne_cnn6_vgg_manual_l2_w_bn_rc0p00025_seed42_ep30_L16_trainT0.pth,6,if6,0.9112331640342143,1.1118423574168246,0.6141903760852409,0.0886848800036372,1.969093594700098,2.0393365621566772,1.7682794481515884,0.04596694512292743,0.09199368092231452,0.06731568439863622,0.6087630745023489,6.196936672608899e-05,1.9372993484139442,0.045019032433629036,0.0899991390760988,0.07220182521268725,0.6093301475048065,0.00011584223329919041
cnn6_vgg,manual_l2_w_bn,weights + BN,42,1,3,20273803,16,16,post_input_if,/Users/S4142196/Documents/Phd_Document/codes/QCFS_simulation_FI/QCFS_simulation/fashion_mnist-checkpoints/cnn6_vgg_L[16]_fashion_spectral_mne_cnn6_vgg_manual_l2_w_bn_rc0p00025_seed42_ep30_L16_trainT0.pth,0,post_input_if,0.3116542991095781,1.0,0.9547497600401085,nan,1.7276295274496078,1.9963650964200497,,,,,,,,,,,,
cnn6_vgg,manual_l2_w_bn,weights + BN,42,1,3,20273803,16,16,post_input_if,/Users/S4142196/Documents/Phd_Document/codes/QCFS_simulation_FI/QCFS_simulation/fashion_mnist-checkpoints/cnn6_vgg_L[16]_fashion_spectral_mne_cnn6_vgg_manual_l2_w_bn_rc0p00025_seed42_ep30_L16_trainT0.pth,1,if1,0.5481238190408978,1.75875584135028,0.8730306006685475,0.05595928795483648,1.9764858558773994,2.0381568521261215,0.9583640415221453,0.08741347468458116,0.2933545745909214,0.0695623611100018,0.38778265099972486,7.78509630094959e-08,1.113800736144185,0.06281755259260535,0.12565511325374246,0.07397052040323615,0.46272129006683826,1.0432029085905015e-05
cnn6_vgg,manual_l2_w_bn,weights + BN,42,1,3,20273803,16,16,post_input_if,/Users/S4142196/Documents/Phd_Document/codes/QCFS_simulation_FI/QCFS_simulation/fashion_mnist-checkpoints/cnn6_vgg_L[16]_fashion_spectral_mne_cnn6_vgg_manual_l2_w_bn_rc0p00025_seed42_ep30_L16_trainT0.pth,2,if2,0.7237209471319476,1.320360330989279,0.8014140547513591,0.055780401035230985,1.6235476396977901,1.9036715552210808,1.1335872411727905,0.03073742863489315,0.06570769206155092,0.046046942356042564,0.6725275330245495,1.3935322350278057e-05,1.4169471971690655,0.04718772624619305,0.0946497991681099,0.06330126477405429,0.6030807346105576,6.414919414510223e-05
cnn6_vgg,manual_l2_w_bn,weights + BN,42,1,3,20273803,16,16,post_input_if,/Users/S4142196/Documents/Phd_Document/codes/QCFS_simulation_FI/QCFS_simulation/fashion_mnist-checkpoints/cnn6_vgg_L[16]_fashion_spectral_mne_cnn6_vgg_manual_l2_w_bn_rc0p00025_seed42_ep30_L16_trainT0.pth,3,if3,0.7327429800714058,1.0124661763283374,0.772372765805112,0.07932115087703782,1.9097219742834568,2.016441836953163,1.2892009913921356,0.05722839874215424,0.12087109358981252,0.06887153605930507,0.5113528426736593,2.195397149762357e-05,1.6681057550013065,0.050890084356069565,0.10197059297934175,0.07678303238935769,0.5582577344030142,1.806142351767903e-05
cnn6_vgg,manual_l2_w_bn,weights + BN,42,1,3,20273803,16,16,post_input_if,/Users/S4142196/Documents/Phd_Document/codes/QCFS_simulation_FI/QCFS_simulation/fashion_mnist-checkpoints/cnn6_vgg_L[16]_fashion_spectral_mne_cnn6_vgg_manual_l2_w_bn_rc0p00025_seed42_ep30_L16_trainT0.pth,4,if4,0.8478784431693217,1.157129397659594,0.7058742244253682,0.07009285323473873,1.6609112955629826,1.9138331860303879,1.5321732945740223,0.04163687478285283,0.0839437348768115,0.05094918340910226,0.660023882985115,1.7594317711200347e-05,1.5701991245150566,0.04846533830277622,0.09691355004906654,0.0676430279854685,0.5865219961851835,8.096500209830992e-06
cnn6_vgg,manual_l2_w_bn,weights + BN,42,1,3,20273803,16,16,post_input_if,/Users/S4142196/Documents/Phd_Document/codes/QCFS_simulation_FI/QCFS_simulation/fashion_mnist-checkpoints/cnn6_vgg_L[16]_fashion_spectral_mne_cnn6_vgg_manual_l2_w_bn_rc0p00025_seed42_ep30_L16_trainT0.pth,5,if5,0.8199381729071348,0.9670468444064366,0.7044887371587081,0.08680347520477917,1.8754982352256775,1.9991407245397568,1.6347153075039387,0.048196285497397184,0.0964697995223105,0.06863216357305646,0.5897848811000586,2.4600904339422414e-05,1.8012615889310837,0.04797487729229033,0.09600518457591534,0.07797606918029487,0.581225948408246,1.1833346519551924e-05
cnn6_vgg,manual_l2_w_bn,weights + BN,42,1,3,20273803,16,16,post_input_if,/Users/S4142196/Documents/Phd_Document/codes/QCFS_simulation_FI/QCFS_simulation/fashion_mnist-checkpoints/cnn6_vgg_L[16]_fashion_spectral_mne_cnn6_vgg_manual_l2_w_bn_rc0p00025_seed42_ep30_L16_trainT0.pth,6,if6,0.9116678285620703,1.1118738688914838,0.6146237039323093,0.08873612540108818,1.969093594700098,2.0411588549613953,1.7682794481515884,0.04596694512292743,0.09199368092231452,0.06731568439863622,0.6087630745023489,6.196936672608899e-05,1.9396391361951828,0.04495083470828831,0.08991910750046372,0.07233131001703441,0.6092859283089638,0.00010743432903836947
cnn6_vgg,manual_l2_w_bn,weights + BN,42,1,4,20274803,16,16,post_input_if,/Users/S4142196/Documents/Phd_Document/codes/QCFS_simulation_FI/QCFS_simulation/fashion_mnist-checkpoints/cnn6_vgg_L[16]_fashion_spectral_mne_cnn6_vgg_manual_l2_w_bn_rc0p00025_seed42_ep30_L16_trainT0.pth,0,post_input_if,0.3112504216103981,1.0,0.9548176704508572,nan,1.7276295274496078,1.9962820298969746,,,,,,,,,,,,
cnn6_vgg,manual_l2_w_bn,weights + BN,42,1,4,20274803,16,16,post_input_if,/Users/S4142196/Documents/Phd_Document/codes/QCFS_simulation_FI/QCFS_simulation/fashion_mnist-checkpoints/cnn6_vgg_L[16]_fashion_spectral_mne_cnn6_vgg_manual_l2_w_bn_rc0p00025_seed42_ep30_L16_trainT0.pth,1,if1,0.5475951685821612,1.759339523939997,0.8732052407861763,0.055908412349467376,1.9764858558773994,2.037933439016342,0.9583640415221453,0.08741347468458116,0.2933545745909214,0.0695623611100018,0.38778265099972486,7.78509630094959e-08,1.113114196807146,0.06272825784981251,0.12564756139181554,0.07395428908057511,0.46267022006213665,9.342115603772072e-06
cnn6_vgg,manual_l2_w_bn,weights + BN,42,1,4,20274803,16,16,post_input_if,/Users/S4142196/Documents/Phd_Document/codes/QCFS_simulation_FI/QCFS_simulation/fashion_mnist-checkpoints/cnn6_vgg_L[16]_fashion_spectral_mne_cnn6_vgg_manual_l2_w_bn_rc0p00025_seed42_ep30_L16_trainT0.pth,2,if2,0.7232146044610726,1.3207103458082492,0.8017736174462318,0.05574157286663445,1.6235476396977901,1.9038106054067612,1.1335872411727905,0.03073742863489315,0.06570769206155092,0.046046942356042564,0.6725275330245495,1.3935322350278057e-05,1.417271200567484,0.047215519240126014,0.09461749135516584,0.06331052945461124,0.6030999626964331,6.041234735221224e-05
cnn6_vgg,manual_l2_w_bn,weights + BN,42,1,4,20274803,16,16,post_input_if,/Users/S4142196/Documents/Phd_Document/codes/QCFS_simulation_FI/QCFS_simulation/fashion_mnist-checkpoints/cnn6_vgg_L[16]_fashion_spectral_mne_cnn6_vgg_manual_l2_w_bn_rc0p00025_seed42_ep30_L16_trainT0.pth,3,if3,0.732381609300991,1.0126753591304334,0.7728251471654848,0.07934453536053093,1.9097219742834568,2.016836754977703,1.2892009913921356,0.05722839874215424,0.12087109358981252,0.06887153605930507,0.5113528426736593,2.195397149762357e-05,1.669075533747673,0.050965288653969765,0.10188324376940727,0.0768132102675736,0.5583897661417723,2.2265375349661554e-05
cnn6_vgg,manual_l2_w_bn,weights + BN,42,1,4,20274803,16,16,post_input_if,/Users/S4142196/Documents/Phd_Document/codes/QCFS_simulation_FI/QCFS_simulation/fashion_mnist-checkpoints/cnn6_vgg_L[16]_fashion_spectral_mne_cnn6_vgg_manual_l2_w_bn_rc0p00025_seed42_ep30_L16_trainT0.pth,4,if4,0.8475768938082394,1.1572886088950192,0.7066399742899395,0.07017143405213648,1.6609112955629826,1.915162242949009,1.5321732945740223,0.04163687478285283,0.0839437348768115,0.05094918340910226,0.660023882985115,1.7594317711200347e-05,1.571294005960226,0.0483619524165988,0.09671082650311291,0.06773686804808676,0.5864949021488428,8.252202135849984e-06
cnn6_vgg,manual_l2_w_bn,weights + BN,42,1,4,20274803,16,16,post_input_if,/Users/S4142196/Documents/Phd_Document/codes/QCFS_simulation_FI/QCFS_simulation/fashion_mnist-checkpoints/cnn6_vgg_L[16]_fashion_spectral_mne_cnn6_vgg_manual_l2_w_bn_rc0p00025_seed42_ep30_L16_trainT0.pth,5,if5,0.8187488864246487,0.9659877379926394,0.7056660465924802,0.08683519947285555,1.8754982352256775,1.9998541250824928,1.6347153075039387,0.048196285497397184,0.0964697995223105,0.06863216357305646,0.5897848811000586,2.4600904339422414e-05,1.8025364242494106,0.04801068885717541,0.09593325038440526,0.07803099299781024,0.5810471996665001,1.401317339855268e-05
cnn6_vgg,manual_l2_w_bn,weights + BN,42,1,4,20274803,16,16,post_input_if,/Users/S4142196/Documents/Phd_Document/codes/QCFS_simulation_FI/QCFS_simulation/fashion_mnist-checkpoints/cnn6_vgg_L[16]_fashion_spectral_mne_cnn6_vgg_manual_l2_w_bn_rc0p00025_seed42_ep30_L16_trainT0.pth,6,if6,0.9113734550914063,1.113129398039532,0.6152882728264178,0.08875080030791614,1.969093594700098,2.0417888909578323,1.7682794481515884,0.04596694512292743,0.09199368092231452,0.06731568439863622,0.6087630745023489,6.196936672608899e-05,1.9416084252297878,0.044971387134864926,0.09004678344354033,0.07237576320767403,0.6095362938940525,0.0001086799444465214
cnn6_vgg,manual_l2_w_if,weights + IF,42,0.5,0,20260803,16,16,post_input_if,/Users/S4142196/Documents/Phd_Document/codes/QCFS_simulation_FI/QCFS_simulation/fashion_mnist-checkpoints/cnn6_vgg_L[16]_fashion_spectral_mne_cnn6_vgg_manual_l2_w_if_rc0p00025_seed42_ep30_L16_trainT0.pth,0,post_input_if,0.15529850772482728,1.0,0.9881515587898293,nan,1.3811893127858639,1.4690370708703995,,,,,,,,,,,,
cnn6_vgg,manual_l2_w_if,weights + IF,42,0.5,0,20260803,16,16,post_input_if,/Users/S4142196/Documents/Phd_Document/codes/QCFS_simulation_FI/QCFS_simulation/fashion_mnist-checkpoints/cnn6_vgg_L[16]_fashion_spectral_mne_cnn6_vgg_manual_l2_w_if_rc0p00025_seed42_ep30_L16_trainT0.pth,1,if1,0.2991339791696699,1.9261870803015313,0.9582975911291485,0.0661781223452821,1.712712999433279,1.7387184388935566,1.5482233874499798,0.031146613298915327,0.06133449194021523,0.10404741344973445,0.3668312467634678,0.0017142003562184982,1.5439512506127357,0.06372155761346221,0.12762061599642038,0.10722992662340403,0.4089683899655938,0.0018476368895790074
cnn6_vgg,manual_l2_w_if,weights + IF,42,0.5,0,20260803,16,16,post_input_if,/Users/S4142196/Documents/Phd_Document/codes/QCFS_simulation_FI/QCFS_simulation/fashion_mnist-checkpoints/cnn6_vgg_L[16]_fashion_spectral_mne_cnn6_vgg_manual_l2_w_if_rc0p00025_seed42_ep30_L16_trainT0.pth,2,if2,0.4249929797394918,1.4207445804691892,0.9192878346277744,0.06758183849101164,1.4689250141382217,1.6020821519196033,1.609761718660593,0.11118129547685385,0.1814589174464345,0.07439904706552625,0.6368794962763786,0.001772977822838584,1.8152573555707932,0.048069855431094766,0.09630927047692239,0.08849193877540529,0.5728037245571613,0.0019155229492753278
cnn6_vgg,manual_l2_w_if,weights + IF,42,0.5,0,20260803,16,16,post_input_if,/Users/S4142196/Documents/Phd_Document/codes/QCFS_simulation_FI/QCFS_simulation/fashion_mnist-checkpoints/cnn6_vgg_L[16]_fashion_spectral_mne_cnn6_vgg_manual_l2_w_if_rc0p00025_seed42_ep30_L16_trainT0.pth,3,if3,0.5050958818855406,1.1884805301846386,0.877592725394224,0.11186495605780154,1.7614091522991657,1.7819968275725842,1.9565245546400547,0.054113737191073596,0.10854043532162905,0.11792291677556932,0.48464606422930956,0.001521519214293221,2.157565377652645,0.05265667859930545,0.10537937562912703,0.12069492670707405,0.518164025619626,0.0014642209171142895
cnn6_vgg,manual_l2_w_if,weights + IF,42,0.5,0,20260803,16,16,post_input_if,/Users/S4142196/Documents/Phd_Document/codes/QCFS_simulation_FI/QCFS_simulation/fashion_mnist-checkpoints/cnn6_vgg_L[16]_fashion_spectral_mne_cnn6_vgg_manual_l2_w_if_rc0p00025_seed42_ep30_L16_trainT0.pth,4,if4,0.6206047370960707,1.2286869866753447,0.8292673384286784,0.10330315025485291,1.5724177621304989,1.743729867041111,2.2520216405391693,0.044389684800989926,0.08628035406582057,0.09083663951605558,0.611744461581111,0.0012443697996786796,2.07856198400259,0.0507642769953236,0.1017692694440484,0.11170213855803013,0.5366922374814749,0.0012245956422702875
cnn6_vgg,manual_l2_w_if,weights + IF,42,0.5,0,20260803,16,16,post_input_if,/Users/S4142196/Documents/Phd_Document/codes/QCFS_simulation_FI/QCFS_simulation/fashion_mnist-checkpoints/cnn6_vgg_L[16]_fashion_spectral_mne_cnn6_vgg_manual_l2_w_if_rc0p00025_seed42_ep30_L16_trainT0.pth,5,if5,0.6628678877245923,1.0680999484894025,0.7945700925246653,0.12215207547557597,1.7078860960900784,1.7525981292128563,2.553170472383499,0.04789982922375202,0.09590024151839316,0.11259545828215778,0.5631748009473085,0.0013359225304157007,2.7044817954301834,0.046486989594995975,0.0927164489403367,0.11856637382879853,0.5723406579345465,0.001862195033027092
cnn6_vgg,manual_l2_w_if,weights + IF,42,0.5,0,20260803,16,16,post_input_if,/Users/S4142196/Documents/Phd_Document/codes/QCFS_simulation_FI/QCFS_simulation/fashion_mnist-checkpoints/cnn6_vgg_L[16]_fashion_spectral_mne_cnn6_vgg_manual_l2_w_if_rc0p00025_seed42_ep30_L16_trainT0.pth,6,if6,0.779805677534945,1.176411909485858,0.7163538493791995,0.12563592560437262,1.7466373853385448,1.8123904056847095,2.7037289291620255,0.04478765930980444,0.08942397590726614,0.1059138800483197,0.5920073688030243,0.0022417963300540578,2.87986958026886,0.04467306227888912,0.08940248843282461,0.11403762898407876,0.5880709160119295,0.002967367305245716
cnn6_vgg,manual_l2_w_if,weights + IF,42,0.5,1,20261803,16,16,post_input_if,/Users/S4142196/Documents/Phd_Document/codes/QCFS_simulation_FI/QCFS_simulation/fashion_mnist-checkpoints/cnn6_vgg_L[16]_fashion_spectral_mne_cnn6_vgg_manual_l2_w_if_rc0p00025_seed42_ep30_L16_trainT0.pth,0,post_input_if,0.15538982346243324,1.0,0.9881414013343351,nan,1.3811893127858639,1.4690248891711235,,,,,,,,,,,,
cnn6_vgg,manual_l2_w_if,weights + IF,42,0.5,1,20261803,16,16,post_input_if,/Users/S4142196/Documents/Phd_Document/codes/QCFS_simulation_FI/QCFS_simulation/fashion_mnist-checkpoints/cnn6_vgg_L[16]_fashion_spectral_mne_cnn6_vgg_manual_l2_w_if_rc0p00025_seed42_ep30_L16_trainT0.pth,1,if1,0.29925593850760895,1.9258400057321419,0.9582845630327335,0.06620853774401607,1.712712999433279,1.7389356270432472,1.5482233874499798,0.031146613298915327,0.06133449194021523,0.10404741344973445,0.3668312467634678,0.0017142003562184982,1.5443094447255135,0.06383140617981553,0.1276312037371099,0.10725704301148653,0.4090680396184325,0.001864297013526084
cnn6_vgg,manual_l2_w_if,weights + IF,42,0.5,1,20261803,16,16,post_input_if,/Users/S4142196/Documents/Phd_Document/codes/QCFS_simulation_FI/QCFS_simulation/fashion_mnist-checkpoints/cnn6_vgg_L[16]_fashion_spectral_mne_cnn6_vgg_manual_l2_w_if_rc0p00025_seed42_ep30_L16_trainT0.pth,2,if2,0.42523288732643894,1.4209672477915651,0.9192384558960914,0.06755303363410795,1.4689250141382217,1.6021789982914925,1.609761718660593,0.11118129547685385,0.1814589174464345,0.07439904706552625,0.6368794962763786,0.001772977822838584,1.8158353865146637,0.04801193461753428,0.09620588412508368,0.08850261522457004,0.5729867480695248,0.0019214396088500507
cnn6_vgg,manual_l2_w_if,weights + IF,42,0.5,1,20261803,16,16,post_input_if,/Users/S4142196/Documents/Phd_Document/codes/QCFS_simulation_FI/QCFS_simulation/fashion_mnist-checkpoints/cnn6_vgg_L[16]_fashion_spectral_mne_cnn6_vgg_manual_l2_w_if_rc0p00025_seed42_ep30_L16_trainT0.pth,3,if3,0.5057470279329411,1.1893412833440933,0.8773207374711037,0.1119681572427555,1.7614091522991657,1.7823159657418728,1.9565245546400547,0.054113737191073596,0.10854043532162905,0.11792291677556932,0.48464606422930956,0.001521519214293221,2.1588229089975357,0.05268719629384577,0.10538700385950506,0.1207383181899786,0.5183007195591927,0.0014545673984684981
cnn6_vgg,manual_l2_w_if,weights + IF,42,0.5,1,20261803,16,16,post_input_if,/Users/S4142196/Documents/Phd_Document/codes/QCFS_simulation_FI/QCFS_simulation/fashion_mnist-checkpoints/cnn6_vgg_L[16]_fashion_spectral_mne_cnn6_vgg_manual_l2_w_if_rc0p00025_seed42_ep30_L16_trainT0.pth,4,if4,0.6217556339582272,1.229380697498964,0.828832614174689,0.10343500059478138,1.5724177621304989,1.7441752441227436,2.2520216405391693,0.044389684800989926,0.08628035406582057,0.09083663951605558,0.611744461581111,0.0012443697996786796,2.079005151987076,0.050993782468140125,0.10201403289102018,0.1117590181529522,0.5369802881032228,0.0012319136476435233
cnn6_vgg,manual_l2_w_if,weights + IF,42,0.5,1,20261803,16,16,post_input_if,/Users/S4142196/Documents/Phd_Document/codes/QCFS_simulation_FI/QCFS_simulation/fashion_mnist-checkpoints/cnn6_vgg_L[16]_fashion_spectral_mne_cnn6_vgg_manual_l2_w_if_rc0p00025_seed42_ep30_L16_trainT0.pth,5,if5,0.6635675982016418,1.0672482273738813,0.7944203854537197,0.12222663723692602,1.7078860960900784,1.7534262649714947,2.553170472383499,0.04789982922375202,0.09590024151839316,0.11259545828215778,0.5631748009473085,0.0013359225304157007,2.7063157111406326,0.04643467417918146,0.09265821683220565,0.11867791460826993,0.5724219400435686,0.0018690459291974548
cnn6_vgg,manual_l2_w_if,weights + IF,42,0.5,1,20261803,16,16,post_input_if,/Users/S4142196/Documents/Phd_Document/codes/QCFS_simulation_FI/QCFS_simulation/fashion_mnist-checkpoints/cnn6_vgg_L[16]_fashion_spectral_mne_cnn6_vgg_manual_l2_w_if_rc0p00025_seed42_ep30_L16_trainT0.pth,6,if6,0.7806270734726688,1.1764092695126678,0.7162398007281118,0.12568450460628589,1.7466373853385448,1.813691794872284,2.7037289291620255,0.04478765930980444,0.08942397590726614,0.1059138800483197,0.5920073688030243,0.0022417963300540578,2.8826930224895477,0.04480011516716331,0.08951615216210485,0.11420150566846132,0.5882708318531513,0.0029978849124745466
cnn6_vgg,manual_l2_w_if,weights + IF,42,0.5,2,20262803,16,16,post_input_if,/Users/S4142196/Documents/Phd_Document/codes/QCFS_simulation_FI/QCFS_simulation/fashion_mnist-checkpoints/cnn6_vgg_L[16]_fashion_spectral_mne_cnn6_vgg_manual_l2_w_if_rc0p00025_seed42_ep30_L16_trainT0.pth,0,post_input_if,0.15542370703608488,1.0,0.9881366832599103,nan,1.3811893127858639,1.4690474830567837,,,,,,,,,,,,
cnn6_vgg,manual_l2_w_if,weights + IF,42,0.5,2,20262803,16,16,post_input_if,/Users/S4142196/Documents/Phd_Document/codes/QCFS_simulation_FI/QCFS_simulation/fashion_mnist-checkpoints/cnn6_vgg_L[16]_fashion_spectral_mne_cnn6_vgg_manual_l2_w_if_rc0p00025_seed42_ep30_L16_trainT0.pth,1,if1,0.29929338329345123,1.9256610783576535,0.9582649953031883,0.06621228918737294,1.712712999433279,1.7388180159032345,1.5482233874499798,0.031146613298915327,0.06133449194021523,0.10404741344973445,0.3668312467634678,0.0017142003562184982,1.5441708862781525,0.06389672309160233,0.127746578771621,0.10724262590520084,0.4089085999876261,0.0018496610209695064
cnn6_vgg,manual_l2_w_if,weights + IF,42,0.5,2,20262803,16,16,post_input_if,/Users/S4142196/Documents/Phd_Document/codes/QCFS_simulation_FI/QCFS_simulation/fashion_mnist-checkpoints/cnn6_vgg_L[16]_fashion_spectral_mne_cnn6_vgg_manual_l2_w_if_rc0p00025_seed42_ep30_L16_trainT0.pth,2,if2,0.42503733641999314,1.4201360943661505,0.9192905245118608,0.06753308432442802,1.4689250141382217,1.6020766086876392,1.609761718660593,0.11118129547685385,0.1814589174464345,0.07439904706552625,0.6368794962763786,0.001772977822838584,1.8154207207262516,0.04807273636106402,0.09628217830322683,0.08849153039045632,0.5729001797735691,0.0019214396088500507
cnn6_vgg,manual_l2_w_if,weights + IF,42,0.5,2,20262803,16,16,post_input_if,/Users/S4142196/Documents/Phd_Document/codes/QCFS_simulation_FI/QCFS_simulation/fashion_mnist-checkpoints/cnn6_vgg_L[16]_fashion_spectral_mne_cnn6_vgg_manual_l2_w_if_rc0p00025_seed42_ep30_L16_trainT0.pth,3,if3,0.5050696766977214,1.1882948471111388,0.8776308905838535,0.11186312656013334,1.7614091522991657,1.7820890098810196,1.9565245546400547,0.054113737191073596,0.10854043532162905,0.11792291677556932,0.48464606422930956,0.001521519214293221,2.158820427954197,0.052793384762480855,0.10552573506720364,0.12070714915171266,0.5183293726295233,0.001443201159418095
cnn6_vgg,manual_l2_w_if,weights + IF,42,0.5,2,20262803,16,16,post_input_if,/Users/S4142196/Documents/Phd_Document/codes/QCFS_simulation_FI/QCFS_simulation/fashion_mnist-checkpoints/cnn6_vgg_L[16]_fashion_spectral_mne_cnn6_vgg_manual_l2_w_if_rc0p00025_seed42_ep30_L16_trainT0.pth,4,if4,0.6202530517008468,1.228054425591781,0.8295997768237366,0.10333544867379325,1.5724177621304989,1.7441354282200336,2.2520216405391693,0.044389684800989926,0.08628035406582057,0.09083663951605558,0.611744461581111,0.0012443697996786796,2.079090341925621,0.051232629106380045,0.10224275942891836,0.11175403581000865,0.5367036052048206,0.0012351833793218248
cnn6_vgg,manual_l2_w_if,weights + IF,42,0.5,2,20262803,16,16,post_input_if,/Users/S4142196/Documents/Phd_Document/codes/QCFS_simulation_FI/QCFS_simulation/fashion_mnist-checkpoints/cnn6_vgg_L[16]_fashion_spectral_mne_cnn6_vgg_manual_l2_w_if_rc0p00025_seed42_ep30_L16_trainT0.pth,5,if5,0.6621966443810874,1.0676233556049803,0.7949988374831264,0.12208319683464205,1.7078860960900784,1.7528409659862518,2.553170472383499,0.04789982922375202,0.09590024151839316,0.11259545828215778,0.5631748009473085,0.0013359225304157007,2.7061261385679245,0.04639232251793146,0.09266350977122784,0.1185989361256361,0.5722899045795202,0.0018796336407831404
cnn6_vgg,manual_l2_w_if,weights + IF,42,0.5,2,20262803,16,16,post_input_if,/Users/S4142196/Documents/Phd_Document/codes/QCFS_simulation_FI/QCFS_simulation/fashion_mnist-checkpoints/cnn6_vgg_L[16]_fashion_spectral_mne_cnn6_vgg_manual_l2_w_if_rc0p00025_seed42_ep30_L16_trainT0.pth,6,if6,0.7786929050832443,1.1759239671337183,0.7172122705004825,0.1254806713182099,1.7466373853385448,1.8125963285565376,2.7037289291620255,0.04478765930980444,0.08942397590726614,0.1059138800483197,0.5920073688030243,0.0022417963300540578,2.881478823721409,0.04467555368319154,0.08932588365860283,0.11406466225162148,0.5881640277802944,0.0029384067238424905
cnn6_vgg,manual_l2_w_if,weights + IF,42,0.5,3,20263803,16,16,post_input_if,/Users/S4142196/Documents/Phd_Document/codes/QCFS_simulation_FI/QCFS_simulation/fashion_mnist-checkpoints/cnn6_vgg_L[16]_fashion_spectral_mne_cnn6_vgg_manual_l2_w_if_rc0p00025_seed42_ep30_L16_trainT0.pth,0,post_input_if,0.15536370080398812,1.0,0.9881395461003771,nan,1.3811893127858639,1.4689681604504585,,,,,,,,,,,,
cnn6_vgg,manual_l2_w_if,weights + IF,42,0.5,3,20263803,16,16,post_input_if,/Users/S4142196/Documents/Phd_Document/codes/QCFS_simulation_FI/QCFS_simulation/fashion_mnist-checkpoints/cnn6_vgg_L[16]_fashion_spectral_mne_cnn6_vgg_manual_l2_w_if_rc0p00025_seed42_ep30_L16_trainT0.pth,1,if1,0.2992765403441952,1.9262964179887307,0.9582457211521734,0.0662011175739522,1.712712999433279,1.738673571497202,1.5482233874499798,0.031146613298915327,0.06133449194021523,0.10404741344973445,0.3668312467634678,0.0017142003562184982,1.5439326241612434,0.06379878590814769,0.12773505738005042,0.10722452588379383,0.40888112038373947,0.0018437443650327623
cnn6_vgg,manual_l2_w_if,weights + IF,42,0.5,3,20263803,16,16,post_input_if,/Users/S4142196/Documents/Phd_Document/codes/QCFS_simulation_FI/QCFS_simulation/fashion_mnist-checkpoints/cnn6_vgg_L[16]_fashion_spectral_mne_cnn6_vgg_manual_l2_w_if_rc0p00025_seed42_ep30_L16_trainT0.pth,2,if2,0.42532364322626276,1.4211726810831946,0.9190974020185684,0.06756166535980847,1.4689250141382217,1.601964469999075,1.609761718660593,0.11118129547685385,0.1814589174464345,0.07439904706552625,0.6368794962763786,0.001772977822838584,1.81497398391366,0.048088617622852325,0.09627011185511947,0.08847899548709393,0.5727146603167057,0.0019070371963607613
cnn6_vgg,manual_l2_w_if,weights + IF,42,0.5,3,20263803,16,16,post_input_if,/Users/S4142196/Documents/Phd_Document/codes/QCFS_simulation_FI/QCFS_simulation/fashion_mnist-checkpoints/cnn6_vgg_L[16]_fashion_spectral_mne_cnn6_vgg_manual_l2_w_if_rc0p00025_seed42_ep30_L16_trainT0.pth,3,if3,0.5057394042657184,1.1890695763571184,0.8772643610285336,0.11185895180215641,1.7614091522991657,1.7816918566823006,1.9565245546400547,0.054113737191073596,0.10854043532162905,0.11792291677556932,0.48464606422930956,0.001521519214293221,2.1585784256458282,0.052702455199323595,0.10535975685343146,0.12065348005853593,0.5184934828430414,0.0014436682577070314
cnn6_vgg,manual_l2_w_if,weights + IF,42,0.5,3,20263803,16,16,post_input_if,/Users/S4142196/Documents/Phd_Document/codes/QCFS_simulation_FI/QCFS_simulation/fashion_mnist-checkpoints/cnn6_vgg_L[16]_fashion_spectral_mne_cnn6_vgg_manual_l2_w_if_rc0p00025_seed42_ep30_L16_trainT0.pth,4,if4,0.6217933915256494,1.2294738876999893,0.8288744040947139,0.10344415781449298,1.5724177621304989,1.7448707818984985,2.2520216405391693,0.044389684800989926,0.08628035406582057,0.09083663951605558,0.611744461581111,0.0012443697996786796,2.0793702080845833,0.05102320958394557,0.1020436161197722,0.1118478171993047,0.536632601171732,0.0012211702087370213
cnn6_vgg,manual_l2_w_if,weights + IF,42,0.5,3,20263803,16,16,post_input_if,/Users/S4142196/Documents/Phd_Document/codes/QCFS_simulation_FI/QCFS_simulation/fashion_mnist-checkpoints/cnn6_vgg_L[16]_fashion_spectral_mne_cnn6_vgg_manual_l2_w_if_rc0p00025_seed42_ep30_L16_trainT0.pth,5,if5,0.6645311962743996,1.0687331279669723,0.7938386043815524,0.12238510287537867,1.7078860960900784,1.7537595517933369,2.553170472383499,0.04789982922375202,0.09590024151839316,0.11259545828215778,0.5631748009473085,0.0013359225304157007,2.705535836517811,0.04640540201216936,0.09295062418095767,0.11872314661741257,0.5723895467817783,0.0018858617295336444
cnn6_vgg,manual_l2_w_if,weights + IF,42,0.5,3,20263803,16,16,post_input_if,/Users/S4142196/Documents/Phd_Document/codes/QCFS_simulation_FI/QCFS_simulation/fashion_mnist-checkpoints/cnn6_vgg_L[16]_fashion_spectral_mne_cnn6_vgg_manual_l2_w_if_rc0p00025_seed42_ep30_L16_trainT0.pth,6,if6,0.7807400062426689,1.1748733703094416,0.7158216567613703,0.1256951701884367,1.7466373853385448,1.812666054815054,2.7037289291620255,0.04478765930980444,0.08942397590726614,0.1059138800483197,0.5920073688030243,0.0022417963300540578,2.881656788289547,0.04483592649921775,0.08937165956012905,0.11407219432294369,0.5883583445101976,0.0030227971874410287
cnn6_vgg,manual_l2_w_if,weights + IF,42,0.5,4,20264803,16,16,post_input_if,/Users/S4142196/Documents/Phd_Document/codes/QCFS_simulation_FI/QCFS_simulation/fashion_mnist-checkpoints/cnn6_vgg_L[16]_fashion_spectral_mne_cnn6_vgg_manual_l2_w_if_rc0p00025_seed42_ep30_L16_trainT0.pth,0,post_input_if,0.15531580511696533,1.0,0.9881536583105839,nan,1.3811893127858639,1.4690008498728275,,,,,,,,,,,,
cnn6_vgg,manual_l2_w_if,weights + IF,42,0.5,4,20264803,16,16,post_input_if,/Users/S4142196/Documents/Phd_Document/codes/QCFS_simulation_FI/QCFS_simulation/fashion_mnist-checkpoints/cnn6_vgg_L[16]_fashion_spectral_mne_cnn6_vgg_manual_l2_w_if_rc0p00025_seed42_ep30_L16_trainT0.pth,1,if1,0.29910429872204064,1.9257814650401546,0.9583070018283667,0.06615592022331393,1.712712999433279,1.7387227825820446,1.5482233874499798,0.031146613298915327,0.06133449194021523,0.10404741344973445,0.3668312467634678,0.0017142003562184982,1.5440213456749916,0.06381622445769608,0.1276956656947732,0.1072307771537453,0.40894083119928837,0.0018500502956158016
cnn6_vgg,manual_l2_w_if,weights + IF,42,0.5,4,20264803,16,16,post_input_if,/Users/S4142196/Documents/Phd_Document/codes/QCFS_simulation_FI/QCFS_simulation/fashion_mnist-checkpoints/cnn6_vgg_L[16]_fashion_spectral_mne_cnn6_vgg_manual_l2_w_if_rc0p00025_seed42_ep30_L16_trainT0.pth,2,if2,0.42492179803954744,1.4206475796405378,0.9192881051526992,0.06751468716835489,1.4689250141382217,1.6020402275025845,1.609761718660593,0.11118129547685385,0.1814589174464345,0.07439904706552625,0.6368794962763786,0.001772977822838584,1.8151518069207668,0.048182817408815026,0.09630740177817643,0.0884873413015157,0.5727730430662632,0.0019154450928908773
cnn6_vgg,manual_l2_w_if,weights + IF,42,0.5,4,20264803,16,16,post_input_if,/Users/S4142196/Documents/Phd_Document/codes/QCFS_simulation_FI/QCFS_simulation/fashion_mnist-checkpoints/cnn6_vgg_L[16]_fashion_spectral_mne_cnn6_vgg_manual_l2_w_if_rc0p00025_seed42_ep30_L16_trainT0.pth,3,if3,0.5053372187522301,1.18924757704522,0.8774606682461741,0.11182782114768515,1.7614091522991657,1.7820361107587814,1.9565245546400547,0.054113737191073596,0.10854043532162905,0.11792291677556932,0.48464606422930956,0.001521519214293221,2.157591976225376,0.0526954485103488,0.10542608611285686,0.12070024106651545,0.5180776044726372,0.0014447581743297633
cnn6_vgg,manual_l2_w_if,weights + IF,42,0.5,4,20264803,16,16,post_input_if,/Users/S4142196/Documents/Phd_Document/codes/QCFS_simulation_FI/QCFS_simulation/fashion_mnist-checkpoints/cnn6_vgg_L[16]_fashion_spectral_mne_cnn6_vgg_manual_l2_w_if_rc0p00025_seed42_ep30_L16_trainT0.pth,4,if4,0.6204048157642108,1.227704575760526,0.8293485481281228,0.10334410959360552,1.5724177621304989,1.7435071878135204,2.2520216405391693,0.044389684800989926,0.08628035406582057,0.09083663951605558,0.611744461581111,0.0012443697996786796,2.079567663371563,0.051114450907334685,0.1021088557317853,0.11167386919260025,0.5367637034505606,0.0012146307144575985
cnn6_vgg,manual_l2_w_if,weights + IF,42,0.5,4,20264803,16,16,post_input_if,/Users/S4142196/Documents/Phd_Document/codes/QCFS_simulation_FI/QCFS_simulation/fashion_mnist-checkpoints/cnn6_vgg_L[16]_fashion_spectral_mne_cnn6_vgg_manual_l2_w_if_rc0p00025_seed42_ep30_L16_trainT0.pth,5,if5,0.6622692727055886,1.0674792585060924,0.7950314099213526,0.12221239051040338,1.7078860960900784,1.752976045012474,2.553170472383499,0.04789982922375202,0.09590024151839316,0.11259545828215778,0.5631748009473085,0.0013359225304157007,2.703714981675148,0.04644339298829436,0.09301851107738912,0.11861734767444432,0.5722316689789295,0.0018347914883634076
cnn6_vgg,manual_l2_w_if,weights + IF,42,0.5,4,20264803,16,16,post_input_if,/Users/S4142196/Documents/Phd_Document/codes/QCFS_simulation_FI/QCFS_simulation/fashion_mnist-checkpoints/cnn6_vgg_L[16]_fashion_spectral_mne_cnn6_vgg_manual_l2_w_if_rc0p00025_seed42_ep30_L16_trainT0.pth,6,if6,0.7782268471828464,1.1750912797200042,0.7174141242909097,0.1255038125174386,1.7466373853385448,1.8119035325944424,2.7037289291620255,0.04478765930980444,0.08942397590726614,0.1059138800483197,0.5920073688030243,0.0022417963300540578,2.8798962980508804,0.04480540903750807,0.08925830875523388,0.11397702107205987,0.5882692784070969,0.00300131032417994
cnn6_vgg,manual_l2_w_if,weights + IF,42,1,0,20270803,16,16,post_input_if,/Users/S4142196/Documents/Phd_Document/codes/QCFS_simulation_FI/QCFS_simulation/fashion_mnist-checkpoints/cnn6_vgg_L[16]_fashion_spectral_mne_cnn6_vgg_manual_l2_w_if_rc0p00025_seed42_ep30_L16_trainT0.pth,0,post_input_if,0.31110375313825495,1.0,0.9548445437774125,nan,1.3811893127858639,1.7054886110126972,,,,,,,,,,,,
cnn6_vgg,manual_l2_w_if,weights + IF,42,1,0,20270803,16,16,post_input_if,/Users/S4142196/Documents/Phd_Document/codes/QCFS_simulation_FI/QCFS_simulation/fashion_mnist-checkpoints/cnn6_vgg_L[16]_fashion_spectral_mne_cnn6_vgg_manual_l2_w_if_rc0p00025_seed42_ep30_L16_trainT0.pth,1,if1,0.5297913878859994,1.7029411652599362,0.8871399539739931,0.09642812183925084,1.712712999433279,1.7993144989013672,1.5482233874499798,0.031146613298915327,0.06133449194021523,0.10404741344973445,0.3668312467634678,0.0017142003562184982,1.6766066141426563,0.060681867180392146,0.12148985336534679,0.11483294400386512,0.44495850428938866,0.002201235958636971
cnn6_vgg,manual_l2_w_if,weights + IF,42,1,0,20270803,16,16,post_input_if,/Users/S4142196/Documents/Phd_Document/codes/QCFS_simulation_FI/QCFS_simulation/fashion_mnist-checkpoints/cnn6_vgg_L[16]_fashion_spectral_mne_cnn6_vgg_manual_l2_w_if_rc0p00025_seed42_ep30_L16_trainT0.pth,2,if2,0.7199726627192914,1.3589738889342142,0.8085306899965301,0.09365340154998157,1.4689250141382217,1.7342336922883987,1.609761718660593,0.11118129547685385,0.1814589174464345,0.07439904706552625,0.6368794962763786,0.001772977822838584,2.062151249498129,0.0482443975051865,0.09647882985882461,0.10368991177529097,0.5642496105283499,0.002378424775088206
cnn6_vgg,manual_l2_w_if,weights + IF,42,1,0,20270803,16,16,post_input_if,/Users/S4142196/Documents/Phd_Document/codes/QCFS_simulation_FI/QCFS_simulation/fashion_mnist-checkpoints/cnn6_vgg_L[16]_fashion_spectral_mne_cnn6_vgg_manual_l2_w_if_rc0p00025_seed42_ep30_L16_trainT0.pth,3,if3,0.7680142288743175,1.0667269309553729,0.7539125724784822,0.13957408982880262,1.7614091522991657,1.8697579465806484,1.9565245546400547,0.054113737191073596,0.10854043532162905,0.11792291677556932,0.48464606422930956,0.001521519214293221,2.608257032930851,0.049261909909546375,0.09850482316687703,0.132874621078372,0.5422109439969063,0.0020892084285151213
cnn6_vgg,manual_l2_w_if,weights + IF,42,1,0,20270803,16,16,post_input_if,/Users/S4142196/Documents/Phd_Document/codes/QCFS_simulation_FI/QCFS_simulation/fashion_mnist-checkpoints/cnn6_vgg_L[16]_fashion_spectral_mne_cnn6_vgg_manual_l2_w_if_rc0p00025_seed42_ep30_L16_trainT0.pth,4,if4,0.8801608717258501,1.1460215691783557,0.6932986593443032,0.12685359254175302,1.5724177621304989,1.8236822374165058,2.2520216405391693,0.044389684800989926,0.08628035406582057,0.09083663951605558,0.611744461581111,0.0012443697996786796,2.319340929389,0.049835515790618956,0.09971011220477521,0.12218068377114832,0.5407221149653196,0.0016361158341169357
cnn6_vgg,manual_l2_w_if,weights + IF,42,1,0,20270803,16,16,post_input_if,/Users/S4142196/Documents/Phd_Document/codes/QCFS_simulation_FI/QCFS_simulation/fashion_mnist-checkpoints/cnn6_vgg_L[16]_fashion_spectral_mne_cnn6_vgg_manual_l2_w_if_rc0p00025_seed42_ep30_L16_trainT0.pth,5,if5,0.8851173435350776,1.0056313248730413,0.6655777667066756,0.14447669593655332,1.7078860960900784,1.812476173043251,2.553170472383499,0.04789982922375202,0.09590024151839316,0.11259545828215778,0.5631748009473085,0.0013359225304157007,2.9664781242609024,0.0454107781406492,0.0907963328063488,0.12680487520992756,0.5782894100993872,0.003168534196447581
cnn6_vgg,manual_l2_w_if,weights + IF,42,1,0,20270803,16,16,post_input_if,/Users/S4142196/Documents/Phd_Document/codes/QCFS_simulation_FI/QCFS_simulation/fashion_mnist-checkpoints/cnn6_vgg_L[16]_fashion_spectral_mne_cnn6_vgg_manual_l2_w_if_rc0p00025_seed42_ep30_L16_trainT0.pth,6,if6,0.96633585035581,1.0917601574683342,0.5799428512211081,0.1443979886113381,1.7466373853385448,1.8356388285756111,2.7037289291620255,0.04478765930980444,0.08942397590726614,0.1059138800483197,0.5920073688030243,0.0022417963300540578,3.106445573270321,0.043544223182834685,0.08712581521831453,0.11698173731565475,0.5959519203752279,0.003625363649916835
cnn6_vgg,manual_l2_w_if,weights + IF,42,1,1,20271803,16,16,post_input_if,/Users/S4142196/Documents/Phd_Document/codes/QCFS_simulation_FI/QCFS_simulation/fashion_mnist-checkpoints/cnn6_vgg_L[16]_fashion_spectral_mne_cnn6_vgg_manual_l2_w_if_rc0p00025_seed42_ep30_L16_trainT0.pth,0,post_input_if,0.31093886277386734,1.0,0.9548933401922665,nan,1.3811893127858639,1.705364491790533,,,,,,,,,,,,
cnn6_vgg,manual_l2_w_if,weights + IF,42,1,1,20271803,16,16,post_input_if,/Users/S4142196/Documents/Phd_Document/codes/QCFS_simulation_FI/QCFS_simulation/fashion_mnist-checkpoints/cnn6_vgg_L[16]_fashion_spectral_mne_cnn6_vgg_manual_l2_w_if_rc0p00025_seed42_ep30_L16_trainT0.pth,1,if1,0.5296846985460658,1.7035011121504071,0.8871220311384892,0.09642066274370466,1.712712999433279,1.798981461673975,1.5482233874499798,0.031146613298915327,0.06133449194021523,0.10404741344973445,0.3668312467634678,0.0017142003562184982,1.6764481291174889,0.06080214714165777,0.12150518991984427,0.1147904321551323,0.4450827492401004,0.0022090210768510588
cnn6_vgg,manual_l2_w_if,weights + IF,42,1,1,20271803,16,16,post_input_if,/Users/S4142196/Documents/Phd_Document/codes/QCFS_simulation_FI/QCFS_simulation/fashion_mnist-checkpoints/cnn6_vgg_L[16]_fashion_spectral_mne_cnn6_vgg_manual_l2_w_if_rc0p00025_seed42_ep30_L16_trainT0.pth,2,if2,0.720541695279189,1.3603218995319433,0.8082220907832274,0.09364698371108697,1.4689250141382217,1.7341194711625576,1.609761718660593,0.11118129547685385,0.1814589174464345,0.07439904706552625,0.6368794962763786,0.001772977822838584,2.0617533177137375,0.04826930968556553,0.09664068184792995,0.1036763705778867,0.5643504243344069,0.0023744543541397434
cnn6_vgg,manual_l2_w_if,weights + IF,42,1,1,20271803,16,16,post_input_if,/Users/S4142196/Documents/Phd_Document/codes/QCFS_simulation_FI/QCFS_simulation/fashion_mnist-checkpoints/cnn6_vgg_L[16]_fashion_spectral_mne_cnn6_vgg_manual_l2_w_if_rc0p00025_seed42_ep30_L16_trainT0.pth,3,if3,0.7691539958146487,1.067466325479782,0.7531314190140518,0.1397272810644033,1.7614091522991657,1.8701818250119686,1.9565245546400547,0.054113737191073596,0.10854043532162905,0.11792291677556932,0.48464606422930956,0.001521519214293221,2.6077066361904144,0.04947942530270666,0.09862595959566534,0.13293497497215867,0.5419652406126261,0.002053552700090222
cnn6_vgg,manual_l2_w_if,weights + IF,42,1,1,20271803,16,16,post_input_if,/Users/S4142196/Documents/Phd_Document/codes/QCFS_simulation_FI/QCFS_simulation/fashion_mnist-checkpoints/cnn6_vgg_L[16]_fashion_spectral_mne_cnn6_vgg_manual_l2_w_if_rc0p00025_seed42_ep30_L16_trainT0.pth,4,if4,0.8802187807629689,1.1443986322019766,0.692703141910246,0.1267799357978665,1.5724177621304989,1.8222465999424458,2.2520216405391693,0.044389684800989926,0.08628035406582057,0.09083663951605558,0.611744461581111,0.0012443697996786796,2.3209369778633118,0.049984677927568555,0.09997885348275304,0.1219878364354372,0.5411893799901009,0.001651841725106351
cnn6_vgg,manual_l2_w_if,weights + IF,42,1,1,20271803,16,16,post_input_if,/Users/S4142196/Documents/Phd_Document/codes/QCFS_simulation_FI/QCFS_simulation/fashion_mnist-checkpoints/cnn6_vgg_L[16]_fashion_spectral_mne_cnn6_vgg_manual_l2_w_if_rc0p00025_seed42_ep30_L16_trainT0.pth,5,if5,0.8841720420094602,1.004491225741701,0.6656213427660912,0.14446680886404856,1.7078860960900784,1.8111723624169827,2.553170472383499,0.04789982922375202,0.09590024151839316,0.11259545828215778,0.5631748009473085,0.0013359225304157007,2.9636174365878105,0.04512366373091936,0.09055374865420163,0.12662258790805936,0.5780244022607803,0.003188464033883065
cnn6_vgg,manual_l2_w_if,weights + IF,42,1,1,20271803,16,16,post_input_if,/Users/S4142196/Documents/Phd_Document/codes/QCFS_simulation_FI/QCFS_simulation/fashion_mnist-checkpoints/cnn6_vgg_L[16]_fashion_spectral_mne_cnn6_vgg_manual_l2_w_if_rc0p00025_seed42_ep30_L16_trainT0.pth,6,if6,0.9659650069035061,1.0925079747015691,0.5799119145591832,0.1443479888293208,1.7466373853385448,1.8348602801561356,2.7037289291620255,0.04478765930980444,0.08942397590726614,0.1059138800483197,0.5920073688030243,0.0022417963300540578,3.1038258895277977,0.0437528642360121,0.08738895133137703,0.11688210838474333,0.5961957536637783,0.0036079250276088715
cnn6_vgg,manual_l2_w_if,weights + IF,42,1,2,20272803,16,16,post_input_if,/Users/S4142196/Documents/Phd_Document/codes/QCFS_simulation_FI/QCFS_simulation/fashion_mnist-checkpoints/cnn6_vgg_L[16]_fashion_spectral_mne_cnn6_vgg_manual_l2_w_if_rc0p00025_seed42_ep30_L16_trainT0.pth,0,post_input_if,0.3107167073704262,1.0,0.9549565810516155,nan,1.3811893127858639,1.7052512057125568,,,,,,,,,,,,
cnn6_vgg,manual_l2_w_if,weights + IF,42,1,2,20272803,16,16,post_input_if,/Users/S4142196/Documents/Phd_Document/codes/QCFS_simulation_FI/QCFS_simulation/fashion_mnist-checkpoints/cnn6_vgg_L[16]_fashion_spectral_mne_cnn6_vgg_manual_l2_w_if_rc0p00025_seed42_ep30_L16_trainT0.pth,1,if1,0.5293844642654818,1.7037528131191448,0.8872936497126551,0.096372837923011,1.712712999433279,1.7989928908646107,1.5482233874499798,0.031146613298915327,0.06133449194021523,0.10404741344973445,0.3668312467634678,0.0017142003562184982,1.6762512661516666,0.06073620752431452,0.12136365752667189,0.11479188781231642,0.44502498768270016,0.0022134585815365426
cnn6_vgg,manual_l2_w_if,weights + IF,42,1,2,20272803,16,16,post_input_if,/Users/S4142196/Documents/Phd_Document/codes/QCFS_simulation_FI/QCFS_simulation/fashion_mnist-checkpoints/cnn6_vgg_L[16]_fashion_spectral_mne_cnn6_vgg_manual_l2_w_if_rc0p00025_seed42_ep30_L16_trainT0.pth,2,if2,0.7197685807562314,1.3596329876338675,0.8088504692115213,0.09363296567177286,1.4689250141382217,1.734421718865633,1.609761718660593,0.11118129547685385,0.1814589174464345,0.07439904706552625,0.6368794962763786,0.001772977822838584,2.0622012242674828,0.04814576031640172,0.0964153811801225,0.10371271264739335,0.5643683262169361,0.002400456585746724
cnn6_vgg,manual_l2_w_if,weights + IF,42,1,2,20272803,16,16,post_input_if,/Users/S4142196/Documents/Phd_Document/codes/QCFS_simulation_FI/QCFS_simulation/fashion_mnist-checkpoints/cnn6_vgg_L[16]_fashion_spectral_mne_cnn6_vgg_manual_l2_w_if_rc0p00025_seed42_ep30_L16_trainT0.pth,3,if3,0.7686229013716493,1.0678750391745202,0.7539650297146261,0.1396693988722198,1.7614091522991657,1.8712997399270535,1.9565245546400547,0.054113737191073596,0.10854043532162905,0.11792291677556932,0.48464606422930956,0.001521519214293221,2.609227381646633,0.04946712509263307,0.09885920165106654,0.13309381203725934,0.5419976245611906,0.0020787763824046124
cnn6_vgg,manual_l2_w_if,weights + IF,42,1,2,20272803,16,16,post_input_if,/Users/S4142196/Documents/Phd_Document/codes/QCFS_simulation_FI/QCFS_simulation/fashion_mnist-checkpoints/cnn6_vgg_L[16]_fashion_spectral_mne_cnn6_vgg_manual_l2_w_if_rc0p00025_seed42_ep30_L16_trainT0.pth,4,if4,0.8802294410137598,1.1452032452363083,0.6935509113177006,0.12684052331107004,1.5724177621304989,1.824037455022335,2.2520216405391693,0.044389684800989926,0.08628035406582057,0.09083663951605558,0.611744461581111,0.0012443697996786796,2.3237183168530464,0.04995057906489819,0.09976258361712098,0.12222796701826155,0.5409564450383186,0.0016671005214448087
cnn6_vgg,manual_l2_w_if,weights + IF,42,1,2,20272803,16,16,post_input_if,/Users/S4142196/Documents/Phd_Document/codes/QCFS_simulation_FI/QCFS_simulation/fashion_mnist-checkpoints/cnn6_vgg_L[16]_fashion_spectral_mne_cnn6_vgg_manual_l2_w_if_rc0p00025_seed42_ep30_L16_trainT0.pth,5,if5,0.8845977736025354,1.004962720383159,0.6658559648177528,0.14442975180489676,1.7078860960900784,1.81195804849267,2.553170472383499,0.04789982922375202,0.09590024151839316,0.11259545828215778,0.5631748009473085,0.0013359225304157007,2.968771755695343,0.04546184849459678,0.09059516550041735,0.12673243274912238,0.5786705669015646,0.003173205244820565
cnn6_vgg,manual_l2_w_if,weights + IF,42,1,2,20272803,16,16,post_input_if,/Users/S4142196/Documents/Phd_Document/codes/QCFS_simulation_FI/QCFS_simulation/fashion_mnist-checkpoints/cnn6_vgg_L[16]_fashion_spectral_mne_cnn6_vgg_manual_l2_w_if_rc0p00025_seed42_ep30_L16_trainT0.pth,6,if6,0.9661660673028498,1.0922094720724047,0.57999284887409,0.14439600341174066,1.7466373853385448,1.8358651734888554,2.7037289291620255,0.04478765930980444,0.08942397590726614,0.1059138800483197,0.5920073688030243,0.0022417963300540578,3.1075295507907867,0.04363577615004033,0.0873568772803992,0.11700933496467769,0.5957862548530102,0.0035546749641071074
cnn6_vgg,manual_l2_w_if,weights + IF,42,1,3,20273803,16,16,post_input_if,/Users/S4142196/Documents/Phd_Document/codes/QCFS_simulation_FI/QCFS_simulation/fashion_mnist-checkpoints/cnn6_vgg_L[16]_fashion_spectral_mne_cnn6_vgg_manual_l2_w_if_rc0p00025_seed42_ep30_L16_trainT0.pth,0,post_input_if,0.31097310613920826,1.0,0.954933062099063,nan,1.3811893127858639,1.7057408355176449,,,,,,,,,,,,
cnn6_vgg,manual_l2_w_if,weights + IF,42,1,3,20273803,16,16,post_input_if,/Users/S4142196/Documents/Phd_Document/codes/QCFS_simulation_FI/QCFS_simulation/fashion_mnist-checkpoints/cnn6_vgg_L[16]_fashion_spectral_mne_cnn6_vgg_manual_l2_w_if_rc0p00025_seed42_ep30_L16_trainT0.pth,1,if1,0.5296985893664913,1.7033581969283536,0.8871887526181973,0.09644306435876963,1.712712999433279,1.7992916777729988,1.5482233874499798,0.031146613298915327,0.06133449194021523,0.10404741344973445,0.3668312467634678,0.0017142003562184982,1.677063301205635,0.060814681462943554,0.12153726513497531,0.11482988367788494,0.4449308644980192,0.0022017809242242947
cnn6_vgg,manual_l2_w_if,weights + IF,42,1,3,20273803,16,16,post_input_if,/Users/S4142196/Documents/Phd_Document/codes/QCFS_simulation_FI/QCFS_simulation/fashion_mnist-checkpoints/cnn6_vgg_L[16]_fashion_spectral_mne_cnn6_vgg_manual_l2_w_if_rc0p00025_seed42_ep30_L16_trainT0.pth,2,if2,0.720324036081239,1.3598753150215708,0.8083948568801697,0.09362711225237165,1.4689250141382217,1.7341202199459076,1.609761718660593,0.11118129547685385,0.1814589174464345,0.07439904706552625,0.6368794962763786,0.001772977822838584,2.062193714082241,0.048159150523133576,0.09647953044623137,0.10367639013566077,0.5645466111600399,0.0023735980175842997
cnn6_vgg,manual_l2_w_if,weights + IF,42,1,3,20273803,16,16,post_input_if,/Users/S4142196/Documents/Phd_Document/codes/QCFS_simulation_FI/QCFS_simulation/fashion_mnist-checkpoints/cnn6_vgg_L[16]_fashion_spectral_mne_cnn6_vgg_manual_l2_w_if_rc0p00025_seed42_ep30_L16_trainT0.pth,3,if3,0.7682960053314367,1.0665977627390841,0.7536225328557561,0.1396264446024992,1.7614091522991657,1.8698195442557335,1.9565245546400547,0.054113737191073596,0.10854043532162905,0.11792291677556932,0.48464606422930956,0.001521519214293221,2.608808547258377,0.04937058943323791,0.0987067692913115,0.13288351660594344,0.5421456955373287,0.0020892084467050154
cnn6_vgg,manual_l2_w_if,weights + IF,42,1,3,20273803,16,16,post_input_if,/Users/S4142196/Documents/Phd_Document/codes/QCFS_simulation_FI/QCFS_simulation/fashion_mnist-checkpoints/cnn6_vgg_L[16]_fashion_spectral_mne_cnn6_vgg_manual_l2_w_if_rc0p00025_seed42_ep30_L16_trainT0.pth,4,if4,0.8795995930826709,1.1448707099592672,0.6932123662984692,0.12674012476084184,1.5724177621304989,1.8225087821483612,2.2520216405391693,0.044389684800989926,0.08628035406582057,0.09083663951605558,0.611744461581111,0.0012443697996786796,2.319904074072838,0.049857001984491944,0.09992809523828328,0.12202348257414997,0.540836401283741,0.0016560456897423137
cnn6_vgg,manual_l2_w_if,weights + IF,42,1,3,20273803,16,16,post_input_if,/Users/S4142196/Documents/Phd_Document/codes/QCFS_simulation_FI/QCFS_simulation/fashion_mnist-checkpoints/cnn6_vgg_L[16]_fashion_spectral_mne_cnn6_vgg_manual_l2_w_if_rc0p00025_seed42_ep30_L16_trainT0.pth,5,if5,0.8845286227988605,1.0056037198686225,0.6654233747471139,0.14431760749038386,1.7078860960900784,1.8113659620285034,2.553170472383499,0.04789982922375202,0.09590024151839316,0.11259545828215778,0.5631748009473085,0.0013359225304157007,2.964090511202812,0.045277185970917344,0.0906499729026109,0.12664991081692278,0.5780695546418428,0.0031813017558306456
cnn6_vgg,manual_l2_w_if,weights + IF,42,1,3,20273803,16,16,post_input_if,/Users/S4142196/Documents/Phd_Document/codes/QCFS_simulation_FI/QCFS_simulation/fashion_mnist-checkpoints/cnn6_vgg_L[16]_fashion_spectral_mne_cnn6_vgg_manual_l2_w_if_rc0p00025_seed42_ep30_L16_trainT0.pth,6,if6,0.966375145517432,1.092531231447988,0.5794326928913385,0.14441128166354433,1.7466373853385448,1.8349915631115437,2.7037289291620255,0.04478765930980444,0.08942397590726614,0.1059138800483197,0.5920073688030243,0.0022417963300540578,3.1036177650094032,0.04350187233649194,0.08698007836937904,0.1168994300533086,0.5959323048591614,0.003580521501135081
cnn6_vgg,manual_l2_w_if,weights + IF,42,1,4,20274803,16,16,post_input_if,/Users/S4142196/Documents/Phd_Document/codes/QCFS_simulation_FI/QCFS_simulation/fashion_mnist-checkpoints/cnn6_vgg_L[16]_fashion_spectral_mne_cnn6_vgg_manual_l2_w_if_rc0p00025_seed42_ep30_L16_trainT0.pth,0,post_input_if,0.3105701115670585,1.0,0.9550037303141659,nan,1.3811893127858639,1.705383412539959,,,,,,,,,,,,
cnn6_vgg,manual_l2_w_if,weights + IF,42,1,4,20274803,16,16,post_input_if,/Users/S4142196/Documents/Phd_Document/codes/QCFS_simulation_FI/QCFS_simulation/fashion_mnist-checkpoints/cnn6_vgg_L[16]_fashion_spectral_mne_cnn6_vgg_manual_l2_w_if_rc0p00025_seed42_ep30_L16_trainT0.pth,1,if1,0.5289721530875516,1.703229426741973,0.8874532233756828,0.09636073696370027,1.712712999433279,1.7990971133112907,1.5482233874499798,0.031146613298915327,0.06133449194021523,0.10404741344973445,0.3668312467634678,0.0017142003562184982,1.676222413778305,0.060804327367804945,0.12165318452753127,0.11480521480552852,0.4448597878217697,0.002193684435042087
cnn6_vgg,manual_l2_w_if,weights + IF,42,1,4,20274803,16,16,post_input_if,/Users/S4142196/Documents/Phd_Document/codes/QCFS_simulation_FI/QCFS_simulation/fashion_mnist-checkpoints/cnn6_vgg_L[16]_fashion_spectral_mne_cnn6_vgg_manual_l2_w_if_rc0p00025_seed42_ep30_L16_trainT0.pth,2,if2,0.7196319384685009,1.3604344468193446,0.8087827956667721,0.09361829563063018,1.4689250141382217,1.7340800277888775,1.609761718660593,0.11118129547685385,0.1814589174464345,0.07439904706552625,0.6368794962763786,0.001772977822838584,2.0621944218873978,0.04815323441289365,0.09643266466446221,0.10367160174064338,0.5644669681787491,0.002381772363150958
cnn6_vgg,manual_l2_w_if,weights + IF,42,1,4,20274803,16,16,post_input_if,/Users/S4142196/Documents/Phd_Document/codes/QCFS_simulation_FI/QCFS_simulation/fashion_mnist-checkpoints/cnn6_vgg_L[16]_fashion_spectral_mne_cnn6_vgg_manual_l2_w_if_rc0p00025_seed42_ep30_L16_trainT0.pth,3,if3,0.7679596595646008,1.0671561648569259,0.7541882490210013,0.13957475156200175,1.7614091522991657,1.8704392686486244,1.9565245546400547,0.054113737191073596,0.10854043532162905,0.11792291677556932,0.48464606422930956,0.001521519214293221,2.6090279892086983,0.049200563109479845,0.09847648604772985,0.1329713724553585,0.5421868059784174,0.0020910768434987403
cnn6_vgg,manual_l2_w_if,weights + IF,42,1,4,20274803,16,16,post_input_if,/Users/S4142196/Documents/Phd_Document/codes/QCFS_simulation_FI/QCFS_simulation/fashion_mnist-checkpoints/cnn6_vgg_L[16]_fashion_spectral_mne_cnn6_vgg_manual_l2_w_if_rc0p00025_seed42_ep30_L16_trainT0.pth,4,if4,0.8793593172701236,1.1450592571082203,0.6942037415197395,0.12673963819231307,1.5724177621304989,1.8239193335175514,2.2520216405391693,0.044389684800989926,0.08628035406582057,0.09083663951605558,0.611744461581111,0.0012443697996786796,2.322209522128105,0.049906203988939524,0.09989243862219155,0.12221205746755004,0.5407901648432016,0.0016742628067731857
cnn6_vgg,manual_l2_w_if,weights + IF,42,1,4,20274803,16,16,post_input_if,/Users/S4142196/Documents/Phd_Document/codes/QCFS_simulation_FI/QCFS_simulation/fashion_mnist-checkpoints/cnn6_vgg_L[16]_fashion_spectral_mne_cnn6_vgg_manual_l2_w_if_rc0p00025_seed42_ep30_L16_trainT0.pth,5,if5,0.884212672348388,1.005519194466866,0.6663546226915888,0.1443336058636101,1.7078860960900784,1.8122500702738762,2.553170472383499,0.04789982922375202,0.09590024151839316,0.11259545828215778,0.5631748009473085,0.0013359225304157007,2.968112990260124,0.045362510601989925,0.09056122251786292,0.1267732665874064,0.5784961804747581,0.0031918894819682464
cnn6_vgg,manual_l2_w_if,weights + IF,42,1,4,20274803,16,16,post_input_if,/Users/S4142196/Documents/Phd_Document/codes/QCFS_simulation_FI/QCFS_simulation/fashion_mnist-checkpoints/cnn6_vgg_L[16]_fashion_spectral_mne_cnn6_vgg_manual_l2_w_if_rc0p00025_seed42_ep30_L16_trainT0.pth,6,if6,0.9660105964506358,1.0925093324946362,0.5802997196891543,0.14436075638751594,1.7466373853385448,1.8356408774852753,2.7037289291620255,0.04478765930980444,0.08942397590726614,0.1059138800483197,0.5920073688030243,0.0022417963300540578,3.1090079620480537,0.04343554377555847,0.08718809555284679,0.11698152241297066,0.5961169637739658,0.003605433812481351
cnn6_vgg,manual_l2_w_bn_if,weights + BN + IF,42,0.5,0,20260803,16,16,post_input_if,/Users/S4142196/Documents/Phd_Document/codes/QCFS_simulation_FI/QCFS_simulation/fashion_mnist-checkpoints/cnn6_vgg_L[16]_fashion_spectral_mne_cnn6_vgg_manual_l2_w_bn_if_rc0p00025_seed42_ep30_L16_trainT0.pth,0,post_input_if,0.1552619286852026,1.0,0.9881569547210943,nan,1.3988279812037945,1.4856400676071644,,,,,,,,,,,,
cnn6_vgg,manual_l2_w_bn_if,weights + BN + IF,42,0.5,0,20260803,16,16,post_input_if,/Users/S4142196/Documents/Phd_Document/codes/QCFS_simulation_FI/QCFS_simulation/fashion_mnist-checkpoints/cnn6_vgg_L[16]_fashion_spectral_mne_cnn6_vgg_manual_l2_w_bn_if_rc0p00025_seed42_ep30_L16_trainT0.pth,1,if1,0.30489050513847826,1.9637171051549365,0.9544919267751732,0.0454874865862788,1.5222117267549038,1.521023791283369,1.2570701092481613,0.03015494777355343,0.12194333551451564,0.08537835301831365,0.4328019181266427,0.000624753982265247,1.3017431907355785,0.06371844408567995,0.12752213375642896,0.08524505817331374,0.430434862151742,0.0006626674003200606
cnn6_vgg,manual_l2_w_bn_if,weights + BN + IF,42,0.5,0,20260803,16,16,post_input_if,/Users/S4142196/Documents/Phd_Document/codes/QCFS_simulation_FI/QCFS_simulation/fashion_mnist-checkpoints/cnn6_vgg_L[16]_fashion_spectral_mne_cnn6_vgg_manual_l2_w_bn_if_rc0p00025_seed42_ep30_L16_trainT0.pth,2,if2,0.43947958778599694,1.4414341554729284,0.9085103373261363,0.055675307098700076,1.3413934260606766,1.4275838322937489,1.3653441928327084,0.14137096516788006,0.17941657360643148,0.06458951346576214,0.6375557892024517,0.0003169312703903415,1.462658379226923,0.04946907109115273,0.0988642608281225,0.07315285177901387,0.5738794635981321,0.0003463589355305885
cnn6_vgg,manual_l2_w_bn_if,weights + BN + IF,42,0.5,0,20260803,16,16,post_input_if,/Users/S4142196/Documents/Phd_Document/codes/QCFS_simulation_FI/QCFS_simulation/fashion_mnist-checkpoints/cnn6_vgg_L[16]_fashion_spectral_mne_cnn6_vgg_manual_l2_w_bn_if_rc0p00025_seed42_ep30_L16_trainT0.pth,3,if3,0.49953055604826996,1.1366410862556706,0.8788285148243248,0.09040574638210998,1.5436770506203175,1.571017749607563,1.660785272717476,0.05646499234717339,0.11368031264282763,0.09379041311331093,0.5134540349245071,0.0002593994086055318,1.7350564450025558,0.05421291943639517,0.1084482604637742,0.09714095247909427,0.5207478944212198,0.0002106647048094601
cnn6_vgg,manual_l2_w_bn_if,weights + BN + IF,42,0.5,0,20260803,16,16,post_input_if,/Users/S4142196/Documents/Phd_Document/codes/QCFS_simulation_FI/QCFS_simulation/fashion_mnist-checkpoints/cnn6_vgg_L[16]_fashion_spectral_mne_cnn6_vgg_manual_l2_w_bn_if_rc0p00025_seed42_ep30_L16_trainT0.pth,4,if4,0.5803125474656845,1.1617158158581364,0.8405993038790136,0.07889389505191725,1.3633216135203838,1.4753016978502274,1.9098565131425858,0.04262527101673186,0.08588782954029739,0.0715843690559268,0.6348071824759245,0.00032277009540848667,1.821638084948063,0.0487706697313115,0.0977980934549123,0.08381983474828303,0.5711735170334578,0.00020334671626187628
cnn6_vgg,manual_l2_w_bn_if,weights + BN + IF,42,0.5,0,20260803,16,16,post_input_if,/Users/S4142196/Documents/Phd_Document/codes/QCFS_simulation_FI/QCFS_simulation/fashion_mnist-checkpoints/cnn6_vgg_L[16]_fashion_spectral_mne_cnn6_vgg_manual_l2_w_bn_if_rc0p00025_seed42_ep30_L16_trainT0.pth,5,if5,0.594528998462917,1.0244979210932417,0.8285506690677967,0.10029345142598055,1.5222757048904896,1.5510202199220657,2.144558034837246,0.04881379927974194,0.09756407211534679,0.09468895848840475,0.5652739759534597,0.0003011275257449597,2.1377656534314156,0.048359149834141135,0.09684690949507058,0.09829497593455017,0.5649283193051815,0.00023479850415242254
cnn6_vgg,manual_l2_w_bn_if,weights + BN + IF,42,0.5,0,20260803,16,16,post_input_if,/Users/S4142196/Documents/Phd_Document/codes/QCFS_simulation_FI/QCFS_simulation/fashion_mnist-checkpoints/cnn6_vgg_L[16]_fashion_spectral_mne_cnn6_vgg_manual_l2_w_bn_if_rc0p00025_seed42_ep30_L16_trainT0.pth,6,if6,0.6933216979186356,1.166169690143181,0.7705459965044058,0.11545926697400151,1.7058405876159668,1.756208561360836,2.384370654821396,0.04661809094250202,0.09321594052016735,0.10284110228531063,0.5798816177994013,0.0017180150425701868,2.456235833466053,0.0466377092525363,0.09336292324587703,0.10900111892260611,0.5732583701610565,0.0018061423215840477
cnn6_vgg,manual_l2_w_bn_if,weights + BN + IF,42,0.5,1,20261803,16,16,post_input_if,/Users/S4142196/Documents/Phd_Document/codes/QCFS_simulation_FI/QCFS_simulation/fashion_mnist-checkpoints/cnn6_vgg_L[16]_fashion_spectral_mne_cnn6_vgg_manual_l2_w_bn_if_rc0p00025_seed42_ep30_L16_trainT0.pth,0,post_input_if,0.15535322305174096,1.0,0.9881468520377177,nan,1.3988279812037945,1.4856879189610481,,,,,,,,,,,,
cnn6_vgg,manual_l2_w_bn_if,weights + BN + IF,42,0.5,1,20261803,16,16,post_input_if,/Users/S4142196/Documents/Phd_Document/codes/QCFS_simulation_FI/QCFS_simulation/fashion_mnist-checkpoints/cnn6_vgg_L[16]_fashion_spectral_mne_cnn6_vgg_manual_l2_w_bn_if_rc0p00025_seed42_ep30_L16_trainT0.pth,1,if1,0.30489539501602836,1.9625945894568395,0.9544982615122884,0.04548443093591807,1.5222117267549038,1.5211260542273521,1.2570701092481613,0.03015494777355343,0.12194333551451564,0.08537835301831365,0.4328019181266427,0.000624753982265247,1.3019913211464882,0.06385624106042087,0.12760076439008117,0.08525680331513286,0.43046670220792294,0.0006590084039999056
cnn6_vgg,manual_l2_w_bn_if,weights + BN + IF,42,0.5,1,20261803,16,16,post_input_if,/Users/S4142196/Documents/Phd_Document/codes/QCFS_simulation_FI/QCFS_simulation/fashion_mnist-checkpoints/cnn6_vgg_L[16]_fashion_spectral_mne_cnn6_vgg_manual_l2_w_bn_if_rc0p00025_seed42_ep30_L16_trainT0.pth,2,if2,0.43969403320864237,1.4421143788856754,0.9084437784178603,0.055668008570768396,1.3413934260606766,1.4277226589620113,1.3653441928327084,0.14137096516788006,0.17941657360643148,0.06458951346576214,0.6375557892024517,0.0003169312703903415,1.4628810919821262,0.04946198652032763,0.09893074654974043,0.07316711847670376,0.5739721916615963,0.0003497065258670773
cnn6_vgg,manual_l2_w_bn_if,weights + BN + IF,42,0.5,1,20261803,16,16,post_input_if,/Users/S4142196/Documents/Phd_Document/codes/QCFS_simulation_FI/QCFS_simulation/fashion_mnist-checkpoints/cnn6_vgg_L[16]_fashion_spectral_mne_cnn6_vgg_manual_l2_w_bn_if_rc0p00025_seed42_ep30_L16_trainT0.pth,3,if3,0.49998823986679375,1.137127643552854,0.8785963730135056,0.09042250380224111,1.5436770506203175,1.5711000598967075,1.660785272717476,0.05646499234717339,0.11368031264282763,0.09379041311331093,0.5134540349245071,0.0002593994086055318,1.7350472770631313,0.054119809763506055,0.10854526166804135,0.09715153952129185,0.5205833185464144,0.00021175461870370782
cnn6_vgg,manual_l2_w_bn_if,weights + BN + IF,42,0.5,1,20261803,16,16,post_input_if,/Users/S4142196/Documents/Phd_Document/codes/QCFS_simulation_FI/QCFS_simulation/fashion_mnist-checkpoints/cnn6_vgg_L[16]_fashion_spectral_mne_cnn6_vgg_manual_l2_w_bn_if_rc0p00025_seed42_ep30_L16_trainT0.pth,4,if4,0.580814903350306,1.1616571291857705,0.8402716121992946,0.07889479033801021,1.3633216135203838,1.4753984399139881,1.9098565131425858,0.04262527101673186,0.08588782954029739,0.0715843690559268,0.6348071824759245,0.00032277009540848667,1.8212685696780682,0.048879349837079644,0.09777738456614316,0.08383077313192189,0.5710385255515575,0.00020459233269320976
cnn6_vgg,manual_l2_w_bn_if,weights + BN + IF,42,0.5,1,20261803,16,16,post_input_if,/Users/S4142196/Documents/Phd_Document/codes/QCFS_simulation_FI/QCFS_simulation/fashion_mnist-checkpoints/cnn6_vgg_L[16]_fashion_spectral_mne_cnn6_vgg_manual_l2_w_bn_if_rc0p00025_seed42_ep30_L16_trainT0.pth,5,if5,0.5956788464661069,1.0255915318805722,0.8278274484396855,0.10034010361651985,1.5222757048904896,1.5508450791239738,2.144558034837246,0.04881379927974194,0.09756407211534679,0.09468895848840475,0.5652739759534597,0.0003011275257449597,2.136578232049942,0.04835136514157057,0.09659809782169759,0.09827308123931289,0.5651528388261795,0.0002394695643488376
cnn6_vgg,manual_l2_w_bn_if,weights + BN + IF,42,0.5,1,20261803,16,16,post_input_if,/Users/S4142196/Documents/Phd_Document/codes/QCFS_simulation_FI/QCFS_simulation/fashion_mnist-checkpoints/cnn6_vgg_L[16]_fashion_spectral_mne_cnn6_vgg_manual_l2_w_bn_if_rc0p00025_seed42_ep30_L16_trainT0.pth,6,if6,0.6949262451641736,1.1666122597551627,0.7693376016596846,0.1156971989845743,1.7058405876159668,1.756307415664196,2.384370654821396,0.04661809094250202,0.09321594052016735,0.10284110228531063,0.5798816177994013,0.0017180150425701868,2.456435188651085,0.046968420036137104,0.09379266109317541,0.10901343869045377,0.572765726596117,0.0017625458058319055
cnn6_vgg,manual_l2_w_bn_if,weights + BN + IF,42,0.5,2,20262803,16,16,post_input_if,/Users/S4142196/Documents/Phd_Document/codes/QCFS_simulation_FI/QCFS_simulation/fashion_mnist-checkpoints/cnn6_vgg_L[16]_fashion_spectral_mne_cnn6_vgg_manual_l2_w_bn_if_rc0p00025_seed42_ep30_L16_trainT0.pth,0,post_input_if,0.15538709859090818,1.0,0.9881420535951323,nan,1.3988279812037945,1.4856452159583569,,,,,,,,,,,,
cnn6_vgg,manual_l2_w_bn_if,weights + BN + IF,42,0.5,2,20262803,16,16,post_input_if,/Users/S4142196/Documents/Phd_Document/codes/QCFS_simulation_FI/QCFS_simulation/fashion_mnist-checkpoints/cnn6_vgg_L[16]_fashion_spectral_mne_cnn6_vgg_manual_l2_w_bn_if_rc0p00025_seed42_ep30_L16_trainT0.pth,1,if1,0.3050278650083436,1.9630192453197077,0.9544648562814526,0.04553298074371961,1.5222117267549038,1.5211434327065945,1.2570701092481613,0.03015494777355343,0.12194333551451564,0.08537835301831365,0.4328019181266427,0.000624753982265247,1.301849875599146,0.06397387315519154,0.12768258526921272,0.08525884710252285,0.43039936013519764,0.0006695182819385082
cnn6_vgg,manual_l2_w_bn_if,weights + BN + IF,42,0.5,2,20262803,16,16,post_input_if,/Users/S4142196/Documents/Phd_Document/codes/QCFS_simulation_FI/QCFS_simulation/fashion_mnist-checkpoints/cnn6_vgg_L[16]_fashion_spectral_mne_cnn6_vgg_manual_l2_w_bn_if_rc0p00025_seed42_ep30_L16_trainT0.pth,2,if2,0.4394618278148453,1.4407268260649708,0.9085136735460064,0.05570414601540079,1.3413934260606766,1.4275505244731903,1.3653441928327084,0.14137096516788006,0.17941657360643148,0.06458951346576214,0.6375557892024517,0.0003169312703903415,1.4626805856823921,0.04944703902583569,0.09892428386956453,0.07314958749338984,0.5739524066448212,0.00035001793230549083
cnn6_vgg,manual_l2_w_bn_if,weights + BN + IF,42,0.5,2,20262803,16,16,post_input_if,/Users/S4142196/Documents/Phd_Document/codes/QCFS_simulation_FI/QCFS_simulation/fashion_mnist-checkpoints/cnn6_vgg_L[16]_fashion_spectral_mne_cnn6_vgg_manual_l2_w_bn_if_rc0p00025_seed42_ep30_L16_trainT0.pth,3,if3,0.49920558365456486,1.1359475432412094,0.8789830590495508,0.0903845417256258,1.5436770506203175,1.5708092749118805,1.660785272717476,0.05646499234717339,0.11368031264282763,0.09379041311331093,0.5134540349245071,0.0002593994086055318,1.7351153679192066,0.05414752475917339,0.10840730974450707,0.09711515437811613,0.5207933597266674,0.00019711863910742977
cnn6_vgg,manual_l2_w_bn_if,weights + BN + IF,42,0.5,2,20262803,16,16,post_input_if,/Users/S4142196/Documents/Phd_Document/codes/QCFS_simulation_FI/QCFS_simulation/fashion_mnist-checkpoints/cnn6_vgg_L[16]_fashion_spectral_mne_cnn6_vgg_manual_l2_w_bn_if_rc0p00025_seed42_ep30_L16_trainT0.pth,4,if4,0.5800980316008622,1.1620423540820657,0.8408248114848047,0.07887241791705696,1.3633216135203838,1.4756366647779942,1.9098565131425858,0.04262527101673186,0.08588782954029739,0.0715843690559268,0.6348071824759245,0.00032277009540848667,1.8215311914682388,0.04888215276878327,0.09764379169791937,0.08385766157880425,0.5711031407117844,0.00020428092693691724
cnn6_vgg,manual_l2_w_bn_if,weights + BN + IF,42,0.5,2,20262803,16,16,post_input_if,/Users/S4142196/Documents/Phd_Document/codes/QCFS_simulation_FI/QCFS_simulation/fashion_mnist-checkpoints/cnn6_vgg_L[16]_fashion_spectral_mne_cnn6_vgg_manual_l2_w_bn_if_rc0p00025_seed42_ep30_L16_trainT0.pth,5,if5,0.5949538185642387,1.025609097349253,0.8285327597633448,0.10027795908402423,1.5222757048904896,1.5516766496002674,2.144558034837246,0.04881379927974194,0.09756407211534679,0.09468895848840475,0.5652739759534597,0.0003011275257449597,2.1388755962252617,0.04812404001131654,0.0965538783930242,0.09837765456177294,0.5652864277362823,0.00024289500470331404
cnn6_vgg,manual_l2_w_bn_if,weights + BN + IF,42,0.5,2,20262803,16,16,post_input_if,/Users/S4142196/Documents/Phd_Document/codes/QCFS_simulation_FI/QCFS_simulation/fashion_mnist-checkpoints/cnn6_vgg_L[16]_fashion_spectral_mne_cnn6_vgg_manual_l2_w_bn_if_rc0p00025_seed42_ep30_L16_trainT0.pth,6,if6,0.6935770245233098,1.1657661534084642,0.7706344048628191,0.1154825833379006,1.7058405876159668,1.7571836970746517,2.384370654821396,0.04661809094250202,0.09321594052016735,0.10284110228531063,0.5798816177994013,0.0017180150425701868,2.4599460884928703,0.046632104204036295,0.09342271275818348,0.10912108677439392,0.5731524918228388,0.0018232695510960184
cnn6_vgg,manual_l2_w_bn_if,weights + BN + IF,42,0.5,3,20263803,16,16,post_input_if,/Users/S4142196/Documents/Phd_Document/codes/QCFS_simulation_FI/QCFS_simulation/fashion_mnist-checkpoints/cnn6_vgg_L[16]_fashion_spectral_mne_cnn6_vgg_manual_l2_w_bn_if_rc0p00025_seed42_ep30_L16_trainT0.pth,0,post_input_if,0.15532710646215675,1.0,0.9881451525296946,nan,1.3988279812037945,1.4855441078543663,,,,,,,,,,,,
cnn6_vgg,manual_l2_w_bn_if,weights + BN + IF,42,0.5,3,20263803,16,16,post_input_if,/Users/S4142196/Documents/Phd_Document/codes/QCFS_simulation_FI/QCFS_simulation/fashion_mnist-checkpoints/cnn6_vgg_L[16]_fashion_spectral_mne_cnn6_vgg_manual_l2_w_bn_if_rc0p00025_seed42_ep30_L16_trainT0.pth,1,if1,0.3050353016067893,1.963825301034027,0.9544404381985213,0.04548620691104811,1.5222117267549038,1.5208929404616356,1.2570701092481613,0.03015494777355343,0.12194333551451564,0.08537835301831365,0.4328019181266427,0.000624753982265247,1.3016136921942234,0.0637674902100116,0.12757234880700707,0.0852304850704968,0.4304059771820903,0.0006617331900997669
cnn6_vgg,manual_l2_w_bn_if,weights + BN + IF,42,0.5,3,20263803,16,16,post_input_if,/Users/S4142196/Documents/Phd_Document/codes/QCFS_simulation_FI/QCFS_simulation/fashion_mnist-checkpoints/cnn6_vgg_L[16]_fashion_spectral_mne_cnn6_vgg_manual_l2_w_bn_if_rc0p00025_seed42_ep30_L16_trainT0.pth,2,if2,0.43989930143931055,1.4421258756678919,0.9083057944383547,0.05566949260478117,1.3413934260606766,1.4276633374392986,1.3653441928327084,0.14137096516788006,0.17941657360643148,0.06458951346576214,0.6375557892024517,0.0003169312703903415,1.4625718779861927,0.04942072543781251,0.09890310955233872,0.07316095288842916,0.5737422183156013,0.0003527427147673734
cnn6_vgg,manual_l2_w_bn_if,weights + BN + IF,42,0.5,3,20263803,16,16,post_input_if,/Users/S4142196/Documents/Phd_Document/codes/QCFS_simulation_FI/QCFS_simulation/fashion_mnist-checkpoints/cnn6_vgg_L[16]_fashion_spectral_mne_cnn6_vgg_manual_l2_w_bn_if_rc0p00025_seed42_ep30_L16_trainT0.pth,3,if3,0.4996703080293243,1.1358742930358117,0.8787119206683535,0.09042351586478097,1.5436770506203175,1.5707712173461914,1.660785272717476,0.05646499234717339,0.11368031264282763,0.09379041311331093,0.5134540349245071,0.0002593994086055318,1.7353802174329758,0.054138493607752025,0.1084719265345484,0.0971103182528168,0.5208833497017622,0.00021191032215028827
cnn6_vgg,manual_l2_w_bn_if,weights + BN + IF,42,0.5,3,20263803,16,16,post_input_if,/Users/S4142196/Documents/Phd_Document/codes/QCFS_simulation_FI/QCFS_simulation/fashion_mnist-checkpoints/cnn6_vgg_L[16]_fashion_spectral_mne_cnn6_vgg_manual_l2_w_bn_if_rc0p00025_seed42_ep30_L16_trainT0.pth,4,if4,0.5804699013845808,1.16170581292678,0.8405232285519008,0.07890286737558794,1.3633216135203838,1.475576188415289,1.9098565131425858,0.04262527101673186,0.08588782954029739,0.0715843690559268,0.6348071824759245,0.00032277009540848667,1.821135025471449,0.04890519683249295,0.09781023673713207,0.08385097561404109,0.5710126776248217,0.00019883135882992065
cnn6_vgg,manual_l2_w_bn_if,weights + BN + IF,42,0.5,3,20263803,16,16,post_input_if,/Users/S4142196/Documents/Phd_Document/codes/QCFS_simulation_FI/QCFS_simulation/fashion_mnist-checkpoints/cnn6_vgg_L[16]_fashion_spectral_mne_cnn6_vgg_manual_l2_w_bn_if_rc0p00025_seed42_ep30_L16_trainT0.pth,5,if5,0.5952135523709411,1.0253995098646678,0.8280508288372951,0.10029315948486328,1.5222757048904896,1.5508893579244614,2.144558034837246,0.04881379927974194,0.09756407211534679,0.09468895848840475,0.5652739759534597,0.0003011275257449597,2.1375322714447975,0.04835665854625404,0.09672670788131654,0.09827814111486077,0.5648541953414679,0.0002435178132600413
cnn6_vgg,manual_l2_w_bn_if,weights + BN + IF,42,0.5,3,20263803,16,16,post_input_if,/Users/S4142196/Documents/Phd_Document/codes/QCFS_simulation_FI/QCFS_simulation/fashion_mnist-checkpoints/cnn6_vgg_L[16]_fashion_spectral_mne_cnn6_vgg_manual_l2_w_bn_if_rc0p00025_seed42_ep30_L16_trainT0.pth,6,if6,0.6944391821526384,1.1667059316550294,0.7696783177760551,0.11559992420430086,1.7058405876159668,1.7560365870594978,2.384370654821396,0.04661809094250202,0.09321594052016735,0.10284110228531063,0.5798816177994013,0.0017180150425701868,2.454460769891739,0.04669189325068146,0.09351239632815123,0.10897887265309691,0.5732720736414194,0.001789949346857611
cnn6_vgg,manual_l2_w_bn_if,weights + BN + IF,42,0.5,4,20264803,16,16,post_input_if,/Users/S4142196/Documents/Phd_Document/codes/QCFS_simulation_FI/QCFS_simulation/fashion_mnist-checkpoints/cnn6_vgg_L[16]_fashion_spectral_mne_cnn6_vgg_manual_l2_w_bn_if_rc0p00025_seed42_ep30_L16_trainT0.pth,0,post_input_if,0.15527922209066972,1.0,0.9881592113001437,nan,1.3988279812037945,1.4856483191251755,,,,,,,,,,,,
cnn6_vgg,manual_l2_w_bn_if,weights + BN + IF,42,0.5,4,20264803,16,16,post_input_if,/Users/S4142196/Documents/Phd_Document/codes/QCFS_simulation_FI/QCFS_simulation/fashion_mnist-checkpoints/cnn6_vgg_L[16]_fashion_spectral_mne_cnn6_vgg_manual_l2_w_bn_if_rc0p00025_seed42_ep30_L16_trainT0.pth,1,if1,0.3048227749403647,1.963062223240495,0.9545080890507079,0.04548982211521694,1.5222117267549038,1.5209374725818634,1.2570701092481613,0.03015494777355343,0.12194333551451564,0.08537835301831365,0.4328019181266427,0.000624753982265247,1.3016650825738907,0.0638952434528619,0.1277107670903206,0.08523558895103633,0.43038168642669916,0.0006614996318603517
cnn6_vgg,manual_l2_w_bn_if,weights + BN + IF,42,0.5,4,20264803,16,16,post_input_if,/Users/S4142196/Documents/Phd_Document/codes/QCFS_simulation_FI/QCFS_simulation/fashion_mnist-checkpoints/cnn6_vgg_L[16]_fashion_spectral_mne_cnn6_vgg_manual_l2_w_bn_if_rc0p00025_seed42_ep30_L16_trainT0.pth,2,if2,0.43936752473203106,1.441386801947422,0.908515838850623,0.05568851256857113,1.3413934260606766,1.427475068718195,1.3653441928327084,0.14137096516788006,0.17941657360643148,0.06458951346576214,0.6375557892024517,0.0003169312703903415,1.4624832719564438,0.04945762699935585,0.09898446314036846,0.07314166077412665,0.5738153886049986,0.0003441012554503686
cnn6_vgg,manual_l2_w_bn_if,weights + BN + IF,42,0.5,4,20264803,16,16,post_input_if,/Users/S4142196/Documents/Phd_Document/codes/QCFS_simulation_FI/QCFS_simulation/fashion_mnist-checkpoints/cnn6_vgg_L[16]_fashion_spectral_mne_cnn6_vgg_manual_l2_w_bn_if_rc0p00025_seed42_ep30_L16_trainT0.pth,3,if3,0.4988822034143388,1.1354553428103398,0.879041139990407,0.09029831205095563,1.5436770506203175,1.5704463832080364,1.660785272717476,0.05646499234717339,0.11368031264282763,0.09379041311331093,0.5134540349245071,0.0002593994086055318,1.733639720827341,0.054391664918512106,0.10845106327906251,0.09707034146413207,0.5208240263164043,0.00019525021525623742
cnn6_vgg,manual_l2_w_bn_if,weights + BN + IF,42,0.5,4,20264803,16,16,post_input_if,/Users/S4142196/Documents/Phd_Document/codes/QCFS_simulation_FI/QCFS_simulation/fashion_mnist-checkpoints/cnn6_vgg_L[16]_fashion_spectral_mne_cnn6_vgg_manual_l2_w_bn_if_rc0p00025_seed42_ep30_L16_trainT0.pth,4,if4,0.5797051872342995,1.1620081519581376,0.8407950632362052,0.07885894970018037,1.3633216135203838,1.4750346951186657,1.9098565131425858,0.04262527101673186,0.08588782954029739,0.0715843690559268,0.6348071824759245,0.00032277009540848667,1.8204570561647415,0.04886891774367541,0.09770918660797179,0.08378958026878536,0.5711510963737965,0.00019525021662047948
cnn6_vgg,manual_l2_w_bn_if,weights + BN + IF,42,0.5,4,20264803,16,16,post_input_if,/Users/S4142196/Documents/Phd_Document/codes/QCFS_simulation_FI/QCFS_simulation/fashion_mnist-checkpoints/cnn6_vgg_L[16]_fashion_spectral_mne_cnn6_vgg_manual_l2_w_bn_if_rc0p00025_seed42_ep30_L16_trainT0.pth,5,if5,0.5943304155700626,1.0252287346358555,0.8285765763228587,0.10023784637451172,1.5222757048904896,1.5506640784442425,2.144558034837246,0.04881379927974194,0.09756407211534679,0.09468895848840475,0.5652739759534597,0.0003011275257449597,2.135503798723221,0.048271333682350814,0.09692600602284074,0.09825034788809717,0.5648896992206573,0.00023635552634004853
cnn6_vgg,manual_l2_w_bn_if,weights + BN + IF,42,0.5,4,20264803,16,16,post_input_if,/Users/S4142196/Documents/Phd_Document/codes/QCFS_simulation_FI/QCFS_simulation/fashion_mnist-checkpoints/cnn6_vgg_L[16]_fashion_spectral_mne_cnn6_vgg_manual_l2_w_bn_if_rc0p00025_seed42_ep30_L16_trainT0.pth,6,if6,0.6929640689215276,1.1659576066906465,0.7703634552447547,0.11541693551199776,1.7058405876159668,1.754739835858345,2.384370654821396,0.04661809094250202,0.09321594052016735,0.10284110228531063,0.5798816177994013,0.0017180150425701868,2.456755019724369,0.04673486715182662,0.09361111233010888,0.10881849867291749,0.5734997056424618,0.0017410589280189015
cnn6_vgg,manual_l2_w_bn_if,weights + BN + IF,42,1,0,20270803,16,16,post_input_if,/Users/S4142196/Documents/Phd_Document/codes/QCFS_simulation_FI/QCFS_simulation/fashion_mnist-checkpoints/cnn6_vgg_L[16]_fashion_spectral_mne_cnn6_vgg_manual_l2_w_bn_if_rc0p00025_seed42_ep30_L16_trainT0.pth,0,post_input_if,0.31103047576981824,1.0,0.9548654120327842,nan,1.3988279812037945,1.7197945713996887,,,,,,,,,,,,
cnn6_vgg,manual_l2_w_bn_if,weights + BN + IF,42,1,0,20270803,16,16,post_input_if,/Users/S4142196/Documents/Phd_Document/codes/QCFS_simulation_FI/QCFS_simulation/fashion_mnist-checkpoints/cnn6_vgg_L[16]_fashion_spectral_mne_cnn6_vgg_manual_l2_w_bn_if_rc0p00025_seed42_ep30_L16_trainT0.pth,1,if1,0.5173024219529064,1.6631888584954684,0.8854600489447538,0.07334221625814633,1.5222117267549038,1.5775409378111362,1.2570701092481613,0.03015494777355343,0.12194333551451564,0.08537835301831365,0.4328019181266427,0.000624753982265247,1.4142868556082249,0.06064800207968801,0.12132877972908318,0.09169618273153901,0.46315725427120924,0.0007934570203360636
cnn6_vgg,manual_l2_w_bn_if,weights + BN + IF,42,1,0,20270803,16,16,post_input_if,/Users/S4142196/Documents/Phd_Document/codes/QCFS_simulation_FI/QCFS_simulation/fashion_mnist-checkpoints/cnn6_vgg_L[16]_fashion_spectral_mne_cnn6_vgg_manual_l2_w_bn_if_rc0p00025_seed42_ep30_L16_trainT0.pth,2,if2,0.6998115851556376,1.3528094117822362,0.8044439525139252,0.0778304654724744,1.3413934260606766,1.5364126190543175,1.3653441928327084,0.14137096516788006,0.17941657360643148,0.06458951346576214,0.6375557892024517,0.0003169312703903415,1.642173234373331,0.049241357017308474,0.09855947433970869,0.08472897857427597,0.5665849056094885,0.0004951321270709741
cnn6_vgg,manual_l2_w_bn_if,weights + BN + IF,42,1,0,20270803,16,16,post_input_if,/Users/S4142196/Documents/Phd_Document/codes/QCFS_simulation_FI/QCFS_simulation/fashion_mnist-checkpoints/cnn6_vgg_L[16]_fashion_spectral_mne_cnn6_vgg_manual_l2_w_bn_if_rc0p00025_seed42_ep30_L16_trainT0.pth,3,if3,0.7613320939192536,1.0879101033315044,0.7576243383563509,0.11437455002142459,1.5436770506203175,1.6595702283084393,1.660785272717476,0.05646499234717339,0.11368031264282763,0.09379041311331093,0.5134540349245071,0.0002593994086055318,2.0934157595038414,0.05110199481714517,0.10216631018556654,0.10839877626858652,0.5368985440582037,0.0002849345255526714
cnn6_vgg,manual_l2_w_bn_if,weights + BN + IF,42,1,0,20270803,16,16,post_input_if,/Users/S4142196/Documents/Phd_Document/codes/QCFS_simulation_FI/QCFS_simulation/fashion_mnist-checkpoints/cnn6_vgg_L[16]_fashion_spectral_mne_cnn6_vgg_manual_l2_w_bn_if_rc0p00025_seed42_ep30_L16_trainT0.pth,4,if4,0.8420240058726614,1.1059877977007573,0.7057695219934303,0.09903018328608298,1.3633216135203838,1.568087000399828,1.9098565131425858,0.04262527101673186,0.08588782954029739,0.0715843690559268,0.6348071824759245,0.00032277009540848667,1.969392091035843,0.04910511791240424,0.0980733735486865,0.09469446633011103,0.5622575599700212,0.00022374366608346463
cnn6_vgg,manual_l2_w_bn_if,weights + BN + IF,42,1,0,20270803,16,16,post_input_if,/Users/S4142196/Documents/Phd_Document/codes/QCFS_simulation_FI/QCFS_simulation/fashion_mnist-checkpoints/cnn6_vgg_L[16]_fashion_spectral_mne_cnn6_vgg_manual_l2_w_bn_if_rc0p00025_seed42_ep30_L16_trainT0.pth,5,if5,0.8370442818262417,0.9940860070357985,0.6987211567318549,0.12078425349021445,1.5222757048904896,1.6241350173950195,2.144558034837246,0.04881379927974194,0.09756407211534679,0.09468895848840475,0.5652739759534597,0.0003011275257449597,2.347197264432907,0.047671258565969765,0.09488257369957864,0.10777928633615375,0.567688599228859,0.00047956193247955525
cnn6_vgg,manual_l2_w_bn_if,weights + BN + IF,42,1,0,20270803,16,16,post_input_if,/Users/S4142196/Documents/Phd_Document/codes/QCFS_simulation_FI/QCFS_simulation/fashion_mnist-checkpoints/cnn6_vgg_L[16]_fashion_spectral_mne_cnn6_vgg_manual_l2_w_bn_if_rc0p00025_seed42_ep30_L16_trainT0.pth,6,if6,0.9323455111736425,1.113854465548077,0.6321587858302965,0.1386194423753388,1.7058405876159668,1.8455965891480446,2.384370654821396,0.04661809094250202,0.09321594052016735,0.10284110228531063,0.5798816177994013,0.0017180150425701868,2.6926408484578133,0.04633564758114517,0.0927379357162863,0.12037905654869974,0.5709957145154476,0.003702591777255293
cnn6_vgg,manual_l2_w_bn_if,weights + BN + IF,42,1,1,20271803,16,16,post_input_if,/Users/S4142196/Documents/Phd_Document/codes/QCFS_simulation_FI/QCFS_simulation/fashion_mnist-checkpoints/cnn6_vgg_L[16]_fashion_spectral_mne_cnn6_vgg_manual_l2_w_bn_if_rc0p00025_seed42_ep30_L16_trainT0.pth,0,post_input_if,0.31086562433279136,1.0,0.9549118017207933,nan,1.3988279812037945,1.7196230478584766,,,,,,,,,,,,
cnn6_vgg,manual_l2_w_bn_if,weights + BN + IF,42,1,1,20271803,16,16,post_input_if,/Users/S4142196/Documents/Phd_Document/codes/QCFS_simulation_FI/QCFS_simulation/fashion_mnist-checkpoints/cnn6_vgg_L[16]_fashion_spectral_mne_cnn6_vgg_manual_l2_w_bn_if_rc0p00025_seed42_ep30_L16_trainT0.pth,1,if1,0.5173264074309379,1.6641480013792835,0.885397094017467,0.0733160486026686,1.5222117267549038,1.5772562362253666,1.2570701092481613,0.03015494777355343,0.12194333551451564,0.08537835301831365,0.4328019181266427,0.000624753982265247,1.4139815159142017,0.0607271766057238,0.12136669340543449,0.09166317409835756,0.4633317980915308,0.0007849712637835182
cnn6_vgg,manual_l2_w_bn_if,weights + BN + IF,42,1,1,20271803,16,16,post_input_if,/Users/S4142196/Documents/Phd_Document/codes/QCFS_simulation_FI/QCFS_simulation/fashion_mnist-checkpoints/cnn6_vgg_L[16]_fashion_spectral_mne_cnn6_vgg_manual_l2_w_bn_if_rc0p00025_seed42_ep30_L16_trainT0.pth,2,if2,0.7001490232536915,1.35339896281471,0.8043426773048225,0.07783218305938099,1.3413934260606766,1.5364249646663666,1.3653441928327084,0.14137096516788006,0.17941657360643148,0.06458951346576214,0.6375557892024517,0.0003169312703903415,1.6421515606343746,0.049297253717668355,0.09850536868907511,0.08473040419630706,0.5667599141597748,0.0004894490020888043
cnn6_vgg,manual_l2_w_bn_if,weights + BN + IF,42,1,1,20271803,16,16,post_input_if,/Users/S4142196/Documents/Phd_Document/codes/QCFS_simulation_FI/QCFS_simulation/fashion_mnist-checkpoints/cnn6_vgg_L[16]_fashion_spectral_mne_cnn6_vgg_manual_l2_w_bn_if_rc0p00025_seed42_ep30_L16_trainT0.pth,3,if3,0.7624678076927632,1.0890078859918528,0.7570711894216038,0.1145425524030413,1.5436770506203175,1.6604873463511467,1.660785272717476,0.05646499234717339,0.11368031264282763,0.09379041311331093,0.5134540349245071,0.0002593994086055318,2.093786332756281,0.05113313545007259,0.10235673445276916,0.10851851082406938,0.5365450978279114,0.0002866472459572833
cnn6_vgg,manual_l2_w_bn_if,weights + BN + IF,42,1,1,20271803,16,16,post_input_if,/Users/S4142196/Documents/Phd_Document/codes/QCFS_simulation_FI/QCFS_simulation/fashion_mnist-checkpoints/cnn6_vgg_L[16]_fashion_spectral_mne_cnn6_vgg_manual_l2_w_bn_if_rc0p00025_seed42_ep30_L16_trainT0.pth,4,if4,0.8426279587491254,1.105132505592502,0.7051937316030931,0.09901423356970962,1.3633216135203838,1.5677981711924076,1.9098565131425858,0.04262527101673186,0.08588782954029739,0.0715843690559268,0.6348071824759245,0.00032277009540848667,1.9718116633594036,0.04900157602969557,0.0980195002630353,0.09465915127657354,0.5624215099960566,0.00021564716917055193
cnn6_vgg,manual_l2_w_bn_if,weights + BN + IF,42,1,1,20271803,16,16,post_input_if,/Users/S4142196/Documents/Phd_Document/codes/QCFS_simulation_FI/QCFS_simulation/fashion_mnist-checkpoints/cnn6_vgg_L[16]_fashion_spectral_mne_cnn6_vgg_manual_l2_w_bn_if_rc0p00025_seed42_ep30_L16_trainT0.pth,5,if5,0.8364866217188415,0.9927116861403451,0.6987813624618975,0.12073954757379025,1.5222757048904896,1.6239626184105873,2.144558034837246,0.04881379927974194,0.09756407211534679,0.09468895848840475,0.5652739759534597,0.0003011275257449597,2.348425179719925,0.047575657488778234,0.0951637711841613,0.1077564568258822,0.5676365960389376,0.00047769351112947334
cnn6_vgg,manual_l2_w_bn_if,weights + BN + IF,42,1,1,20271803,16,16,post_input_if,/Users/S4142196/Documents/Phd_Document/codes/QCFS_simulation_FI/QCFS_simulation/fashion_mnist-checkpoints/cnn6_vgg_L[16]_fashion_spectral_mne_cnn6_vgg_manual_l2_w_bn_if_rc0p00025_seed42_ep30_L16_trainT0.pth,6,if6,0.9314066905937065,1.1134747005036614,0.6323210934841609,0.13855834883086535,1.7058405876159668,1.8446383476257324,2.384370654821396,0.04661809094250202,0.09321594052016735,0.10284110228531063,0.5798816177994013,0.0017180150425701868,2.692947693169117,0.04645896318834275,0.09294408559799194,0.12025268469005823,0.5714201461523771,0.00364062242442742
cnn6_vgg,manual_l2_w_bn_if,weights + BN + IF,42,1,2,20272803,16,16,post_input_if,/Users/S4142196/Documents/Phd_Document/codes/QCFS_simulation_FI/QCFS_simulation/fashion_mnist-checkpoints/cnn6_vgg_L[16]_fashion_spectral_mne_cnn6_vgg_manual_l2_w_bn_if_rc0p00025_seed42_ep30_L16_trainT0.pth,0,post_input_if,0.31064352133334944,1.0,0.9549758977158617,nan,1.3988279812037945,1.719516508281231,,,,,,,,,,,,
cnn6_vgg,manual_l2_w_bn_if,weights + BN + IF,42,1,2,20272803,16,16,post_input_if,/Users/S4142196/Documents/Phd_Document/codes/QCFS_simulation_FI/QCFS_simulation/fashion_mnist-checkpoints/cnn6_vgg_L[16]_fashion_spectral_mne_cnn6_vgg_manual_l2_w_bn_if_rc0p00025_seed42_ep30_L16_trainT0.pth,1,if1,0.5171069483444254,1.6646313630649372,0.8855206574339791,0.07326982945811991,1.5222117267549038,1.577248364686966,1.2570701092481613,0.03015494777355343,0.12194333551451564,0.08537835301831365,0.4328019181266427,0.000624753982265247,1.4137299247086048,0.0606874730437994,0.12132660020142794,0.09166227420791984,0.46336052380502224,0.0007803780508766067
cnn6_vgg,manual_l2_w_bn_if,weights + BN + IF,42,1,2,20272803,16,16,post_input_if,/Users/S4142196/Documents/Phd_Document/codes/QCFS_simulation_FI/QCFS_simulation/fashion_mnist-checkpoints/cnn6_vgg_L[16]_fashion_spectral_mne_cnn6_vgg_manual_l2_w_bn_if_rc0p00025_seed42_ep30_L16_trainT0.pth,2,if2,0.6993102567232722,1.3523513055900538,0.8048107355773326,0.0777941285347452,1.3413934260606766,1.5362091548740864,1.3653441928327084,0.14137096516788006,0.17941657360643148,0.06458951346576214,0.6375557892024517,0.0003169312703903415,1.6422250494360924,0.049192388309165835,0.09847002406604588,0.08470686944201589,0.5668207947164774,0.0004912395770588773
cnn6_vgg,manual_l2_w_bn_if,weights + BN + IF,42,1,2,20272803,16,16,post_input_if,/Users/S4142196/Documents/Phd_Document/codes/QCFS_simulation_FI/QCFS_simulation/fashion_mnist-checkpoints/cnn6_vgg_L[16]_fashion_spectral_mne_cnn6_vgg_manual_l2_w_bn_if_rc0p00025_seed42_ep30_L16_trainT0.pth,3,if3,0.7607938225324572,1.0879202974903812,0.7579403912895333,0.11435123365752552,1.5436770506203175,1.6600177474319935,1.660785272717476,0.05646499234717339,0.11368031264282763,0.09379041311331093,0.5134540349245071,0.0002593994086055318,2.092867475003004,0.05121986148878932,0.10230753128416836,0.10845726146362722,0.5365211218595505,0.00027434679213911295
cnn6_vgg,manual_l2_w_bn_if,weights + BN + IF,42,1,2,20272803,16,16,post_input_if,/Users/S4142196/Documents/Phd_Document/codes/QCFS_simulation_FI/QCFS_simulation/fashion_mnist-checkpoints/cnn6_vgg_L[16]_fashion_spectral_mne_cnn6_vgg_manual_l2_w_bn_if_rc0p00025_seed42_ep30_L16_trainT0.pth,4,if4,0.8413250854674875,1.1058516256966515,0.7060477782280224,0.09896654985388931,1.3633216135203838,1.5678524561226368,1.9098565131425858,0.04262527101673186,0.08588782954029739,0.0715843690559268,0.6348071824759245,0.00032277009540848667,1.9697815254330635,0.04873501439578831,0.09761950257234275,0.09466619719751179,0.5622180104255676,0.00022016252432877081
cnn6_vgg,manual_l2_w_bn_if,weights + BN + IF,42,1,2,20272803,16,16,post_input_if,/Users/S4142196/Documents/Phd_Document/codes/QCFS_simulation_FI/QCFS_simulation/fashion_mnist-checkpoints/cnn6_vgg_L[16]_fashion_spectral_mne_cnn6_vgg_manual_l2_w_bn_if_rc0p00025_seed42_ep30_L16_trainT0.pth,5,if5,0.8372757376177508,0.9951869403163146,0.6983296537724853,0.12081593883280851,1.5222757048904896,1.624033134430647,2.144558034837246,0.04881379927974194,0.09756407211534679,0.09468895848840475,0.5652739759534597,0.0003011275257449597,2.3470214307308197,0.04731376701965928,0.09463376319035888,0.1077660908922553,0.5676820613443851,0.0004951321234329953
cnn6_vgg,manual_l2_w_bn_if,weights + BN + IF,42,1,2,20272803,16,16,post_input_if,/Users/S4142196/Documents/Phd_Document/codes/QCFS_simulation_FI/QCFS_simulation/fashion_mnist-checkpoints/cnn6_vgg_L[16]_fashion_spectral_mne_cnn6_vgg_manual_l2_w_bn_if_rc0p00025_seed42_ep30_L16_trainT0.pth,6,if6,0.9331380183131883,1.1144930832083928,0.6314600672396554,0.13867397697604433,1.7058405876159668,1.845346674323082,2.384370654821396,0.04661809094250202,0.09321594052016735,0.10284110228531063,0.5798816177994013,0.0017180150425701868,2.692721739411354,0.046439967467449605,0.09294688794761896,0.12034585257060826,0.5710607971996069,0.003677056658489164
cnn6_vgg,manual_l2_w_bn_if,weights + BN + IF,42,1,3,20273803,16,16,post_input_if,/Users/S4142196/Documents/Phd_Document/codes/QCFS_simulation_FI/QCFS_simulation/fashion_mnist-checkpoints/cnn6_vgg_L[16]_fashion_spectral_mne_cnn6_vgg_manual_l2_w_bn_if_rc0p00025_seed42_ep30_L16_trainT0.pth,0,post_input_if,0.3108998598079315,1.0,0.9549531253290791,nan,1.3988279812037945,1.7200194671750069,,,,,,,,,,,,
cnn6_vgg,manual_l2_w_bn_if,weights + BN + IF,42,1,3,20273803,16,16,post_input_if,/Users/S4142196/Documents/Phd_Document/codes/QCFS_simulation_FI/QCFS_simulation/fashion_mnist-checkpoints/cnn6_vgg_L[16]_fashion_spectral_mne_cnn6_vgg_manual_l2_w_bn_if_rc0p00025_seed42_ep30_L16_trainT0.pth,1,if1,0.5172053530619865,1.6635753820587338,0.8854922027779557,0.07332181930541992,1.5222117267549038,1.5775536596775055,1.2570701092481613,0.03015494777355343,0.12194333551451564,0.08537835301831365,0.4328019181266427,0.000624753982265247,1.4144601114094257,0.06063725892454386,0.12142726103775203,0.09169766120612621,0.46301587857306004,0.0007826357295925845
cnn6_vgg,manual_l2_w_bn_if,weights + BN + IF,42,1,3,20273803,16,16,post_input_if,/Users/S4142196/Documents/Phd_Document/codes/QCFS_simulation_FI/QCFS_simulation/fashion_mnist-checkpoints/cnn6_vgg_L[16]_fashion_spectral_mne_cnn6_vgg_manual_l2_w_bn_if_rc0p00025_seed42_ep30_L16_trainT0.pth,2,if2,0.7001590741212849,1.353735165299752,0.8043175274921875,0.0778195420090033,1.3413934260606766,1.5363445356488228,1.3653441928327084,0.14137096516788006,0.17941657360643148,0.06458951346576214,0.6375557892024517,0.0003169312703903415,1.6420622020959854,0.049227733397856355,0.09863880532793701,0.08472144207917154,0.5667745526880026,0.0004997253290639492
cnn6_vgg,manual_l2_w_bn_if,weights + BN + IF,42,1,3,20273803,16,16,post_input_if,/Users/S4142196/Documents/Phd_Document/codes/QCFS_simulation_FI/QCFS_simulation/fashion_mnist-checkpoints/cnn6_vgg_L[16]_fashion_spectral_mne_cnn6_vgg_manual_l2_w_bn_if_rc0p00025_seed42_ep30_L16_trainT0.pth,3,if3,0.7618658220413534,1.0881324690357144,0.7572677322591947,0.1143752993369589,1.5436770506203175,1.6599078215658665,1.660785272717476,0.05646499234717339,0.11368031264282763,0.09379041311331093,0.5134540349245071,0.0002593994086055318,2.093443412333727,0.050978056504391134,0.1022161350119859,0.10844269348308444,0.536673866212368,0.0002891384765462135
cnn6_vgg,manual_l2_w_bn_if,weights + BN + IF,42,1,3,20273803,16,16,post_input_if,/Users/S4142196/Documents/Phd_Document/codes/QCFS_simulation_FI/QCFS_simulation/fashion_mnist-checkpoints/cnn6_vgg_L[16]_fashion_spectral_mne_cnn6_vgg_manual_l2_w_bn_if_rc0p00025_seed42_ep30_L16_trainT0.pth,4,if4,0.8421537333924701,1.10538326963663,0.7054368280108884,0.09898325861716757,1.3633216135203838,1.5676722042262554,1.9098565131425858,0.04262527101673186,0.08588782954029739,0.0715843690559268,0.6348071824759245,0.00032277009540848667,1.9702640436589718,0.048868139507249,0.09786504413932562,0.09464434976689517,0.5621973033994436,0.00022047392803870025
cnn6_vgg,manual_l2_w_bn_if,weights + BN + IF,42,1,3,20273803,16,16,post_input_if,/Users/S4142196/Documents/Phd_Document/codes/QCFS_simulation_FI/QCFS_simulation/fashion_mnist-checkpoints/cnn6_vgg_L[16]_fashion_spectral_mne_cnn6_vgg_manual_l2_w_bn_if_rc0p00025_seed42_ep30_L16_trainT0.pth,5,if5,0.8371020805758217,0.9940015075438795,0.6982700851146776,0.12081082013188577,1.5222757048904896,1.623743362724781,2.144558034837246,0.04881379927974194,0.09756407211534679,0.09468895848840475,0.5652739759534597,0.0003011275257449597,2.3461769074201584,0.04734210518654436,0.09479257743805647,0.10772757441736758,0.5675369501113892,0.00046243472115747863
cnn6_vgg,manual_l2_w_bn_if,weights + BN + IF,42,1,3,20273803,16,16,post_input_if,/Users/S4142196/Documents/Phd_Document/codes/QCFS_simulation_FI/QCFS_simulation/fashion_mnist-checkpoints/cnn6_vgg_L[16]_fashion_spectral_mne_cnn6_vgg_manual_l2_w_bn_if_rc0p00025_seed42_ep30_L16_trainT0.pth,6,if6,0.9319335673669779,1.1132854510717785,0.6318413661294123,0.13862683821697624,1.7058405876159668,1.8446341194212437,2.384370654821396,0.04661809094250202,0.09321594052016735,0.10284110228531063,0.5798816177994013,0.0017180150425701868,2.691961720585823,0.04654335405211896,0.09288460714742541,0.12025320925749838,0.571245139464736,0.0036462276912061498
cnn6_vgg,manual_l2_w_bn_if,weights + BN + IF,42,1,4,20274803,16,16,post_input_if,/Users/S4142196/Documents/Phd_Document/codes/QCFS_simulation_FI/QCFS_simulation/fashion_mnist-checkpoints/cnn6_vgg_L[16]_fashion_spectral_mne_cnn6_vgg_manual_l2_w_bn_if_rc0p00025_seed42_ep30_L16_trainT0.pth,0,post_input_if,0.3104969599771165,1.0,0.955023305852003,nan,1.3988279812037945,1.7197333835065365,,,,,,,,,,,,
cnn6_vgg,manual_l2_w_bn_if,weights + BN + IF,42,1,4,20274803,16,16,post_input_if,/Users/S4142196/Documents/Phd_Document/codes/QCFS_simulation_FI/QCFS_simulation/fashion_mnist-checkpoints/cnn6_vgg_L[16]_fashion_spectral_mne_cnn6_vgg_manual_l2_w_bn_if_rc0p00025_seed42_ep30_L16_trainT0.pth,1,if1,0.5167318654443267,1.664209097191836,0.885683619119661,0.07330654105361627,1.5222117267549038,1.5773993767797947,1.2570701092481613,0.03015494777355343,0.12194333551451564,0.08537835301831365,0.4328019181266427,0.000624753982265247,1.41392370313406,0.060575367184355855,0.12114730873145163,0.09167980472557247,0.4630725523456931,0.0007880074508648249
cnn6_vgg,manual_l2_w_bn_if,weights + BN + IF,42,1,4,20274803,16,16,post_input_if,/Users/S4142196/Documents/Phd_Document/codes/QCFS_simulation_FI/QCFS_simulation/fashion_mnist-checkpoints/cnn6_vgg_L[16]_fashion_spectral_mne_cnn6_vgg_manual_l2_w_bn_if_rc0p00025_seed42_ep30_L16_trainT0.pth,2,if2,0.6993495302146535,1.353408947623731,0.8048029479532813,0.07778696138031628,1.3413934260606766,1.5362457484006882,1.3653441928327084,0.14137096516788006,0.17941657360643148,0.06458951346576214,0.6375557892024517,0.0003169312703903415,1.6422206871211529,0.04917572846170515,0.09844534588046372,0.08471064921468496,0.566952908411622,0.0004962998873452307
cnn6_vgg,manual_l2_w_bn_if,weights + BN + IF,42,1,4,20274803,16,16,post_input_if,/Users/S4142196/Documents/Phd_Document/codes/QCFS_simulation_FI/QCFS_simulation/fashion_mnist-checkpoints/cnn6_vgg_L[16]_fashion_spectral_mne_cnn6_vgg_manual_l2_w_bn_if_rc0p00025_seed42_ep30_L16_trainT0.pth,3,if3,0.7613125469577563,1.088600927098763,0.7577873552216312,0.11439630936603157,1.5436770506203175,1.6601717062294483,1.660785272717476,0.05646499234717339,0.11368031264282763,0.09379041311331093,0.5134540349245071,0.0002593994086055318,2.0943442806601524,0.05103737837634981,0.10219854046590626,0.10847722995094955,0.5368270799517632,0.0002813533801599988
cnn6_vgg,manual_l2_w_bn_if,weights + BN + IF,42,1,4,20274803,16,16,post_input_if,/Users/S4142196/Documents/Phd_Document/codes/QCFS_simulation_FI/QCFS_simulation/fashion_mnist-checkpoints/cnn6_vgg_L[16]_fashion_spectral_mne_cnn6_vgg_manual_l2_w_bn_if_rc0p00025_seed42_ep30_L16_trainT0.pth,4,if4,0.8413196887755923,1.105091059036855,0.7064282003692081,0.09897668994202906,1.3633216135203838,1.5684569217264652,1.9098565131425858,0.04262527101673186,0.08588782954029739,0.0715843690559268,0.6348071824759245,0.00032277009540848667,1.9709766060113907,0.048947547446005046,0.09795519523322582,0.09473879379220307,0.5620778817683458,0.0002125331288880261
cnn6_vgg,manual_l2_w_bn_if,weights + BN + IF,42,1,4,20274803,16,16,post_input_if,/Users/S4142196/Documents/Phd_Document/codes/QCFS_simulation_FI/QCFS_simulation/fashion_mnist-checkpoints/cnn6_vgg_L[16]_fashion_spectral_mne_cnn6_vgg_manual_l2_w_bn_if_rc0p00025_seed42_ep30_L16_trainT0.pth,5,if5,0.8364794482422311,0.9942468474256136,0.6991113656254255,0.12075815395433076,1.5222757048904896,1.6245339959859848,2.144558034837246,0.04881379927974194,0.09756407211534679,0.09468895848840475,0.5652739759534597,0.0003011275257449597,2.3478077575564384,0.047533929464407265,0.09491745033301413,0.10783243901096284,0.5671314988285303,0.000461500510937185
cnn6_vgg,manual_l2_w_bn_if,weights + BN + IF,42,1,4,20274803,16,16,post_input_if,/Users/S4142196/Documents/Phd_Document/codes/QCFS_simulation_FI/QCFS_simulation/fashion_mnist-checkpoints/cnn6_vgg_L[16]_fashion_spectral_mne_cnn6_vgg_manual_l2_w_bn_if_rc0p00025_seed42_ep30_L16_trainT0.pth,6,if6,0.9324071316465828,1.1146802633417152,0.6321856401460757,0.13866693146374762,1.7058405876159668,1.846097368746996,2.384370654821396,0.04661809094250202,0.09321594052016735,0.10284110228531063,0.5798816177994013,0.0017180150425701868,2.6933389231562614,0.04660968296229839,0.09292851481586695,0.12044390640221536,0.5709826275706291,0.003680482113850303
cnn6_vgg,manual_l2_all,all parameters,42,0.5,0,20260803,16,16,post_input_if,/Users/S4142196/Documents/Phd_Document/codes/QCFS_simulation_FI/QCFS_simulation/fashion_mnist-checkpoints/cnn6_vgg_L[16]_fashion_spectral_mne_cnn6_vgg_manual_l2_all_rc0p00025_seed42_ep30_L16_trainT0.pth,0,post_input_if,0.15518650380135193,1.0,0.9881682404674844,nan,1.3867529593408108,1.4742446430027485,,,,,,,,,,,,
cnn6_vgg,manual_l2_all,all parameters,42,0.5,0,20260803,16,16,post_input_if,/Users/S4142196/Documents/Phd_Document/codes/QCFS_simulation_FI/QCFS_simulation/fashion_mnist-checkpoints/cnn6_vgg_L[16]_fashion_spectral_mne_cnn6_vgg_manual_l2_all_rc0p00025_seed42_ep30_L16_trainT0.pth,1,if1,0.3243457571697811,2.0900384326266104,0.949555158593036,0.05103926755944077,1.5359615944325924,1.5384242124855518,1.2619876265525818,0.14775591157376766,0.18024856876581907,0.08851711452007294,0.3768117418512702,0.000569168394576991,1.3215746730566025,0.06745054177008569,0.13474896270781755,0.08880071481689811,0.40623979084193707,0.0006115971618783078
cnn6_vgg,manual_l2_all,all parameters,42,0.5,0,20260803,16,16,post_input_if,/Users/S4142196/Documents/Phd_Document/codes/QCFS_simulation_FI/QCFS_simulation/fashion_mnist-checkpoints/cnn6_vgg_L[16]_fashion_spectral_mne_cnn6_vgg_manual_l2_all_rc0p00025_seed42_ep30_L16_trainT0.pth,2,if2,0.4422076462976337,1.3633834774233133,0.9127819831067986,0.05781075419211874,1.33857948705554,1.4543864093720913,1.4357187002897263,0.0727029126137495,0.1396991927176714,0.06584008189383894,0.6394569110125303,0.0006059918960090727,1.57550660520792,0.04924618371296674,0.09847555146552622,0.07771999342367053,0.5715230740606785,0.0007062639397190651
cnn6_vgg,manual_l2_all,all parameters,42,0.5,0,20260803,16,16,post_input_if,/Users/S4142196/Documents/Phd_Document/codes/QCFS_simulation_FI/QCFS_simulation/fashion_mnist-checkpoints/cnn6_vgg_L[16]_fashion_spectral_mne_cnn6_vgg_manual_l2_all_rc0p00025_seed42_ep30_L16_trainT0.pth,3,if3,0.5350566289569322,1.2099669316816952,0.8692980381486113,0.09514575101891343,1.5358091965317726,1.613260693848133,1.6465557403862476,0.06054920982569456,0.11931142746470869,0.09362101810984313,0.504182462580502,0.00026516038178669987,1.7253561280667782,0.05508080217987299,0.11025362275540829,0.1032992557156831,0.5070515759289265,0.0002622020447233808
cnn6_vgg,manual_l2_all,all parameters,42,0.5,0,20260803,16,16,post_input_if,/Users/S4142196/Documents/Phd_Document/codes/QCFS_simulation_FI/QCFS_simulation/fashion_mnist-checkpoints/cnn6_vgg_L[16]_fashion_spectral_mne_cnn6_vgg_manual_l2_all_rc0p00025_seed42_ep30_L16_trainT0.pth,4,if4,0.6119222429116824,1.1436588387001132,0.8317237753277081,0.08229210911964883,1.368402797728777,1.5003524608910084,1.8728143461048603,0.04311324062291533,0.08744033356197178,0.0727354153059423,0.6268878728151321,0.0002796406588458922,1.8541579730808735,0.0487347028683871,0.0975400940515101,0.08743243128992617,0.5687089134007692,0.00021518005996767897
cnn6_vgg,manual_l2_all,all parameters,42,0.5,0,20260803,16,16,post_input_if,/Users/S4142196/Documents/Phd_Document/codes/QCFS_simulation_FI/QCFS_simulation/fashion_mnist-checkpoints/cnn6_vgg_L[16]_fashion_spectral_mne_cnn6_vgg_manual_l2_all_rc0p00025_seed42_ep30_L16_trainT0.pth,5,if5,0.6344423094296844,1.0368021701758148,0.808314502173889,0.09905690562968351,1.4863759763538837,1.5149989537894726,2.1548561677336693,0.04772513115312904,0.0959295139182359,0.0909909987822175,0.5737170670181513,0.00027901785188078065,2.2757972702383995,0.04630793270189315,0.09262178163044155,0.09452613303437829,0.5837252717465162,0.00027559240925256745
cnn6_vgg,manual_l2_all,all parameters,42,0.5,0,20260803,16,16,post_input_if,/Users/S4142196/Documents/Phd_Document/codes/QCFS_simulation_FI/QCFS_simulation/fashion_mnist-checkpoints/cnn6_vgg_L[16]_fashion_spectral_mne_cnn6_vgg_manual_l2_all_rc0p00025_seed42_ep30_L16_trainT0.pth,6,if6,0.7298676060576011,1.1504081540742401,0.7463302087188561,0.12009317047741948,1.7078591212630272,1.7573043406009674,2.3128164634108543,0.04722501675132662,0.09443508670665324,0.10434279008768499,0.5732393730431795,0.0016090237113530748,2.4087026491761208,0.04718328837770969,0.09429931454360485,0.11046934896148741,0.5688404813408852,0.0017600545616005547
cnn6_vgg,manual_l2_all,all parameters,42,0.5,1,20261803,16,16,post_input_if,/Users/S4142196/Documents/Phd_Document/codes/QCFS_simulation_FI/QCFS_simulation/fashion_mnist-checkpoints/cnn6_vgg_L[16]_fashion_spectral_mne_cnn6_vgg_manual_l2_all_rc0p00025_seed42_ep30_L16_trainT0.pth,0,post_input_if,0.15527775373020256,1.0,0.9881581273108034,nan,1.3867529593408108,1.4742932505905628,,,,,,,,,,,,
cnn6_vgg,manual_l2_all,all parameters,42,0.5,1,20261803,16,16,post_input_if,/Users/S4142196/Documents/Phd_Document/codes/QCFS_simulation_FI/QCFS_simulation/fashion_mnist-checkpoints/cnn6_vgg_L[16]_fashion_spectral_mne_cnn6_vgg_manual_l2_all_rc0p00025_seed42_ep30_L16_trainT0.pth,1,if1,0.3244776243254026,2.089659442711848,0.9495256612429228,0.05111478299510722,1.5359615944325924,1.5384718105196953,1.2619876265525818,0.14775591157376766,0.18024856876581907,0.08851711452007294,0.3768117418512702,0.000569168394576991,1.321813426911831,0.06737533723935485,0.13468574779108167,0.088806486222893,0.4063803916797042,0.0006110522053859313
cnn6_vgg,manual_l2_all,all parameters,42,0.5,1,20261803,16,16,post_input_if,/Users/S4142196/Documents/Phd_Document/codes/QCFS_simulation_FI/QCFS_simulation/fashion_mnist-checkpoints/cnn6_vgg_L[16]_fashion_spectral_mne_cnn6_vgg_manual_l2_all_rc0p00025_seed42_ep30_L16_trainT0.pth,2,if2,0.4426779451376545,1.3642788036863664,0.9126651084599999,0.057857761577684054,1.33857948705554,1.4546161033213139,1.4357187002897263,0.0727029126137495,0.1396991927176714,0.06584008189383894,0.6394569110125303,0.0006059918960090727,1.575646661221981,0.049439799040555954,0.0987626661080867,0.07774454075843096,0.571534987539053,0.0007128034167180886
cnn6_vgg,manual_l2_all,all parameters,42,0.5,1,20261803,16,16,post_input_if,/Users/S4142196/Documents/Phd_Document/codes/QCFS_simulation_FI/QCFS_simulation/fashion_mnist-checkpoints/cnn6_vgg_L[16]_fashion_spectral_mne_cnn6_vgg_manual_l2_all_rc0p00025_seed42_ep30_L16_trainT0.pth,3,if3,0.5361132298551469,1.2110683076574729,0.8688469183151342,0.09517345623094209,1.5358091965317726,1.6135953925549984,1.6465557403862476,0.06054920982569456,0.11931142746470869,0.09362101810984313,0.504182462580502,0.00026516038178669987,1.726337268948555,0.055145262158475816,0.11030344828031957,0.10334223881363869,0.5068656615912914,0.0002584651983852382
cnn6_vgg,manual_l2_all,all parameters,42,0.5,1,20261803,16,16,post_input_if,/Users/S4142196/Documents/Phd_Document/codes/QCFS_simulation_FI/QCFS_simulation/fashion_mnist-checkpoints/cnn6_vgg_L[16]_fashion_spectral_mne_cnn6_vgg_manual_l2_all_rc0p00025_seed42_ep30_L16_trainT0.pth,4,if4,0.6134587398479072,1.144270847435827,0.8309279351923639,0.08231160105491171,1.368402797728777,1.5005400367081165,1.8728143461048603,0.04311324062291533,0.08744033356197178,0.0727354153059423,0.6268878728151321,0.0002796406588458922,1.8548564426600933,0.048711503273807466,0.09751673904247582,0.0874543166719377,0.5688183736056089,0.00022140813825899386
cnn6_vgg,manual_l2_all,all parameters,42,0.5,1,20261803,16,16,post_input_if,/Users/S4142196/Documents/Phd_Document/codes/QCFS_simulation_FI/QCFS_simulation/fashion_mnist-checkpoints/cnn6_vgg_L[16]_fashion_spectral_mne_cnn6_vgg_manual_l2_all_rc0p00025_seed42_ep30_L16_trainT0.pth,5,if5,0.6353073618397816,1.0356154710539967,0.8077723078304747,0.09912850905437859,1.4863759763538837,1.5153136141598225,2.1548561677336693,0.04772513115312904,0.0959295139182359,0.0909909987822175,0.5737170670181513,0.00027901785188078065,2.2775425985455513,0.04637395031750202,0.09267752314917743,0.09456519433297217,0.5836246907711029,0.0002678073133211001
cnn6_vgg,manual_l2_all,all parameters,42,0.5,1,20261803,16,16,post_input_if,/Users/S4142196/Documents/Phd_Document/codes/QCFS_simulation_FI/QCFS_simulation/fashion_mnist-checkpoints/cnn6_vgg_L[16]_fashion_spectral_mne_cnn6_vgg_manual_l2_all_rc0p00025_seed42_ep30_L16_trainT0.pth,6,if6,0.7312851875785128,1.1510730577098771,0.7453071468436112,0.1202130025746871,1.7078591212630272,1.7575777247548103,2.3128164634108543,0.04722501675132662,0.09443508670665324,0.10434279008768499,0.5732393730431795,0.0016090237113530748,2.4085796549916267,0.047076477319933474,0.09441827028058469,0.11050327238626778,0.5686414949595928,0.0017326510351267643
cnn6_vgg,manual_l2_all,all parameters,42,0.5,2,20262803,16,16,post_input_if,/Users/S4142196/Documents/Phd_Document/codes/QCFS_simulation_FI/QCFS_simulation/fashion_mnist-checkpoints/cnn6_vgg_L[16]_fashion_spectral_mne_cnn6_vgg_manual_l2_all_rc0p00025_seed42_ep30_L16_trainT0.pth,0,post_input_if,0.15531161284950326,1.0,0.9881534660030031,nan,1.3867529593408108,1.474309254437685,,,,,,,,,,,,
cnn6_vgg,manual_l2_all,all parameters,42,0.5,2,20262803,16,16,post_input_if,/Users/S4142196/Documents/Phd_Document/codes/QCFS_simulation_FI/QCFS_simulation/fashion_mnist-checkpoints/cnn6_vgg_L[16]_fashion_spectral_mne_cnn6_vgg_manual_l2_all_rc0p00025_seed42_ep30_L16_trainT0.pth,1,if1,0.32455124581190536,2.089677905324408,0.949502015540915,0.05109258087313905,1.5359615944325924,1.5384486578404903,1.2619876265525818,0.14775591157376766,0.18024856876581907,0.08851711452007294,0.3768117418512702,0.000569168394576991,1.3217682130634785,0.06749429344199598,0.13484028121456504,0.08880385314114392,0.4062745124101639,0.0006145555025796057
cnn6_vgg,manual_l2_all,all parameters,42,0.5,2,20262803,16,16,post_input_if,/Users/S4142196/Documents/Phd_Document/codes/QCFS_simulation_FI/QCFS_simulation/fashion_mnist-checkpoints/cnn6_vgg_L[16]_fashion_spectral_mne_cnn6_vgg_manual_l2_all_rc0p00025_seed42_ep30_L16_trainT0.pth,2,if2,0.4422816319236993,1.3627482181350952,0.9127812137140752,0.057853528431483676,1.33857948705554,1.4544531926512718,1.4357187002897263,0.0727029126137495,0.1396991927176714,0.06584008189383894,0.6394569110125303,0.0006059918960090727,1.5752816051244736,0.04927350929938257,0.09848870802670717,0.07772723794914782,0.5715172383934259,0.0007100007833287236
cnn6_vgg,manual_l2_all,all parameters,42,0.5,2,20262803,16,16,post_input_if,/Users/S4142196/Documents/Phd_Document/codes/QCFS_simulation_FI/QCFS_simulation/fashion_mnist-checkpoints/cnn6_vgg_L[16]_fashion_spectral_mne_cnn6_vgg_manual_l2_all_rc0p00025_seed42_ep30_L16_trainT0.pth,3,if3,0.5352084601601724,1.2101078171216129,0.8693445806745556,0.09513080363370935,1.5358091965317726,1.6136422716081142,1.6465557403862476,0.06054920982569456,0.11931142746470869,0.09362101810984313,0.504182462580502,0.00026516038178669987,1.7261322550475597,0.05514432827476412,0.11029893322847784,0.10334853455424309,0.507067458704114,0.00025768668592718313
cnn6_vgg,manual_l2_all,all parameters,42,0.5,2,20262803,16,16,post_input_if,/Users/S4142196/Documents/Phd_Document/codes/QCFS_simulation_FI/QCFS_simulation/fashion_mnist-checkpoints/cnn6_vgg_L[16]_fashion_spectral_mne_cnn6_vgg_manual_l2_all_rc0p00025_seed42_ep30_L16_trainT0.pth,4,if4,0.6120434782301263,1.1435609183886206,0.8317773215192756,0.08221513397839604,1.368402797728777,1.5004808641970158,1.8728143461048603,0.04311324062291533,0.08744033356197178,0.0727354153059423,0.6268878728151321,0.0002796406588458922,1.8549426011741161,0.048892740393057466,0.09776352671906352,0.08744755364023149,0.5688368994742632,0.0002108204066644248
cnn6_vgg,manual_l2_all,all parameters,42,0.5,2,20262803,16,16,post_input_if,/Users/S4142196/Documents/Phd_Document/codes/QCFS_simulation_FI/QCFS_simulation/fashion_mnist-checkpoints/cnn6_vgg_L[16]_fashion_spectral_mne_cnn6_vgg_manual_l2_all_rc0p00025_seed42_ep30_L16_trainT0.pth,5,if5,0.6342584195849926,1.0362963451863032,0.8084789902429406,0.09912560910594706,1.4863759763538837,1.5152611024677753,2.1548561677336693,0.04772513115312904,0.0959295139182359,0.0909909987822175,0.5737170670181513,0.00027901785188078065,2.2778267189860344,0.04626620456110686,0.0926382860634476,0.09455863595940173,0.5836673527956009,0.00026811871566678747
cnn6_vgg,manual_l2_all,all parameters,42,0.5,2,20262803,16,16,post_input_if,/Users/S4142196/Documents/Phd_Document/codes/QCFS_simulation_FI/QCFS_simulation/fashion_mnist-checkpoints/cnn6_vgg_L[16]_fashion_spectral_mne_cnn6_vgg_manual_l2_all_rc0p00025_seed42_ep30_L16_trainT0.pth,6,if6,0.7298040605051117,1.1506415019017586,0.7463241988453296,0.12012458334163743,1.7078591212630272,1.757431946694851,2.3128164634108543,0.04722501675132662,0.09443508670665324,0.10434279008768499,0.5732393730431795,0.0016090237113530748,2.408689595758915,0.0471558851422742,0.09465618361718953,0.1104852685239166,0.5686234347522259,0.001731716823996976
cnn6_vgg,manual_l2_all,all parameters,42,0.5,3,20263803,16,16,post_input_if,/Users/S4142196/Documents/Phd_Document/codes/QCFS_simulation_FI/QCFS_simulation/fashion_mnist-checkpoints/cnn6_vgg_L[16]_fashion_spectral_mne_cnn6_vgg_manual_l2_all_rc0p00025_seed42_ep30_L16_trainT0.pth,0,post_input_if,0.15525164978817468,1.0,0.9881564347987886,nan,1.3867529593408108,1.474199429154396,,,,,,,,,,,,
cnn6_vgg,manual_l2_all,all parameters,42,0.5,3,20263803,16,16,post_input_if,/Users/S4142196/Documents/Phd_Document/codes/QCFS_simulation_FI/QCFS_simulation/fashion_mnist-checkpoints/cnn6_vgg_L[16]_fashion_spectral_mne_cnn6_vgg_manual_l2_all_rc0p00025_seed42_ep30_L16_trainT0.pth,1,if1,0.32456220153856513,2.090555572075387,0.9494819117166484,0.05106581960405622,1.5359615944325924,1.5383650697767735,1.2619876265525818,0.14775591157376766,0.18024856876581907,0.08851711452007294,0.3768117418512702,0.000569168394576991,1.321535661816597,0.06751048658043146,0.13475581305101514,0.08879410335794091,0.406279188580811,0.0006126092257545679
cnn6_vgg,manual_l2_all,all parameters,42,0.5,3,20263803,16,16,post_input_if,/Users/S4142196/Documents/Phd_Document/codes/QCFS_simulation_FI/QCFS_simulation/fashion_mnist-checkpoints/cnn6_vgg_L[16]_fashion_spectral_mne_cnn6_vgg_manual_l2_all_rc0p00025_seed42_ep30_L16_trainT0.pth,2,if2,0.44262982011924334,1.3637750114492282,0.9126090191436098,0.05783596817328005,1.33857948705554,1.4544170461595058,1.4357187002897263,0.0727029126137495,0.1396991927176714,0.06584008189383894,0.6394569110125303,0.0006059918960090727,1.575055319815874,0.049349258304573596,0.09863530215807259,0.07772325351834297,0.5714148599654436,0.0007055632804622292
cnn6_vgg,manual_l2_all,all parameters,42,0.5,3,20263803,16,16,post_input_if,/Users/S4142196/Documents/Phd_Document/codes/QCFS_simulation_FI/QCFS_simulation/fashion_mnist-checkpoints/cnn6_vgg_L[16]_fashion_spectral_mne_cnn6_vgg_manual_l2_all_rc0p00025_seed42_ep30_L16_trainT0.pth,3,if3,0.5356674125385104,1.210192780039544,0.8690530260255144,0.09514832983211595,1.5358091965317726,1.6133820414543152,1.6465557403862476,0.06054920982569456,0.11931142746470869,0.09362101810984313,0.504182462580502,0.00026516038178669987,1.7264319583773613,0.055028641945682466,0.11019881628453732,0.10331491334363818,0.5070895664393902,0.00025519545806673705
cnn6_vgg,manual_l2_all,all parameters,42,0.5,3,20263803,16,16,post_input_if,/Users/S4142196/Documents/Phd_Document/codes/QCFS_simulation_FI/QCFS_simulation/fashion_mnist-checkpoints/cnn6_vgg_L[16]_fashion_spectral_mne_cnn6_vgg_manual_l2_all_rc0p00025_seed42_ep30_L16_trainT0.pth,4,if4,0.6126252165136263,1.1436671378055563,0.8314054923035358,0.08230524646992586,1.368402797728777,1.5008556805551052,1.8728143461048603,0.04311324062291533,0.08744033356197178,0.0727354153059423,0.6268878728151321,0.0002796406588458922,1.8550178967416286,0.04887592431623489,0.0977372124325484,0.08749097492545843,0.5685628652572632,0.00020864058046754508
cnn6_vgg,manual_l2_all,all parameters,42,0.5,3,20263803,16,16,post_input_if,/Users/S4142196/Documents/Phd_Document/codes/QCFS_simulation_FI/QCFS_simulation/fashion_mnist-checkpoints/cnn6_vgg_L[16]_fashion_spectral_mne_cnn6_vgg_manual_l2_all_rc0p00025_seed42_ep30_L16_trainT0.pth,5,if5,0.6343018934458965,1.0353832593696182,0.8083328361802145,0.09901578085763114,1.4863759763538837,1.5145712941884995,2.1548561677336693,0.04772513115312904,0.0959295139182359,0.0909909987822175,0.5737170670181513,0.00027901785188078065,2.276413895189762,0.04647795914206654,0.0927594224922359,0.09447282506152987,0.5838308427482843,0.0002762152180366684
cnn6_vgg,manual_l2_all,all parameters,42,0.5,3,20263803,16,16,post_input_if,/Users/S4142196/Documents/Phd_Document/codes/QCFS_simulation_FI/QCFS_simulation/fashion_mnist-checkpoints/cnn6_vgg_L[16]_fashion_spectral_mne_cnn6_vgg_manual_l2_all_rc0p00025_seed42_ep30_L16_trainT0.pth,6,if6,0.7298614483793745,1.1506531131640534,0.7462696006440899,0.1201070279491191,1.7078591212630272,1.7572096064686775,2.3128164634108543,0.04722501675132662,0.09443508670665324,0.10434279008768499,0.5732393730431795,0.0016090237113530748,2.4092870950698853,0.04737231053877622,0.09460231056436896,0.1104575153440237,0.5687171649187803,0.0017675282688287552
cnn6_vgg,manual_l2_all,all parameters,42,0.5,4,20264803,16,16,post_input_if,/Users/S4142196/Documents/Phd_Document/codes/QCFS_simulation_FI/QCFS_simulation/fashion_mnist-checkpoints/cnn6_vgg_L[16]_fashion_spectral_mne_cnn6_vgg_manual_l2_all_rc0p00025_seed42_ep30_L16_trainT0.pth,0,post_input_if,0.15520378872238064,1.0,0.9881706229293603,nan,1.3867529593408108,1.4742679595947266,,,,,,,,,,,,
cnn6_vgg,manual_l2_all,all parameters,42,0.5,4,20264803,16,16,post_input_if,/Users/S4142196/Documents/Phd_Document/codes/QCFS_simulation_FI/QCFS_simulation/fashion_mnist-checkpoints/cnn6_vgg_L[16]_fashion_spectral_mne_cnn6_vgg_manual_l2_all_rc0p00025_seed42_ep30_L16_trainT0.pth,1,if1,0.3244296898604006,2.09034645694585,0.9495246918513667,0.05106192705582599,1.5359615944325924,1.5383541472256184,1.2619876265525818,0.14775591157376766,0.18024856876581907,0.08851711452007294,0.3768117418512702,0.000569168394576991,1.3216649107635021,0.0673137572593987,0.13461085548624396,0.08879284770227969,0.40629919432103634,0.0006115193127698149
cnn6_vgg,manual_l2_all,all parameters,42,0.5,4,20264803,16,16,post_input_if,/Users/S4142196/Documents/Phd_Document/codes/QCFS_simulation_FI/QCFS_simulation/fashion_mnist-checkpoints/cnn6_vgg_L[16]_fashion_spectral_mne_cnn6_vgg_manual_l2_all_rc0p00025_seed42_ep30_L16_trainT0.pth,2,if2,0.4423556595794204,1.3634869847138908,0.9127160627957525,0.05785068687127561,1.33857948705554,1.4543757289648056,1.4357187002897263,0.0727029126137495,0.1396991927176714,0.06584008189383894,0.6394569110125303,0.0006059918960090727,1.5753336362540722,0.04917954339180142,0.09859225014224648,0.07771876198239625,0.5715021286159754,0.0007095336759448401
cnn6_vgg,manual_l2_all,all parameters,42,0.5,4,20264803,16,16,post_input_if,/Users/S4142196/Documents/Phd_Document/codes/QCFS_simulation_FI/QCFS_simulation/fashion_mnist-checkpoints/cnn6_vgg_L[16]_fashion_spectral_mne_cnn6_vgg_manual_l2_all_rc0p00025_seed42_ep30_L16_trainT0.pth,3,if3,0.535513102623867,1.2105939893094577,0.8690961641741539,0.09512132527876874,1.5358091965317726,1.6133581697940826,1.6465557403862476,0.06054920982569456,0.11931142746470869,0.09362101810984313,0.504182462580502,0.00026516038178669987,1.7256632670760155,0.055122685502283275,0.11021189554594457,0.10331233404576778,0.5068448008969426,0.000248655975155998
cnn6_vgg,manual_l2_all,all parameters,42,0.5,4,20264803,16,16,post_input_if,/Users/S4142196/Documents/Phd_Document/codes/QCFS_simulation_FI/QCFS_simulation/fashion_mnist-checkpoints/cnn6_vgg_L[16]_fashion_spectral_mne_cnn6_vgg_manual_l2_all_rc0p00025_seed42_ep30_L16_trainT0.pth,4,if4,0.6123450562487417,1.1434735270685614,0.8314641971516694,0.08230202538626534,1.368402797728777,1.5003443695604801,1.8728143461048603,0.04311324062291533,0.08744033356197178,0.0727354153059423,0.6268878728151321,0.0002796406588458922,1.854294277727604,0.048811774933710694,0.09758446947671473,0.08743160427547991,0.5686030350625515,0.00021689278310077498
cnn6_vgg,manual_l2_all,all parameters,42,0.5,4,20264803,16,16,post_input_if,/Users/S4142196/Documents/Phd_Document/codes/QCFS_simulation_FI/QCFS_simulation/fashion_mnist-checkpoints/cnn6_vgg_L[16]_fashion_spectral_mne_cnn6_vgg_manual_l2_all_rc0p00025_seed42_ep30_L16_trainT0.pth,5,if5,0.6343805103165092,1.0359853547324411,0.8084018247445379,0.09902163914271764,1.4863759763538837,1.5150729902088642,2.1548561677336693,0.04772513115312904,0.0959295139182359,0.0909909987822175,0.5737170670181513,0.00027901785188078065,2.2767393738031387,0.046491037821397185,0.09270523837767541,0.09453551424667239,0.5838840883225203,0.000277149428256962
cnn6_vgg,manual_l2_all,all parameters,42,0.5,4,20264803,16,16,post_input_if,/Users/S4142196/Documents/Phd_Document/codes/QCFS_simulation_FI/QCFS_simulation/fashion_mnist-checkpoints/cnn6_vgg_L[16]_fashion_spectral_mne_cnn6_vgg_manual_l2_all_rc0p00025_seed42_ep30_L16_trainT0.pth,6,if6,0.7297328110571643,1.1503077398974335,0.7464774215332686,0.12017475828832509,1.7078591212630272,1.757801964879036,2.3128164634108543,0.04722501675132662,0.09443508670665324,0.10434279008768499,0.5732393730431795,0.0016090237113530748,2.4093047529459,0.04751649091485888,0.09491620538756251,0.11053232965059578,0.568553676828742,0.0017641028280195314
cnn6_vgg,manual_l2_all,all parameters,42,1,0,20270803,16,16,post_input_if,/Users/S4142196/Documents/Phd_Document/codes/QCFS_simulation_FI/QCFS_simulation/fashion_mnist-checkpoints/cnn6_vgg_L[16]_fashion_spectral_mne_cnn6_vgg_manual_l2_all_rc0p00025_seed42_ep30_L16_trainT0.pth,0,post_input_if,0.31087937974145397,1.0,0.954904962567392,nan,1.3867529593408108,1.7100353688001633,,,,,,,,,,,,
cnn6_vgg,manual_l2_all,all parameters,42,1,0,20270803,16,16,post_input_if,/Users/S4142196/Documents/Phd_Document/codes/QCFS_simulation_FI/QCFS_simulation/fashion_mnist-checkpoints/cnn6_vgg_L[16]_fashion_spectral_mne_cnn6_vgg_manual_l2_all_rc0p00025_seed42_ep30_L16_trainT0.pth,1,if1,0.5483785212748045,1.7639591333811497,0.8764052800344303,0.07711038784104951,1.5359615944325924,1.5988288410007954,1.2619876265525818,0.14775591157376766,0.18024856876581907,0.08851711452007294,0.3768117418512702,0.000569168394576991,1.4490175358951092,0.0617938123177737,0.12347832252271473,0.09591007512062788,0.4481319412589073,0.0007583462238471839
cnn6_vgg,manual_l2_all,all parameters,42,1,0,20270803,16,16,post_input_if,/Users/S4142196/Documents/Phd_Document/codes/QCFS_simulation_FI/QCFS_simulation/fashion_mnist-checkpoints/cnn6_vgg_L[16]_fashion_spectral_mne_cnn6_vgg_manual_l2_all_rc0p00025_seed42_ep30_L16_trainT0.pth,2,if2,0.7233209035215424,1.319017568084273,0.8047045165969665,0.08088701598498287,1.33857948705554,1.5631822608411312,1.4357187002897263,0.0727029126137495,0.1396991927176714,0.06584008189383894,0.6394569110125303,0.0006059918960090727,1.794780284166336,0.04917284823022783,0.0983910053037107,0.08978053834289312,0.5645591486245394,0.0009904978032864165
cnn6_vgg,manual_l2_all,all parameters,42,1,0,20270803,16,16,post_input_if,/Users/S4142196/Documents/Phd_Document/codes/QCFS_simulation_FI/QCFS_simulation/fashion_mnist-checkpoints/cnn6_vgg_L[16]_fashion_spectral_mne_cnn6_vgg_manual_l2_all_rc0p00025_seed42_ep30_L16_trainT0.pth,3,if3,0.8193263901235368,1.1327287599937792,0.7482849115225072,0.12280361992972237,1.5358091965317726,1.737588468939066,1.6465557403862476,0.06054920982569456,0.11931142746470869,0.09362101810984313,0.504182462580502,0.00026516038178669987,2.065440334379673,0.0535203575855121,0.10726009868085384,0.11983362282626331,0.5093461517244577,0.00035500039302860387
cnn6_vgg,manual_l2_all,all parameters,42,1,0,20270803,16,16,post_input_if,/Users/S4142196/Documents/Phd_Document/codes/QCFS_simulation_FI/QCFS_simulation/fashion_mnist-checkpoints/cnn6_vgg_L[16]_fashion_spectral_mne_cnn6_vgg_manual_l2_all_rc0p00025_seed42_ep30_L16_trainT0.pth,4,if4,0.8708542258167612,1.062890487007815,0.6944865052680048,0.10049937695873026,1.368402797728777,1.5599822588264942,1.8728143461048603,0.04311324062291533,0.08744033356197178,0.0727354153059423,0.6268878728151321,0.0002796406588458922,2.132105268537998,0.04705031949561089,0.09402450080960989,0.09452071250416338,0.5779924858361483,0.000308445517475775
cnn6_vgg,manual_l2_all,all parameters,42,1,0,20270803,16,16,post_input_if,/Users/S4142196/Documents/Phd_Document/codes/QCFS_simulation_FI/QCFS_simulation/fashion_mnist-checkpoints/cnn6_vgg_L[16]_fashion_spectral_mne_cnn6_vgg_manual_l2_all_rc0p00025_seed42_ep30_L16_trainT0.pth,5,if5,0.8508082289801823,0.9769812257409923,0.679964231704385,0.11658839790188537,1.4863759763538837,1.5575352311134338,2.1548561677336693,0.04772513115312904,0.0959295139182359,0.0909909987822175,0.5737170670181513,0.00027901785188078065,2.511008158326149,0.04535129992291331,0.09073031460866332,0.09990765899419785,0.5898272302001715,0.0004322285485613975
cnn6_vgg,manual_l2_all,all parameters,42,1,0,20270803,16,16,post_input_if,/Users/S4142196/Documents/Phd_Document/codes/QCFS_simulation_FI/QCFS_simulation/fashion_mnist-checkpoints/cnn6_vgg_L[16]_fashion_spectral_mne_cnn6_vgg_manual_l2_all_rc0p00025_seed42_ep30_L16_trainT0.pth,6,if6,0.9171706196124149,1.0779992345769593,0.6137022408516061,0.1380692112202547,1.7078591212630272,1.782531477510929,2.3128164634108543,0.04722501675132662,0.09443508670665324,0.10434279008768499,0.5732393730431795,0.0016090237113530748,2.5918766409158707,0.04639107722323388,0.09287557587958872,0.11366320447996259,0.5740776732563972,0.0020761294617841486
cnn6_vgg,manual_l2_all,all parameters,42,1,1,20271803,16,16,post_input_if,/Users/S4142196/Documents/Phd_Document/codes/QCFS_simulation_FI/QCFS_simulation/fashion_mnist-checkpoints/cnn6_vgg_L[16]_fashion_spectral_mne_cnn6_vgg_manual_l2_all_rc0p00025_seed42_ep30_L16_trainT0.pth,0,post_input_if,0.3107146084109084,1.0,0.9549541685793651,nan,1.3867529593408108,1.7098533771932125,,,,,,,,,,,,
cnn6_vgg,manual_l2_all,all parameters,42,1,1,20271803,16,16,post_input_if,/Users/S4142196/Documents/Phd_Document/codes/QCFS_simulation_FI/QCFS_simulation/fashion_mnist-checkpoints/cnn6_vgg_L[16]_fashion_spectral_mne_cnn6_vgg_manual_l2_all_rc0p00025_seed42_ep30_L16_trainT0.pth,1,if1,0.5483054407978272,1.7646593560632133,0.8763496398544621,0.07705656363039601,1.5359615944325924,1.5985011011362076,1.2619876265525818,0.14775591157376766,0.18024856876581907,0.08851711452007294,0.3768117418512702,0.000569168394576991,1.4489461071789265,0.0617156500229612,0.12348353839479387,0.09587080916389823,0.4483296060934663,0.0007497047745346208
cnn6_vgg,manual_l2_all,all parameters,42,1,1,20271803,16,16,post_input_if,/Users/S4142196/Documents/Phd_Document/codes/QCFS_simulation_FI/QCFS_simulation/fashion_mnist-checkpoints/cnn6_vgg_L[16]_fashion_spectral_mne_cnn6_vgg_manual_l2_all_rc0p00025_seed42_ep30_L16_trainT0.pth,2,if2,0.7237437719235217,1.3199646001513647,0.804478878721139,0.08090579266450842,1.33857948705554,1.5631629191339016,1.4357187002897263,0.0727029126137495,0.1396991927176714,0.06584008189383894,0.6394569110125303,0.0006059918960090727,1.7947097271680832,0.049285420565865934,0.09834336070343852,0.08977841166779399,0.5647610146552324,0.000989018628388294
cnn6_vgg,manual_l2_all,all parameters,42,1,1,20271803,16,16,post_input_if,/Users/S4142196/Documents/Phd_Document/codes/QCFS_simulation_FI/QCFS_simulation/fashion_mnist-checkpoints/cnn6_vgg_L[16]_fashion_spectral_mne_cnn6_vgg_manual_l2_all_rc0p00025_seed42_ep30_L16_trainT0.pth,3,if3,0.8208453218452619,1.134165644926615,0.747424796548228,0.12290013566309092,1.5358091965317726,1.7382814139127731,1.6465557403862476,0.06054920982569456,0.11931142746470869,0.09362101810984313,0.504182462580502,0.00026516038178669987,2.0650419630110264,0.05344904586672783,0.10707465768791735,0.11992922355420887,0.5089407013729215,0.00035017362961298204
cnn6_vgg,manual_l2_all,all parameters,42,1,1,20271803,16,16,post_input_if,/Users/S4142196/Documents/Phd_Document/codes/QCFS_simulation_FI/QCFS_simulation/fashion_mnist-checkpoints/cnn6_vgg_L[16]_fashion_spectral_mne_cnn6_vgg_manual_l2_all_rc0p00025_seed42_ep30_L16_trainT0.pth,4,if4,0.871474081273642,1.0616788060807443,0.6937583637528705,0.1005367356903699,1.368402797728777,1.5594853945076466,1.8728143461048603,0.04311324062291533,0.08744033356197178,0.0727354153059423,0.6268878728151321,0.0002796406588458922,2.1339636743068695,0.04713346401695162,0.09419032325968146,0.09445964847691357,0.5783158764243126,0.000300193312796182
cnn6_vgg,manual_l2_all,all parameters,42,1,1,20271803,16,16,post_input_if,/Users/S4142196/Documents/Phd_Document/codes/QCFS_simulation_FI/QCFS_simulation/fashion_mnist-checkpoints/cnn6_vgg_L[16]_fashion_spectral_mne_cnn6_vgg_manual_l2_all_rc0p00025_seed42_ep30_L16_trainT0.pth,5,if5,0.8511570524266256,0.9766865942618472,0.6793623041409472,0.11654186248779297,1.4863759763538837,1.5568054802715778,2.1548561677336693,0.04772513115312904,0.0959295139182359,0.0909909987822175,0.5737170670181513,0.00027901785188078065,2.510344088077545,0.04495519422926009,0.09010844142176211,0.09981437399983406,0.590087566524744,0.00043285135143378284
cnn6_vgg,manual_l2_all,all parameters,42,1,1,20271803,16,16,post_input_if,/Users/S4142196/Documents/Phd_Document/codes/QCFS_simulation_FI/QCFS_simulation/fashion_mnist-checkpoints/cnn6_vgg_L[16]_fashion_spectral_mne_cnn6_vgg_manual_l2_all_rc0p00025_seed42_ep30_L16_trainT0.pth,6,if6,0.9183361849000564,1.0789268352789945,0.6123398876324812,0.13821341066944356,1.7078591212630272,1.781360775232315,2.3128164634108543,0.04722501675132662,0.09443508670665324,0.10434279008768499,0.5732393730431795,0.0016090237113530748,2.5905135348439217,0.0464287573704496,0.0929004882927984,0.11351367156021297,0.5744195953011513,0.002087340002617566
cnn6_vgg,manual_l2_all,all parameters,42,1,2,20272803,16,16,post_input_if,/Users/S4142196/Documents/Phd_Document/codes/QCFS_simulation_FI/QCFS_simulation/fashion_mnist-checkpoints/cnn6_vgg_L[16]_fashion_spectral_mne_cnn6_vgg_manual_l2_all_rc0p00025_seed42_ep30_L16_trainT0.pth,0,post_input_if,0.31049261332651484,1.0,0.9550164912310734,nan,1.3867529593408108,1.7097190394997597,,,,,,,,,,,,
cnn6_vgg,manual_l2_all,all parameters,42,1,2,20272803,16,16,post_input_if,/Users/S4142196/Documents/Phd_Document/codes/QCFS_simulation_FI/QCFS_simulation/fashion_mnist-checkpoints/cnn6_vgg_L[16]_fashion_spectral_mne_cnn6_vgg_manual_l2_all_rc0p00025_seed42_ep30_L16_trainT0.pth,1,if1,0.5481620921253247,1.7654593655304645,0.8764337370798978,0.0770512308393206,1.5359615944325924,1.598481923341751,1.2619876265525818,0.14775591157376766,0.18024856876581907,0.08851711452007294,0.3768117418512702,0.000569168394576991,1.4485649429261684,0.06178875220939517,0.12341829901561141,0.09586856164969504,0.44819056149572134,0.0007415304235109943
cnn6_vgg,manual_l2_all,all parameters,42,1,2,20272803,16,16,post_input_if,/Users/S4142196/Documents/Phd_Document/codes/QCFS_simulation_FI/QCFS_simulation/fashion_mnist-checkpoints/cnn6_vgg_L[16]_fashion_spectral_mne_cnn6_vgg_manual_l2_all_rc0p00025_seed42_ep30_L16_trainT0.pth,2,if2,0.7228963459171144,1.318763840663102,0.8050547398696091,0.0808666822861652,1.33857948705554,1.563240896910429,1.4357187002897263,0.0727029126137495,0.1396991927176714,0.06584008189383894,0.6394569110125303,0.0006059918960090727,1.7948618195950985,0.04917378257960081,0.09832888073287904,0.08978748042136431,0.5647462960332632,0.0009944681987690274
cnn6_vgg,manual_l2_all,all parameters,42,1,2,20272803,16,16,post_input_if,/Users/S4142196/Documents/Phd_Document/codes/QCFS_simulation_FI/QCFS_simulation/fashion_mnist-checkpoints/cnn6_vgg_L[16]_fashion_spectral_mne_cnn6_vgg_manual_l2_all_rc0p00025_seed42_ep30_L16_trainT0.pth,3,if3,0.8197653794211405,1.1340012770172903,0.748267237935015,0.12280559539794922,1.5358091965317726,1.7383654490113258,1.6465557403862476,0.06054920982569456,0.11931142746470869,0.09362101810984313,0.504182462580502,0.00026516038178669987,2.0658928379416466,0.05347644921857864,0.10696410876698792,0.1199406972154975,0.5090920468792319,0.0003595157495510648
cnn6_vgg,manual_l2_all,all parameters,42,1,2,20272803,16,16,post_input_if,/Users/S4142196/Documents/Phd_Document/codes/QCFS_simulation_FI/QCFS_simulation/fashion_mnist-checkpoints/cnn6_vgg_L[16]_fashion_spectral_mne_cnn6_vgg_manual_l2_all_rc0p00025_seed42_ep30_L16_trainT0.pth,4,if4,0.8713807117114823,1.0629635424794213,0.694397227175217,0.10047997260580258,1.368402797728777,1.5601373054087162,1.8728143461048603,0.04311324062291533,0.08744033356197178,0.0727354153059423,0.6268878728151321,0.0002796406588458922,2.1338612362742424,0.04724416835233569,0.09427829482592642,0.09453918319195509,0.5783544909209013,0.0003068884934691596
cnn6_vgg,manual_l2_all,all parameters,42,1,2,20272803,16,16,post_input_if,/Users/S4142196/Documents/Phd_Document/codes/QCFS_simulation_FI/QCFS_simulation/fashion_mnist-checkpoints/cnn6_vgg_L[16]_fashion_spectral_mne_cnn6_vgg_manual_l2_all_rc0p00025_seed42_ep30_L16_trainT0.pth,5,if5,0.8513594147798477,0.9770234793328042,0.6791887076993445,0.11655354013248366,1.4863759763538837,1.557071778923273,2.1548561677336693,0.04772513115312904,0.0959295139182359,0.0909909987822175,0.5737170670181513,0.00027901785188078065,2.5108878016471863,0.04525912459939718,0.09049364808015525,0.09984843363054097,0.5897733587771654,0.0004203952021271107
cnn6_vgg,manual_l2_all,all parameters,42,1,2,20272803,16,16,post_input_if,/Users/S4142196/Documents/Phd_Document/codes/QCFS_simulation_FI/QCFS_simulation/fashion_mnist-checkpoints/cnn6_vgg_L[16]_fashion_spectral_mne_cnn6_vgg_manual_l2_all_rc0p00025_seed42_ep30_L16_trainT0.pth,6,if6,0.9184500792696255,1.078804161115816,0.6120369848716988,0.13821475359858298,1.7078591212630272,1.7812710627913475,2.3128164634108543,0.04722501675132662,0.09443508670665324,0.10434279008768499,0.5732393730431795,0.0016090237113530748,2.590448573231697,0.046452423674054444,0.09277032129466534,0.1135019357316196,0.5745151955634356,0.0020895198176731355
cnn6_vgg,manual_l2_all,all parameters,42,1,3,20273803,16,16,post_input_if,/Users/S4142196/Documents/Phd_Document/codes/QCFS_simulation_FI/QCFS_simulation/fashion_mnist-checkpoints/cnn6_vgg_L[16]_fashion_spectral_mne_cnn6_vgg_manual_l2_all_rc0p00025_seed42_ep30_L16_trainT0.pth,0,post_input_if,0.3107488272271532,1.0,0.9549923969301181,nan,1.3867529593408108,1.7101946473121643,,,,,,,,,,,,
cnn6_vgg,manual_l2_all,all parameters,42,1,3,20273803,16,16,post_input_if,/Users/S4142196/Documents/Phd_Document/codes/QCFS_simulation_FI/QCFS_simulation/fashion_mnist-checkpoints/cnn6_vgg_L[16]_fashion_spectral_mne_cnn6_vgg_manual_l2_all_rc0p00025_seed42_ep30_L16_trainT0.pth,1,if1,0.5483777896472057,1.7646978575605339,0.8763790755325538,0.07710381430022571,1.5359615944325924,1.5987516306340694,1.2619876265525818,0.14775591157376766,0.18024856876581907,0.08851711452007294,0.3768117418512702,0.000569168394576991,1.449372760951519,0.06176726543344557,0.12346547679044306,0.09590078634209931,0.44811831787228584,0.0007493933726436808
cnn6_vgg,manual_l2_all,all parameters,42,1,3,20273803,16,16,post_input_if,/Users/S4142196/Documents/Phd_Document/codes/QCFS_simulation_FI/QCFS_simulation/fashion_mnist-checkpoints/cnn6_vgg_L[16]_fashion_spectral_mne_cnn6_vgg_manual_l2_all_rc0p00025_seed42_ep30_L16_trainT0.pth,2,if2,0.723603689047914,1.319535004350629,0.8046164135800706,0.08087840858770877,1.33857948705554,1.5631314516067505,1.4357187002897263,0.0727029126137495,0.1396991927176714,0.06584008189383894,0.6394569110125303,0.0006059918960090727,1.7945889085531235,0.04923575173597783,0.09848084580153227,0.08977485983632505,0.5648568458855152,0.0009806107282201992
cnn6_vgg,manual_l2_all,all parameters,42,1,3,20273803,16,16,post_input_if,/Users/S4142196/Documents/Phd_Document/codes/QCFS_simulation_FI/QCFS_simulation/fashion_mnist-checkpoints/cnn6_vgg_L[16]_fashion_spectral_mne_cnn6_vgg_manual_l2_all_rc0p00025_seed42_ep30_L16_trainT0.pth,3,if3,0.8203289221660648,1.1336715588686643,0.7478796196481259,0.12286127830038265,1.5358091965317726,1.7380338720977306,1.6465557403862476,0.06054920982569456,0.11931142746470869,0.09362101810984313,0.504182462580502,0.00026516038178669987,2.067200180143118,0.053462436073459685,0.10707247746177018,0.11989511479623616,0.5091723902150989,0.00035250916153017897
cnn6_vgg,manual_l2_all,all parameters,42,1,3,20273803,16,16,post_input_if,/Users/S4142196/Documents/Phd_Document/codes/QCFS_simulation_FI/QCFS_simulation/fashion_mnist-checkpoints/cnn6_vgg_L[16]_fashion_spectral_mne_cnn6_vgg_manual_l2_all_rc0p00025_seed42_ep30_L16_trainT0.pth,4,if4,0.8709611857214853,1.0617219046985773,0.694481121783986,0.10049472536359515,1.368402797728777,1.5602311491966248,1.8728143461048603,0.04311324062291533,0.08744033356197178,0.0727354153059423,0.6268878728151321,0.0002796406588458922,2.134045720100403,0.047101857024244964,0.09411153756082058,0.09455062658526003,0.577869325876236,0.00031669771760789445
cnn6_vgg,manual_l2_all,all parameters,42,1,3,20273803,16,16,post_input_if,/Users/S4142196/Documents/Phd_Document/codes/QCFS_simulation_FI/QCFS_simulation/fashion_mnist-checkpoints/cnn6_vgg_L[16]_fashion_spectral_mne_cnn6_vgg_manual_l2_all_rc0p00025_seed42_ep30_L16_trainT0.pth,5,if5,0.8504220899730329,0.9764178977373852,0.6797060379278498,0.11651019660794006,1.4863759763538837,1.5565629377961159,2.1548561677336693,0.04772513115312904,0.0959295139182359,0.0909909987822175,0.5737170670181513,0.00027901785188078065,2.5110576897859573,0.04506107175257057,0.09027317422442138,0.09978336957283318,0.5900321286171675,0.0004300487189539126
cnn6_vgg,manual_l2_all,all parameters,42,1,3,20273803,16,16,post_input_if,/Users/S4142196/Documents/Phd_Document/codes/QCFS_simulation_FI/QCFS_simulation/fashion_mnist-checkpoints/cnn6_vgg_L[16]_fashion_spectral_mne_cnn6_vgg_manual_l2_all_rc0p00025_seed42_ep30_L16_trainT0.pth,6,if6,0.9174805829677447,1.078853188064339,0.6127565878209204,0.13819920286840323,1.7078591212630272,1.7813821695744991,2.3128164634108543,0.04722501675132662,0.09443508670665324,0.10434279008768499,0.5732393730431795,0.0016090237113530748,2.5904001891613007,0.04636149411089718,0.09274478629231453,0.11351666948758066,0.5745183099061251,0.0020546426021610387
cnn6_vgg,manual_l2_all,all parameters,42,1,4,20274803,16,16,post_input_if,/Users/S4142196/Documents/Phd_Document/codes/QCFS_simulation_FI/QCFS_simulation/fashion_mnist-checkpoints/cnn6_vgg_L[16]_fashion_spectral_mne_cnn6_vgg_manual_l2_all_rc0p00025_seed42_ep30_L16_trainT0.pth,0,post_input_if,0.3103461231592089,1.0,0.9550644090399538,nan,1.3867529593408108,1.709902435541153,,,,,,,,,,,,
cnn6_vgg,manual_l2_all,all parameters,42,1,4,20274803,16,16,post_input_if,/Users/S4142196/Documents/Phd_Document/codes/QCFS_simulation_FI/QCFS_simulation/fashion_mnist-checkpoints/cnn6_vgg_L[16]_fashion_spectral_mne_cnn6_vgg_manual_l2_all_rc0p00025_seed42_ep30_L16_trainT0.pth,1,if1,0.5478851323265608,1.7654002787252263,0.8765588693281079,0.07705830554572904,1.5359615944325924,1.5985651426017284,1.2619876265525818,0.14775591157376766,0.18024856876581907,0.08851711452007294,0.3768117418512702,0.000569168394576991,1.448674201965332,0.061675167409703135,0.12333920272067189,0.0958785938564688,0.4481976479291916,0.000747524944927136
cnn6_vgg,manual_l2_all,all parameters,42,1,4,20274803,16,16,post_input_if,/Users/S4142196/Documents/Phd_Document/codes/QCFS_simulation_FI/QCFS_simulation/fashion_mnist-checkpoints/cnn6_vgg_L[16]_fashion_spectral_mne_cnn6_vgg_manual_l2_all_rc0p00025_seed42_ep30_L16_trainT0.pth,2,if2,0.7232515894104496,1.3200788755467883,0.8048268786964908,0.08089430964722925,1.33857948705554,1.5632321760058403,1.4357187002897263,0.0727029126137495,0.1396991927176714,0.06584008189383894,0.6394569110125303,0.0006059918960090727,1.7948676124215126,0.04918032151181251,0.09842269076034427,0.08978631347417831,0.5647644344717264,0.0009950910043698968
cnn6_vgg,manual_l2_all,all parameters,42,1,4,20274803,16,16,post_input_if,/Users/S4142196/Documents/Phd_Document/codes/QCFS_simulation_FI/QCFS_simulation/fashion_mnist-checkpoints/cnn6_vgg_L[16]_fashion_spectral_mne_cnn6_vgg_manual_l2_all_rc0p00025_seed42_ep30_L16_trainT0.pth,3,if3,0.820215574023043,1.1340667425171267,0.7481174010682581,0.12282190517503389,1.5358091965317726,1.7384357824921608,1.6465557403862476,0.06054920982569456,0.11931142746470869,0.09362101810984313,0.504182462580502,0.00026516038178669987,2.0674285031855106,0.053427558741532266,0.10689217504113913,0.11995021416805685,0.5092116249725223,0.00036340829501568805
cnn6_vgg,manual_l2_all,all parameters,42,1,4,20274803,16,16,post_input_if,/Users/S4142196/Documents/Phd_Document/codes/QCFS_simulation_FI/QCFS_simulation/fashion_mnist-checkpoints/cnn6_vgg_L[16]_fashion_spectral_mne_cnn6_vgg_manual_l2_all_rc0p00025_seed42_ep30_L16_trainT0.pth,4,if4,0.8714002266117264,1.0624039023517071,0.6945422258960804,0.10053809808225048,1.368402797728777,1.5607601068913937,1.8728143461048603,0.04311324062291533,0.08744033356197178,0.0727354153059423,0.6268878728151321,0.0002796406588458922,2.134125478565693,0.04704206716269255,0.09404520899988711,0.09461457235738635,0.5779909305274487,0.00031529640136795933
cnn6_vgg,manual_l2_all,all parameters,42,1,4,20274803,16,16,post_input_if,/Users/S4142196/Documents/Phd_Document/codes/QCFS_simulation_FI/QCFS_simulation/fashion_mnist-checkpoints/cnn6_vgg_L[16]_fashion_spectral_mne_cnn6_vgg_manual_l2_all_rc0p00025_seed42_ep30_L16_trainT0.pth,5,if5,0.8522084415522494,0.9779759237220988,0.679183372228075,0.11666052682059151,1.4863759763538837,1.5578021295368671,2.1548561677336693,0.04772513115312904,0.0959295139182359,0.0909909987822175,0.5737170670181513,0.00027901785188078065,2.513322167098522,0.04511805891525,0.09023051196709275,0.09994203015230596,0.5902435779571533,0.00044717593118548393
cnn6_vgg,manual_l2_all,all parameters,42,1,4,20274803,16,16,post_input_if,/Users/S4142196/Documents/Phd_Document/codes/QCFS_simulation_FI/QCFS_simulation/fashion_mnist-checkpoints/cnn6_vgg_L[16]_fashion_spectral_mne_cnn6_vgg_manual_l2_all_rc0p00025_seed42_ep30_L16_trainT0.pth,6,if6,0.9194821475196234,1.078940436033277,0.6121226518427523,0.1382915925006477,1.7078591212630272,1.7833247818052769,2.3128164634108543,0.04722501675132662,0.09443508670665324,0.10434279008768499,0.5732393730431795,0.0016090237113530748,2.5941443145275116,0.04653619136661291,0.09299235278740525,0.11376468278467655,0.5742371156811714,0.0021044672175776213
