arch,c1,c2,size_label,regularizer,seed,L,T,if_mode,sigma,acc,checkpoint,matrix_csv
cnn2_c2_c4,2,4,c2c4,mne_l2,40,16,16,rate_uniform,0.0,94.87,mnist-checkpoints/cnn2_c2_c4_L[16]_strict_seed40_ablation_mne_l2_l16_cnn2_c2_c4_rc5em02.pth,noise3_exp/cnn_strict_seed_three_regs_noise_sweep_rate_uniform_L16_T16/cnn2_c2_c4/mne_l2/seed_40/noise_sweep_matrix_mnist_cnn2_c2_c4_T16_mode_rate_uniform_schedule_normal_seed_40.csv
cnn2_c2_c4,2,4,c2c4,mne_l2,40,16,16,rate_uniform,0.05,94.92,mnist-checkpoints/cnn2_c2_c4_L[16]_strict_seed40_ablation_mne_l2_l16_cnn2_c2_c4_rc5em02.pth,noise3_exp/cnn_strict_seed_three_regs_noise_sweep_rate_uniform_L16_T16/cnn2_c2_c4/mne_l2/seed_40/noise_sweep_matrix_mnist_cnn2_c2_c4_T16_mode_rate_uniform_schedule_normal_seed_40.csv
cnn2_c2_c4,2,4,c2c4,mne_l2,40,16,16,rate_uniform,0.1,95.03,mnist-checkpoints/cnn2_c2_c4_L[16]_strict_seed40_ablation_mne_l2_l16_cnn2_c2_c4_rc5em02.pth,noise3_exp/cnn_strict_seed_three_regs_noise_sweep_rate_uniform_L16_T16/cnn2_c2_c4/mne_l2/seed_40/noise_sweep_matrix_mnist_cnn2_c2_c4_T16_mode_rate_uniform_schedule_normal_seed_40.csv
cnn2_c2_c4,2,4,c2c4,mne_l2,40,16,16,rate_uniform,0.15,94.93,mnist-checkpoints/cnn2_c2_c4_L[16]_strict_seed40_ablation_mne_l2_l16_cnn2_c2_c4_rc5em02.pth,noise3_exp/cnn_strict_seed_three_regs_noise_sweep_rate_uniform_L16_T16/cnn2_c2_c4/mne_l2/seed_40/noise_sweep_matrix_mnist_cnn2_c2_c4_T16_mode_rate_uniform_schedule_normal_seed_40.csv
cnn2_c2_c4,2,4,c2c4,mne_l2,40,16,16,rate_uniform,0.2,95.01,mnist-checkpoints/cnn2_c2_c4_L[16]_strict_seed40_ablation_mne_l2_l16_cnn2_c2_c4_rc5em02.pth,noise3_exp/cnn_strict_seed_three_regs_noise_sweep_rate_uniform_L16_T16/cnn2_c2_c4/mne_l2/seed_40/noise_sweep_matrix_mnist_cnn2_c2_c4_T16_mode_rate_uniform_schedule_normal_seed_40.csv
cnn2_c2_c4,2,4,c2c4,mne_l2,40,16,16,rate_uniform,0.25,95.05,mnist-checkpoints/cnn2_c2_c4_L[16]_strict_seed40_ablation_mne_l2_l16_cnn2_c2_c4_rc5em02.pth,noise3_exp/cnn_strict_seed_three_regs_noise_sweep_rate_uniform_L16_T16/cnn2_c2_c4/mne_l2/seed_40/noise_sweep_matrix_mnist_cnn2_c2_c4_T16_mode_rate_uniform_schedule_normal_seed_40.csv
cnn2_c2_c4,2,4,c2c4,mne_l2,40,16,16,rate_uniform,0.3,95.3,mnist-checkpoints/cnn2_c2_c4_L[16]_strict_seed40_ablation_mne_l2_l16_cnn2_c2_c4_rc5em02.pth,noise3_exp/cnn_strict_seed_three_regs_noise_sweep_rate_uniform_L16_T16/cnn2_c2_c4/mne_l2/seed_40/noise_sweep_matrix_mnist_cnn2_c2_c4_T16_mode_rate_uniform_schedule_normal_seed_40.csv
cnn2_c2_c4,2,4,c2c4,mne_l2,40,16,16,rate_uniform,0.35,95.04,mnist-checkpoints/cnn2_c2_c4_L[16]_strict_seed40_ablation_mne_l2_l16_cnn2_c2_c4_rc5em02.pth,noise3_exp/cnn_strict_seed_three_regs_noise_sweep_rate_uniform_L16_T16/cnn2_c2_c4/mne_l2/seed_40/noise_sweep_matrix_mnist_cnn2_c2_c4_T16_mode_rate_uniform_schedule_normal_seed_40.csv
cnn2_c2_c4,2,4,c2c4,mne_l2,40,16,16,rate_uniform,0.4,95.26,mnist-checkpoints/cnn2_c2_c4_L[16]_strict_seed40_ablation_mne_l2_l16_cnn2_c2_c4_rc5em02.pth,noise3_exp/cnn_strict_seed_three_regs_noise_sweep_rate_uniform_L16_T16/cnn2_c2_c4/mne_l2/seed_40/noise_sweep_matrix_mnist_cnn2_c2_c4_T16_mode_rate_uniform_schedule_normal_seed_40.csv
cnn2_c2_c4,2,4,c2c4,mne_l2,40,16,16,rate_uniform,0.45,94.93,mnist-checkpoints/cnn2_c2_c4_L[16]_strict_seed40_ablation_mne_l2_l16_cnn2_c2_c4_rc5em02.pth,noise3_exp/cnn_strict_seed_three_regs_noise_sweep_rate_uniform_L16_T16/cnn2_c2_c4/mne_l2/seed_40/noise_sweep_matrix_mnist_cnn2_c2_c4_T16_mode_rate_uniform_schedule_normal_seed_40.csv
cnn2_c2_c4,2,4,c2c4,mne_l2,40,16,16,rate_uniform,0.5,95.18,mnist-checkpoints/cnn2_c2_c4_L[16]_strict_seed40_ablation_mne_l2_l16_cnn2_c2_c4_rc5em02.pth,noise3_exp/cnn_strict_seed_three_regs_noise_sweep_rate_uniform_L16_T16/cnn2_c2_c4/mne_l2/seed_40/noise_sweep_matrix_mnist_cnn2_c2_c4_T16_mode_rate_uniform_schedule_normal_seed_40.csv
cnn2_c2_c4,2,4,c2c4,mne_l2,40,16,16,rate_uniform,0.55,95.37,mnist-checkpoints/cnn2_c2_c4_L[16]_strict_seed40_ablation_mne_l2_l16_cnn2_c2_c4_rc5em02.pth,noise3_exp/cnn_strict_seed_three_regs_noise_sweep_rate_uniform_L16_T16/cnn2_c2_c4/mne_l2/seed_40/noise_sweep_matrix_mnist_cnn2_c2_c4_T16_mode_rate_uniform_schedule_normal_seed_40.csv
cnn2_c2_c4,2,4,c2c4,mne_l2,40,16,16,rate_uniform,0.6,95.09,mnist-checkpoints/cnn2_c2_c4_L[16]_strict_seed40_ablation_mne_l2_l16_cnn2_c2_c4_rc5em02.pth,noise3_exp/cnn_strict_seed_three_regs_noise_sweep_rate_uniform_L16_T16/cnn2_c2_c4/mne_l2/seed_40/noise_sweep_matrix_mnist_cnn2_c2_c4_T16_mode_rate_uniform_schedule_normal_seed_40.csv
cnn2_c2_c4,2,4,c2c4,mne_l2,40,16,16,rate_uniform,0.65,95.22,mnist-checkpoints/cnn2_c2_c4_L[16]_strict_seed40_ablation_mne_l2_l16_cnn2_c2_c4_rc5em02.pth,noise3_exp/cnn_strict_seed_three_regs_noise_sweep_rate_uniform_L16_T16/cnn2_c2_c4/mne_l2/seed_40/noise_sweep_matrix_mnist_cnn2_c2_c4_T16_mode_rate_uniform_schedule_normal_seed_40.csv
cnn2_c2_c4,2,4,c2c4,mne_l2,40,16,16,rate_uniform,0.7,95.3,mnist-checkpoints/cnn2_c2_c4_L[16]_strict_seed40_ablation_mne_l2_l16_cnn2_c2_c4_rc5em02.pth,noise3_exp/cnn_strict_seed_three_regs_noise_sweep_rate_uniform_L16_T16/cnn2_c2_c4/mne_l2/seed_40/noise_sweep_matrix_mnist_cnn2_c2_c4_T16_mode_rate_uniform_schedule_normal_seed_40.csv
cnn2_c2_c4,2,4,c2c4,mne_l2,40,16,16,rate_uniform,0.75,95.3,mnist-checkpoints/cnn2_c2_c4_L[16]_strict_seed40_ablation_mne_l2_l16_cnn2_c2_c4_rc5em02.pth,noise3_exp/cnn_strict_seed_three_regs_noise_sweep_rate_uniform_L16_T16/cnn2_c2_c4/mne_l2/seed_40/noise_sweep_matrix_mnist_cnn2_c2_c4_T16_mode_rate_uniform_schedule_normal_seed_40.csv
cnn2_c2_c4,2,4,c2c4,mne_l2,40,16,16,rate_uniform,0.8,94.96,mnist-checkpoints/cnn2_c2_c4_L[16]_strict_seed40_ablation_mne_l2_l16_cnn2_c2_c4_rc5em02.pth,noise3_exp/cnn_strict_seed_three_regs_noise_sweep_rate_uniform_L16_T16/cnn2_c2_c4/mne_l2/seed_40/noise_sweep_matrix_mnist_cnn2_c2_c4_T16_mode_rate_uniform_schedule_normal_seed_40.csv
cnn2_c2_c4,2,4,c2c4,mne_l2,40,16,16,rate_uniform,0.85,95.06,mnist-checkpoints/cnn2_c2_c4_L[16]_strict_seed40_ablation_mne_l2_l16_cnn2_c2_c4_rc5em02.pth,noise3_exp/cnn_strict_seed_three_regs_noise_sweep_rate_uniform_L16_T16/cnn2_c2_c4/mne_l2/seed_40/noise_sweep_matrix_mnist_cnn2_c2_c4_T16_mode_rate_uniform_schedule_normal_seed_40.csv
cnn2_c2_c4,2,4,c2c4,mne_l2,40,16,16,rate_uniform,0.9,94.89,mnist-checkpoints/cnn2_c2_c4_L[16]_strict_seed40_ablation_mne_l2_l16_cnn2_c2_c4_rc5em02.pth,noise3_exp/cnn_strict_seed_three_regs_noise_sweep_rate_uniform_L16_T16/cnn2_c2_c4/mne_l2/seed_40/noise_sweep_matrix_mnist_cnn2_c2_c4_T16_mode_rate_uniform_schedule_normal_seed_40.csv
cnn2_c2_c4,2,4,c2c4,mne_l2,40,16,16,rate_uniform,0.95,94.79,mnist-checkpoints/cnn2_c2_c4_L[16]_strict_seed40_ablation_mne_l2_l16_cnn2_c2_c4_rc5em02.pth,noise3_exp/cnn_strict_seed_three_regs_noise_sweep_rate_uniform_L16_T16/cnn2_c2_c4/mne_l2/seed_40/noise_sweep_matrix_mnist_cnn2_c2_c4_T16_mode_rate_uniform_schedule_normal_seed_40.csv
cnn2_c2_c4,2,4,c2c4,mne_l2,40,16,16,rate_uniform,1.0,94.99,mnist-checkpoints/cnn2_c2_c4_L[16]_strict_seed40_ablation_mne_l2_l16_cnn2_c2_c4_rc5em02.pth,noise3_exp/cnn_strict_seed_three_regs_noise_sweep_rate_uniform_L16_T16/cnn2_c2_c4/mne_l2/seed_40/noise_sweep_matrix_mnist_cnn2_c2_c4_T16_mode_rate_uniform_schedule_normal_seed_40.csv
cnn2_c2_c4,2,4,c2c4,mne_l2,41,16,16,rate_uniform,0.0,92.67,mnist-checkpoints/cnn2_c2_c4_L[16]_strict_seed41_ablation_mne_l2_l16_cnn2_c2_c4_rc5em02.pth,noise3_exp/cnn_strict_seed_three_regs_noise_sweep_rate_uniform_L16_T16/cnn2_c2_c4/mne_l2/seed_41/noise_sweep_matrix_mnist_cnn2_c2_c4_T16_mode_rate_uniform_schedule_normal_seed_41.csv
cnn2_c2_c4,2,4,c2c4,mne_l2,41,16,16,rate_uniform,0.05,92.4,mnist-checkpoints/cnn2_c2_c4_L[16]_strict_seed41_ablation_mne_l2_l16_cnn2_c2_c4_rc5em02.pth,noise3_exp/cnn_strict_seed_three_regs_noise_sweep_rate_uniform_L16_T16/cnn2_c2_c4/mne_l2/seed_41/noise_sweep_matrix_mnist_cnn2_c2_c4_T16_mode_rate_uniform_schedule_normal_seed_41.csv
cnn2_c2_c4,2,4,c2c4,mne_l2,41,16,16,rate_uniform,0.1,90.52,mnist-checkpoints/cnn2_c2_c4_L[16]_strict_seed41_ablation_mne_l2_l16_cnn2_c2_c4_rc5em02.pth,noise3_exp/cnn_strict_seed_three_regs_noise_sweep_rate_uniform_L16_T16/cnn2_c2_c4/mne_l2/seed_41/noise_sweep_matrix_mnist_cnn2_c2_c4_T16_mode_rate_uniform_schedule_normal_seed_41.csv
cnn2_c2_c4,2,4,c2c4,mne_l2,41,16,16,rate_uniform,0.15,90.19,mnist-checkpoints/cnn2_c2_c4_L[16]_strict_seed41_ablation_mne_l2_l16_cnn2_c2_c4_rc5em02.pth,noise3_exp/cnn_strict_seed_three_regs_noise_sweep_rate_uniform_L16_T16/cnn2_c2_c4/mne_l2/seed_41/noise_sweep_matrix_mnist_cnn2_c2_c4_T16_mode_rate_uniform_schedule_normal_seed_41.csv
cnn2_c2_c4,2,4,c2c4,mne_l2,41,16,16,rate_uniform,0.2,90.08,mnist-checkpoints/cnn2_c2_c4_L[16]_strict_seed41_ablation_mne_l2_l16_cnn2_c2_c4_rc5em02.pth,noise3_exp/cnn_strict_seed_three_regs_noise_sweep_rate_uniform_L16_T16/cnn2_c2_c4/mne_l2/seed_41/noise_sweep_matrix_mnist_cnn2_c2_c4_T16_mode_rate_uniform_schedule_normal_seed_41.csv
cnn2_c2_c4,2,4,c2c4,mne_l2,41,16,16,rate_uniform,0.25,89.75,mnist-checkpoints/cnn2_c2_c4_L[16]_strict_seed41_ablation_mne_l2_l16_cnn2_c2_c4_rc5em02.pth,noise3_exp/cnn_strict_seed_three_regs_noise_sweep_rate_uniform_L16_T16/cnn2_c2_c4/mne_l2/seed_41/noise_sweep_matrix_mnist_cnn2_c2_c4_T16_mode_rate_uniform_schedule_normal_seed_41.csv
cnn2_c2_c4,2,4,c2c4,mne_l2,41,16,16,rate_uniform,0.3,89.4,mnist-checkpoints/cnn2_c2_c4_L[16]_strict_seed41_ablation_mne_l2_l16_cnn2_c2_c4_rc5em02.pth,noise3_exp/cnn_strict_seed_three_regs_noise_sweep_rate_uniform_L16_T16/cnn2_c2_c4/mne_l2/seed_41/noise_sweep_matrix_mnist_cnn2_c2_c4_T16_mode_rate_uniform_schedule_normal_seed_41.csv
cnn2_c2_c4,2,4,c2c4,mne_l2,41,16,16,rate_uniform,0.35,89.79,mnist-checkpoints/cnn2_c2_c4_L[16]_strict_seed41_ablation_mne_l2_l16_cnn2_c2_c4_rc5em02.pth,noise3_exp/cnn_strict_seed_three_regs_noise_sweep_rate_uniform_L16_T16/cnn2_c2_c4/mne_l2/seed_41/noise_sweep_matrix_mnist_cnn2_c2_c4_T16_mode_rate_uniform_schedule_normal_seed_41.csv
cnn2_c2_c4,2,4,c2c4,mne_l2,41,16,16,rate_uniform,0.4,89.64,mnist-checkpoints/cnn2_c2_c4_L[16]_strict_seed41_ablation_mne_l2_l16_cnn2_c2_c4_rc5em02.pth,noise3_exp/cnn_strict_seed_three_regs_noise_sweep_rate_uniform_L16_T16/cnn2_c2_c4/mne_l2/seed_41/noise_sweep_matrix_mnist_cnn2_c2_c4_T16_mode_rate_uniform_schedule_normal_seed_41.csv
cnn2_c2_c4,2,4,c2c4,mne_l2,41,16,16,rate_uniform,0.45,89.48,mnist-checkpoints/cnn2_c2_c4_L[16]_strict_seed41_ablation_mne_l2_l16_cnn2_c2_c4_rc5em02.pth,noise3_exp/cnn_strict_seed_three_regs_noise_sweep_rate_uniform_L16_T16/cnn2_c2_c4/mne_l2/seed_41/noise_sweep_matrix_mnist_cnn2_c2_c4_T16_mode_rate_uniform_schedule_normal_seed_41.csv
cnn2_c2_c4,2,4,c2c4,mne_l2,41,16,16,rate_uniform,0.5,89.87,mnist-checkpoints/cnn2_c2_c4_L[16]_strict_seed41_ablation_mne_l2_l16_cnn2_c2_c4_rc5em02.pth,noise3_exp/cnn_strict_seed_three_regs_noise_sweep_rate_uniform_L16_T16/cnn2_c2_c4/mne_l2/seed_41/noise_sweep_matrix_mnist_cnn2_c2_c4_T16_mode_rate_uniform_schedule_normal_seed_41.csv
cnn2_c2_c4,2,4,c2c4,mne_l2,41,16,16,rate_uniform,0.55,89.79,mnist-checkpoints/cnn2_c2_c4_L[16]_strict_seed41_ablation_mne_l2_l16_cnn2_c2_c4_rc5em02.pth,noise3_exp/cnn_strict_seed_three_regs_noise_sweep_rate_uniform_L16_T16/cnn2_c2_c4/mne_l2/seed_41/noise_sweep_matrix_mnist_cnn2_c2_c4_T16_mode_rate_uniform_schedule_normal_seed_41.csv
cnn2_c2_c4,2,4,c2c4,mne_l2,41,16,16,rate_uniform,0.6,89.6,mnist-checkpoints/cnn2_c2_c4_L[16]_strict_seed41_ablation_mne_l2_l16_cnn2_c2_c4_rc5em02.pth,noise3_exp/cnn_strict_seed_three_regs_noise_sweep_rate_uniform_L16_T16/cnn2_c2_c4/mne_l2/seed_41/noise_sweep_matrix_mnist_cnn2_c2_c4_T16_mode_rate_uniform_schedule_normal_seed_41.csv
cnn2_c2_c4,2,4,c2c4,mne_l2,41,16,16,rate_uniform,0.65,89.73,mnist-checkpoints/cnn2_c2_c4_L[16]_strict_seed41_ablation_mne_l2_l16_cnn2_c2_c4_rc5em02.pth,noise3_exp/cnn_strict_seed_three_regs_noise_sweep_rate_uniform_L16_T16/cnn2_c2_c4/mne_l2/seed_41/noise_sweep_matrix_mnist_cnn2_c2_c4_T16_mode_rate_uniform_schedule_normal_seed_41.csv
cnn2_c2_c4,2,4,c2c4,mne_l2,41,16,16,rate_uniform,0.7,89.38,mnist-checkpoints/cnn2_c2_c4_L[16]_strict_seed41_ablation_mne_l2_l16_cnn2_c2_c4_rc5em02.pth,noise3_exp/cnn_strict_seed_three_regs_noise_sweep_rate_uniform_L16_T16/cnn2_c2_c4/mne_l2/seed_41/noise_sweep_matrix_mnist_cnn2_c2_c4_T16_mode_rate_uniform_schedule_normal_seed_41.csv
cnn2_c2_c4,2,4,c2c4,mne_l2,41,16,16,rate_uniform,0.75,89.16,mnist-checkpoints/cnn2_c2_c4_L[16]_strict_seed41_ablation_mne_l2_l16_cnn2_c2_c4_rc5em02.pth,noise3_exp/cnn_strict_seed_three_regs_noise_sweep_rate_uniform_L16_T16/cnn2_c2_c4/mne_l2/seed_41/noise_sweep_matrix_mnist_cnn2_c2_c4_T16_mode_rate_uniform_schedule_normal_seed_41.csv
cnn2_c2_c4,2,4,c2c4,mne_l2,41,16,16,rate_uniform,0.8,89.81,mnist-checkpoints/cnn2_c2_c4_L[16]_strict_seed41_ablation_mne_l2_l16_cnn2_c2_c4_rc5em02.pth,noise3_exp/cnn_strict_seed_three_regs_noise_sweep_rate_uniform_L16_T16/cnn2_c2_c4/mne_l2/seed_41/noise_sweep_matrix_mnist_cnn2_c2_c4_T16_mode_rate_uniform_schedule_normal_seed_41.csv
cnn2_c2_c4,2,4,c2c4,mne_l2,41,16,16,rate_uniform,0.85,90.28,mnist-checkpoints/cnn2_c2_c4_L[16]_strict_seed41_ablation_mne_l2_l16_cnn2_c2_c4_rc5em02.pth,noise3_exp/cnn_strict_seed_three_regs_noise_sweep_rate_uniform_L16_T16/cnn2_c2_c4/mne_l2/seed_41/noise_sweep_matrix_mnist_cnn2_c2_c4_T16_mode_rate_uniform_schedule_normal_seed_41.csv
cnn2_c2_c4,2,4,c2c4,mne_l2,41,16,16,rate_uniform,0.9,89.75,mnist-checkpoints/cnn2_c2_c4_L[16]_strict_seed41_ablation_mne_l2_l16_cnn2_c2_c4_rc5em02.pth,noise3_exp/cnn_strict_seed_three_regs_noise_sweep_rate_uniform_L16_T16/cnn2_c2_c4/mne_l2/seed_41/noise_sweep_matrix_mnist_cnn2_c2_c4_T16_mode_rate_uniform_schedule_normal_seed_41.csv
cnn2_c2_c4,2,4,c2c4,mne_l2,41,16,16,rate_uniform,0.95,89.48,mnist-checkpoints/cnn2_c2_c4_L[16]_strict_seed41_ablation_mne_l2_l16_cnn2_c2_c4_rc5em02.pth,noise3_exp/cnn_strict_seed_three_regs_noise_sweep_rate_uniform_L16_T16/cnn2_c2_c4/mne_l2/seed_41/noise_sweep_matrix_mnist_cnn2_c2_c4_T16_mode_rate_uniform_schedule_normal_seed_41.csv
cnn2_c2_c4,2,4,c2c4,mne_l2,41,16,16,rate_uniform,1.0,89.24,mnist-checkpoints/cnn2_c2_c4_L[16]_strict_seed41_ablation_mne_l2_l16_cnn2_c2_c4_rc5em02.pth,noise3_exp/cnn_strict_seed_three_regs_noise_sweep_rate_uniform_L16_T16/cnn2_c2_c4/mne_l2/seed_41/noise_sweep_matrix_mnist_cnn2_c2_c4_T16_mode_rate_uniform_schedule_normal_seed_41.csv
cnn2_c2_c4,2,4,c2c4,mne_l2,42,16,16,rate_uniform,0.0,95.58,mnist-checkpoints/cnn2_c2_c4_L[16]_strict_seed42_ablation_mne_l2_l16_cnn2_c2_c4_rc5em02.pth,noise3_exp/cnn_strict_seed_three_regs_noise_sweep_rate_uniform_L16_T16/cnn2_c2_c4/mne_l2/seed_42/noise_sweep_matrix_mnist_cnn2_c2_c4_T16_mode_rate_uniform_schedule_normal_seed_42.csv
cnn2_c2_c4,2,4,c2c4,mne_l2,42,16,16,rate_uniform,0.05,95.69,mnist-checkpoints/cnn2_c2_c4_L[16]_strict_seed42_ablation_mne_l2_l16_cnn2_c2_c4_rc5em02.pth,noise3_exp/cnn_strict_seed_three_regs_noise_sweep_rate_uniform_L16_T16/cnn2_c2_c4/mne_l2/seed_42/noise_sweep_matrix_mnist_cnn2_c2_c4_T16_mode_rate_uniform_schedule_normal_seed_42.csv
cnn2_c2_c4,2,4,c2c4,mne_l2,42,16,16,rate_uniform,0.1,95.63,mnist-checkpoints/cnn2_c2_c4_L[16]_strict_seed42_ablation_mne_l2_l16_cnn2_c2_c4_rc5em02.pth,noise3_exp/cnn_strict_seed_three_regs_noise_sweep_rate_uniform_L16_T16/cnn2_c2_c4/mne_l2/seed_42/noise_sweep_matrix_mnist_cnn2_c2_c4_T16_mode_rate_uniform_schedule_normal_seed_42.csv
cnn2_c2_c4,2,4,c2c4,mne_l2,42,16,16,rate_uniform,0.15,95.62,mnist-checkpoints/cnn2_c2_c4_L[16]_strict_seed42_ablation_mne_l2_l16_cnn2_c2_c4_rc5em02.pth,noise3_exp/cnn_strict_seed_three_regs_noise_sweep_rate_uniform_L16_T16/cnn2_c2_c4/mne_l2/seed_42/noise_sweep_matrix_mnist_cnn2_c2_c4_T16_mode_rate_uniform_schedule_normal_seed_42.csv
cnn2_c2_c4,2,4,c2c4,mne_l2,42,16,16,rate_uniform,0.2,95.7,mnist-checkpoints/cnn2_c2_c4_L[16]_strict_seed42_ablation_mne_l2_l16_cnn2_c2_c4_rc5em02.pth,noise3_exp/cnn_strict_seed_three_regs_noise_sweep_rate_uniform_L16_T16/cnn2_c2_c4/mne_l2/seed_42/noise_sweep_matrix_mnist_cnn2_c2_c4_T16_mode_rate_uniform_schedule_normal_seed_42.csv
cnn2_c2_c4,2,4,c2c4,mne_l2,42,16,16,rate_uniform,0.25,95.7,mnist-checkpoints/cnn2_c2_c4_L[16]_strict_seed42_ablation_mne_l2_l16_cnn2_c2_c4_rc5em02.pth,noise3_exp/cnn_strict_seed_three_regs_noise_sweep_rate_uniform_L16_T16/cnn2_c2_c4/mne_l2/seed_42/noise_sweep_matrix_mnist_cnn2_c2_c4_T16_mode_rate_uniform_schedule_normal_seed_42.csv
cnn2_c2_c4,2,4,c2c4,mne_l2,42,16,16,rate_uniform,0.3,95.52,mnist-checkpoints/cnn2_c2_c4_L[16]_strict_seed42_ablation_mne_l2_l16_cnn2_c2_c4_rc5em02.pth,noise3_exp/cnn_strict_seed_three_regs_noise_sweep_rate_uniform_L16_T16/cnn2_c2_c4/mne_l2/seed_42/noise_sweep_matrix_mnist_cnn2_c2_c4_T16_mode_rate_uniform_schedule_normal_seed_42.csv
cnn2_c2_c4,2,4,c2c4,mne_l2,42,16,16,rate_uniform,0.35,95.5,mnist-checkpoints/cnn2_c2_c4_L[16]_strict_seed42_ablation_mne_l2_l16_cnn2_c2_c4_rc5em02.pth,noise3_exp/cnn_strict_seed_three_regs_noise_sweep_rate_uniform_L16_T16/cnn2_c2_c4/mne_l2/seed_42/noise_sweep_matrix_mnist_cnn2_c2_c4_T16_mode_rate_uniform_schedule_normal_seed_42.csv
cnn2_c2_c4,2,4,c2c4,mne_l2,42,16,16,rate_uniform,0.4,95.57,mnist-checkpoints/cnn2_c2_c4_L[16]_strict_seed42_ablation_mne_l2_l16_cnn2_c2_c4_rc5em02.pth,noise3_exp/cnn_strict_seed_three_regs_noise_sweep_rate_uniform_L16_T16/cnn2_c2_c4/mne_l2/seed_42/noise_sweep_matrix_mnist_cnn2_c2_c4_T16_mode_rate_uniform_schedule_normal_seed_42.csv
cnn2_c2_c4,2,4,c2c4,mne_l2,42,16,16,rate_uniform,0.45,95.88,mnist-checkpoints/cnn2_c2_c4_L[16]_strict_seed42_ablation_mne_l2_l16_cnn2_c2_c4_rc5em02.pth,noise3_exp/cnn_strict_seed_three_regs_noise_sweep_rate_uniform_L16_T16/cnn2_c2_c4/mne_l2/seed_42/noise_sweep_matrix_mnist_cnn2_c2_c4_T16_mode_rate_uniform_schedule_normal_seed_42.csv
cnn2_c2_c4,2,4,c2c4,mne_l2,42,16,16,rate_uniform,0.5,95.74,mnist-checkpoints/cnn2_c2_c4_L[16]_strict_seed42_ablation_mne_l2_l16_cnn2_c2_c4_rc5em02.pth,noise3_exp/cnn_strict_seed_three_regs_noise_sweep_rate_uniform_L16_T16/cnn2_c2_c4/mne_l2/seed_42/noise_sweep_matrix_mnist_cnn2_c2_c4_T16_mode_rate_uniform_schedule_normal_seed_42.csv
cnn2_c2_c4,2,4,c2c4,mne_l2,42,16,16,rate_uniform,0.55,95.77,mnist-checkpoints/cnn2_c2_c4_L[16]_strict_seed42_ablation_mne_l2_l16_cnn2_c2_c4_rc5em02.pth,noise3_exp/cnn_strict_seed_three_regs_noise_sweep_rate_uniform_L16_T16/cnn2_c2_c4/mne_l2/seed_42/noise_sweep_matrix_mnist_cnn2_c2_c4_T16_mode_rate_uniform_schedule_normal_seed_42.csv
cnn2_c2_c4,2,4,c2c4,mne_l2,42,16,16,rate_uniform,0.6,95.7,mnist-checkpoints/cnn2_c2_c4_L[16]_strict_seed42_ablation_mne_l2_l16_cnn2_c2_c4_rc5em02.pth,noise3_exp/cnn_strict_seed_three_regs_noise_sweep_rate_uniform_L16_T16/cnn2_c2_c4/mne_l2/seed_42/noise_sweep_matrix_mnist_cnn2_c2_c4_T16_mode_rate_uniform_schedule_normal_seed_42.csv
cnn2_c2_c4,2,4,c2c4,mne_l2,42,16,16,rate_uniform,0.65,95.29,mnist-checkpoints/cnn2_c2_c4_L[16]_strict_seed42_ablation_mne_l2_l16_cnn2_c2_c4_rc5em02.pth,noise3_exp/cnn_strict_seed_three_regs_noise_sweep_rate_uniform_L16_T16/cnn2_c2_c4/mne_l2/seed_42/noise_sweep_matrix_mnist_cnn2_c2_c4_T16_mode_rate_uniform_schedule_normal_seed_42.csv
cnn2_c2_c4,2,4,c2c4,mne_l2,42,16,16,rate_uniform,0.7,95.32,mnist-checkpoints/cnn2_c2_c4_L[16]_strict_seed42_ablation_mne_l2_l16_cnn2_c2_c4_rc5em02.pth,noise3_exp/cnn_strict_seed_three_regs_noise_sweep_rate_uniform_L16_T16/cnn2_c2_c4/mne_l2/seed_42/noise_sweep_matrix_mnist_cnn2_c2_c4_T16_mode_rate_uniform_schedule_normal_seed_42.csv
cnn2_c2_c4,2,4,c2c4,mne_l2,42,16,16,rate_uniform,0.75,95.54,mnist-checkpoints/cnn2_c2_c4_L[16]_strict_seed42_ablation_mne_l2_l16_cnn2_c2_c4_rc5em02.pth,noise3_exp/cnn_strict_seed_three_regs_noise_sweep_rate_uniform_L16_T16/cnn2_c2_c4/mne_l2/seed_42/noise_sweep_matrix_mnist_cnn2_c2_c4_T16_mode_rate_uniform_schedule_normal_seed_42.csv
cnn2_c2_c4,2,4,c2c4,mne_l2,42,16,16,rate_uniform,0.8,95.39,mnist-checkpoints/cnn2_c2_c4_L[16]_strict_seed42_ablation_mne_l2_l16_cnn2_c2_c4_rc5em02.pth,noise3_exp/cnn_strict_seed_three_regs_noise_sweep_rate_uniform_L16_T16/cnn2_c2_c4/mne_l2/seed_42/noise_sweep_matrix_mnist_cnn2_c2_c4_T16_mode_rate_uniform_schedule_normal_seed_42.csv
cnn2_c2_c4,2,4,c2c4,mne_l2,42,16,16,rate_uniform,0.85,95.1,mnist-checkpoints/cnn2_c2_c4_L[16]_strict_seed42_ablation_mne_l2_l16_cnn2_c2_c4_rc5em02.pth,noise3_exp/cnn_strict_seed_three_regs_noise_sweep_rate_uniform_L16_T16/cnn2_c2_c4/mne_l2/seed_42/noise_sweep_matrix_mnist_cnn2_c2_c4_T16_mode_rate_uniform_schedule_normal_seed_42.csv
cnn2_c2_c4,2,4,c2c4,mne_l2,42,16,16,rate_uniform,0.9,94.97,mnist-checkpoints/cnn2_c2_c4_L[16]_strict_seed42_ablation_mne_l2_l16_cnn2_c2_c4_rc5em02.pth,noise3_exp/cnn_strict_seed_three_regs_noise_sweep_rate_uniform_L16_T16/cnn2_c2_c4/mne_l2/seed_42/noise_sweep_matrix_mnist_cnn2_c2_c4_T16_mode_rate_uniform_schedule_normal_seed_42.csv
cnn2_c2_c4,2,4,c2c4,mne_l2,42,16,16,rate_uniform,0.95,94.96,mnist-checkpoints/cnn2_c2_c4_L[16]_strict_seed42_ablation_mne_l2_l16_cnn2_c2_c4_rc5em02.pth,noise3_exp/cnn_strict_seed_three_regs_noise_sweep_rate_uniform_L16_T16/cnn2_c2_c4/mne_l2/seed_42/noise_sweep_matrix_mnist_cnn2_c2_c4_T16_mode_rate_uniform_schedule_normal_seed_42.csv
cnn2_c2_c4,2,4,c2c4,mne_l2,42,16,16,rate_uniform,1.0,94.9,mnist-checkpoints/cnn2_c2_c4_L[16]_strict_seed42_ablation_mne_l2_l16_cnn2_c2_c4_rc5em02.pth,noise3_exp/cnn_strict_seed_three_regs_noise_sweep_rate_uniform_L16_T16/cnn2_c2_c4/mne_l2/seed_42/noise_sweep_matrix_mnist_cnn2_c2_c4_T16_mode_rate_uniform_schedule_normal_seed_42.csv
cnn2_c2_c4,2,4,c2c4,mne_l2,43,16,16,rate_uniform,0.0,95.34,mnist-checkpoints/cnn2_c2_c4_L[16]_strict_seed43_ablation_mne_l2_l16_cnn2_c2_c4_rc5em02.pth,noise3_exp/cnn_strict_seed_three_regs_noise_sweep_rate_uniform_L16_T16/cnn2_c2_c4/mne_l2/seed_43/noise_sweep_matrix_mnist_cnn2_c2_c4_T16_mode_rate_uniform_schedule_normal_seed_43.csv
cnn2_c2_c4,2,4,c2c4,mne_l2,43,16,16,rate_uniform,0.05,95.44,mnist-checkpoints/cnn2_c2_c4_L[16]_strict_seed43_ablation_mne_l2_l16_cnn2_c2_c4_rc5em02.pth,noise3_exp/cnn_strict_seed_three_regs_noise_sweep_rate_uniform_L16_T16/cnn2_c2_c4/mne_l2/seed_43/noise_sweep_matrix_mnist_cnn2_c2_c4_T16_mode_rate_uniform_schedule_normal_seed_43.csv
cnn2_c2_c4,2,4,c2c4,mne_l2,43,16,16,rate_uniform,0.1,95.33,mnist-checkpoints/cnn2_c2_c4_L[16]_strict_seed43_ablation_mne_l2_l16_cnn2_c2_c4_rc5em02.pth,noise3_exp/cnn_strict_seed_three_regs_noise_sweep_rate_uniform_L16_T16/cnn2_c2_c4/mne_l2/seed_43/noise_sweep_matrix_mnist_cnn2_c2_c4_T16_mode_rate_uniform_schedule_normal_seed_43.csv
cnn2_c2_c4,2,4,c2c4,mne_l2,43,16,16,rate_uniform,0.15,95.17,mnist-checkpoints/cnn2_c2_c4_L[16]_strict_seed43_ablation_mne_l2_l16_cnn2_c2_c4_rc5em02.pth,noise3_exp/cnn_strict_seed_three_regs_noise_sweep_rate_uniform_L16_T16/cnn2_c2_c4/mne_l2/seed_43/noise_sweep_matrix_mnist_cnn2_c2_c4_T16_mode_rate_uniform_schedule_normal_seed_43.csv
cnn2_c2_c4,2,4,c2c4,mne_l2,43,16,16,rate_uniform,0.2,95.3,mnist-checkpoints/cnn2_c2_c4_L[16]_strict_seed43_ablation_mne_l2_l16_cnn2_c2_c4_rc5em02.pth,noise3_exp/cnn_strict_seed_three_regs_noise_sweep_rate_uniform_L16_T16/cnn2_c2_c4/mne_l2/seed_43/noise_sweep_matrix_mnist_cnn2_c2_c4_T16_mode_rate_uniform_schedule_normal_seed_43.csv
cnn2_c2_c4,2,4,c2c4,mne_l2,43,16,16,rate_uniform,0.25,95.45,mnist-checkpoints/cnn2_c2_c4_L[16]_strict_seed43_ablation_mne_l2_l16_cnn2_c2_c4_rc5em02.pth,noise3_exp/cnn_strict_seed_three_regs_noise_sweep_rate_uniform_L16_T16/cnn2_c2_c4/mne_l2/seed_43/noise_sweep_matrix_mnist_cnn2_c2_c4_T16_mode_rate_uniform_schedule_normal_seed_43.csv
cnn2_c2_c4,2,4,c2c4,mne_l2,43,16,16,rate_uniform,0.3,95.39,mnist-checkpoints/cnn2_c2_c4_L[16]_strict_seed43_ablation_mne_l2_l16_cnn2_c2_c4_rc5em02.pth,noise3_exp/cnn_strict_seed_three_regs_noise_sweep_rate_uniform_L16_T16/cnn2_c2_c4/mne_l2/seed_43/noise_sweep_matrix_mnist_cnn2_c2_c4_T16_mode_rate_uniform_schedule_normal_seed_43.csv
cnn2_c2_c4,2,4,c2c4,mne_l2,43,16,16,rate_uniform,0.35,95.34,mnist-checkpoints/cnn2_c2_c4_L[16]_strict_seed43_ablation_mne_l2_l16_cnn2_c2_c4_rc5em02.pth,noise3_exp/cnn_strict_seed_three_regs_noise_sweep_rate_uniform_L16_T16/cnn2_c2_c4/mne_l2/seed_43/noise_sweep_matrix_mnist_cnn2_c2_c4_T16_mode_rate_uniform_schedule_normal_seed_43.csv
cnn2_c2_c4,2,4,c2c4,mne_l2,43,16,16,rate_uniform,0.4,95.32,mnist-checkpoints/cnn2_c2_c4_L[16]_strict_seed43_ablation_mne_l2_l16_cnn2_c2_c4_rc5em02.pth,noise3_exp/cnn_strict_seed_three_regs_noise_sweep_rate_uniform_L16_T16/cnn2_c2_c4/mne_l2/seed_43/noise_sweep_matrix_mnist_cnn2_c2_c4_T16_mode_rate_uniform_schedule_normal_seed_43.csv
cnn2_c2_c4,2,4,c2c4,mne_l2,43,16,16,rate_uniform,0.45,95.47,mnist-checkpoints/cnn2_c2_c4_L[16]_strict_seed43_ablation_mne_l2_l16_cnn2_c2_c4_rc5em02.pth,noise3_exp/cnn_strict_seed_three_regs_noise_sweep_rate_uniform_L16_T16/cnn2_c2_c4/mne_l2/seed_43/noise_sweep_matrix_mnist_cnn2_c2_c4_T16_mode_rate_uniform_schedule_normal_seed_43.csv
cnn2_c2_c4,2,4,c2c4,mne_l2,43,16,16,rate_uniform,0.5,95.57,mnist-checkpoints/cnn2_c2_c4_L[16]_strict_seed43_ablation_mne_l2_l16_cnn2_c2_c4_rc5em02.pth,noise3_exp/cnn_strict_seed_three_regs_noise_sweep_rate_uniform_L16_T16/cnn2_c2_c4/mne_l2/seed_43/noise_sweep_matrix_mnist_cnn2_c2_c4_T16_mode_rate_uniform_schedule_normal_seed_43.csv
cnn2_c2_c4,2,4,c2c4,mne_l2,43,16,16,rate_uniform,0.55,95.48,mnist-checkpoints/cnn2_c2_c4_L[16]_strict_seed43_ablation_mne_l2_l16_cnn2_c2_c4_rc5em02.pth,noise3_exp/cnn_strict_seed_three_regs_noise_sweep_rate_uniform_L16_T16/cnn2_c2_c4/mne_l2/seed_43/noise_sweep_matrix_mnist_cnn2_c2_c4_T16_mode_rate_uniform_schedule_normal_seed_43.csv
cnn2_c2_c4,2,4,c2c4,mne_l2,43,16,16,rate_uniform,0.6,95.2,mnist-checkpoints/cnn2_c2_c4_L[16]_strict_seed43_ablation_mne_l2_l16_cnn2_c2_c4_rc5em02.pth,noise3_exp/cnn_strict_seed_three_regs_noise_sweep_rate_uniform_L16_T16/cnn2_c2_c4/mne_l2/seed_43/noise_sweep_matrix_mnist_cnn2_c2_c4_T16_mode_rate_uniform_schedule_normal_seed_43.csv
cnn2_c2_c4,2,4,c2c4,mne_l2,43,16,16,rate_uniform,0.65,95.11,mnist-checkpoints/cnn2_c2_c4_L[16]_strict_seed43_ablation_mne_l2_l16_cnn2_c2_c4_rc5em02.pth,noise3_exp/cnn_strict_seed_three_regs_noise_sweep_rate_uniform_L16_T16/cnn2_c2_c4/mne_l2/seed_43/noise_sweep_matrix_mnist_cnn2_c2_c4_T16_mode_rate_uniform_schedule_normal_seed_43.csv
cnn2_c2_c4,2,4,c2c4,mne_l2,43,16,16,rate_uniform,0.7,95.29,mnist-checkpoints/cnn2_c2_c4_L[16]_strict_seed43_ablation_mne_l2_l16_cnn2_c2_c4_rc5em02.pth,noise3_exp/cnn_strict_seed_three_regs_noise_sweep_rate_uniform_L16_T16/cnn2_c2_c4/mne_l2/seed_43/noise_sweep_matrix_mnist_cnn2_c2_c4_T16_mode_rate_uniform_schedule_normal_seed_43.csv
cnn2_c2_c4,2,4,c2c4,mne_l2,43,16,16,rate_uniform,0.75,95.09,mnist-checkpoints/cnn2_c2_c4_L[16]_strict_seed43_ablation_mne_l2_l16_cnn2_c2_c4_rc5em02.pth,noise3_exp/cnn_strict_seed_three_regs_noise_sweep_rate_uniform_L16_T16/cnn2_c2_c4/mne_l2/seed_43/noise_sweep_matrix_mnist_cnn2_c2_c4_T16_mode_rate_uniform_schedule_normal_seed_43.csv
cnn2_c2_c4,2,4,c2c4,mne_l2,43,16,16,rate_uniform,0.8,95.33,mnist-checkpoints/cnn2_c2_c4_L[16]_strict_seed43_ablation_mne_l2_l16_cnn2_c2_c4_rc5em02.pth,noise3_exp/cnn_strict_seed_three_regs_noise_sweep_rate_uniform_L16_T16/cnn2_c2_c4/mne_l2/seed_43/noise_sweep_matrix_mnist_cnn2_c2_c4_T16_mode_rate_uniform_schedule_normal_seed_43.csv
cnn2_c2_c4,2,4,c2c4,mne_l2,43,16,16,rate_uniform,0.85,94.91,mnist-checkpoints/cnn2_c2_c4_L[16]_strict_seed43_ablation_mne_l2_l16_cnn2_c2_c4_rc5em02.pth,noise3_exp/cnn_strict_seed_three_regs_noise_sweep_rate_uniform_L16_T16/cnn2_c2_c4/mne_l2/seed_43/noise_sweep_matrix_mnist_cnn2_c2_c4_T16_mode_rate_uniform_schedule_normal_seed_43.csv
cnn2_c2_c4,2,4,c2c4,mne_l2,43,16,16,rate_uniform,0.9,95.1,mnist-checkpoints/cnn2_c2_c4_L[16]_strict_seed43_ablation_mne_l2_l16_cnn2_c2_c4_rc5em02.pth,noise3_exp/cnn_strict_seed_three_regs_noise_sweep_rate_uniform_L16_T16/cnn2_c2_c4/mne_l2/seed_43/noise_sweep_matrix_mnist_cnn2_c2_c4_T16_mode_rate_uniform_schedule_normal_seed_43.csv
cnn2_c2_c4,2,4,c2c4,mne_l2,43,16,16,rate_uniform,0.95,94.8,mnist-checkpoints/cnn2_c2_c4_L[16]_strict_seed43_ablation_mne_l2_l16_cnn2_c2_c4_rc5em02.pth,noise3_exp/cnn_strict_seed_three_regs_noise_sweep_rate_uniform_L16_T16/cnn2_c2_c4/mne_l2/seed_43/noise_sweep_matrix_mnist_cnn2_c2_c4_T16_mode_rate_uniform_schedule_normal_seed_43.csv
cnn2_c2_c4,2,4,c2c4,mne_l2,43,16,16,rate_uniform,1.0,95.12,mnist-checkpoints/cnn2_c2_c4_L[16]_strict_seed43_ablation_mne_l2_l16_cnn2_c2_c4_rc5em02.pth,noise3_exp/cnn_strict_seed_three_regs_noise_sweep_rate_uniform_L16_T16/cnn2_c2_c4/mne_l2/seed_43/noise_sweep_matrix_mnist_cnn2_c2_c4_T16_mode_rate_uniform_schedule_normal_seed_43.csv
cnn2_c2_c4,2,4,c2c4,mne_l2,44,16,16,rate_uniform,0.0,89.93,mnist-checkpoints/cnn2_c2_c4_L[16]_strict_seed44_ablation_mne_l2_l16_cnn2_c2_c4_rc5em02.pth,noise3_exp/cnn_strict_seed_three_regs_noise_sweep_rate_uniform_L16_T16/cnn2_c2_c4/mne_l2/seed_44/noise_sweep_matrix_mnist_cnn2_c2_c4_T16_mode_rate_uniform_schedule_normal_seed_44.csv
cnn2_c2_c4,2,4,c2c4,mne_l2,44,16,16,rate_uniform,0.05,90.23,mnist-checkpoints/cnn2_c2_c4_L[16]_strict_seed44_ablation_mne_l2_l16_cnn2_c2_c4_rc5em02.pth,noise3_exp/cnn_strict_seed_three_regs_noise_sweep_rate_uniform_L16_T16/cnn2_c2_c4/mne_l2/seed_44/noise_sweep_matrix_mnist_cnn2_c2_c4_T16_mode_rate_uniform_schedule_normal_seed_44.csv
cnn2_c2_c4,2,4,c2c4,mne_l2,44,16,16,rate_uniform,0.1,89.94,mnist-checkpoints/cnn2_c2_c4_L[16]_strict_seed44_ablation_mne_l2_l16_cnn2_c2_c4_rc5em02.pth,noise3_exp/cnn_strict_seed_three_regs_noise_sweep_rate_uniform_L16_T16/cnn2_c2_c4/mne_l2/seed_44/noise_sweep_matrix_mnist_cnn2_c2_c4_T16_mode_rate_uniform_schedule_normal_seed_44.csv
cnn2_c2_c4,2,4,c2c4,mne_l2,44,16,16,rate_uniform,0.15,88.19,mnist-checkpoints/cnn2_c2_c4_L[16]_strict_seed44_ablation_mne_l2_l16_cnn2_c2_c4_rc5em02.pth,noise3_exp/cnn_strict_seed_three_regs_noise_sweep_rate_uniform_L16_T16/cnn2_c2_c4/mne_l2/seed_44/noise_sweep_matrix_mnist_cnn2_c2_c4_T16_mode_rate_uniform_schedule_normal_seed_44.csv
cnn2_c2_c4,2,4,c2c4,mne_l2,44,16,16,rate_uniform,0.2,86.95,mnist-checkpoints/cnn2_c2_c4_L[16]_strict_seed44_ablation_mne_l2_l16_cnn2_c2_c4_rc5em02.pth,noise3_exp/cnn_strict_seed_three_regs_noise_sweep_rate_uniform_L16_T16/cnn2_c2_c4/mne_l2/seed_44/noise_sweep_matrix_mnist_cnn2_c2_c4_T16_mode_rate_uniform_schedule_normal_seed_44.csv
cnn2_c2_c4,2,4,c2c4,mne_l2,44,16,16,rate_uniform,0.25,86.0,mnist-checkpoints/cnn2_c2_c4_L[16]_strict_seed44_ablation_mne_l2_l16_cnn2_c2_c4_rc5em02.pth,noise3_exp/cnn_strict_seed_three_regs_noise_sweep_rate_uniform_L16_T16/cnn2_c2_c4/mne_l2/seed_44/noise_sweep_matrix_mnist_cnn2_c2_c4_T16_mode_rate_uniform_schedule_normal_seed_44.csv
cnn2_c2_c4,2,4,c2c4,mne_l2,44,16,16,rate_uniform,0.3,85.51,mnist-checkpoints/cnn2_c2_c4_L[16]_strict_seed44_ablation_mne_l2_l16_cnn2_c2_c4_rc5em02.pth,noise3_exp/cnn_strict_seed_three_regs_noise_sweep_rate_uniform_L16_T16/cnn2_c2_c4/mne_l2/seed_44/noise_sweep_matrix_mnist_cnn2_c2_c4_T16_mode_rate_uniform_schedule_normal_seed_44.csv
cnn2_c2_c4,2,4,c2c4,mne_l2,44,16,16,rate_uniform,0.35,84.85,mnist-checkpoints/cnn2_c2_c4_L[16]_strict_seed44_ablation_mne_l2_l16_cnn2_c2_c4_rc5em02.pth,noise3_exp/cnn_strict_seed_three_regs_noise_sweep_rate_uniform_L16_T16/cnn2_c2_c4/mne_l2/seed_44/noise_sweep_matrix_mnist_cnn2_c2_c4_T16_mode_rate_uniform_schedule_normal_seed_44.csv
cnn2_c2_c4,2,4,c2c4,mne_l2,44,16,16,rate_uniform,0.4,84.88,mnist-checkpoints/cnn2_c2_c4_L[16]_strict_seed44_ablation_mne_l2_l16_cnn2_c2_c4_rc5em02.pth,noise3_exp/cnn_strict_seed_three_regs_noise_sweep_rate_uniform_L16_T16/cnn2_c2_c4/mne_l2/seed_44/noise_sweep_matrix_mnist_cnn2_c2_c4_T16_mode_rate_uniform_schedule_normal_seed_44.csv
cnn2_c2_c4,2,4,c2c4,mne_l2,44,16,16,rate_uniform,0.45,85.18,mnist-checkpoints/cnn2_c2_c4_L[16]_strict_seed44_ablation_mne_l2_l16_cnn2_c2_c4_rc5em02.pth,noise3_exp/cnn_strict_seed_three_regs_noise_sweep_rate_uniform_L16_T16/cnn2_c2_c4/mne_l2/seed_44/noise_sweep_matrix_mnist_cnn2_c2_c4_T16_mode_rate_uniform_schedule_normal_seed_44.csv
cnn2_c2_c4,2,4,c2c4,mne_l2,44,16,16,rate_uniform,0.5,85.77,mnist-checkpoints/cnn2_c2_c4_L[16]_strict_seed44_ablation_mne_l2_l16_cnn2_c2_c4_rc5em02.pth,noise3_exp/cnn_strict_seed_three_regs_noise_sweep_rate_uniform_L16_T16/cnn2_c2_c4/mne_l2/seed_44/noise_sweep_matrix_mnist_cnn2_c2_c4_T16_mode_rate_uniform_schedule_normal_seed_44.csv
cnn2_c2_c4,2,4,c2c4,mne_l2,44,16,16,rate_uniform,0.55,85.43,mnist-checkpoints/cnn2_c2_c4_L[16]_strict_seed44_ablation_mne_l2_l16_cnn2_c2_c4_rc5em02.pth,noise3_exp/cnn_strict_seed_three_regs_noise_sweep_rate_uniform_L16_T16/cnn2_c2_c4/mne_l2/seed_44/noise_sweep_matrix_mnist_cnn2_c2_c4_T16_mode_rate_uniform_schedule_normal_seed_44.csv
cnn2_c2_c4,2,4,c2c4,mne_l2,44,16,16,rate_uniform,0.6,85.42,mnist-checkpoints/cnn2_c2_c4_L[16]_strict_seed44_ablation_mne_l2_l16_cnn2_c2_c4_rc5em02.pth,noise3_exp/cnn_strict_seed_three_regs_noise_sweep_rate_uniform_L16_T16/cnn2_c2_c4/mne_l2/seed_44/noise_sweep_matrix_mnist_cnn2_c2_c4_T16_mode_rate_uniform_schedule_normal_seed_44.csv
cnn2_c2_c4,2,4,c2c4,mne_l2,44,16,16,rate_uniform,0.65,85.46,mnist-checkpoints/cnn2_c2_c4_L[16]_strict_seed44_ablation_mne_l2_l16_cnn2_c2_c4_rc5em02.pth,noise3_exp/cnn_strict_seed_three_regs_noise_sweep_rate_uniform_L16_T16/cnn2_c2_c4/mne_l2/seed_44/noise_sweep_matrix_mnist_cnn2_c2_c4_T16_mode_rate_uniform_schedule_normal_seed_44.csv
cnn2_c2_c4,2,4,c2c4,mne_l2,44,16,16,rate_uniform,0.7,85.66,mnist-checkpoints/cnn2_c2_c4_L[16]_strict_seed44_ablation_mne_l2_l16_cnn2_c2_c4_rc5em02.pth,noise3_exp/cnn_strict_seed_three_regs_noise_sweep_rate_uniform_L16_T16/cnn2_c2_c4/mne_l2/seed_44/noise_sweep_matrix_mnist_cnn2_c2_c4_T16_mode_rate_uniform_schedule_normal_seed_44.csv
cnn2_c2_c4,2,4,c2c4,mne_l2,44,16,16,rate_uniform,0.75,85.71,mnist-checkpoints/cnn2_c2_c4_L[16]_strict_seed44_ablation_mne_l2_l16_cnn2_c2_c4_rc5em02.pth,noise3_exp/cnn_strict_seed_three_regs_noise_sweep_rate_uniform_L16_T16/cnn2_c2_c4/mne_l2/seed_44/noise_sweep_matrix_mnist_cnn2_c2_c4_T16_mode_rate_uniform_schedule_normal_seed_44.csv
cnn2_c2_c4,2,4,c2c4,mne_l2,44,16,16,rate_uniform,0.8,85.69,mnist-checkpoints/cnn2_c2_c4_L[16]_strict_seed44_ablation_mne_l2_l16_cnn2_c2_c4_rc5em02.pth,noise3_exp/cnn_strict_seed_three_regs_noise_sweep_rate_uniform_L16_T16/cnn2_c2_c4/mne_l2/seed_44/noise_sweep_matrix_mnist_cnn2_c2_c4_T16_mode_rate_uniform_schedule_normal_seed_44.csv
cnn2_c2_c4,2,4,c2c4,mne_l2,44,16,16,rate_uniform,0.85,85.73,mnist-checkpoints/cnn2_c2_c4_L[16]_strict_seed44_ablation_mne_l2_l16_cnn2_c2_c4_rc5em02.pth,noise3_exp/cnn_strict_seed_three_regs_noise_sweep_rate_uniform_L16_T16/cnn2_c2_c4/mne_l2/seed_44/noise_sweep_matrix_mnist_cnn2_c2_c4_T16_mode_rate_uniform_schedule_normal_seed_44.csv
cnn2_c2_c4,2,4,c2c4,mne_l2,44,16,16,rate_uniform,0.9,85.99,mnist-checkpoints/cnn2_c2_c4_L[16]_strict_seed44_ablation_mne_l2_l16_cnn2_c2_c4_rc5em02.pth,noise3_exp/cnn_strict_seed_three_regs_noise_sweep_rate_uniform_L16_T16/cnn2_c2_c4/mne_l2/seed_44/noise_sweep_matrix_mnist_cnn2_c2_c4_T16_mode_rate_uniform_schedule_normal_seed_44.csv
cnn2_c2_c4,2,4,c2c4,mne_l2,44,16,16,rate_uniform,0.95,85.21,mnist-checkpoints/cnn2_c2_c4_L[16]_strict_seed44_ablation_mne_l2_l16_cnn2_c2_c4_rc5em02.pth,noise3_exp/cnn_strict_seed_three_regs_noise_sweep_rate_uniform_L16_T16/cnn2_c2_c4/mne_l2/seed_44/noise_sweep_matrix_mnist_cnn2_c2_c4_T16_mode_rate_uniform_schedule_normal_seed_44.csv
cnn2_c2_c4,2,4,c2c4,mne_l2,44,16,16,rate_uniform,1.0,85.89,mnist-checkpoints/cnn2_c2_c4_L[16]_strict_seed44_ablation_mne_l2_l16_cnn2_c2_c4_rc5em02.pth,noise3_exp/cnn_strict_seed_three_regs_noise_sweep_rate_uniform_L16_T16/cnn2_c2_c4/mne_l2/seed_44/noise_sweep_matrix_mnist_cnn2_c2_c4_T16_mode_rate_uniform_schedule_normal_seed_44.csv
cnn2_c2_c4,2,4,c2c4,weight_decay,40,16,16,rate_uniform,0.0,96.76,mnist-checkpoints/cnn2_c2_c4_L[16]_strict_seed40_ablation_wd_l16_cnn2_c2_c4.pth,noise3_exp/cnn_strict_seed_three_regs_noise_sweep_rate_uniform_L16_T16/cnn2_c2_c4/weight_decay/seed_40/noise_sweep_matrix_mnist_cnn2_c2_c4_T16_mode_rate_uniform_schedule_normal_seed_40.csv
cnn2_c2_c4,2,4,c2c4,weight_decay,40,16,16,rate_uniform,0.05,96.72,mnist-checkpoints/cnn2_c2_c4_L[16]_strict_seed40_ablation_wd_l16_cnn2_c2_c4.pth,noise3_exp/cnn_strict_seed_three_regs_noise_sweep_rate_uniform_L16_T16/cnn2_c2_c4/weight_decay/seed_40/noise_sweep_matrix_mnist_cnn2_c2_c4_T16_mode_rate_uniform_schedule_normal_seed_40.csv
cnn2_c2_c4,2,4,c2c4,weight_decay,40,16,16,rate_uniform,0.1,96.53,mnist-checkpoints/cnn2_c2_c4_L[16]_strict_seed40_ablation_wd_l16_cnn2_c2_c4.pth,noise3_exp/cnn_strict_seed_three_regs_noise_sweep_rate_uniform_L16_T16/cnn2_c2_c4/weight_decay/seed_40/noise_sweep_matrix_mnist_cnn2_c2_c4_T16_mode_rate_uniform_schedule_normal_seed_40.csv
cnn2_c2_c4,2,4,c2c4,weight_decay,40,16,16,rate_uniform,0.15,96.33,mnist-checkpoints/cnn2_c2_c4_L[16]_strict_seed40_ablation_wd_l16_cnn2_c2_c4.pth,noise3_exp/cnn_strict_seed_three_regs_noise_sweep_rate_uniform_L16_T16/cnn2_c2_c4/weight_decay/seed_40/noise_sweep_matrix_mnist_cnn2_c2_c4_T16_mode_rate_uniform_schedule_normal_seed_40.csv
cnn2_c2_c4,2,4,c2c4,weight_decay,40,16,16,rate_uniform,0.2,96.18,mnist-checkpoints/cnn2_c2_c4_L[16]_strict_seed40_ablation_wd_l16_cnn2_c2_c4.pth,noise3_exp/cnn_strict_seed_three_regs_noise_sweep_rate_uniform_L16_T16/cnn2_c2_c4/weight_decay/seed_40/noise_sweep_matrix_mnist_cnn2_c2_c4_T16_mode_rate_uniform_schedule_normal_seed_40.csv
cnn2_c2_c4,2,4,c2c4,weight_decay,40,16,16,rate_uniform,0.25,96.1,mnist-checkpoints/cnn2_c2_c4_L[16]_strict_seed40_ablation_wd_l16_cnn2_c2_c4.pth,noise3_exp/cnn_strict_seed_three_regs_noise_sweep_rate_uniform_L16_T16/cnn2_c2_c4/weight_decay/seed_40/noise_sweep_matrix_mnist_cnn2_c2_c4_T16_mode_rate_uniform_schedule_normal_seed_40.csv
cnn2_c2_c4,2,4,c2c4,weight_decay,40,16,16,rate_uniform,0.3,95.89,mnist-checkpoints/cnn2_c2_c4_L[16]_strict_seed40_ablation_wd_l16_cnn2_c2_c4.pth,noise3_exp/cnn_strict_seed_three_regs_noise_sweep_rate_uniform_L16_T16/cnn2_c2_c4/weight_decay/seed_40/noise_sweep_matrix_mnist_cnn2_c2_c4_T16_mode_rate_uniform_schedule_normal_seed_40.csv
cnn2_c2_c4,2,4,c2c4,weight_decay,40,16,16,rate_uniform,0.35,95.45,mnist-checkpoints/cnn2_c2_c4_L[16]_strict_seed40_ablation_wd_l16_cnn2_c2_c4.pth,noise3_exp/cnn_strict_seed_three_regs_noise_sweep_rate_uniform_L16_T16/cnn2_c2_c4/weight_decay/seed_40/noise_sweep_matrix_mnist_cnn2_c2_c4_T16_mode_rate_uniform_schedule_normal_seed_40.csv
cnn2_c2_c4,2,4,c2c4,weight_decay,40,16,16,rate_uniform,0.4,95.25,mnist-checkpoints/cnn2_c2_c4_L[16]_strict_seed40_ablation_wd_l16_cnn2_c2_c4.pth,noise3_exp/cnn_strict_seed_three_regs_noise_sweep_rate_uniform_L16_T16/cnn2_c2_c4/weight_decay/seed_40/noise_sweep_matrix_mnist_cnn2_c2_c4_T16_mode_rate_uniform_schedule_normal_seed_40.csv
cnn2_c2_c4,2,4,c2c4,weight_decay,40,16,16,rate_uniform,0.45,95.1,mnist-checkpoints/cnn2_c2_c4_L[16]_strict_seed40_ablation_wd_l16_cnn2_c2_c4.pth,noise3_exp/cnn_strict_seed_three_regs_noise_sweep_rate_uniform_L16_T16/cnn2_c2_c4/weight_decay/seed_40/noise_sweep_matrix_mnist_cnn2_c2_c4_T16_mode_rate_uniform_schedule_normal_seed_40.csv
cnn2_c2_c4,2,4,c2c4,weight_decay,40,16,16,rate_uniform,0.5,94.62,mnist-checkpoints/cnn2_c2_c4_L[16]_strict_seed40_ablation_wd_l16_cnn2_c2_c4.pth,noise3_exp/cnn_strict_seed_three_regs_noise_sweep_rate_uniform_L16_T16/cnn2_c2_c4/weight_decay/seed_40/noise_sweep_matrix_mnist_cnn2_c2_c4_T16_mode_rate_uniform_schedule_normal_seed_40.csv
cnn2_c2_c4,2,4,c2c4,weight_decay,40,16,16,rate_uniform,0.55,94.04,mnist-checkpoints/cnn2_c2_c4_L[16]_strict_seed40_ablation_wd_l16_cnn2_c2_c4.pth,noise3_exp/cnn_strict_seed_three_regs_noise_sweep_rate_uniform_L16_T16/cnn2_c2_c4/weight_decay/seed_40/noise_sweep_matrix_mnist_cnn2_c2_c4_T16_mode_rate_uniform_schedule_normal_seed_40.csv
cnn2_c2_c4,2,4,c2c4,weight_decay,40,16,16,rate_uniform,0.6,93.77,mnist-checkpoints/cnn2_c2_c4_L[16]_strict_seed40_ablation_wd_l16_cnn2_c2_c4.pth,noise3_exp/cnn_strict_seed_three_regs_noise_sweep_rate_uniform_L16_T16/cnn2_c2_c4/weight_decay/seed_40/noise_sweep_matrix_mnist_cnn2_c2_c4_T16_mode_rate_uniform_schedule_normal_seed_40.csv
cnn2_c2_c4,2,4,c2c4,weight_decay,40,16,16,rate_uniform,0.65,93.17,mnist-checkpoints/cnn2_c2_c4_L[16]_strict_seed40_ablation_wd_l16_cnn2_c2_c4.pth,noise3_exp/cnn_strict_seed_three_regs_noise_sweep_rate_uniform_L16_T16/cnn2_c2_c4/weight_decay/seed_40/noise_sweep_matrix_mnist_cnn2_c2_c4_T16_mode_rate_uniform_schedule_normal_seed_40.csv
cnn2_c2_c4,2,4,c2c4,weight_decay,40,16,16,rate_uniform,0.7,92.53,mnist-checkpoints/cnn2_c2_c4_L[16]_strict_seed40_ablation_wd_l16_cnn2_c2_c4.pth,noise3_exp/cnn_strict_seed_three_regs_noise_sweep_rate_uniform_L16_T16/cnn2_c2_c4/weight_decay/seed_40/noise_sweep_matrix_mnist_cnn2_c2_c4_T16_mode_rate_uniform_schedule_normal_seed_40.csv
cnn2_c2_c4,2,4,c2c4,weight_decay,40,16,16,rate_uniform,0.75,91.75,mnist-checkpoints/cnn2_c2_c4_L[16]_strict_seed40_ablation_wd_l16_cnn2_c2_c4.pth,noise3_exp/cnn_strict_seed_three_regs_noise_sweep_rate_uniform_L16_T16/cnn2_c2_c4/weight_decay/seed_40/noise_sweep_matrix_mnist_cnn2_c2_c4_T16_mode_rate_uniform_schedule_normal_seed_40.csv
cnn2_c2_c4,2,4,c2c4,weight_decay,40,16,16,rate_uniform,0.8,91.11,mnist-checkpoints/cnn2_c2_c4_L[16]_strict_seed40_ablation_wd_l16_cnn2_c2_c4.pth,noise3_exp/cnn_strict_seed_three_regs_noise_sweep_rate_uniform_L16_T16/cnn2_c2_c4/weight_decay/seed_40/noise_sweep_matrix_mnist_cnn2_c2_c4_T16_mode_rate_uniform_schedule_normal_seed_40.csv
cnn2_c2_c4,2,4,c2c4,weight_decay,40,16,16,rate_uniform,0.85,90.05,mnist-checkpoints/cnn2_c2_c4_L[16]_strict_seed40_ablation_wd_l16_cnn2_c2_c4.pth,noise3_exp/cnn_strict_seed_three_regs_noise_sweep_rate_uniform_L16_T16/cnn2_c2_c4/weight_decay/seed_40/noise_sweep_matrix_mnist_cnn2_c2_c4_T16_mode_rate_uniform_schedule_normal_seed_40.csv
cnn2_c2_c4,2,4,c2c4,weight_decay,40,16,16,rate_uniform,0.9,89.41,mnist-checkpoints/cnn2_c2_c4_L[16]_strict_seed40_ablation_wd_l16_cnn2_c2_c4.pth,noise3_exp/cnn_strict_seed_three_regs_noise_sweep_rate_uniform_L16_T16/cnn2_c2_c4/weight_decay/seed_40/noise_sweep_matrix_mnist_cnn2_c2_c4_T16_mode_rate_uniform_schedule_normal_seed_40.csv
cnn2_c2_c4,2,4,c2c4,weight_decay,40,16,16,rate_uniform,0.95,88.58,mnist-checkpoints/cnn2_c2_c4_L[16]_strict_seed40_ablation_wd_l16_cnn2_c2_c4.pth,noise3_exp/cnn_strict_seed_three_regs_noise_sweep_rate_uniform_L16_T16/cnn2_c2_c4/weight_decay/seed_40/noise_sweep_matrix_mnist_cnn2_c2_c4_T16_mode_rate_uniform_schedule_normal_seed_40.csv
cnn2_c2_c4,2,4,c2c4,weight_decay,40,16,16,rate_uniform,1.0,87.69,mnist-checkpoints/cnn2_c2_c4_L[16]_strict_seed40_ablation_wd_l16_cnn2_c2_c4.pth,noise3_exp/cnn_strict_seed_three_regs_noise_sweep_rate_uniform_L16_T16/cnn2_c2_c4/weight_decay/seed_40/noise_sweep_matrix_mnist_cnn2_c2_c4_T16_mode_rate_uniform_schedule_normal_seed_40.csv
cnn2_c2_c4,2,4,c2c4,weight_decay,41,16,16,rate_uniform,0.0,93.62,mnist-checkpoints/cnn2_c2_c4_L[16]_strict_seed41_ablation_wd_l16_cnn2_c2_c4.pth,noise3_exp/cnn_strict_seed_three_regs_noise_sweep_rate_uniform_L16_T16/cnn2_c2_c4/weight_decay/seed_41/noise_sweep_matrix_mnist_cnn2_c2_c4_T16_mode_rate_uniform_schedule_normal_seed_41.csv
cnn2_c2_c4,2,4,c2c4,weight_decay,41,16,16,rate_uniform,0.05,82.78,mnist-checkpoints/cnn2_c2_c4_L[16]_strict_seed41_ablation_wd_l16_cnn2_c2_c4.pth,noise3_exp/cnn_strict_seed_three_regs_noise_sweep_rate_uniform_L16_T16/cnn2_c2_c4/weight_decay/seed_41/noise_sweep_matrix_mnist_cnn2_c2_c4_T16_mode_rate_uniform_schedule_normal_seed_41.csv
cnn2_c2_c4,2,4,c2c4,weight_decay,41,16,16,rate_uniform,0.1,78.31,mnist-checkpoints/cnn2_c2_c4_L[16]_strict_seed41_ablation_wd_l16_cnn2_c2_c4.pth,noise3_exp/cnn_strict_seed_three_regs_noise_sweep_rate_uniform_L16_T16/cnn2_c2_c4/weight_decay/seed_41/noise_sweep_matrix_mnist_cnn2_c2_c4_T16_mode_rate_uniform_schedule_normal_seed_41.csv
cnn2_c2_c4,2,4,c2c4,weight_decay,41,16,16,rate_uniform,0.15,72.87,mnist-checkpoints/cnn2_c2_c4_L[16]_strict_seed41_ablation_wd_l16_cnn2_c2_c4.pth,noise3_exp/cnn_strict_seed_three_regs_noise_sweep_rate_uniform_L16_T16/cnn2_c2_c4/weight_decay/seed_41/noise_sweep_matrix_mnist_cnn2_c2_c4_T16_mode_rate_uniform_schedule_normal_seed_41.csv
cnn2_c2_c4,2,4,c2c4,weight_decay,41,16,16,rate_uniform,0.2,65.97,mnist-checkpoints/cnn2_c2_c4_L[16]_strict_seed41_ablation_wd_l16_cnn2_c2_c4.pth,noise3_exp/cnn_strict_seed_three_regs_noise_sweep_rate_uniform_L16_T16/cnn2_c2_c4/weight_decay/seed_41/noise_sweep_matrix_mnist_cnn2_c2_c4_T16_mode_rate_uniform_schedule_normal_seed_41.csv
cnn2_c2_c4,2,4,c2c4,weight_decay,41,16,16,rate_uniform,0.25,61.07,mnist-checkpoints/cnn2_c2_c4_L[16]_strict_seed41_ablation_wd_l16_cnn2_c2_c4.pth,noise3_exp/cnn_strict_seed_three_regs_noise_sweep_rate_uniform_L16_T16/cnn2_c2_c4/weight_decay/seed_41/noise_sweep_matrix_mnist_cnn2_c2_c4_T16_mode_rate_uniform_schedule_normal_seed_41.csv
cnn2_c2_c4,2,4,c2c4,weight_decay,41,16,16,rate_uniform,0.3,58.63,mnist-checkpoints/cnn2_c2_c4_L[16]_strict_seed41_ablation_wd_l16_cnn2_c2_c4.pth,noise3_exp/cnn_strict_seed_three_regs_noise_sweep_rate_uniform_L16_T16/cnn2_c2_c4/weight_decay/seed_41/noise_sweep_matrix_mnist_cnn2_c2_c4_T16_mode_rate_uniform_schedule_normal_seed_41.csv
cnn2_c2_c4,2,4,c2c4,weight_decay,41,16,16,rate_uniform,0.35,57.01,mnist-checkpoints/cnn2_c2_c4_L[16]_strict_seed41_ablation_wd_l16_cnn2_c2_c4.pth,noise3_exp/cnn_strict_seed_three_regs_noise_sweep_rate_uniform_L16_T16/cnn2_c2_c4/weight_decay/seed_41/noise_sweep_matrix_mnist_cnn2_c2_c4_T16_mode_rate_uniform_schedule_normal_seed_41.csv
cnn2_c2_c4,2,4,c2c4,weight_decay,41,16,16,rate_uniform,0.4,55.43,mnist-checkpoints/cnn2_c2_c4_L[16]_strict_seed41_ablation_wd_l16_cnn2_c2_c4.pth,noise3_exp/cnn_strict_seed_three_regs_noise_sweep_rate_uniform_L16_T16/cnn2_c2_c4/weight_decay/seed_41/noise_sweep_matrix_mnist_cnn2_c2_c4_T16_mode_rate_uniform_schedule_normal_seed_41.csv
cnn2_c2_c4,2,4,c2c4,weight_decay,41,16,16,rate_uniform,0.45,54.38,mnist-checkpoints/cnn2_c2_c4_L[16]_strict_seed41_ablation_wd_l16_cnn2_c2_c4.pth,noise3_exp/cnn_strict_seed_three_regs_noise_sweep_rate_uniform_L16_T16/cnn2_c2_c4/weight_decay/seed_41/noise_sweep_matrix_mnist_cnn2_c2_c4_T16_mode_rate_uniform_schedule_normal_seed_41.csv
cnn2_c2_c4,2,4,c2c4,weight_decay,41,16,16,rate_uniform,0.5,54.45,mnist-checkpoints/cnn2_c2_c4_L[16]_strict_seed41_ablation_wd_l16_cnn2_c2_c4.pth,noise3_exp/cnn_strict_seed_three_regs_noise_sweep_rate_uniform_L16_T16/cnn2_c2_c4/weight_decay/seed_41/noise_sweep_matrix_mnist_cnn2_c2_c4_T16_mode_rate_uniform_schedule_normal_seed_41.csv
cnn2_c2_c4,2,4,c2c4,weight_decay,41,16,16,rate_uniform,0.55,53.93,mnist-checkpoints/cnn2_c2_c4_L[16]_strict_seed41_ablation_wd_l16_cnn2_c2_c4.pth,noise3_exp/cnn_strict_seed_three_regs_noise_sweep_rate_uniform_L16_T16/cnn2_c2_c4/weight_decay/seed_41/noise_sweep_matrix_mnist_cnn2_c2_c4_T16_mode_rate_uniform_schedule_normal_seed_41.csv
cnn2_c2_c4,2,4,c2c4,weight_decay,41,16,16,rate_uniform,0.6,53.39,mnist-checkpoints/cnn2_c2_c4_L[16]_strict_seed41_ablation_wd_l16_cnn2_c2_c4.pth,noise3_exp/cnn_strict_seed_three_regs_noise_sweep_rate_uniform_L16_T16/cnn2_c2_c4/weight_decay/seed_41/noise_sweep_matrix_mnist_cnn2_c2_c4_T16_mode_rate_uniform_schedule_normal_seed_41.csv
cnn2_c2_c4,2,4,c2c4,weight_decay,41,16,16,rate_uniform,0.65,53.49,mnist-checkpoints/cnn2_c2_c4_L[16]_strict_seed41_ablation_wd_l16_cnn2_c2_c4.pth,noise3_exp/cnn_strict_seed_three_regs_noise_sweep_rate_uniform_L16_T16/cnn2_c2_c4/weight_decay/seed_41/noise_sweep_matrix_mnist_cnn2_c2_c4_T16_mode_rate_uniform_schedule_normal_seed_41.csv
cnn2_c2_c4,2,4,c2c4,weight_decay,41,16,16,rate_uniform,0.7,53.39,mnist-checkpoints/cnn2_c2_c4_L[16]_strict_seed41_ablation_wd_l16_cnn2_c2_c4.pth,noise3_exp/cnn_strict_seed_three_regs_noise_sweep_rate_uniform_L16_T16/cnn2_c2_c4/weight_decay/seed_41/noise_sweep_matrix_mnist_cnn2_c2_c4_T16_mode_rate_uniform_schedule_normal_seed_41.csv
cnn2_c2_c4,2,4,c2c4,weight_decay,41,16,16,rate_uniform,0.75,53.01,mnist-checkpoints/cnn2_c2_c4_L[16]_strict_seed41_ablation_wd_l16_cnn2_c2_c4.pth,noise3_exp/cnn_strict_seed_three_regs_noise_sweep_rate_uniform_L16_T16/cnn2_c2_c4/weight_decay/seed_41/noise_sweep_matrix_mnist_cnn2_c2_c4_T16_mode_rate_uniform_schedule_normal_seed_41.csv
cnn2_c2_c4,2,4,c2c4,weight_decay,41,16,16,rate_uniform,0.8,52.43,mnist-checkpoints/cnn2_c2_c4_L[16]_strict_seed41_ablation_wd_l16_cnn2_c2_c4.pth,noise3_exp/cnn_strict_seed_three_regs_noise_sweep_rate_uniform_L16_T16/cnn2_c2_c4/weight_decay/seed_41/noise_sweep_matrix_mnist_cnn2_c2_c4_T16_mode_rate_uniform_schedule_normal_seed_41.csv
cnn2_c2_c4,2,4,c2c4,weight_decay,41,16,16,rate_uniform,0.85,52.25,mnist-checkpoints/cnn2_c2_c4_L[16]_strict_seed41_ablation_wd_l16_cnn2_c2_c4.pth,noise3_exp/cnn_strict_seed_three_regs_noise_sweep_rate_uniform_L16_T16/cnn2_c2_c4/weight_decay/seed_41/noise_sweep_matrix_mnist_cnn2_c2_c4_T16_mode_rate_uniform_schedule_normal_seed_41.csv
cnn2_c2_c4,2,4,c2c4,weight_decay,41,16,16,rate_uniform,0.9,51.9,mnist-checkpoints/cnn2_c2_c4_L[16]_strict_seed41_ablation_wd_l16_cnn2_c2_c4.pth,noise3_exp/cnn_strict_seed_three_regs_noise_sweep_rate_uniform_L16_T16/cnn2_c2_c4/weight_decay/seed_41/noise_sweep_matrix_mnist_cnn2_c2_c4_T16_mode_rate_uniform_schedule_normal_seed_41.csv
cnn2_c2_c4,2,4,c2c4,weight_decay,41,16,16,rate_uniform,0.95,51.6,mnist-checkpoints/cnn2_c2_c4_L[16]_strict_seed41_ablation_wd_l16_cnn2_c2_c4.pth,noise3_exp/cnn_strict_seed_three_regs_noise_sweep_rate_uniform_L16_T16/cnn2_c2_c4/weight_decay/seed_41/noise_sweep_matrix_mnist_cnn2_c2_c4_T16_mode_rate_uniform_schedule_normal_seed_41.csv
cnn2_c2_c4,2,4,c2c4,weight_decay,41,16,16,rate_uniform,1.0,51.42,mnist-checkpoints/cnn2_c2_c4_L[16]_strict_seed41_ablation_wd_l16_cnn2_c2_c4.pth,noise3_exp/cnn_strict_seed_three_regs_noise_sweep_rate_uniform_L16_T16/cnn2_c2_c4/weight_decay/seed_41/noise_sweep_matrix_mnist_cnn2_c2_c4_T16_mode_rate_uniform_schedule_normal_seed_41.csv
cnn2_c2_c4,2,4,c2c4,weight_decay,42,16,16,rate_uniform,0.0,94.69,mnist-checkpoints/cnn2_c2_c4_L[16]_strict_seed42_ablation_wd_l16_cnn2_c2_c4.pth,noise3_exp/cnn_strict_seed_three_regs_noise_sweep_rate_uniform_L16_T16/cnn2_c2_c4/weight_decay/seed_42/noise_sweep_matrix_mnist_cnn2_c2_c4_T16_mode_rate_uniform_schedule_normal_seed_42.csv
cnn2_c2_c4,2,4,c2c4,weight_decay,42,16,16,rate_uniform,0.05,77.02,mnist-checkpoints/cnn2_c2_c4_L[16]_strict_seed42_ablation_wd_l16_cnn2_c2_c4.pth,noise3_exp/cnn_strict_seed_three_regs_noise_sweep_rate_uniform_L16_T16/cnn2_c2_c4/weight_decay/seed_42/noise_sweep_matrix_mnist_cnn2_c2_c4_T16_mode_rate_uniform_schedule_normal_seed_42.csv
cnn2_c2_c4,2,4,c2c4,weight_decay,42,16,16,rate_uniform,0.1,74.58,mnist-checkpoints/cnn2_c2_c4_L[16]_strict_seed42_ablation_wd_l16_cnn2_c2_c4.pth,noise3_exp/cnn_strict_seed_three_regs_noise_sweep_rate_uniform_L16_T16/cnn2_c2_c4/weight_decay/seed_42/noise_sweep_matrix_mnist_cnn2_c2_c4_T16_mode_rate_uniform_schedule_normal_seed_42.csv
cnn2_c2_c4,2,4,c2c4,weight_decay,42,16,16,rate_uniform,0.15,71.43,mnist-checkpoints/cnn2_c2_c4_L[16]_strict_seed42_ablation_wd_l16_cnn2_c2_c4.pth,noise3_exp/cnn_strict_seed_three_regs_noise_sweep_rate_uniform_L16_T16/cnn2_c2_c4/weight_decay/seed_42/noise_sweep_matrix_mnist_cnn2_c2_c4_T16_mode_rate_uniform_schedule_normal_seed_42.csv
cnn2_c2_c4,2,4,c2c4,weight_decay,42,16,16,rate_uniform,0.2,66.95,mnist-checkpoints/cnn2_c2_c4_L[16]_strict_seed42_ablation_wd_l16_cnn2_c2_c4.pth,noise3_exp/cnn_strict_seed_three_regs_noise_sweep_rate_uniform_L16_T16/cnn2_c2_c4/weight_decay/seed_42/noise_sweep_matrix_mnist_cnn2_c2_c4_T16_mode_rate_uniform_schedule_normal_seed_42.csv
cnn2_c2_c4,2,4,c2c4,weight_decay,42,16,16,rate_uniform,0.25,64.28,mnist-checkpoints/cnn2_c2_c4_L[16]_strict_seed42_ablation_wd_l16_cnn2_c2_c4.pth,noise3_exp/cnn_strict_seed_three_regs_noise_sweep_rate_uniform_L16_T16/cnn2_c2_c4/weight_decay/seed_42/noise_sweep_matrix_mnist_cnn2_c2_c4_T16_mode_rate_uniform_schedule_normal_seed_42.csv
cnn2_c2_c4,2,4,c2c4,weight_decay,42,16,16,rate_uniform,0.3,61.57,mnist-checkpoints/cnn2_c2_c4_L[16]_strict_seed42_ablation_wd_l16_cnn2_c2_c4.pth,noise3_exp/cnn_strict_seed_three_regs_noise_sweep_rate_uniform_L16_T16/cnn2_c2_c4/weight_decay/seed_42/noise_sweep_matrix_mnist_cnn2_c2_c4_T16_mode_rate_uniform_schedule_normal_seed_42.csv
cnn2_c2_c4,2,4,c2c4,weight_decay,42,16,16,rate_uniform,0.35,60.52,mnist-checkpoints/cnn2_c2_c4_L[16]_strict_seed42_ablation_wd_l16_cnn2_c2_c4.pth,noise3_exp/cnn_strict_seed_three_regs_noise_sweep_rate_uniform_L16_T16/cnn2_c2_c4/weight_decay/seed_42/noise_sweep_matrix_mnist_cnn2_c2_c4_T16_mode_rate_uniform_schedule_normal_seed_42.csv
cnn2_c2_c4,2,4,c2c4,weight_decay,42,16,16,rate_uniform,0.4,58.8,mnist-checkpoints/cnn2_c2_c4_L[16]_strict_seed42_ablation_wd_l16_cnn2_c2_c4.pth,noise3_exp/cnn_strict_seed_three_regs_noise_sweep_rate_uniform_L16_T16/cnn2_c2_c4/weight_decay/seed_42/noise_sweep_matrix_mnist_cnn2_c2_c4_T16_mode_rate_uniform_schedule_normal_seed_42.csv
cnn2_c2_c4,2,4,c2c4,weight_decay,42,16,16,rate_uniform,0.45,58.37,mnist-checkpoints/cnn2_c2_c4_L[16]_strict_seed42_ablation_wd_l16_cnn2_c2_c4.pth,noise3_exp/cnn_strict_seed_three_regs_noise_sweep_rate_uniform_L16_T16/cnn2_c2_c4/weight_decay/seed_42/noise_sweep_matrix_mnist_cnn2_c2_c4_T16_mode_rate_uniform_schedule_normal_seed_42.csv
cnn2_c2_c4,2,4,c2c4,weight_decay,42,16,16,rate_uniform,0.5,57.79,mnist-checkpoints/cnn2_c2_c4_L[16]_strict_seed42_ablation_wd_l16_cnn2_c2_c4.pth,noise3_exp/cnn_strict_seed_three_regs_noise_sweep_rate_uniform_L16_T16/cnn2_c2_c4/weight_decay/seed_42/noise_sweep_matrix_mnist_cnn2_c2_c4_T16_mode_rate_uniform_schedule_normal_seed_42.csv
cnn2_c2_c4,2,4,c2c4,weight_decay,42,16,16,rate_uniform,0.55,57.56,mnist-checkpoints/cnn2_c2_c4_L[16]_strict_seed42_ablation_wd_l16_cnn2_c2_c4.pth,noise3_exp/cnn_strict_seed_three_regs_noise_sweep_rate_uniform_L16_T16/cnn2_c2_c4/weight_decay/seed_42/noise_sweep_matrix_mnist_cnn2_c2_c4_T16_mode_rate_uniform_schedule_normal_seed_42.csv
cnn2_c2_c4,2,4,c2c4,weight_decay,42,16,16,rate_uniform,0.6,56.85,mnist-checkpoints/cnn2_c2_c4_L[16]_strict_seed42_ablation_wd_l16_cnn2_c2_c4.pth,noise3_exp/cnn_strict_seed_three_regs_noise_sweep_rate_uniform_L16_T16/cnn2_c2_c4/weight_decay/seed_42/noise_sweep_matrix_mnist_cnn2_c2_c4_T16_mode_rate_uniform_schedule_normal_seed_42.csv
cnn2_c2_c4,2,4,c2c4,weight_decay,42,16,16,rate_uniform,0.65,56.69,mnist-checkpoints/cnn2_c2_c4_L[16]_strict_seed42_ablation_wd_l16_cnn2_c2_c4.pth,noise3_exp/cnn_strict_seed_three_regs_noise_sweep_rate_uniform_L16_T16/cnn2_c2_c4/weight_decay/seed_42/noise_sweep_matrix_mnist_cnn2_c2_c4_T16_mode_rate_uniform_schedule_normal_seed_42.csv
cnn2_c2_c4,2,4,c2c4,weight_decay,42,16,16,rate_uniform,0.7,56.43,mnist-checkpoints/cnn2_c2_c4_L[16]_strict_seed42_ablation_wd_l16_cnn2_c2_c4.pth,noise3_exp/cnn_strict_seed_three_regs_noise_sweep_rate_uniform_L16_T16/cnn2_c2_c4/weight_decay/seed_42/noise_sweep_matrix_mnist_cnn2_c2_c4_T16_mode_rate_uniform_schedule_normal_seed_42.csv
cnn2_c2_c4,2,4,c2c4,weight_decay,42,16,16,rate_uniform,0.75,56.02,mnist-checkpoints/cnn2_c2_c4_L[16]_strict_seed42_ablation_wd_l16_cnn2_c2_c4.pth,noise3_exp/cnn_strict_seed_three_regs_noise_sweep_rate_uniform_L16_T16/cnn2_c2_c4/weight_decay/seed_42/noise_sweep_matrix_mnist_cnn2_c2_c4_T16_mode_rate_uniform_schedule_normal_seed_42.csv
cnn2_c2_c4,2,4,c2c4,weight_decay,42,16,16,rate_uniform,0.8,55.68,mnist-checkpoints/cnn2_c2_c4_L[16]_strict_seed42_ablation_wd_l16_cnn2_c2_c4.pth,noise3_exp/cnn_strict_seed_three_regs_noise_sweep_rate_uniform_L16_T16/cnn2_c2_c4/weight_decay/seed_42/noise_sweep_matrix_mnist_cnn2_c2_c4_T16_mode_rate_uniform_schedule_normal_seed_42.csv
cnn2_c2_c4,2,4,c2c4,weight_decay,42,16,16,rate_uniform,0.85,55.68,mnist-checkpoints/cnn2_c2_c4_L[16]_strict_seed42_ablation_wd_l16_cnn2_c2_c4.pth,noise3_exp/cnn_strict_seed_three_regs_noise_sweep_rate_uniform_L16_T16/cnn2_c2_c4/weight_decay/seed_42/noise_sweep_matrix_mnist_cnn2_c2_c4_T16_mode_rate_uniform_schedule_normal_seed_42.csv
cnn2_c2_c4,2,4,c2c4,weight_decay,42,16,16,rate_uniform,0.9,55.4,mnist-checkpoints/cnn2_c2_c4_L[16]_strict_seed42_ablation_wd_l16_cnn2_c2_c4.pth,noise3_exp/cnn_strict_seed_three_regs_noise_sweep_rate_uniform_L16_T16/cnn2_c2_c4/weight_decay/seed_42/noise_sweep_matrix_mnist_cnn2_c2_c4_T16_mode_rate_uniform_schedule_normal_seed_42.csv
cnn2_c2_c4,2,4,c2c4,weight_decay,42,16,16,rate_uniform,0.95,54.88,mnist-checkpoints/cnn2_c2_c4_L[16]_strict_seed42_ablation_wd_l16_cnn2_c2_c4.pth,noise3_exp/cnn_strict_seed_three_regs_noise_sweep_rate_uniform_L16_T16/cnn2_c2_c4/weight_decay/seed_42/noise_sweep_matrix_mnist_cnn2_c2_c4_T16_mode_rate_uniform_schedule_normal_seed_42.csv
cnn2_c2_c4,2,4,c2c4,weight_decay,42,16,16,rate_uniform,1.0,54.41,mnist-checkpoints/cnn2_c2_c4_L[16]_strict_seed42_ablation_wd_l16_cnn2_c2_c4.pth,noise3_exp/cnn_strict_seed_three_regs_noise_sweep_rate_uniform_L16_T16/cnn2_c2_c4/weight_decay/seed_42/noise_sweep_matrix_mnist_cnn2_c2_c4_T16_mode_rate_uniform_schedule_normal_seed_42.csv
cnn2_c2_c4,2,4,c2c4,weight_decay,43,16,16,rate_uniform,0.0,96.89,mnist-checkpoints/cnn2_c2_c4_L[16]_strict_seed43_ablation_wd_l16_cnn2_c2_c4.pth,noise3_exp/cnn_strict_seed_three_regs_noise_sweep_rate_uniform_L16_T16/cnn2_c2_c4/weight_decay/seed_43/noise_sweep_matrix_mnist_cnn2_c2_c4_T16_mode_rate_uniform_schedule_normal_seed_43.csv
cnn2_c2_c4,2,4,c2c4,weight_decay,43,16,16,rate_uniform,0.05,97.03,mnist-checkpoints/cnn2_c2_c4_L[16]_strict_seed43_ablation_wd_l16_cnn2_c2_c4.pth,noise3_exp/cnn_strict_seed_three_regs_noise_sweep_rate_uniform_L16_T16/cnn2_c2_c4/weight_decay/seed_43/noise_sweep_matrix_mnist_cnn2_c2_c4_T16_mode_rate_uniform_schedule_normal_seed_43.csv
cnn2_c2_c4,2,4,c2c4,weight_decay,43,16,16,rate_uniform,0.1,96.89,mnist-checkpoints/cnn2_c2_c4_L[16]_strict_seed43_ablation_wd_l16_cnn2_c2_c4.pth,noise3_exp/cnn_strict_seed_three_regs_noise_sweep_rate_uniform_L16_T16/cnn2_c2_c4/weight_decay/seed_43/noise_sweep_matrix_mnist_cnn2_c2_c4_T16_mode_rate_uniform_schedule_normal_seed_43.csv
cnn2_c2_c4,2,4,c2c4,weight_decay,43,16,16,rate_uniform,0.15,96.77,mnist-checkpoints/cnn2_c2_c4_L[16]_strict_seed43_ablation_wd_l16_cnn2_c2_c4.pth,noise3_exp/cnn_strict_seed_three_regs_noise_sweep_rate_uniform_L16_T16/cnn2_c2_c4/weight_decay/seed_43/noise_sweep_matrix_mnist_cnn2_c2_c4_T16_mode_rate_uniform_schedule_normal_seed_43.csv
cnn2_c2_c4,2,4,c2c4,weight_decay,43,16,16,rate_uniform,0.2,96.68,mnist-checkpoints/cnn2_c2_c4_L[16]_strict_seed43_ablation_wd_l16_cnn2_c2_c4.pth,noise3_exp/cnn_strict_seed_three_regs_noise_sweep_rate_uniform_L16_T16/cnn2_c2_c4/weight_decay/seed_43/noise_sweep_matrix_mnist_cnn2_c2_c4_T16_mode_rate_uniform_schedule_normal_seed_43.csv
cnn2_c2_c4,2,4,c2c4,weight_decay,43,16,16,rate_uniform,0.25,96.57,mnist-checkpoints/cnn2_c2_c4_L[16]_strict_seed43_ablation_wd_l16_cnn2_c2_c4.pth,noise3_exp/cnn_strict_seed_three_regs_noise_sweep_rate_uniform_L16_T16/cnn2_c2_c4/weight_decay/seed_43/noise_sweep_matrix_mnist_cnn2_c2_c4_T16_mode_rate_uniform_schedule_normal_seed_43.csv
cnn2_c2_c4,2,4,c2c4,weight_decay,43,16,16,rate_uniform,0.3,96.39,mnist-checkpoints/cnn2_c2_c4_L[16]_strict_seed43_ablation_wd_l16_cnn2_c2_c4.pth,noise3_exp/cnn_strict_seed_three_regs_noise_sweep_rate_uniform_L16_T16/cnn2_c2_c4/weight_decay/seed_43/noise_sweep_matrix_mnist_cnn2_c2_c4_T16_mode_rate_uniform_schedule_normal_seed_43.csv
cnn2_c2_c4,2,4,c2c4,weight_decay,43,16,16,rate_uniform,0.35,96.39,mnist-checkpoints/cnn2_c2_c4_L[16]_strict_seed43_ablation_wd_l16_cnn2_c2_c4.pth,noise3_exp/cnn_strict_seed_three_regs_noise_sweep_rate_uniform_L16_T16/cnn2_c2_c4/weight_decay/seed_43/noise_sweep_matrix_mnist_cnn2_c2_c4_T16_mode_rate_uniform_schedule_normal_seed_43.csv
cnn2_c2_c4,2,4,c2c4,weight_decay,43,16,16,rate_uniform,0.4,96.41,mnist-checkpoints/cnn2_c2_c4_L[16]_strict_seed43_ablation_wd_l16_cnn2_c2_c4.pth,noise3_exp/cnn_strict_seed_three_regs_noise_sweep_rate_uniform_L16_T16/cnn2_c2_c4/weight_decay/seed_43/noise_sweep_matrix_mnist_cnn2_c2_c4_T16_mode_rate_uniform_schedule_normal_seed_43.csv
cnn2_c2_c4,2,4,c2c4,weight_decay,43,16,16,rate_uniform,0.45,95.98,mnist-checkpoints/cnn2_c2_c4_L[16]_strict_seed43_ablation_wd_l16_cnn2_c2_c4.pth,noise3_exp/cnn_strict_seed_three_regs_noise_sweep_rate_uniform_L16_T16/cnn2_c2_c4/weight_decay/seed_43/noise_sweep_matrix_mnist_cnn2_c2_c4_T16_mode_rate_uniform_schedule_normal_seed_43.csv
cnn2_c2_c4,2,4,c2c4,weight_decay,43,16,16,rate_uniform,0.5,96.07,mnist-checkpoints/cnn2_c2_c4_L[16]_strict_seed43_ablation_wd_l16_cnn2_c2_c4.pth,noise3_exp/cnn_strict_seed_three_regs_noise_sweep_rate_uniform_L16_T16/cnn2_c2_c4/weight_decay/seed_43/noise_sweep_matrix_mnist_cnn2_c2_c4_T16_mode_rate_uniform_schedule_normal_seed_43.csv
cnn2_c2_c4,2,4,c2c4,weight_decay,43,16,16,rate_uniform,0.55,96.0,mnist-checkpoints/cnn2_c2_c4_L[16]_strict_seed43_ablation_wd_l16_cnn2_c2_c4.pth,noise3_exp/cnn_strict_seed_three_regs_noise_sweep_rate_uniform_L16_T16/cnn2_c2_c4/weight_decay/seed_43/noise_sweep_matrix_mnist_cnn2_c2_c4_T16_mode_rate_uniform_schedule_normal_seed_43.csv
cnn2_c2_c4,2,4,c2c4,weight_decay,43,16,16,rate_uniform,0.6,95.84,mnist-checkpoints/cnn2_c2_c4_L[16]_strict_seed43_ablation_wd_l16_cnn2_c2_c4.pth,noise3_exp/cnn_strict_seed_three_regs_noise_sweep_rate_uniform_L16_T16/cnn2_c2_c4/weight_decay/seed_43/noise_sweep_matrix_mnist_cnn2_c2_c4_T16_mode_rate_uniform_schedule_normal_seed_43.csv
cnn2_c2_c4,2,4,c2c4,weight_decay,43,16,16,rate_uniform,0.65,95.95,mnist-checkpoints/cnn2_c2_c4_L[16]_strict_seed43_ablation_wd_l16_cnn2_c2_c4.pth,noise3_exp/cnn_strict_seed_three_regs_noise_sweep_rate_uniform_L16_T16/cnn2_c2_c4/weight_decay/seed_43/noise_sweep_matrix_mnist_cnn2_c2_c4_T16_mode_rate_uniform_schedule_normal_seed_43.csv
cnn2_c2_c4,2,4,c2c4,weight_decay,43,16,16,rate_uniform,0.7,95.67,mnist-checkpoints/cnn2_c2_c4_L[16]_strict_seed43_ablation_wd_l16_cnn2_c2_c4.pth,noise3_exp/cnn_strict_seed_three_regs_noise_sweep_rate_uniform_L16_T16/cnn2_c2_c4/weight_decay/seed_43/noise_sweep_matrix_mnist_cnn2_c2_c4_T16_mode_rate_uniform_schedule_normal_seed_43.csv
cnn2_c2_c4,2,4,c2c4,weight_decay,43,16,16,rate_uniform,0.75,95.71,mnist-checkpoints/cnn2_c2_c4_L[16]_strict_seed43_ablation_wd_l16_cnn2_c2_c4.pth,noise3_exp/cnn_strict_seed_three_regs_noise_sweep_rate_uniform_L16_T16/cnn2_c2_c4/weight_decay/seed_43/noise_sweep_matrix_mnist_cnn2_c2_c4_T16_mode_rate_uniform_schedule_normal_seed_43.csv
cnn2_c2_c4,2,4,c2c4,weight_decay,43,16,16,rate_uniform,0.8,95.48,mnist-checkpoints/cnn2_c2_c4_L[16]_strict_seed43_ablation_wd_l16_cnn2_c2_c4.pth,noise3_exp/cnn_strict_seed_three_regs_noise_sweep_rate_uniform_L16_T16/cnn2_c2_c4/weight_decay/seed_43/noise_sweep_matrix_mnist_cnn2_c2_c4_T16_mode_rate_uniform_schedule_normal_seed_43.csv
cnn2_c2_c4,2,4,c2c4,weight_decay,43,16,16,rate_uniform,0.85,95.63,mnist-checkpoints/cnn2_c2_c4_L[16]_strict_seed43_ablation_wd_l16_cnn2_c2_c4.pth,noise3_exp/cnn_strict_seed_three_regs_noise_sweep_rate_uniform_L16_T16/cnn2_c2_c4/weight_decay/seed_43/noise_sweep_matrix_mnist_cnn2_c2_c4_T16_mode_rate_uniform_schedule_normal_seed_43.csv
cnn2_c2_c4,2,4,c2c4,weight_decay,43,16,16,rate_uniform,0.9,95.26,mnist-checkpoints/cnn2_c2_c4_L[16]_strict_seed43_ablation_wd_l16_cnn2_c2_c4.pth,noise3_exp/cnn_strict_seed_three_regs_noise_sweep_rate_uniform_L16_T16/cnn2_c2_c4/weight_decay/seed_43/noise_sweep_matrix_mnist_cnn2_c2_c4_T16_mode_rate_uniform_schedule_normal_seed_43.csv
cnn2_c2_c4,2,4,c2c4,weight_decay,43,16,16,rate_uniform,0.95,95.32,mnist-checkpoints/cnn2_c2_c4_L[16]_strict_seed43_ablation_wd_l16_cnn2_c2_c4.pth,noise3_exp/cnn_strict_seed_three_regs_noise_sweep_rate_uniform_L16_T16/cnn2_c2_c4/weight_decay/seed_43/noise_sweep_matrix_mnist_cnn2_c2_c4_T16_mode_rate_uniform_schedule_normal_seed_43.csv
cnn2_c2_c4,2,4,c2c4,weight_decay,43,16,16,rate_uniform,1.0,94.84,mnist-checkpoints/cnn2_c2_c4_L[16]_strict_seed43_ablation_wd_l16_cnn2_c2_c4.pth,noise3_exp/cnn_strict_seed_three_regs_noise_sweep_rate_uniform_L16_T16/cnn2_c2_c4/weight_decay/seed_43/noise_sweep_matrix_mnist_cnn2_c2_c4_T16_mode_rate_uniform_schedule_normal_seed_43.csv
cnn2_c2_c4,2,4,c2c4,weight_decay,44,16,16,rate_uniform,0.0,97.55,mnist-checkpoints/cnn2_c2_c4_L[16]_strict_seed44_ablation_wd_l16_cnn2_c2_c4.pth,noise3_exp/cnn_strict_seed_three_regs_noise_sweep_rate_uniform_L16_T16/cnn2_c2_c4/weight_decay/seed_44/noise_sweep_matrix_mnist_cnn2_c2_c4_T16_mode_rate_uniform_schedule_normal_seed_44.csv
cnn2_c2_c4,2,4,c2c4,weight_decay,44,16,16,rate_uniform,0.05,97.5,mnist-checkpoints/cnn2_c2_c4_L[16]_strict_seed44_ablation_wd_l16_cnn2_c2_c4.pth,noise3_exp/cnn_strict_seed_three_regs_noise_sweep_rate_uniform_L16_T16/cnn2_c2_c4/weight_decay/seed_44/noise_sweep_matrix_mnist_cnn2_c2_c4_T16_mode_rate_uniform_schedule_normal_seed_44.csv
cnn2_c2_c4,2,4,c2c4,weight_decay,44,16,16,rate_uniform,0.1,97.44,mnist-checkpoints/cnn2_c2_c4_L[16]_strict_seed44_ablation_wd_l16_cnn2_c2_c4.pth,noise3_exp/cnn_strict_seed_three_regs_noise_sweep_rate_uniform_L16_T16/cnn2_c2_c4/weight_decay/seed_44/noise_sweep_matrix_mnist_cnn2_c2_c4_T16_mode_rate_uniform_schedule_normal_seed_44.csv
cnn2_c2_c4,2,4,c2c4,weight_decay,44,16,16,rate_uniform,0.15,97.42,mnist-checkpoints/cnn2_c2_c4_L[16]_strict_seed44_ablation_wd_l16_cnn2_c2_c4.pth,noise3_exp/cnn_strict_seed_three_regs_noise_sweep_rate_uniform_L16_T16/cnn2_c2_c4/weight_decay/seed_44/noise_sweep_matrix_mnist_cnn2_c2_c4_T16_mode_rate_uniform_schedule_normal_seed_44.csv
cnn2_c2_c4,2,4,c2c4,weight_decay,44,16,16,rate_uniform,0.2,97.44,mnist-checkpoints/cnn2_c2_c4_L[16]_strict_seed44_ablation_wd_l16_cnn2_c2_c4.pth,noise3_exp/cnn_strict_seed_three_regs_noise_sweep_rate_uniform_L16_T16/cnn2_c2_c4/weight_decay/seed_44/noise_sweep_matrix_mnist_cnn2_c2_c4_T16_mode_rate_uniform_schedule_normal_seed_44.csv
cnn2_c2_c4,2,4,c2c4,weight_decay,44,16,16,rate_uniform,0.25,97.48,mnist-checkpoints/cnn2_c2_c4_L[16]_strict_seed44_ablation_wd_l16_cnn2_c2_c4.pth,noise3_exp/cnn_strict_seed_three_regs_noise_sweep_rate_uniform_L16_T16/cnn2_c2_c4/weight_decay/seed_44/noise_sweep_matrix_mnist_cnn2_c2_c4_T16_mode_rate_uniform_schedule_normal_seed_44.csv
cnn2_c2_c4,2,4,c2c4,weight_decay,44,16,16,rate_uniform,0.3,97.35,mnist-checkpoints/cnn2_c2_c4_L[16]_strict_seed44_ablation_wd_l16_cnn2_c2_c4.pth,noise3_exp/cnn_strict_seed_three_regs_noise_sweep_rate_uniform_L16_T16/cnn2_c2_c4/weight_decay/seed_44/noise_sweep_matrix_mnist_cnn2_c2_c4_T16_mode_rate_uniform_schedule_normal_seed_44.csv
cnn2_c2_c4,2,4,c2c4,weight_decay,44,16,16,rate_uniform,0.35,97.37,mnist-checkpoints/cnn2_c2_c4_L[16]_strict_seed44_ablation_wd_l16_cnn2_c2_c4.pth,noise3_exp/cnn_strict_seed_three_regs_noise_sweep_rate_uniform_L16_T16/cnn2_c2_c4/weight_decay/seed_44/noise_sweep_matrix_mnist_cnn2_c2_c4_T16_mode_rate_uniform_schedule_normal_seed_44.csv
cnn2_c2_c4,2,4,c2c4,weight_decay,44,16,16,rate_uniform,0.4,97.23,mnist-checkpoints/cnn2_c2_c4_L[16]_strict_seed44_ablation_wd_l16_cnn2_c2_c4.pth,noise3_exp/cnn_strict_seed_three_regs_noise_sweep_rate_uniform_L16_T16/cnn2_c2_c4/weight_decay/seed_44/noise_sweep_matrix_mnist_cnn2_c2_c4_T16_mode_rate_uniform_schedule_normal_seed_44.csv
cnn2_c2_c4,2,4,c2c4,weight_decay,44,16,16,rate_uniform,0.45,97.28,mnist-checkpoints/cnn2_c2_c4_L[16]_strict_seed44_ablation_wd_l16_cnn2_c2_c4.pth,noise3_exp/cnn_strict_seed_three_regs_noise_sweep_rate_uniform_L16_T16/cnn2_c2_c4/weight_decay/seed_44/noise_sweep_matrix_mnist_cnn2_c2_c4_T16_mode_rate_uniform_schedule_normal_seed_44.csv
cnn2_c2_c4,2,4,c2c4,weight_decay,44,16,16,rate_uniform,0.5,97.28,mnist-checkpoints/cnn2_c2_c4_L[16]_strict_seed44_ablation_wd_l16_cnn2_c2_c4.pth,noise3_exp/cnn_strict_seed_three_regs_noise_sweep_rate_uniform_L16_T16/cnn2_c2_c4/weight_decay/seed_44/noise_sweep_matrix_mnist_cnn2_c2_c4_T16_mode_rate_uniform_schedule_normal_seed_44.csv
cnn2_c2_c4,2,4,c2c4,weight_decay,44,16,16,rate_uniform,0.55,97.07,mnist-checkpoints/cnn2_c2_c4_L[16]_strict_seed44_ablation_wd_l16_cnn2_c2_c4.pth,noise3_exp/cnn_strict_seed_three_regs_noise_sweep_rate_uniform_L16_T16/cnn2_c2_c4/weight_decay/seed_44/noise_sweep_matrix_mnist_cnn2_c2_c4_T16_mode_rate_uniform_schedule_normal_seed_44.csv
cnn2_c2_c4,2,4,c2c4,weight_decay,44,16,16,rate_uniform,0.6,96.99,mnist-checkpoints/cnn2_c2_c4_L[16]_strict_seed44_ablation_wd_l16_cnn2_c2_c4.pth,noise3_exp/cnn_strict_seed_three_regs_noise_sweep_rate_uniform_L16_T16/cnn2_c2_c4/weight_decay/seed_44/noise_sweep_matrix_mnist_cnn2_c2_c4_T16_mode_rate_uniform_schedule_normal_seed_44.csv
cnn2_c2_c4,2,4,c2c4,weight_decay,44,16,16,rate_uniform,0.65,97.0,mnist-checkpoints/cnn2_c2_c4_L[16]_strict_seed44_ablation_wd_l16_cnn2_c2_c4.pth,noise3_exp/cnn_strict_seed_three_regs_noise_sweep_rate_uniform_L16_T16/cnn2_c2_c4/weight_decay/seed_44/noise_sweep_matrix_mnist_cnn2_c2_c4_T16_mode_rate_uniform_schedule_normal_seed_44.csv
cnn2_c2_c4,2,4,c2c4,weight_decay,44,16,16,rate_uniform,0.7,96.95,mnist-checkpoints/cnn2_c2_c4_L[16]_strict_seed44_ablation_wd_l16_cnn2_c2_c4.pth,noise3_exp/cnn_strict_seed_three_regs_noise_sweep_rate_uniform_L16_T16/cnn2_c2_c4/weight_decay/seed_44/noise_sweep_matrix_mnist_cnn2_c2_c4_T16_mode_rate_uniform_schedule_normal_seed_44.csv
cnn2_c2_c4,2,4,c2c4,weight_decay,44,16,16,rate_uniform,0.75,96.72,mnist-checkpoints/cnn2_c2_c4_L[16]_strict_seed44_ablation_wd_l16_cnn2_c2_c4.pth,noise3_exp/cnn_strict_seed_three_regs_noise_sweep_rate_uniform_L16_T16/cnn2_c2_c4/weight_decay/seed_44/noise_sweep_matrix_mnist_cnn2_c2_c4_T16_mode_rate_uniform_schedule_normal_seed_44.csv
cnn2_c2_c4,2,4,c2c4,weight_decay,44,16,16,rate_uniform,0.8,96.66,mnist-checkpoints/cnn2_c2_c4_L[16]_strict_seed44_ablation_wd_l16_cnn2_c2_c4.pth,noise3_exp/cnn_strict_seed_three_regs_noise_sweep_rate_uniform_L16_T16/cnn2_c2_c4/weight_decay/seed_44/noise_sweep_matrix_mnist_cnn2_c2_c4_T16_mode_rate_uniform_schedule_normal_seed_44.csv
cnn2_c2_c4,2,4,c2c4,weight_decay,44,16,16,rate_uniform,0.85,96.8,mnist-checkpoints/cnn2_c2_c4_L[16]_strict_seed44_ablation_wd_l16_cnn2_c2_c4.pth,noise3_exp/cnn_strict_seed_three_regs_noise_sweep_rate_uniform_L16_T16/cnn2_c2_c4/weight_decay/seed_44/noise_sweep_matrix_mnist_cnn2_c2_c4_T16_mode_rate_uniform_schedule_normal_seed_44.csv
cnn2_c2_c4,2,4,c2c4,weight_decay,44,16,16,rate_uniform,0.9,96.53,mnist-checkpoints/cnn2_c2_c4_L[16]_strict_seed44_ablation_wd_l16_cnn2_c2_c4.pth,noise3_exp/cnn_strict_seed_three_regs_noise_sweep_rate_uniform_L16_T16/cnn2_c2_c4/weight_decay/seed_44/noise_sweep_matrix_mnist_cnn2_c2_c4_T16_mode_rate_uniform_schedule_normal_seed_44.csv
cnn2_c2_c4,2,4,c2c4,weight_decay,44,16,16,rate_uniform,0.95,96.36,mnist-checkpoints/cnn2_c2_c4_L[16]_strict_seed44_ablation_wd_l16_cnn2_c2_c4.pth,noise3_exp/cnn_strict_seed_three_regs_noise_sweep_rate_uniform_L16_T16/cnn2_c2_c4/weight_decay/seed_44/noise_sweep_matrix_mnist_cnn2_c2_c4_T16_mode_rate_uniform_schedule_normal_seed_44.csv
cnn2_c2_c4,2,4,c2c4,weight_decay,44,16,16,rate_uniform,1.0,96.1,mnist-checkpoints/cnn2_c2_c4_L[16]_strict_seed44_ablation_wd_l16_cnn2_c2_c4.pth,noise3_exp/cnn_strict_seed_three_regs_noise_sweep_rate_uniform_L16_T16/cnn2_c2_c4/weight_decay/seed_44/noise_sweep_matrix_mnist_cnn2_c2_c4_T16_mode_rate_uniform_schedule_normal_seed_44.csv
cnn2_c2_c4,2,4,c2c4,no_regularization,40,16,16,rate_uniform,0.0,96.57,mnist-checkpoints/cnn2_c2_c4_L[16]_strict_seed40_ablation_none_l16_cnn2_c2_c4.pth,noise3_exp/cnn_strict_seed_three_regs_noise_sweep_rate_uniform_L16_T16/cnn2_c2_c4/no_regularization/seed_40/noise_sweep_matrix_mnist_cnn2_c2_c4_T16_mode_rate_uniform_schedule_normal_seed_40.csv
cnn2_c2_c4,2,4,c2c4,no_regularization,40,16,16,rate_uniform,0.05,96.59,mnist-checkpoints/cnn2_c2_c4_L[16]_strict_seed40_ablation_none_l16_cnn2_c2_c4.pth,noise3_exp/cnn_strict_seed_three_regs_noise_sweep_rate_uniform_L16_T16/cnn2_c2_c4/no_regularization/seed_40/noise_sweep_matrix_mnist_cnn2_c2_c4_T16_mode_rate_uniform_schedule_normal_seed_40.csv
cnn2_c2_c4,2,4,c2c4,no_regularization,40,16,16,rate_uniform,0.1,96.75,mnist-checkpoints/cnn2_c2_c4_L[16]_strict_seed40_ablation_none_l16_cnn2_c2_c4.pth,noise3_exp/cnn_strict_seed_three_regs_noise_sweep_rate_uniform_L16_T16/cnn2_c2_c4/no_regularization/seed_40/noise_sweep_matrix_mnist_cnn2_c2_c4_T16_mode_rate_uniform_schedule_normal_seed_40.csv
cnn2_c2_c4,2,4,c2c4,no_regularization,40,16,16,rate_uniform,0.15,96.63,mnist-checkpoints/cnn2_c2_c4_L[16]_strict_seed40_ablation_none_l16_cnn2_c2_c4.pth,noise3_exp/cnn_strict_seed_three_regs_noise_sweep_rate_uniform_L16_T16/cnn2_c2_c4/no_regularization/seed_40/noise_sweep_matrix_mnist_cnn2_c2_c4_T16_mode_rate_uniform_schedule_normal_seed_40.csv
cnn2_c2_c4,2,4,c2c4,no_regularization,40,16,16,rate_uniform,0.2,96.56,mnist-checkpoints/cnn2_c2_c4_L[16]_strict_seed40_ablation_none_l16_cnn2_c2_c4.pth,noise3_exp/cnn_strict_seed_three_regs_noise_sweep_rate_uniform_L16_T16/cnn2_c2_c4/no_regularization/seed_40/noise_sweep_matrix_mnist_cnn2_c2_c4_T16_mode_rate_uniform_schedule_normal_seed_40.csv
cnn2_c2_c4,2,4,c2c4,no_regularization,40,16,16,rate_uniform,0.25,96.32,mnist-checkpoints/cnn2_c2_c4_L[16]_strict_seed40_ablation_none_l16_cnn2_c2_c4.pth,noise3_exp/cnn_strict_seed_three_regs_noise_sweep_rate_uniform_L16_T16/cnn2_c2_c4/no_regularization/seed_40/noise_sweep_matrix_mnist_cnn2_c2_c4_T16_mode_rate_uniform_schedule_normal_seed_40.csv
cnn2_c2_c4,2,4,c2c4,no_regularization,40,16,16,rate_uniform,0.3,96.46,mnist-checkpoints/cnn2_c2_c4_L[16]_strict_seed40_ablation_none_l16_cnn2_c2_c4.pth,noise3_exp/cnn_strict_seed_three_regs_noise_sweep_rate_uniform_L16_T16/cnn2_c2_c4/no_regularization/seed_40/noise_sweep_matrix_mnist_cnn2_c2_c4_T16_mode_rate_uniform_schedule_normal_seed_40.csv
cnn2_c2_c4,2,4,c2c4,no_regularization,40,16,16,rate_uniform,0.35,96.36,mnist-checkpoints/cnn2_c2_c4_L[16]_strict_seed40_ablation_none_l16_cnn2_c2_c4.pth,noise3_exp/cnn_strict_seed_three_regs_noise_sweep_rate_uniform_L16_T16/cnn2_c2_c4/no_regularization/seed_40/noise_sweep_matrix_mnist_cnn2_c2_c4_T16_mode_rate_uniform_schedule_normal_seed_40.csv
cnn2_c2_c4,2,4,c2c4,no_regularization,40,16,16,rate_uniform,0.4,96.28,mnist-checkpoints/cnn2_c2_c4_L[16]_strict_seed40_ablation_none_l16_cnn2_c2_c4.pth,noise3_exp/cnn_strict_seed_three_regs_noise_sweep_rate_uniform_L16_T16/cnn2_c2_c4/no_regularization/seed_40/noise_sweep_matrix_mnist_cnn2_c2_c4_T16_mode_rate_uniform_schedule_normal_seed_40.csv
cnn2_c2_c4,2,4,c2c4,no_regularization,40,16,16,rate_uniform,0.45,96.24,mnist-checkpoints/cnn2_c2_c4_L[16]_strict_seed40_ablation_none_l16_cnn2_c2_c4.pth,noise3_exp/cnn_strict_seed_three_regs_noise_sweep_rate_uniform_L16_T16/cnn2_c2_c4/no_regularization/seed_40/noise_sweep_matrix_mnist_cnn2_c2_c4_T16_mode_rate_uniform_schedule_normal_seed_40.csv
cnn2_c2_c4,2,4,c2c4,no_regularization,40,16,16,rate_uniform,0.5,95.89,mnist-checkpoints/cnn2_c2_c4_L[16]_strict_seed40_ablation_none_l16_cnn2_c2_c4.pth,noise3_exp/cnn_strict_seed_three_regs_noise_sweep_rate_uniform_L16_T16/cnn2_c2_c4/no_regularization/seed_40/noise_sweep_matrix_mnist_cnn2_c2_c4_T16_mode_rate_uniform_schedule_normal_seed_40.csv
cnn2_c2_c4,2,4,c2c4,no_regularization,40,16,16,rate_uniform,0.55,95.67,mnist-checkpoints/cnn2_c2_c4_L[16]_strict_seed40_ablation_none_l16_cnn2_c2_c4.pth,noise3_exp/cnn_strict_seed_three_regs_noise_sweep_rate_uniform_L16_T16/cnn2_c2_c4/no_regularization/seed_40/noise_sweep_matrix_mnist_cnn2_c2_c4_T16_mode_rate_uniform_schedule_normal_seed_40.csv
cnn2_c2_c4,2,4,c2c4,no_regularization,40,16,16,rate_uniform,0.6,95.88,mnist-checkpoints/cnn2_c2_c4_L[16]_strict_seed40_ablation_none_l16_cnn2_c2_c4.pth,noise3_exp/cnn_strict_seed_three_regs_noise_sweep_rate_uniform_L16_T16/cnn2_c2_c4/no_regularization/seed_40/noise_sweep_matrix_mnist_cnn2_c2_c4_T16_mode_rate_uniform_schedule_normal_seed_40.csv
cnn2_c2_c4,2,4,c2c4,no_regularization,40,16,16,rate_uniform,0.65,95.35,mnist-checkpoints/cnn2_c2_c4_L[16]_strict_seed40_ablation_none_l16_cnn2_c2_c4.pth,noise3_exp/cnn_strict_seed_three_regs_noise_sweep_rate_uniform_L16_T16/cnn2_c2_c4/no_regularization/seed_40/noise_sweep_matrix_mnist_cnn2_c2_c4_T16_mode_rate_uniform_schedule_normal_seed_40.csv
cnn2_c2_c4,2,4,c2c4,no_regularization,40,16,16,rate_uniform,0.7,95.29,mnist-checkpoints/cnn2_c2_c4_L[16]_strict_seed40_ablation_none_l16_cnn2_c2_c4.pth,noise3_exp/cnn_strict_seed_three_regs_noise_sweep_rate_uniform_L16_T16/cnn2_c2_c4/no_regularization/seed_40/noise_sweep_matrix_mnist_cnn2_c2_c4_T16_mode_rate_uniform_schedule_normal_seed_40.csv
cnn2_c2_c4,2,4,c2c4,no_regularization,40,16,16,rate_uniform,0.75,95.02,mnist-checkpoints/cnn2_c2_c4_L[16]_strict_seed40_ablation_none_l16_cnn2_c2_c4.pth,noise3_exp/cnn_strict_seed_three_regs_noise_sweep_rate_uniform_L16_T16/cnn2_c2_c4/no_regularization/seed_40/noise_sweep_matrix_mnist_cnn2_c2_c4_T16_mode_rate_uniform_schedule_normal_seed_40.csv
cnn2_c2_c4,2,4,c2c4,no_regularization,40,16,16,rate_uniform,0.8,95.47,mnist-checkpoints/cnn2_c2_c4_L[16]_strict_seed40_ablation_none_l16_cnn2_c2_c4.pth,noise3_exp/cnn_strict_seed_three_regs_noise_sweep_rate_uniform_L16_T16/cnn2_c2_c4/no_regularization/seed_40/noise_sweep_matrix_mnist_cnn2_c2_c4_T16_mode_rate_uniform_schedule_normal_seed_40.csv
cnn2_c2_c4,2,4,c2c4,no_regularization,40,16,16,rate_uniform,0.85,94.67,mnist-checkpoints/cnn2_c2_c4_L[16]_strict_seed40_ablation_none_l16_cnn2_c2_c4.pth,noise3_exp/cnn_strict_seed_three_regs_noise_sweep_rate_uniform_L16_T16/cnn2_c2_c4/no_regularization/seed_40/noise_sweep_matrix_mnist_cnn2_c2_c4_T16_mode_rate_uniform_schedule_normal_seed_40.csv
cnn2_c2_c4,2,4,c2c4,no_regularization,40,16,16,rate_uniform,0.9,94.37,mnist-checkpoints/cnn2_c2_c4_L[16]_strict_seed40_ablation_none_l16_cnn2_c2_c4.pth,noise3_exp/cnn_strict_seed_three_regs_noise_sweep_rate_uniform_L16_T16/cnn2_c2_c4/no_regularization/seed_40/noise_sweep_matrix_mnist_cnn2_c2_c4_T16_mode_rate_uniform_schedule_normal_seed_40.csv
cnn2_c2_c4,2,4,c2c4,no_regularization,40,16,16,rate_uniform,0.95,94.25,mnist-checkpoints/cnn2_c2_c4_L[16]_strict_seed40_ablation_none_l16_cnn2_c2_c4.pth,noise3_exp/cnn_strict_seed_three_regs_noise_sweep_rate_uniform_L16_T16/cnn2_c2_c4/no_regularization/seed_40/noise_sweep_matrix_mnist_cnn2_c2_c4_T16_mode_rate_uniform_schedule_normal_seed_40.csv
cnn2_c2_c4,2,4,c2c4,no_regularization,40,16,16,rate_uniform,1.0,94.26,mnist-checkpoints/cnn2_c2_c4_L[16]_strict_seed40_ablation_none_l16_cnn2_c2_c4.pth,noise3_exp/cnn_strict_seed_three_regs_noise_sweep_rate_uniform_L16_T16/cnn2_c2_c4/no_regularization/seed_40/noise_sweep_matrix_mnist_cnn2_c2_c4_T16_mode_rate_uniform_schedule_normal_seed_40.csv
cnn2_c2_c4,2,4,c2c4,no_regularization,41,16,16,rate_uniform,0.0,93.51,mnist-checkpoints/cnn2_c2_c4_L[16]_strict_seed41_ablation_none_l16_cnn2_c2_c4.pth,noise3_exp/cnn_strict_seed_three_regs_noise_sweep_rate_uniform_L16_T16/cnn2_c2_c4/no_regularization/seed_41/noise_sweep_matrix_mnist_cnn2_c2_c4_T16_mode_rate_uniform_schedule_normal_seed_41.csv
cnn2_c2_c4,2,4,c2c4,no_regularization,41,16,16,rate_uniform,0.05,93.38,mnist-checkpoints/cnn2_c2_c4_L[16]_strict_seed41_ablation_none_l16_cnn2_c2_c4.pth,noise3_exp/cnn_strict_seed_three_regs_noise_sweep_rate_uniform_L16_T16/cnn2_c2_c4/no_regularization/seed_41/noise_sweep_matrix_mnist_cnn2_c2_c4_T16_mode_rate_uniform_schedule_normal_seed_41.csv
cnn2_c2_c4,2,4,c2c4,no_regularization,41,16,16,rate_uniform,0.1,72.35,mnist-checkpoints/cnn2_c2_c4_L[16]_strict_seed41_ablation_none_l16_cnn2_c2_c4.pth,noise3_exp/cnn_strict_seed_three_regs_noise_sweep_rate_uniform_L16_T16/cnn2_c2_c4/no_regularization/seed_41/noise_sweep_matrix_mnist_cnn2_c2_c4_T16_mode_rate_uniform_schedule_normal_seed_41.csv
cnn2_c2_c4,2,4,c2c4,no_regularization,41,16,16,rate_uniform,0.15,50.1,mnist-checkpoints/cnn2_c2_c4_L[16]_strict_seed41_ablation_none_l16_cnn2_c2_c4.pth,noise3_exp/cnn_strict_seed_three_regs_noise_sweep_rate_uniform_L16_T16/cnn2_c2_c4/no_regularization/seed_41/noise_sweep_matrix_mnist_cnn2_c2_c4_T16_mode_rate_uniform_schedule_normal_seed_41.csv
cnn2_c2_c4,2,4,c2c4,no_regularization,41,16,16,rate_uniform,0.2,43.64,mnist-checkpoints/cnn2_c2_c4_L[16]_strict_seed41_ablation_none_l16_cnn2_c2_c4.pth,noise3_exp/cnn_strict_seed_three_regs_noise_sweep_rate_uniform_L16_T16/cnn2_c2_c4/no_regularization/seed_41/noise_sweep_matrix_mnist_cnn2_c2_c4_T16_mode_rate_uniform_schedule_normal_seed_41.csv
cnn2_c2_c4,2,4,c2c4,no_regularization,41,16,16,rate_uniform,0.25,40.88,mnist-checkpoints/cnn2_c2_c4_L[16]_strict_seed41_ablation_none_l16_cnn2_c2_c4.pth,noise3_exp/cnn_strict_seed_three_regs_noise_sweep_rate_uniform_L16_T16/cnn2_c2_c4/no_regularization/seed_41/noise_sweep_matrix_mnist_cnn2_c2_c4_T16_mode_rate_uniform_schedule_normal_seed_41.csv
cnn2_c2_c4,2,4,c2c4,no_regularization,41,16,16,rate_uniform,0.3,39.33,mnist-checkpoints/cnn2_c2_c4_L[16]_strict_seed41_ablation_none_l16_cnn2_c2_c4.pth,noise3_exp/cnn_strict_seed_three_regs_noise_sweep_rate_uniform_L16_T16/cnn2_c2_c4/no_regularization/seed_41/noise_sweep_matrix_mnist_cnn2_c2_c4_T16_mode_rate_uniform_schedule_normal_seed_41.csv
cnn2_c2_c4,2,4,c2c4,no_regularization,41,16,16,rate_uniform,0.35,38.75,mnist-checkpoints/cnn2_c2_c4_L[16]_strict_seed41_ablation_none_l16_cnn2_c2_c4.pth,noise3_exp/cnn_strict_seed_three_regs_noise_sweep_rate_uniform_L16_T16/cnn2_c2_c4/no_regularization/seed_41/noise_sweep_matrix_mnist_cnn2_c2_c4_T16_mode_rate_uniform_schedule_normal_seed_41.csv
cnn2_c2_c4,2,4,c2c4,no_regularization,41,16,16,rate_uniform,0.4,37.88,mnist-checkpoints/cnn2_c2_c4_L[16]_strict_seed41_ablation_none_l16_cnn2_c2_c4.pth,noise3_exp/cnn_strict_seed_three_regs_noise_sweep_rate_uniform_L16_T16/cnn2_c2_c4/no_regularization/seed_41/noise_sweep_matrix_mnist_cnn2_c2_c4_T16_mode_rate_uniform_schedule_normal_seed_41.csv
cnn2_c2_c4,2,4,c2c4,no_regularization,41,16,16,rate_uniform,0.45,37.72,mnist-checkpoints/cnn2_c2_c4_L[16]_strict_seed41_ablation_none_l16_cnn2_c2_c4.pth,noise3_exp/cnn_strict_seed_three_regs_noise_sweep_rate_uniform_L16_T16/cnn2_c2_c4/no_regularization/seed_41/noise_sweep_matrix_mnist_cnn2_c2_c4_T16_mode_rate_uniform_schedule_normal_seed_41.csv
cnn2_c2_c4,2,4,c2c4,no_regularization,41,16,16,rate_uniform,0.5,37.59,mnist-checkpoints/cnn2_c2_c4_L[16]_strict_seed41_ablation_none_l16_cnn2_c2_c4.pth,noise3_exp/cnn_strict_seed_three_regs_noise_sweep_rate_uniform_L16_T16/cnn2_c2_c4/no_regularization/seed_41/noise_sweep_matrix_mnist_cnn2_c2_c4_T16_mode_rate_uniform_schedule_normal_seed_41.csv
cnn2_c2_c4,2,4,c2c4,no_regularization,41,16,16,rate_uniform,0.55,37.12,mnist-checkpoints/cnn2_c2_c4_L[16]_strict_seed41_ablation_none_l16_cnn2_c2_c4.pth,noise3_exp/cnn_strict_seed_three_regs_noise_sweep_rate_uniform_L16_T16/cnn2_c2_c4/no_regularization/seed_41/noise_sweep_matrix_mnist_cnn2_c2_c4_T16_mode_rate_uniform_schedule_normal_seed_41.csv
cnn2_c2_c4,2,4,c2c4,no_regularization,41,16,16,rate_uniform,0.6,36.95,mnist-checkpoints/cnn2_c2_c4_L[16]_strict_seed41_ablation_none_l16_cnn2_c2_c4.pth,noise3_exp/cnn_strict_seed_three_regs_noise_sweep_rate_uniform_L16_T16/cnn2_c2_c4/no_regularization/seed_41/noise_sweep_matrix_mnist_cnn2_c2_c4_T16_mode_rate_uniform_schedule_normal_seed_41.csv
cnn2_c2_c4,2,4,c2c4,no_regularization,41,16,16,rate_uniform,0.65,36.74,mnist-checkpoints/cnn2_c2_c4_L[16]_strict_seed41_ablation_none_l16_cnn2_c2_c4.pth,noise3_exp/cnn_strict_seed_three_regs_noise_sweep_rate_uniform_L16_T16/cnn2_c2_c4/no_regularization/seed_41/noise_sweep_matrix_mnist_cnn2_c2_c4_T16_mode_rate_uniform_schedule_normal_seed_41.csv
cnn2_c2_c4,2,4,c2c4,no_regularization,41,16,16,rate_uniform,0.7,36.23,mnist-checkpoints/cnn2_c2_c4_L[16]_strict_seed41_ablation_none_l16_cnn2_c2_c4.pth,noise3_exp/cnn_strict_seed_three_regs_noise_sweep_rate_uniform_L16_T16/cnn2_c2_c4/no_regularization/seed_41/noise_sweep_matrix_mnist_cnn2_c2_c4_T16_mode_rate_uniform_schedule_normal_seed_41.csv
cnn2_c2_c4,2,4,c2c4,no_regularization,41,16,16,rate_uniform,0.75,36.73,mnist-checkpoints/cnn2_c2_c4_L[16]_strict_seed41_ablation_none_l16_cnn2_c2_c4.pth,noise3_exp/cnn_strict_seed_three_regs_noise_sweep_rate_uniform_L16_T16/cnn2_c2_c4/no_regularization/seed_41/noise_sweep_matrix_mnist_cnn2_c2_c4_T16_mode_rate_uniform_schedule_normal_seed_41.csv
cnn2_c2_c4,2,4,c2c4,no_regularization,41,16,16,rate_uniform,0.8,35.88,mnist-checkpoints/cnn2_c2_c4_L[16]_strict_seed41_ablation_none_l16_cnn2_c2_c4.pth,noise3_exp/cnn_strict_seed_three_regs_noise_sweep_rate_uniform_L16_T16/cnn2_c2_c4/no_regularization/seed_41/noise_sweep_matrix_mnist_cnn2_c2_c4_T16_mode_rate_uniform_schedule_normal_seed_41.csv
cnn2_c2_c4,2,4,c2c4,no_regularization,41,16,16,rate_uniform,0.85,36.17,mnist-checkpoints/cnn2_c2_c4_L[16]_strict_seed41_ablation_none_l16_cnn2_c2_c4.pth,noise3_exp/cnn_strict_seed_three_regs_noise_sweep_rate_uniform_L16_T16/cnn2_c2_c4/no_regularization/seed_41/noise_sweep_matrix_mnist_cnn2_c2_c4_T16_mode_rate_uniform_schedule_normal_seed_41.csv
cnn2_c2_c4,2,4,c2c4,no_regularization,41,16,16,rate_uniform,0.9,35.64,mnist-checkpoints/cnn2_c2_c4_L[16]_strict_seed41_ablation_none_l16_cnn2_c2_c4.pth,noise3_exp/cnn_strict_seed_three_regs_noise_sweep_rate_uniform_L16_T16/cnn2_c2_c4/no_regularization/seed_41/noise_sweep_matrix_mnist_cnn2_c2_c4_T16_mode_rate_uniform_schedule_normal_seed_41.csv
cnn2_c2_c4,2,4,c2c4,no_regularization,41,16,16,rate_uniform,0.95,35.42,mnist-checkpoints/cnn2_c2_c4_L[16]_strict_seed41_ablation_none_l16_cnn2_c2_c4.pth,noise3_exp/cnn_strict_seed_three_regs_noise_sweep_rate_uniform_L16_T16/cnn2_c2_c4/no_regularization/seed_41/noise_sweep_matrix_mnist_cnn2_c2_c4_T16_mode_rate_uniform_schedule_normal_seed_41.csv
cnn2_c2_c4,2,4,c2c4,no_regularization,41,16,16,rate_uniform,1.0,35.02,mnist-checkpoints/cnn2_c2_c4_L[16]_strict_seed41_ablation_none_l16_cnn2_c2_c4.pth,noise3_exp/cnn_strict_seed_three_regs_noise_sweep_rate_uniform_L16_T16/cnn2_c2_c4/no_regularization/seed_41/noise_sweep_matrix_mnist_cnn2_c2_c4_T16_mode_rate_uniform_schedule_normal_seed_41.csv
cnn2_c2_c4,2,4,c2c4,no_regularization,42,16,16,rate_uniform,0.0,92.6,mnist-checkpoints/cnn2_c2_c4_L[16]_strict_seed42_ablation_none_l16_cnn2_c2_c4.pth,noise3_exp/cnn_strict_seed_three_regs_noise_sweep_rate_uniform_L16_T16/cnn2_c2_c4/no_regularization/seed_42/noise_sweep_matrix_mnist_cnn2_c2_c4_T16_mode_rate_uniform_schedule_normal_seed_42.csv
cnn2_c2_c4,2,4,c2c4,no_regularization,42,16,16,rate_uniform,0.05,80.35,mnist-checkpoints/cnn2_c2_c4_L[16]_strict_seed42_ablation_none_l16_cnn2_c2_c4.pth,noise3_exp/cnn_strict_seed_three_regs_noise_sweep_rate_uniform_L16_T16/cnn2_c2_c4/no_regularization/seed_42/noise_sweep_matrix_mnist_cnn2_c2_c4_T16_mode_rate_uniform_schedule_normal_seed_42.csv
cnn2_c2_c4,2,4,c2c4,no_regularization,42,16,16,rate_uniform,0.1,80.27,mnist-checkpoints/cnn2_c2_c4_L[16]_strict_seed42_ablation_none_l16_cnn2_c2_c4.pth,noise3_exp/cnn_strict_seed_three_regs_noise_sweep_rate_uniform_L16_T16/cnn2_c2_c4/no_regularization/seed_42/noise_sweep_matrix_mnist_cnn2_c2_c4_T16_mode_rate_uniform_schedule_normal_seed_42.csv
cnn2_c2_c4,2,4,c2c4,no_regularization,42,16,16,rate_uniform,0.15,79.55,mnist-checkpoints/cnn2_c2_c4_L[16]_strict_seed42_ablation_none_l16_cnn2_c2_c4.pth,noise3_exp/cnn_strict_seed_three_regs_noise_sweep_rate_uniform_L16_T16/cnn2_c2_c4/no_regularization/seed_42/noise_sweep_matrix_mnist_cnn2_c2_c4_T16_mode_rate_uniform_schedule_normal_seed_42.csv
cnn2_c2_c4,2,4,c2c4,no_regularization,42,16,16,rate_uniform,0.2,76.85,mnist-checkpoints/cnn2_c2_c4_L[16]_strict_seed42_ablation_none_l16_cnn2_c2_c4.pth,noise3_exp/cnn_strict_seed_three_regs_noise_sweep_rate_uniform_L16_T16/cnn2_c2_c4/no_regularization/seed_42/noise_sweep_matrix_mnist_cnn2_c2_c4_T16_mode_rate_uniform_schedule_normal_seed_42.csv
cnn2_c2_c4,2,4,c2c4,no_regularization,42,16,16,rate_uniform,0.25,74.71,mnist-checkpoints/cnn2_c2_c4_L[16]_strict_seed42_ablation_none_l16_cnn2_c2_c4.pth,noise3_exp/cnn_strict_seed_three_regs_noise_sweep_rate_uniform_L16_T16/cnn2_c2_c4/no_regularization/seed_42/noise_sweep_matrix_mnist_cnn2_c2_c4_T16_mode_rate_uniform_schedule_normal_seed_42.csv
cnn2_c2_c4,2,4,c2c4,no_regularization,42,16,16,rate_uniform,0.3,72.4,mnist-checkpoints/cnn2_c2_c4_L[16]_strict_seed42_ablation_none_l16_cnn2_c2_c4.pth,noise3_exp/cnn_strict_seed_three_regs_noise_sweep_rate_uniform_L16_T16/cnn2_c2_c4/no_regularization/seed_42/noise_sweep_matrix_mnist_cnn2_c2_c4_T16_mode_rate_uniform_schedule_normal_seed_42.csv
cnn2_c2_c4,2,4,c2c4,no_regularization,42,16,16,rate_uniform,0.35,71.18,mnist-checkpoints/cnn2_c2_c4_L[16]_strict_seed42_ablation_none_l16_cnn2_c2_c4.pth,noise3_exp/cnn_strict_seed_three_regs_noise_sweep_rate_uniform_L16_T16/cnn2_c2_c4/no_regularization/seed_42/noise_sweep_matrix_mnist_cnn2_c2_c4_T16_mode_rate_uniform_schedule_normal_seed_42.csv
cnn2_c2_c4,2,4,c2c4,no_regularization,42,16,16,rate_uniform,0.4,69.32,mnist-checkpoints/cnn2_c2_c4_L[16]_strict_seed42_ablation_none_l16_cnn2_c2_c4.pth,noise3_exp/cnn_strict_seed_three_regs_noise_sweep_rate_uniform_L16_T16/cnn2_c2_c4/no_regularization/seed_42/noise_sweep_matrix_mnist_cnn2_c2_c4_T16_mode_rate_uniform_schedule_normal_seed_42.csv
cnn2_c2_c4,2,4,c2c4,no_regularization,42,16,16,rate_uniform,0.45,68.32,mnist-checkpoints/cnn2_c2_c4_L[16]_strict_seed42_ablation_none_l16_cnn2_c2_c4.pth,noise3_exp/cnn_strict_seed_three_regs_noise_sweep_rate_uniform_L16_T16/cnn2_c2_c4/no_regularization/seed_42/noise_sweep_matrix_mnist_cnn2_c2_c4_T16_mode_rate_uniform_schedule_normal_seed_42.csv
cnn2_c2_c4,2,4,c2c4,no_regularization,42,16,16,rate_uniform,0.5,67.45,mnist-checkpoints/cnn2_c2_c4_L[16]_strict_seed42_ablation_none_l16_cnn2_c2_c4.pth,noise3_exp/cnn_strict_seed_three_regs_noise_sweep_rate_uniform_L16_T16/cnn2_c2_c4/no_regularization/seed_42/noise_sweep_matrix_mnist_cnn2_c2_c4_T16_mode_rate_uniform_schedule_normal_seed_42.csv
cnn2_c2_c4,2,4,c2c4,no_regularization,42,16,16,rate_uniform,0.55,66.78,mnist-checkpoints/cnn2_c2_c4_L[16]_strict_seed42_ablation_none_l16_cnn2_c2_c4.pth,noise3_exp/cnn_strict_seed_three_regs_noise_sweep_rate_uniform_L16_T16/cnn2_c2_c4/no_regularization/seed_42/noise_sweep_matrix_mnist_cnn2_c2_c4_T16_mode_rate_uniform_schedule_normal_seed_42.csv
cnn2_c2_c4,2,4,c2c4,no_regularization,42,16,16,rate_uniform,0.6,65.39,mnist-checkpoints/cnn2_c2_c4_L[16]_strict_seed42_ablation_none_l16_cnn2_c2_c4.pth,noise3_exp/cnn_strict_seed_three_regs_noise_sweep_rate_uniform_L16_T16/cnn2_c2_c4/no_regularization/seed_42/noise_sweep_matrix_mnist_cnn2_c2_c4_T16_mode_rate_uniform_schedule_normal_seed_42.csv
cnn2_c2_c4,2,4,c2c4,no_regularization,42,16,16,rate_uniform,0.65,64.68,mnist-checkpoints/cnn2_c2_c4_L[16]_strict_seed42_ablation_none_l16_cnn2_c2_c4.pth,noise3_exp/cnn_strict_seed_three_regs_noise_sweep_rate_uniform_L16_T16/cnn2_c2_c4/no_regularization/seed_42/noise_sweep_matrix_mnist_cnn2_c2_c4_T16_mode_rate_uniform_schedule_normal_seed_42.csv
cnn2_c2_c4,2,4,c2c4,no_regularization,42,16,16,rate_uniform,0.7,63.82,mnist-checkpoints/cnn2_c2_c4_L[16]_strict_seed42_ablation_none_l16_cnn2_c2_c4.pth,noise3_exp/cnn_strict_seed_three_regs_noise_sweep_rate_uniform_L16_T16/cnn2_c2_c4/no_regularization/seed_42/noise_sweep_matrix_mnist_cnn2_c2_c4_T16_mode_rate_uniform_schedule_normal_seed_42.csv
cnn2_c2_c4,2,4,c2c4,no_regularization,42,16,16,rate_uniform,0.75,63.7,mnist-checkpoints/cnn2_c2_c4_L[16]_strict_seed42_ablation_none_l16_cnn2_c2_c4.pth,noise3_exp/cnn_strict_seed_three_regs_noise_sweep_rate_uniform_L16_T16/cnn2_c2_c4/no_regularization/seed_42/noise_sweep_matrix_mnist_cnn2_c2_c4_T16_mode_rate_uniform_schedule_normal_seed_42.csv
cnn2_c2_c4,2,4,c2c4,no_regularization,42,16,16,rate_uniform,0.8,63.23,mnist-checkpoints/cnn2_c2_c4_L[16]_strict_seed42_ablation_none_l16_cnn2_c2_c4.pth,noise3_exp/cnn_strict_seed_three_regs_noise_sweep_rate_uniform_L16_T16/cnn2_c2_c4/no_regularization/seed_42/noise_sweep_matrix_mnist_cnn2_c2_c4_T16_mode_rate_uniform_schedule_normal_seed_42.csv
cnn2_c2_c4,2,4,c2c4,no_regularization,42,16,16,rate_uniform,0.85,62.2,mnist-checkpoints/cnn2_c2_c4_L[16]_strict_seed42_ablation_none_l16_cnn2_c2_c4.pth,noise3_exp/cnn_strict_seed_three_regs_noise_sweep_rate_uniform_L16_T16/cnn2_c2_c4/no_regularization/seed_42/noise_sweep_matrix_mnist_cnn2_c2_c4_T16_mode_rate_uniform_schedule_normal_seed_42.csv
cnn2_c2_c4,2,4,c2c4,no_regularization,42,16,16,rate_uniform,0.9,61.33,mnist-checkpoints/cnn2_c2_c4_L[16]_strict_seed42_ablation_none_l16_cnn2_c2_c4.pth,noise3_exp/cnn_strict_seed_three_regs_noise_sweep_rate_uniform_L16_T16/cnn2_c2_c4/no_regularization/seed_42/noise_sweep_matrix_mnist_cnn2_c2_c4_T16_mode_rate_uniform_schedule_normal_seed_42.csv
cnn2_c2_c4,2,4,c2c4,no_regularization,42,16,16,rate_uniform,0.95,60.6,mnist-checkpoints/cnn2_c2_c4_L[16]_strict_seed42_ablation_none_l16_cnn2_c2_c4.pth,noise3_exp/cnn_strict_seed_three_regs_noise_sweep_rate_uniform_L16_T16/cnn2_c2_c4/no_regularization/seed_42/noise_sweep_matrix_mnist_cnn2_c2_c4_T16_mode_rate_uniform_schedule_normal_seed_42.csv
cnn2_c2_c4,2,4,c2c4,no_regularization,42,16,16,rate_uniform,1.0,60.43,mnist-checkpoints/cnn2_c2_c4_L[16]_strict_seed42_ablation_none_l16_cnn2_c2_c4.pth,noise3_exp/cnn_strict_seed_three_regs_noise_sweep_rate_uniform_L16_T16/cnn2_c2_c4/no_regularization/seed_42/noise_sweep_matrix_mnist_cnn2_c2_c4_T16_mode_rate_uniform_schedule_normal_seed_42.csv
cnn2_c2_c4,2,4,c2c4,no_regularization,43,16,16,rate_uniform,0.0,96.97,mnist-checkpoints/cnn2_c2_c4_L[16]_strict_seed43_ablation_none_l16_cnn2_c2_c4.pth,noise3_exp/cnn_strict_seed_three_regs_noise_sweep_rate_uniform_L16_T16/cnn2_c2_c4/no_regularization/seed_43/noise_sweep_matrix_mnist_cnn2_c2_c4_T16_mode_rate_uniform_schedule_normal_seed_43.csv
cnn2_c2_c4,2,4,c2c4,no_regularization,43,16,16,rate_uniform,0.05,96.99,mnist-checkpoints/cnn2_c2_c4_L[16]_strict_seed43_ablation_none_l16_cnn2_c2_c4.pth,noise3_exp/cnn_strict_seed_three_regs_noise_sweep_rate_uniform_L16_T16/cnn2_c2_c4/no_regularization/seed_43/noise_sweep_matrix_mnist_cnn2_c2_c4_T16_mode_rate_uniform_schedule_normal_seed_43.csv
cnn2_c2_c4,2,4,c2c4,no_regularization,43,16,16,rate_uniform,0.1,96.97,mnist-checkpoints/cnn2_c2_c4_L[16]_strict_seed43_ablation_none_l16_cnn2_c2_c4.pth,noise3_exp/cnn_strict_seed_three_regs_noise_sweep_rate_uniform_L16_T16/cnn2_c2_c4/no_regularization/seed_43/noise_sweep_matrix_mnist_cnn2_c2_c4_T16_mode_rate_uniform_schedule_normal_seed_43.csv
cnn2_c2_c4,2,4,c2c4,no_regularization,43,16,16,rate_uniform,0.15,96.95,mnist-checkpoints/cnn2_c2_c4_L[16]_strict_seed43_ablation_none_l16_cnn2_c2_c4.pth,noise3_exp/cnn_strict_seed_three_regs_noise_sweep_rate_uniform_L16_T16/cnn2_c2_c4/no_regularization/seed_43/noise_sweep_matrix_mnist_cnn2_c2_c4_T16_mode_rate_uniform_schedule_normal_seed_43.csv
cnn2_c2_c4,2,4,c2c4,no_regularization,43,16,16,rate_uniform,0.2,96.87,mnist-checkpoints/cnn2_c2_c4_L[16]_strict_seed43_ablation_none_l16_cnn2_c2_c4.pth,noise3_exp/cnn_strict_seed_three_regs_noise_sweep_rate_uniform_L16_T16/cnn2_c2_c4/no_regularization/seed_43/noise_sweep_matrix_mnist_cnn2_c2_c4_T16_mode_rate_uniform_schedule_normal_seed_43.csv
cnn2_c2_c4,2,4,c2c4,no_regularization,43,16,16,rate_uniform,0.25,96.83,mnist-checkpoints/cnn2_c2_c4_L[16]_strict_seed43_ablation_none_l16_cnn2_c2_c4.pth,noise3_exp/cnn_strict_seed_three_regs_noise_sweep_rate_uniform_L16_T16/cnn2_c2_c4/no_regularization/seed_43/noise_sweep_matrix_mnist_cnn2_c2_c4_T16_mode_rate_uniform_schedule_normal_seed_43.csv
cnn2_c2_c4,2,4,c2c4,no_regularization,43,16,16,rate_uniform,0.3,96.4,mnist-checkpoints/cnn2_c2_c4_L[16]_strict_seed43_ablation_none_l16_cnn2_c2_c4.pth,noise3_exp/cnn_strict_seed_three_regs_noise_sweep_rate_uniform_L16_T16/cnn2_c2_c4/no_regularization/seed_43/noise_sweep_matrix_mnist_cnn2_c2_c4_T16_mode_rate_uniform_schedule_normal_seed_43.csv
cnn2_c2_c4,2,4,c2c4,no_regularization,43,16,16,rate_uniform,0.35,96.39,mnist-checkpoints/cnn2_c2_c4_L[16]_strict_seed43_ablation_none_l16_cnn2_c2_c4.pth,noise3_exp/cnn_strict_seed_three_regs_noise_sweep_rate_uniform_L16_T16/cnn2_c2_c4/no_regularization/seed_43/noise_sweep_matrix_mnist_cnn2_c2_c4_T16_mode_rate_uniform_schedule_normal_seed_43.csv
cnn2_c2_c4,2,4,c2c4,no_regularization,43,16,16,rate_uniform,0.4,96.39,mnist-checkpoints/cnn2_c2_c4_L[16]_strict_seed43_ablation_none_l16_cnn2_c2_c4.pth,noise3_exp/cnn_strict_seed_three_regs_noise_sweep_rate_uniform_L16_T16/cnn2_c2_c4/no_regularization/seed_43/noise_sweep_matrix_mnist_cnn2_c2_c4_T16_mode_rate_uniform_schedule_normal_seed_43.csv
cnn2_c2_c4,2,4,c2c4,no_regularization,43,16,16,rate_uniform,0.45,96.32,mnist-checkpoints/cnn2_c2_c4_L[16]_strict_seed43_ablation_none_l16_cnn2_c2_c4.pth,noise3_exp/cnn_strict_seed_three_regs_noise_sweep_rate_uniform_L16_T16/cnn2_c2_c4/no_regularization/seed_43/noise_sweep_matrix_mnist_cnn2_c2_c4_T16_mode_rate_uniform_schedule_normal_seed_43.csv
cnn2_c2_c4,2,4,c2c4,no_regularization,43,16,16,rate_uniform,0.5,96.05,mnist-checkpoints/cnn2_c2_c4_L[16]_strict_seed43_ablation_none_l16_cnn2_c2_c4.pth,noise3_exp/cnn_strict_seed_three_regs_noise_sweep_rate_uniform_L16_T16/cnn2_c2_c4/no_regularization/seed_43/noise_sweep_matrix_mnist_cnn2_c2_c4_T16_mode_rate_uniform_schedule_normal_seed_43.csv
cnn2_c2_c4,2,4,c2c4,no_regularization,43,16,16,rate_uniform,0.55,96.13,mnist-checkpoints/cnn2_c2_c4_L[16]_strict_seed43_ablation_none_l16_cnn2_c2_c4.pth,noise3_exp/cnn_strict_seed_three_regs_noise_sweep_rate_uniform_L16_T16/cnn2_c2_c4/no_regularization/seed_43/noise_sweep_matrix_mnist_cnn2_c2_c4_T16_mode_rate_uniform_schedule_normal_seed_43.csv
cnn2_c2_c4,2,4,c2c4,no_regularization,43,16,16,rate_uniform,0.6,95.83,mnist-checkpoints/cnn2_c2_c4_L[16]_strict_seed43_ablation_none_l16_cnn2_c2_c4.pth,noise3_exp/cnn_strict_seed_three_regs_noise_sweep_rate_uniform_L16_T16/cnn2_c2_c4/no_regularization/seed_43/noise_sweep_matrix_mnist_cnn2_c2_c4_T16_mode_rate_uniform_schedule_normal_seed_43.csv
cnn2_c2_c4,2,4,c2c4,no_regularization,43,16,16,rate_uniform,0.65,95.85,mnist-checkpoints/cnn2_c2_c4_L[16]_strict_seed43_ablation_none_l16_cnn2_c2_c4.pth,noise3_exp/cnn_strict_seed_three_regs_noise_sweep_rate_uniform_L16_T16/cnn2_c2_c4/no_regularization/seed_43/noise_sweep_matrix_mnist_cnn2_c2_c4_T16_mode_rate_uniform_schedule_normal_seed_43.csv
cnn2_c2_c4,2,4,c2c4,no_regularization,43,16,16,rate_uniform,0.7,95.49,mnist-checkpoints/cnn2_c2_c4_L[16]_strict_seed43_ablation_none_l16_cnn2_c2_c4.pth,noise3_exp/cnn_strict_seed_three_regs_noise_sweep_rate_uniform_L16_T16/cnn2_c2_c4/no_regularization/seed_43/noise_sweep_matrix_mnist_cnn2_c2_c4_T16_mode_rate_uniform_schedule_normal_seed_43.csv
cnn2_c2_c4,2,4,c2c4,no_regularization,43,16,16,rate_uniform,0.75,95.22,mnist-checkpoints/cnn2_c2_c4_L[16]_strict_seed43_ablation_none_l16_cnn2_c2_c4.pth,noise3_exp/cnn_strict_seed_three_regs_noise_sweep_rate_uniform_L16_T16/cnn2_c2_c4/no_regularization/seed_43/noise_sweep_matrix_mnist_cnn2_c2_c4_T16_mode_rate_uniform_schedule_normal_seed_43.csv
cnn2_c2_c4,2,4,c2c4,no_regularization,43,16,16,rate_uniform,0.8,95.11,mnist-checkpoints/cnn2_c2_c4_L[16]_strict_seed43_ablation_none_l16_cnn2_c2_c4.pth,noise3_exp/cnn_strict_seed_three_regs_noise_sweep_rate_uniform_L16_T16/cnn2_c2_c4/no_regularization/seed_43/noise_sweep_matrix_mnist_cnn2_c2_c4_T16_mode_rate_uniform_schedule_normal_seed_43.csv
cnn2_c2_c4,2,4,c2c4,no_regularization,43,16,16,rate_uniform,0.85,94.7,mnist-checkpoints/cnn2_c2_c4_L[16]_strict_seed43_ablation_none_l16_cnn2_c2_c4.pth,noise3_exp/cnn_strict_seed_three_regs_noise_sweep_rate_uniform_L16_T16/cnn2_c2_c4/no_regularization/seed_43/noise_sweep_matrix_mnist_cnn2_c2_c4_T16_mode_rate_uniform_schedule_normal_seed_43.csv
cnn2_c2_c4,2,4,c2c4,no_regularization,43,16,16,rate_uniform,0.9,94.15,mnist-checkpoints/cnn2_c2_c4_L[16]_strict_seed43_ablation_none_l16_cnn2_c2_c4.pth,noise3_exp/cnn_strict_seed_three_regs_noise_sweep_rate_uniform_L16_T16/cnn2_c2_c4/no_regularization/seed_43/noise_sweep_matrix_mnist_cnn2_c2_c4_T16_mode_rate_uniform_schedule_normal_seed_43.csv
cnn2_c2_c4,2,4,c2c4,no_regularization,43,16,16,rate_uniform,0.95,93.57,mnist-checkpoints/cnn2_c2_c4_L[16]_strict_seed43_ablation_none_l16_cnn2_c2_c4.pth,noise3_exp/cnn_strict_seed_three_regs_noise_sweep_rate_uniform_L16_T16/cnn2_c2_c4/no_regularization/seed_43/noise_sweep_matrix_mnist_cnn2_c2_c4_T16_mode_rate_uniform_schedule_normal_seed_43.csv
cnn2_c2_c4,2,4,c2c4,no_regularization,43,16,16,rate_uniform,1.0,92.63,mnist-checkpoints/cnn2_c2_c4_L[16]_strict_seed43_ablation_none_l16_cnn2_c2_c4.pth,noise3_exp/cnn_strict_seed_three_regs_noise_sweep_rate_uniform_L16_T16/cnn2_c2_c4/no_regularization/seed_43/noise_sweep_matrix_mnist_cnn2_c2_c4_T16_mode_rate_uniform_schedule_normal_seed_43.csv
cnn2_c2_c4,2,4,c2c4,no_regularization,44,16,16,rate_uniform,0.0,97.27,mnist-checkpoints/cnn2_c2_c4_L[16]_strict_seed44_ablation_none_l16_cnn2_c2_c4.pth,noise3_exp/cnn_strict_seed_three_regs_noise_sweep_rate_uniform_L16_T16/cnn2_c2_c4/no_regularization/seed_44/noise_sweep_matrix_mnist_cnn2_c2_c4_T16_mode_rate_uniform_schedule_normal_seed_44.csv
cnn2_c2_c4,2,4,c2c4,no_regularization,44,16,16,rate_uniform,0.05,97.1,mnist-checkpoints/cnn2_c2_c4_L[16]_strict_seed44_ablation_none_l16_cnn2_c2_c4.pth,noise3_exp/cnn_strict_seed_three_regs_noise_sweep_rate_uniform_L16_T16/cnn2_c2_c4/no_regularization/seed_44/noise_sweep_matrix_mnist_cnn2_c2_c4_T16_mode_rate_uniform_schedule_normal_seed_44.csv
cnn2_c2_c4,2,4,c2c4,no_regularization,44,16,16,rate_uniform,0.1,97.07,mnist-checkpoints/cnn2_c2_c4_L[16]_strict_seed44_ablation_none_l16_cnn2_c2_c4.pth,noise3_exp/cnn_strict_seed_three_regs_noise_sweep_rate_uniform_L16_T16/cnn2_c2_c4/no_regularization/seed_44/noise_sweep_matrix_mnist_cnn2_c2_c4_T16_mode_rate_uniform_schedule_normal_seed_44.csv
cnn2_c2_c4,2,4,c2c4,no_regularization,44,16,16,rate_uniform,0.15,96.99,mnist-checkpoints/cnn2_c2_c4_L[16]_strict_seed44_ablation_none_l16_cnn2_c2_c4.pth,noise3_exp/cnn_strict_seed_three_regs_noise_sweep_rate_uniform_L16_T16/cnn2_c2_c4/no_regularization/seed_44/noise_sweep_matrix_mnist_cnn2_c2_c4_T16_mode_rate_uniform_schedule_normal_seed_44.csv
cnn2_c2_c4,2,4,c2c4,no_regularization,44,16,16,rate_uniform,0.2,97.05,mnist-checkpoints/cnn2_c2_c4_L[16]_strict_seed44_ablation_none_l16_cnn2_c2_c4.pth,noise3_exp/cnn_strict_seed_three_regs_noise_sweep_rate_uniform_L16_T16/cnn2_c2_c4/no_regularization/seed_44/noise_sweep_matrix_mnist_cnn2_c2_c4_T16_mode_rate_uniform_schedule_normal_seed_44.csv
cnn2_c2_c4,2,4,c2c4,no_regularization,44,16,16,rate_uniform,0.25,97.1,mnist-checkpoints/cnn2_c2_c4_L[16]_strict_seed44_ablation_none_l16_cnn2_c2_c4.pth,noise3_exp/cnn_strict_seed_three_regs_noise_sweep_rate_uniform_L16_T16/cnn2_c2_c4/no_regularization/seed_44/noise_sweep_matrix_mnist_cnn2_c2_c4_T16_mode_rate_uniform_schedule_normal_seed_44.csv
cnn2_c2_c4,2,4,c2c4,no_regularization,44,16,16,rate_uniform,0.3,96.95,mnist-checkpoints/cnn2_c2_c4_L[16]_strict_seed44_ablation_none_l16_cnn2_c2_c4.pth,noise3_exp/cnn_strict_seed_three_regs_noise_sweep_rate_uniform_L16_T16/cnn2_c2_c4/no_regularization/seed_44/noise_sweep_matrix_mnist_cnn2_c2_c4_T16_mode_rate_uniform_schedule_normal_seed_44.csv
cnn2_c2_c4,2,4,c2c4,no_regularization,44,16,16,rate_uniform,0.35,97.01,mnist-checkpoints/cnn2_c2_c4_L[16]_strict_seed44_ablation_none_l16_cnn2_c2_c4.pth,noise3_exp/cnn_strict_seed_three_regs_noise_sweep_rate_uniform_L16_T16/cnn2_c2_c4/no_regularization/seed_44/noise_sweep_matrix_mnist_cnn2_c2_c4_T16_mode_rate_uniform_schedule_normal_seed_44.csv
cnn2_c2_c4,2,4,c2c4,no_regularization,44,16,16,rate_uniform,0.4,96.73,mnist-checkpoints/cnn2_c2_c4_L[16]_strict_seed44_ablation_none_l16_cnn2_c2_c4.pth,noise3_exp/cnn_strict_seed_three_regs_noise_sweep_rate_uniform_L16_T16/cnn2_c2_c4/no_regularization/seed_44/noise_sweep_matrix_mnist_cnn2_c2_c4_T16_mode_rate_uniform_schedule_normal_seed_44.csv
cnn2_c2_c4,2,4,c2c4,no_regularization,44,16,16,rate_uniform,0.45,96.68,mnist-checkpoints/cnn2_c2_c4_L[16]_strict_seed44_ablation_none_l16_cnn2_c2_c4.pth,noise3_exp/cnn_strict_seed_three_regs_noise_sweep_rate_uniform_L16_T16/cnn2_c2_c4/no_regularization/seed_44/noise_sweep_matrix_mnist_cnn2_c2_c4_T16_mode_rate_uniform_schedule_normal_seed_44.csv
cnn2_c2_c4,2,4,c2c4,no_regularization,44,16,16,rate_uniform,0.5,96.6,mnist-checkpoints/cnn2_c2_c4_L[16]_strict_seed44_ablation_none_l16_cnn2_c2_c4.pth,noise3_exp/cnn_strict_seed_three_regs_noise_sweep_rate_uniform_L16_T16/cnn2_c2_c4/no_regularization/seed_44/noise_sweep_matrix_mnist_cnn2_c2_c4_T16_mode_rate_uniform_schedule_normal_seed_44.csv
cnn2_c2_c4,2,4,c2c4,no_regularization,44,16,16,rate_uniform,0.55,96.47,mnist-checkpoints/cnn2_c2_c4_L[16]_strict_seed44_ablation_none_l16_cnn2_c2_c4.pth,noise3_exp/cnn_strict_seed_three_regs_noise_sweep_rate_uniform_L16_T16/cnn2_c2_c4/no_regularization/seed_44/noise_sweep_matrix_mnist_cnn2_c2_c4_T16_mode_rate_uniform_schedule_normal_seed_44.csv
cnn2_c2_c4,2,4,c2c4,no_regularization,44,16,16,rate_uniform,0.6,96.31,mnist-checkpoints/cnn2_c2_c4_L[16]_strict_seed44_ablation_none_l16_cnn2_c2_c4.pth,noise3_exp/cnn_strict_seed_three_regs_noise_sweep_rate_uniform_L16_T16/cnn2_c2_c4/no_regularization/seed_44/noise_sweep_matrix_mnist_cnn2_c2_c4_T16_mode_rate_uniform_schedule_normal_seed_44.csv
cnn2_c2_c4,2,4,c2c4,no_regularization,44,16,16,rate_uniform,0.65,96.3,mnist-checkpoints/cnn2_c2_c4_L[16]_strict_seed44_ablation_none_l16_cnn2_c2_c4.pth,noise3_exp/cnn_strict_seed_three_regs_noise_sweep_rate_uniform_L16_T16/cnn2_c2_c4/no_regularization/seed_44/noise_sweep_matrix_mnist_cnn2_c2_c4_T16_mode_rate_uniform_schedule_normal_seed_44.csv
cnn2_c2_c4,2,4,c2c4,no_regularization,44,16,16,rate_uniform,0.7,96.24,mnist-checkpoints/cnn2_c2_c4_L[16]_strict_seed44_ablation_none_l16_cnn2_c2_c4.pth,noise3_exp/cnn_strict_seed_three_regs_noise_sweep_rate_uniform_L16_T16/cnn2_c2_c4/no_regularization/seed_44/noise_sweep_matrix_mnist_cnn2_c2_c4_T16_mode_rate_uniform_schedule_normal_seed_44.csv
cnn2_c2_c4,2,4,c2c4,no_regularization,44,16,16,rate_uniform,0.75,96.07,mnist-checkpoints/cnn2_c2_c4_L[16]_strict_seed44_ablation_none_l16_cnn2_c2_c4.pth,noise3_exp/cnn_strict_seed_three_regs_noise_sweep_rate_uniform_L16_T16/cnn2_c2_c4/no_regularization/seed_44/noise_sweep_matrix_mnist_cnn2_c2_c4_T16_mode_rate_uniform_schedule_normal_seed_44.csv
cnn2_c2_c4,2,4,c2c4,no_regularization,44,16,16,rate_uniform,0.8,95.95,mnist-checkpoints/cnn2_c2_c4_L[16]_strict_seed44_ablation_none_l16_cnn2_c2_c4.pth,noise3_exp/cnn_strict_seed_three_regs_noise_sweep_rate_uniform_L16_T16/cnn2_c2_c4/no_regularization/seed_44/noise_sweep_matrix_mnist_cnn2_c2_c4_T16_mode_rate_uniform_schedule_normal_seed_44.csv
cnn2_c2_c4,2,4,c2c4,no_regularization,44,16,16,rate_uniform,0.85,95.66,mnist-checkpoints/cnn2_c2_c4_L[16]_strict_seed44_ablation_none_l16_cnn2_c2_c4.pth,noise3_exp/cnn_strict_seed_three_regs_noise_sweep_rate_uniform_L16_T16/cnn2_c2_c4/no_regularization/seed_44/noise_sweep_matrix_mnist_cnn2_c2_c4_T16_mode_rate_uniform_schedule_normal_seed_44.csv
cnn2_c2_c4,2,4,c2c4,no_regularization,44,16,16,rate_uniform,0.9,95.5,mnist-checkpoints/cnn2_c2_c4_L[16]_strict_seed44_ablation_none_l16_cnn2_c2_c4.pth,noise3_exp/cnn_strict_seed_three_regs_noise_sweep_rate_uniform_L16_T16/cnn2_c2_c4/no_regularization/seed_44/noise_sweep_matrix_mnist_cnn2_c2_c4_T16_mode_rate_uniform_schedule_normal_seed_44.csv
cnn2_c2_c4,2,4,c2c4,no_regularization,44,16,16,rate_uniform,0.95,95.45,mnist-checkpoints/cnn2_c2_c4_L[16]_strict_seed44_ablation_none_l16_cnn2_c2_c4.pth,noise3_exp/cnn_strict_seed_three_regs_noise_sweep_rate_uniform_L16_T16/cnn2_c2_c4/no_regularization/seed_44/noise_sweep_matrix_mnist_cnn2_c2_c4_T16_mode_rate_uniform_schedule_normal_seed_44.csv
cnn2_c2_c4,2,4,c2c4,no_regularization,44,16,16,rate_uniform,1.0,95.0,mnist-checkpoints/cnn2_c2_c4_L[16]_strict_seed44_ablation_none_l16_cnn2_c2_c4.pth,noise3_exp/cnn_strict_seed_three_regs_noise_sweep_rate_uniform_L16_T16/cnn2_c2_c4/no_regularization/seed_44/noise_sweep_matrix_mnist_cnn2_c2_c4_T16_mode_rate_uniform_schedule_normal_seed_44.csv
cnn2_c4_c8,4,8,c4c8,mne_l2,40,16,16,rate_uniform,0.0,95.84,mnist-checkpoints/cnn2_c4_c8_L[16]_strict_seed40_ablation_mne_l2_l16_cnn2_c4_c8_rc5em02.pth,noise3_exp/cnn_strict_seed_three_regs_noise_sweep_rate_uniform_L16_T16/cnn2_c4_c8/mne_l2/seed_40/noise_sweep_matrix_mnist_cnn2_c4_c8_T16_mode_rate_uniform_schedule_normal_seed_40.csv
cnn2_c4_c8,4,8,c4c8,mne_l2,40,16,16,rate_uniform,0.05,95.83,mnist-checkpoints/cnn2_c4_c8_L[16]_strict_seed40_ablation_mne_l2_l16_cnn2_c4_c8_rc5em02.pth,noise3_exp/cnn_strict_seed_three_regs_noise_sweep_rate_uniform_L16_T16/cnn2_c4_c8/mne_l2/seed_40/noise_sweep_matrix_mnist_cnn2_c4_c8_T16_mode_rate_uniform_schedule_normal_seed_40.csv
cnn2_c4_c8,4,8,c4c8,mne_l2,40,16,16,rate_uniform,0.1,95.9,mnist-checkpoints/cnn2_c4_c8_L[16]_strict_seed40_ablation_mne_l2_l16_cnn2_c4_c8_rc5em02.pth,noise3_exp/cnn_strict_seed_three_regs_noise_sweep_rate_uniform_L16_T16/cnn2_c4_c8/mne_l2/seed_40/noise_sweep_matrix_mnist_cnn2_c4_c8_T16_mode_rate_uniform_schedule_normal_seed_40.csv
cnn2_c4_c8,4,8,c4c8,mne_l2,40,16,16,rate_uniform,0.15,95.96,mnist-checkpoints/cnn2_c4_c8_L[16]_strict_seed40_ablation_mne_l2_l16_cnn2_c4_c8_rc5em02.pth,noise3_exp/cnn_strict_seed_three_regs_noise_sweep_rate_uniform_L16_T16/cnn2_c4_c8/mne_l2/seed_40/noise_sweep_matrix_mnist_cnn2_c4_c8_T16_mode_rate_uniform_schedule_normal_seed_40.csv
cnn2_c4_c8,4,8,c4c8,mne_l2,40,16,16,rate_uniform,0.2,95.99,mnist-checkpoints/cnn2_c4_c8_L[16]_strict_seed40_ablation_mne_l2_l16_cnn2_c4_c8_rc5em02.pth,noise3_exp/cnn_strict_seed_three_regs_noise_sweep_rate_uniform_L16_T16/cnn2_c4_c8/mne_l2/seed_40/noise_sweep_matrix_mnist_cnn2_c4_c8_T16_mode_rate_uniform_schedule_normal_seed_40.csv
cnn2_c4_c8,4,8,c4c8,mne_l2,40,16,16,rate_uniform,0.25,95.88,mnist-checkpoints/cnn2_c4_c8_L[16]_strict_seed40_ablation_mne_l2_l16_cnn2_c4_c8_rc5em02.pth,noise3_exp/cnn_strict_seed_three_regs_noise_sweep_rate_uniform_L16_T16/cnn2_c4_c8/mne_l2/seed_40/noise_sweep_matrix_mnist_cnn2_c4_c8_T16_mode_rate_uniform_schedule_normal_seed_40.csv
cnn2_c4_c8,4,8,c4c8,mne_l2,40,16,16,rate_uniform,0.3,96.03,mnist-checkpoints/cnn2_c4_c8_L[16]_strict_seed40_ablation_mne_l2_l16_cnn2_c4_c8_rc5em02.pth,noise3_exp/cnn_strict_seed_three_regs_noise_sweep_rate_uniform_L16_T16/cnn2_c4_c8/mne_l2/seed_40/noise_sweep_matrix_mnist_cnn2_c4_c8_T16_mode_rate_uniform_schedule_normal_seed_40.csv
cnn2_c4_c8,4,8,c4c8,mne_l2,40,16,16,rate_uniform,0.35,95.77,mnist-checkpoints/cnn2_c4_c8_L[16]_strict_seed40_ablation_mne_l2_l16_cnn2_c4_c8_rc5em02.pth,noise3_exp/cnn_strict_seed_three_regs_noise_sweep_rate_uniform_L16_T16/cnn2_c4_c8/mne_l2/seed_40/noise_sweep_matrix_mnist_cnn2_c4_c8_T16_mode_rate_uniform_schedule_normal_seed_40.csv
cnn2_c4_c8,4,8,c4c8,mne_l2,40,16,16,rate_uniform,0.4,95.66,mnist-checkpoints/cnn2_c4_c8_L[16]_strict_seed40_ablation_mne_l2_l16_cnn2_c4_c8_rc5em02.pth,noise3_exp/cnn_strict_seed_three_regs_noise_sweep_rate_uniform_L16_T16/cnn2_c4_c8/mne_l2/seed_40/noise_sweep_matrix_mnist_cnn2_c4_c8_T16_mode_rate_uniform_schedule_normal_seed_40.csv
cnn2_c4_c8,4,8,c4c8,mne_l2,40,16,16,rate_uniform,0.45,95.75,mnist-checkpoints/cnn2_c4_c8_L[16]_strict_seed40_ablation_mne_l2_l16_cnn2_c4_c8_rc5em02.pth,noise3_exp/cnn_strict_seed_three_regs_noise_sweep_rate_uniform_L16_T16/cnn2_c4_c8/mne_l2/seed_40/noise_sweep_matrix_mnist_cnn2_c4_c8_T16_mode_rate_uniform_schedule_normal_seed_40.csv
cnn2_c4_c8,4,8,c4c8,mne_l2,40,16,16,rate_uniform,0.5,95.78,mnist-checkpoints/cnn2_c4_c8_L[16]_strict_seed40_ablation_mne_l2_l16_cnn2_c4_c8_rc5em02.pth,noise3_exp/cnn_strict_seed_three_regs_noise_sweep_rate_uniform_L16_T16/cnn2_c4_c8/mne_l2/seed_40/noise_sweep_matrix_mnist_cnn2_c4_c8_T16_mode_rate_uniform_schedule_normal_seed_40.csv
cnn2_c4_c8,4,8,c4c8,mne_l2,40,16,16,rate_uniform,0.55,95.71,mnist-checkpoints/cnn2_c4_c8_L[16]_strict_seed40_ablation_mne_l2_l16_cnn2_c4_c8_rc5em02.pth,noise3_exp/cnn_strict_seed_three_regs_noise_sweep_rate_uniform_L16_T16/cnn2_c4_c8/mne_l2/seed_40/noise_sweep_matrix_mnist_cnn2_c4_c8_T16_mode_rate_uniform_schedule_normal_seed_40.csv
cnn2_c4_c8,4,8,c4c8,mne_l2,40,16,16,rate_uniform,0.6,95.71,mnist-checkpoints/cnn2_c4_c8_L[16]_strict_seed40_ablation_mne_l2_l16_cnn2_c4_c8_rc5em02.pth,noise3_exp/cnn_strict_seed_three_regs_noise_sweep_rate_uniform_L16_T16/cnn2_c4_c8/mne_l2/seed_40/noise_sweep_matrix_mnist_cnn2_c4_c8_T16_mode_rate_uniform_schedule_normal_seed_40.csv
cnn2_c4_c8,4,8,c4c8,mne_l2,40,16,16,rate_uniform,0.65,95.73,mnist-checkpoints/cnn2_c4_c8_L[16]_strict_seed40_ablation_mne_l2_l16_cnn2_c4_c8_rc5em02.pth,noise3_exp/cnn_strict_seed_three_regs_noise_sweep_rate_uniform_L16_T16/cnn2_c4_c8/mne_l2/seed_40/noise_sweep_matrix_mnist_cnn2_c4_c8_T16_mode_rate_uniform_schedule_normal_seed_40.csv
cnn2_c4_c8,4,8,c4c8,mne_l2,40,16,16,rate_uniform,0.7,95.66,mnist-checkpoints/cnn2_c4_c8_L[16]_strict_seed40_ablation_mne_l2_l16_cnn2_c4_c8_rc5em02.pth,noise3_exp/cnn_strict_seed_three_regs_noise_sweep_rate_uniform_L16_T16/cnn2_c4_c8/mne_l2/seed_40/noise_sweep_matrix_mnist_cnn2_c4_c8_T16_mode_rate_uniform_schedule_normal_seed_40.csv
cnn2_c4_c8,4,8,c4c8,mne_l2,40,16,16,rate_uniform,0.75,95.61,mnist-checkpoints/cnn2_c4_c8_L[16]_strict_seed40_ablation_mne_l2_l16_cnn2_c4_c8_rc5em02.pth,noise3_exp/cnn_strict_seed_three_regs_noise_sweep_rate_uniform_L16_T16/cnn2_c4_c8/mne_l2/seed_40/noise_sweep_matrix_mnist_cnn2_c4_c8_T16_mode_rate_uniform_schedule_normal_seed_40.csv
cnn2_c4_c8,4,8,c4c8,mne_l2,40,16,16,rate_uniform,0.8,95.69,mnist-checkpoints/cnn2_c4_c8_L[16]_strict_seed40_ablation_mne_l2_l16_cnn2_c4_c8_rc5em02.pth,noise3_exp/cnn_strict_seed_three_regs_noise_sweep_rate_uniform_L16_T16/cnn2_c4_c8/mne_l2/seed_40/noise_sweep_matrix_mnist_cnn2_c4_c8_T16_mode_rate_uniform_schedule_normal_seed_40.csv
cnn2_c4_c8,4,8,c4c8,mne_l2,40,16,16,rate_uniform,0.85,95.69,mnist-checkpoints/cnn2_c4_c8_L[16]_strict_seed40_ablation_mne_l2_l16_cnn2_c4_c8_rc5em02.pth,noise3_exp/cnn_strict_seed_three_regs_noise_sweep_rate_uniform_L16_T16/cnn2_c4_c8/mne_l2/seed_40/noise_sweep_matrix_mnist_cnn2_c4_c8_T16_mode_rate_uniform_schedule_normal_seed_40.csv
cnn2_c4_c8,4,8,c4c8,mne_l2,40,16,16,rate_uniform,0.9,95.39,mnist-checkpoints/cnn2_c4_c8_L[16]_strict_seed40_ablation_mne_l2_l16_cnn2_c4_c8_rc5em02.pth,noise3_exp/cnn_strict_seed_three_regs_noise_sweep_rate_uniform_L16_T16/cnn2_c4_c8/mne_l2/seed_40/noise_sweep_matrix_mnist_cnn2_c4_c8_T16_mode_rate_uniform_schedule_normal_seed_40.csv
cnn2_c4_c8,4,8,c4c8,mne_l2,40,16,16,rate_uniform,0.95,95.53,mnist-checkpoints/cnn2_c4_c8_L[16]_strict_seed40_ablation_mne_l2_l16_cnn2_c4_c8_rc5em02.pth,noise3_exp/cnn_strict_seed_three_regs_noise_sweep_rate_uniform_L16_T16/cnn2_c4_c8/mne_l2/seed_40/noise_sweep_matrix_mnist_cnn2_c4_c8_T16_mode_rate_uniform_schedule_normal_seed_40.csv
cnn2_c4_c8,4,8,c4c8,mne_l2,40,16,16,rate_uniform,1.0,95.23,mnist-checkpoints/cnn2_c4_c8_L[16]_strict_seed40_ablation_mne_l2_l16_cnn2_c4_c8_rc5em02.pth,noise3_exp/cnn_strict_seed_three_regs_noise_sweep_rate_uniform_L16_T16/cnn2_c4_c8/mne_l2/seed_40/noise_sweep_matrix_mnist_cnn2_c4_c8_T16_mode_rate_uniform_schedule_normal_seed_40.csv
cnn2_c4_c8,4,8,c4c8,mne_l2,41,16,16,rate_uniform,0.0,95.4,mnist-checkpoints/cnn2_c4_c8_L[16]_strict_seed41_ablation_mne_l2_l16_cnn2_c4_c8_rc5em02.pth,noise3_exp/cnn_strict_seed_three_regs_noise_sweep_rate_uniform_L16_T16/cnn2_c4_c8/mne_l2/seed_41/noise_sweep_matrix_mnist_cnn2_c4_c8_T16_mode_rate_uniform_schedule_normal_seed_41.csv
cnn2_c4_c8,4,8,c4c8,mne_l2,41,16,16,rate_uniform,0.05,95.24,mnist-checkpoints/cnn2_c4_c8_L[16]_strict_seed41_ablation_mne_l2_l16_cnn2_c4_c8_rc5em02.pth,noise3_exp/cnn_strict_seed_three_regs_noise_sweep_rate_uniform_L16_T16/cnn2_c4_c8/mne_l2/seed_41/noise_sweep_matrix_mnist_cnn2_c4_c8_T16_mode_rate_uniform_schedule_normal_seed_41.csv
cnn2_c4_c8,4,8,c4c8,mne_l2,41,16,16,rate_uniform,0.1,95.35,mnist-checkpoints/cnn2_c4_c8_L[16]_strict_seed41_ablation_mne_l2_l16_cnn2_c4_c8_rc5em02.pth,noise3_exp/cnn_strict_seed_three_regs_noise_sweep_rate_uniform_L16_T16/cnn2_c4_c8/mne_l2/seed_41/noise_sweep_matrix_mnist_cnn2_c4_c8_T16_mode_rate_uniform_schedule_normal_seed_41.csv
cnn2_c4_c8,4,8,c4c8,mne_l2,41,16,16,rate_uniform,0.15,95.26,mnist-checkpoints/cnn2_c4_c8_L[16]_strict_seed41_ablation_mne_l2_l16_cnn2_c4_c8_rc5em02.pth,noise3_exp/cnn_strict_seed_three_regs_noise_sweep_rate_uniform_L16_T16/cnn2_c4_c8/mne_l2/seed_41/noise_sweep_matrix_mnist_cnn2_c4_c8_T16_mode_rate_uniform_schedule_normal_seed_41.csv
cnn2_c4_c8,4,8,c4c8,mne_l2,41,16,16,rate_uniform,0.2,95.35,mnist-checkpoints/cnn2_c4_c8_L[16]_strict_seed41_ablation_mne_l2_l16_cnn2_c4_c8_rc5em02.pth,noise3_exp/cnn_strict_seed_three_regs_noise_sweep_rate_uniform_L16_T16/cnn2_c4_c8/mne_l2/seed_41/noise_sweep_matrix_mnist_cnn2_c4_c8_T16_mode_rate_uniform_schedule_normal_seed_41.csv
cnn2_c4_c8,4,8,c4c8,mne_l2,41,16,16,rate_uniform,0.25,95.49,mnist-checkpoints/cnn2_c4_c8_L[16]_strict_seed41_ablation_mne_l2_l16_cnn2_c4_c8_rc5em02.pth,noise3_exp/cnn_strict_seed_three_regs_noise_sweep_rate_uniform_L16_T16/cnn2_c4_c8/mne_l2/seed_41/noise_sweep_matrix_mnist_cnn2_c4_c8_T16_mode_rate_uniform_schedule_normal_seed_41.csv
cnn2_c4_c8,4,8,c4c8,mne_l2,41,16,16,rate_uniform,0.3,95.63,mnist-checkpoints/cnn2_c4_c8_L[16]_strict_seed41_ablation_mne_l2_l16_cnn2_c4_c8_rc5em02.pth,noise3_exp/cnn_strict_seed_three_regs_noise_sweep_rate_uniform_L16_T16/cnn2_c4_c8/mne_l2/seed_41/noise_sweep_matrix_mnist_cnn2_c4_c8_T16_mode_rate_uniform_schedule_normal_seed_41.csv
cnn2_c4_c8,4,8,c4c8,mne_l2,41,16,16,rate_uniform,0.35,95.65,mnist-checkpoints/cnn2_c4_c8_L[16]_strict_seed41_ablation_mne_l2_l16_cnn2_c4_c8_rc5em02.pth,noise3_exp/cnn_strict_seed_three_regs_noise_sweep_rate_uniform_L16_T16/cnn2_c4_c8/mne_l2/seed_41/noise_sweep_matrix_mnist_cnn2_c4_c8_T16_mode_rate_uniform_schedule_normal_seed_41.csv
cnn2_c4_c8,4,8,c4c8,mne_l2,41,16,16,rate_uniform,0.4,95.6,mnist-checkpoints/cnn2_c4_c8_L[16]_strict_seed41_ablation_mne_l2_l16_cnn2_c4_c8_rc5em02.pth,noise3_exp/cnn_strict_seed_three_regs_noise_sweep_rate_uniform_L16_T16/cnn2_c4_c8/mne_l2/seed_41/noise_sweep_matrix_mnist_cnn2_c4_c8_T16_mode_rate_uniform_schedule_normal_seed_41.csv
cnn2_c4_c8,4,8,c4c8,mne_l2,41,16,16,rate_uniform,0.45,95.49,mnist-checkpoints/cnn2_c4_c8_L[16]_strict_seed41_ablation_mne_l2_l16_cnn2_c4_c8_rc5em02.pth,noise3_exp/cnn_strict_seed_three_regs_noise_sweep_rate_uniform_L16_T16/cnn2_c4_c8/mne_l2/seed_41/noise_sweep_matrix_mnist_cnn2_c4_c8_T16_mode_rate_uniform_schedule_normal_seed_41.csv
cnn2_c4_c8,4,8,c4c8,mne_l2,41,16,16,rate_uniform,0.5,95.59,mnist-checkpoints/cnn2_c4_c8_L[16]_strict_seed41_ablation_mne_l2_l16_cnn2_c4_c8_rc5em02.pth,noise3_exp/cnn_strict_seed_three_regs_noise_sweep_rate_uniform_L16_T16/cnn2_c4_c8/mne_l2/seed_41/noise_sweep_matrix_mnist_cnn2_c4_c8_T16_mode_rate_uniform_schedule_normal_seed_41.csv
cnn2_c4_c8,4,8,c4c8,mne_l2,41,16,16,rate_uniform,0.55,95.49,mnist-checkpoints/cnn2_c4_c8_L[16]_strict_seed41_ablation_mne_l2_l16_cnn2_c4_c8_rc5em02.pth,noise3_exp/cnn_strict_seed_three_regs_noise_sweep_rate_uniform_L16_T16/cnn2_c4_c8/mne_l2/seed_41/noise_sweep_matrix_mnist_cnn2_c4_c8_T16_mode_rate_uniform_schedule_normal_seed_41.csv
cnn2_c4_c8,4,8,c4c8,mne_l2,41,16,16,rate_uniform,0.6,95.54,mnist-checkpoints/cnn2_c4_c8_L[16]_strict_seed41_ablation_mne_l2_l16_cnn2_c4_c8_rc5em02.pth,noise3_exp/cnn_strict_seed_three_regs_noise_sweep_rate_uniform_L16_T16/cnn2_c4_c8/mne_l2/seed_41/noise_sweep_matrix_mnist_cnn2_c4_c8_T16_mode_rate_uniform_schedule_normal_seed_41.csv
cnn2_c4_c8,4,8,c4c8,mne_l2,41,16,16,rate_uniform,0.65,95.59,mnist-checkpoints/cnn2_c4_c8_L[16]_strict_seed41_ablation_mne_l2_l16_cnn2_c4_c8_rc5em02.pth,noise3_exp/cnn_strict_seed_three_regs_noise_sweep_rate_uniform_L16_T16/cnn2_c4_c8/mne_l2/seed_41/noise_sweep_matrix_mnist_cnn2_c4_c8_T16_mode_rate_uniform_schedule_normal_seed_41.csv
cnn2_c4_c8,4,8,c4c8,mne_l2,41,16,16,rate_uniform,0.7,95.41,mnist-checkpoints/cnn2_c4_c8_L[16]_strict_seed41_ablation_mne_l2_l16_cnn2_c4_c8_rc5em02.pth,noise3_exp/cnn_strict_seed_three_regs_noise_sweep_rate_uniform_L16_T16/cnn2_c4_c8/mne_l2/seed_41/noise_sweep_matrix_mnist_cnn2_c4_c8_T16_mode_rate_uniform_schedule_normal_seed_41.csv
cnn2_c4_c8,4,8,c4c8,mne_l2,41,16,16,rate_uniform,0.75,95.49,mnist-checkpoints/cnn2_c4_c8_L[16]_strict_seed41_ablation_mne_l2_l16_cnn2_c4_c8_rc5em02.pth,noise3_exp/cnn_strict_seed_three_regs_noise_sweep_rate_uniform_L16_T16/cnn2_c4_c8/mne_l2/seed_41/noise_sweep_matrix_mnist_cnn2_c4_c8_T16_mode_rate_uniform_schedule_normal_seed_41.csv
cnn2_c4_c8,4,8,c4c8,mne_l2,41,16,16,rate_uniform,0.8,95.73,mnist-checkpoints/cnn2_c4_c8_L[16]_strict_seed41_ablation_mne_l2_l16_cnn2_c4_c8_rc5em02.pth,noise3_exp/cnn_strict_seed_three_regs_noise_sweep_rate_uniform_L16_T16/cnn2_c4_c8/mne_l2/seed_41/noise_sweep_matrix_mnist_cnn2_c4_c8_T16_mode_rate_uniform_schedule_normal_seed_41.csv
cnn2_c4_c8,4,8,c4c8,mne_l2,41,16,16,rate_uniform,0.85,95.52,mnist-checkpoints/cnn2_c4_c8_L[16]_strict_seed41_ablation_mne_l2_l16_cnn2_c4_c8_rc5em02.pth,noise3_exp/cnn_strict_seed_three_regs_noise_sweep_rate_uniform_L16_T16/cnn2_c4_c8/mne_l2/seed_41/noise_sweep_matrix_mnist_cnn2_c4_c8_T16_mode_rate_uniform_schedule_normal_seed_41.csv
cnn2_c4_c8,4,8,c4c8,mne_l2,41,16,16,rate_uniform,0.9,95.47,mnist-checkpoints/cnn2_c4_c8_L[16]_strict_seed41_ablation_mne_l2_l16_cnn2_c4_c8_rc5em02.pth,noise3_exp/cnn_strict_seed_three_regs_noise_sweep_rate_uniform_L16_T16/cnn2_c4_c8/mne_l2/seed_41/noise_sweep_matrix_mnist_cnn2_c4_c8_T16_mode_rate_uniform_schedule_normal_seed_41.csv
cnn2_c4_c8,4,8,c4c8,mne_l2,41,16,16,rate_uniform,0.95,95.13,mnist-checkpoints/cnn2_c4_c8_L[16]_strict_seed41_ablation_mne_l2_l16_cnn2_c4_c8_rc5em02.pth,noise3_exp/cnn_strict_seed_three_regs_noise_sweep_rate_uniform_L16_T16/cnn2_c4_c8/mne_l2/seed_41/noise_sweep_matrix_mnist_cnn2_c4_c8_T16_mode_rate_uniform_schedule_normal_seed_41.csv
cnn2_c4_c8,4,8,c4c8,mne_l2,41,16,16,rate_uniform,1.0,95.5,mnist-checkpoints/cnn2_c4_c8_L[16]_strict_seed41_ablation_mne_l2_l16_cnn2_c4_c8_rc5em02.pth,noise3_exp/cnn_strict_seed_three_regs_noise_sweep_rate_uniform_L16_T16/cnn2_c4_c8/mne_l2/seed_41/noise_sweep_matrix_mnist_cnn2_c4_c8_T16_mode_rate_uniform_schedule_normal_seed_41.csv
cnn2_c4_c8,4,8,c4c8,mne_l2,42,16,16,rate_uniform,0.0,96.45,mnist-checkpoints/cnn2_c4_c8_L[16]_strict_seed42_ablation_mne_l2_l16_cnn2_c4_c8_rc5em02.pth,noise3_exp/cnn_strict_seed_three_regs_noise_sweep_rate_uniform_L16_T16/cnn2_c4_c8/mne_l2/seed_42/noise_sweep_matrix_mnist_cnn2_c4_c8_T16_mode_rate_uniform_schedule_normal_seed_42.csv
cnn2_c4_c8,4,8,c4c8,mne_l2,42,16,16,rate_uniform,0.05,96.42,mnist-checkpoints/cnn2_c4_c8_L[16]_strict_seed42_ablation_mne_l2_l16_cnn2_c4_c8_rc5em02.pth,noise3_exp/cnn_strict_seed_three_regs_noise_sweep_rate_uniform_L16_T16/cnn2_c4_c8/mne_l2/seed_42/noise_sweep_matrix_mnist_cnn2_c4_c8_T16_mode_rate_uniform_schedule_normal_seed_42.csv
cnn2_c4_c8,4,8,c4c8,mne_l2,42,16,16,rate_uniform,0.1,96.64,mnist-checkpoints/cnn2_c4_c8_L[16]_strict_seed42_ablation_mne_l2_l16_cnn2_c4_c8_rc5em02.pth,noise3_exp/cnn_strict_seed_three_regs_noise_sweep_rate_uniform_L16_T16/cnn2_c4_c8/mne_l2/seed_42/noise_sweep_matrix_mnist_cnn2_c4_c8_T16_mode_rate_uniform_schedule_normal_seed_42.csv
cnn2_c4_c8,4,8,c4c8,mne_l2,42,16,16,rate_uniform,0.15,96.53,mnist-checkpoints/cnn2_c4_c8_L[16]_strict_seed42_ablation_mne_l2_l16_cnn2_c4_c8_rc5em02.pth,noise3_exp/cnn_strict_seed_three_regs_noise_sweep_rate_uniform_L16_T16/cnn2_c4_c8/mne_l2/seed_42/noise_sweep_matrix_mnist_cnn2_c4_c8_T16_mode_rate_uniform_schedule_normal_seed_42.csv
cnn2_c4_c8,4,8,c4c8,mne_l2,42,16,16,rate_uniform,0.2,96.5,mnist-checkpoints/cnn2_c4_c8_L[16]_strict_seed42_ablation_mne_l2_l16_cnn2_c4_c8_rc5em02.pth,noise3_exp/cnn_strict_seed_three_regs_noise_sweep_rate_uniform_L16_T16/cnn2_c4_c8/mne_l2/seed_42/noise_sweep_matrix_mnist_cnn2_c4_c8_T16_mode_rate_uniform_schedule_normal_seed_42.csv
cnn2_c4_c8,4,8,c4c8,mne_l2,42,16,16,rate_uniform,0.25,96.36,mnist-checkpoints/cnn2_c4_c8_L[16]_strict_seed42_ablation_mne_l2_l16_cnn2_c4_c8_rc5em02.pth,noise3_exp/cnn_strict_seed_three_regs_noise_sweep_rate_uniform_L16_T16/cnn2_c4_c8/mne_l2/seed_42/noise_sweep_matrix_mnist_cnn2_c4_c8_T16_mode_rate_uniform_schedule_normal_seed_42.csv
cnn2_c4_c8,4,8,c4c8,mne_l2,42,16,16,rate_uniform,0.3,96.48,mnist-checkpoints/cnn2_c4_c8_L[16]_strict_seed42_ablation_mne_l2_l16_cnn2_c4_c8_rc5em02.pth,noise3_exp/cnn_strict_seed_three_regs_noise_sweep_rate_uniform_L16_T16/cnn2_c4_c8/mne_l2/seed_42/noise_sweep_matrix_mnist_cnn2_c4_c8_T16_mode_rate_uniform_schedule_normal_seed_42.csv
cnn2_c4_c8,4,8,c4c8,mne_l2,42,16,16,rate_uniform,0.35,96.61,mnist-checkpoints/cnn2_c4_c8_L[16]_strict_seed42_ablation_mne_l2_l16_cnn2_c4_c8_rc5em02.pth,noise3_exp/cnn_strict_seed_three_regs_noise_sweep_rate_uniform_L16_T16/cnn2_c4_c8/mne_l2/seed_42/noise_sweep_matrix_mnist_cnn2_c4_c8_T16_mode_rate_uniform_schedule_normal_seed_42.csv
cnn2_c4_c8,4,8,c4c8,mne_l2,42,16,16,rate_uniform,0.4,96.52,mnist-checkpoints/cnn2_c4_c8_L[16]_strict_seed42_ablation_mne_l2_l16_cnn2_c4_c8_rc5em02.pth,noise3_exp/cnn_strict_seed_three_regs_noise_sweep_rate_uniform_L16_T16/cnn2_c4_c8/mne_l2/seed_42/noise_sweep_matrix_mnist_cnn2_c4_c8_T16_mode_rate_uniform_schedule_normal_seed_42.csv
cnn2_c4_c8,4,8,c4c8,mne_l2,42,16,16,rate_uniform,0.45,96.55,mnist-checkpoints/cnn2_c4_c8_L[16]_strict_seed42_ablation_mne_l2_l16_cnn2_c4_c8_rc5em02.pth,noise3_exp/cnn_strict_seed_three_regs_noise_sweep_rate_uniform_L16_T16/cnn2_c4_c8/mne_l2/seed_42/noise_sweep_matrix_mnist_cnn2_c4_c8_T16_mode_rate_uniform_schedule_normal_seed_42.csv
cnn2_c4_c8,4,8,c4c8,mne_l2,42,16,16,rate_uniform,0.5,96.67,mnist-checkpoints/cnn2_c4_c8_L[16]_strict_seed42_ablation_mne_l2_l16_cnn2_c4_c8_rc5em02.pth,noise3_exp/cnn_strict_seed_three_regs_noise_sweep_rate_uniform_L16_T16/cnn2_c4_c8/mne_l2/seed_42/noise_sweep_matrix_mnist_cnn2_c4_c8_T16_mode_rate_uniform_schedule_normal_seed_42.csv
cnn2_c4_c8,4,8,c4c8,mne_l2,42,16,16,rate_uniform,0.55,96.39,mnist-checkpoints/cnn2_c4_c8_L[16]_strict_seed42_ablation_mne_l2_l16_cnn2_c4_c8_rc5em02.pth,noise3_exp/cnn_strict_seed_three_regs_noise_sweep_rate_uniform_L16_T16/cnn2_c4_c8/mne_l2/seed_42/noise_sweep_matrix_mnist_cnn2_c4_c8_T16_mode_rate_uniform_schedule_normal_seed_42.csv
cnn2_c4_c8,4,8,c4c8,mne_l2,42,16,16,rate_uniform,0.6,96.46,mnist-checkpoints/cnn2_c4_c8_L[16]_strict_seed42_ablation_mne_l2_l16_cnn2_c4_c8_rc5em02.pth,noise3_exp/cnn_strict_seed_three_regs_noise_sweep_rate_uniform_L16_T16/cnn2_c4_c8/mne_l2/seed_42/noise_sweep_matrix_mnist_cnn2_c4_c8_T16_mode_rate_uniform_schedule_normal_seed_42.csv
cnn2_c4_c8,4,8,c4c8,mne_l2,42,16,16,rate_uniform,0.65,96.4,mnist-checkpoints/cnn2_c4_c8_L[16]_strict_seed42_ablation_mne_l2_l16_cnn2_c4_c8_rc5em02.pth,noise3_exp/cnn_strict_seed_three_regs_noise_sweep_rate_uniform_L16_T16/cnn2_c4_c8/mne_l2/seed_42/noise_sweep_matrix_mnist_cnn2_c4_c8_T16_mode_rate_uniform_schedule_normal_seed_42.csv
cnn2_c4_c8,4,8,c4c8,mne_l2,42,16,16,rate_uniform,0.7,96.44,mnist-checkpoints/cnn2_c4_c8_L[16]_strict_seed42_ablation_mne_l2_l16_cnn2_c4_c8_rc5em02.pth,noise3_exp/cnn_strict_seed_three_regs_noise_sweep_rate_uniform_L16_T16/cnn2_c4_c8/mne_l2/seed_42/noise_sweep_matrix_mnist_cnn2_c4_c8_T16_mode_rate_uniform_schedule_normal_seed_42.csv
cnn2_c4_c8,4,8,c4c8,mne_l2,42,16,16,rate_uniform,0.75,96.0,mnist-checkpoints/cnn2_c4_c8_L[16]_strict_seed42_ablation_mne_l2_l16_cnn2_c4_c8_rc5em02.pth,noise3_exp/cnn_strict_seed_three_regs_noise_sweep_rate_uniform_L16_T16/cnn2_c4_c8/mne_l2/seed_42/noise_sweep_matrix_mnist_cnn2_c4_c8_T16_mode_rate_uniform_schedule_normal_seed_42.csv
cnn2_c4_c8,4,8,c4c8,mne_l2,42,16,16,rate_uniform,0.8,96.05,mnist-checkpoints/cnn2_c4_c8_L[16]_strict_seed42_ablation_mne_l2_l16_cnn2_c4_c8_rc5em02.pth,noise3_exp/cnn_strict_seed_three_regs_noise_sweep_rate_uniform_L16_T16/cnn2_c4_c8/mne_l2/seed_42/noise_sweep_matrix_mnist_cnn2_c4_c8_T16_mode_rate_uniform_schedule_normal_seed_42.csv
cnn2_c4_c8,4,8,c4c8,mne_l2,42,16,16,rate_uniform,0.85,96.16,mnist-checkpoints/cnn2_c4_c8_L[16]_strict_seed42_ablation_mne_l2_l16_cnn2_c4_c8_rc5em02.pth,noise3_exp/cnn_strict_seed_three_regs_noise_sweep_rate_uniform_L16_T16/cnn2_c4_c8/mne_l2/seed_42/noise_sweep_matrix_mnist_cnn2_c4_c8_T16_mode_rate_uniform_schedule_normal_seed_42.csv
cnn2_c4_c8,4,8,c4c8,mne_l2,42,16,16,rate_uniform,0.9,96.11,mnist-checkpoints/cnn2_c4_c8_L[16]_strict_seed42_ablation_mne_l2_l16_cnn2_c4_c8_rc5em02.pth,noise3_exp/cnn_strict_seed_three_regs_noise_sweep_rate_uniform_L16_T16/cnn2_c4_c8/mne_l2/seed_42/noise_sweep_matrix_mnist_cnn2_c4_c8_T16_mode_rate_uniform_schedule_normal_seed_42.csv
cnn2_c4_c8,4,8,c4c8,mne_l2,42,16,16,rate_uniform,0.95,95.96,mnist-checkpoints/cnn2_c4_c8_L[16]_strict_seed42_ablation_mne_l2_l16_cnn2_c4_c8_rc5em02.pth,noise3_exp/cnn_strict_seed_three_regs_noise_sweep_rate_uniform_L16_T16/cnn2_c4_c8/mne_l2/seed_42/noise_sweep_matrix_mnist_cnn2_c4_c8_T16_mode_rate_uniform_schedule_normal_seed_42.csv
cnn2_c4_c8,4,8,c4c8,mne_l2,42,16,16,rate_uniform,1.0,96.06,mnist-checkpoints/cnn2_c4_c8_L[16]_strict_seed42_ablation_mne_l2_l16_cnn2_c4_c8_rc5em02.pth,noise3_exp/cnn_strict_seed_three_regs_noise_sweep_rate_uniform_L16_T16/cnn2_c4_c8/mne_l2/seed_42/noise_sweep_matrix_mnist_cnn2_c4_c8_T16_mode_rate_uniform_schedule_normal_seed_42.csv
cnn2_c4_c8,4,8,c4c8,mne_l2,43,16,16,rate_uniform,0.0,96.15,mnist-checkpoints/cnn2_c4_c8_L[16]_strict_seed43_ablation_mne_l2_l16_cnn2_c4_c8_rc5em02.pth,noise3_exp/cnn_strict_seed_three_regs_noise_sweep_rate_uniform_L16_T16/cnn2_c4_c8/mne_l2/seed_43/noise_sweep_matrix_mnist_cnn2_c4_c8_T16_mode_rate_uniform_schedule_normal_seed_43.csv
cnn2_c4_c8,4,8,c4c8,mne_l2,43,16,16,rate_uniform,0.05,96.22,mnist-checkpoints/cnn2_c4_c8_L[16]_strict_seed43_ablation_mne_l2_l16_cnn2_c4_c8_rc5em02.pth,noise3_exp/cnn_strict_seed_three_regs_noise_sweep_rate_uniform_L16_T16/cnn2_c4_c8/mne_l2/seed_43/noise_sweep_matrix_mnist_cnn2_c4_c8_T16_mode_rate_uniform_schedule_normal_seed_43.csv
cnn2_c4_c8,4,8,c4c8,mne_l2,43,16,16,rate_uniform,0.1,96.08,mnist-checkpoints/cnn2_c4_c8_L[16]_strict_seed43_ablation_mne_l2_l16_cnn2_c4_c8_rc5em02.pth,noise3_exp/cnn_strict_seed_three_regs_noise_sweep_rate_uniform_L16_T16/cnn2_c4_c8/mne_l2/seed_43/noise_sweep_matrix_mnist_cnn2_c4_c8_T16_mode_rate_uniform_schedule_normal_seed_43.csv
cnn2_c4_c8,4,8,c4c8,mne_l2,43,16,16,rate_uniform,0.15,96.13,mnist-checkpoints/cnn2_c4_c8_L[16]_strict_seed43_ablation_mne_l2_l16_cnn2_c4_c8_rc5em02.pth,noise3_exp/cnn_strict_seed_three_regs_noise_sweep_rate_uniform_L16_T16/cnn2_c4_c8/mne_l2/seed_43/noise_sweep_matrix_mnist_cnn2_c4_c8_T16_mode_rate_uniform_schedule_normal_seed_43.csv
cnn2_c4_c8,4,8,c4c8,mne_l2,43,16,16,rate_uniform,0.2,96.27,mnist-checkpoints/cnn2_c4_c8_L[16]_strict_seed43_ablation_mne_l2_l16_cnn2_c4_c8_rc5em02.pth,noise3_exp/cnn_strict_seed_three_regs_noise_sweep_rate_uniform_L16_T16/cnn2_c4_c8/mne_l2/seed_43/noise_sweep_matrix_mnist_cnn2_c4_c8_T16_mode_rate_uniform_schedule_normal_seed_43.csv
cnn2_c4_c8,4,8,c4c8,mne_l2,43,16,16,rate_uniform,0.25,96.23,mnist-checkpoints/cnn2_c4_c8_L[16]_strict_seed43_ablation_mne_l2_l16_cnn2_c4_c8_rc5em02.pth,noise3_exp/cnn_strict_seed_three_regs_noise_sweep_rate_uniform_L16_T16/cnn2_c4_c8/mne_l2/seed_43/noise_sweep_matrix_mnist_cnn2_c4_c8_T16_mode_rate_uniform_schedule_normal_seed_43.csv
cnn2_c4_c8,4,8,c4c8,mne_l2,43,16,16,rate_uniform,0.3,96.22,mnist-checkpoints/cnn2_c4_c8_L[16]_strict_seed43_ablation_mne_l2_l16_cnn2_c4_c8_rc5em02.pth,noise3_exp/cnn_strict_seed_three_regs_noise_sweep_rate_uniform_L16_T16/cnn2_c4_c8/mne_l2/seed_43/noise_sweep_matrix_mnist_cnn2_c4_c8_T16_mode_rate_uniform_schedule_normal_seed_43.csv
cnn2_c4_c8,4,8,c4c8,mne_l2,43,16,16,rate_uniform,0.35,95.98,mnist-checkpoints/cnn2_c4_c8_L[16]_strict_seed43_ablation_mne_l2_l16_cnn2_c4_c8_rc5em02.pth,noise3_exp/cnn_strict_seed_three_regs_noise_sweep_rate_uniform_L16_T16/cnn2_c4_c8/mne_l2/seed_43/noise_sweep_matrix_mnist_cnn2_c4_c8_T16_mode_rate_uniform_schedule_normal_seed_43.csv
cnn2_c4_c8,4,8,c4c8,mne_l2,43,16,16,rate_uniform,0.4,96.06,mnist-checkpoints/cnn2_c4_c8_L[16]_strict_seed43_ablation_mne_l2_l16_cnn2_c4_c8_rc5em02.pth,noise3_exp/cnn_strict_seed_three_regs_noise_sweep_rate_uniform_L16_T16/cnn2_c4_c8/mne_l2/seed_43/noise_sweep_matrix_mnist_cnn2_c4_c8_T16_mode_rate_uniform_schedule_normal_seed_43.csv
cnn2_c4_c8,4,8,c4c8,mne_l2,43,16,16,rate_uniform,0.45,95.85,mnist-checkpoints/cnn2_c4_c8_L[16]_strict_seed43_ablation_mne_l2_l16_cnn2_c4_c8_rc5em02.pth,noise3_exp/cnn_strict_seed_three_regs_noise_sweep_rate_uniform_L16_T16/cnn2_c4_c8/mne_l2/seed_43/noise_sweep_matrix_mnist_cnn2_c4_c8_T16_mode_rate_uniform_schedule_normal_seed_43.csv
cnn2_c4_c8,4,8,c4c8,mne_l2,43,16,16,rate_uniform,0.5,95.92,mnist-checkpoints/cnn2_c4_c8_L[16]_strict_seed43_ablation_mne_l2_l16_cnn2_c4_c8_rc5em02.pth,noise3_exp/cnn_strict_seed_three_regs_noise_sweep_rate_uniform_L16_T16/cnn2_c4_c8/mne_l2/seed_43/noise_sweep_matrix_mnist_cnn2_c4_c8_T16_mode_rate_uniform_schedule_normal_seed_43.csv
cnn2_c4_c8,4,8,c4c8,mne_l2,43,16,16,rate_uniform,0.55,95.84,mnist-checkpoints/cnn2_c4_c8_L[16]_strict_seed43_ablation_mne_l2_l16_cnn2_c4_c8_rc5em02.pth,noise3_exp/cnn_strict_seed_three_regs_noise_sweep_rate_uniform_L16_T16/cnn2_c4_c8/mne_l2/seed_43/noise_sweep_matrix_mnist_cnn2_c4_c8_T16_mode_rate_uniform_schedule_normal_seed_43.csv
cnn2_c4_c8,4,8,c4c8,mne_l2,43,16,16,rate_uniform,0.6,95.69,mnist-checkpoints/cnn2_c4_c8_L[16]_strict_seed43_ablation_mne_l2_l16_cnn2_c4_c8_rc5em02.pth,noise3_exp/cnn_strict_seed_three_regs_noise_sweep_rate_uniform_L16_T16/cnn2_c4_c8/mne_l2/seed_43/noise_sweep_matrix_mnist_cnn2_c4_c8_T16_mode_rate_uniform_schedule_normal_seed_43.csv
cnn2_c4_c8,4,8,c4c8,mne_l2,43,16,16,rate_uniform,0.65,95.94,mnist-checkpoints/cnn2_c4_c8_L[16]_strict_seed43_ablation_mne_l2_l16_cnn2_c4_c8_rc5em02.pth,noise3_exp/cnn_strict_seed_three_regs_noise_sweep_rate_uniform_L16_T16/cnn2_c4_c8/mne_l2/seed_43/noise_sweep_matrix_mnist_cnn2_c4_c8_T16_mode_rate_uniform_schedule_normal_seed_43.csv
cnn2_c4_c8,4,8,c4c8,mne_l2,43,16,16,rate_uniform,0.7,95.81,mnist-checkpoints/cnn2_c4_c8_L[16]_strict_seed43_ablation_mne_l2_l16_cnn2_c4_c8_rc5em02.pth,noise3_exp/cnn_strict_seed_three_regs_noise_sweep_rate_uniform_L16_T16/cnn2_c4_c8/mne_l2/seed_43/noise_sweep_matrix_mnist_cnn2_c4_c8_T16_mode_rate_uniform_schedule_normal_seed_43.csv
cnn2_c4_c8,4,8,c4c8,mne_l2,43,16,16,rate_uniform,0.75,95.46,mnist-checkpoints/cnn2_c4_c8_L[16]_strict_seed43_ablation_mne_l2_l16_cnn2_c4_c8_rc5em02.pth,noise3_exp/cnn_strict_seed_three_regs_noise_sweep_rate_uniform_L16_T16/cnn2_c4_c8/mne_l2/seed_43/noise_sweep_matrix_mnist_cnn2_c4_c8_T16_mode_rate_uniform_schedule_normal_seed_43.csv
cnn2_c4_c8,4,8,c4c8,mne_l2,43,16,16,rate_uniform,0.8,95.49,mnist-checkpoints/cnn2_c4_c8_L[16]_strict_seed43_ablation_mne_l2_l16_cnn2_c4_c8_rc5em02.pth,noise3_exp/cnn_strict_seed_three_regs_noise_sweep_rate_uniform_L16_T16/cnn2_c4_c8/mne_l2/seed_43/noise_sweep_matrix_mnist_cnn2_c4_c8_T16_mode_rate_uniform_schedule_normal_seed_43.csv
cnn2_c4_c8,4,8,c4c8,mne_l2,43,16,16,rate_uniform,0.85,95.57,mnist-checkpoints/cnn2_c4_c8_L[16]_strict_seed43_ablation_mne_l2_l16_cnn2_c4_c8_rc5em02.pth,noise3_exp/cnn_strict_seed_three_regs_noise_sweep_rate_uniform_L16_T16/cnn2_c4_c8/mne_l2/seed_43/noise_sweep_matrix_mnist_cnn2_c4_c8_T16_mode_rate_uniform_schedule_normal_seed_43.csv
cnn2_c4_c8,4,8,c4c8,mne_l2,43,16,16,rate_uniform,0.9,95.59,mnist-checkpoints/cnn2_c4_c8_L[16]_strict_seed43_ablation_mne_l2_l16_cnn2_c4_c8_rc5em02.pth,noise3_exp/cnn_strict_seed_three_regs_noise_sweep_rate_uniform_L16_T16/cnn2_c4_c8/mne_l2/seed_43/noise_sweep_matrix_mnist_cnn2_c4_c8_T16_mode_rate_uniform_schedule_normal_seed_43.csv
cnn2_c4_c8,4,8,c4c8,mne_l2,43,16,16,rate_uniform,0.95,95.38,mnist-checkpoints/cnn2_c4_c8_L[16]_strict_seed43_ablation_mne_l2_l16_cnn2_c4_c8_rc5em02.pth,noise3_exp/cnn_strict_seed_three_regs_noise_sweep_rate_uniform_L16_T16/cnn2_c4_c8/mne_l2/seed_43/noise_sweep_matrix_mnist_cnn2_c4_c8_T16_mode_rate_uniform_schedule_normal_seed_43.csv
cnn2_c4_c8,4,8,c4c8,mne_l2,43,16,16,rate_uniform,1.0,95.35,mnist-checkpoints/cnn2_c4_c8_L[16]_strict_seed43_ablation_mne_l2_l16_cnn2_c4_c8_rc5em02.pth,noise3_exp/cnn_strict_seed_three_regs_noise_sweep_rate_uniform_L16_T16/cnn2_c4_c8/mne_l2/seed_43/noise_sweep_matrix_mnist_cnn2_c4_c8_T16_mode_rate_uniform_schedule_normal_seed_43.csv
cnn2_c4_c8,4,8,c4c8,mne_l2,44,16,16,rate_uniform,0.0,96.86,mnist-checkpoints/cnn2_c4_c8_L[16]_strict_seed44_ablation_mne_l2_l16_cnn2_c4_c8_rc5em02.pth,noise3_exp/cnn_strict_seed_three_regs_noise_sweep_rate_uniform_L16_T16/cnn2_c4_c8/mne_l2/seed_44/noise_sweep_matrix_mnist_cnn2_c4_c8_T16_mode_rate_uniform_schedule_normal_seed_44.csv
cnn2_c4_c8,4,8,c4c8,mne_l2,44,16,16,rate_uniform,0.05,96.87,mnist-checkpoints/cnn2_c4_c8_L[16]_strict_seed44_ablation_mne_l2_l16_cnn2_c4_c8_rc5em02.pth,noise3_exp/cnn_strict_seed_three_regs_noise_sweep_rate_uniform_L16_T16/cnn2_c4_c8/mne_l2/seed_44/noise_sweep_matrix_mnist_cnn2_c4_c8_T16_mode_rate_uniform_schedule_normal_seed_44.csv
cnn2_c4_c8,4,8,c4c8,mne_l2,44,16,16,rate_uniform,0.1,96.94,mnist-checkpoints/cnn2_c4_c8_L[16]_strict_seed44_ablation_mne_l2_l16_cnn2_c4_c8_rc5em02.pth,noise3_exp/cnn_strict_seed_three_regs_noise_sweep_rate_uniform_L16_T16/cnn2_c4_c8/mne_l2/seed_44/noise_sweep_matrix_mnist_cnn2_c4_c8_T16_mode_rate_uniform_schedule_normal_seed_44.csv
cnn2_c4_c8,4,8,c4c8,mne_l2,44,16,16,rate_uniform,0.15,96.86,mnist-checkpoints/cnn2_c4_c8_L[16]_strict_seed44_ablation_mne_l2_l16_cnn2_c4_c8_rc5em02.pth,noise3_exp/cnn_strict_seed_three_regs_noise_sweep_rate_uniform_L16_T16/cnn2_c4_c8/mne_l2/seed_44/noise_sweep_matrix_mnist_cnn2_c4_c8_T16_mode_rate_uniform_schedule_normal_seed_44.csv
cnn2_c4_c8,4,8,c4c8,mne_l2,44,16,16,rate_uniform,0.2,96.91,mnist-checkpoints/cnn2_c4_c8_L[16]_strict_seed44_ablation_mne_l2_l16_cnn2_c4_c8_rc5em02.pth,noise3_exp/cnn_strict_seed_three_regs_noise_sweep_rate_uniform_L16_T16/cnn2_c4_c8/mne_l2/seed_44/noise_sweep_matrix_mnist_cnn2_c4_c8_T16_mode_rate_uniform_schedule_normal_seed_44.csv
cnn2_c4_c8,4,8,c4c8,mne_l2,44,16,16,rate_uniform,0.25,96.84,mnist-checkpoints/cnn2_c4_c8_L[16]_strict_seed44_ablation_mne_l2_l16_cnn2_c4_c8_rc5em02.pth,noise3_exp/cnn_strict_seed_three_regs_noise_sweep_rate_uniform_L16_T16/cnn2_c4_c8/mne_l2/seed_44/noise_sweep_matrix_mnist_cnn2_c4_c8_T16_mode_rate_uniform_schedule_normal_seed_44.csv
cnn2_c4_c8,4,8,c4c8,mne_l2,44,16,16,rate_uniform,0.3,96.88,mnist-checkpoints/cnn2_c4_c8_L[16]_strict_seed44_ablation_mne_l2_l16_cnn2_c4_c8_rc5em02.pth,noise3_exp/cnn_strict_seed_three_regs_noise_sweep_rate_uniform_L16_T16/cnn2_c4_c8/mne_l2/seed_44/noise_sweep_matrix_mnist_cnn2_c4_c8_T16_mode_rate_uniform_schedule_normal_seed_44.csv
cnn2_c4_c8,4,8,c4c8,mne_l2,44,16,16,rate_uniform,0.35,96.88,mnist-checkpoints/cnn2_c4_c8_L[16]_strict_seed44_ablation_mne_l2_l16_cnn2_c4_c8_rc5em02.pth,noise3_exp/cnn_strict_seed_three_regs_noise_sweep_rate_uniform_L16_T16/cnn2_c4_c8/mne_l2/seed_44/noise_sweep_matrix_mnist_cnn2_c4_c8_T16_mode_rate_uniform_schedule_normal_seed_44.csv
cnn2_c4_c8,4,8,c4c8,mne_l2,44,16,16,rate_uniform,0.4,96.8,mnist-checkpoints/cnn2_c4_c8_L[16]_strict_seed44_ablation_mne_l2_l16_cnn2_c4_c8_rc5em02.pth,noise3_exp/cnn_strict_seed_three_regs_noise_sweep_rate_uniform_L16_T16/cnn2_c4_c8/mne_l2/seed_44/noise_sweep_matrix_mnist_cnn2_c4_c8_T16_mode_rate_uniform_schedule_normal_seed_44.csv
cnn2_c4_c8,4,8,c4c8,mne_l2,44,16,16,rate_uniform,0.45,96.85,mnist-checkpoints/cnn2_c4_c8_L[16]_strict_seed44_ablation_mne_l2_l16_cnn2_c4_c8_rc5em02.pth,noise3_exp/cnn_strict_seed_three_regs_noise_sweep_rate_uniform_L16_T16/cnn2_c4_c8/mne_l2/seed_44/noise_sweep_matrix_mnist_cnn2_c4_c8_T16_mode_rate_uniform_schedule_normal_seed_44.csv
cnn2_c4_c8,4,8,c4c8,mne_l2,44,16,16,rate_uniform,0.5,96.68,mnist-checkpoints/cnn2_c4_c8_L[16]_strict_seed44_ablation_mne_l2_l16_cnn2_c4_c8_rc5em02.pth,noise3_exp/cnn_strict_seed_three_regs_noise_sweep_rate_uniform_L16_T16/cnn2_c4_c8/mne_l2/seed_44/noise_sweep_matrix_mnist_cnn2_c4_c8_T16_mode_rate_uniform_schedule_normal_seed_44.csv
cnn2_c4_c8,4,8,c4c8,mne_l2,44,16,16,rate_uniform,0.55,96.89,mnist-checkpoints/cnn2_c4_c8_L[16]_strict_seed44_ablation_mne_l2_l16_cnn2_c4_c8_rc5em02.pth,noise3_exp/cnn_strict_seed_three_regs_noise_sweep_rate_uniform_L16_T16/cnn2_c4_c8/mne_l2/seed_44/noise_sweep_matrix_mnist_cnn2_c4_c8_T16_mode_rate_uniform_schedule_normal_seed_44.csv
cnn2_c4_c8,4,8,c4c8,mne_l2,44,16,16,rate_uniform,0.6,96.96,mnist-checkpoints/cnn2_c4_c8_L[16]_strict_seed44_ablation_mne_l2_l16_cnn2_c4_c8_rc5em02.pth,noise3_exp/cnn_strict_seed_three_regs_noise_sweep_rate_uniform_L16_T16/cnn2_c4_c8/mne_l2/seed_44/noise_sweep_matrix_mnist_cnn2_c4_c8_T16_mode_rate_uniform_schedule_normal_seed_44.csv
cnn2_c4_c8,4,8,c4c8,mne_l2,44,16,16,rate_uniform,0.65,96.76,mnist-checkpoints/cnn2_c4_c8_L[16]_strict_seed44_ablation_mne_l2_l16_cnn2_c4_c8_rc5em02.pth,noise3_exp/cnn_strict_seed_three_regs_noise_sweep_rate_uniform_L16_T16/cnn2_c4_c8/mne_l2/seed_44/noise_sweep_matrix_mnist_cnn2_c4_c8_T16_mode_rate_uniform_schedule_normal_seed_44.csv
cnn2_c4_c8,4,8,c4c8,mne_l2,44,16,16,rate_uniform,0.7,96.67,mnist-checkpoints/cnn2_c4_c8_L[16]_strict_seed44_ablation_mne_l2_l16_cnn2_c4_c8_rc5em02.pth,noise3_exp/cnn_strict_seed_three_regs_noise_sweep_rate_uniform_L16_T16/cnn2_c4_c8/mne_l2/seed_44/noise_sweep_matrix_mnist_cnn2_c4_c8_T16_mode_rate_uniform_schedule_normal_seed_44.csv
cnn2_c4_c8,4,8,c4c8,mne_l2,44,16,16,rate_uniform,0.75,96.94,mnist-checkpoints/cnn2_c4_c8_L[16]_strict_seed44_ablation_mne_l2_l16_cnn2_c4_c8_rc5em02.pth,noise3_exp/cnn_strict_seed_three_regs_noise_sweep_rate_uniform_L16_T16/cnn2_c4_c8/mne_l2/seed_44/noise_sweep_matrix_mnist_cnn2_c4_c8_T16_mode_rate_uniform_schedule_normal_seed_44.csv
cnn2_c4_c8,4,8,c4c8,mne_l2,44,16,16,rate_uniform,0.8,96.85,mnist-checkpoints/cnn2_c4_c8_L[16]_strict_seed44_ablation_mne_l2_l16_cnn2_c4_c8_rc5em02.pth,noise3_exp/cnn_strict_seed_three_regs_noise_sweep_rate_uniform_L16_T16/cnn2_c4_c8/mne_l2/seed_44/noise_sweep_matrix_mnist_cnn2_c4_c8_T16_mode_rate_uniform_schedule_normal_seed_44.csv
cnn2_c4_c8,4,8,c4c8,mne_l2,44,16,16,rate_uniform,0.85,96.66,mnist-checkpoints/cnn2_c4_c8_L[16]_strict_seed44_ablation_mne_l2_l16_cnn2_c4_c8_rc5em02.pth,noise3_exp/cnn_strict_seed_three_regs_noise_sweep_rate_uniform_L16_T16/cnn2_c4_c8/mne_l2/seed_44/noise_sweep_matrix_mnist_cnn2_c4_c8_T16_mode_rate_uniform_schedule_normal_seed_44.csv
cnn2_c4_c8,4,8,c4c8,mne_l2,44,16,16,rate_uniform,0.9,96.64,mnist-checkpoints/cnn2_c4_c8_L[16]_strict_seed44_ablation_mne_l2_l16_cnn2_c4_c8_rc5em02.pth,noise3_exp/cnn_strict_seed_three_regs_noise_sweep_rate_uniform_L16_T16/cnn2_c4_c8/mne_l2/seed_44/noise_sweep_matrix_mnist_cnn2_c4_c8_T16_mode_rate_uniform_schedule_normal_seed_44.csv
cnn2_c4_c8,4,8,c4c8,mne_l2,44,16,16,rate_uniform,0.95,96.7,mnist-checkpoints/cnn2_c4_c8_L[16]_strict_seed44_ablation_mne_l2_l16_cnn2_c4_c8_rc5em02.pth,noise3_exp/cnn_strict_seed_three_regs_noise_sweep_rate_uniform_L16_T16/cnn2_c4_c8/mne_l2/seed_44/noise_sweep_matrix_mnist_cnn2_c4_c8_T16_mode_rate_uniform_schedule_normal_seed_44.csv
cnn2_c4_c8,4,8,c4c8,mne_l2,44,16,16,rate_uniform,1.0,96.75,mnist-checkpoints/cnn2_c4_c8_L[16]_strict_seed44_ablation_mne_l2_l16_cnn2_c4_c8_rc5em02.pth,noise3_exp/cnn_strict_seed_three_regs_noise_sweep_rate_uniform_L16_T16/cnn2_c4_c8/mne_l2/seed_44/noise_sweep_matrix_mnist_cnn2_c4_c8_T16_mode_rate_uniform_schedule_normal_seed_44.csv
cnn2_c4_c8,4,8,c4c8,weight_decay,40,16,16,rate_uniform,0.0,98.47,mnist-checkpoints/cnn2_c4_c8_L[16]_strict_seed40_ablation_wd_l16_cnn2_c4_c8.pth,noise3_exp/cnn_strict_seed_three_regs_noise_sweep_rate_uniform_L16_T16/cnn2_c4_c8/weight_decay/seed_40/noise_sweep_matrix_mnist_cnn2_c4_c8_T16_mode_rate_uniform_schedule_normal_seed_40.csv
cnn2_c4_c8,4,8,c4c8,weight_decay,40,16,16,rate_uniform,0.05,98.53,mnist-checkpoints/cnn2_c4_c8_L[16]_strict_seed40_ablation_wd_l16_cnn2_c4_c8.pth,noise3_exp/cnn_strict_seed_three_regs_noise_sweep_rate_uniform_L16_T16/cnn2_c4_c8/weight_decay/seed_40/noise_sweep_matrix_mnist_cnn2_c4_c8_T16_mode_rate_uniform_schedule_normal_seed_40.csv
cnn2_c4_c8,4,8,c4c8,weight_decay,40,16,16,rate_uniform,0.1,98.46,mnist-checkpoints/cnn2_c4_c8_L[16]_strict_seed40_ablation_wd_l16_cnn2_c4_c8.pth,noise3_exp/cnn_strict_seed_three_regs_noise_sweep_rate_uniform_L16_T16/cnn2_c4_c8/weight_decay/seed_40/noise_sweep_matrix_mnist_cnn2_c4_c8_T16_mode_rate_uniform_schedule_normal_seed_40.csv
cnn2_c4_c8,4,8,c4c8,weight_decay,40,16,16,rate_uniform,0.15,98.49,mnist-checkpoints/cnn2_c4_c8_L[16]_strict_seed40_ablation_wd_l16_cnn2_c4_c8.pth,noise3_exp/cnn_strict_seed_three_regs_noise_sweep_rate_uniform_L16_T16/cnn2_c4_c8/weight_decay/seed_40/noise_sweep_matrix_mnist_cnn2_c4_c8_T16_mode_rate_uniform_schedule_normal_seed_40.csv
cnn2_c4_c8,4,8,c4c8,weight_decay,40,16,16,rate_uniform,0.2,98.41,mnist-checkpoints/cnn2_c4_c8_L[16]_strict_seed40_ablation_wd_l16_cnn2_c4_c8.pth,noise3_exp/cnn_strict_seed_three_regs_noise_sweep_rate_uniform_L16_T16/cnn2_c4_c8/weight_decay/seed_40/noise_sweep_matrix_mnist_cnn2_c4_c8_T16_mode_rate_uniform_schedule_normal_seed_40.csv
cnn2_c4_c8,4,8,c4c8,weight_decay,40,16,16,rate_uniform,0.25,98.42,mnist-checkpoints/cnn2_c4_c8_L[16]_strict_seed40_ablation_wd_l16_cnn2_c4_c8.pth,noise3_exp/cnn_strict_seed_three_regs_noise_sweep_rate_uniform_L16_T16/cnn2_c4_c8/weight_decay/seed_40/noise_sweep_matrix_mnist_cnn2_c4_c8_T16_mode_rate_uniform_schedule_normal_seed_40.csv
cnn2_c4_c8,4,8,c4c8,weight_decay,40,16,16,rate_uniform,0.3,98.38,mnist-checkpoints/cnn2_c4_c8_L[16]_strict_seed40_ablation_wd_l16_cnn2_c4_c8.pth,noise3_exp/cnn_strict_seed_three_regs_noise_sweep_rate_uniform_L16_T16/cnn2_c4_c8/weight_decay/seed_40/noise_sweep_matrix_mnist_cnn2_c4_c8_T16_mode_rate_uniform_schedule_normal_seed_40.csv
cnn2_c4_c8,4,8,c4c8,weight_decay,40,16,16,rate_uniform,0.35,98.47,mnist-checkpoints/cnn2_c4_c8_L[16]_strict_seed40_ablation_wd_l16_cnn2_c4_c8.pth,noise3_exp/cnn_strict_seed_three_regs_noise_sweep_rate_uniform_L16_T16/cnn2_c4_c8/weight_decay/seed_40/noise_sweep_matrix_mnist_cnn2_c4_c8_T16_mode_rate_uniform_schedule_normal_seed_40.csv
cnn2_c4_c8,4,8,c4c8,weight_decay,40,16,16,rate_uniform,0.4,98.38,mnist-checkpoints/cnn2_c4_c8_L[16]_strict_seed40_ablation_wd_l16_cnn2_c4_c8.pth,noise3_exp/cnn_strict_seed_three_regs_noise_sweep_rate_uniform_L16_T16/cnn2_c4_c8/weight_decay/seed_40/noise_sweep_matrix_mnist_cnn2_c4_c8_T16_mode_rate_uniform_schedule_normal_seed_40.csv
cnn2_c4_c8,4,8,c4c8,weight_decay,40,16,16,rate_uniform,0.45,98.26,mnist-checkpoints/cnn2_c4_c8_L[16]_strict_seed40_ablation_wd_l16_cnn2_c4_c8.pth,noise3_exp/cnn_strict_seed_three_regs_noise_sweep_rate_uniform_L16_T16/cnn2_c4_c8/weight_decay/seed_40/noise_sweep_matrix_mnist_cnn2_c4_c8_T16_mode_rate_uniform_schedule_normal_seed_40.csv
cnn2_c4_c8,4,8,c4c8,weight_decay,40,16,16,rate_uniform,0.5,98.3,mnist-checkpoints/cnn2_c4_c8_L[16]_strict_seed40_ablation_wd_l16_cnn2_c4_c8.pth,noise3_exp/cnn_strict_seed_three_regs_noise_sweep_rate_uniform_L16_T16/cnn2_c4_c8/weight_decay/seed_40/noise_sweep_matrix_mnist_cnn2_c4_c8_T16_mode_rate_uniform_schedule_normal_seed_40.csv
cnn2_c4_c8,4,8,c4c8,weight_decay,40,16,16,rate_uniform,0.55,98.3,mnist-checkpoints/cnn2_c4_c8_L[16]_strict_seed40_ablation_wd_l16_cnn2_c4_c8.pth,noise3_exp/cnn_strict_seed_three_regs_noise_sweep_rate_uniform_L16_T16/cnn2_c4_c8/weight_decay/seed_40/noise_sweep_matrix_mnist_cnn2_c4_c8_T16_mode_rate_uniform_schedule_normal_seed_40.csv
cnn2_c4_c8,4,8,c4c8,weight_decay,40,16,16,rate_uniform,0.6,98.14,mnist-checkpoints/cnn2_c4_c8_L[16]_strict_seed40_ablation_wd_l16_cnn2_c4_c8.pth,noise3_exp/cnn_strict_seed_three_regs_noise_sweep_rate_uniform_L16_T16/cnn2_c4_c8/weight_decay/seed_40/noise_sweep_matrix_mnist_cnn2_c4_c8_T16_mode_rate_uniform_schedule_normal_seed_40.csv
cnn2_c4_c8,4,8,c4c8,weight_decay,40,16,16,rate_uniform,0.65,98.06,mnist-checkpoints/cnn2_c4_c8_L[16]_strict_seed40_ablation_wd_l16_cnn2_c4_c8.pth,noise3_exp/cnn_strict_seed_three_regs_noise_sweep_rate_uniform_L16_T16/cnn2_c4_c8/weight_decay/seed_40/noise_sweep_matrix_mnist_cnn2_c4_c8_T16_mode_rate_uniform_schedule_normal_seed_40.csv
cnn2_c4_c8,4,8,c4c8,weight_decay,40,16,16,rate_uniform,0.7,98.07,mnist-checkpoints/cnn2_c4_c8_L[16]_strict_seed40_ablation_wd_l16_cnn2_c4_c8.pth,noise3_exp/cnn_strict_seed_three_regs_noise_sweep_rate_uniform_L16_T16/cnn2_c4_c8/weight_decay/seed_40/noise_sweep_matrix_mnist_cnn2_c4_c8_T16_mode_rate_uniform_schedule_normal_seed_40.csv
cnn2_c4_c8,4,8,c4c8,weight_decay,40,16,16,rate_uniform,0.75,98.1,mnist-checkpoints/cnn2_c4_c8_L[16]_strict_seed40_ablation_wd_l16_cnn2_c4_c8.pth,noise3_exp/cnn_strict_seed_three_regs_noise_sweep_rate_uniform_L16_T16/cnn2_c4_c8/weight_decay/seed_40/noise_sweep_matrix_mnist_cnn2_c4_c8_T16_mode_rate_uniform_schedule_normal_seed_40.csv
cnn2_c4_c8,4,8,c4c8,weight_decay,40,16,16,rate_uniform,0.8,97.85,mnist-checkpoints/cnn2_c4_c8_L[16]_strict_seed40_ablation_wd_l16_cnn2_c4_c8.pth,noise3_exp/cnn_strict_seed_three_regs_noise_sweep_rate_uniform_L16_T16/cnn2_c4_c8/weight_decay/seed_40/noise_sweep_matrix_mnist_cnn2_c4_c8_T16_mode_rate_uniform_schedule_normal_seed_40.csv
cnn2_c4_c8,4,8,c4c8,weight_decay,40,16,16,rate_uniform,0.85,97.87,mnist-checkpoints/cnn2_c4_c8_L[16]_strict_seed40_ablation_wd_l16_cnn2_c4_c8.pth,noise3_exp/cnn_strict_seed_three_regs_noise_sweep_rate_uniform_L16_T16/cnn2_c4_c8/weight_decay/seed_40/noise_sweep_matrix_mnist_cnn2_c4_c8_T16_mode_rate_uniform_schedule_normal_seed_40.csv
cnn2_c4_c8,4,8,c4c8,weight_decay,40,16,16,rate_uniform,0.9,97.53,mnist-checkpoints/cnn2_c4_c8_L[16]_strict_seed40_ablation_wd_l16_cnn2_c4_c8.pth,noise3_exp/cnn_strict_seed_three_regs_noise_sweep_rate_uniform_L16_T16/cnn2_c4_c8/weight_decay/seed_40/noise_sweep_matrix_mnist_cnn2_c4_c8_T16_mode_rate_uniform_schedule_normal_seed_40.csv
cnn2_c4_c8,4,8,c4c8,weight_decay,40,16,16,rate_uniform,0.95,97.53,mnist-checkpoints/cnn2_c4_c8_L[16]_strict_seed40_ablation_wd_l16_cnn2_c4_c8.pth,noise3_exp/cnn_strict_seed_three_regs_noise_sweep_rate_uniform_L16_T16/cnn2_c4_c8/weight_decay/seed_40/noise_sweep_matrix_mnist_cnn2_c4_c8_T16_mode_rate_uniform_schedule_normal_seed_40.csv
cnn2_c4_c8,4,8,c4c8,weight_decay,40,16,16,rate_uniform,1.0,97.37,mnist-checkpoints/cnn2_c4_c8_L[16]_strict_seed40_ablation_wd_l16_cnn2_c4_c8.pth,noise3_exp/cnn_strict_seed_three_regs_noise_sweep_rate_uniform_L16_T16/cnn2_c4_c8/weight_decay/seed_40/noise_sweep_matrix_mnist_cnn2_c4_c8_T16_mode_rate_uniform_schedule_normal_seed_40.csv
cnn2_c4_c8,4,8,c4c8,weight_decay,41,16,16,rate_uniform,0.0,98.56,mnist-checkpoints/cnn2_c4_c8_L[16]_strict_seed41_ablation_wd_l16_cnn2_c4_c8.pth,noise3_exp/cnn_strict_seed_three_regs_noise_sweep_rate_uniform_L16_T16/cnn2_c4_c8/weight_decay/seed_41/noise_sweep_matrix_mnist_cnn2_c4_c8_T16_mode_rate_uniform_schedule_normal_seed_41.csv
cnn2_c4_c8,4,8,c4c8,weight_decay,41,16,16,rate_uniform,0.05,98.41,mnist-checkpoints/cnn2_c4_c8_L[16]_strict_seed41_ablation_wd_l16_cnn2_c4_c8.pth,noise3_exp/cnn_strict_seed_three_regs_noise_sweep_rate_uniform_L16_T16/cnn2_c4_c8/weight_decay/seed_41/noise_sweep_matrix_mnist_cnn2_c4_c8_T16_mode_rate_uniform_schedule_normal_seed_41.csv
cnn2_c4_c8,4,8,c4c8,weight_decay,41,16,16,rate_uniform,0.1,97.65,mnist-checkpoints/cnn2_c4_c8_L[16]_strict_seed41_ablation_wd_l16_cnn2_c4_c8.pth,noise3_exp/cnn_strict_seed_three_regs_noise_sweep_rate_uniform_L16_T16/cnn2_c4_c8/weight_decay/seed_41/noise_sweep_matrix_mnist_cnn2_c4_c8_T16_mode_rate_uniform_schedule_normal_seed_41.csv
cnn2_c4_c8,4,8,c4c8,weight_decay,41,16,16,rate_uniform,0.15,96.58,mnist-checkpoints/cnn2_c4_c8_L[16]_strict_seed41_ablation_wd_l16_cnn2_c4_c8.pth,noise3_exp/cnn_strict_seed_three_regs_noise_sweep_rate_uniform_L16_T16/cnn2_c4_c8/weight_decay/seed_41/noise_sweep_matrix_mnist_cnn2_c4_c8_T16_mode_rate_uniform_schedule_normal_seed_41.csv
cnn2_c4_c8,4,8,c4c8,weight_decay,41,16,16,rate_uniform,0.2,94.38,mnist-checkpoints/cnn2_c4_c8_L[16]_strict_seed41_ablation_wd_l16_cnn2_c4_c8.pth,noise3_exp/cnn_strict_seed_three_regs_noise_sweep_rate_uniform_L16_T16/cnn2_c4_c8/weight_decay/seed_41/noise_sweep_matrix_mnist_cnn2_c4_c8_T16_mode_rate_uniform_schedule_normal_seed_41.csv
cnn2_c4_c8,4,8,c4c8,weight_decay,41,16,16,rate_uniform,0.25,91.65,mnist-checkpoints/cnn2_c4_c8_L[16]_strict_seed41_ablation_wd_l16_cnn2_c4_c8.pth,noise3_exp/cnn_strict_seed_three_regs_noise_sweep_rate_uniform_L16_T16/cnn2_c4_c8/weight_decay/seed_41/noise_sweep_matrix_mnist_cnn2_c4_c8_T16_mode_rate_uniform_schedule_normal_seed_41.csv
cnn2_c4_c8,4,8,c4c8,weight_decay,41,16,16,rate_uniform,0.3,88.54,mnist-checkpoints/cnn2_c4_c8_L[16]_strict_seed41_ablation_wd_l16_cnn2_c4_c8.pth,noise3_exp/cnn_strict_seed_three_regs_noise_sweep_rate_uniform_L16_T16/cnn2_c4_c8/weight_decay/seed_41/noise_sweep_matrix_mnist_cnn2_c4_c8_T16_mode_rate_uniform_schedule_normal_seed_41.csv
cnn2_c4_c8,4,8,c4c8,weight_decay,41,16,16,rate_uniform,0.35,85.76,mnist-checkpoints/cnn2_c4_c8_L[16]_strict_seed41_ablation_wd_l16_cnn2_c4_c8.pth,noise3_exp/cnn_strict_seed_three_regs_noise_sweep_rate_uniform_L16_T16/cnn2_c4_c8/weight_decay/seed_41/noise_sweep_matrix_mnist_cnn2_c4_c8_T16_mode_rate_uniform_schedule_normal_seed_41.csv
cnn2_c4_c8,4,8,c4c8,weight_decay,41,16,16,rate_uniform,0.4,83.03,mnist-checkpoints/cnn2_c4_c8_L[16]_strict_seed41_ablation_wd_l16_cnn2_c4_c8.pth,noise3_exp/cnn_strict_seed_three_regs_noise_sweep_rate_uniform_L16_T16/cnn2_c4_c8/weight_decay/seed_41/noise_sweep_matrix_mnist_cnn2_c4_c8_T16_mode_rate_uniform_schedule_normal_seed_41.csv
cnn2_c4_c8,4,8,c4c8,weight_decay,41,16,16,rate_uniform,0.45,80.36,mnist-checkpoints/cnn2_c4_c8_L[16]_strict_seed41_ablation_wd_l16_cnn2_c4_c8.pth,noise3_exp/cnn_strict_seed_three_regs_noise_sweep_rate_uniform_L16_T16/cnn2_c4_c8/weight_decay/seed_41/noise_sweep_matrix_mnist_cnn2_c4_c8_T16_mode_rate_uniform_schedule_normal_seed_41.csv
cnn2_c4_c8,4,8,c4c8,weight_decay,41,16,16,rate_uniform,0.5,77.97,mnist-checkpoints/cnn2_c4_c8_L[16]_strict_seed41_ablation_wd_l16_cnn2_c4_c8.pth,noise3_exp/cnn_strict_seed_three_regs_noise_sweep_rate_uniform_L16_T16/cnn2_c4_c8/weight_decay/seed_41/noise_sweep_matrix_mnist_cnn2_c4_c8_T16_mode_rate_uniform_schedule_normal_seed_41.csv
cnn2_c4_c8,4,8,c4c8,weight_decay,41,16,16,rate_uniform,0.55,75.49,mnist-checkpoints/cnn2_c4_c8_L[16]_strict_seed41_ablation_wd_l16_cnn2_c4_c8.pth,noise3_exp/cnn_strict_seed_three_regs_noise_sweep_rate_uniform_L16_T16/cnn2_c4_c8/weight_decay/seed_41/noise_sweep_matrix_mnist_cnn2_c4_c8_T16_mode_rate_uniform_schedule_normal_seed_41.csv
cnn2_c4_c8,4,8,c4c8,weight_decay,41,16,16,rate_uniform,0.6,73.47,mnist-checkpoints/cnn2_c4_c8_L[16]_strict_seed41_ablation_wd_l16_cnn2_c4_c8.pth,noise3_exp/cnn_strict_seed_three_regs_noise_sweep_rate_uniform_L16_T16/cnn2_c4_c8/weight_decay/seed_41/noise_sweep_matrix_mnist_cnn2_c4_c8_T16_mode_rate_uniform_schedule_normal_seed_41.csv
cnn2_c4_c8,4,8,c4c8,weight_decay,41,16,16,rate_uniform,0.65,71.4,mnist-checkpoints/cnn2_c4_c8_L[16]_strict_seed41_ablation_wd_l16_cnn2_c4_c8.pth,noise3_exp/cnn_strict_seed_three_regs_noise_sweep_rate_uniform_L16_T16/cnn2_c4_c8/weight_decay/seed_41/noise_sweep_matrix_mnist_cnn2_c4_c8_T16_mode_rate_uniform_schedule_normal_seed_41.csv
cnn2_c4_c8,4,8,c4c8,weight_decay,41,16,16,rate_uniform,0.7,69.05,mnist-checkpoints/cnn2_c4_c8_L[16]_strict_seed41_ablation_wd_l16_cnn2_c4_c8.pth,noise3_exp/cnn_strict_seed_three_regs_noise_sweep_rate_uniform_L16_T16/cnn2_c4_c8/weight_decay/seed_41/noise_sweep_matrix_mnist_cnn2_c4_c8_T16_mode_rate_uniform_schedule_normal_seed_41.csv
cnn2_c4_c8,4,8,c4c8,weight_decay,41,16,16,rate_uniform,0.75,67.57,mnist-checkpoints/cnn2_c4_c8_L[16]_strict_seed41_ablation_wd_l16_cnn2_c4_c8.pth,noise3_exp/cnn_strict_seed_three_regs_noise_sweep_rate_uniform_L16_T16/cnn2_c4_c8/weight_decay/seed_41/noise_sweep_matrix_mnist_cnn2_c4_c8_T16_mode_rate_uniform_schedule_normal_seed_41.csv
cnn2_c4_c8,4,8,c4c8,weight_decay,41,16,16,rate_uniform,0.8,64.88,mnist-checkpoints/cnn2_c4_c8_L[16]_strict_seed41_ablation_wd_l16_cnn2_c4_c8.pth,noise3_exp/cnn_strict_seed_three_regs_noise_sweep_rate_uniform_L16_T16/cnn2_c4_c8/weight_decay/seed_41/noise_sweep_matrix_mnist_cnn2_c4_c8_T16_mode_rate_uniform_schedule_normal_seed_41.csv
cnn2_c4_c8,4,8,c4c8,weight_decay,41,16,16,rate_uniform,0.85,63.08,mnist-checkpoints/cnn2_c4_c8_L[16]_strict_seed41_ablation_wd_l16_cnn2_c4_c8.pth,noise3_exp/cnn_strict_seed_three_regs_noise_sweep_rate_uniform_L16_T16/cnn2_c4_c8/weight_decay/seed_41/noise_sweep_matrix_mnist_cnn2_c4_c8_T16_mode_rate_uniform_schedule_normal_seed_41.csv
cnn2_c4_c8,4,8,c4c8,weight_decay,41,16,16,rate_uniform,0.9,61.73,mnist-checkpoints/cnn2_c4_c8_L[16]_strict_seed41_ablation_wd_l16_cnn2_c4_c8.pth,noise3_exp/cnn_strict_seed_three_regs_noise_sweep_rate_uniform_L16_T16/cnn2_c4_c8/weight_decay/seed_41/noise_sweep_matrix_mnist_cnn2_c4_c8_T16_mode_rate_uniform_schedule_normal_seed_41.csv
cnn2_c4_c8,4,8,c4c8,weight_decay,41,16,16,rate_uniform,0.95,60.42,mnist-checkpoints/cnn2_c4_c8_L[16]_strict_seed41_ablation_wd_l16_cnn2_c4_c8.pth,noise3_exp/cnn_strict_seed_three_regs_noise_sweep_rate_uniform_L16_T16/cnn2_c4_c8/weight_decay/seed_41/noise_sweep_matrix_mnist_cnn2_c4_c8_T16_mode_rate_uniform_schedule_normal_seed_41.csv
cnn2_c4_c8,4,8,c4c8,weight_decay,41,16,16,rate_uniform,1.0,58.8,mnist-checkpoints/cnn2_c4_c8_L[16]_strict_seed41_ablation_wd_l16_cnn2_c4_c8.pth,noise3_exp/cnn_strict_seed_three_regs_noise_sweep_rate_uniform_L16_T16/cnn2_c4_c8/weight_decay/seed_41/noise_sweep_matrix_mnist_cnn2_c4_c8_T16_mode_rate_uniform_schedule_normal_seed_41.csv
cnn2_c4_c8,4,8,c4c8,weight_decay,42,16,16,rate_uniform,0.0,98.47,mnist-checkpoints/cnn2_c4_c8_L[16]_strict_seed42_ablation_wd_l16_cnn2_c4_c8.pth,noise3_exp/cnn_strict_seed_three_regs_noise_sweep_rate_uniform_L16_T16/cnn2_c4_c8/weight_decay/seed_42/noise_sweep_matrix_mnist_cnn2_c4_c8_T16_mode_rate_uniform_schedule_normal_seed_42.csv
cnn2_c4_c8,4,8,c4c8,weight_decay,42,16,16,rate_uniform,0.05,98.0,mnist-checkpoints/cnn2_c4_c8_L[16]_strict_seed42_ablation_wd_l16_cnn2_c4_c8.pth,noise3_exp/cnn_strict_seed_three_regs_noise_sweep_rate_uniform_L16_T16/cnn2_c4_c8/weight_decay/seed_42/noise_sweep_matrix_mnist_cnn2_c4_c8_T16_mode_rate_uniform_schedule_normal_seed_42.csv
cnn2_c4_c8,4,8,c4c8,weight_decay,42,16,16,rate_uniform,0.1,97.67,mnist-checkpoints/cnn2_c4_c8_L[16]_strict_seed42_ablation_wd_l16_cnn2_c4_c8.pth,noise3_exp/cnn_strict_seed_three_regs_noise_sweep_rate_uniform_L16_T16/cnn2_c4_c8/weight_decay/seed_42/noise_sweep_matrix_mnist_cnn2_c4_c8_T16_mode_rate_uniform_schedule_normal_seed_42.csv
cnn2_c4_c8,4,8,c4c8,weight_decay,42,16,16,rate_uniform,0.15,96.49,mnist-checkpoints/cnn2_c4_c8_L[16]_strict_seed42_ablation_wd_l16_cnn2_c4_c8.pth,noise3_exp/cnn_strict_seed_three_regs_noise_sweep_rate_uniform_L16_T16/cnn2_c4_c8/weight_decay/seed_42/noise_sweep_matrix_mnist_cnn2_c4_c8_T16_mode_rate_uniform_schedule_normal_seed_42.csv
cnn2_c4_c8,4,8,c4c8,weight_decay,42,16,16,rate_uniform,0.2,95.08,mnist-checkpoints/cnn2_c4_c8_L[16]_strict_seed42_ablation_wd_l16_cnn2_c4_c8.pth,noise3_exp/cnn_strict_seed_three_regs_noise_sweep_rate_uniform_L16_T16/cnn2_c4_c8/weight_decay/seed_42/noise_sweep_matrix_mnist_cnn2_c4_c8_T16_mode_rate_uniform_schedule_normal_seed_42.csv
cnn2_c4_c8,4,8,c4c8,weight_decay,42,16,16,rate_uniform,0.25,94.47,mnist-checkpoints/cnn2_c4_c8_L[16]_strict_seed42_ablation_wd_l16_cnn2_c4_c8.pth,noise3_exp/cnn_strict_seed_three_regs_noise_sweep_rate_uniform_L16_T16/cnn2_c4_c8/weight_decay/seed_42/noise_sweep_matrix_mnist_cnn2_c4_c8_T16_mode_rate_uniform_schedule_normal_seed_42.csv
cnn2_c4_c8,4,8,c4c8,weight_decay,42,16,16,rate_uniform,0.3,93.78,mnist-checkpoints/cnn2_c4_c8_L[16]_strict_seed42_ablation_wd_l16_cnn2_c4_c8.pth,noise3_exp/cnn_strict_seed_three_regs_noise_sweep_rate_uniform_L16_T16/cnn2_c4_c8/weight_decay/seed_42/noise_sweep_matrix_mnist_cnn2_c4_c8_T16_mode_rate_uniform_schedule_normal_seed_42.csv
cnn2_c4_c8,4,8,c4c8,weight_decay,42,16,16,rate_uniform,0.35,93.35,mnist-checkpoints/cnn2_c4_c8_L[16]_strict_seed42_ablation_wd_l16_cnn2_c4_c8.pth,noise3_exp/cnn_strict_seed_three_regs_noise_sweep_rate_uniform_L16_T16/cnn2_c4_c8/weight_decay/seed_42/noise_sweep_matrix_mnist_cnn2_c4_c8_T16_mode_rate_uniform_schedule_normal_seed_42.csv
cnn2_c4_c8,4,8,c4c8,weight_decay,42,16,16,rate_uniform,0.4,92.52,mnist-checkpoints/cnn2_c4_c8_L[16]_strict_seed42_ablation_wd_l16_cnn2_c4_c8.pth,noise3_exp/cnn_strict_seed_three_regs_noise_sweep_rate_uniform_L16_T16/cnn2_c4_c8/weight_decay/seed_42/noise_sweep_matrix_mnist_cnn2_c4_c8_T16_mode_rate_uniform_schedule_normal_seed_42.csv
cnn2_c4_c8,4,8,c4c8,weight_decay,42,16,16,rate_uniform,0.45,92.0,mnist-checkpoints/cnn2_c4_c8_L[16]_strict_seed42_ablation_wd_l16_cnn2_c4_c8.pth,noise3_exp/cnn_strict_seed_three_regs_noise_sweep_rate_uniform_L16_T16/cnn2_c4_c8/weight_decay/seed_42/noise_sweep_matrix_mnist_cnn2_c4_c8_T16_mode_rate_uniform_schedule_normal_seed_42.csv
cnn2_c4_c8,4,8,c4c8,weight_decay,42,16,16,rate_uniform,0.5,91.41,mnist-checkpoints/cnn2_c4_c8_L[16]_strict_seed42_ablation_wd_l16_cnn2_c4_c8.pth,noise3_exp/cnn_strict_seed_three_regs_noise_sweep_rate_uniform_L16_T16/cnn2_c4_c8/weight_decay/seed_42/noise_sweep_matrix_mnist_cnn2_c4_c8_T16_mode_rate_uniform_schedule_normal_seed_42.csv
cnn2_c4_c8,4,8,c4c8,weight_decay,42,16,16,rate_uniform,0.55,90.45,mnist-checkpoints/cnn2_c4_c8_L[16]_strict_seed42_ablation_wd_l16_cnn2_c4_c8.pth,noise3_exp/cnn_strict_seed_three_regs_noise_sweep_rate_uniform_L16_T16/cnn2_c4_c8/weight_decay/seed_42/noise_sweep_matrix_mnist_cnn2_c4_c8_T16_mode_rate_uniform_schedule_normal_seed_42.csv
cnn2_c4_c8,4,8,c4c8,weight_decay,42,16,16,rate_uniform,0.6,89.59,mnist-checkpoints/cnn2_c4_c8_L[16]_strict_seed42_ablation_wd_l16_cnn2_c4_c8.pth,noise3_exp/cnn_strict_seed_three_regs_noise_sweep_rate_uniform_L16_T16/cnn2_c4_c8/weight_decay/seed_42/noise_sweep_matrix_mnist_cnn2_c4_c8_T16_mode_rate_uniform_schedule_normal_seed_42.csv
cnn2_c4_c8,4,8,c4c8,weight_decay,42,16,16,rate_uniform,0.65,88.95,mnist-checkpoints/cnn2_c4_c8_L[16]_strict_seed42_ablation_wd_l16_cnn2_c4_c8.pth,noise3_exp/cnn_strict_seed_three_regs_noise_sweep_rate_uniform_L16_T16/cnn2_c4_c8/weight_decay/seed_42/noise_sweep_matrix_mnist_cnn2_c4_c8_T16_mode_rate_uniform_schedule_normal_seed_42.csv
cnn2_c4_c8,4,8,c4c8,weight_decay,42,16,16,rate_uniform,0.7,87.8,mnist-checkpoints/cnn2_c4_c8_L[16]_strict_seed42_ablation_wd_l16_cnn2_c4_c8.pth,noise3_exp/cnn_strict_seed_three_regs_noise_sweep_rate_uniform_L16_T16/cnn2_c4_c8/weight_decay/seed_42/noise_sweep_matrix_mnist_cnn2_c4_c8_T16_mode_rate_uniform_schedule_normal_seed_42.csv
cnn2_c4_c8,4,8,c4c8,weight_decay,42,16,16,rate_uniform,0.75,86.91,mnist-checkpoints/cnn2_c4_c8_L[16]_strict_seed42_ablation_wd_l16_cnn2_c4_c8.pth,noise3_exp/cnn_strict_seed_three_regs_noise_sweep_rate_uniform_L16_T16/cnn2_c4_c8/weight_decay/seed_42/noise_sweep_matrix_mnist_cnn2_c4_c8_T16_mode_rate_uniform_schedule_normal_seed_42.csv
cnn2_c4_c8,4,8,c4c8,weight_decay,42,16,16,rate_uniform,0.8,85.84,mnist-checkpoints/cnn2_c4_c8_L[16]_strict_seed42_ablation_wd_l16_cnn2_c4_c8.pth,noise3_exp/cnn_strict_seed_three_regs_noise_sweep_rate_uniform_L16_T16/cnn2_c4_c8/weight_decay/seed_42/noise_sweep_matrix_mnist_cnn2_c4_c8_T16_mode_rate_uniform_schedule_normal_seed_42.csv
cnn2_c4_c8,4,8,c4c8,weight_decay,42,16,16,rate_uniform,0.85,85.22,mnist-checkpoints/cnn2_c4_c8_L[16]_strict_seed42_ablation_wd_l16_cnn2_c4_c8.pth,noise3_exp/cnn_strict_seed_three_regs_noise_sweep_rate_uniform_L16_T16/cnn2_c4_c8/weight_decay/seed_42/noise_sweep_matrix_mnist_cnn2_c4_c8_T16_mode_rate_uniform_schedule_normal_seed_42.csv
cnn2_c4_c8,4,8,c4c8,weight_decay,42,16,16,rate_uniform,0.9,83.85,mnist-checkpoints/cnn2_c4_c8_L[16]_strict_seed42_ablation_wd_l16_cnn2_c4_c8.pth,noise3_exp/cnn_strict_seed_three_regs_noise_sweep_rate_uniform_L16_T16/cnn2_c4_c8/weight_decay/seed_42/noise_sweep_matrix_mnist_cnn2_c4_c8_T16_mode_rate_uniform_schedule_normal_seed_42.csv
cnn2_c4_c8,4,8,c4c8,weight_decay,42,16,16,rate_uniform,0.95,82.9,mnist-checkpoints/cnn2_c4_c8_L[16]_strict_seed42_ablation_wd_l16_cnn2_c4_c8.pth,noise3_exp/cnn_strict_seed_three_regs_noise_sweep_rate_uniform_L16_T16/cnn2_c4_c8/weight_decay/seed_42/noise_sweep_matrix_mnist_cnn2_c4_c8_T16_mode_rate_uniform_schedule_normal_seed_42.csv
cnn2_c4_c8,4,8,c4c8,weight_decay,42,16,16,rate_uniform,1.0,81.96,mnist-checkpoints/cnn2_c4_c8_L[16]_strict_seed42_ablation_wd_l16_cnn2_c4_c8.pth,noise3_exp/cnn_strict_seed_three_regs_noise_sweep_rate_uniform_L16_T16/cnn2_c4_c8/weight_decay/seed_42/noise_sweep_matrix_mnist_cnn2_c4_c8_T16_mode_rate_uniform_schedule_normal_seed_42.csv
cnn2_c4_c8,4,8,c4c8,weight_decay,43,16,16,rate_uniform,0.0,98.43,mnist-checkpoints/cnn2_c4_c8_L[16]_strict_seed43_ablation_wd_l16_cnn2_c4_c8.pth,noise3_exp/cnn_strict_seed_three_regs_noise_sweep_rate_uniform_L16_T16/cnn2_c4_c8/weight_decay/seed_43/noise_sweep_matrix_mnist_cnn2_c4_c8_T16_mode_rate_uniform_schedule_normal_seed_43.csv
cnn2_c4_c8,4,8,c4c8,weight_decay,43,16,16,rate_uniform,0.05,98.41,mnist-checkpoints/cnn2_c4_c8_L[16]_strict_seed43_ablation_wd_l16_cnn2_c4_c8.pth,noise3_exp/cnn_strict_seed_three_regs_noise_sweep_rate_uniform_L16_T16/cnn2_c4_c8/weight_decay/seed_43/noise_sweep_matrix_mnist_cnn2_c4_c8_T16_mode_rate_uniform_schedule_normal_seed_43.csv
cnn2_c4_c8,4,8,c4c8,weight_decay,43,16,16,rate_uniform,0.1,98.52,mnist-checkpoints/cnn2_c4_c8_L[16]_strict_seed43_ablation_wd_l16_cnn2_c4_c8.pth,noise3_exp/cnn_strict_seed_three_regs_noise_sweep_rate_uniform_L16_T16/cnn2_c4_c8/weight_decay/seed_43/noise_sweep_matrix_mnist_cnn2_c4_c8_T16_mode_rate_uniform_schedule_normal_seed_43.csv
cnn2_c4_c8,4,8,c4c8,weight_decay,43,16,16,rate_uniform,0.15,98.39,mnist-checkpoints/cnn2_c4_c8_L[16]_strict_seed43_ablation_wd_l16_cnn2_c4_c8.pth,noise3_exp/cnn_strict_seed_three_regs_noise_sweep_rate_uniform_L16_T16/cnn2_c4_c8/weight_decay/seed_43/noise_sweep_matrix_mnist_cnn2_c4_c8_T16_mode_rate_uniform_schedule_normal_seed_43.csv
cnn2_c4_c8,4,8,c4c8,weight_decay,43,16,16,rate_uniform,0.2,98.36,mnist-checkpoints/cnn2_c4_c8_L[16]_strict_seed43_ablation_wd_l16_cnn2_c4_c8.pth,noise3_exp/cnn_strict_seed_three_regs_noise_sweep_rate_uniform_L16_T16/cnn2_c4_c8/weight_decay/seed_43/noise_sweep_matrix_mnist_cnn2_c4_c8_T16_mode_rate_uniform_schedule_normal_seed_43.csv
cnn2_c4_c8,4,8,c4c8,weight_decay,43,16,16,rate_uniform,0.25,98.32,mnist-checkpoints/cnn2_c4_c8_L[16]_strict_seed43_ablation_wd_l16_cnn2_c4_c8.pth,noise3_exp/cnn_strict_seed_three_regs_noise_sweep_rate_uniform_L16_T16/cnn2_c4_c8/weight_decay/seed_43/noise_sweep_matrix_mnist_cnn2_c4_c8_T16_mode_rate_uniform_schedule_normal_seed_43.csv
cnn2_c4_c8,4,8,c4c8,weight_decay,43,16,16,rate_uniform,0.3,98.44,mnist-checkpoints/cnn2_c4_c8_L[16]_strict_seed43_ablation_wd_l16_cnn2_c4_c8.pth,noise3_exp/cnn_strict_seed_three_regs_noise_sweep_rate_uniform_L16_T16/cnn2_c4_c8/weight_decay/seed_43/noise_sweep_matrix_mnist_cnn2_c4_c8_T16_mode_rate_uniform_schedule_normal_seed_43.csv
cnn2_c4_c8,4,8,c4c8,weight_decay,43,16,16,rate_uniform,0.35,98.32,mnist-checkpoints/cnn2_c4_c8_L[16]_strict_seed43_ablation_wd_l16_cnn2_c4_c8.pth,noise3_exp/cnn_strict_seed_three_regs_noise_sweep_rate_uniform_L16_T16/cnn2_c4_c8/weight_decay/seed_43/noise_sweep_matrix_mnist_cnn2_c4_c8_T16_mode_rate_uniform_schedule_normal_seed_43.csv
cnn2_c4_c8,4,8,c4c8,weight_decay,43,16,16,rate_uniform,0.4,98.31,mnist-checkpoints/cnn2_c4_c8_L[16]_strict_seed43_ablation_wd_l16_cnn2_c4_c8.pth,noise3_exp/cnn_strict_seed_three_regs_noise_sweep_rate_uniform_L16_T16/cnn2_c4_c8/weight_decay/seed_43/noise_sweep_matrix_mnist_cnn2_c4_c8_T16_mode_rate_uniform_schedule_normal_seed_43.csv
cnn2_c4_c8,4,8,c4c8,weight_decay,43,16,16,rate_uniform,0.45,98.26,mnist-checkpoints/cnn2_c4_c8_L[16]_strict_seed43_ablation_wd_l16_cnn2_c4_c8.pth,noise3_exp/cnn_strict_seed_three_regs_noise_sweep_rate_uniform_L16_T16/cnn2_c4_c8/weight_decay/seed_43/noise_sweep_matrix_mnist_cnn2_c4_c8_T16_mode_rate_uniform_schedule_normal_seed_43.csv
cnn2_c4_c8,4,8,c4c8,weight_decay,43,16,16,rate_uniform,0.5,98.24,mnist-checkpoints/cnn2_c4_c8_L[16]_strict_seed43_ablation_wd_l16_cnn2_c4_c8.pth,noise3_exp/cnn_strict_seed_three_regs_noise_sweep_rate_uniform_L16_T16/cnn2_c4_c8/weight_decay/seed_43/noise_sweep_matrix_mnist_cnn2_c4_c8_T16_mode_rate_uniform_schedule_normal_seed_43.csv
cnn2_c4_c8,4,8,c4c8,weight_decay,43,16,16,rate_uniform,0.55,98.09,mnist-checkpoints/cnn2_c4_c8_L[16]_strict_seed43_ablation_wd_l16_cnn2_c4_c8.pth,noise3_exp/cnn_strict_seed_three_regs_noise_sweep_rate_uniform_L16_T16/cnn2_c4_c8/weight_decay/seed_43/noise_sweep_matrix_mnist_cnn2_c4_c8_T16_mode_rate_uniform_schedule_normal_seed_43.csv
cnn2_c4_c8,4,8,c4c8,weight_decay,43,16,16,rate_uniform,0.6,98.13,mnist-checkpoints/cnn2_c4_c8_L[16]_strict_seed43_ablation_wd_l16_cnn2_c4_c8.pth,noise3_exp/cnn_strict_seed_three_regs_noise_sweep_rate_uniform_L16_T16/cnn2_c4_c8/weight_decay/seed_43/noise_sweep_matrix_mnist_cnn2_c4_c8_T16_mode_rate_uniform_schedule_normal_seed_43.csv
cnn2_c4_c8,4,8,c4c8,weight_decay,43,16,16,rate_uniform,0.65,98.07,mnist-checkpoints/cnn2_c4_c8_L[16]_strict_seed43_ablation_wd_l16_cnn2_c4_c8.pth,noise3_exp/cnn_strict_seed_three_regs_noise_sweep_rate_uniform_L16_T16/cnn2_c4_c8/weight_decay/seed_43/noise_sweep_matrix_mnist_cnn2_c4_c8_T16_mode_rate_uniform_schedule_normal_seed_43.csv
cnn2_c4_c8,4,8,c4c8,weight_decay,43,16,16,rate_uniform,0.7,98.09,mnist-checkpoints/cnn2_c4_c8_L[16]_strict_seed43_ablation_wd_l16_cnn2_c4_c8.pth,noise3_exp/cnn_strict_seed_three_regs_noise_sweep_rate_uniform_L16_T16/cnn2_c4_c8/weight_decay/seed_43/noise_sweep_matrix_mnist_cnn2_c4_c8_T16_mode_rate_uniform_schedule_normal_seed_43.csv
cnn2_c4_c8,4,8,c4c8,weight_decay,43,16,16,rate_uniform,0.75,97.97,mnist-checkpoints/cnn2_c4_c8_L[16]_strict_seed43_ablation_wd_l16_cnn2_c4_c8.pth,noise3_exp/cnn_strict_seed_three_regs_noise_sweep_rate_uniform_L16_T16/cnn2_c4_c8/weight_decay/seed_43/noise_sweep_matrix_mnist_cnn2_c4_c8_T16_mode_rate_uniform_schedule_normal_seed_43.csv
cnn2_c4_c8,4,8,c4c8,weight_decay,43,16,16,rate_uniform,0.8,97.92,mnist-checkpoints/cnn2_c4_c8_L[16]_strict_seed43_ablation_wd_l16_cnn2_c4_c8.pth,noise3_exp/cnn_strict_seed_three_regs_noise_sweep_rate_uniform_L16_T16/cnn2_c4_c8/weight_decay/seed_43/noise_sweep_matrix_mnist_cnn2_c4_c8_T16_mode_rate_uniform_schedule_normal_seed_43.csv
cnn2_c4_c8,4,8,c4c8,weight_decay,43,16,16,rate_uniform,0.85,97.75,mnist-checkpoints/cnn2_c4_c8_L[16]_strict_seed43_ablation_wd_l16_cnn2_c4_c8.pth,noise3_exp/cnn_strict_seed_three_regs_noise_sweep_rate_uniform_L16_T16/cnn2_c4_c8/weight_decay/seed_43/noise_sweep_matrix_mnist_cnn2_c4_c8_T16_mode_rate_uniform_schedule_normal_seed_43.csv
cnn2_c4_c8,4,8,c4c8,weight_decay,43,16,16,rate_uniform,0.9,97.51,mnist-checkpoints/cnn2_c4_c8_L[16]_strict_seed43_ablation_wd_l16_cnn2_c4_c8.pth,noise3_exp/cnn_strict_seed_three_regs_noise_sweep_rate_uniform_L16_T16/cnn2_c4_c8/weight_decay/seed_43/noise_sweep_matrix_mnist_cnn2_c4_c8_T16_mode_rate_uniform_schedule_normal_seed_43.csv
cnn2_c4_c8,4,8,c4c8,weight_decay,43,16,16,rate_uniform,0.95,97.27,mnist-checkpoints/cnn2_c4_c8_L[16]_strict_seed43_ablation_wd_l16_cnn2_c4_c8.pth,noise3_exp/cnn_strict_seed_three_regs_noise_sweep_rate_uniform_L16_T16/cnn2_c4_c8/weight_decay/seed_43/noise_sweep_matrix_mnist_cnn2_c4_c8_T16_mode_rate_uniform_schedule_normal_seed_43.csv
cnn2_c4_c8,4,8,c4c8,weight_decay,43,16,16,rate_uniform,1.0,96.87,mnist-checkpoints/cnn2_c4_c8_L[16]_strict_seed43_ablation_wd_l16_cnn2_c4_c8.pth,noise3_exp/cnn_strict_seed_three_regs_noise_sweep_rate_uniform_L16_T16/cnn2_c4_c8/weight_decay/seed_43/noise_sweep_matrix_mnist_cnn2_c4_c8_T16_mode_rate_uniform_schedule_normal_seed_43.csv
cnn2_c4_c8,4,8,c4c8,weight_decay,44,16,16,rate_uniform,0.0,98.33,mnist-checkpoints/cnn2_c4_c8_L[16]_strict_seed44_ablation_wd_l16_cnn2_c4_c8.pth,noise3_exp/cnn_strict_seed_three_regs_noise_sweep_rate_uniform_L16_T16/cnn2_c4_c8/weight_decay/seed_44/noise_sweep_matrix_mnist_cnn2_c4_c8_T16_mode_rate_uniform_schedule_normal_seed_44.csv
cnn2_c4_c8,4,8,c4c8,weight_decay,44,16,16,rate_uniform,0.05,98.15,mnist-checkpoints/cnn2_c4_c8_L[16]_strict_seed44_ablation_wd_l16_cnn2_c4_c8.pth,noise3_exp/cnn_strict_seed_three_regs_noise_sweep_rate_uniform_L16_T16/cnn2_c4_c8/weight_decay/seed_44/noise_sweep_matrix_mnist_cnn2_c4_c8_T16_mode_rate_uniform_schedule_normal_seed_44.csv
cnn2_c4_c8,4,8,c4c8,weight_decay,44,16,16,rate_uniform,0.1,98.1,mnist-checkpoints/cnn2_c4_c8_L[16]_strict_seed44_ablation_wd_l16_cnn2_c4_c8.pth,noise3_exp/cnn_strict_seed_three_regs_noise_sweep_rate_uniform_L16_T16/cnn2_c4_c8/weight_decay/seed_44/noise_sweep_matrix_mnist_cnn2_c4_c8_T16_mode_rate_uniform_schedule_normal_seed_44.csv
cnn2_c4_c8,4,8,c4c8,weight_decay,44,16,16,rate_uniform,0.15,97.85,mnist-checkpoints/cnn2_c4_c8_L[16]_strict_seed44_ablation_wd_l16_cnn2_c4_c8.pth,noise3_exp/cnn_strict_seed_three_regs_noise_sweep_rate_uniform_L16_T16/cnn2_c4_c8/weight_decay/seed_44/noise_sweep_matrix_mnist_cnn2_c4_c8_T16_mode_rate_uniform_schedule_normal_seed_44.csv
cnn2_c4_c8,4,8,c4c8,weight_decay,44,16,16,rate_uniform,0.2,97.9,mnist-checkpoints/cnn2_c4_c8_L[16]_strict_seed44_ablation_wd_l16_cnn2_c4_c8.pth,noise3_exp/cnn_strict_seed_three_regs_noise_sweep_rate_uniform_L16_T16/cnn2_c4_c8/weight_decay/seed_44/noise_sweep_matrix_mnist_cnn2_c4_c8_T16_mode_rate_uniform_schedule_normal_seed_44.csv
cnn2_c4_c8,4,8,c4c8,weight_decay,44,16,16,rate_uniform,0.25,97.77,mnist-checkpoints/cnn2_c4_c8_L[16]_strict_seed44_ablation_wd_l16_cnn2_c4_c8.pth,noise3_exp/cnn_strict_seed_three_regs_noise_sweep_rate_uniform_L16_T16/cnn2_c4_c8/weight_decay/seed_44/noise_sweep_matrix_mnist_cnn2_c4_c8_T16_mode_rate_uniform_schedule_normal_seed_44.csv
cnn2_c4_c8,4,8,c4c8,weight_decay,44,16,16,rate_uniform,0.3,97.88,mnist-checkpoints/cnn2_c4_c8_L[16]_strict_seed44_ablation_wd_l16_cnn2_c4_c8.pth,noise3_exp/cnn_strict_seed_three_regs_noise_sweep_rate_uniform_L16_T16/cnn2_c4_c8/weight_decay/seed_44/noise_sweep_matrix_mnist_cnn2_c4_c8_T16_mode_rate_uniform_schedule_normal_seed_44.csv
cnn2_c4_c8,4,8,c4c8,weight_decay,44,16,16,rate_uniform,0.35,97.71,mnist-checkpoints/cnn2_c4_c8_L[16]_strict_seed44_ablation_wd_l16_cnn2_c4_c8.pth,noise3_exp/cnn_strict_seed_three_regs_noise_sweep_rate_uniform_L16_T16/cnn2_c4_c8/weight_decay/seed_44/noise_sweep_matrix_mnist_cnn2_c4_c8_T16_mode_rate_uniform_schedule_normal_seed_44.csv
cnn2_c4_c8,4,8,c4c8,weight_decay,44,16,16,rate_uniform,0.4,97.74,mnist-checkpoints/cnn2_c4_c8_L[16]_strict_seed44_ablation_wd_l16_cnn2_c4_c8.pth,noise3_exp/cnn_strict_seed_three_regs_noise_sweep_rate_uniform_L16_T16/cnn2_c4_c8/weight_decay/seed_44/noise_sweep_matrix_mnist_cnn2_c4_c8_T16_mode_rate_uniform_schedule_normal_seed_44.csv
cnn2_c4_c8,4,8,c4c8,weight_decay,44,16,16,rate_uniform,0.45,97.57,mnist-checkpoints/cnn2_c4_c8_L[16]_strict_seed44_ablation_wd_l16_cnn2_c4_c8.pth,noise3_exp/cnn_strict_seed_three_regs_noise_sweep_rate_uniform_L16_T16/cnn2_c4_c8/weight_decay/seed_44/noise_sweep_matrix_mnist_cnn2_c4_c8_T16_mode_rate_uniform_schedule_normal_seed_44.csv
cnn2_c4_c8,4,8,c4c8,weight_decay,44,16,16,rate_uniform,0.5,97.61,mnist-checkpoints/cnn2_c4_c8_L[16]_strict_seed44_ablation_wd_l16_cnn2_c4_c8.pth,noise3_exp/cnn_strict_seed_three_regs_noise_sweep_rate_uniform_L16_T16/cnn2_c4_c8/weight_decay/seed_44/noise_sweep_matrix_mnist_cnn2_c4_c8_T16_mode_rate_uniform_schedule_normal_seed_44.csv
cnn2_c4_c8,4,8,c4c8,weight_decay,44,16,16,rate_uniform,0.55,97.53,mnist-checkpoints/cnn2_c4_c8_L[16]_strict_seed44_ablation_wd_l16_cnn2_c4_c8.pth,noise3_exp/cnn_strict_seed_three_regs_noise_sweep_rate_uniform_L16_T16/cnn2_c4_c8/weight_decay/seed_44/noise_sweep_matrix_mnist_cnn2_c4_c8_T16_mode_rate_uniform_schedule_normal_seed_44.csv
cnn2_c4_c8,4,8,c4c8,weight_decay,44,16,16,rate_uniform,0.6,97.44,mnist-checkpoints/cnn2_c4_c8_L[16]_strict_seed44_ablation_wd_l16_cnn2_c4_c8.pth,noise3_exp/cnn_strict_seed_three_regs_noise_sweep_rate_uniform_L16_T16/cnn2_c4_c8/weight_decay/seed_44/noise_sweep_matrix_mnist_cnn2_c4_c8_T16_mode_rate_uniform_schedule_normal_seed_44.csv
cnn2_c4_c8,4,8,c4c8,weight_decay,44,16,16,rate_uniform,0.65,97.4,mnist-checkpoints/cnn2_c4_c8_L[16]_strict_seed44_ablation_wd_l16_cnn2_c4_c8.pth,noise3_exp/cnn_strict_seed_three_regs_noise_sweep_rate_uniform_L16_T16/cnn2_c4_c8/weight_decay/seed_44/noise_sweep_matrix_mnist_cnn2_c4_c8_T16_mode_rate_uniform_schedule_normal_seed_44.csv
cnn2_c4_c8,4,8,c4c8,weight_decay,44,16,16,rate_uniform,0.7,97.36,mnist-checkpoints/cnn2_c4_c8_L[16]_strict_seed44_ablation_wd_l16_cnn2_c4_c8.pth,noise3_exp/cnn_strict_seed_three_regs_noise_sweep_rate_uniform_L16_T16/cnn2_c4_c8/weight_decay/seed_44/noise_sweep_matrix_mnist_cnn2_c4_c8_T16_mode_rate_uniform_schedule_normal_seed_44.csv
cnn2_c4_c8,4,8,c4c8,weight_decay,44,16,16,rate_uniform,0.75,97.06,mnist-checkpoints/cnn2_c4_c8_L[16]_strict_seed44_ablation_wd_l16_cnn2_c4_c8.pth,noise3_exp/cnn_strict_seed_three_regs_noise_sweep_rate_uniform_L16_T16/cnn2_c4_c8/weight_decay/seed_44/noise_sweep_matrix_mnist_cnn2_c4_c8_T16_mode_rate_uniform_schedule_normal_seed_44.csv
cnn2_c4_c8,4,8,c4c8,weight_decay,44,16,16,rate_uniform,0.8,96.99,mnist-checkpoints/cnn2_c4_c8_L[16]_strict_seed44_ablation_wd_l16_cnn2_c4_c8.pth,noise3_exp/cnn_strict_seed_three_regs_noise_sweep_rate_uniform_L16_T16/cnn2_c4_c8/weight_decay/seed_44/noise_sweep_matrix_mnist_cnn2_c4_c8_T16_mode_rate_uniform_schedule_normal_seed_44.csv
cnn2_c4_c8,4,8,c4c8,weight_decay,44,16,16,rate_uniform,0.85,96.84,mnist-checkpoints/cnn2_c4_c8_L[16]_strict_seed44_ablation_wd_l16_cnn2_c4_c8.pth,noise3_exp/cnn_strict_seed_three_regs_noise_sweep_rate_uniform_L16_T16/cnn2_c4_c8/weight_decay/seed_44/noise_sweep_matrix_mnist_cnn2_c4_c8_T16_mode_rate_uniform_schedule_normal_seed_44.csv
cnn2_c4_c8,4,8,c4c8,weight_decay,44,16,16,rate_uniform,0.9,96.81,mnist-checkpoints/cnn2_c4_c8_L[16]_strict_seed44_ablation_wd_l16_cnn2_c4_c8.pth,noise3_exp/cnn_strict_seed_three_regs_noise_sweep_rate_uniform_L16_T16/cnn2_c4_c8/weight_decay/seed_44/noise_sweep_matrix_mnist_cnn2_c4_c8_T16_mode_rate_uniform_schedule_normal_seed_44.csv
cnn2_c4_c8,4,8,c4c8,weight_decay,44,16,16,rate_uniform,0.95,96.5,mnist-checkpoints/cnn2_c4_c8_L[16]_strict_seed44_ablation_wd_l16_cnn2_c4_c8.pth,noise3_exp/cnn_strict_seed_three_regs_noise_sweep_rate_uniform_L16_T16/cnn2_c4_c8/weight_decay/seed_44/noise_sweep_matrix_mnist_cnn2_c4_c8_T16_mode_rate_uniform_schedule_normal_seed_44.csv
cnn2_c4_c8,4,8,c4c8,weight_decay,44,16,16,rate_uniform,1.0,96.09,mnist-checkpoints/cnn2_c4_c8_L[16]_strict_seed44_ablation_wd_l16_cnn2_c4_c8.pth,noise3_exp/cnn_strict_seed_three_regs_noise_sweep_rate_uniform_L16_T16/cnn2_c4_c8/weight_decay/seed_44/noise_sweep_matrix_mnist_cnn2_c4_c8_T16_mode_rate_uniform_schedule_normal_seed_44.csv
cnn2_c4_c8,4,8,c4c8,no_regularization,40,16,16,rate_uniform,0.0,98.12,mnist-checkpoints/cnn2_c4_c8_L[16]_strict_seed40_ablation_none_l16_cnn2_c4_c8.pth,noise3_exp/cnn_strict_seed_three_regs_noise_sweep_rate_uniform_L16_T16/cnn2_c4_c8/no_regularization/seed_40/noise_sweep_matrix_mnist_cnn2_c4_c8_T16_mode_rate_uniform_schedule_normal_seed_40.csv
cnn2_c4_c8,4,8,c4c8,no_regularization,40,16,16,rate_uniform,0.05,98.18,mnist-checkpoints/cnn2_c4_c8_L[16]_strict_seed40_ablation_none_l16_cnn2_c4_c8.pth,noise3_exp/cnn_strict_seed_three_regs_noise_sweep_rate_uniform_L16_T16/cnn2_c4_c8/no_regularization/seed_40/noise_sweep_matrix_mnist_cnn2_c4_c8_T16_mode_rate_uniform_schedule_normal_seed_40.csv
cnn2_c4_c8,4,8,c4c8,no_regularization,40,16,16,rate_uniform,0.1,98.36,mnist-checkpoints/cnn2_c4_c8_L[16]_strict_seed40_ablation_none_l16_cnn2_c4_c8.pth,noise3_exp/cnn_strict_seed_three_regs_noise_sweep_rate_uniform_L16_T16/cnn2_c4_c8/no_regularization/seed_40/noise_sweep_matrix_mnist_cnn2_c4_c8_T16_mode_rate_uniform_schedule_normal_seed_40.csv
cnn2_c4_c8,4,8,c4c8,no_regularization,40,16,16,rate_uniform,0.15,98.19,mnist-checkpoints/cnn2_c4_c8_L[16]_strict_seed40_ablation_none_l16_cnn2_c4_c8.pth,noise3_exp/cnn_strict_seed_three_regs_noise_sweep_rate_uniform_L16_T16/cnn2_c4_c8/no_regularization/seed_40/noise_sweep_matrix_mnist_cnn2_c4_c8_T16_mode_rate_uniform_schedule_normal_seed_40.csv
cnn2_c4_c8,4,8,c4c8,no_regularization,40,16,16,rate_uniform,0.2,98.12,mnist-checkpoints/cnn2_c4_c8_L[16]_strict_seed40_ablation_none_l16_cnn2_c4_c8.pth,noise3_exp/cnn_strict_seed_three_regs_noise_sweep_rate_uniform_L16_T16/cnn2_c4_c8/no_regularization/seed_40/noise_sweep_matrix_mnist_cnn2_c4_c8_T16_mode_rate_uniform_schedule_normal_seed_40.csv
cnn2_c4_c8,4,8,c4c8,no_regularization,40,16,16,rate_uniform,0.25,97.99,mnist-checkpoints/cnn2_c4_c8_L[16]_strict_seed40_ablation_none_l16_cnn2_c4_c8.pth,noise3_exp/cnn_strict_seed_three_regs_noise_sweep_rate_uniform_L16_T16/cnn2_c4_c8/no_regularization/seed_40/noise_sweep_matrix_mnist_cnn2_c4_c8_T16_mode_rate_uniform_schedule_normal_seed_40.csv
cnn2_c4_c8,4,8,c4c8,no_regularization,40,16,16,rate_uniform,0.3,97.89,mnist-checkpoints/cnn2_c4_c8_L[16]_strict_seed40_ablation_none_l16_cnn2_c4_c8.pth,noise3_exp/cnn_strict_seed_three_regs_noise_sweep_rate_uniform_L16_T16/cnn2_c4_c8/no_regularization/seed_40/noise_sweep_matrix_mnist_cnn2_c4_c8_T16_mode_rate_uniform_schedule_normal_seed_40.csv
cnn2_c4_c8,4,8,c4c8,no_regularization,40,16,16,rate_uniform,0.35,97.64,mnist-checkpoints/cnn2_c4_c8_L[16]_strict_seed40_ablation_none_l16_cnn2_c4_c8.pth,noise3_exp/cnn_strict_seed_three_regs_noise_sweep_rate_uniform_L16_T16/cnn2_c4_c8/no_regularization/seed_40/noise_sweep_matrix_mnist_cnn2_c4_c8_T16_mode_rate_uniform_schedule_normal_seed_40.csv
cnn2_c4_c8,4,8,c4c8,no_regularization,40,16,16,rate_uniform,0.4,97.44,mnist-checkpoints/cnn2_c4_c8_L[16]_strict_seed40_ablation_none_l16_cnn2_c4_c8.pth,noise3_exp/cnn_strict_seed_three_regs_noise_sweep_rate_uniform_L16_T16/cnn2_c4_c8/no_regularization/seed_40/noise_sweep_matrix_mnist_cnn2_c4_c8_T16_mode_rate_uniform_schedule_normal_seed_40.csv
cnn2_c4_c8,4,8,c4c8,no_regularization,40,16,16,rate_uniform,0.45,97.14,mnist-checkpoints/cnn2_c4_c8_L[16]_strict_seed40_ablation_none_l16_cnn2_c4_c8.pth,noise3_exp/cnn_strict_seed_three_regs_noise_sweep_rate_uniform_L16_T16/cnn2_c4_c8/no_regularization/seed_40/noise_sweep_matrix_mnist_cnn2_c4_c8_T16_mode_rate_uniform_schedule_normal_seed_40.csv
cnn2_c4_c8,4,8,c4c8,no_regularization,40,16,16,rate_uniform,0.5,96.53,mnist-checkpoints/cnn2_c4_c8_L[16]_strict_seed40_ablation_none_l16_cnn2_c4_c8.pth,noise3_exp/cnn_strict_seed_three_regs_noise_sweep_rate_uniform_L16_T16/cnn2_c4_c8/no_regularization/seed_40/noise_sweep_matrix_mnist_cnn2_c4_c8_T16_mode_rate_uniform_schedule_normal_seed_40.csv
cnn2_c4_c8,4,8,c4c8,no_regularization,40,16,16,rate_uniform,0.55,95.9,mnist-checkpoints/cnn2_c4_c8_L[16]_strict_seed40_ablation_none_l16_cnn2_c4_c8.pth,noise3_exp/cnn_strict_seed_three_regs_noise_sweep_rate_uniform_L16_T16/cnn2_c4_c8/no_regularization/seed_40/noise_sweep_matrix_mnist_cnn2_c4_c8_T16_mode_rate_uniform_schedule_normal_seed_40.csv
cnn2_c4_c8,4,8,c4c8,no_regularization,40,16,16,rate_uniform,0.6,95.43,mnist-checkpoints/cnn2_c4_c8_L[16]_strict_seed40_ablation_none_l16_cnn2_c4_c8.pth,noise3_exp/cnn_strict_seed_three_regs_noise_sweep_rate_uniform_L16_T16/cnn2_c4_c8/no_regularization/seed_40/noise_sweep_matrix_mnist_cnn2_c4_c8_T16_mode_rate_uniform_schedule_normal_seed_40.csv
cnn2_c4_c8,4,8,c4c8,no_regularization,40,16,16,rate_uniform,0.65,94.23,mnist-checkpoints/cnn2_c4_c8_L[16]_strict_seed40_ablation_none_l16_cnn2_c4_c8.pth,noise3_exp/cnn_strict_seed_three_regs_noise_sweep_rate_uniform_L16_T16/cnn2_c4_c8/no_regularization/seed_40/noise_sweep_matrix_mnist_cnn2_c4_c8_T16_mode_rate_uniform_schedule_normal_seed_40.csv
cnn2_c4_c8,4,8,c4c8,no_regularization,40,16,16,rate_uniform,0.7,93.23,mnist-checkpoints/cnn2_c4_c8_L[16]_strict_seed40_ablation_none_l16_cnn2_c4_c8.pth,noise3_exp/cnn_strict_seed_three_regs_noise_sweep_rate_uniform_L16_T16/cnn2_c4_c8/no_regularization/seed_40/noise_sweep_matrix_mnist_cnn2_c4_c8_T16_mode_rate_uniform_schedule_normal_seed_40.csv
cnn2_c4_c8,4,8,c4c8,no_regularization,40,16,16,rate_uniform,0.75,92.42,mnist-checkpoints/cnn2_c4_c8_L[16]_strict_seed40_ablation_none_l16_cnn2_c4_c8.pth,noise3_exp/cnn_strict_seed_three_regs_noise_sweep_rate_uniform_L16_T16/cnn2_c4_c8/no_regularization/seed_40/noise_sweep_matrix_mnist_cnn2_c4_c8_T16_mode_rate_uniform_schedule_normal_seed_40.csv
cnn2_c4_c8,4,8,c4c8,no_regularization,40,16,16,rate_uniform,0.8,91.25,mnist-checkpoints/cnn2_c4_c8_L[16]_strict_seed40_ablation_none_l16_cnn2_c4_c8.pth,noise3_exp/cnn_strict_seed_three_regs_noise_sweep_rate_uniform_L16_T16/cnn2_c4_c8/no_regularization/seed_40/noise_sweep_matrix_mnist_cnn2_c4_c8_T16_mode_rate_uniform_schedule_normal_seed_40.csv
cnn2_c4_c8,4,8,c4c8,no_regularization,40,16,16,rate_uniform,0.85,89.67,mnist-checkpoints/cnn2_c4_c8_L[16]_strict_seed40_ablation_none_l16_cnn2_c4_c8.pth,noise3_exp/cnn_strict_seed_three_regs_noise_sweep_rate_uniform_L16_T16/cnn2_c4_c8/no_regularization/seed_40/noise_sweep_matrix_mnist_cnn2_c4_c8_T16_mode_rate_uniform_schedule_normal_seed_40.csv
cnn2_c4_c8,4,8,c4c8,no_regularization,40,16,16,rate_uniform,0.9,88.09,mnist-checkpoints/cnn2_c4_c8_L[16]_strict_seed40_ablation_none_l16_cnn2_c4_c8.pth,noise3_exp/cnn_strict_seed_three_regs_noise_sweep_rate_uniform_L16_T16/cnn2_c4_c8/no_regularization/seed_40/noise_sweep_matrix_mnist_cnn2_c4_c8_T16_mode_rate_uniform_schedule_normal_seed_40.csv
cnn2_c4_c8,4,8,c4c8,no_regularization,40,16,16,rate_uniform,0.95,87.46,mnist-checkpoints/cnn2_c4_c8_L[16]_strict_seed40_ablation_none_l16_cnn2_c4_c8.pth,noise3_exp/cnn_strict_seed_three_regs_noise_sweep_rate_uniform_L16_T16/cnn2_c4_c8/no_regularization/seed_40/noise_sweep_matrix_mnist_cnn2_c4_c8_T16_mode_rate_uniform_schedule_normal_seed_40.csv
cnn2_c4_c8,4,8,c4c8,no_regularization,40,16,16,rate_uniform,1.0,86.01,mnist-checkpoints/cnn2_c4_c8_L[16]_strict_seed40_ablation_none_l16_cnn2_c4_c8.pth,noise3_exp/cnn_strict_seed_three_regs_noise_sweep_rate_uniform_L16_T16/cnn2_c4_c8/no_regularization/seed_40/noise_sweep_matrix_mnist_cnn2_c4_c8_T16_mode_rate_uniform_schedule_normal_seed_40.csv
cnn2_c4_c8,4,8,c4c8,no_regularization,41,16,16,rate_uniform,0.0,98.41,mnist-checkpoints/cnn2_c4_c8_L[16]_strict_seed41_ablation_none_l16_cnn2_c4_c8.pth,noise3_exp/cnn_strict_seed_three_regs_noise_sweep_rate_uniform_L16_T16/cnn2_c4_c8/no_regularization/seed_41/noise_sweep_matrix_mnist_cnn2_c4_c8_T16_mode_rate_uniform_schedule_normal_seed_41.csv
cnn2_c4_c8,4,8,c4c8,no_regularization,41,16,16,rate_uniform,0.05,96.34,mnist-checkpoints/cnn2_c4_c8_L[16]_strict_seed41_ablation_none_l16_cnn2_c4_c8.pth,noise3_exp/cnn_strict_seed_three_regs_noise_sweep_rate_uniform_L16_T16/cnn2_c4_c8/no_regularization/seed_41/noise_sweep_matrix_mnist_cnn2_c4_c8_T16_mode_rate_uniform_schedule_normal_seed_41.csv
cnn2_c4_c8,4,8,c4c8,no_regularization,41,16,16,rate_uniform,0.1,96.19,mnist-checkpoints/cnn2_c4_c8_L[16]_strict_seed41_ablation_none_l16_cnn2_c4_c8.pth,noise3_exp/cnn_strict_seed_three_regs_noise_sweep_rate_uniform_L16_T16/cnn2_c4_c8/no_regularization/seed_41/noise_sweep_matrix_mnist_cnn2_c4_c8_T16_mode_rate_uniform_schedule_normal_seed_41.csv
cnn2_c4_c8,4,8,c4c8,no_regularization,41,16,16,rate_uniform,0.15,96.34,mnist-checkpoints/cnn2_c4_c8_L[16]_strict_seed41_ablation_none_l16_cnn2_c4_c8.pth,noise3_exp/cnn_strict_seed_three_regs_noise_sweep_rate_uniform_L16_T16/cnn2_c4_c8/no_regularization/seed_41/noise_sweep_matrix_mnist_cnn2_c4_c8_T16_mode_rate_uniform_schedule_normal_seed_41.csv
cnn2_c4_c8,4,8,c4c8,no_regularization,41,16,16,rate_uniform,0.2,95.92,mnist-checkpoints/cnn2_c4_c8_L[16]_strict_seed41_ablation_none_l16_cnn2_c4_c8.pth,noise3_exp/cnn_strict_seed_three_regs_noise_sweep_rate_uniform_L16_T16/cnn2_c4_c8/no_regularization/seed_41/noise_sweep_matrix_mnist_cnn2_c4_c8_T16_mode_rate_uniform_schedule_normal_seed_41.csv
cnn2_c4_c8,4,8,c4c8,no_regularization,41,16,16,rate_uniform,0.25,95.15,mnist-checkpoints/cnn2_c4_c8_L[16]_strict_seed41_ablation_none_l16_cnn2_c4_c8.pth,noise3_exp/cnn_strict_seed_three_regs_noise_sweep_rate_uniform_L16_T16/cnn2_c4_c8/no_regularization/seed_41/noise_sweep_matrix_mnist_cnn2_c4_c8_T16_mode_rate_uniform_schedule_normal_seed_41.csv
cnn2_c4_c8,4,8,c4c8,no_regularization,41,16,16,rate_uniform,0.3,93.6,mnist-checkpoints/cnn2_c4_c8_L[16]_strict_seed41_ablation_none_l16_cnn2_c4_c8.pth,noise3_exp/cnn_strict_seed_three_regs_noise_sweep_rate_uniform_L16_T16/cnn2_c4_c8/no_regularization/seed_41/noise_sweep_matrix_mnist_cnn2_c4_c8_T16_mode_rate_uniform_schedule_normal_seed_41.csv
cnn2_c4_c8,4,8,c4c8,no_regularization,41,16,16,rate_uniform,0.35,92.35,mnist-checkpoints/cnn2_c4_c8_L[16]_strict_seed41_ablation_none_l16_cnn2_c4_c8.pth,noise3_exp/cnn_strict_seed_three_regs_noise_sweep_rate_uniform_L16_T16/cnn2_c4_c8/no_regularization/seed_41/noise_sweep_matrix_mnist_cnn2_c4_c8_T16_mode_rate_uniform_schedule_normal_seed_41.csv
cnn2_c4_c8,4,8,c4c8,no_regularization,41,16,16,rate_uniform,0.4,90.86,mnist-checkpoints/cnn2_c4_c8_L[16]_strict_seed41_ablation_none_l16_cnn2_c4_c8.pth,noise3_exp/cnn_strict_seed_three_regs_noise_sweep_rate_uniform_L16_T16/cnn2_c4_c8/no_regularization/seed_41/noise_sweep_matrix_mnist_cnn2_c4_c8_T16_mode_rate_uniform_schedule_normal_seed_41.csv
cnn2_c4_c8,4,8,c4c8,no_regularization,41,16,16,rate_uniform,0.45,89.01,mnist-checkpoints/cnn2_c4_c8_L[16]_strict_seed41_ablation_none_l16_cnn2_c4_c8.pth,noise3_exp/cnn_strict_seed_three_regs_noise_sweep_rate_uniform_L16_T16/cnn2_c4_c8/no_regularization/seed_41/noise_sweep_matrix_mnist_cnn2_c4_c8_T16_mode_rate_uniform_schedule_normal_seed_41.csv
cnn2_c4_c8,4,8,c4c8,no_regularization,41,16,16,rate_uniform,0.5,87.18,mnist-checkpoints/cnn2_c4_c8_L[16]_strict_seed41_ablation_none_l16_cnn2_c4_c8.pth,noise3_exp/cnn_strict_seed_three_regs_noise_sweep_rate_uniform_L16_T16/cnn2_c4_c8/no_regularization/seed_41/noise_sweep_matrix_mnist_cnn2_c4_c8_T16_mode_rate_uniform_schedule_normal_seed_41.csv
cnn2_c4_c8,4,8,c4c8,no_regularization,41,16,16,rate_uniform,0.55,85.16,mnist-checkpoints/cnn2_c4_c8_L[16]_strict_seed41_ablation_none_l16_cnn2_c4_c8.pth,noise3_exp/cnn_strict_seed_three_regs_noise_sweep_rate_uniform_L16_T16/cnn2_c4_c8/no_regularization/seed_41/noise_sweep_matrix_mnist_cnn2_c4_c8_T16_mode_rate_uniform_schedule_normal_seed_41.csv
cnn2_c4_c8,4,8,c4c8,no_regularization,41,16,16,rate_uniform,0.6,83.47,mnist-checkpoints/cnn2_c4_c8_L[16]_strict_seed41_ablation_none_l16_cnn2_c4_c8.pth,noise3_exp/cnn_strict_seed_three_regs_noise_sweep_rate_uniform_L16_T16/cnn2_c4_c8/no_regularization/seed_41/noise_sweep_matrix_mnist_cnn2_c4_c8_T16_mode_rate_uniform_schedule_normal_seed_41.csv
cnn2_c4_c8,4,8,c4c8,no_regularization,41,16,16,rate_uniform,0.65,81.92,mnist-checkpoints/cnn2_c4_c8_L[16]_strict_seed41_ablation_none_l16_cnn2_c4_c8.pth,noise3_exp/cnn_strict_seed_three_regs_noise_sweep_rate_uniform_L16_T16/cnn2_c4_c8/no_regularization/seed_41/noise_sweep_matrix_mnist_cnn2_c4_c8_T16_mode_rate_uniform_schedule_normal_seed_41.csv
cnn2_c4_c8,4,8,c4c8,no_regularization,41,16,16,rate_uniform,0.7,80.36,mnist-checkpoints/cnn2_c4_c8_L[16]_strict_seed41_ablation_none_l16_cnn2_c4_c8.pth,noise3_exp/cnn_strict_seed_three_regs_noise_sweep_rate_uniform_L16_T16/cnn2_c4_c8/no_regularization/seed_41/noise_sweep_matrix_mnist_cnn2_c4_c8_T16_mode_rate_uniform_schedule_normal_seed_41.csv
cnn2_c4_c8,4,8,c4c8,no_regularization,41,16,16,rate_uniform,0.75,78.6,mnist-checkpoints/cnn2_c4_c8_L[16]_strict_seed41_ablation_none_l16_cnn2_c4_c8.pth,noise3_exp/cnn_strict_seed_three_regs_noise_sweep_rate_uniform_L16_T16/cnn2_c4_c8/no_regularization/seed_41/noise_sweep_matrix_mnist_cnn2_c4_c8_T16_mode_rate_uniform_schedule_normal_seed_41.csv
cnn2_c4_c8,4,8,c4c8,no_regularization,41,16,16,rate_uniform,0.8,77.39,mnist-checkpoints/cnn2_c4_c8_L[16]_strict_seed41_ablation_none_l16_cnn2_c4_c8.pth,noise3_exp/cnn_strict_seed_three_regs_noise_sweep_rate_uniform_L16_T16/cnn2_c4_c8/no_regularization/seed_41/noise_sweep_matrix_mnist_cnn2_c4_c8_T16_mode_rate_uniform_schedule_normal_seed_41.csv
cnn2_c4_c8,4,8,c4c8,no_regularization,41,16,16,rate_uniform,0.85,75.89,mnist-checkpoints/cnn2_c4_c8_L[16]_strict_seed41_ablation_none_l16_cnn2_c4_c8.pth,noise3_exp/cnn_strict_seed_three_regs_noise_sweep_rate_uniform_L16_T16/cnn2_c4_c8/no_regularization/seed_41/noise_sweep_matrix_mnist_cnn2_c4_c8_T16_mode_rate_uniform_schedule_normal_seed_41.csv
cnn2_c4_c8,4,8,c4c8,no_regularization,41,16,16,rate_uniform,0.9,74.29,mnist-checkpoints/cnn2_c4_c8_L[16]_strict_seed41_ablation_none_l16_cnn2_c4_c8.pth,noise3_exp/cnn_strict_seed_three_regs_noise_sweep_rate_uniform_L16_T16/cnn2_c4_c8/no_regularization/seed_41/noise_sweep_matrix_mnist_cnn2_c4_c8_T16_mode_rate_uniform_schedule_normal_seed_41.csv
cnn2_c4_c8,4,8,c4c8,no_regularization,41,16,16,rate_uniform,0.95,73.32,mnist-checkpoints/cnn2_c4_c8_L[16]_strict_seed41_ablation_none_l16_cnn2_c4_c8.pth,noise3_exp/cnn_strict_seed_three_regs_noise_sweep_rate_uniform_L16_T16/cnn2_c4_c8/no_regularization/seed_41/noise_sweep_matrix_mnist_cnn2_c4_c8_T16_mode_rate_uniform_schedule_normal_seed_41.csv
cnn2_c4_c8,4,8,c4c8,no_regularization,41,16,16,rate_uniform,1.0,72.04,mnist-checkpoints/cnn2_c4_c8_L[16]_strict_seed41_ablation_none_l16_cnn2_c4_c8.pth,noise3_exp/cnn_strict_seed_three_regs_noise_sweep_rate_uniform_L16_T16/cnn2_c4_c8/no_regularization/seed_41/noise_sweep_matrix_mnist_cnn2_c4_c8_T16_mode_rate_uniform_schedule_normal_seed_41.csv
cnn2_c4_c8,4,8,c4c8,no_regularization,42,16,16,rate_uniform,0.0,97.91,mnist-checkpoints/cnn2_c4_c8_L[16]_strict_seed42_ablation_none_l16_cnn2_c4_c8.pth,noise3_exp/cnn_strict_seed_three_regs_noise_sweep_rate_uniform_L16_T16/cnn2_c4_c8/no_regularization/seed_42/noise_sweep_matrix_mnist_cnn2_c4_c8_T16_mode_rate_uniform_schedule_normal_seed_42.csv
cnn2_c4_c8,4,8,c4c8,no_regularization,42,16,16,rate_uniform,0.05,95.3,mnist-checkpoints/cnn2_c4_c8_L[16]_strict_seed42_ablation_none_l16_cnn2_c4_c8.pth,noise3_exp/cnn_strict_seed_three_regs_noise_sweep_rate_uniform_L16_T16/cnn2_c4_c8/no_regularization/seed_42/noise_sweep_matrix_mnist_cnn2_c4_c8_T16_mode_rate_uniform_schedule_normal_seed_42.csv
cnn2_c4_c8,4,8,c4c8,no_regularization,42,16,16,rate_uniform,0.1,94.77,mnist-checkpoints/cnn2_c4_c8_L[16]_strict_seed42_ablation_none_l16_cnn2_c4_c8.pth,noise3_exp/cnn_strict_seed_three_regs_noise_sweep_rate_uniform_L16_T16/cnn2_c4_c8/no_regularization/seed_42/noise_sweep_matrix_mnist_cnn2_c4_c8_T16_mode_rate_uniform_schedule_normal_seed_42.csv
cnn2_c4_c8,4,8,c4c8,no_regularization,42,16,16,rate_uniform,0.15,94.61,mnist-checkpoints/cnn2_c4_c8_L[16]_strict_seed42_ablation_none_l16_cnn2_c4_c8.pth,noise3_exp/cnn_strict_seed_three_regs_noise_sweep_rate_uniform_L16_T16/cnn2_c4_c8/no_regularization/seed_42/noise_sweep_matrix_mnist_cnn2_c4_c8_T16_mode_rate_uniform_schedule_normal_seed_42.csv
cnn2_c4_c8,4,8,c4c8,no_regularization,42,16,16,rate_uniform,0.2,92.85,mnist-checkpoints/cnn2_c4_c8_L[16]_strict_seed42_ablation_none_l16_cnn2_c4_c8.pth,noise3_exp/cnn_strict_seed_three_regs_noise_sweep_rate_uniform_L16_T16/cnn2_c4_c8/no_regularization/seed_42/noise_sweep_matrix_mnist_cnn2_c4_c8_T16_mode_rate_uniform_schedule_normal_seed_42.csv
cnn2_c4_c8,4,8,c4c8,no_regularization,42,16,16,rate_uniform,0.25,90.89,mnist-checkpoints/cnn2_c4_c8_L[16]_strict_seed42_ablation_none_l16_cnn2_c4_c8.pth,noise3_exp/cnn_strict_seed_three_regs_noise_sweep_rate_uniform_L16_T16/cnn2_c4_c8/no_regularization/seed_42/noise_sweep_matrix_mnist_cnn2_c4_c8_T16_mode_rate_uniform_schedule_normal_seed_42.csv
cnn2_c4_c8,4,8,c4c8,no_regularization,42,16,16,rate_uniform,0.3,87.92,mnist-checkpoints/cnn2_c4_c8_L[16]_strict_seed42_ablation_none_l16_cnn2_c4_c8.pth,noise3_exp/cnn_strict_seed_three_regs_noise_sweep_rate_uniform_L16_T16/cnn2_c4_c8/no_regularization/seed_42/noise_sweep_matrix_mnist_cnn2_c4_c8_T16_mode_rate_uniform_schedule_normal_seed_42.csv
cnn2_c4_c8,4,8,c4c8,no_regularization,42,16,16,rate_uniform,0.35,85.25,mnist-checkpoints/cnn2_c4_c8_L[16]_strict_seed42_ablation_none_l16_cnn2_c4_c8.pth,noise3_exp/cnn_strict_seed_three_regs_noise_sweep_rate_uniform_L16_T16/cnn2_c4_c8/no_regularization/seed_42/noise_sweep_matrix_mnist_cnn2_c4_c8_T16_mode_rate_uniform_schedule_normal_seed_42.csv
cnn2_c4_c8,4,8,c4c8,no_regularization,42,16,16,rate_uniform,0.4,82.96,mnist-checkpoints/cnn2_c4_c8_L[16]_strict_seed42_ablation_none_l16_cnn2_c4_c8.pth,noise3_exp/cnn_strict_seed_three_regs_noise_sweep_rate_uniform_L16_T16/cnn2_c4_c8/no_regularization/seed_42/noise_sweep_matrix_mnist_cnn2_c4_c8_T16_mode_rate_uniform_schedule_normal_seed_42.csv
cnn2_c4_c8,4,8,c4c8,no_regularization,42,16,16,rate_uniform,0.45,80.72,mnist-checkpoints/cnn2_c4_c8_L[16]_strict_seed42_ablation_none_l16_cnn2_c4_c8.pth,noise3_exp/cnn_strict_seed_three_regs_noise_sweep_rate_uniform_L16_T16/cnn2_c4_c8/no_regularization/seed_42/noise_sweep_matrix_mnist_cnn2_c4_c8_T16_mode_rate_uniform_schedule_normal_seed_42.csv
cnn2_c4_c8,4,8,c4c8,no_regularization,42,16,16,rate_uniform,0.5,78.9,mnist-checkpoints/cnn2_c4_c8_L[16]_strict_seed42_ablation_none_l16_cnn2_c4_c8.pth,noise3_exp/cnn_strict_seed_three_regs_noise_sweep_rate_uniform_L16_T16/cnn2_c4_c8/no_regularization/seed_42/noise_sweep_matrix_mnist_cnn2_c4_c8_T16_mode_rate_uniform_schedule_normal_seed_42.csv
cnn2_c4_c8,4,8,c4c8,no_regularization,42,16,16,rate_uniform,0.55,77.3,mnist-checkpoints/cnn2_c4_c8_L[16]_strict_seed42_ablation_none_l16_cnn2_c4_c8.pth,noise3_exp/cnn_strict_seed_three_regs_noise_sweep_rate_uniform_L16_T16/cnn2_c4_c8/no_regularization/seed_42/noise_sweep_matrix_mnist_cnn2_c4_c8_T16_mode_rate_uniform_schedule_normal_seed_42.csv
cnn2_c4_c8,4,8,c4c8,no_regularization,42,16,16,rate_uniform,0.6,75.58,mnist-checkpoints/cnn2_c4_c8_L[16]_strict_seed42_ablation_none_l16_cnn2_c4_c8.pth,noise3_exp/cnn_strict_seed_three_regs_noise_sweep_rate_uniform_L16_T16/cnn2_c4_c8/no_regularization/seed_42/noise_sweep_matrix_mnist_cnn2_c4_c8_T16_mode_rate_uniform_schedule_normal_seed_42.csv
cnn2_c4_c8,4,8,c4c8,no_regularization,42,16,16,rate_uniform,0.65,75.1,mnist-checkpoints/cnn2_c4_c8_L[16]_strict_seed42_ablation_none_l16_cnn2_c4_c8.pth,noise3_exp/cnn_strict_seed_three_regs_noise_sweep_rate_uniform_L16_T16/cnn2_c4_c8/no_regularization/seed_42/noise_sweep_matrix_mnist_cnn2_c4_c8_T16_mode_rate_uniform_schedule_normal_seed_42.csv
cnn2_c4_c8,4,8,c4c8,no_regularization,42,16,16,rate_uniform,0.7,74.08,mnist-checkpoints/cnn2_c4_c8_L[16]_strict_seed42_ablation_none_l16_cnn2_c4_c8.pth,noise3_exp/cnn_strict_seed_three_regs_noise_sweep_rate_uniform_L16_T16/cnn2_c4_c8/no_regularization/seed_42/noise_sweep_matrix_mnist_cnn2_c4_c8_T16_mode_rate_uniform_schedule_normal_seed_42.csv
cnn2_c4_c8,4,8,c4c8,no_regularization,42,16,16,rate_uniform,0.75,73.2,mnist-checkpoints/cnn2_c4_c8_L[16]_strict_seed42_ablation_none_l16_cnn2_c4_c8.pth,noise3_exp/cnn_strict_seed_three_regs_noise_sweep_rate_uniform_L16_T16/cnn2_c4_c8/no_regularization/seed_42/noise_sweep_matrix_mnist_cnn2_c4_c8_T16_mode_rate_uniform_schedule_normal_seed_42.csv
cnn2_c4_c8,4,8,c4c8,no_regularization,42,16,16,rate_uniform,0.8,71.91,mnist-checkpoints/cnn2_c4_c8_L[16]_strict_seed42_ablation_none_l16_cnn2_c4_c8.pth,noise3_exp/cnn_strict_seed_three_regs_noise_sweep_rate_uniform_L16_T16/cnn2_c4_c8/no_regularization/seed_42/noise_sweep_matrix_mnist_cnn2_c4_c8_T16_mode_rate_uniform_schedule_normal_seed_42.csv
cnn2_c4_c8,4,8,c4c8,no_regularization,42,16,16,rate_uniform,0.85,71.51,mnist-checkpoints/cnn2_c4_c8_L[16]_strict_seed42_ablation_none_l16_cnn2_c4_c8.pth,noise3_exp/cnn_strict_seed_three_regs_noise_sweep_rate_uniform_L16_T16/cnn2_c4_c8/no_regularization/seed_42/noise_sweep_matrix_mnist_cnn2_c4_c8_T16_mode_rate_uniform_schedule_normal_seed_42.csv
cnn2_c4_c8,4,8,c4c8,no_regularization,42,16,16,rate_uniform,0.9,70.88,mnist-checkpoints/cnn2_c4_c8_L[16]_strict_seed42_ablation_none_l16_cnn2_c4_c8.pth,noise3_exp/cnn_strict_seed_three_regs_noise_sweep_rate_uniform_L16_T16/cnn2_c4_c8/no_regularization/seed_42/noise_sweep_matrix_mnist_cnn2_c4_c8_T16_mode_rate_uniform_schedule_normal_seed_42.csv
cnn2_c4_c8,4,8,c4c8,no_regularization,42,16,16,rate_uniform,0.95,71.19,mnist-checkpoints/cnn2_c4_c8_L[16]_strict_seed42_ablation_none_l16_cnn2_c4_c8.pth,noise3_exp/cnn_strict_seed_three_regs_noise_sweep_rate_uniform_L16_T16/cnn2_c4_c8/no_regularization/seed_42/noise_sweep_matrix_mnist_cnn2_c4_c8_T16_mode_rate_uniform_schedule_normal_seed_42.csv
cnn2_c4_c8,4,8,c4c8,no_regularization,42,16,16,rate_uniform,1.0,69.64,mnist-checkpoints/cnn2_c4_c8_L[16]_strict_seed42_ablation_none_l16_cnn2_c4_c8.pth,noise3_exp/cnn_strict_seed_three_regs_noise_sweep_rate_uniform_L16_T16/cnn2_c4_c8/no_regularization/seed_42/noise_sweep_matrix_mnist_cnn2_c4_c8_T16_mode_rate_uniform_schedule_normal_seed_42.csv
cnn2_c4_c8,4,8,c4c8,no_regularization,43,16,16,rate_uniform,0.0,98.5,mnist-checkpoints/cnn2_c4_c8_L[16]_strict_seed43_ablation_none_l16_cnn2_c4_c8.pth,noise3_exp/cnn_strict_seed_three_regs_noise_sweep_rate_uniform_L16_T16/cnn2_c4_c8/no_regularization/seed_43/noise_sweep_matrix_mnist_cnn2_c4_c8_T16_mode_rate_uniform_schedule_normal_seed_43.csv
cnn2_c4_c8,4,8,c4c8,no_regularization,43,16,16,rate_uniform,0.05,98.45,mnist-checkpoints/cnn2_c4_c8_L[16]_strict_seed43_ablation_none_l16_cnn2_c4_c8.pth,noise3_exp/cnn_strict_seed_three_regs_noise_sweep_rate_uniform_L16_T16/cnn2_c4_c8/no_regularization/seed_43/noise_sweep_matrix_mnist_cnn2_c4_c8_T16_mode_rate_uniform_schedule_normal_seed_43.csv
cnn2_c4_c8,4,8,c4c8,no_regularization,43,16,16,rate_uniform,0.1,98.43,mnist-checkpoints/cnn2_c4_c8_L[16]_strict_seed43_ablation_none_l16_cnn2_c4_c8.pth,noise3_exp/cnn_strict_seed_three_regs_noise_sweep_rate_uniform_L16_T16/cnn2_c4_c8/no_regularization/seed_43/noise_sweep_matrix_mnist_cnn2_c4_c8_T16_mode_rate_uniform_schedule_normal_seed_43.csv
cnn2_c4_c8,4,8,c4c8,no_regularization,43,16,16,rate_uniform,0.15,98.27,mnist-checkpoints/cnn2_c4_c8_L[16]_strict_seed43_ablation_none_l16_cnn2_c4_c8.pth,noise3_exp/cnn_strict_seed_three_regs_noise_sweep_rate_uniform_L16_T16/cnn2_c4_c8/no_regularization/seed_43/noise_sweep_matrix_mnist_cnn2_c4_c8_T16_mode_rate_uniform_schedule_normal_seed_43.csv
cnn2_c4_c8,4,8,c4c8,no_regularization,43,16,16,rate_uniform,0.2,98.2,mnist-checkpoints/cnn2_c4_c8_L[16]_strict_seed43_ablation_none_l16_cnn2_c4_c8.pth,noise3_exp/cnn_strict_seed_three_regs_noise_sweep_rate_uniform_L16_T16/cnn2_c4_c8/no_regularization/seed_43/noise_sweep_matrix_mnist_cnn2_c4_c8_T16_mode_rate_uniform_schedule_normal_seed_43.csv
cnn2_c4_c8,4,8,c4c8,no_regularization,43,16,16,rate_uniform,0.25,98.1,mnist-checkpoints/cnn2_c4_c8_L[16]_strict_seed43_ablation_none_l16_cnn2_c4_c8.pth,noise3_exp/cnn_strict_seed_three_regs_noise_sweep_rate_uniform_L16_T16/cnn2_c4_c8/no_regularization/seed_43/noise_sweep_matrix_mnist_cnn2_c4_c8_T16_mode_rate_uniform_schedule_normal_seed_43.csv
cnn2_c4_c8,4,8,c4c8,no_regularization,43,16,16,rate_uniform,0.3,98.14,mnist-checkpoints/cnn2_c4_c8_L[16]_strict_seed43_ablation_none_l16_cnn2_c4_c8.pth,noise3_exp/cnn_strict_seed_three_regs_noise_sweep_rate_uniform_L16_T16/cnn2_c4_c8/no_regularization/seed_43/noise_sweep_matrix_mnist_cnn2_c4_c8_T16_mode_rate_uniform_schedule_normal_seed_43.csv
cnn2_c4_c8,4,8,c4c8,no_regularization,43,16,16,rate_uniform,0.35,98.07,mnist-checkpoints/cnn2_c4_c8_L[16]_strict_seed43_ablation_none_l16_cnn2_c4_c8.pth,noise3_exp/cnn_strict_seed_three_regs_noise_sweep_rate_uniform_L16_T16/cnn2_c4_c8/no_regularization/seed_43/noise_sweep_matrix_mnist_cnn2_c4_c8_T16_mode_rate_uniform_schedule_normal_seed_43.csv
cnn2_c4_c8,4,8,c4c8,no_regularization,43,16,16,rate_uniform,0.4,97.85,mnist-checkpoints/cnn2_c4_c8_L[16]_strict_seed43_ablation_none_l16_cnn2_c4_c8.pth,noise3_exp/cnn_strict_seed_three_regs_noise_sweep_rate_uniform_L16_T16/cnn2_c4_c8/no_regularization/seed_43/noise_sweep_matrix_mnist_cnn2_c4_c8_T16_mode_rate_uniform_schedule_normal_seed_43.csv
cnn2_c4_c8,4,8,c4c8,no_regularization,43,16,16,rate_uniform,0.45,97.81,mnist-checkpoints/cnn2_c4_c8_L[16]_strict_seed43_ablation_none_l16_cnn2_c4_c8.pth,noise3_exp/cnn_strict_seed_three_regs_noise_sweep_rate_uniform_L16_T16/cnn2_c4_c8/no_regularization/seed_43/noise_sweep_matrix_mnist_cnn2_c4_c8_T16_mode_rate_uniform_schedule_normal_seed_43.csv
cnn2_c4_c8,4,8,c4c8,no_regularization,43,16,16,rate_uniform,0.5,97.77,mnist-checkpoints/cnn2_c4_c8_L[16]_strict_seed43_ablation_none_l16_cnn2_c4_c8.pth,noise3_exp/cnn_strict_seed_three_regs_noise_sweep_rate_uniform_L16_T16/cnn2_c4_c8/no_regularization/seed_43/noise_sweep_matrix_mnist_cnn2_c4_c8_T16_mode_rate_uniform_schedule_normal_seed_43.csv
cnn2_c4_c8,4,8,c4c8,no_regularization,43,16,16,rate_uniform,0.55,97.53,mnist-checkpoints/cnn2_c4_c8_L[16]_strict_seed43_ablation_none_l16_cnn2_c4_c8.pth,noise3_exp/cnn_strict_seed_three_regs_noise_sweep_rate_uniform_L16_T16/cnn2_c4_c8/no_regularization/seed_43/noise_sweep_matrix_mnist_cnn2_c4_c8_T16_mode_rate_uniform_schedule_normal_seed_43.csv
cnn2_c4_c8,4,8,c4c8,no_regularization,43,16,16,rate_uniform,0.6,97.41,mnist-checkpoints/cnn2_c4_c8_L[16]_strict_seed43_ablation_none_l16_cnn2_c4_c8.pth,noise3_exp/cnn_strict_seed_three_regs_noise_sweep_rate_uniform_L16_T16/cnn2_c4_c8/no_regularization/seed_43/noise_sweep_matrix_mnist_cnn2_c4_c8_T16_mode_rate_uniform_schedule_normal_seed_43.csv
cnn2_c4_c8,4,8,c4c8,no_regularization,43,16,16,rate_uniform,0.65,97.2,mnist-checkpoints/cnn2_c4_c8_L[16]_strict_seed43_ablation_none_l16_cnn2_c4_c8.pth,noise3_exp/cnn_strict_seed_three_regs_noise_sweep_rate_uniform_L16_T16/cnn2_c4_c8/no_regularization/seed_43/noise_sweep_matrix_mnist_cnn2_c4_c8_T16_mode_rate_uniform_schedule_normal_seed_43.csv
cnn2_c4_c8,4,8,c4c8,no_regularization,43,16,16,rate_uniform,0.7,96.94,mnist-checkpoints/cnn2_c4_c8_L[16]_strict_seed43_ablation_none_l16_cnn2_c4_c8.pth,noise3_exp/cnn_strict_seed_three_regs_noise_sweep_rate_uniform_L16_T16/cnn2_c4_c8/no_regularization/seed_43/noise_sweep_matrix_mnist_cnn2_c4_c8_T16_mode_rate_uniform_schedule_normal_seed_43.csv
cnn2_c4_c8,4,8,c4c8,no_regularization,43,16,16,rate_uniform,0.75,96.61,mnist-checkpoints/cnn2_c4_c8_L[16]_strict_seed43_ablation_none_l16_cnn2_c4_c8.pth,noise3_exp/cnn_strict_seed_three_regs_noise_sweep_rate_uniform_L16_T16/cnn2_c4_c8/no_regularization/seed_43/noise_sweep_matrix_mnist_cnn2_c4_c8_T16_mode_rate_uniform_schedule_normal_seed_43.csv
cnn2_c4_c8,4,8,c4c8,no_regularization,43,16,16,rate_uniform,0.8,96.4,mnist-checkpoints/cnn2_c4_c8_L[16]_strict_seed43_ablation_none_l16_cnn2_c4_c8.pth,noise3_exp/cnn_strict_seed_three_regs_noise_sweep_rate_uniform_L16_T16/cnn2_c4_c8/no_regularization/seed_43/noise_sweep_matrix_mnist_cnn2_c4_c8_T16_mode_rate_uniform_schedule_normal_seed_43.csv
cnn2_c4_c8,4,8,c4c8,no_regularization,43,16,16,rate_uniform,0.85,95.98,mnist-checkpoints/cnn2_c4_c8_L[16]_strict_seed43_ablation_none_l16_cnn2_c4_c8.pth,noise3_exp/cnn_strict_seed_three_regs_noise_sweep_rate_uniform_L16_T16/cnn2_c4_c8/no_regularization/seed_43/noise_sweep_matrix_mnist_cnn2_c4_c8_T16_mode_rate_uniform_schedule_normal_seed_43.csv
cnn2_c4_c8,4,8,c4c8,no_regularization,43,16,16,rate_uniform,0.9,95.72,mnist-checkpoints/cnn2_c4_c8_L[16]_strict_seed43_ablation_none_l16_cnn2_c4_c8.pth,noise3_exp/cnn_strict_seed_three_regs_noise_sweep_rate_uniform_L16_T16/cnn2_c4_c8/no_regularization/seed_43/noise_sweep_matrix_mnist_cnn2_c4_c8_T16_mode_rate_uniform_schedule_normal_seed_43.csv
cnn2_c4_c8,4,8,c4c8,no_regularization,43,16,16,rate_uniform,0.95,95.03,mnist-checkpoints/cnn2_c4_c8_L[16]_strict_seed43_ablation_none_l16_cnn2_c4_c8.pth,noise3_exp/cnn_strict_seed_three_regs_noise_sweep_rate_uniform_L16_T16/cnn2_c4_c8/no_regularization/seed_43/noise_sweep_matrix_mnist_cnn2_c4_c8_T16_mode_rate_uniform_schedule_normal_seed_43.csv
cnn2_c4_c8,4,8,c4c8,no_regularization,43,16,16,rate_uniform,1.0,94.68,mnist-checkpoints/cnn2_c4_c8_L[16]_strict_seed43_ablation_none_l16_cnn2_c4_c8.pth,noise3_exp/cnn_strict_seed_three_regs_noise_sweep_rate_uniform_L16_T16/cnn2_c4_c8/no_regularization/seed_43/noise_sweep_matrix_mnist_cnn2_c4_c8_T16_mode_rate_uniform_schedule_normal_seed_43.csv
cnn2_c4_c8,4,8,c4c8,no_regularization,44,16,16,rate_uniform,0.0,98.17,mnist-checkpoints/cnn2_c4_c8_L[16]_strict_seed44_ablation_none_l16_cnn2_c4_c8.pth,noise3_exp/cnn_strict_seed_three_regs_noise_sweep_rate_uniform_L16_T16/cnn2_c4_c8/no_regularization/seed_44/noise_sweep_matrix_mnist_cnn2_c4_c8_T16_mode_rate_uniform_schedule_normal_seed_44.csv
cnn2_c4_c8,4,8,c4c8,no_regularization,44,16,16,rate_uniform,0.05,98.29,mnist-checkpoints/cnn2_c4_c8_L[16]_strict_seed44_ablation_none_l16_cnn2_c4_c8.pth,noise3_exp/cnn_strict_seed_three_regs_noise_sweep_rate_uniform_L16_T16/cnn2_c4_c8/no_regularization/seed_44/noise_sweep_matrix_mnist_cnn2_c4_c8_T16_mode_rate_uniform_schedule_normal_seed_44.csv
cnn2_c4_c8,4,8,c4c8,no_regularization,44,16,16,rate_uniform,0.1,98.21,mnist-checkpoints/cnn2_c4_c8_L[16]_strict_seed44_ablation_none_l16_cnn2_c4_c8.pth,noise3_exp/cnn_strict_seed_three_regs_noise_sweep_rate_uniform_L16_T16/cnn2_c4_c8/no_regularization/seed_44/noise_sweep_matrix_mnist_cnn2_c4_c8_T16_mode_rate_uniform_schedule_normal_seed_44.csv
cnn2_c4_c8,4,8,c4c8,no_regularization,44,16,16,rate_uniform,0.15,98.21,mnist-checkpoints/cnn2_c4_c8_L[16]_strict_seed44_ablation_none_l16_cnn2_c4_c8.pth,noise3_exp/cnn_strict_seed_three_regs_noise_sweep_rate_uniform_L16_T16/cnn2_c4_c8/no_regularization/seed_44/noise_sweep_matrix_mnist_cnn2_c4_c8_T16_mode_rate_uniform_schedule_normal_seed_44.csv
cnn2_c4_c8,4,8,c4c8,no_regularization,44,16,16,rate_uniform,0.2,98.02,mnist-checkpoints/cnn2_c4_c8_L[16]_strict_seed44_ablation_none_l16_cnn2_c4_c8.pth,noise3_exp/cnn_strict_seed_three_regs_noise_sweep_rate_uniform_L16_T16/cnn2_c4_c8/no_regularization/seed_44/noise_sweep_matrix_mnist_cnn2_c4_c8_T16_mode_rate_uniform_schedule_normal_seed_44.csv
cnn2_c4_c8,4,8,c4c8,no_regularization,44,16,16,rate_uniform,0.25,98.06,mnist-checkpoints/cnn2_c4_c8_L[16]_strict_seed44_ablation_none_l16_cnn2_c4_c8.pth,noise3_exp/cnn_strict_seed_three_regs_noise_sweep_rate_uniform_L16_T16/cnn2_c4_c8/no_regularization/seed_44/noise_sweep_matrix_mnist_cnn2_c4_c8_T16_mode_rate_uniform_schedule_normal_seed_44.csv
cnn2_c4_c8,4,8,c4c8,no_regularization,44,16,16,rate_uniform,0.3,98.12,mnist-checkpoints/cnn2_c4_c8_L[16]_strict_seed44_ablation_none_l16_cnn2_c4_c8.pth,noise3_exp/cnn_strict_seed_three_regs_noise_sweep_rate_uniform_L16_T16/cnn2_c4_c8/no_regularization/seed_44/noise_sweep_matrix_mnist_cnn2_c4_c8_T16_mode_rate_uniform_schedule_normal_seed_44.csv
cnn2_c4_c8,4,8,c4c8,no_regularization,44,16,16,rate_uniform,0.35,97.8,mnist-checkpoints/cnn2_c4_c8_L[16]_strict_seed44_ablation_none_l16_cnn2_c4_c8.pth,noise3_exp/cnn_strict_seed_three_regs_noise_sweep_rate_uniform_L16_T16/cnn2_c4_c8/no_regularization/seed_44/noise_sweep_matrix_mnist_cnn2_c4_c8_T16_mode_rate_uniform_schedule_normal_seed_44.csv
cnn2_c4_c8,4,8,c4c8,no_regularization,44,16,16,rate_uniform,0.4,97.68,mnist-checkpoints/cnn2_c4_c8_L[16]_strict_seed44_ablation_none_l16_cnn2_c4_c8.pth,noise3_exp/cnn_strict_seed_three_regs_noise_sweep_rate_uniform_L16_T16/cnn2_c4_c8/no_regularization/seed_44/noise_sweep_matrix_mnist_cnn2_c4_c8_T16_mode_rate_uniform_schedule_normal_seed_44.csv
cnn2_c4_c8,4,8,c4c8,no_regularization,44,16,16,rate_uniform,0.45,97.6,mnist-checkpoints/cnn2_c4_c8_L[16]_strict_seed44_ablation_none_l16_cnn2_c4_c8.pth,noise3_exp/cnn_strict_seed_three_regs_noise_sweep_rate_uniform_L16_T16/cnn2_c4_c8/no_regularization/seed_44/noise_sweep_matrix_mnist_cnn2_c4_c8_T16_mode_rate_uniform_schedule_normal_seed_44.csv
cnn2_c4_c8,4,8,c4c8,no_regularization,44,16,16,rate_uniform,0.5,97.62,mnist-checkpoints/cnn2_c4_c8_L[16]_strict_seed44_ablation_none_l16_cnn2_c4_c8.pth,noise3_exp/cnn_strict_seed_three_regs_noise_sweep_rate_uniform_L16_T16/cnn2_c4_c8/no_regularization/seed_44/noise_sweep_matrix_mnist_cnn2_c4_c8_T16_mode_rate_uniform_schedule_normal_seed_44.csv
cnn2_c4_c8,4,8,c4c8,no_regularization,44,16,16,rate_uniform,0.55,97.31,mnist-checkpoints/cnn2_c4_c8_L[16]_strict_seed44_ablation_none_l16_cnn2_c4_c8.pth,noise3_exp/cnn_strict_seed_three_regs_noise_sweep_rate_uniform_L16_T16/cnn2_c4_c8/no_regularization/seed_44/noise_sweep_matrix_mnist_cnn2_c4_c8_T16_mode_rate_uniform_schedule_normal_seed_44.csv
cnn2_c4_c8,4,8,c4c8,no_regularization,44,16,16,rate_uniform,0.6,97.33,mnist-checkpoints/cnn2_c4_c8_L[16]_strict_seed44_ablation_none_l16_cnn2_c4_c8.pth,noise3_exp/cnn_strict_seed_three_regs_noise_sweep_rate_uniform_L16_T16/cnn2_c4_c8/no_regularization/seed_44/noise_sweep_matrix_mnist_cnn2_c4_c8_T16_mode_rate_uniform_schedule_normal_seed_44.csv
cnn2_c4_c8,4,8,c4c8,no_regularization,44,16,16,rate_uniform,0.65,96.79,mnist-checkpoints/cnn2_c4_c8_L[16]_strict_seed44_ablation_none_l16_cnn2_c4_c8.pth,noise3_exp/cnn_strict_seed_three_regs_noise_sweep_rate_uniform_L16_T16/cnn2_c4_c8/no_regularization/seed_44/noise_sweep_matrix_mnist_cnn2_c4_c8_T16_mode_rate_uniform_schedule_normal_seed_44.csv
cnn2_c4_c8,4,8,c4c8,no_regularization,44,16,16,rate_uniform,0.7,96.57,mnist-checkpoints/cnn2_c4_c8_L[16]_strict_seed44_ablation_none_l16_cnn2_c4_c8.pth,noise3_exp/cnn_strict_seed_three_regs_noise_sweep_rate_uniform_L16_T16/cnn2_c4_c8/no_regularization/seed_44/noise_sweep_matrix_mnist_cnn2_c4_c8_T16_mode_rate_uniform_schedule_normal_seed_44.csv
cnn2_c4_c8,4,8,c4c8,no_regularization,44,16,16,rate_uniform,0.75,96.49,mnist-checkpoints/cnn2_c4_c8_L[16]_strict_seed44_ablation_none_l16_cnn2_c4_c8.pth,noise3_exp/cnn_strict_seed_three_regs_noise_sweep_rate_uniform_L16_T16/cnn2_c4_c8/no_regularization/seed_44/noise_sweep_matrix_mnist_cnn2_c4_c8_T16_mode_rate_uniform_schedule_normal_seed_44.csv
cnn2_c4_c8,4,8,c4c8,no_regularization,44,16,16,rate_uniform,0.8,95.82,mnist-checkpoints/cnn2_c4_c8_L[16]_strict_seed44_ablation_none_l16_cnn2_c4_c8.pth,noise3_exp/cnn_strict_seed_three_regs_noise_sweep_rate_uniform_L16_T16/cnn2_c4_c8/no_regularization/seed_44/noise_sweep_matrix_mnist_cnn2_c4_c8_T16_mode_rate_uniform_schedule_normal_seed_44.csv
cnn2_c4_c8,4,8,c4c8,no_regularization,44,16,16,rate_uniform,0.85,95.47,mnist-checkpoints/cnn2_c4_c8_L[16]_strict_seed44_ablation_none_l16_cnn2_c4_c8.pth,noise3_exp/cnn_strict_seed_three_regs_noise_sweep_rate_uniform_L16_T16/cnn2_c4_c8/no_regularization/seed_44/noise_sweep_matrix_mnist_cnn2_c4_c8_T16_mode_rate_uniform_schedule_normal_seed_44.csv
cnn2_c4_c8,4,8,c4c8,no_regularization,44,16,16,rate_uniform,0.9,95.33,mnist-checkpoints/cnn2_c4_c8_L[16]_strict_seed44_ablation_none_l16_cnn2_c4_c8.pth,noise3_exp/cnn_strict_seed_three_regs_noise_sweep_rate_uniform_L16_T16/cnn2_c4_c8/no_regularization/seed_44/noise_sweep_matrix_mnist_cnn2_c4_c8_T16_mode_rate_uniform_schedule_normal_seed_44.csv
cnn2_c4_c8,4,8,c4c8,no_regularization,44,16,16,rate_uniform,0.95,94.78,mnist-checkpoints/cnn2_c4_c8_L[16]_strict_seed44_ablation_none_l16_cnn2_c4_c8.pth,noise3_exp/cnn_strict_seed_three_regs_noise_sweep_rate_uniform_L16_T16/cnn2_c4_c8/no_regularization/seed_44/noise_sweep_matrix_mnist_cnn2_c4_c8_T16_mode_rate_uniform_schedule_normal_seed_44.csv
cnn2_c4_c8,4,8,c4c8,no_regularization,44,16,16,rate_uniform,1.0,94.19,mnist-checkpoints/cnn2_c4_c8_L[16]_strict_seed44_ablation_none_l16_cnn2_c4_c8.pth,noise3_exp/cnn_strict_seed_three_regs_noise_sweep_rate_uniform_L16_T16/cnn2_c4_c8/no_regularization/seed_44/noise_sweep_matrix_mnist_cnn2_c4_c8_T16_mode_rate_uniform_schedule_normal_seed_44.csv
cnn2_c8_c16,8,16,c8c16,mne_l2,40,16,16,rate_uniform,0.0,96.81,mnist-checkpoints/cnn2_c8_c16_L[16]_strict_seed40_ablation_mne_l2_l16_cnn2_c8_c16_rc5em02.pth,noise3_exp/cnn_strict_seed_three_regs_noise_sweep_rate_uniform_L16_T16/cnn2_c8_c16/mne_l2/seed_40/noise_sweep_matrix_mnist_cnn2_c8_c16_T16_mode_rate_uniform_schedule_normal_seed_40.csv
cnn2_c8_c16,8,16,c8c16,mne_l2,40,16,16,rate_uniform,0.05,96.74,mnist-checkpoints/cnn2_c8_c16_L[16]_strict_seed40_ablation_mne_l2_l16_cnn2_c8_c16_rc5em02.pth,noise3_exp/cnn_strict_seed_three_regs_noise_sweep_rate_uniform_L16_T16/cnn2_c8_c16/mne_l2/seed_40/noise_sweep_matrix_mnist_cnn2_c8_c16_T16_mode_rate_uniform_schedule_normal_seed_40.csv
cnn2_c8_c16,8,16,c8c16,mne_l2,40,16,16,rate_uniform,0.1,96.61,mnist-checkpoints/cnn2_c8_c16_L[16]_strict_seed40_ablation_mne_l2_l16_cnn2_c8_c16_rc5em02.pth,noise3_exp/cnn_strict_seed_three_regs_noise_sweep_rate_uniform_L16_T16/cnn2_c8_c16/mne_l2/seed_40/noise_sweep_matrix_mnist_cnn2_c8_c16_T16_mode_rate_uniform_schedule_normal_seed_40.csv
cnn2_c8_c16,8,16,c8c16,mne_l2,40,16,16,rate_uniform,0.15,96.62,mnist-checkpoints/cnn2_c8_c16_L[16]_strict_seed40_ablation_mne_l2_l16_cnn2_c8_c16_rc5em02.pth,noise3_exp/cnn_strict_seed_three_regs_noise_sweep_rate_uniform_L16_T16/cnn2_c8_c16/mne_l2/seed_40/noise_sweep_matrix_mnist_cnn2_c8_c16_T16_mode_rate_uniform_schedule_normal_seed_40.csv
cnn2_c8_c16,8,16,c8c16,mne_l2,40,16,16,rate_uniform,0.2,96.64,mnist-checkpoints/cnn2_c8_c16_L[16]_strict_seed40_ablation_mne_l2_l16_cnn2_c8_c16_rc5em02.pth,noise3_exp/cnn_strict_seed_three_regs_noise_sweep_rate_uniform_L16_T16/cnn2_c8_c16/mne_l2/seed_40/noise_sweep_matrix_mnist_cnn2_c8_c16_T16_mode_rate_uniform_schedule_normal_seed_40.csv
cnn2_c8_c16,8,16,c8c16,mne_l2,40,16,16,rate_uniform,0.25,96.72,mnist-checkpoints/cnn2_c8_c16_L[16]_strict_seed40_ablation_mne_l2_l16_cnn2_c8_c16_rc5em02.pth,noise3_exp/cnn_strict_seed_three_regs_noise_sweep_rate_uniform_L16_T16/cnn2_c8_c16/mne_l2/seed_40/noise_sweep_matrix_mnist_cnn2_c8_c16_T16_mode_rate_uniform_schedule_normal_seed_40.csv
cnn2_c8_c16,8,16,c8c16,mne_l2,40,16,16,rate_uniform,0.3,96.62,mnist-checkpoints/cnn2_c8_c16_L[16]_strict_seed40_ablation_mne_l2_l16_cnn2_c8_c16_rc5em02.pth,noise3_exp/cnn_strict_seed_three_regs_noise_sweep_rate_uniform_L16_T16/cnn2_c8_c16/mne_l2/seed_40/noise_sweep_matrix_mnist_cnn2_c8_c16_T16_mode_rate_uniform_schedule_normal_seed_40.csv
cnn2_c8_c16,8,16,c8c16,mne_l2,40,16,16,rate_uniform,0.35,96.66,mnist-checkpoints/cnn2_c8_c16_L[16]_strict_seed40_ablation_mne_l2_l16_cnn2_c8_c16_rc5em02.pth,noise3_exp/cnn_strict_seed_three_regs_noise_sweep_rate_uniform_L16_T16/cnn2_c8_c16/mne_l2/seed_40/noise_sweep_matrix_mnist_cnn2_c8_c16_T16_mode_rate_uniform_schedule_normal_seed_40.csv
cnn2_c8_c16,8,16,c8c16,mne_l2,40,16,16,rate_uniform,0.4,96.72,mnist-checkpoints/cnn2_c8_c16_L[16]_strict_seed40_ablation_mne_l2_l16_cnn2_c8_c16_rc5em02.pth,noise3_exp/cnn_strict_seed_three_regs_noise_sweep_rate_uniform_L16_T16/cnn2_c8_c16/mne_l2/seed_40/noise_sweep_matrix_mnist_cnn2_c8_c16_T16_mode_rate_uniform_schedule_normal_seed_40.csv
cnn2_c8_c16,8,16,c8c16,mne_l2,40,16,16,rate_uniform,0.45,96.59,mnist-checkpoints/cnn2_c8_c16_L[16]_strict_seed40_ablation_mne_l2_l16_cnn2_c8_c16_rc5em02.pth,noise3_exp/cnn_strict_seed_three_regs_noise_sweep_rate_uniform_L16_T16/cnn2_c8_c16/mne_l2/seed_40/noise_sweep_matrix_mnist_cnn2_c8_c16_T16_mode_rate_uniform_schedule_normal_seed_40.csv
cnn2_c8_c16,8,16,c8c16,mne_l2,40,16,16,rate_uniform,0.5,96.34,mnist-checkpoints/cnn2_c8_c16_L[16]_strict_seed40_ablation_mne_l2_l16_cnn2_c8_c16_rc5em02.pth,noise3_exp/cnn_strict_seed_three_regs_noise_sweep_rate_uniform_L16_T16/cnn2_c8_c16/mne_l2/seed_40/noise_sweep_matrix_mnist_cnn2_c8_c16_T16_mode_rate_uniform_schedule_normal_seed_40.csv
cnn2_c8_c16,8,16,c8c16,mne_l2,40,16,16,rate_uniform,0.55,96.52,mnist-checkpoints/cnn2_c8_c16_L[16]_strict_seed40_ablation_mne_l2_l16_cnn2_c8_c16_rc5em02.pth,noise3_exp/cnn_strict_seed_three_regs_noise_sweep_rate_uniform_L16_T16/cnn2_c8_c16/mne_l2/seed_40/noise_sweep_matrix_mnist_cnn2_c8_c16_T16_mode_rate_uniform_schedule_normal_seed_40.csv
cnn2_c8_c16,8,16,c8c16,mne_l2,40,16,16,rate_uniform,0.6,96.48,mnist-checkpoints/cnn2_c8_c16_L[16]_strict_seed40_ablation_mne_l2_l16_cnn2_c8_c16_rc5em02.pth,noise3_exp/cnn_strict_seed_three_regs_noise_sweep_rate_uniform_L16_T16/cnn2_c8_c16/mne_l2/seed_40/noise_sweep_matrix_mnist_cnn2_c8_c16_T16_mode_rate_uniform_schedule_normal_seed_40.csv
cnn2_c8_c16,8,16,c8c16,mne_l2,40,16,16,rate_uniform,0.65,96.73,mnist-checkpoints/cnn2_c8_c16_L[16]_strict_seed40_ablation_mne_l2_l16_cnn2_c8_c16_rc5em02.pth,noise3_exp/cnn_strict_seed_three_regs_noise_sweep_rate_uniform_L16_T16/cnn2_c8_c16/mne_l2/seed_40/noise_sweep_matrix_mnist_cnn2_c8_c16_T16_mode_rate_uniform_schedule_normal_seed_40.csv
cnn2_c8_c16,8,16,c8c16,mne_l2,40,16,16,rate_uniform,0.7,96.57,mnist-checkpoints/cnn2_c8_c16_L[16]_strict_seed40_ablation_mne_l2_l16_cnn2_c8_c16_rc5em02.pth,noise3_exp/cnn_strict_seed_three_regs_noise_sweep_rate_uniform_L16_T16/cnn2_c8_c16/mne_l2/seed_40/noise_sweep_matrix_mnist_cnn2_c8_c16_T16_mode_rate_uniform_schedule_normal_seed_40.csv
cnn2_c8_c16,8,16,c8c16,mne_l2,40,16,16,rate_uniform,0.75,96.4,mnist-checkpoints/cnn2_c8_c16_L[16]_strict_seed40_ablation_mne_l2_l16_cnn2_c8_c16_rc5em02.pth,noise3_exp/cnn_strict_seed_three_regs_noise_sweep_rate_uniform_L16_T16/cnn2_c8_c16/mne_l2/seed_40/noise_sweep_matrix_mnist_cnn2_c8_c16_T16_mode_rate_uniform_schedule_normal_seed_40.csv
cnn2_c8_c16,8,16,c8c16,mne_l2,40,16,16,rate_uniform,0.8,96.42,mnist-checkpoints/cnn2_c8_c16_L[16]_strict_seed40_ablation_mne_l2_l16_cnn2_c8_c16_rc5em02.pth,noise3_exp/cnn_strict_seed_three_regs_noise_sweep_rate_uniform_L16_T16/cnn2_c8_c16/mne_l2/seed_40/noise_sweep_matrix_mnist_cnn2_c8_c16_T16_mode_rate_uniform_schedule_normal_seed_40.csv
cnn2_c8_c16,8,16,c8c16,mne_l2,40,16,16,rate_uniform,0.85,96.28,mnist-checkpoints/cnn2_c8_c16_L[16]_strict_seed40_ablation_mne_l2_l16_cnn2_c8_c16_rc5em02.pth,noise3_exp/cnn_strict_seed_three_regs_noise_sweep_rate_uniform_L16_T16/cnn2_c8_c16/mne_l2/seed_40/noise_sweep_matrix_mnist_cnn2_c8_c16_T16_mode_rate_uniform_schedule_normal_seed_40.csv
cnn2_c8_c16,8,16,c8c16,mne_l2,40,16,16,rate_uniform,0.9,96.4,mnist-checkpoints/cnn2_c8_c16_L[16]_strict_seed40_ablation_mne_l2_l16_cnn2_c8_c16_rc5em02.pth,noise3_exp/cnn_strict_seed_three_regs_noise_sweep_rate_uniform_L16_T16/cnn2_c8_c16/mne_l2/seed_40/noise_sweep_matrix_mnist_cnn2_c8_c16_T16_mode_rate_uniform_schedule_normal_seed_40.csv
cnn2_c8_c16,8,16,c8c16,mne_l2,40,16,16,rate_uniform,0.95,96.4,mnist-checkpoints/cnn2_c8_c16_L[16]_strict_seed40_ablation_mne_l2_l16_cnn2_c8_c16_rc5em02.pth,noise3_exp/cnn_strict_seed_three_regs_noise_sweep_rate_uniform_L16_T16/cnn2_c8_c16/mne_l2/seed_40/noise_sweep_matrix_mnist_cnn2_c8_c16_T16_mode_rate_uniform_schedule_normal_seed_40.csv
cnn2_c8_c16,8,16,c8c16,mne_l2,40,16,16,rate_uniform,1.0,96.11,mnist-checkpoints/cnn2_c8_c16_L[16]_strict_seed40_ablation_mne_l2_l16_cnn2_c8_c16_rc5em02.pth,noise3_exp/cnn_strict_seed_three_regs_noise_sweep_rate_uniform_L16_T16/cnn2_c8_c16/mne_l2/seed_40/noise_sweep_matrix_mnist_cnn2_c8_c16_T16_mode_rate_uniform_schedule_normal_seed_40.csv
cnn2_c8_c16,8,16,c8c16,mne_l2,41,16,16,rate_uniform,0.0,95.13,mnist-checkpoints/cnn2_c8_c16_L[16]_strict_seed41_ablation_mne_l2_l16_cnn2_c8_c16_rc5em02.pth,noise3_exp/cnn_strict_seed_three_regs_noise_sweep_rate_uniform_L16_T16/cnn2_c8_c16/mne_l2/seed_41/noise_sweep_matrix_mnist_cnn2_c8_c16_T16_mode_rate_uniform_schedule_normal_seed_41.csv
cnn2_c8_c16,8,16,c8c16,mne_l2,41,16,16,rate_uniform,0.05,95.04,mnist-checkpoints/cnn2_c8_c16_L[16]_strict_seed41_ablation_mne_l2_l16_cnn2_c8_c16_rc5em02.pth,noise3_exp/cnn_strict_seed_three_regs_noise_sweep_rate_uniform_L16_T16/cnn2_c8_c16/mne_l2/seed_41/noise_sweep_matrix_mnist_cnn2_c8_c16_T16_mode_rate_uniform_schedule_normal_seed_41.csv
cnn2_c8_c16,8,16,c8c16,mne_l2,41,16,16,rate_uniform,0.1,95.17,mnist-checkpoints/cnn2_c8_c16_L[16]_strict_seed41_ablation_mne_l2_l16_cnn2_c8_c16_rc5em02.pth,noise3_exp/cnn_strict_seed_three_regs_noise_sweep_rate_uniform_L16_T16/cnn2_c8_c16/mne_l2/seed_41/noise_sweep_matrix_mnist_cnn2_c8_c16_T16_mode_rate_uniform_schedule_normal_seed_41.csv
cnn2_c8_c16,8,16,c8c16,mne_l2,41,16,16,rate_uniform,0.15,95.06,mnist-checkpoints/cnn2_c8_c16_L[16]_strict_seed41_ablation_mne_l2_l16_cnn2_c8_c16_rc5em02.pth,noise3_exp/cnn_strict_seed_three_regs_noise_sweep_rate_uniform_L16_T16/cnn2_c8_c16/mne_l2/seed_41/noise_sweep_matrix_mnist_cnn2_c8_c16_T16_mode_rate_uniform_schedule_normal_seed_41.csv
cnn2_c8_c16,8,16,c8c16,mne_l2,41,16,16,rate_uniform,0.2,95.3,mnist-checkpoints/cnn2_c8_c16_L[16]_strict_seed41_ablation_mne_l2_l16_cnn2_c8_c16_rc5em02.pth,noise3_exp/cnn_strict_seed_three_regs_noise_sweep_rate_uniform_L16_T16/cnn2_c8_c16/mne_l2/seed_41/noise_sweep_matrix_mnist_cnn2_c8_c16_T16_mode_rate_uniform_schedule_normal_seed_41.csv
cnn2_c8_c16,8,16,c8c16,mne_l2,41,16,16,rate_uniform,0.25,95.27,mnist-checkpoints/cnn2_c8_c16_L[16]_strict_seed41_ablation_mne_l2_l16_cnn2_c8_c16_rc5em02.pth,noise3_exp/cnn_strict_seed_three_regs_noise_sweep_rate_uniform_L16_T16/cnn2_c8_c16/mne_l2/seed_41/noise_sweep_matrix_mnist_cnn2_c8_c16_T16_mode_rate_uniform_schedule_normal_seed_41.csv
cnn2_c8_c16,8,16,c8c16,mne_l2,41,16,16,rate_uniform,0.3,94.9,mnist-checkpoints/cnn2_c8_c16_L[16]_strict_seed41_ablation_mne_l2_l16_cnn2_c8_c16_rc5em02.pth,noise3_exp/cnn_strict_seed_three_regs_noise_sweep_rate_uniform_L16_T16/cnn2_c8_c16/mne_l2/seed_41/noise_sweep_matrix_mnist_cnn2_c8_c16_T16_mode_rate_uniform_schedule_normal_seed_41.csv
cnn2_c8_c16,8,16,c8c16,mne_l2,41,16,16,rate_uniform,0.35,94.48,mnist-checkpoints/cnn2_c8_c16_L[16]_strict_seed41_ablation_mne_l2_l16_cnn2_c8_c16_rc5em02.pth,noise3_exp/cnn_strict_seed_three_regs_noise_sweep_rate_uniform_L16_T16/cnn2_c8_c16/mne_l2/seed_41/noise_sweep_matrix_mnist_cnn2_c8_c16_T16_mode_rate_uniform_schedule_normal_seed_41.csv
cnn2_c8_c16,8,16,c8c16,mne_l2,41,16,16,rate_uniform,0.4,94.53,mnist-checkpoints/cnn2_c8_c16_L[16]_strict_seed41_ablation_mne_l2_l16_cnn2_c8_c16_rc5em02.pth,noise3_exp/cnn_strict_seed_three_regs_noise_sweep_rate_uniform_L16_T16/cnn2_c8_c16/mne_l2/seed_41/noise_sweep_matrix_mnist_cnn2_c8_c16_T16_mode_rate_uniform_schedule_normal_seed_41.csv
cnn2_c8_c16,8,16,c8c16,mne_l2,41,16,16,rate_uniform,0.45,93.95,mnist-checkpoints/cnn2_c8_c16_L[16]_strict_seed41_ablation_mne_l2_l16_cnn2_c8_c16_rc5em02.pth,noise3_exp/cnn_strict_seed_three_regs_noise_sweep_rate_uniform_L16_T16/cnn2_c8_c16/mne_l2/seed_41/noise_sweep_matrix_mnist_cnn2_c8_c16_T16_mode_rate_uniform_schedule_normal_seed_41.csv
cnn2_c8_c16,8,16,c8c16,mne_l2,41,16,16,rate_uniform,0.5,94.0,mnist-checkpoints/cnn2_c8_c16_L[16]_strict_seed41_ablation_mne_l2_l16_cnn2_c8_c16_rc5em02.pth,noise3_exp/cnn_strict_seed_three_regs_noise_sweep_rate_uniform_L16_T16/cnn2_c8_c16/mne_l2/seed_41/noise_sweep_matrix_mnist_cnn2_c8_c16_T16_mode_rate_uniform_schedule_normal_seed_41.csv
cnn2_c8_c16,8,16,c8c16,mne_l2,41,16,16,rate_uniform,0.55,93.89,mnist-checkpoints/cnn2_c8_c16_L[16]_strict_seed41_ablation_mne_l2_l16_cnn2_c8_c16_rc5em02.pth,noise3_exp/cnn_strict_seed_three_regs_noise_sweep_rate_uniform_L16_T16/cnn2_c8_c16/mne_l2/seed_41/noise_sweep_matrix_mnist_cnn2_c8_c16_T16_mode_rate_uniform_schedule_normal_seed_41.csv
cnn2_c8_c16,8,16,c8c16,mne_l2,41,16,16,rate_uniform,0.6,93.74,mnist-checkpoints/cnn2_c8_c16_L[16]_strict_seed41_ablation_mne_l2_l16_cnn2_c8_c16_rc5em02.pth,noise3_exp/cnn_strict_seed_three_regs_noise_sweep_rate_uniform_L16_T16/cnn2_c8_c16/mne_l2/seed_41/noise_sweep_matrix_mnist_cnn2_c8_c16_T16_mode_rate_uniform_schedule_normal_seed_41.csv
cnn2_c8_c16,8,16,c8c16,mne_l2,41,16,16,rate_uniform,0.65,93.52,mnist-checkpoints/cnn2_c8_c16_L[16]_strict_seed41_ablation_mne_l2_l16_cnn2_c8_c16_rc5em02.pth,noise3_exp/cnn_strict_seed_three_regs_noise_sweep_rate_uniform_L16_T16/cnn2_c8_c16/mne_l2/seed_41/noise_sweep_matrix_mnist_cnn2_c8_c16_T16_mode_rate_uniform_schedule_normal_seed_41.csv
cnn2_c8_c16,8,16,c8c16,mne_l2,41,16,16,rate_uniform,0.7,93.32,mnist-checkpoints/cnn2_c8_c16_L[16]_strict_seed41_ablation_mne_l2_l16_cnn2_c8_c16_rc5em02.pth,noise3_exp/cnn_strict_seed_three_regs_noise_sweep_rate_uniform_L16_T16/cnn2_c8_c16/mne_l2/seed_41/noise_sweep_matrix_mnist_cnn2_c8_c16_T16_mode_rate_uniform_schedule_normal_seed_41.csv
cnn2_c8_c16,8,16,c8c16,mne_l2,41,16,16,rate_uniform,0.75,93.24,mnist-checkpoints/cnn2_c8_c16_L[16]_strict_seed41_ablation_mne_l2_l16_cnn2_c8_c16_rc5em02.pth,noise3_exp/cnn_strict_seed_three_regs_noise_sweep_rate_uniform_L16_T16/cnn2_c8_c16/mne_l2/seed_41/noise_sweep_matrix_mnist_cnn2_c8_c16_T16_mode_rate_uniform_schedule_normal_seed_41.csv
cnn2_c8_c16,8,16,c8c16,mne_l2,41,16,16,rate_uniform,0.8,92.93,mnist-checkpoints/cnn2_c8_c16_L[16]_strict_seed41_ablation_mne_l2_l16_cnn2_c8_c16_rc5em02.pth,noise3_exp/cnn_strict_seed_three_regs_noise_sweep_rate_uniform_L16_T16/cnn2_c8_c16/mne_l2/seed_41/noise_sweep_matrix_mnist_cnn2_c8_c16_T16_mode_rate_uniform_schedule_normal_seed_41.csv
cnn2_c8_c16,8,16,c8c16,mne_l2,41,16,16,rate_uniform,0.85,92.93,mnist-checkpoints/cnn2_c8_c16_L[16]_strict_seed41_ablation_mne_l2_l16_cnn2_c8_c16_rc5em02.pth,noise3_exp/cnn_strict_seed_three_regs_noise_sweep_rate_uniform_L16_T16/cnn2_c8_c16/mne_l2/seed_41/noise_sweep_matrix_mnist_cnn2_c8_c16_T16_mode_rate_uniform_schedule_normal_seed_41.csv
cnn2_c8_c16,8,16,c8c16,mne_l2,41,16,16,rate_uniform,0.9,92.73,mnist-checkpoints/cnn2_c8_c16_L[16]_strict_seed41_ablation_mne_l2_l16_cnn2_c8_c16_rc5em02.pth,noise3_exp/cnn_strict_seed_three_regs_noise_sweep_rate_uniform_L16_T16/cnn2_c8_c16/mne_l2/seed_41/noise_sweep_matrix_mnist_cnn2_c8_c16_T16_mode_rate_uniform_schedule_normal_seed_41.csv
cnn2_c8_c16,8,16,c8c16,mne_l2,41,16,16,rate_uniform,0.95,92.81,mnist-checkpoints/cnn2_c8_c16_L[16]_strict_seed41_ablation_mne_l2_l16_cnn2_c8_c16_rc5em02.pth,noise3_exp/cnn_strict_seed_three_regs_noise_sweep_rate_uniform_L16_T16/cnn2_c8_c16/mne_l2/seed_41/noise_sweep_matrix_mnist_cnn2_c8_c16_T16_mode_rate_uniform_schedule_normal_seed_41.csv
cnn2_c8_c16,8,16,c8c16,mne_l2,41,16,16,rate_uniform,1.0,92.77,mnist-checkpoints/cnn2_c8_c16_L[16]_strict_seed41_ablation_mne_l2_l16_cnn2_c8_c16_rc5em02.pth,noise3_exp/cnn_strict_seed_three_regs_noise_sweep_rate_uniform_L16_T16/cnn2_c8_c16/mne_l2/seed_41/noise_sweep_matrix_mnist_cnn2_c8_c16_T16_mode_rate_uniform_schedule_normal_seed_41.csv
cnn2_c8_c16,8,16,c8c16,mne_l2,42,16,16,rate_uniform,0.0,95.59,mnist-checkpoints/cnn2_c8_c16_L[16]_strict_seed42_ablation_mne_l2_l16_cnn2_c8_c16_rc5em02.pth,noise3_exp/cnn_strict_seed_three_regs_noise_sweep_rate_uniform_L16_T16/cnn2_c8_c16/mne_l2/seed_42/noise_sweep_matrix_mnist_cnn2_c8_c16_T16_mode_rate_uniform_schedule_normal_seed_42.csv
cnn2_c8_c16,8,16,c8c16,mne_l2,42,16,16,rate_uniform,0.05,95.55,mnist-checkpoints/cnn2_c8_c16_L[16]_strict_seed42_ablation_mne_l2_l16_cnn2_c8_c16_rc5em02.pth,noise3_exp/cnn_strict_seed_three_regs_noise_sweep_rate_uniform_L16_T16/cnn2_c8_c16/mne_l2/seed_42/noise_sweep_matrix_mnist_cnn2_c8_c16_T16_mode_rate_uniform_schedule_normal_seed_42.csv
cnn2_c8_c16,8,16,c8c16,mne_l2,42,16,16,rate_uniform,0.1,95.45,mnist-checkpoints/cnn2_c8_c16_L[16]_strict_seed42_ablation_mne_l2_l16_cnn2_c8_c16_rc5em02.pth,noise3_exp/cnn_strict_seed_three_regs_noise_sweep_rate_uniform_L16_T16/cnn2_c8_c16/mne_l2/seed_42/noise_sweep_matrix_mnist_cnn2_c8_c16_T16_mode_rate_uniform_schedule_normal_seed_42.csv
cnn2_c8_c16,8,16,c8c16,mne_l2,42,16,16,rate_uniform,0.15,95.58,mnist-checkpoints/cnn2_c8_c16_L[16]_strict_seed42_ablation_mne_l2_l16_cnn2_c8_c16_rc5em02.pth,noise3_exp/cnn_strict_seed_three_regs_noise_sweep_rate_uniform_L16_T16/cnn2_c8_c16/mne_l2/seed_42/noise_sweep_matrix_mnist_cnn2_c8_c16_T16_mode_rate_uniform_schedule_normal_seed_42.csv
cnn2_c8_c16,8,16,c8c16,mne_l2,42,16,16,rate_uniform,0.2,95.45,mnist-checkpoints/cnn2_c8_c16_L[16]_strict_seed42_ablation_mne_l2_l16_cnn2_c8_c16_rc5em02.pth,noise3_exp/cnn_strict_seed_three_regs_noise_sweep_rate_uniform_L16_T16/cnn2_c8_c16/mne_l2/seed_42/noise_sweep_matrix_mnist_cnn2_c8_c16_T16_mode_rate_uniform_schedule_normal_seed_42.csv
cnn2_c8_c16,8,16,c8c16,mne_l2,42,16,16,rate_uniform,0.25,95.56,mnist-checkpoints/cnn2_c8_c16_L[16]_strict_seed42_ablation_mne_l2_l16_cnn2_c8_c16_rc5em02.pth,noise3_exp/cnn_strict_seed_three_regs_noise_sweep_rate_uniform_L16_T16/cnn2_c8_c16/mne_l2/seed_42/noise_sweep_matrix_mnist_cnn2_c8_c16_T16_mode_rate_uniform_schedule_normal_seed_42.csv
cnn2_c8_c16,8,16,c8c16,mne_l2,42,16,16,rate_uniform,0.3,95.33,mnist-checkpoints/cnn2_c8_c16_L[16]_strict_seed42_ablation_mne_l2_l16_cnn2_c8_c16_rc5em02.pth,noise3_exp/cnn_strict_seed_three_regs_noise_sweep_rate_uniform_L16_T16/cnn2_c8_c16/mne_l2/seed_42/noise_sweep_matrix_mnist_cnn2_c8_c16_T16_mode_rate_uniform_schedule_normal_seed_42.csv
cnn2_c8_c16,8,16,c8c16,mne_l2,42,16,16,rate_uniform,0.35,95.28,mnist-checkpoints/cnn2_c8_c16_L[16]_strict_seed42_ablation_mne_l2_l16_cnn2_c8_c16_rc5em02.pth,noise3_exp/cnn_strict_seed_three_regs_noise_sweep_rate_uniform_L16_T16/cnn2_c8_c16/mne_l2/seed_42/noise_sweep_matrix_mnist_cnn2_c8_c16_T16_mode_rate_uniform_schedule_normal_seed_42.csv
cnn2_c8_c16,8,16,c8c16,mne_l2,42,16,16,rate_uniform,0.4,95.06,mnist-checkpoints/cnn2_c8_c16_L[16]_strict_seed42_ablation_mne_l2_l16_cnn2_c8_c16_rc5em02.pth,noise3_exp/cnn_strict_seed_three_regs_noise_sweep_rate_uniform_L16_T16/cnn2_c8_c16/mne_l2/seed_42/noise_sweep_matrix_mnist_cnn2_c8_c16_T16_mode_rate_uniform_schedule_normal_seed_42.csv
cnn2_c8_c16,8,16,c8c16,mne_l2,42,16,16,rate_uniform,0.45,95.09,mnist-checkpoints/cnn2_c8_c16_L[16]_strict_seed42_ablation_mne_l2_l16_cnn2_c8_c16_rc5em02.pth,noise3_exp/cnn_strict_seed_three_regs_noise_sweep_rate_uniform_L16_T16/cnn2_c8_c16/mne_l2/seed_42/noise_sweep_matrix_mnist_cnn2_c8_c16_T16_mode_rate_uniform_schedule_normal_seed_42.csv
cnn2_c8_c16,8,16,c8c16,mne_l2,42,16,16,rate_uniform,0.5,94.66,mnist-checkpoints/cnn2_c8_c16_L[16]_strict_seed42_ablation_mne_l2_l16_cnn2_c8_c16_rc5em02.pth,noise3_exp/cnn_strict_seed_three_regs_noise_sweep_rate_uniform_L16_T16/cnn2_c8_c16/mne_l2/seed_42/noise_sweep_matrix_mnist_cnn2_c8_c16_T16_mode_rate_uniform_schedule_normal_seed_42.csv
cnn2_c8_c16,8,16,c8c16,mne_l2,42,16,16,rate_uniform,0.55,94.8,mnist-checkpoints/cnn2_c8_c16_L[16]_strict_seed42_ablation_mne_l2_l16_cnn2_c8_c16_rc5em02.pth,noise3_exp/cnn_strict_seed_three_regs_noise_sweep_rate_uniform_L16_T16/cnn2_c8_c16/mne_l2/seed_42/noise_sweep_matrix_mnist_cnn2_c8_c16_T16_mode_rate_uniform_schedule_normal_seed_42.csv
cnn2_c8_c16,8,16,c8c16,mne_l2,42,16,16,rate_uniform,0.6,94.71,mnist-checkpoints/cnn2_c8_c16_L[16]_strict_seed42_ablation_mne_l2_l16_cnn2_c8_c16_rc5em02.pth,noise3_exp/cnn_strict_seed_three_regs_noise_sweep_rate_uniform_L16_T16/cnn2_c8_c16/mne_l2/seed_42/noise_sweep_matrix_mnist_cnn2_c8_c16_T16_mode_rate_uniform_schedule_normal_seed_42.csv
cnn2_c8_c16,8,16,c8c16,mne_l2,42,16,16,rate_uniform,0.65,94.88,mnist-checkpoints/cnn2_c8_c16_L[16]_strict_seed42_ablation_mne_l2_l16_cnn2_c8_c16_rc5em02.pth,noise3_exp/cnn_strict_seed_three_regs_noise_sweep_rate_uniform_L16_T16/cnn2_c8_c16/mne_l2/seed_42/noise_sweep_matrix_mnist_cnn2_c8_c16_T16_mode_rate_uniform_schedule_normal_seed_42.csv
cnn2_c8_c16,8,16,c8c16,mne_l2,42,16,16,rate_uniform,0.7,94.9,mnist-checkpoints/cnn2_c8_c16_L[16]_strict_seed42_ablation_mne_l2_l16_cnn2_c8_c16_rc5em02.pth,noise3_exp/cnn_strict_seed_three_regs_noise_sweep_rate_uniform_L16_T16/cnn2_c8_c16/mne_l2/seed_42/noise_sweep_matrix_mnist_cnn2_c8_c16_T16_mode_rate_uniform_schedule_normal_seed_42.csv
cnn2_c8_c16,8,16,c8c16,mne_l2,42,16,16,rate_uniform,0.75,94.69,mnist-checkpoints/cnn2_c8_c16_L[16]_strict_seed42_ablation_mne_l2_l16_cnn2_c8_c16_rc5em02.pth,noise3_exp/cnn_strict_seed_three_regs_noise_sweep_rate_uniform_L16_T16/cnn2_c8_c16/mne_l2/seed_42/noise_sweep_matrix_mnist_cnn2_c8_c16_T16_mode_rate_uniform_schedule_normal_seed_42.csv
cnn2_c8_c16,8,16,c8c16,mne_l2,42,16,16,rate_uniform,0.8,94.67,mnist-checkpoints/cnn2_c8_c16_L[16]_strict_seed42_ablation_mne_l2_l16_cnn2_c8_c16_rc5em02.pth,noise3_exp/cnn_strict_seed_three_regs_noise_sweep_rate_uniform_L16_T16/cnn2_c8_c16/mne_l2/seed_42/noise_sweep_matrix_mnist_cnn2_c8_c16_T16_mode_rate_uniform_schedule_normal_seed_42.csv
cnn2_c8_c16,8,16,c8c16,mne_l2,42,16,16,rate_uniform,0.85,94.65,mnist-checkpoints/cnn2_c8_c16_L[16]_strict_seed42_ablation_mne_l2_l16_cnn2_c8_c16_rc5em02.pth,noise3_exp/cnn_strict_seed_three_regs_noise_sweep_rate_uniform_L16_T16/cnn2_c8_c16/mne_l2/seed_42/noise_sweep_matrix_mnist_cnn2_c8_c16_T16_mode_rate_uniform_schedule_normal_seed_42.csv
cnn2_c8_c16,8,16,c8c16,mne_l2,42,16,16,rate_uniform,0.9,94.51,mnist-checkpoints/cnn2_c8_c16_L[16]_strict_seed42_ablation_mne_l2_l16_cnn2_c8_c16_rc5em02.pth,noise3_exp/cnn_strict_seed_three_regs_noise_sweep_rate_uniform_L16_T16/cnn2_c8_c16/mne_l2/seed_42/noise_sweep_matrix_mnist_cnn2_c8_c16_T16_mode_rate_uniform_schedule_normal_seed_42.csv
cnn2_c8_c16,8,16,c8c16,mne_l2,42,16,16,rate_uniform,0.95,94.46,mnist-checkpoints/cnn2_c8_c16_L[16]_strict_seed42_ablation_mne_l2_l16_cnn2_c8_c16_rc5em02.pth,noise3_exp/cnn_strict_seed_three_regs_noise_sweep_rate_uniform_L16_T16/cnn2_c8_c16/mne_l2/seed_42/noise_sweep_matrix_mnist_cnn2_c8_c16_T16_mode_rate_uniform_schedule_normal_seed_42.csv
cnn2_c8_c16,8,16,c8c16,mne_l2,42,16,16,rate_uniform,1.0,94.62,mnist-checkpoints/cnn2_c8_c16_L[16]_strict_seed42_ablation_mne_l2_l16_cnn2_c8_c16_rc5em02.pth,noise3_exp/cnn_strict_seed_three_regs_noise_sweep_rate_uniform_L16_T16/cnn2_c8_c16/mne_l2/seed_42/noise_sweep_matrix_mnist_cnn2_c8_c16_T16_mode_rate_uniform_schedule_normal_seed_42.csv
cnn2_c8_c16,8,16,c8c16,mne_l2,43,16,16,rate_uniform,0.0,95.92,mnist-checkpoints/cnn2_c8_c16_L[16]_strict_seed43_ablation_mne_l2_l16_cnn2_c8_c16_rc5em02.pth,noise3_exp/cnn_strict_seed_three_regs_noise_sweep_rate_uniform_L16_T16/cnn2_c8_c16/mne_l2/seed_43/noise_sweep_matrix_mnist_cnn2_c8_c16_T16_mode_rate_uniform_schedule_normal_seed_43.csv
cnn2_c8_c16,8,16,c8c16,mne_l2,43,16,16,rate_uniform,0.05,96.0,mnist-checkpoints/cnn2_c8_c16_L[16]_strict_seed43_ablation_mne_l2_l16_cnn2_c8_c16_rc5em02.pth,noise3_exp/cnn_strict_seed_three_regs_noise_sweep_rate_uniform_L16_T16/cnn2_c8_c16/mne_l2/seed_43/noise_sweep_matrix_mnist_cnn2_c8_c16_T16_mode_rate_uniform_schedule_normal_seed_43.csv
cnn2_c8_c16,8,16,c8c16,mne_l2,43,16,16,rate_uniform,0.1,95.95,mnist-checkpoints/cnn2_c8_c16_L[16]_strict_seed43_ablation_mne_l2_l16_cnn2_c8_c16_rc5em02.pth,noise3_exp/cnn_strict_seed_three_regs_noise_sweep_rate_uniform_L16_T16/cnn2_c8_c16/mne_l2/seed_43/noise_sweep_matrix_mnist_cnn2_c8_c16_T16_mode_rate_uniform_schedule_normal_seed_43.csv
cnn2_c8_c16,8,16,c8c16,mne_l2,43,16,16,rate_uniform,0.15,95.87,mnist-checkpoints/cnn2_c8_c16_L[16]_strict_seed43_ablation_mne_l2_l16_cnn2_c8_c16_rc5em02.pth,noise3_exp/cnn_strict_seed_three_regs_noise_sweep_rate_uniform_L16_T16/cnn2_c8_c16/mne_l2/seed_43/noise_sweep_matrix_mnist_cnn2_c8_c16_T16_mode_rate_uniform_schedule_normal_seed_43.csv
cnn2_c8_c16,8,16,c8c16,mne_l2,43,16,16,rate_uniform,0.2,95.98,mnist-checkpoints/cnn2_c8_c16_L[16]_strict_seed43_ablation_mne_l2_l16_cnn2_c8_c16_rc5em02.pth,noise3_exp/cnn_strict_seed_three_regs_noise_sweep_rate_uniform_L16_T16/cnn2_c8_c16/mne_l2/seed_43/noise_sweep_matrix_mnist_cnn2_c8_c16_T16_mode_rate_uniform_schedule_normal_seed_43.csv
cnn2_c8_c16,8,16,c8c16,mne_l2,43,16,16,rate_uniform,0.25,95.98,mnist-checkpoints/cnn2_c8_c16_L[16]_strict_seed43_ablation_mne_l2_l16_cnn2_c8_c16_rc5em02.pth,noise3_exp/cnn_strict_seed_three_regs_noise_sweep_rate_uniform_L16_T16/cnn2_c8_c16/mne_l2/seed_43/noise_sweep_matrix_mnist_cnn2_c8_c16_T16_mode_rate_uniform_schedule_normal_seed_43.csv
cnn2_c8_c16,8,16,c8c16,mne_l2,43,16,16,rate_uniform,0.3,96.01,mnist-checkpoints/cnn2_c8_c16_L[16]_strict_seed43_ablation_mne_l2_l16_cnn2_c8_c16_rc5em02.pth,noise3_exp/cnn_strict_seed_three_regs_noise_sweep_rate_uniform_L16_T16/cnn2_c8_c16/mne_l2/seed_43/noise_sweep_matrix_mnist_cnn2_c8_c16_T16_mode_rate_uniform_schedule_normal_seed_43.csv
cnn2_c8_c16,8,16,c8c16,mne_l2,43,16,16,rate_uniform,0.35,96.08,mnist-checkpoints/cnn2_c8_c16_L[16]_strict_seed43_ablation_mne_l2_l16_cnn2_c8_c16_rc5em02.pth,noise3_exp/cnn_strict_seed_three_regs_noise_sweep_rate_uniform_L16_T16/cnn2_c8_c16/mne_l2/seed_43/noise_sweep_matrix_mnist_cnn2_c8_c16_T16_mode_rate_uniform_schedule_normal_seed_43.csv
cnn2_c8_c16,8,16,c8c16,mne_l2,43,16,16,rate_uniform,0.4,95.92,mnist-checkpoints/cnn2_c8_c16_L[16]_strict_seed43_ablation_mne_l2_l16_cnn2_c8_c16_rc5em02.pth,noise3_exp/cnn_strict_seed_three_regs_noise_sweep_rate_uniform_L16_T16/cnn2_c8_c16/mne_l2/seed_43/noise_sweep_matrix_mnist_cnn2_c8_c16_T16_mode_rate_uniform_schedule_normal_seed_43.csv
cnn2_c8_c16,8,16,c8c16,mne_l2,43,16,16,rate_uniform,0.45,95.9,mnist-checkpoints/cnn2_c8_c16_L[16]_strict_seed43_ablation_mne_l2_l16_cnn2_c8_c16_rc5em02.pth,noise3_exp/cnn_strict_seed_three_regs_noise_sweep_rate_uniform_L16_T16/cnn2_c8_c16/mne_l2/seed_43/noise_sweep_matrix_mnist_cnn2_c8_c16_T16_mode_rate_uniform_schedule_normal_seed_43.csv
cnn2_c8_c16,8,16,c8c16,mne_l2,43,16,16,rate_uniform,0.5,95.72,mnist-checkpoints/cnn2_c8_c16_L[16]_strict_seed43_ablation_mne_l2_l16_cnn2_c8_c16_rc5em02.pth,noise3_exp/cnn_strict_seed_three_regs_noise_sweep_rate_uniform_L16_T16/cnn2_c8_c16/mne_l2/seed_43/noise_sweep_matrix_mnist_cnn2_c8_c16_T16_mode_rate_uniform_schedule_normal_seed_43.csv
cnn2_c8_c16,8,16,c8c16,mne_l2,43,16,16,rate_uniform,0.55,95.72,mnist-checkpoints/cnn2_c8_c16_L[16]_strict_seed43_ablation_mne_l2_l16_cnn2_c8_c16_rc5em02.pth,noise3_exp/cnn_strict_seed_three_regs_noise_sweep_rate_uniform_L16_T16/cnn2_c8_c16/mne_l2/seed_43/noise_sweep_matrix_mnist_cnn2_c8_c16_T16_mode_rate_uniform_schedule_normal_seed_43.csv
cnn2_c8_c16,8,16,c8c16,mne_l2,43,16,16,rate_uniform,0.6,95.98,mnist-checkpoints/cnn2_c8_c16_L[16]_strict_seed43_ablation_mne_l2_l16_cnn2_c8_c16_rc5em02.pth,noise3_exp/cnn_strict_seed_three_regs_noise_sweep_rate_uniform_L16_T16/cnn2_c8_c16/mne_l2/seed_43/noise_sweep_matrix_mnist_cnn2_c8_c16_T16_mode_rate_uniform_schedule_normal_seed_43.csv
cnn2_c8_c16,8,16,c8c16,mne_l2,43,16,16,rate_uniform,0.65,95.91,mnist-checkpoints/cnn2_c8_c16_L[16]_strict_seed43_ablation_mne_l2_l16_cnn2_c8_c16_rc5em02.pth,noise3_exp/cnn_strict_seed_three_regs_noise_sweep_rate_uniform_L16_T16/cnn2_c8_c16/mne_l2/seed_43/noise_sweep_matrix_mnist_cnn2_c8_c16_T16_mode_rate_uniform_schedule_normal_seed_43.csv
cnn2_c8_c16,8,16,c8c16,mne_l2,43,16,16,rate_uniform,0.7,96.0,mnist-checkpoints/cnn2_c8_c16_L[16]_strict_seed43_ablation_mne_l2_l16_cnn2_c8_c16_rc5em02.pth,noise3_exp/cnn_strict_seed_three_regs_noise_sweep_rate_uniform_L16_T16/cnn2_c8_c16/mne_l2/seed_43/noise_sweep_matrix_mnist_cnn2_c8_c16_T16_mode_rate_uniform_schedule_normal_seed_43.csv
cnn2_c8_c16,8,16,c8c16,mne_l2,43,16,16,rate_uniform,0.75,95.89,mnist-checkpoints/cnn2_c8_c16_L[16]_strict_seed43_ablation_mne_l2_l16_cnn2_c8_c16_rc5em02.pth,noise3_exp/cnn_strict_seed_three_regs_noise_sweep_rate_uniform_L16_T16/cnn2_c8_c16/mne_l2/seed_43/noise_sweep_matrix_mnist_cnn2_c8_c16_T16_mode_rate_uniform_schedule_normal_seed_43.csv
cnn2_c8_c16,8,16,c8c16,mne_l2,43,16,16,rate_uniform,0.8,95.99,mnist-checkpoints/cnn2_c8_c16_L[16]_strict_seed43_ablation_mne_l2_l16_cnn2_c8_c16_rc5em02.pth,noise3_exp/cnn_strict_seed_three_regs_noise_sweep_rate_uniform_L16_T16/cnn2_c8_c16/mne_l2/seed_43/noise_sweep_matrix_mnist_cnn2_c8_c16_T16_mode_rate_uniform_schedule_normal_seed_43.csv
cnn2_c8_c16,8,16,c8c16,mne_l2,43,16,16,rate_uniform,0.85,95.78,mnist-checkpoints/cnn2_c8_c16_L[16]_strict_seed43_ablation_mne_l2_l16_cnn2_c8_c16_rc5em02.pth,noise3_exp/cnn_strict_seed_three_regs_noise_sweep_rate_uniform_L16_T16/cnn2_c8_c16/mne_l2/seed_43/noise_sweep_matrix_mnist_cnn2_c8_c16_T16_mode_rate_uniform_schedule_normal_seed_43.csv
cnn2_c8_c16,8,16,c8c16,mne_l2,43,16,16,rate_uniform,0.9,95.6,mnist-checkpoints/cnn2_c8_c16_L[16]_strict_seed43_ablation_mne_l2_l16_cnn2_c8_c16_rc5em02.pth,noise3_exp/cnn_strict_seed_three_regs_noise_sweep_rate_uniform_L16_T16/cnn2_c8_c16/mne_l2/seed_43/noise_sweep_matrix_mnist_cnn2_c8_c16_T16_mode_rate_uniform_schedule_normal_seed_43.csv
cnn2_c8_c16,8,16,c8c16,mne_l2,43,16,16,rate_uniform,0.95,95.77,mnist-checkpoints/cnn2_c8_c16_L[16]_strict_seed43_ablation_mne_l2_l16_cnn2_c8_c16_rc5em02.pth,noise3_exp/cnn_strict_seed_three_regs_noise_sweep_rate_uniform_L16_T16/cnn2_c8_c16/mne_l2/seed_43/noise_sweep_matrix_mnist_cnn2_c8_c16_T16_mode_rate_uniform_schedule_normal_seed_43.csv
cnn2_c8_c16,8,16,c8c16,mne_l2,43,16,16,rate_uniform,1.0,95.76,mnist-checkpoints/cnn2_c8_c16_L[16]_strict_seed43_ablation_mne_l2_l16_cnn2_c8_c16_rc5em02.pth,noise3_exp/cnn_strict_seed_three_regs_noise_sweep_rate_uniform_L16_T16/cnn2_c8_c16/mne_l2/seed_43/noise_sweep_matrix_mnist_cnn2_c8_c16_T16_mode_rate_uniform_schedule_normal_seed_43.csv
cnn2_c8_c16,8,16,c8c16,mne_l2,44,16,16,rate_uniform,0.0,92.04,mnist-checkpoints/cnn2_c8_c16_L[16]_strict_seed44_ablation_mne_l2_l16_cnn2_c8_c16_rc5em02.pth,noise3_exp/cnn_strict_seed_three_regs_noise_sweep_rate_uniform_L16_T16/cnn2_c8_c16/mne_l2/seed_44/noise_sweep_matrix_mnist_cnn2_c8_c16_T16_mode_rate_uniform_schedule_normal_seed_44.csv
cnn2_c8_c16,8,16,c8c16,mne_l2,44,16,16,rate_uniform,0.05,92.06,mnist-checkpoints/cnn2_c8_c16_L[16]_strict_seed44_ablation_mne_l2_l16_cnn2_c8_c16_rc5em02.pth,noise3_exp/cnn_strict_seed_three_regs_noise_sweep_rate_uniform_L16_T16/cnn2_c8_c16/mne_l2/seed_44/noise_sweep_matrix_mnist_cnn2_c8_c16_T16_mode_rate_uniform_schedule_normal_seed_44.csv
cnn2_c8_c16,8,16,c8c16,mne_l2,44,16,16,rate_uniform,0.1,92.18,mnist-checkpoints/cnn2_c8_c16_L[16]_strict_seed44_ablation_mne_l2_l16_cnn2_c8_c16_rc5em02.pth,noise3_exp/cnn_strict_seed_three_regs_noise_sweep_rate_uniform_L16_T16/cnn2_c8_c16/mne_l2/seed_44/noise_sweep_matrix_mnist_cnn2_c8_c16_T16_mode_rate_uniform_schedule_normal_seed_44.csv
cnn2_c8_c16,8,16,c8c16,mne_l2,44,16,16,rate_uniform,0.15,92.24,mnist-checkpoints/cnn2_c8_c16_L[16]_strict_seed44_ablation_mne_l2_l16_cnn2_c8_c16_rc5em02.pth,noise3_exp/cnn_strict_seed_three_regs_noise_sweep_rate_uniform_L16_T16/cnn2_c8_c16/mne_l2/seed_44/noise_sweep_matrix_mnist_cnn2_c8_c16_T16_mode_rate_uniform_schedule_normal_seed_44.csv
cnn2_c8_c16,8,16,c8c16,mne_l2,44,16,16,rate_uniform,0.2,92.38,mnist-checkpoints/cnn2_c8_c16_L[16]_strict_seed44_ablation_mne_l2_l16_cnn2_c8_c16_rc5em02.pth,noise3_exp/cnn_strict_seed_three_regs_noise_sweep_rate_uniform_L16_T16/cnn2_c8_c16/mne_l2/seed_44/noise_sweep_matrix_mnist_cnn2_c8_c16_T16_mode_rate_uniform_schedule_normal_seed_44.csv
cnn2_c8_c16,8,16,c8c16,mne_l2,44,16,16,rate_uniform,0.25,91.94,mnist-checkpoints/cnn2_c8_c16_L[16]_strict_seed44_ablation_mne_l2_l16_cnn2_c8_c16_rc5em02.pth,noise3_exp/cnn_strict_seed_three_regs_noise_sweep_rate_uniform_L16_T16/cnn2_c8_c16/mne_l2/seed_44/noise_sweep_matrix_mnist_cnn2_c8_c16_T16_mode_rate_uniform_schedule_normal_seed_44.csv
cnn2_c8_c16,8,16,c8c16,mne_l2,44,16,16,rate_uniform,0.3,92.01,mnist-checkpoints/cnn2_c8_c16_L[16]_strict_seed44_ablation_mne_l2_l16_cnn2_c8_c16_rc5em02.pth,noise3_exp/cnn_strict_seed_three_regs_noise_sweep_rate_uniform_L16_T16/cnn2_c8_c16/mne_l2/seed_44/noise_sweep_matrix_mnist_cnn2_c8_c16_T16_mode_rate_uniform_schedule_normal_seed_44.csv
cnn2_c8_c16,8,16,c8c16,mne_l2,44,16,16,rate_uniform,0.35,91.69,mnist-checkpoints/cnn2_c8_c16_L[16]_strict_seed44_ablation_mne_l2_l16_cnn2_c8_c16_rc5em02.pth,noise3_exp/cnn_strict_seed_three_regs_noise_sweep_rate_uniform_L16_T16/cnn2_c8_c16/mne_l2/seed_44/noise_sweep_matrix_mnist_cnn2_c8_c16_T16_mode_rate_uniform_schedule_normal_seed_44.csv
cnn2_c8_c16,8,16,c8c16,mne_l2,44,16,16,rate_uniform,0.4,90.87,mnist-checkpoints/cnn2_c8_c16_L[16]_strict_seed44_ablation_mne_l2_l16_cnn2_c8_c16_rc5em02.pth,noise3_exp/cnn_strict_seed_three_regs_noise_sweep_rate_uniform_L16_T16/cnn2_c8_c16/mne_l2/seed_44/noise_sweep_matrix_mnist_cnn2_c8_c16_T16_mode_rate_uniform_schedule_normal_seed_44.csv
cnn2_c8_c16,8,16,c8c16,mne_l2,44,16,16,rate_uniform,0.45,90.37,mnist-checkpoints/cnn2_c8_c16_L[16]_strict_seed44_ablation_mne_l2_l16_cnn2_c8_c16_rc5em02.pth,noise3_exp/cnn_strict_seed_three_regs_noise_sweep_rate_uniform_L16_T16/cnn2_c8_c16/mne_l2/seed_44/noise_sweep_matrix_mnist_cnn2_c8_c16_T16_mode_rate_uniform_schedule_normal_seed_44.csv
cnn2_c8_c16,8,16,c8c16,mne_l2,44,16,16,rate_uniform,0.5,90.12,mnist-checkpoints/cnn2_c8_c16_L[16]_strict_seed44_ablation_mne_l2_l16_cnn2_c8_c16_rc5em02.pth,noise3_exp/cnn_strict_seed_three_regs_noise_sweep_rate_uniform_L16_T16/cnn2_c8_c16/mne_l2/seed_44/noise_sweep_matrix_mnist_cnn2_c8_c16_T16_mode_rate_uniform_schedule_normal_seed_44.csv
cnn2_c8_c16,8,16,c8c16,mne_l2,44,16,16,rate_uniform,0.55,89.88,mnist-checkpoints/cnn2_c8_c16_L[16]_strict_seed44_ablation_mne_l2_l16_cnn2_c8_c16_rc5em02.pth,noise3_exp/cnn_strict_seed_three_regs_noise_sweep_rate_uniform_L16_T16/cnn2_c8_c16/mne_l2/seed_44/noise_sweep_matrix_mnist_cnn2_c8_c16_T16_mode_rate_uniform_schedule_normal_seed_44.csv
cnn2_c8_c16,8,16,c8c16,mne_l2,44,16,16,rate_uniform,0.6,89.75,mnist-checkpoints/cnn2_c8_c16_L[16]_strict_seed44_ablation_mne_l2_l16_cnn2_c8_c16_rc5em02.pth,noise3_exp/cnn_strict_seed_three_regs_noise_sweep_rate_uniform_L16_T16/cnn2_c8_c16/mne_l2/seed_44/noise_sweep_matrix_mnist_cnn2_c8_c16_T16_mode_rate_uniform_schedule_normal_seed_44.csv
cnn2_c8_c16,8,16,c8c16,mne_l2,44,16,16,rate_uniform,0.65,89.44,mnist-checkpoints/cnn2_c8_c16_L[16]_strict_seed44_ablation_mne_l2_l16_cnn2_c8_c16_rc5em02.pth,noise3_exp/cnn_strict_seed_three_regs_noise_sweep_rate_uniform_L16_T16/cnn2_c8_c16/mne_l2/seed_44/noise_sweep_matrix_mnist_cnn2_c8_c16_T16_mode_rate_uniform_schedule_normal_seed_44.csv
cnn2_c8_c16,8,16,c8c16,mne_l2,44,16,16,rate_uniform,0.7,89.05,mnist-checkpoints/cnn2_c8_c16_L[16]_strict_seed44_ablation_mne_l2_l16_cnn2_c8_c16_rc5em02.pth,noise3_exp/cnn_strict_seed_three_regs_noise_sweep_rate_uniform_L16_T16/cnn2_c8_c16/mne_l2/seed_44/noise_sweep_matrix_mnist_cnn2_c8_c16_T16_mode_rate_uniform_schedule_normal_seed_44.csv
cnn2_c8_c16,8,16,c8c16,mne_l2,44,16,16,rate_uniform,0.75,88.59,mnist-checkpoints/cnn2_c8_c16_L[16]_strict_seed44_ablation_mne_l2_l16_cnn2_c8_c16_rc5em02.pth,noise3_exp/cnn_strict_seed_three_regs_noise_sweep_rate_uniform_L16_T16/cnn2_c8_c16/mne_l2/seed_44/noise_sweep_matrix_mnist_cnn2_c8_c16_T16_mode_rate_uniform_schedule_normal_seed_44.csv
cnn2_c8_c16,8,16,c8c16,mne_l2,44,16,16,rate_uniform,0.8,88.72,mnist-checkpoints/cnn2_c8_c16_L[16]_strict_seed44_ablation_mne_l2_l16_cnn2_c8_c16_rc5em02.pth,noise3_exp/cnn_strict_seed_three_regs_noise_sweep_rate_uniform_L16_T16/cnn2_c8_c16/mne_l2/seed_44/noise_sweep_matrix_mnist_cnn2_c8_c16_T16_mode_rate_uniform_schedule_normal_seed_44.csv
cnn2_c8_c16,8,16,c8c16,mne_l2,44,16,16,rate_uniform,0.85,88.51,mnist-checkpoints/cnn2_c8_c16_L[16]_strict_seed44_ablation_mne_l2_l16_cnn2_c8_c16_rc5em02.pth,noise3_exp/cnn_strict_seed_three_regs_noise_sweep_rate_uniform_L16_T16/cnn2_c8_c16/mne_l2/seed_44/noise_sweep_matrix_mnist_cnn2_c8_c16_T16_mode_rate_uniform_schedule_normal_seed_44.csv
cnn2_c8_c16,8,16,c8c16,mne_l2,44,16,16,rate_uniform,0.9,88.71,mnist-checkpoints/cnn2_c8_c16_L[16]_strict_seed44_ablation_mne_l2_l16_cnn2_c8_c16_rc5em02.pth,noise3_exp/cnn_strict_seed_three_regs_noise_sweep_rate_uniform_L16_T16/cnn2_c8_c16/mne_l2/seed_44/noise_sweep_matrix_mnist_cnn2_c8_c16_T16_mode_rate_uniform_schedule_normal_seed_44.csv
cnn2_c8_c16,8,16,c8c16,mne_l2,44,16,16,rate_uniform,0.95,88.27,mnist-checkpoints/cnn2_c8_c16_L[16]_strict_seed44_ablation_mne_l2_l16_cnn2_c8_c16_rc5em02.pth,noise3_exp/cnn_strict_seed_three_regs_noise_sweep_rate_uniform_L16_T16/cnn2_c8_c16/mne_l2/seed_44/noise_sweep_matrix_mnist_cnn2_c8_c16_T16_mode_rate_uniform_schedule_normal_seed_44.csv
cnn2_c8_c16,8,16,c8c16,mne_l2,44,16,16,rate_uniform,1.0,88.49,mnist-checkpoints/cnn2_c8_c16_L[16]_strict_seed44_ablation_mne_l2_l16_cnn2_c8_c16_rc5em02.pth,noise3_exp/cnn_strict_seed_three_regs_noise_sweep_rate_uniform_L16_T16/cnn2_c8_c16/mne_l2/seed_44/noise_sweep_matrix_mnist_cnn2_c8_c16_T16_mode_rate_uniform_schedule_normal_seed_44.csv
cnn2_c8_c16,8,16,c8c16,weight_decay,40,16,16,rate_uniform,0.0,98.76,mnist-checkpoints/cnn2_c8_c16_L[16]_strict_seed40_ablation_wd_l16_cnn2_c8_c16.pth,noise3_exp/cnn_strict_seed_three_regs_noise_sweep_rate_uniform_L16_T16/cnn2_c8_c16/weight_decay/seed_40/noise_sweep_matrix_mnist_cnn2_c8_c16_T16_mode_rate_uniform_schedule_normal_seed_40.csv
cnn2_c8_c16,8,16,c8c16,weight_decay,40,16,16,rate_uniform,0.05,98.82,mnist-checkpoints/cnn2_c8_c16_L[16]_strict_seed40_ablation_wd_l16_cnn2_c8_c16.pth,noise3_exp/cnn_strict_seed_three_regs_noise_sweep_rate_uniform_L16_T16/cnn2_c8_c16/weight_decay/seed_40/noise_sweep_matrix_mnist_cnn2_c8_c16_T16_mode_rate_uniform_schedule_normal_seed_40.csv
cnn2_c8_c16,8,16,c8c16,weight_decay,40,16,16,rate_uniform,0.1,98.81,mnist-checkpoints/cnn2_c8_c16_L[16]_strict_seed40_ablation_wd_l16_cnn2_c8_c16.pth,noise3_exp/cnn_strict_seed_three_regs_noise_sweep_rate_uniform_L16_T16/cnn2_c8_c16/weight_decay/seed_40/noise_sweep_matrix_mnist_cnn2_c8_c16_T16_mode_rate_uniform_schedule_normal_seed_40.csv
cnn2_c8_c16,8,16,c8c16,weight_decay,40,16,16,rate_uniform,0.15,98.79,mnist-checkpoints/cnn2_c8_c16_L[16]_strict_seed40_ablation_wd_l16_cnn2_c8_c16.pth,noise3_exp/cnn_strict_seed_three_regs_noise_sweep_rate_uniform_L16_T16/cnn2_c8_c16/weight_decay/seed_40/noise_sweep_matrix_mnist_cnn2_c8_c16_T16_mode_rate_uniform_schedule_normal_seed_40.csv
cnn2_c8_c16,8,16,c8c16,weight_decay,40,16,16,rate_uniform,0.2,98.85,mnist-checkpoints/cnn2_c8_c16_L[16]_strict_seed40_ablation_wd_l16_cnn2_c8_c16.pth,noise3_exp/cnn_strict_seed_three_regs_noise_sweep_rate_uniform_L16_T16/cnn2_c8_c16/weight_decay/seed_40/noise_sweep_matrix_mnist_cnn2_c8_c16_T16_mode_rate_uniform_schedule_normal_seed_40.csv
cnn2_c8_c16,8,16,c8c16,weight_decay,40,16,16,rate_uniform,0.25,98.83,mnist-checkpoints/cnn2_c8_c16_L[16]_strict_seed40_ablation_wd_l16_cnn2_c8_c16.pth,noise3_exp/cnn_strict_seed_three_regs_noise_sweep_rate_uniform_L16_T16/cnn2_c8_c16/weight_decay/seed_40/noise_sweep_matrix_mnist_cnn2_c8_c16_T16_mode_rate_uniform_schedule_normal_seed_40.csv
cnn2_c8_c16,8,16,c8c16,weight_decay,40,16,16,rate_uniform,0.3,98.67,mnist-checkpoints/cnn2_c8_c16_L[16]_strict_seed40_ablation_wd_l16_cnn2_c8_c16.pth,noise3_exp/cnn_strict_seed_three_regs_noise_sweep_rate_uniform_L16_T16/cnn2_c8_c16/weight_decay/seed_40/noise_sweep_matrix_mnist_cnn2_c8_c16_T16_mode_rate_uniform_schedule_normal_seed_40.csv
cnn2_c8_c16,8,16,c8c16,weight_decay,40,16,16,rate_uniform,0.35,98.73,mnist-checkpoints/cnn2_c8_c16_L[16]_strict_seed40_ablation_wd_l16_cnn2_c8_c16.pth,noise3_exp/cnn_strict_seed_three_regs_noise_sweep_rate_uniform_L16_T16/cnn2_c8_c16/weight_decay/seed_40/noise_sweep_matrix_mnist_cnn2_c8_c16_T16_mode_rate_uniform_schedule_normal_seed_40.csv
cnn2_c8_c16,8,16,c8c16,weight_decay,40,16,16,rate_uniform,0.4,98.59,mnist-checkpoints/cnn2_c8_c16_L[16]_strict_seed40_ablation_wd_l16_cnn2_c8_c16.pth,noise3_exp/cnn_strict_seed_three_regs_noise_sweep_rate_uniform_L16_T16/cnn2_c8_c16/weight_decay/seed_40/noise_sweep_matrix_mnist_cnn2_c8_c16_T16_mode_rate_uniform_schedule_normal_seed_40.csv
cnn2_c8_c16,8,16,c8c16,weight_decay,40,16,16,rate_uniform,0.45,98.59,mnist-checkpoints/cnn2_c8_c16_L[16]_strict_seed40_ablation_wd_l16_cnn2_c8_c16.pth,noise3_exp/cnn_strict_seed_three_regs_noise_sweep_rate_uniform_L16_T16/cnn2_c8_c16/weight_decay/seed_40/noise_sweep_matrix_mnist_cnn2_c8_c16_T16_mode_rate_uniform_schedule_normal_seed_40.csv
cnn2_c8_c16,8,16,c8c16,weight_decay,40,16,16,rate_uniform,0.5,98.57,mnist-checkpoints/cnn2_c8_c16_L[16]_strict_seed40_ablation_wd_l16_cnn2_c8_c16.pth,noise3_exp/cnn_strict_seed_three_regs_noise_sweep_rate_uniform_L16_T16/cnn2_c8_c16/weight_decay/seed_40/noise_sweep_matrix_mnist_cnn2_c8_c16_T16_mode_rate_uniform_schedule_normal_seed_40.csv
cnn2_c8_c16,8,16,c8c16,weight_decay,40,16,16,rate_uniform,0.55,98.28,mnist-checkpoints/cnn2_c8_c16_L[16]_strict_seed40_ablation_wd_l16_cnn2_c8_c16.pth,noise3_exp/cnn_strict_seed_three_regs_noise_sweep_rate_uniform_L16_T16/cnn2_c8_c16/weight_decay/seed_40/noise_sweep_matrix_mnist_cnn2_c8_c16_T16_mode_rate_uniform_schedule_normal_seed_40.csv
cnn2_c8_c16,8,16,c8c16,weight_decay,40,16,16,rate_uniform,0.6,98.2,mnist-checkpoints/cnn2_c8_c16_L[16]_strict_seed40_ablation_wd_l16_cnn2_c8_c16.pth,noise3_exp/cnn_strict_seed_three_regs_noise_sweep_rate_uniform_L16_T16/cnn2_c8_c16/weight_decay/seed_40/noise_sweep_matrix_mnist_cnn2_c8_c16_T16_mode_rate_uniform_schedule_normal_seed_40.csv
cnn2_c8_c16,8,16,c8c16,weight_decay,40,16,16,rate_uniform,0.65,97.85,mnist-checkpoints/cnn2_c8_c16_L[16]_strict_seed40_ablation_wd_l16_cnn2_c8_c16.pth,noise3_exp/cnn_strict_seed_three_regs_noise_sweep_rate_uniform_L16_T16/cnn2_c8_c16/weight_decay/seed_40/noise_sweep_matrix_mnist_cnn2_c8_c16_T16_mode_rate_uniform_schedule_normal_seed_40.csv
cnn2_c8_c16,8,16,c8c16,weight_decay,40,16,16,rate_uniform,0.7,97.69,mnist-checkpoints/cnn2_c8_c16_L[16]_strict_seed40_ablation_wd_l16_cnn2_c8_c16.pth,noise3_exp/cnn_strict_seed_three_regs_noise_sweep_rate_uniform_L16_T16/cnn2_c8_c16/weight_decay/seed_40/noise_sweep_matrix_mnist_cnn2_c8_c16_T16_mode_rate_uniform_schedule_normal_seed_40.csv
cnn2_c8_c16,8,16,c8c16,weight_decay,40,16,16,rate_uniform,0.75,97.51,mnist-checkpoints/cnn2_c8_c16_L[16]_strict_seed40_ablation_wd_l16_cnn2_c8_c16.pth,noise3_exp/cnn_strict_seed_three_regs_noise_sweep_rate_uniform_L16_T16/cnn2_c8_c16/weight_decay/seed_40/noise_sweep_matrix_mnist_cnn2_c8_c16_T16_mode_rate_uniform_schedule_normal_seed_40.csv
cnn2_c8_c16,8,16,c8c16,weight_decay,40,16,16,rate_uniform,0.8,97.25,mnist-checkpoints/cnn2_c8_c16_L[16]_strict_seed40_ablation_wd_l16_cnn2_c8_c16.pth,noise3_exp/cnn_strict_seed_three_regs_noise_sweep_rate_uniform_L16_T16/cnn2_c8_c16/weight_decay/seed_40/noise_sweep_matrix_mnist_cnn2_c8_c16_T16_mode_rate_uniform_schedule_normal_seed_40.csv
cnn2_c8_c16,8,16,c8c16,weight_decay,40,16,16,rate_uniform,0.85,96.85,mnist-checkpoints/cnn2_c8_c16_L[16]_strict_seed40_ablation_wd_l16_cnn2_c8_c16.pth,noise3_exp/cnn_strict_seed_three_regs_noise_sweep_rate_uniform_L16_T16/cnn2_c8_c16/weight_decay/seed_40/noise_sweep_matrix_mnist_cnn2_c8_c16_T16_mode_rate_uniform_schedule_normal_seed_40.csv
cnn2_c8_c16,8,16,c8c16,weight_decay,40,16,16,rate_uniform,0.9,96.54,mnist-checkpoints/cnn2_c8_c16_L[16]_strict_seed40_ablation_wd_l16_cnn2_c8_c16.pth,noise3_exp/cnn_strict_seed_three_regs_noise_sweep_rate_uniform_L16_T16/cnn2_c8_c16/weight_decay/seed_40/noise_sweep_matrix_mnist_cnn2_c8_c16_T16_mode_rate_uniform_schedule_normal_seed_40.csv
cnn2_c8_c16,8,16,c8c16,weight_decay,40,16,16,rate_uniform,0.95,96.1,mnist-checkpoints/cnn2_c8_c16_L[16]_strict_seed40_ablation_wd_l16_cnn2_c8_c16.pth,noise3_exp/cnn_strict_seed_three_regs_noise_sweep_rate_uniform_L16_T16/cnn2_c8_c16/weight_decay/seed_40/noise_sweep_matrix_mnist_cnn2_c8_c16_T16_mode_rate_uniform_schedule_normal_seed_40.csv
cnn2_c8_c16,8,16,c8c16,weight_decay,40,16,16,rate_uniform,1.0,95.44,mnist-checkpoints/cnn2_c8_c16_L[16]_strict_seed40_ablation_wd_l16_cnn2_c8_c16.pth,noise3_exp/cnn_strict_seed_three_regs_noise_sweep_rate_uniform_L16_T16/cnn2_c8_c16/weight_decay/seed_40/noise_sweep_matrix_mnist_cnn2_c8_c16_T16_mode_rate_uniform_schedule_normal_seed_40.csv
cnn2_c8_c16,8,16,c8c16,weight_decay,41,16,16,rate_uniform,0.0,98.9,mnist-checkpoints/cnn2_c8_c16_L[16]_strict_seed41_ablation_wd_l16_cnn2_c8_c16.pth,noise3_exp/cnn_strict_seed_three_regs_noise_sweep_rate_uniform_L16_T16/cnn2_c8_c16/weight_decay/seed_41/noise_sweep_matrix_mnist_cnn2_c8_c16_T16_mode_rate_uniform_schedule_normal_seed_41.csv
cnn2_c8_c16,8,16,c8c16,weight_decay,41,16,16,rate_uniform,0.05,98.72,mnist-checkpoints/cnn2_c8_c16_L[16]_strict_seed41_ablation_wd_l16_cnn2_c8_c16.pth,noise3_exp/cnn_strict_seed_three_regs_noise_sweep_rate_uniform_L16_T16/cnn2_c8_c16/weight_decay/seed_41/noise_sweep_matrix_mnist_cnn2_c8_c16_T16_mode_rate_uniform_schedule_normal_seed_41.csv
cnn2_c8_c16,8,16,c8c16,weight_decay,41,16,16,rate_uniform,0.1,98.77,mnist-checkpoints/cnn2_c8_c16_L[16]_strict_seed41_ablation_wd_l16_cnn2_c8_c16.pth,noise3_exp/cnn_strict_seed_three_regs_noise_sweep_rate_uniform_L16_T16/cnn2_c8_c16/weight_decay/seed_41/noise_sweep_matrix_mnist_cnn2_c8_c16_T16_mode_rate_uniform_schedule_normal_seed_41.csv
cnn2_c8_c16,8,16,c8c16,weight_decay,41,16,16,rate_uniform,0.15,98.76,mnist-checkpoints/cnn2_c8_c16_L[16]_strict_seed41_ablation_wd_l16_cnn2_c8_c16.pth,noise3_exp/cnn_strict_seed_three_regs_noise_sweep_rate_uniform_L16_T16/cnn2_c8_c16/weight_decay/seed_41/noise_sweep_matrix_mnist_cnn2_c8_c16_T16_mode_rate_uniform_schedule_normal_seed_41.csv
cnn2_c8_c16,8,16,c8c16,weight_decay,41,16,16,rate_uniform,0.2,98.58,mnist-checkpoints/cnn2_c8_c16_L[16]_strict_seed41_ablation_wd_l16_cnn2_c8_c16.pth,noise3_exp/cnn_strict_seed_three_regs_noise_sweep_rate_uniform_L16_T16/cnn2_c8_c16/weight_decay/seed_41/noise_sweep_matrix_mnist_cnn2_c8_c16_T16_mode_rate_uniform_schedule_normal_seed_41.csv
cnn2_c8_c16,8,16,c8c16,weight_decay,41,16,16,rate_uniform,0.25,98.61,mnist-checkpoints/cnn2_c8_c16_L[16]_strict_seed41_ablation_wd_l16_cnn2_c8_c16.pth,noise3_exp/cnn_strict_seed_three_regs_noise_sweep_rate_uniform_L16_T16/cnn2_c8_c16/weight_decay/seed_41/noise_sweep_matrix_mnist_cnn2_c8_c16_T16_mode_rate_uniform_schedule_normal_seed_41.csv
cnn2_c8_c16,8,16,c8c16,weight_decay,41,16,16,rate_uniform,0.3,98.37,mnist-checkpoints/cnn2_c8_c16_L[16]_strict_seed41_ablation_wd_l16_cnn2_c8_c16.pth,noise3_exp/cnn_strict_seed_three_regs_noise_sweep_rate_uniform_L16_T16/cnn2_c8_c16/weight_decay/seed_41/noise_sweep_matrix_mnist_cnn2_c8_c16_T16_mode_rate_uniform_schedule_normal_seed_41.csv
cnn2_c8_c16,8,16,c8c16,weight_decay,41,16,16,rate_uniform,0.35,98.28,mnist-checkpoints/cnn2_c8_c16_L[16]_strict_seed41_ablation_wd_l16_cnn2_c8_c16.pth,noise3_exp/cnn_strict_seed_three_regs_noise_sweep_rate_uniform_L16_T16/cnn2_c8_c16/weight_decay/seed_41/noise_sweep_matrix_mnist_cnn2_c8_c16_T16_mode_rate_uniform_schedule_normal_seed_41.csv
cnn2_c8_c16,8,16,c8c16,weight_decay,41,16,16,rate_uniform,0.4,98.04,mnist-checkpoints/cnn2_c8_c16_L[16]_strict_seed41_ablation_wd_l16_cnn2_c8_c16.pth,noise3_exp/cnn_strict_seed_three_regs_noise_sweep_rate_uniform_L16_T16/cnn2_c8_c16/weight_decay/seed_41/noise_sweep_matrix_mnist_cnn2_c8_c16_T16_mode_rate_uniform_schedule_normal_seed_41.csv
cnn2_c8_c16,8,16,c8c16,weight_decay,41,16,16,rate_uniform,0.45,97.89,mnist-checkpoints/cnn2_c8_c16_L[16]_strict_seed41_ablation_wd_l16_cnn2_c8_c16.pth,noise3_exp/cnn_strict_seed_three_regs_noise_sweep_rate_uniform_L16_T16/cnn2_c8_c16/weight_decay/seed_41/noise_sweep_matrix_mnist_cnn2_c8_c16_T16_mode_rate_uniform_schedule_normal_seed_41.csv
cnn2_c8_c16,8,16,c8c16,weight_decay,41,16,16,rate_uniform,0.5,97.41,mnist-checkpoints/cnn2_c8_c16_L[16]_strict_seed41_ablation_wd_l16_cnn2_c8_c16.pth,noise3_exp/cnn_strict_seed_three_regs_noise_sweep_rate_uniform_L16_T16/cnn2_c8_c16/weight_decay/seed_41/noise_sweep_matrix_mnist_cnn2_c8_c16_T16_mode_rate_uniform_schedule_normal_seed_41.csv
cnn2_c8_c16,8,16,c8c16,weight_decay,41,16,16,rate_uniform,0.55,97.29,mnist-checkpoints/cnn2_c8_c16_L[16]_strict_seed41_ablation_wd_l16_cnn2_c8_c16.pth,noise3_exp/cnn_strict_seed_three_regs_noise_sweep_rate_uniform_L16_T16/cnn2_c8_c16/weight_decay/seed_41/noise_sweep_matrix_mnist_cnn2_c8_c16_T16_mode_rate_uniform_schedule_normal_seed_41.csv
cnn2_c8_c16,8,16,c8c16,weight_decay,41,16,16,rate_uniform,0.6,96.86,mnist-checkpoints/cnn2_c8_c16_L[16]_strict_seed41_ablation_wd_l16_cnn2_c8_c16.pth,noise3_exp/cnn_strict_seed_three_regs_noise_sweep_rate_uniform_L16_T16/cnn2_c8_c16/weight_decay/seed_41/noise_sweep_matrix_mnist_cnn2_c8_c16_T16_mode_rate_uniform_schedule_normal_seed_41.csv
cnn2_c8_c16,8,16,c8c16,weight_decay,41,16,16,rate_uniform,0.65,96.33,mnist-checkpoints/cnn2_c8_c16_L[16]_strict_seed41_ablation_wd_l16_cnn2_c8_c16.pth,noise3_exp/cnn_strict_seed_three_regs_noise_sweep_rate_uniform_L16_T16/cnn2_c8_c16/weight_decay/seed_41/noise_sweep_matrix_mnist_cnn2_c8_c16_T16_mode_rate_uniform_schedule_normal_seed_41.csv
cnn2_c8_c16,8,16,c8c16,weight_decay,41,16,16,rate_uniform,0.7,96.09,mnist-checkpoints/cnn2_c8_c16_L[16]_strict_seed41_ablation_wd_l16_cnn2_c8_c16.pth,noise3_exp/cnn_strict_seed_three_regs_noise_sweep_rate_uniform_L16_T16/cnn2_c8_c16/weight_decay/seed_41/noise_sweep_matrix_mnist_cnn2_c8_c16_T16_mode_rate_uniform_schedule_normal_seed_41.csv
cnn2_c8_c16,8,16,c8c16,weight_decay,41,16,16,rate_uniform,0.75,95.3,mnist-checkpoints/cnn2_c8_c16_L[16]_strict_seed41_ablation_wd_l16_cnn2_c8_c16.pth,noise3_exp/cnn_strict_seed_three_regs_noise_sweep_rate_uniform_L16_T16/cnn2_c8_c16/weight_decay/seed_41/noise_sweep_matrix_mnist_cnn2_c8_c16_T16_mode_rate_uniform_schedule_normal_seed_41.csv
cnn2_c8_c16,8,16,c8c16,weight_decay,41,16,16,rate_uniform,0.8,95.0,mnist-checkpoints/cnn2_c8_c16_L[16]_strict_seed41_ablation_wd_l16_cnn2_c8_c16.pth,noise3_exp/cnn_strict_seed_three_regs_noise_sweep_rate_uniform_L16_T16/cnn2_c8_c16/weight_decay/seed_41/noise_sweep_matrix_mnist_cnn2_c8_c16_T16_mode_rate_uniform_schedule_normal_seed_41.csv
cnn2_c8_c16,8,16,c8c16,weight_decay,41,16,16,rate_uniform,0.85,94.3,mnist-checkpoints/cnn2_c8_c16_L[16]_strict_seed41_ablation_wd_l16_cnn2_c8_c16.pth,noise3_exp/cnn_strict_seed_three_regs_noise_sweep_rate_uniform_L16_T16/cnn2_c8_c16/weight_decay/seed_41/noise_sweep_matrix_mnist_cnn2_c8_c16_T16_mode_rate_uniform_schedule_normal_seed_41.csv
cnn2_c8_c16,8,16,c8c16,weight_decay,41,16,16,rate_uniform,0.9,93.55,mnist-checkpoints/cnn2_c8_c16_L[16]_strict_seed41_ablation_wd_l16_cnn2_c8_c16.pth,noise3_exp/cnn_strict_seed_three_regs_noise_sweep_rate_uniform_L16_T16/cnn2_c8_c16/weight_decay/seed_41/noise_sweep_matrix_mnist_cnn2_c8_c16_T16_mode_rate_uniform_schedule_normal_seed_41.csv
cnn2_c8_c16,8,16,c8c16,weight_decay,41,16,16,rate_uniform,0.95,92.86,mnist-checkpoints/cnn2_c8_c16_L[16]_strict_seed41_ablation_wd_l16_cnn2_c8_c16.pth,noise3_exp/cnn_strict_seed_three_regs_noise_sweep_rate_uniform_L16_T16/cnn2_c8_c16/weight_decay/seed_41/noise_sweep_matrix_mnist_cnn2_c8_c16_T16_mode_rate_uniform_schedule_normal_seed_41.csv
cnn2_c8_c16,8,16,c8c16,weight_decay,41,16,16,rate_uniform,1.0,92.1,mnist-checkpoints/cnn2_c8_c16_L[16]_strict_seed41_ablation_wd_l16_cnn2_c8_c16.pth,noise3_exp/cnn_strict_seed_three_regs_noise_sweep_rate_uniform_L16_T16/cnn2_c8_c16/weight_decay/seed_41/noise_sweep_matrix_mnist_cnn2_c8_c16_T16_mode_rate_uniform_schedule_normal_seed_41.csv
cnn2_c8_c16,8,16,c8c16,weight_decay,42,16,16,rate_uniform,0.0,98.75,mnist-checkpoints/cnn2_c8_c16_L[16]_strict_seed42_ablation_wd_l16_cnn2_c8_c16.pth,noise3_exp/cnn_strict_seed_three_regs_noise_sweep_rate_uniform_L16_T16/cnn2_c8_c16/weight_decay/seed_42/noise_sweep_matrix_mnist_cnn2_c8_c16_T16_mode_rate_uniform_schedule_normal_seed_42.csv
cnn2_c8_c16,8,16,c8c16,weight_decay,42,16,16,rate_uniform,0.05,98.73,mnist-checkpoints/cnn2_c8_c16_L[16]_strict_seed42_ablation_wd_l16_cnn2_c8_c16.pth,noise3_exp/cnn_strict_seed_three_regs_noise_sweep_rate_uniform_L16_T16/cnn2_c8_c16/weight_decay/seed_42/noise_sweep_matrix_mnist_cnn2_c8_c16_T16_mode_rate_uniform_schedule_normal_seed_42.csv
cnn2_c8_c16,8,16,c8c16,weight_decay,42,16,16,rate_uniform,0.1,98.61,mnist-checkpoints/cnn2_c8_c16_L[16]_strict_seed42_ablation_wd_l16_cnn2_c8_c16.pth,noise3_exp/cnn_strict_seed_three_regs_noise_sweep_rate_uniform_L16_T16/cnn2_c8_c16/weight_decay/seed_42/noise_sweep_matrix_mnist_cnn2_c8_c16_T16_mode_rate_uniform_schedule_normal_seed_42.csv
cnn2_c8_c16,8,16,c8c16,weight_decay,42,16,16,rate_uniform,0.15,98.49,mnist-checkpoints/cnn2_c8_c16_L[16]_strict_seed42_ablation_wd_l16_cnn2_c8_c16.pth,noise3_exp/cnn_strict_seed_three_regs_noise_sweep_rate_uniform_L16_T16/cnn2_c8_c16/weight_decay/seed_42/noise_sweep_matrix_mnist_cnn2_c8_c16_T16_mode_rate_uniform_schedule_normal_seed_42.csv
cnn2_c8_c16,8,16,c8c16,weight_decay,42,16,16,rate_uniform,0.2,98.25,mnist-checkpoints/cnn2_c8_c16_L[16]_strict_seed42_ablation_wd_l16_cnn2_c8_c16.pth,noise3_exp/cnn_strict_seed_three_regs_noise_sweep_rate_uniform_L16_T16/cnn2_c8_c16/weight_decay/seed_42/noise_sweep_matrix_mnist_cnn2_c8_c16_T16_mode_rate_uniform_schedule_normal_seed_42.csv
cnn2_c8_c16,8,16,c8c16,weight_decay,42,16,16,rate_uniform,0.25,97.73,mnist-checkpoints/cnn2_c8_c16_L[16]_strict_seed42_ablation_wd_l16_cnn2_c8_c16.pth,noise3_exp/cnn_strict_seed_three_regs_noise_sweep_rate_uniform_L16_T16/cnn2_c8_c16/weight_decay/seed_42/noise_sweep_matrix_mnist_cnn2_c8_c16_T16_mode_rate_uniform_schedule_normal_seed_42.csv
cnn2_c8_c16,8,16,c8c16,weight_decay,42,16,16,rate_uniform,0.3,97.2,mnist-checkpoints/cnn2_c8_c16_L[16]_strict_seed42_ablation_wd_l16_cnn2_c8_c16.pth,noise3_exp/cnn_strict_seed_three_regs_noise_sweep_rate_uniform_L16_T16/cnn2_c8_c16/weight_decay/seed_42/noise_sweep_matrix_mnist_cnn2_c8_c16_T16_mode_rate_uniform_schedule_normal_seed_42.csv
cnn2_c8_c16,8,16,c8c16,weight_decay,42,16,16,rate_uniform,0.35,96.44,mnist-checkpoints/cnn2_c8_c16_L[16]_strict_seed42_ablation_wd_l16_cnn2_c8_c16.pth,noise3_exp/cnn_strict_seed_three_regs_noise_sweep_rate_uniform_L16_T16/cnn2_c8_c16/weight_decay/seed_42/noise_sweep_matrix_mnist_cnn2_c8_c16_T16_mode_rate_uniform_schedule_normal_seed_42.csv
cnn2_c8_c16,8,16,c8c16,weight_decay,42,16,16,rate_uniform,0.4,95.33,mnist-checkpoints/cnn2_c8_c16_L[16]_strict_seed42_ablation_wd_l16_cnn2_c8_c16.pth,noise3_exp/cnn_strict_seed_three_regs_noise_sweep_rate_uniform_L16_T16/cnn2_c8_c16/weight_decay/seed_42/noise_sweep_matrix_mnist_cnn2_c8_c16_T16_mode_rate_uniform_schedule_normal_seed_42.csv
cnn2_c8_c16,8,16,c8c16,weight_decay,42,16,16,rate_uniform,0.45,93.5,mnist-checkpoints/cnn2_c8_c16_L[16]_strict_seed42_ablation_wd_l16_cnn2_c8_c16.pth,noise3_exp/cnn_strict_seed_three_regs_noise_sweep_rate_uniform_L16_T16/cnn2_c8_c16/weight_decay/seed_42/noise_sweep_matrix_mnist_cnn2_c8_c16_T16_mode_rate_uniform_schedule_normal_seed_42.csv
cnn2_c8_c16,8,16,c8c16,weight_decay,42,16,16,rate_uniform,0.5,91.68,mnist-checkpoints/cnn2_c8_c16_L[16]_strict_seed42_ablation_wd_l16_cnn2_c8_c16.pth,noise3_exp/cnn_strict_seed_three_regs_noise_sweep_rate_uniform_L16_T16/cnn2_c8_c16/weight_decay/seed_42/noise_sweep_matrix_mnist_cnn2_c8_c16_T16_mode_rate_uniform_schedule_normal_seed_42.csv
cnn2_c8_c16,8,16,c8c16,weight_decay,42,16,16,rate_uniform,0.55,89.77,mnist-checkpoints/cnn2_c8_c16_L[16]_strict_seed42_ablation_wd_l16_cnn2_c8_c16.pth,noise3_exp/cnn_strict_seed_three_regs_noise_sweep_rate_uniform_L16_T16/cnn2_c8_c16/weight_decay/seed_42/noise_sweep_matrix_mnist_cnn2_c8_c16_T16_mode_rate_uniform_schedule_normal_seed_42.csv
cnn2_c8_c16,8,16,c8c16,weight_decay,42,16,16,rate_uniform,0.6,86.89,mnist-checkpoints/cnn2_c8_c16_L[16]_strict_seed42_ablation_wd_l16_cnn2_c8_c16.pth,noise3_exp/cnn_strict_seed_three_regs_noise_sweep_rate_uniform_L16_T16/cnn2_c8_c16/weight_decay/seed_42/noise_sweep_matrix_mnist_cnn2_c8_c16_T16_mode_rate_uniform_schedule_normal_seed_42.csv
cnn2_c8_c16,8,16,c8c16,weight_decay,42,16,16,rate_uniform,0.65,84.69,mnist-checkpoints/cnn2_c8_c16_L[16]_strict_seed42_ablation_wd_l16_cnn2_c8_c16.pth,noise3_exp/cnn_strict_seed_three_regs_noise_sweep_rate_uniform_L16_T16/cnn2_c8_c16/weight_decay/seed_42/noise_sweep_matrix_mnist_cnn2_c8_c16_T16_mode_rate_uniform_schedule_normal_seed_42.csv
cnn2_c8_c16,8,16,c8c16,weight_decay,42,16,16,rate_uniform,0.7,81.96,mnist-checkpoints/cnn2_c8_c16_L[16]_strict_seed42_ablation_wd_l16_cnn2_c8_c16.pth,noise3_exp/cnn_strict_seed_three_regs_noise_sweep_rate_uniform_L16_T16/cnn2_c8_c16/weight_decay/seed_42/noise_sweep_matrix_mnist_cnn2_c8_c16_T16_mode_rate_uniform_schedule_normal_seed_42.csv
cnn2_c8_c16,8,16,c8c16,weight_decay,42,16,16,rate_uniform,0.75,79.46,mnist-checkpoints/cnn2_c8_c16_L[16]_strict_seed42_ablation_wd_l16_cnn2_c8_c16.pth,noise3_exp/cnn_strict_seed_three_regs_noise_sweep_rate_uniform_L16_T16/cnn2_c8_c16/weight_decay/seed_42/noise_sweep_matrix_mnist_cnn2_c8_c16_T16_mode_rate_uniform_schedule_normal_seed_42.csv
cnn2_c8_c16,8,16,c8c16,weight_decay,42,16,16,rate_uniform,0.8,76.43,mnist-checkpoints/cnn2_c8_c16_L[16]_strict_seed42_ablation_wd_l16_cnn2_c8_c16.pth,noise3_exp/cnn_strict_seed_three_regs_noise_sweep_rate_uniform_L16_T16/cnn2_c8_c16/weight_decay/seed_42/noise_sweep_matrix_mnist_cnn2_c8_c16_T16_mode_rate_uniform_schedule_normal_seed_42.csv
cnn2_c8_c16,8,16,c8c16,weight_decay,42,16,16,rate_uniform,0.85,73.82,mnist-checkpoints/cnn2_c8_c16_L[16]_strict_seed42_ablation_wd_l16_cnn2_c8_c16.pth,noise3_exp/cnn_strict_seed_three_regs_noise_sweep_rate_uniform_L16_T16/cnn2_c8_c16/weight_decay/seed_42/noise_sweep_matrix_mnist_cnn2_c8_c16_T16_mode_rate_uniform_schedule_normal_seed_42.csv
cnn2_c8_c16,8,16,c8c16,weight_decay,42,16,16,rate_uniform,0.9,71.33,mnist-checkpoints/cnn2_c8_c16_L[16]_strict_seed42_ablation_wd_l16_cnn2_c8_c16.pth,noise3_exp/cnn_strict_seed_three_regs_noise_sweep_rate_uniform_L16_T16/cnn2_c8_c16/weight_decay/seed_42/noise_sweep_matrix_mnist_cnn2_c8_c16_T16_mode_rate_uniform_schedule_normal_seed_42.csv
cnn2_c8_c16,8,16,c8c16,weight_decay,42,16,16,rate_uniform,0.95,68.17,mnist-checkpoints/cnn2_c8_c16_L[16]_strict_seed42_ablation_wd_l16_cnn2_c8_c16.pth,noise3_exp/cnn_strict_seed_three_regs_noise_sweep_rate_uniform_L16_T16/cnn2_c8_c16/weight_decay/seed_42/noise_sweep_matrix_mnist_cnn2_c8_c16_T16_mode_rate_uniform_schedule_normal_seed_42.csv
cnn2_c8_c16,8,16,c8c16,weight_decay,42,16,16,rate_uniform,1.0,65.51,mnist-checkpoints/cnn2_c8_c16_L[16]_strict_seed42_ablation_wd_l16_cnn2_c8_c16.pth,noise3_exp/cnn_strict_seed_three_regs_noise_sweep_rate_uniform_L16_T16/cnn2_c8_c16/weight_decay/seed_42/noise_sweep_matrix_mnist_cnn2_c8_c16_T16_mode_rate_uniform_schedule_normal_seed_42.csv
cnn2_c8_c16,8,16,c8c16,weight_decay,43,16,16,rate_uniform,0.0,98.79,mnist-checkpoints/cnn2_c8_c16_L[16]_strict_seed43_ablation_wd_l16_cnn2_c8_c16.pth,noise3_exp/cnn_strict_seed_three_regs_noise_sweep_rate_uniform_L16_T16/cnn2_c8_c16/weight_decay/seed_43/noise_sweep_matrix_mnist_cnn2_c8_c16_T16_mode_rate_uniform_schedule_normal_seed_43.csv
cnn2_c8_c16,8,16,c8c16,weight_decay,43,16,16,rate_uniform,0.05,98.72,mnist-checkpoints/cnn2_c8_c16_L[16]_strict_seed43_ablation_wd_l16_cnn2_c8_c16.pth,noise3_exp/cnn_strict_seed_three_regs_noise_sweep_rate_uniform_L16_T16/cnn2_c8_c16/weight_decay/seed_43/noise_sweep_matrix_mnist_cnn2_c8_c16_T16_mode_rate_uniform_schedule_normal_seed_43.csv
cnn2_c8_c16,8,16,c8c16,weight_decay,43,16,16,rate_uniform,0.1,98.67,mnist-checkpoints/cnn2_c8_c16_L[16]_strict_seed43_ablation_wd_l16_cnn2_c8_c16.pth,noise3_exp/cnn_strict_seed_three_regs_noise_sweep_rate_uniform_L16_T16/cnn2_c8_c16/weight_decay/seed_43/noise_sweep_matrix_mnist_cnn2_c8_c16_T16_mode_rate_uniform_schedule_normal_seed_43.csv
cnn2_c8_c16,8,16,c8c16,weight_decay,43,16,16,rate_uniform,0.15,98.7,mnist-checkpoints/cnn2_c8_c16_L[16]_strict_seed43_ablation_wd_l16_cnn2_c8_c16.pth,noise3_exp/cnn_strict_seed_three_regs_noise_sweep_rate_uniform_L16_T16/cnn2_c8_c16/weight_decay/seed_43/noise_sweep_matrix_mnist_cnn2_c8_c16_T16_mode_rate_uniform_schedule_normal_seed_43.csv
cnn2_c8_c16,8,16,c8c16,weight_decay,43,16,16,rate_uniform,0.2,98.47,mnist-checkpoints/cnn2_c8_c16_L[16]_strict_seed43_ablation_wd_l16_cnn2_c8_c16.pth,noise3_exp/cnn_strict_seed_three_regs_noise_sweep_rate_uniform_L16_T16/cnn2_c8_c16/weight_decay/seed_43/noise_sweep_matrix_mnist_cnn2_c8_c16_T16_mode_rate_uniform_schedule_normal_seed_43.csv
cnn2_c8_c16,8,16,c8c16,weight_decay,43,16,16,rate_uniform,0.25,98.29,mnist-checkpoints/cnn2_c8_c16_L[16]_strict_seed43_ablation_wd_l16_cnn2_c8_c16.pth,noise3_exp/cnn_strict_seed_three_regs_noise_sweep_rate_uniform_L16_T16/cnn2_c8_c16/weight_decay/seed_43/noise_sweep_matrix_mnist_cnn2_c8_c16_T16_mode_rate_uniform_schedule_normal_seed_43.csv
cnn2_c8_c16,8,16,c8c16,weight_decay,43,16,16,rate_uniform,0.3,97.93,mnist-checkpoints/cnn2_c8_c16_L[16]_strict_seed43_ablation_wd_l16_cnn2_c8_c16.pth,noise3_exp/cnn_strict_seed_three_regs_noise_sweep_rate_uniform_L16_T16/cnn2_c8_c16/weight_decay/seed_43/noise_sweep_matrix_mnist_cnn2_c8_c16_T16_mode_rate_uniform_schedule_normal_seed_43.csv
cnn2_c8_c16,8,16,c8c16,weight_decay,43,16,16,rate_uniform,0.35,97.34,mnist-checkpoints/cnn2_c8_c16_L[16]_strict_seed43_ablation_wd_l16_cnn2_c8_c16.pth,noise3_exp/cnn_strict_seed_three_regs_noise_sweep_rate_uniform_L16_T16/cnn2_c8_c16/weight_decay/seed_43/noise_sweep_matrix_mnist_cnn2_c8_c16_T16_mode_rate_uniform_schedule_normal_seed_43.csv
cnn2_c8_c16,8,16,c8c16,weight_decay,43,16,16,rate_uniform,0.4,96.47,mnist-checkpoints/cnn2_c8_c16_L[16]_strict_seed43_ablation_wd_l16_cnn2_c8_c16.pth,noise3_exp/cnn_strict_seed_three_regs_noise_sweep_rate_uniform_L16_T16/cnn2_c8_c16/weight_decay/seed_43/noise_sweep_matrix_mnist_cnn2_c8_c16_T16_mode_rate_uniform_schedule_normal_seed_43.csv
cnn2_c8_c16,8,16,c8c16,weight_decay,43,16,16,rate_uniform,0.45,95.46,mnist-checkpoints/cnn2_c8_c16_L[16]_strict_seed43_ablation_wd_l16_cnn2_c8_c16.pth,noise3_exp/cnn_strict_seed_three_regs_noise_sweep_rate_uniform_L16_T16/cnn2_c8_c16/weight_decay/seed_43/noise_sweep_matrix_mnist_cnn2_c8_c16_T16_mode_rate_uniform_schedule_normal_seed_43.csv
cnn2_c8_c16,8,16,c8c16,weight_decay,43,16,16,rate_uniform,0.5,93.87,mnist-checkpoints/cnn2_c8_c16_L[16]_strict_seed43_ablation_wd_l16_cnn2_c8_c16.pth,noise3_exp/cnn_strict_seed_three_regs_noise_sweep_rate_uniform_L16_T16/cnn2_c8_c16/weight_decay/seed_43/noise_sweep_matrix_mnist_cnn2_c8_c16_T16_mode_rate_uniform_schedule_normal_seed_43.csv
cnn2_c8_c16,8,16,c8c16,weight_decay,43,16,16,rate_uniform,0.55,91.96,mnist-checkpoints/cnn2_c8_c16_L[16]_strict_seed43_ablation_wd_l16_cnn2_c8_c16.pth,noise3_exp/cnn_strict_seed_three_regs_noise_sweep_rate_uniform_L16_T16/cnn2_c8_c16/weight_decay/seed_43/noise_sweep_matrix_mnist_cnn2_c8_c16_T16_mode_rate_uniform_schedule_normal_seed_43.csv
cnn2_c8_c16,8,16,c8c16,weight_decay,43,16,16,rate_uniform,0.6,89.89,mnist-checkpoints/cnn2_c8_c16_L[16]_strict_seed43_ablation_wd_l16_cnn2_c8_c16.pth,noise3_exp/cnn_strict_seed_three_regs_noise_sweep_rate_uniform_L16_T16/cnn2_c8_c16/weight_decay/seed_43/noise_sweep_matrix_mnist_cnn2_c8_c16_T16_mode_rate_uniform_schedule_normal_seed_43.csv
cnn2_c8_c16,8,16,c8c16,weight_decay,43,16,16,rate_uniform,0.65,87.08,mnist-checkpoints/cnn2_c8_c16_L[16]_strict_seed43_ablation_wd_l16_cnn2_c8_c16.pth,noise3_exp/cnn_strict_seed_three_regs_noise_sweep_rate_uniform_L16_T16/cnn2_c8_c16/weight_decay/seed_43/noise_sweep_matrix_mnist_cnn2_c8_c16_T16_mode_rate_uniform_schedule_normal_seed_43.csv
cnn2_c8_c16,8,16,c8c16,weight_decay,43,16,16,rate_uniform,0.7,85.07,mnist-checkpoints/cnn2_c8_c16_L[16]_strict_seed43_ablation_wd_l16_cnn2_c8_c16.pth,noise3_exp/cnn_strict_seed_three_regs_noise_sweep_rate_uniform_L16_T16/cnn2_c8_c16/weight_decay/seed_43/noise_sweep_matrix_mnist_cnn2_c8_c16_T16_mode_rate_uniform_schedule_normal_seed_43.csv
cnn2_c8_c16,8,16,c8c16,weight_decay,43,16,16,rate_uniform,0.75,81.93,mnist-checkpoints/cnn2_c8_c16_L[16]_strict_seed43_ablation_wd_l16_cnn2_c8_c16.pth,noise3_exp/cnn_strict_seed_three_regs_noise_sweep_rate_uniform_L16_T16/cnn2_c8_c16/weight_decay/seed_43/noise_sweep_matrix_mnist_cnn2_c8_c16_T16_mode_rate_uniform_schedule_normal_seed_43.csv
cnn2_c8_c16,8,16,c8c16,weight_decay,43,16,16,rate_uniform,0.8,79.62,mnist-checkpoints/cnn2_c8_c16_L[16]_strict_seed43_ablation_wd_l16_cnn2_c8_c16.pth,noise3_exp/cnn_strict_seed_three_regs_noise_sweep_rate_uniform_L16_T16/cnn2_c8_c16/weight_decay/seed_43/noise_sweep_matrix_mnist_cnn2_c8_c16_T16_mode_rate_uniform_schedule_normal_seed_43.csv
cnn2_c8_c16,8,16,c8c16,weight_decay,43,16,16,rate_uniform,0.85,76.77,mnist-checkpoints/cnn2_c8_c16_L[16]_strict_seed43_ablation_wd_l16_cnn2_c8_c16.pth,noise3_exp/cnn_strict_seed_three_regs_noise_sweep_rate_uniform_L16_T16/cnn2_c8_c16/weight_decay/seed_43/noise_sweep_matrix_mnist_cnn2_c8_c16_T16_mode_rate_uniform_schedule_normal_seed_43.csv
cnn2_c8_c16,8,16,c8c16,weight_decay,43,16,16,rate_uniform,0.9,74.39,mnist-checkpoints/cnn2_c8_c16_L[16]_strict_seed43_ablation_wd_l16_cnn2_c8_c16.pth,noise3_exp/cnn_strict_seed_three_regs_noise_sweep_rate_uniform_L16_T16/cnn2_c8_c16/weight_decay/seed_43/noise_sweep_matrix_mnist_cnn2_c8_c16_T16_mode_rate_uniform_schedule_normal_seed_43.csv
cnn2_c8_c16,8,16,c8c16,weight_decay,43,16,16,rate_uniform,0.95,71.79,mnist-checkpoints/cnn2_c8_c16_L[16]_strict_seed43_ablation_wd_l16_cnn2_c8_c16.pth,noise3_exp/cnn_strict_seed_three_regs_noise_sweep_rate_uniform_L16_T16/cnn2_c8_c16/weight_decay/seed_43/noise_sweep_matrix_mnist_cnn2_c8_c16_T16_mode_rate_uniform_schedule_normal_seed_43.csv
cnn2_c8_c16,8,16,c8c16,weight_decay,43,16,16,rate_uniform,1.0,69.28,mnist-checkpoints/cnn2_c8_c16_L[16]_strict_seed43_ablation_wd_l16_cnn2_c8_c16.pth,noise3_exp/cnn_strict_seed_three_regs_noise_sweep_rate_uniform_L16_T16/cnn2_c8_c16/weight_decay/seed_43/noise_sweep_matrix_mnist_cnn2_c8_c16_T16_mode_rate_uniform_schedule_normal_seed_43.csv
cnn2_c8_c16,8,16,c8c16,weight_decay,44,16,16,rate_uniform,0.0,98.88,mnist-checkpoints/cnn2_c8_c16_L[16]_strict_seed44_ablation_wd_l16_cnn2_c8_c16.pth,noise3_exp/cnn_strict_seed_three_regs_noise_sweep_rate_uniform_L16_T16/cnn2_c8_c16/weight_decay/seed_44/noise_sweep_matrix_mnist_cnn2_c8_c16_T16_mode_rate_uniform_schedule_normal_seed_44.csv
cnn2_c8_c16,8,16,c8c16,weight_decay,44,16,16,rate_uniform,0.05,98.87,mnist-checkpoints/cnn2_c8_c16_L[16]_strict_seed44_ablation_wd_l16_cnn2_c8_c16.pth,noise3_exp/cnn_strict_seed_three_regs_noise_sweep_rate_uniform_L16_T16/cnn2_c8_c16/weight_decay/seed_44/noise_sweep_matrix_mnist_cnn2_c8_c16_T16_mode_rate_uniform_schedule_normal_seed_44.csv
cnn2_c8_c16,8,16,c8c16,weight_decay,44,16,16,rate_uniform,0.1,98.9,mnist-checkpoints/cnn2_c8_c16_L[16]_strict_seed44_ablation_wd_l16_cnn2_c8_c16.pth,noise3_exp/cnn_strict_seed_three_regs_noise_sweep_rate_uniform_L16_T16/cnn2_c8_c16/weight_decay/seed_44/noise_sweep_matrix_mnist_cnn2_c8_c16_T16_mode_rate_uniform_schedule_normal_seed_44.csv
cnn2_c8_c16,8,16,c8c16,weight_decay,44,16,16,rate_uniform,0.15,98.58,mnist-checkpoints/cnn2_c8_c16_L[16]_strict_seed44_ablation_wd_l16_cnn2_c8_c16.pth,noise3_exp/cnn_strict_seed_three_regs_noise_sweep_rate_uniform_L16_T16/cnn2_c8_c16/weight_decay/seed_44/noise_sweep_matrix_mnist_cnn2_c8_c16_T16_mode_rate_uniform_schedule_normal_seed_44.csv
cnn2_c8_c16,8,16,c8c16,weight_decay,44,16,16,rate_uniform,0.2,98.71,mnist-checkpoints/cnn2_c8_c16_L[16]_strict_seed44_ablation_wd_l16_cnn2_c8_c16.pth,noise3_exp/cnn_strict_seed_three_regs_noise_sweep_rate_uniform_L16_T16/cnn2_c8_c16/weight_decay/seed_44/noise_sweep_matrix_mnist_cnn2_c8_c16_T16_mode_rate_uniform_schedule_normal_seed_44.csv
cnn2_c8_c16,8,16,c8c16,weight_decay,44,16,16,rate_uniform,0.25,98.43,mnist-checkpoints/cnn2_c8_c16_L[16]_strict_seed44_ablation_wd_l16_cnn2_c8_c16.pth,noise3_exp/cnn_strict_seed_three_regs_noise_sweep_rate_uniform_L16_T16/cnn2_c8_c16/weight_decay/seed_44/noise_sweep_matrix_mnist_cnn2_c8_c16_T16_mode_rate_uniform_schedule_normal_seed_44.csv
cnn2_c8_c16,8,16,c8c16,weight_decay,44,16,16,rate_uniform,0.3,98.13,mnist-checkpoints/cnn2_c8_c16_L[16]_strict_seed44_ablation_wd_l16_cnn2_c8_c16.pth,noise3_exp/cnn_strict_seed_three_regs_noise_sweep_rate_uniform_L16_T16/cnn2_c8_c16/weight_decay/seed_44/noise_sweep_matrix_mnist_cnn2_c8_c16_T16_mode_rate_uniform_schedule_normal_seed_44.csv
cnn2_c8_c16,8,16,c8c16,weight_decay,44,16,16,rate_uniform,0.35,97.65,mnist-checkpoints/cnn2_c8_c16_L[16]_strict_seed44_ablation_wd_l16_cnn2_c8_c16.pth,noise3_exp/cnn_strict_seed_three_regs_noise_sweep_rate_uniform_L16_T16/cnn2_c8_c16/weight_decay/seed_44/noise_sweep_matrix_mnist_cnn2_c8_c16_T16_mode_rate_uniform_schedule_normal_seed_44.csv
cnn2_c8_c16,8,16,c8c16,weight_decay,44,16,16,rate_uniform,0.4,97.2,mnist-checkpoints/cnn2_c8_c16_L[16]_strict_seed44_ablation_wd_l16_cnn2_c8_c16.pth,noise3_exp/cnn_strict_seed_three_regs_noise_sweep_rate_uniform_L16_T16/cnn2_c8_c16/weight_decay/seed_44/noise_sweep_matrix_mnist_cnn2_c8_c16_T16_mode_rate_uniform_schedule_normal_seed_44.csv
cnn2_c8_c16,8,16,c8c16,weight_decay,44,16,16,rate_uniform,0.45,96.05,mnist-checkpoints/cnn2_c8_c16_L[16]_strict_seed44_ablation_wd_l16_cnn2_c8_c16.pth,noise3_exp/cnn_strict_seed_three_regs_noise_sweep_rate_uniform_L16_T16/cnn2_c8_c16/weight_decay/seed_44/noise_sweep_matrix_mnist_cnn2_c8_c16_T16_mode_rate_uniform_schedule_normal_seed_44.csv
cnn2_c8_c16,8,16,c8c16,weight_decay,44,16,16,rate_uniform,0.5,95.22,mnist-checkpoints/cnn2_c8_c16_L[16]_strict_seed44_ablation_wd_l16_cnn2_c8_c16.pth,noise3_exp/cnn_strict_seed_three_regs_noise_sweep_rate_uniform_L16_T16/cnn2_c8_c16/weight_decay/seed_44/noise_sweep_matrix_mnist_cnn2_c8_c16_T16_mode_rate_uniform_schedule_normal_seed_44.csv
cnn2_c8_c16,8,16,c8c16,weight_decay,44,16,16,rate_uniform,0.55,93.85,mnist-checkpoints/cnn2_c8_c16_L[16]_strict_seed44_ablation_wd_l16_cnn2_c8_c16.pth,noise3_exp/cnn_strict_seed_three_regs_noise_sweep_rate_uniform_L16_T16/cnn2_c8_c16/weight_decay/seed_44/noise_sweep_matrix_mnist_cnn2_c8_c16_T16_mode_rate_uniform_schedule_normal_seed_44.csv
cnn2_c8_c16,8,16,c8c16,weight_decay,44,16,16,rate_uniform,0.6,92.78,mnist-checkpoints/cnn2_c8_c16_L[16]_strict_seed44_ablation_wd_l16_cnn2_c8_c16.pth,noise3_exp/cnn_strict_seed_three_regs_noise_sweep_rate_uniform_L16_T16/cnn2_c8_c16/weight_decay/seed_44/noise_sweep_matrix_mnist_cnn2_c8_c16_T16_mode_rate_uniform_schedule_normal_seed_44.csv
cnn2_c8_c16,8,16,c8c16,weight_decay,44,16,16,rate_uniform,0.65,91.27,mnist-checkpoints/cnn2_c8_c16_L[16]_strict_seed44_ablation_wd_l16_cnn2_c8_c16.pth,noise3_exp/cnn_strict_seed_three_regs_noise_sweep_rate_uniform_L16_T16/cnn2_c8_c16/weight_decay/seed_44/noise_sweep_matrix_mnist_cnn2_c8_c16_T16_mode_rate_uniform_schedule_normal_seed_44.csv
cnn2_c8_c16,8,16,c8c16,weight_decay,44,16,16,rate_uniform,0.7,89.85,mnist-checkpoints/cnn2_c8_c16_L[16]_strict_seed44_ablation_wd_l16_cnn2_c8_c16.pth,noise3_exp/cnn_strict_seed_three_regs_noise_sweep_rate_uniform_L16_T16/cnn2_c8_c16/weight_decay/seed_44/noise_sweep_matrix_mnist_cnn2_c8_c16_T16_mode_rate_uniform_schedule_normal_seed_44.csv
cnn2_c8_c16,8,16,c8c16,weight_decay,44,16,16,rate_uniform,0.75,88.19,mnist-checkpoints/cnn2_c8_c16_L[16]_strict_seed44_ablation_wd_l16_cnn2_c8_c16.pth,noise3_exp/cnn_strict_seed_three_regs_noise_sweep_rate_uniform_L16_T16/cnn2_c8_c16/weight_decay/seed_44/noise_sweep_matrix_mnist_cnn2_c8_c16_T16_mode_rate_uniform_schedule_normal_seed_44.csv
cnn2_c8_c16,8,16,c8c16,weight_decay,44,16,16,rate_uniform,0.8,86.35,mnist-checkpoints/cnn2_c8_c16_L[16]_strict_seed44_ablation_wd_l16_cnn2_c8_c16.pth,noise3_exp/cnn_strict_seed_three_regs_noise_sweep_rate_uniform_L16_T16/cnn2_c8_c16/weight_decay/seed_44/noise_sweep_matrix_mnist_cnn2_c8_c16_T16_mode_rate_uniform_schedule_normal_seed_44.csv
cnn2_c8_c16,8,16,c8c16,weight_decay,44,16,16,rate_uniform,0.85,84.55,mnist-checkpoints/cnn2_c8_c16_L[16]_strict_seed44_ablation_wd_l16_cnn2_c8_c16.pth,noise3_exp/cnn_strict_seed_three_regs_noise_sweep_rate_uniform_L16_T16/cnn2_c8_c16/weight_decay/seed_44/noise_sweep_matrix_mnist_cnn2_c8_c16_T16_mode_rate_uniform_schedule_normal_seed_44.csv
cnn2_c8_c16,8,16,c8c16,weight_decay,44,16,16,rate_uniform,0.9,82.76,mnist-checkpoints/cnn2_c8_c16_L[16]_strict_seed44_ablation_wd_l16_cnn2_c8_c16.pth,noise3_exp/cnn_strict_seed_three_regs_noise_sweep_rate_uniform_L16_T16/cnn2_c8_c16/weight_decay/seed_44/noise_sweep_matrix_mnist_cnn2_c8_c16_T16_mode_rate_uniform_schedule_normal_seed_44.csv
cnn2_c8_c16,8,16,c8c16,weight_decay,44,16,16,rate_uniform,0.95,80.64,mnist-checkpoints/cnn2_c8_c16_L[16]_strict_seed44_ablation_wd_l16_cnn2_c8_c16.pth,noise3_exp/cnn_strict_seed_three_regs_noise_sweep_rate_uniform_L16_T16/cnn2_c8_c16/weight_decay/seed_44/noise_sweep_matrix_mnist_cnn2_c8_c16_T16_mode_rate_uniform_schedule_normal_seed_44.csv
cnn2_c8_c16,8,16,c8c16,weight_decay,44,16,16,rate_uniform,1.0,78.84,mnist-checkpoints/cnn2_c8_c16_L[16]_strict_seed44_ablation_wd_l16_cnn2_c8_c16.pth,noise3_exp/cnn_strict_seed_three_regs_noise_sweep_rate_uniform_L16_T16/cnn2_c8_c16/weight_decay/seed_44/noise_sweep_matrix_mnist_cnn2_c8_c16_T16_mode_rate_uniform_schedule_normal_seed_44.csv
cnn2_c8_c16,8,16,c8c16,no_regularization,40,16,16,rate_uniform,0.0,98.94,mnist-checkpoints/cnn2_c8_c16_L[16]_strict_seed40_ablation_none_l16_cnn2_c8_c16.pth,noise3_exp/cnn_strict_seed_three_regs_noise_sweep_rate_uniform_L16_T16/cnn2_c8_c16/no_regularization/seed_40/noise_sweep_matrix_mnist_cnn2_c8_c16_T16_mode_rate_uniform_schedule_normal_seed_40.csv
cnn2_c8_c16,8,16,c8c16,no_regularization,40,16,16,rate_uniform,0.05,98.88,mnist-checkpoints/cnn2_c8_c16_L[16]_strict_seed40_ablation_none_l16_cnn2_c8_c16.pth,noise3_exp/cnn_strict_seed_three_regs_noise_sweep_rate_uniform_L16_T16/cnn2_c8_c16/no_regularization/seed_40/noise_sweep_matrix_mnist_cnn2_c8_c16_T16_mode_rate_uniform_schedule_normal_seed_40.csv
cnn2_c8_c16,8,16,c8c16,no_regularization,40,16,16,rate_uniform,0.1,98.72,mnist-checkpoints/cnn2_c8_c16_L[16]_strict_seed40_ablation_none_l16_cnn2_c8_c16.pth,noise3_exp/cnn_strict_seed_three_regs_noise_sweep_rate_uniform_L16_T16/cnn2_c8_c16/no_regularization/seed_40/noise_sweep_matrix_mnist_cnn2_c8_c16_T16_mode_rate_uniform_schedule_normal_seed_40.csv
cnn2_c8_c16,8,16,c8c16,no_regularization,40,16,16,rate_uniform,0.15,97.94,mnist-checkpoints/cnn2_c8_c16_L[16]_strict_seed40_ablation_none_l16_cnn2_c8_c16.pth,noise3_exp/cnn_strict_seed_three_regs_noise_sweep_rate_uniform_L16_T16/cnn2_c8_c16/no_regularization/seed_40/noise_sweep_matrix_mnist_cnn2_c8_c16_T16_mode_rate_uniform_schedule_normal_seed_40.csv
cnn2_c8_c16,8,16,c8c16,no_regularization,40,16,16,rate_uniform,0.2,97.08,mnist-checkpoints/cnn2_c8_c16_L[16]_strict_seed40_ablation_none_l16_cnn2_c8_c16.pth,noise3_exp/cnn_strict_seed_three_regs_noise_sweep_rate_uniform_L16_T16/cnn2_c8_c16/no_regularization/seed_40/noise_sweep_matrix_mnist_cnn2_c8_c16_T16_mode_rate_uniform_schedule_normal_seed_40.csv
cnn2_c8_c16,8,16,c8c16,no_regularization,40,16,16,rate_uniform,0.25,96.41,mnist-checkpoints/cnn2_c8_c16_L[16]_strict_seed40_ablation_none_l16_cnn2_c8_c16.pth,noise3_exp/cnn_strict_seed_three_regs_noise_sweep_rate_uniform_L16_T16/cnn2_c8_c16/no_regularization/seed_40/noise_sweep_matrix_mnist_cnn2_c8_c16_T16_mode_rate_uniform_schedule_normal_seed_40.csv
cnn2_c8_c16,8,16,c8c16,no_regularization,40,16,16,rate_uniform,0.3,96.14,mnist-checkpoints/cnn2_c8_c16_L[16]_strict_seed40_ablation_none_l16_cnn2_c8_c16.pth,noise3_exp/cnn_strict_seed_three_regs_noise_sweep_rate_uniform_L16_T16/cnn2_c8_c16/no_regularization/seed_40/noise_sweep_matrix_mnist_cnn2_c8_c16_T16_mode_rate_uniform_schedule_normal_seed_40.csv
cnn2_c8_c16,8,16,c8c16,no_regularization,40,16,16,rate_uniform,0.35,95.54,mnist-checkpoints/cnn2_c8_c16_L[16]_strict_seed40_ablation_none_l16_cnn2_c8_c16.pth,noise3_exp/cnn_strict_seed_three_regs_noise_sweep_rate_uniform_L16_T16/cnn2_c8_c16/no_regularization/seed_40/noise_sweep_matrix_mnist_cnn2_c8_c16_T16_mode_rate_uniform_schedule_normal_seed_40.csv
cnn2_c8_c16,8,16,c8c16,no_regularization,40,16,16,rate_uniform,0.4,94.87,mnist-checkpoints/cnn2_c8_c16_L[16]_strict_seed40_ablation_none_l16_cnn2_c8_c16.pth,noise3_exp/cnn_strict_seed_three_regs_noise_sweep_rate_uniform_L16_T16/cnn2_c8_c16/no_regularization/seed_40/noise_sweep_matrix_mnist_cnn2_c8_c16_T16_mode_rate_uniform_schedule_normal_seed_40.csv
cnn2_c8_c16,8,16,c8c16,no_regularization,40,16,16,rate_uniform,0.45,94.51,mnist-checkpoints/cnn2_c8_c16_L[16]_strict_seed40_ablation_none_l16_cnn2_c8_c16.pth,noise3_exp/cnn_strict_seed_three_regs_noise_sweep_rate_uniform_L16_T16/cnn2_c8_c16/no_regularization/seed_40/noise_sweep_matrix_mnist_cnn2_c8_c16_T16_mode_rate_uniform_schedule_normal_seed_40.csv
cnn2_c8_c16,8,16,c8c16,no_regularization,40,16,16,rate_uniform,0.5,93.93,mnist-checkpoints/cnn2_c8_c16_L[16]_strict_seed40_ablation_none_l16_cnn2_c8_c16.pth,noise3_exp/cnn_strict_seed_three_regs_noise_sweep_rate_uniform_L16_T16/cnn2_c8_c16/no_regularization/seed_40/noise_sweep_matrix_mnist_cnn2_c8_c16_T16_mode_rate_uniform_schedule_normal_seed_40.csv
cnn2_c8_c16,8,16,c8c16,no_regularization,40,16,16,rate_uniform,0.55,93.7,mnist-checkpoints/cnn2_c8_c16_L[16]_strict_seed40_ablation_none_l16_cnn2_c8_c16.pth,noise3_exp/cnn_strict_seed_three_regs_noise_sweep_rate_uniform_L16_T16/cnn2_c8_c16/no_regularization/seed_40/noise_sweep_matrix_mnist_cnn2_c8_c16_T16_mode_rate_uniform_schedule_normal_seed_40.csv
cnn2_c8_c16,8,16,c8c16,no_regularization,40,16,16,rate_uniform,0.6,93.31,mnist-checkpoints/cnn2_c8_c16_L[16]_strict_seed40_ablation_none_l16_cnn2_c8_c16.pth,noise3_exp/cnn_strict_seed_three_regs_noise_sweep_rate_uniform_L16_T16/cnn2_c8_c16/no_regularization/seed_40/noise_sweep_matrix_mnist_cnn2_c8_c16_T16_mode_rate_uniform_schedule_normal_seed_40.csv
cnn2_c8_c16,8,16,c8c16,no_regularization,40,16,16,rate_uniform,0.65,92.67,mnist-checkpoints/cnn2_c8_c16_L[16]_strict_seed40_ablation_none_l16_cnn2_c8_c16.pth,noise3_exp/cnn_strict_seed_three_regs_noise_sweep_rate_uniform_L16_T16/cnn2_c8_c16/no_regularization/seed_40/noise_sweep_matrix_mnist_cnn2_c8_c16_T16_mode_rate_uniform_schedule_normal_seed_40.csv
cnn2_c8_c16,8,16,c8c16,no_regularization,40,16,16,rate_uniform,0.7,92.24,mnist-checkpoints/cnn2_c8_c16_L[16]_strict_seed40_ablation_none_l16_cnn2_c8_c16.pth,noise3_exp/cnn_strict_seed_three_regs_noise_sweep_rate_uniform_L16_T16/cnn2_c8_c16/no_regularization/seed_40/noise_sweep_matrix_mnist_cnn2_c8_c16_T16_mode_rate_uniform_schedule_normal_seed_40.csv
cnn2_c8_c16,8,16,c8c16,no_regularization,40,16,16,rate_uniform,0.75,91.42,mnist-checkpoints/cnn2_c8_c16_L[16]_strict_seed40_ablation_none_l16_cnn2_c8_c16.pth,noise3_exp/cnn_strict_seed_three_regs_noise_sweep_rate_uniform_L16_T16/cnn2_c8_c16/no_regularization/seed_40/noise_sweep_matrix_mnist_cnn2_c8_c16_T16_mode_rate_uniform_schedule_normal_seed_40.csv
cnn2_c8_c16,8,16,c8c16,no_regularization,40,16,16,rate_uniform,0.8,91.26,mnist-checkpoints/cnn2_c8_c16_L[16]_strict_seed40_ablation_none_l16_cnn2_c8_c16.pth,noise3_exp/cnn_strict_seed_three_regs_noise_sweep_rate_uniform_L16_T16/cnn2_c8_c16/no_regularization/seed_40/noise_sweep_matrix_mnist_cnn2_c8_c16_T16_mode_rate_uniform_schedule_normal_seed_40.csv
cnn2_c8_c16,8,16,c8c16,no_regularization,40,16,16,rate_uniform,0.85,90.37,mnist-checkpoints/cnn2_c8_c16_L[16]_strict_seed40_ablation_none_l16_cnn2_c8_c16.pth,noise3_exp/cnn_strict_seed_three_regs_noise_sweep_rate_uniform_L16_T16/cnn2_c8_c16/no_regularization/seed_40/noise_sweep_matrix_mnist_cnn2_c8_c16_T16_mode_rate_uniform_schedule_normal_seed_40.csv
cnn2_c8_c16,8,16,c8c16,no_regularization,40,16,16,rate_uniform,0.9,89.87,mnist-checkpoints/cnn2_c8_c16_L[16]_strict_seed40_ablation_none_l16_cnn2_c8_c16.pth,noise3_exp/cnn_strict_seed_three_regs_noise_sweep_rate_uniform_L16_T16/cnn2_c8_c16/no_regularization/seed_40/noise_sweep_matrix_mnist_cnn2_c8_c16_T16_mode_rate_uniform_schedule_normal_seed_40.csv
cnn2_c8_c16,8,16,c8c16,no_regularization,40,16,16,rate_uniform,0.95,88.73,mnist-checkpoints/cnn2_c8_c16_L[16]_strict_seed40_ablation_none_l16_cnn2_c8_c16.pth,noise3_exp/cnn_strict_seed_three_regs_noise_sweep_rate_uniform_L16_T16/cnn2_c8_c16/no_regularization/seed_40/noise_sweep_matrix_mnist_cnn2_c8_c16_T16_mode_rate_uniform_schedule_normal_seed_40.csv
cnn2_c8_c16,8,16,c8c16,no_regularization,40,16,16,rate_uniform,1.0,88.33,mnist-checkpoints/cnn2_c8_c16_L[16]_strict_seed40_ablation_none_l16_cnn2_c8_c16.pth,noise3_exp/cnn_strict_seed_three_regs_noise_sweep_rate_uniform_L16_T16/cnn2_c8_c16/no_regularization/seed_40/noise_sweep_matrix_mnist_cnn2_c8_c16_T16_mode_rate_uniform_schedule_normal_seed_40.csv
cnn2_c8_c16,8,16,c8c16,no_regularization,41,16,16,rate_uniform,0.0,98.85,mnist-checkpoints/cnn2_c8_c16_L[16]_strict_seed41_ablation_none_l16_cnn2_c8_c16.pth,noise3_exp/cnn_strict_seed_three_regs_noise_sweep_rate_uniform_L16_T16/cnn2_c8_c16/no_regularization/seed_41/noise_sweep_matrix_mnist_cnn2_c8_c16_T16_mode_rate_uniform_schedule_normal_seed_41.csv
cnn2_c8_c16,8,16,c8c16,no_regularization,41,16,16,rate_uniform,0.05,98.86,mnist-checkpoints/cnn2_c8_c16_L[16]_strict_seed41_ablation_none_l16_cnn2_c8_c16.pth,noise3_exp/cnn_strict_seed_three_regs_noise_sweep_rate_uniform_L16_T16/cnn2_c8_c16/no_regularization/seed_41/noise_sweep_matrix_mnist_cnn2_c8_c16_T16_mode_rate_uniform_schedule_normal_seed_41.csv
cnn2_c8_c16,8,16,c8c16,no_regularization,41,16,16,rate_uniform,0.1,98.84,mnist-checkpoints/cnn2_c8_c16_L[16]_strict_seed41_ablation_none_l16_cnn2_c8_c16.pth,noise3_exp/cnn_strict_seed_three_regs_noise_sweep_rate_uniform_L16_T16/cnn2_c8_c16/no_regularization/seed_41/noise_sweep_matrix_mnist_cnn2_c8_c16_T16_mode_rate_uniform_schedule_normal_seed_41.csv
cnn2_c8_c16,8,16,c8c16,no_regularization,41,16,16,rate_uniform,0.15,98.71,mnist-checkpoints/cnn2_c8_c16_L[16]_strict_seed41_ablation_none_l16_cnn2_c8_c16.pth,noise3_exp/cnn_strict_seed_three_regs_noise_sweep_rate_uniform_L16_T16/cnn2_c8_c16/no_regularization/seed_41/noise_sweep_matrix_mnist_cnn2_c8_c16_T16_mode_rate_uniform_schedule_normal_seed_41.csv
cnn2_c8_c16,8,16,c8c16,no_regularization,41,16,16,rate_uniform,0.2,98.68,mnist-checkpoints/cnn2_c8_c16_L[16]_strict_seed41_ablation_none_l16_cnn2_c8_c16.pth,noise3_exp/cnn_strict_seed_three_regs_noise_sweep_rate_uniform_L16_T16/cnn2_c8_c16/no_regularization/seed_41/noise_sweep_matrix_mnist_cnn2_c8_c16_T16_mode_rate_uniform_schedule_normal_seed_41.csv
cnn2_c8_c16,8,16,c8c16,no_regularization,41,16,16,rate_uniform,0.25,98.62,mnist-checkpoints/cnn2_c8_c16_L[16]_strict_seed41_ablation_none_l16_cnn2_c8_c16.pth,noise3_exp/cnn_strict_seed_three_regs_noise_sweep_rate_uniform_L16_T16/cnn2_c8_c16/no_regularization/seed_41/noise_sweep_matrix_mnist_cnn2_c8_c16_T16_mode_rate_uniform_schedule_normal_seed_41.csv
cnn2_c8_c16,8,16,c8c16,no_regularization,41,16,16,rate_uniform,0.3,98.77,mnist-checkpoints/cnn2_c8_c16_L[16]_strict_seed41_ablation_none_l16_cnn2_c8_c16.pth,noise3_exp/cnn_strict_seed_three_regs_noise_sweep_rate_uniform_L16_T16/cnn2_c8_c16/no_regularization/seed_41/noise_sweep_matrix_mnist_cnn2_c8_c16_T16_mode_rate_uniform_schedule_normal_seed_41.csv
cnn2_c8_c16,8,16,c8c16,no_regularization,41,16,16,rate_uniform,0.35,98.65,mnist-checkpoints/cnn2_c8_c16_L[16]_strict_seed41_ablation_none_l16_cnn2_c8_c16.pth,noise3_exp/cnn_strict_seed_three_regs_noise_sweep_rate_uniform_L16_T16/cnn2_c8_c16/no_regularization/seed_41/noise_sweep_matrix_mnist_cnn2_c8_c16_T16_mode_rate_uniform_schedule_normal_seed_41.csv
cnn2_c8_c16,8,16,c8c16,no_regularization,41,16,16,rate_uniform,0.4,98.47,mnist-checkpoints/cnn2_c8_c16_L[16]_strict_seed41_ablation_none_l16_cnn2_c8_c16.pth,noise3_exp/cnn_strict_seed_three_regs_noise_sweep_rate_uniform_L16_T16/cnn2_c8_c16/no_regularization/seed_41/noise_sweep_matrix_mnist_cnn2_c8_c16_T16_mode_rate_uniform_schedule_normal_seed_41.csv
cnn2_c8_c16,8,16,c8c16,no_regularization,41,16,16,rate_uniform,0.45,98.5,mnist-checkpoints/cnn2_c8_c16_L[16]_strict_seed41_ablation_none_l16_cnn2_c8_c16.pth,noise3_exp/cnn_strict_seed_three_regs_noise_sweep_rate_uniform_L16_T16/cnn2_c8_c16/no_regularization/seed_41/noise_sweep_matrix_mnist_cnn2_c8_c16_T16_mode_rate_uniform_schedule_normal_seed_41.csv
cnn2_c8_c16,8,16,c8c16,no_regularization,41,16,16,rate_uniform,0.5,98.38,mnist-checkpoints/cnn2_c8_c16_L[16]_strict_seed41_ablation_none_l16_cnn2_c8_c16.pth,noise3_exp/cnn_strict_seed_three_regs_noise_sweep_rate_uniform_L16_T16/cnn2_c8_c16/no_regularization/seed_41/noise_sweep_matrix_mnist_cnn2_c8_c16_T16_mode_rate_uniform_schedule_normal_seed_41.csv
cnn2_c8_c16,8,16,c8c16,no_regularization,41,16,16,rate_uniform,0.55,98.24,mnist-checkpoints/cnn2_c8_c16_L[16]_strict_seed41_ablation_none_l16_cnn2_c8_c16.pth,noise3_exp/cnn_strict_seed_three_regs_noise_sweep_rate_uniform_L16_T16/cnn2_c8_c16/no_regularization/seed_41/noise_sweep_matrix_mnist_cnn2_c8_c16_T16_mode_rate_uniform_schedule_normal_seed_41.csv
cnn2_c8_c16,8,16,c8c16,no_regularization,41,16,16,rate_uniform,0.6,98.26,mnist-checkpoints/cnn2_c8_c16_L[16]_strict_seed41_ablation_none_l16_cnn2_c8_c16.pth,noise3_exp/cnn_strict_seed_three_regs_noise_sweep_rate_uniform_L16_T16/cnn2_c8_c16/no_regularization/seed_41/noise_sweep_matrix_mnist_cnn2_c8_c16_T16_mode_rate_uniform_schedule_normal_seed_41.csv
cnn2_c8_c16,8,16,c8c16,no_regularization,41,16,16,rate_uniform,0.65,97.93,mnist-checkpoints/cnn2_c8_c16_L[16]_strict_seed41_ablation_none_l16_cnn2_c8_c16.pth,noise3_exp/cnn_strict_seed_three_regs_noise_sweep_rate_uniform_L16_T16/cnn2_c8_c16/no_regularization/seed_41/noise_sweep_matrix_mnist_cnn2_c8_c16_T16_mode_rate_uniform_schedule_normal_seed_41.csv
cnn2_c8_c16,8,16,c8c16,no_regularization,41,16,16,rate_uniform,0.7,97.65,mnist-checkpoints/cnn2_c8_c16_L[16]_strict_seed41_ablation_none_l16_cnn2_c8_c16.pth,noise3_exp/cnn_strict_seed_three_regs_noise_sweep_rate_uniform_L16_T16/cnn2_c8_c16/no_regularization/seed_41/noise_sweep_matrix_mnist_cnn2_c8_c16_T16_mode_rate_uniform_schedule_normal_seed_41.csv
cnn2_c8_c16,8,16,c8c16,no_regularization,41,16,16,rate_uniform,0.75,97.37,mnist-checkpoints/cnn2_c8_c16_L[16]_strict_seed41_ablation_none_l16_cnn2_c8_c16.pth,noise3_exp/cnn_strict_seed_three_regs_noise_sweep_rate_uniform_L16_T16/cnn2_c8_c16/no_regularization/seed_41/noise_sweep_matrix_mnist_cnn2_c8_c16_T16_mode_rate_uniform_schedule_normal_seed_41.csv
cnn2_c8_c16,8,16,c8c16,no_regularization,41,16,16,rate_uniform,0.8,96.92,mnist-checkpoints/cnn2_c8_c16_L[16]_strict_seed41_ablation_none_l16_cnn2_c8_c16.pth,noise3_exp/cnn_strict_seed_three_regs_noise_sweep_rate_uniform_L16_T16/cnn2_c8_c16/no_regularization/seed_41/noise_sweep_matrix_mnist_cnn2_c8_c16_T16_mode_rate_uniform_schedule_normal_seed_41.csv
cnn2_c8_c16,8,16,c8c16,no_regularization,41,16,16,rate_uniform,0.85,96.67,mnist-checkpoints/cnn2_c8_c16_L[16]_strict_seed41_ablation_none_l16_cnn2_c8_c16.pth,noise3_exp/cnn_strict_seed_three_regs_noise_sweep_rate_uniform_L16_T16/cnn2_c8_c16/no_regularization/seed_41/noise_sweep_matrix_mnist_cnn2_c8_c16_T16_mode_rate_uniform_schedule_normal_seed_41.csv
cnn2_c8_c16,8,16,c8c16,no_regularization,41,16,16,rate_uniform,0.9,96.28,mnist-checkpoints/cnn2_c8_c16_L[16]_strict_seed41_ablation_none_l16_cnn2_c8_c16.pth,noise3_exp/cnn_strict_seed_three_regs_noise_sweep_rate_uniform_L16_T16/cnn2_c8_c16/no_regularization/seed_41/noise_sweep_matrix_mnist_cnn2_c8_c16_T16_mode_rate_uniform_schedule_normal_seed_41.csv
cnn2_c8_c16,8,16,c8c16,no_regularization,41,16,16,rate_uniform,0.95,96.07,mnist-checkpoints/cnn2_c8_c16_L[16]_strict_seed41_ablation_none_l16_cnn2_c8_c16.pth,noise3_exp/cnn_strict_seed_three_regs_noise_sweep_rate_uniform_L16_T16/cnn2_c8_c16/no_regularization/seed_41/noise_sweep_matrix_mnist_cnn2_c8_c16_T16_mode_rate_uniform_schedule_normal_seed_41.csv
cnn2_c8_c16,8,16,c8c16,no_regularization,41,16,16,rate_uniform,1.0,95.49,mnist-checkpoints/cnn2_c8_c16_L[16]_strict_seed41_ablation_none_l16_cnn2_c8_c16.pth,noise3_exp/cnn_strict_seed_three_regs_noise_sweep_rate_uniform_L16_T16/cnn2_c8_c16/no_regularization/seed_41/noise_sweep_matrix_mnist_cnn2_c8_c16_T16_mode_rate_uniform_schedule_normal_seed_41.csv
cnn2_c8_c16,8,16,c8c16,no_regularization,42,16,16,rate_uniform,0.0,98.85,mnist-checkpoints/cnn2_c8_c16_L[16]_strict_seed42_ablation_none_l16_cnn2_c8_c16.pth,noise3_exp/cnn_strict_seed_three_regs_noise_sweep_rate_uniform_L16_T16/cnn2_c8_c16/no_regularization/seed_42/noise_sweep_matrix_mnist_cnn2_c8_c16_T16_mode_rate_uniform_schedule_normal_seed_42.csv
cnn2_c8_c16,8,16,c8c16,no_regularization,42,16,16,rate_uniform,0.05,98.76,mnist-checkpoints/cnn2_c8_c16_L[16]_strict_seed42_ablation_none_l16_cnn2_c8_c16.pth,noise3_exp/cnn_strict_seed_three_regs_noise_sweep_rate_uniform_L16_T16/cnn2_c8_c16/no_regularization/seed_42/noise_sweep_matrix_mnist_cnn2_c8_c16_T16_mode_rate_uniform_schedule_normal_seed_42.csv
cnn2_c8_c16,8,16,c8c16,no_regularization,42,16,16,rate_uniform,0.1,98.78,mnist-checkpoints/cnn2_c8_c16_L[16]_strict_seed42_ablation_none_l16_cnn2_c8_c16.pth,noise3_exp/cnn_strict_seed_three_regs_noise_sweep_rate_uniform_L16_T16/cnn2_c8_c16/no_regularization/seed_42/noise_sweep_matrix_mnist_cnn2_c8_c16_T16_mode_rate_uniform_schedule_normal_seed_42.csv
cnn2_c8_c16,8,16,c8c16,no_regularization,42,16,16,rate_uniform,0.15,98.88,mnist-checkpoints/cnn2_c8_c16_L[16]_strict_seed42_ablation_none_l16_cnn2_c8_c16.pth,noise3_exp/cnn_strict_seed_three_regs_noise_sweep_rate_uniform_L16_T16/cnn2_c8_c16/no_regularization/seed_42/noise_sweep_matrix_mnist_cnn2_c8_c16_T16_mode_rate_uniform_schedule_normal_seed_42.csv
cnn2_c8_c16,8,16,c8c16,no_regularization,42,16,16,rate_uniform,0.2,98.73,mnist-checkpoints/cnn2_c8_c16_L[16]_strict_seed42_ablation_none_l16_cnn2_c8_c16.pth,noise3_exp/cnn_strict_seed_three_regs_noise_sweep_rate_uniform_L16_T16/cnn2_c8_c16/no_regularization/seed_42/noise_sweep_matrix_mnist_cnn2_c8_c16_T16_mode_rate_uniform_schedule_normal_seed_42.csv
cnn2_c8_c16,8,16,c8c16,no_regularization,42,16,16,rate_uniform,0.25,98.74,mnist-checkpoints/cnn2_c8_c16_L[16]_strict_seed42_ablation_none_l16_cnn2_c8_c16.pth,noise3_exp/cnn_strict_seed_three_regs_noise_sweep_rate_uniform_L16_T16/cnn2_c8_c16/no_regularization/seed_42/noise_sweep_matrix_mnist_cnn2_c8_c16_T16_mode_rate_uniform_schedule_normal_seed_42.csv
cnn2_c8_c16,8,16,c8c16,no_regularization,42,16,16,rate_uniform,0.3,98.62,mnist-checkpoints/cnn2_c8_c16_L[16]_strict_seed42_ablation_none_l16_cnn2_c8_c16.pth,noise3_exp/cnn_strict_seed_three_regs_noise_sweep_rate_uniform_L16_T16/cnn2_c8_c16/no_regularization/seed_42/noise_sweep_matrix_mnist_cnn2_c8_c16_T16_mode_rate_uniform_schedule_normal_seed_42.csv
cnn2_c8_c16,8,16,c8c16,no_regularization,42,16,16,rate_uniform,0.35,98.62,mnist-checkpoints/cnn2_c8_c16_L[16]_strict_seed42_ablation_none_l16_cnn2_c8_c16.pth,noise3_exp/cnn_strict_seed_three_regs_noise_sweep_rate_uniform_L16_T16/cnn2_c8_c16/no_regularization/seed_42/noise_sweep_matrix_mnist_cnn2_c8_c16_T16_mode_rate_uniform_schedule_normal_seed_42.csv
cnn2_c8_c16,8,16,c8c16,no_regularization,42,16,16,rate_uniform,0.4,98.49,mnist-checkpoints/cnn2_c8_c16_L[16]_strict_seed42_ablation_none_l16_cnn2_c8_c16.pth,noise3_exp/cnn_strict_seed_three_regs_noise_sweep_rate_uniform_L16_T16/cnn2_c8_c16/no_regularization/seed_42/noise_sweep_matrix_mnist_cnn2_c8_c16_T16_mode_rate_uniform_schedule_normal_seed_42.csv
cnn2_c8_c16,8,16,c8c16,no_regularization,42,16,16,rate_uniform,0.45,98.43,mnist-checkpoints/cnn2_c8_c16_L[16]_strict_seed42_ablation_none_l16_cnn2_c8_c16.pth,noise3_exp/cnn_strict_seed_three_regs_noise_sweep_rate_uniform_L16_T16/cnn2_c8_c16/no_regularization/seed_42/noise_sweep_matrix_mnist_cnn2_c8_c16_T16_mode_rate_uniform_schedule_normal_seed_42.csv
cnn2_c8_c16,8,16,c8c16,no_regularization,42,16,16,rate_uniform,0.5,98.4,mnist-checkpoints/cnn2_c8_c16_L[16]_strict_seed42_ablation_none_l16_cnn2_c8_c16.pth,noise3_exp/cnn_strict_seed_three_regs_noise_sweep_rate_uniform_L16_T16/cnn2_c8_c16/no_regularization/seed_42/noise_sweep_matrix_mnist_cnn2_c8_c16_T16_mode_rate_uniform_schedule_normal_seed_42.csv
cnn2_c8_c16,8,16,c8c16,no_regularization,42,16,16,rate_uniform,0.55,98.21,mnist-checkpoints/cnn2_c8_c16_L[16]_strict_seed42_ablation_none_l16_cnn2_c8_c16.pth,noise3_exp/cnn_strict_seed_three_regs_noise_sweep_rate_uniform_L16_T16/cnn2_c8_c16/no_regularization/seed_42/noise_sweep_matrix_mnist_cnn2_c8_c16_T16_mode_rate_uniform_schedule_normal_seed_42.csv
cnn2_c8_c16,8,16,c8c16,no_regularization,42,16,16,rate_uniform,0.6,98.16,mnist-checkpoints/cnn2_c8_c16_L[16]_strict_seed42_ablation_none_l16_cnn2_c8_c16.pth,noise3_exp/cnn_strict_seed_three_regs_noise_sweep_rate_uniform_L16_T16/cnn2_c8_c16/no_regularization/seed_42/noise_sweep_matrix_mnist_cnn2_c8_c16_T16_mode_rate_uniform_schedule_normal_seed_42.csv
cnn2_c8_c16,8,16,c8c16,no_regularization,42,16,16,rate_uniform,0.65,97.85,mnist-checkpoints/cnn2_c8_c16_L[16]_strict_seed42_ablation_none_l16_cnn2_c8_c16.pth,noise3_exp/cnn_strict_seed_three_regs_noise_sweep_rate_uniform_L16_T16/cnn2_c8_c16/no_regularization/seed_42/noise_sweep_matrix_mnist_cnn2_c8_c16_T16_mode_rate_uniform_schedule_normal_seed_42.csv
cnn2_c8_c16,8,16,c8c16,no_regularization,42,16,16,rate_uniform,0.7,97.96,mnist-checkpoints/cnn2_c8_c16_L[16]_strict_seed42_ablation_none_l16_cnn2_c8_c16.pth,noise3_exp/cnn_strict_seed_three_regs_noise_sweep_rate_uniform_L16_T16/cnn2_c8_c16/no_regularization/seed_42/noise_sweep_matrix_mnist_cnn2_c8_c16_T16_mode_rate_uniform_schedule_normal_seed_42.csv
cnn2_c8_c16,8,16,c8c16,no_regularization,42,16,16,rate_uniform,0.75,97.26,mnist-checkpoints/cnn2_c8_c16_L[16]_strict_seed42_ablation_none_l16_cnn2_c8_c16.pth,noise3_exp/cnn_strict_seed_three_regs_noise_sweep_rate_uniform_L16_T16/cnn2_c8_c16/no_regularization/seed_42/noise_sweep_matrix_mnist_cnn2_c8_c16_T16_mode_rate_uniform_schedule_normal_seed_42.csv
cnn2_c8_c16,8,16,c8c16,no_regularization,42,16,16,rate_uniform,0.8,97.09,mnist-checkpoints/cnn2_c8_c16_L[16]_strict_seed42_ablation_none_l16_cnn2_c8_c16.pth,noise3_exp/cnn_strict_seed_three_regs_noise_sweep_rate_uniform_L16_T16/cnn2_c8_c16/no_regularization/seed_42/noise_sweep_matrix_mnist_cnn2_c8_c16_T16_mode_rate_uniform_schedule_normal_seed_42.csv
cnn2_c8_c16,8,16,c8c16,no_regularization,42,16,16,rate_uniform,0.85,97.01,mnist-checkpoints/cnn2_c8_c16_L[16]_strict_seed42_ablation_none_l16_cnn2_c8_c16.pth,noise3_exp/cnn_strict_seed_three_regs_noise_sweep_rate_uniform_L16_T16/cnn2_c8_c16/no_regularization/seed_42/noise_sweep_matrix_mnist_cnn2_c8_c16_T16_mode_rate_uniform_schedule_normal_seed_42.csv
cnn2_c8_c16,8,16,c8c16,no_regularization,42,16,16,rate_uniform,0.9,96.35,mnist-checkpoints/cnn2_c8_c16_L[16]_strict_seed42_ablation_none_l16_cnn2_c8_c16.pth,noise3_exp/cnn_strict_seed_three_regs_noise_sweep_rate_uniform_L16_T16/cnn2_c8_c16/no_regularization/seed_42/noise_sweep_matrix_mnist_cnn2_c8_c16_T16_mode_rate_uniform_schedule_normal_seed_42.csv
cnn2_c8_c16,8,16,c8c16,no_regularization,42,16,16,rate_uniform,0.95,96.15,mnist-checkpoints/cnn2_c8_c16_L[16]_strict_seed42_ablation_none_l16_cnn2_c8_c16.pth,noise3_exp/cnn_strict_seed_three_regs_noise_sweep_rate_uniform_L16_T16/cnn2_c8_c16/no_regularization/seed_42/noise_sweep_matrix_mnist_cnn2_c8_c16_T16_mode_rate_uniform_schedule_normal_seed_42.csv
cnn2_c8_c16,8,16,c8c16,no_regularization,42,16,16,rate_uniform,1.0,95.46,mnist-checkpoints/cnn2_c8_c16_L[16]_strict_seed42_ablation_none_l16_cnn2_c8_c16.pth,noise3_exp/cnn_strict_seed_three_regs_noise_sweep_rate_uniform_L16_T16/cnn2_c8_c16/no_regularization/seed_42/noise_sweep_matrix_mnist_cnn2_c8_c16_T16_mode_rate_uniform_schedule_normal_seed_42.csv
cnn2_c8_c16,8,16,c8c16,no_regularization,43,16,16,rate_uniform,0.0,98.63,mnist-checkpoints/cnn2_c8_c16_L[16]_strict_seed43_ablation_none_l16_cnn2_c8_c16.pth,noise3_exp/cnn_strict_seed_three_regs_noise_sweep_rate_uniform_L16_T16/cnn2_c8_c16/no_regularization/seed_43/noise_sweep_matrix_mnist_cnn2_c8_c16_T16_mode_rate_uniform_schedule_normal_seed_43.csv
cnn2_c8_c16,8,16,c8c16,no_regularization,43,16,16,rate_uniform,0.05,98.62,mnist-checkpoints/cnn2_c8_c16_L[16]_strict_seed43_ablation_none_l16_cnn2_c8_c16.pth,noise3_exp/cnn_strict_seed_three_regs_noise_sweep_rate_uniform_L16_T16/cnn2_c8_c16/no_regularization/seed_43/noise_sweep_matrix_mnist_cnn2_c8_c16_T16_mode_rate_uniform_schedule_normal_seed_43.csv
cnn2_c8_c16,8,16,c8c16,no_regularization,43,16,16,rate_uniform,0.1,98.52,mnist-checkpoints/cnn2_c8_c16_L[16]_strict_seed43_ablation_none_l16_cnn2_c8_c16.pth,noise3_exp/cnn_strict_seed_three_regs_noise_sweep_rate_uniform_L16_T16/cnn2_c8_c16/no_regularization/seed_43/noise_sweep_matrix_mnist_cnn2_c8_c16_T16_mode_rate_uniform_schedule_normal_seed_43.csv
cnn2_c8_c16,8,16,c8c16,no_regularization,43,16,16,rate_uniform,0.15,98.52,mnist-checkpoints/cnn2_c8_c16_L[16]_strict_seed43_ablation_none_l16_cnn2_c8_c16.pth,noise3_exp/cnn_strict_seed_three_regs_noise_sweep_rate_uniform_L16_T16/cnn2_c8_c16/no_regularization/seed_43/noise_sweep_matrix_mnist_cnn2_c8_c16_T16_mode_rate_uniform_schedule_normal_seed_43.csv
cnn2_c8_c16,8,16,c8c16,no_regularization,43,16,16,rate_uniform,0.2,98.39,mnist-checkpoints/cnn2_c8_c16_L[16]_strict_seed43_ablation_none_l16_cnn2_c8_c16.pth,noise3_exp/cnn_strict_seed_three_regs_noise_sweep_rate_uniform_L16_T16/cnn2_c8_c16/no_regularization/seed_43/noise_sweep_matrix_mnist_cnn2_c8_c16_T16_mode_rate_uniform_schedule_normal_seed_43.csv
cnn2_c8_c16,8,16,c8c16,no_regularization,43,16,16,rate_uniform,0.25,98.12,mnist-checkpoints/cnn2_c8_c16_L[16]_strict_seed43_ablation_none_l16_cnn2_c8_c16.pth,noise3_exp/cnn_strict_seed_three_regs_noise_sweep_rate_uniform_L16_T16/cnn2_c8_c16/no_regularization/seed_43/noise_sweep_matrix_mnist_cnn2_c8_c16_T16_mode_rate_uniform_schedule_normal_seed_43.csv
cnn2_c8_c16,8,16,c8c16,no_regularization,43,16,16,rate_uniform,0.3,97.81,mnist-checkpoints/cnn2_c8_c16_L[16]_strict_seed43_ablation_none_l16_cnn2_c8_c16.pth,noise3_exp/cnn_strict_seed_three_regs_noise_sweep_rate_uniform_L16_T16/cnn2_c8_c16/no_regularization/seed_43/noise_sweep_matrix_mnist_cnn2_c8_c16_T16_mode_rate_uniform_schedule_normal_seed_43.csv
cnn2_c8_c16,8,16,c8c16,no_regularization,43,16,16,rate_uniform,0.35,97.5,mnist-checkpoints/cnn2_c8_c16_L[16]_strict_seed43_ablation_none_l16_cnn2_c8_c16.pth,noise3_exp/cnn_strict_seed_three_regs_noise_sweep_rate_uniform_L16_T16/cnn2_c8_c16/no_regularization/seed_43/noise_sweep_matrix_mnist_cnn2_c8_c16_T16_mode_rate_uniform_schedule_normal_seed_43.csv
cnn2_c8_c16,8,16,c8c16,no_regularization,43,16,16,rate_uniform,0.4,97.49,mnist-checkpoints/cnn2_c8_c16_L[16]_strict_seed43_ablation_none_l16_cnn2_c8_c16.pth,noise3_exp/cnn_strict_seed_three_regs_noise_sweep_rate_uniform_L16_T16/cnn2_c8_c16/no_regularization/seed_43/noise_sweep_matrix_mnist_cnn2_c8_c16_T16_mode_rate_uniform_schedule_normal_seed_43.csv
cnn2_c8_c16,8,16,c8c16,no_regularization,43,16,16,rate_uniform,0.45,97.25,mnist-checkpoints/cnn2_c8_c16_L[16]_strict_seed43_ablation_none_l16_cnn2_c8_c16.pth,noise3_exp/cnn_strict_seed_three_regs_noise_sweep_rate_uniform_L16_T16/cnn2_c8_c16/no_regularization/seed_43/noise_sweep_matrix_mnist_cnn2_c8_c16_T16_mode_rate_uniform_schedule_normal_seed_43.csv
cnn2_c8_c16,8,16,c8c16,no_regularization,43,16,16,rate_uniform,0.5,97.26,mnist-checkpoints/cnn2_c8_c16_L[16]_strict_seed43_ablation_none_l16_cnn2_c8_c16.pth,noise3_exp/cnn_strict_seed_three_regs_noise_sweep_rate_uniform_L16_T16/cnn2_c8_c16/no_regularization/seed_43/noise_sweep_matrix_mnist_cnn2_c8_c16_T16_mode_rate_uniform_schedule_normal_seed_43.csv
cnn2_c8_c16,8,16,c8c16,no_regularization,43,16,16,rate_uniform,0.55,96.89,mnist-checkpoints/cnn2_c8_c16_L[16]_strict_seed43_ablation_none_l16_cnn2_c8_c16.pth,noise3_exp/cnn_strict_seed_three_regs_noise_sweep_rate_uniform_L16_T16/cnn2_c8_c16/no_regularization/seed_43/noise_sweep_matrix_mnist_cnn2_c8_c16_T16_mode_rate_uniform_schedule_normal_seed_43.csv
cnn2_c8_c16,8,16,c8c16,no_regularization,43,16,16,rate_uniform,0.6,96.86,mnist-checkpoints/cnn2_c8_c16_L[16]_strict_seed43_ablation_none_l16_cnn2_c8_c16.pth,noise3_exp/cnn_strict_seed_three_regs_noise_sweep_rate_uniform_L16_T16/cnn2_c8_c16/no_regularization/seed_43/noise_sweep_matrix_mnist_cnn2_c8_c16_T16_mode_rate_uniform_schedule_normal_seed_43.csv
cnn2_c8_c16,8,16,c8c16,no_regularization,43,16,16,rate_uniform,0.65,96.71,mnist-checkpoints/cnn2_c8_c16_L[16]_strict_seed43_ablation_none_l16_cnn2_c8_c16.pth,noise3_exp/cnn_strict_seed_three_regs_noise_sweep_rate_uniform_L16_T16/cnn2_c8_c16/no_regularization/seed_43/noise_sweep_matrix_mnist_cnn2_c8_c16_T16_mode_rate_uniform_schedule_normal_seed_43.csv
cnn2_c8_c16,8,16,c8c16,no_regularization,43,16,16,rate_uniform,0.7,96.44,mnist-checkpoints/cnn2_c8_c16_L[16]_strict_seed43_ablation_none_l16_cnn2_c8_c16.pth,noise3_exp/cnn_strict_seed_three_regs_noise_sweep_rate_uniform_L16_T16/cnn2_c8_c16/no_regularization/seed_43/noise_sweep_matrix_mnist_cnn2_c8_c16_T16_mode_rate_uniform_schedule_normal_seed_43.csv
cnn2_c8_c16,8,16,c8c16,no_regularization,43,16,16,rate_uniform,0.75,96.48,mnist-checkpoints/cnn2_c8_c16_L[16]_strict_seed43_ablation_none_l16_cnn2_c8_c16.pth,noise3_exp/cnn_strict_seed_three_regs_noise_sweep_rate_uniform_L16_T16/cnn2_c8_c16/no_regularization/seed_43/noise_sweep_matrix_mnist_cnn2_c8_c16_T16_mode_rate_uniform_schedule_normal_seed_43.csv
cnn2_c8_c16,8,16,c8c16,no_regularization,43,16,16,rate_uniform,0.8,96.24,mnist-checkpoints/cnn2_c8_c16_L[16]_strict_seed43_ablation_none_l16_cnn2_c8_c16.pth,noise3_exp/cnn_strict_seed_three_regs_noise_sweep_rate_uniform_L16_T16/cnn2_c8_c16/no_regularization/seed_43/noise_sweep_matrix_mnist_cnn2_c8_c16_T16_mode_rate_uniform_schedule_normal_seed_43.csv
cnn2_c8_c16,8,16,c8c16,no_regularization,43,16,16,rate_uniform,0.85,95.72,mnist-checkpoints/cnn2_c8_c16_L[16]_strict_seed43_ablation_none_l16_cnn2_c8_c16.pth,noise3_exp/cnn_strict_seed_three_regs_noise_sweep_rate_uniform_L16_T16/cnn2_c8_c16/no_regularization/seed_43/noise_sweep_matrix_mnist_cnn2_c8_c16_T16_mode_rate_uniform_schedule_normal_seed_43.csv
cnn2_c8_c16,8,16,c8c16,no_regularization,43,16,16,rate_uniform,0.9,95.51,mnist-checkpoints/cnn2_c8_c16_L[16]_strict_seed43_ablation_none_l16_cnn2_c8_c16.pth,noise3_exp/cnn_strict_seed_three_regs_noise_sweep_rate_uniform_L16_T16/cnn2_c8_c16/no_regularization/seed_43/noise_sweep_matrix_mnist_cnn2_c8_c16_T16_mode_rate_uniform_schedule_normal_seed_43.csv
cnn2_c8_c16,8,16,c8c16,no_regularization,43,16,16,rate_uniform,0.95,95.22,mnist-checkpoints/cnn2_c8_c16_L[16]_strict_seed43_ablation_none_l16_cnn2_c8_c16.pth,noise3_exp/cnn_strict_seed_three_regs_noise_sweep_rate_uniform_L16_T16/cnn2_c8_c16/no_regularization/seed_43/noise_sweep_matrix_mnist_cnn2_c8_c16_T16_mode_rate_uniform_schedule_normal_seed_43.csv
cnn2_c8_c16,8,16,c8c16,no_regularization,43,16,16,rate_uniform,1.0,95.23,mnist-checkpoints/cnn2_c8_c16_L[16]_strict_seed43_ablation_none_l16_cnn2_c8_c16.pth,noise3_exp/cnn_strict_seed_three_regs_noise_sweep_rate_uniform_L16_T16/cnn2_c8_c16/no_regularization/seed_43/noise_sweep_matrix_mnist_cnn2_c8_c16_T16_mode_rate_uniform_schedule_normal_seed_43.csv
cnn2_c8_c16,8,16,c8c16,no_regularization,44,16,16,rate_uniform,0.0,98.75,mnist-checkpoints/cnn2_c8_c16_L[16]_strict_seed44_ablation_none_l16_cnn2_c8_c16.pth,noise3_exp/cnn_strict_seed_three_regs_noise_sweep_rate_uniform_L16_T16/cnn2_c8_c16/no_regularization/seed_44/noise_sweep_matrix_mnist_cnn2_c8_c16_T16_mode_rate_uniform_schedule_normal_seed_44.csv
cnn2_c8_c16,8,16,c8c16,no_regularization,44,16,16,rate_uniform,0.05,98.63,mnist-checkpoints/cnn2_c8_c16_L[16]_strict_seed44_ablation_none_l16_cnn2_c8_c16.pth,noise3_exp/cnn_strict_seed_three_regs_noise_sweep_rate_uniform_L16_T16/cnn2_c8_c16/no_regularization/seed_44/noise_sweep_matrix_mnist_cnn2_c8_c16_T16_mode_rate_uniform_schedule_normal_seed_44.csv
cnn2_c8_c16,8,16,c8c16,no_regularization,44,16,16,rate_uniform,0.1,98.04,mnist-checkpoints/cnn2_c8_c16_L[16]_strict_seed44_ablation_none_l16_cnn2_c8_c16.pth,noise3_exp/cnn_strict_seed_three_regs_noise_sweep_rate_uniform_L16_T16/cnn2_c8_c16/no_regularization/seed_44/noise_sweep_matrix_mnist_cnn2_c8_c16_T16_mode_rate_uniform_schedule_normal_seed_44.csv
cnn2_c8_c16,8,16,c8c16,no_regularization,44,16,16,rate_uniform,0.15,96.88,mnist-checkpoints/cnn2_c8_c16_L[16]_strict_seed44_ablation_none_l16_cnn2_c8_c16.pth,noise3_exp/cnn_strict_seed_three_regs_noise_sweep_rate_uniform_L16_T16/cnn2_c8_c16/no_regularization/seed_44/noise_sweep_matrix_mnist_cnn2_c8_c16_T16_mode_rate_uniform_schedule_normal_seed_44.csv
cnn2_c8_c16,8,16,c8c16,no_regularization,44,16,16,rate_uniform,0.2,95.34,mnist-checkpoints/cnn2_c8_c16_L[16]_strict_seed44_ablation_none_l16_cnn2_c8_c16.pth,noise3_exp/cnn_strict_seed_three_regs_noise_sweep_rate_uniform_L16_T16/cnn2_c8_c16/no_regularization/seed_44/noise_sweep_matrix_mnist_cnn2_c8_c16_T16_mode_rate_uniform_schedule_normal_seed_44.csv
cnn2_c8_c16,8,16,c8c16,no_regularization,44,16,16,rate_uniform,0.25,92.55,mnist-checkpoints/cnn2_c8_c16_L[16]_strict_seed44_ablation_none_l16_cnn2_c8_c16.pth,noise3_exp/cnn_strict_seed_three_regs_noise_sweep_rate_uniform_L16_T16/cnn2_c8_c16/no_regularization/seed_44/noise_sweep_matrix_mnist_cnn2_c8_c16_T16_mode_rate_uniform_schedule_normal_seed_44.csv
cnn2_c8_c16,8,16,c8c16,no_regularization,44,16,16,rate_uniform,0.3,90.01,mnist-checkpoints/cnn2_c8_c16_L[16]_strict_seed44_ablation_none_l16_cnn2_c8_c16.pth,noise3_exp/cnn_strict_seed_three_regs_noise_sweep_rate_uniform_L16_T16/cnn2_c8_c16/no_regularization/seed_44/noise_sweep_matrix_mnist_cnn2_c8_c16_T16_mode_rate_uniform_schedule_normal_seed_44.csv
cnn2_c8_c16,8,16,c8c16,no_regularization,44,16,16,rate_uniform,0.35,87.6,mnist-checkpoints/cnn2_c8_c16_L[16]_strict_seed44_ablation_none_l16_cnn2_c8_c16.pth,noise3_exp/cnn_strict_seed_three_regs_noise_sweep_rate_uniform_L16_T16/cnn2_c8_c16/no_regularization/seed_44/noise_sweep_matrix_mnist_cnn2_c8_c16_T16_mode_rate_uniform_schedule_normal_seed_44.csv
cnn2_c8_c16,8,16,c8c16,no_regularization,44,16,16,rate_uniform,0.4,84.72,mnist-checkpoints/cnn2_c8_c16_L[16]_strict_seed44_ablation_none_l16_cnn2_c8_c16.pth,noise3_exp/cnn_strict_seed_three_regs_noise_sweep_rate_uniform_L16_T16/cnn2_c8_c16/no_regularization/seed_44/noise_sweep_matrix_mnist_cnn2_c8_c16_T16_mode_rate_uniform_schedule_normal_seed_44.csv
cnn2_c8_c16,8,16,c8c16,no_regularization,44,16,16,rate_uniform,0.45,82.9,mnist-checkpoints/cnn2_c8_c16_L[16]_strict_seed44_ablation_none_l16_cnn2_c8_c16.pth,noise3_exp/cnn_strict_seed_three_regs_noise_sweep_rate_uniform_L16_T16/cnn2_c8_c16/no_regularization/seed_44/noise_sweep_matrix_mnist_cnn2_c8_c16_T16_mode_rate_uniform_schedule_normal_seed_44.csv
cnn2_c8_c16,8,16,c8c16,no_regularization,44,16,16,rate_uniform,0.5,81.1,mnist-checkpoints/cnn2_c8_c16_L[16]_strict_seed44_ablation_none_l16_cnn2_c8_c16.pth,noise3_exp/cnn_strict_seed_three_regs_noise_sweep_rate_uniform_L16_T16/cnn2_c8_c16/no_regularization/seed_44/noise_sweep_matrix_mnist_cnn2_c8_c16_T16_mode_rate_uniform_schedule_normal_seed_44.csv
cnn2_c8_c16,8,16,c8c16,no_regularization,44,16,16,rate_uniform,0.55,79.38,mnist-checkpoints/cnn2_c8_c16_L[16]_strict_seed44_ablation_none_l16_cnn2_c8_c16.pth,noise3_exp/cnn_strict_seed_three_regs_noise_sweep_rate_uniform_L16_T16/cnn2_c8_c16/no_regularization/seed_44/noise_sweep_matrix_mnist_cnn2_c8_c16_T16_mode_rate_uniform_schedule_normal_seed_44.csv
cnn2_c8_c16,8,16,c8c16,no_regularization,44,16,16,rate_uniform,0.6,77.93,mnist-checkpoints/cnn2_c8_c16_L[16]_strict_seed44_ablation_none_l16_cnn2_c8_c16.pth,noise3_exp/cnn_strict_seed_three_regs_noise_sweep_rate_uniform_L16_T16/cnn2_c8_c16/no_regularization/seed_44/noise_sweep_matrix_mnist_cnn2_c8_c16_T16_mode_rate_uniform_schedule_normal_seed_44.csv
cnn2_c8_c16,8,16,c8c16,no_regularization,44,16,16,rate_uniform,0.65,76.78,mnist-checkpoints/cnn2_c8_c16_L[16]_strict_seed44_ablation_none_l16_cnn2_c8_c16.pth,noise3_exp/cnn_strict_seed_three_regs_noise_sweep_rate_uniform_L16_T16/cnn2_c8_c16/no_regularization/seed_44/noise_sweep_matrix_mnist_cnn2_c8_c16_T16_mode_rate_uniform_schedule_normal_seed_44.csv
cnn2_c8_c16,8,16,c8c16,no_regularization,44,16,16,rate_uniform,0.7,75.61,mnist-checkpoints/cnn2_c8_c16_L[16]_strict_seed44_ablation_none_l16_cnn2_c8_c16.pth,noise3_exp/cnn_strict_seed_three_regs_noise_sweep_rate_uniform_L16_T16/cnn2_c8_c16/no_regularization/seed_44/noise_sweep_matrix_mnist_cnn2_c8_c16_T16_mode_rate_uniform_schedule_normal_seed_44.csv
cnn2_c8_c16,8,16,c8c16,no_regularization,44,16,16,rate_uniform,0.75,74.61,mnist-checkpoints/cnn2_c8_c16_L[16]_strict_seed44_ablation_none_l16_cnn2_c8_c16.pth,noise3_exp/cnn_strict_seed_three_regs_noise_sweep_rate_uniform_L16_T16/cnn2_c8_c16/no_regularization/seed_44/noise_sweep_matrix_mnist_cnn2_c8_c16_T16_mode_rate_uniform_schedule_normal_seed_44.csv
cnn2_c8_c16,8,16,c8c16,no_regularization,44,16,16,rate_uniform,0.8,73.93,mnist-checkpoints/cnn2_c8_c16_L[16]_strict_seed44_ablation_none_l16_cnn2_c8_c16.pth,noise3_exp/cnn_strict_seed_three_regs_noise_sweep_rate_uniform_L16_T16/cnn2_c8_c16/no_regularization/seed_44/noise_sweep_matrix_mnist_cnn2_c8_c16_T16_mode_rate_uniform_schedule_normal_seed_44.csv
cnn2_c8_c16,8,16,c8c16,no_regularization,44,16,16,rate_uniform,0.85,72.4,mnist-checkpoints/cnn2_c8_c16_L[16]_strict_seed44_ablation_none_l16_cnn2_c8_c16.pth,noise3_exp/cnn_strict_seed_three_regs_noise_sweep_rate_uniform_L16_T16/cnn2_c8_c16/no_regularization/seed_44/noise_sweep_matrix_mnist_cnn2_c8_c16_T16_mode_rate_uniform_schedule_normal_seed_44.csv
cnn2_c8_c16,8,16,c8c16,no_regularization,44,16,16,rate_uniform,0.9,72.29,mnist-checkpoints/cnn2_c8_c16_L[16]_strict_seed44_ablation_none_l16_cnn2_c8_c16.pth,noise3_exp/cnn_strict_seed_three_regs_noise_sweep_rate_uniform_L16_T16/cnn2_c8_c16/no_regularization/seed_44/noise_sweep_matrix_mnist_cnn2_c8_c16_T16_mode_rate_uniform_schedule_normal_seed_44.csv
cnn2_c8_c16,8,16,c8c16,no_regularization,44,16,16,rate_uniform,0.95,71.19,mnist-checkpoints/cnn2_c8_c16_L[16]_strict_seed44_ablation_none_l16_cnn2_c8_c16.pth,noise3_exp/cnn_strict_seed_three_regs_noise_sweep_rate_uniform_L16_T16/cnn2_c8_c16/no_regularization/seed_44/noise_sweep_matrix_mnist_cnn2_c8_c16_T16_mode_rate_uniform_schedule_normal_seed_44.csv
cnn2_c8_c16,8,16,c8c16,no_regularization,44,16,16,rate_uniform,1.0,70.57,mnist-checkpoints/cnn2_c8_c16_L[16]_strict_seed44_ablation_none_l16_cnn2_c8_c16.pth,noise3_exp/cnn_strict_seed_three_regs_noise_sweep_rate_uniform_L16_T16/cnn2_c8_c16/no_regularization/seed_44/noise_sweep_matrix_mnist_cnn2_c8_c16_T16_mode_rate_uniform_schedule_normal_seed_44.csv
cnn2_c16_c32,16,32,c16c32,mne_l2,40,16,16,rate_uniform,0.0,98.79,mnist-checkpoints/cnn2_c16_c32_L[16]_strict_seed40_ablation_mne_l2_l16_cnn2_c16_c32_rc5em02.pth,noise3_exp/cnn_strict_seed_three_regs_noise_sweep_rate_uniform_L16_T16/cnn2_c16_c32/mne_l2/seed_40/noise_sweep_matrix_mnist_cnn2_c16_c32_T16_mode_rate_uniform_schedule_normal_seed_40.csv
cnn2_c16_c32,16,32,c16c32,mne_l2,40,16,16,rate_uniform,0.05,98.78,mnist-checkpoints/cnn2_c16_c32_L[16]_strict_seed40_ablation_mne_l2_l16_cnn2_c16_c32_rc5em02.pth,noise3_exp/cnn_strict_seed_three_regs_noise_sweep_rate_uniform_L16_T16/cnn2_c16_c32/mne_l2/seed_40/noise_sweep_matrix_mnist_cnn2_c16_c32_T16_mode_rate_uniform_schedule_normal_seed_40.csv
cnn2_c16_c32,16,32,c16c32,mne_l2,40,16,16,rate_uniform,0.1,98.75,mnist-checkpoints/cnn2_c16_c32_L[16]_strict_seed40_ablation_mne_l2_l16_cnn2_c16_c32_rc5em02.pth,noise3_exp/cnn_strict_seed_three_regs_noise_sweep_rate_uniform_L16_T16/cnn2_c16_c32/mne_l2/seed_40/noise_sweep_matrix_mnist_cnn2_c16_c32_T16_mode_rate_uniform_schedule_normal_seed_40.csv
cnn2_c16_c32,16,32,c16c32,mne_l2,40,16,16,rate_uniform,0.15,98.82,mnist-checkpoints/cnn2_c16_c32_L[16]_strict_seed40_ablation_mne_l2_l16_cnn2_c16_c32_rc5em02.pth,noise3_exp/cnn_strict_seed_three_regs_noise_sweep_rate_uniform_L16_T16/cnn2_c16_c32/mne_l2/seed_40/noise_sweep_matrix_mnist_cnn2_c16_c32_T16_mode_rate_uniform_schedule_normal_seed_40.csv
cnn2_c16_c32,16,32,c16c32,mne_l2,40,16,16,rate_uniform,0.2,98.86,mnist-checkpoints/cnn2_c16_c32_L[16]_strict_seed40_ablation_mne_l2_l16_cnn2_c16_c32_rc5em02.pth,noise3_exp/cnn_strict_seed_three_regs_noise_sweep_rate_uniform_L16_T16/cnn2_c16_c32/mne_l2/seed_40/noise_sweep_matrix_mnist_cnn2_c16_c32_T16_mode_rate_uniform_schedule_normal_seed_40.csv
cnn2_c16_c32,16,32,c16c32,mne_l2,40,16,16,rate_uniform,0.25,98.7,mnist-checkpoints/cnn2_c16_c32_L[16]_strict_seed40_ablation_mne_l2_l16_cnn2_c16_c32_rc5em02.pth,noise3_exp/cnn_strict_seed_three_regs_noise_sweep_rate_uniform_L16_T16/cnn2_c16_c32/mne_l2/seed_40/noise_sweep_matrix_mnist_cnn2_c16_c32_T16_mode_rate_uniform_schedule_normal_seed_40.csv
cnn2_c16_c32,16,32,c16c32,mne_l2,40,16,16,rate_uniform,0.3,98.76,mnist-checkpoints/cnn2_c16_c32_L[16]_strict_seed40_ablation_mne_l2_l16_cnn2_c16_c32_rc5em02.pth,noise3_exp/cnn_strict_seed_three_regs_noise_sweep_rate_uniform_L16_T16/cnn2_c16_c32/mne_l2/seed_40/noise_sweep_matrix_mnist_cnn2_c16_c32_T16_mode_rate_uniform_schedule_normal_seed_40.csv
cnn2_c16_c32,16,32,c16c32,mne_l2,40,16,16,rate_uniform,0.35,98.79,mnist-checkpoints/cnn2_c16_c32_L[16]_strict_seed40_ablation_mne_l2_l16_cnn2_c16_c32_rc5em02.pth,noise3_exp/cnn_strict_seed_three_regs_noise_sweep_rate_uniform_L16_T16/cnn2_c16_c32/mne_l2/seed_40/noise_sweep_matrix_mnist_cnn2_c16_c32_T16_mode_rate_uniform_schedule_normal_seed_40.csv
cnn2_c16_c32,16,32,c16c32,mne_l2,40,16,16,rate_uniform,0.4,98.73,mnist-checkpoints/cnn2_c16_c32_L[16]_strict_seed40_ablation_mne_l2_l16_cnn2_c16_c32_rc5em02.pth,noise3_exp/cnn_strict_seed_three_regs_noise_sweep_rate_uniform_L16_T16/cnn2_c16_c32/mne_l2/seed_40/noise_sweep_matrix_mnist_cnn2_c16_c32_T16_mode_rate_uniform_schedule_normal_seed_40.csv
cnn2_c16_c32,16,32,c16c32,mne_l2,40,16,16,rate_uniform,0.45,98.68,mnist-checkpoints/cnn2_c16_c32_L[16]_strict_seed40_ablation_mne_l2_l16_cnn2_c16_c32_rc5em02.pth,noise3_exp/cnn_strict_seed_three_regs_noise_sweep_rate_uniform_L16_T16/cnn2_c16_c32/mne_l2/seed_40/noise_sweep_matrix_mnist_cnn2_c16_c32_T16_mode_rate_uniform_schedule_normal_seed_40.csv
cnn2_c16_c32,16,32,c16c32,mne_l2,40,16,16,rate_uniform,0.5,98.68,mnist-checkpoints/cnn2_c16_c32_L[16]_strict_seed40_ablation_mne_l2_l16_cnn2_c16_c32_rc5em02.pth,noise3_exp/cnn_strict_seed_three_regs_noise_sweep_rate_uniform_L16_T16/cnn2_c16_c32/mne_l2/seed_40/noise_sweep_matrix_mnist_cnn2_c16_c32_T16_mode_rate_uniform_schedule_normal_seed_40.csv
cnn2_c16_c32,16,32,c16c32,mne_l2,40,16,16,rate_uniform,0.55,98.69,mnist-checkpoints/cnn2_c16_c32_L[16]_strict_seed40_ablation_mne_l2_l16_cnn2_c16_c32_rc5em02.pth,noise3_exp/cnn_strict_seed_three_regs_noise_sweep_rate_uniform_L16_T16/cnn2_c16_c32/mne_l2/seed_40/noise_sweep_matrix_mnist_cnn2_c16_c32_T16_mode_rate_uniform_schedule_normal_seed_40.csv
cnn2_c16_c32,16,32,c16c32,mne_l2,40,16,16,rate_uniform,0.6,98.65,mnist-checkpoints/cnn2_c16_c32_L[16]_strict_seed40_ablation_mne_l2_l16_cnn2_c16_c32_rc5em02.pth,noise3_exp/cnn_strict_seed_three_regs_noise_sweep_rate_uniform_L16_T16/cnn2_c16_c32/mne_l2/seed_40/noise_sweep_matrix_mnist_cnn2_c16_c32_T16_mode_rate_uniform_schedule_normal_seed_40.csv
cnn2_c16_c32,16,32,c16c32,mne_l2,40,16,16,rate_uniform,0.65,98.75,mnist-checkpoints/cnn2_c16_c32_L[16]_strict_seed40_ablation_mne_l2_l16_cnn2_c16_c32_rc5em02.pth,noise3_exp/cnn_strict_seed_three_regs_noise_sweep_rate_uniform_L16_T16/cnn2_c16_c32/mne_l2/seed_40/noise_sweep_matrix_mnist_cnn2_c16_c32_T16_mode_rate_uniform_schedule_normal_seed_40.csv
cnn2_c16_c32,16,32,c16c32,mne_l2,40,16,16,rate_uniform,0.7,98.71,mnist-checkpoints/cnn2_c16_c32_L[16]_strict_seed40_ablation_mne_l2_l16_cnn2_c16_c32_rc5em02.pth,noise3_exp/cnn_strict_seed_three_regs_noise_sweep_rate_uniform_L16_T16/cnn2_c16_c32/mne_l2/seed_40/noise_sweep_matrix_mnist_cnn2_c16_c32_T16_mode_rate_uniform_schedule_normal_seed_40.csv
cnn2_c16_c32,16,32,c16c32,mne_l2,40,16,16,rate_uniform,0.75,98.65,mnist-checkpoints/cnn2_c16_c32_L[16]_strict_seed40_ablation_mne_l2_l16_cnn2_c16_c32_rc5em02.pth,noise3_exp/cnn_strict_seed_three_regs_noise_sweep_rate_uniform_L16_T16/cnn2_c16_c32/mne_l2/seed_40/noise_sweep_matrix_mnist_cnn2_c16_c32_T16_mode_rate_uniform_schedule_normal_seed_40.csv
cnn2_c16_c32,16,32,c16c32,mne_l2,40,16,16,rate_uniform,0.8,98.69,mnist-checkpoints/cnn2_c16_c32_L[16]_strict_seed40_ablation_mne_l2_l16_cnn2_c16_c32_rc5em02.pth,noise3_exp/cnn_strict_seed_three_regs_noise_sweep_rate_uniform_L16_T16/cnn2_c16_c32/mne_l2/seed_40/noise_sweep_matrix_mnist_cnn2_c16_c32_T16_mode_rate_uniform_schedule_normal_seed_40.csv
cnn2_c16_c32,16,32,c16c32,mne_l2,40,16,16,rate_uniform,0.85,98.69,mnist-checkpoints/cnn2_c16_c32_L[16]_strict_seed40_ablation_mne_l2_l16_cnn2_c16_c32_rc5em02.pth,noise3_exp/cnn_strict_seed_three_regs_noise_sweep_rate_uniform_L16_T16/cnn2_c16_c32/mne_l2/seed_40/noise_sweep_matrix_mnist_cnn2_c16_c32_T16_mode_rate_uniform_schedule_normal_seed_40.csv
cnn2_c16_c32,16,32,c16c32,mne_l2,40,16,16,rate_uniform,0.9,98.65,mnist-checkpoints/cnn2_c16_c32_L[16]_strict_seed40_ablation_mne_l2_l16_cnn2_c16_c32_rc5em02.pth,noise3_exp/cnn_strict_seed_three_regs_noise_sweep_rate_uniform_L16_T16/cnn2_c16_c32/mne_l2/seed_40/noise_sweep_matrix_mnist_cnn2_c16_c32_T16_mode_rate_uniform_schedule_normal_seed_40.csv
cnn2_c16_c32,16,32,c16c32,mne_l2,40,16,16,rate_uniform,0.95,98.65,mnist-checkpoints/cnn2_c16_c32_L[16]_strict_seed40_ablation_mne_l2_l16_cnn2_c16_c32_rc5em02.pth,noise3_exp/cnn_strict_seed_three_regs_noise_sweep_rate_uniform_L16_T16/cnn2_c16_c32/mne_l2/seed_40/noise_sweep_matrix_mnist_cnn2_c16_c32_T16_mode_rate_uniform_schedule_normal_seed_40.csv
cnn2_c16_c32,16,32,c16c32,mne_l2,40,16,16,rate_uniform,1.0,98.69,mnist-checkpoints/cnn2_c16_c32_L[16]_strict_seed40_ablation_mne_l2_l16_cnn2_c16_c32_rc5em02.pth,noise3_exp/cnn_strict_seed_three_regs_noise_sweep_rate_uniform_L16_T16/cnn2_c16_c32/mne_l2/seed_40/noise_sweep_matrix_mnist_cnn2_c16_c32_T16_mode_rate_uniform_schedule_normal_seed_40.csv
cnn2_c16_c32,16,32,c16c32,mne_l2,41,16,16,rate_uniform,0.0,97.65,mnist-checkpoints/cnn2_c16_c32_L[16]_strict_seed41_ablation_mne_l2_l16_cnn2_c16_c32_rc5em02.pth,noise3_exp/cnn_strict_seed_three_regs_noise_sweep_rate_uniform_L16_T16/cnn2_c16_c32/mne_l2/seed_41/noise_sweep_matrix_mnist_cnn2_c16_c32_T16_mode_rate_uniform_schedule_normal_seed_41.csv
cnn2_c16_c32,16,32,c16c32,mne_l2,41,16,16,rate_uniform,0.05,97.7,mnist-checkpoints/cnn2_c16_c32_L[16]_strict_seed41_ablation_mne_l2_l16_cnn2_c16_c32_rc5em02.pth,noise3_exp/cnn_strict_seed_three_regs_noise_sweep_rate_uniform_L16_T16/cnn2_c16_c32/mne_l2/seed_41/noise_sweep_matrix_mnist_cnn2_c16_c32_T16_mode_rate_uniform_schedule_normal_seed_41.csv
cnn2_c16_c32,16,32,c16c32,mne_l2,41,16,16,rate_uniform,0.1,97.56,mnist-checkpoints/cnn2_c16_c32_L[16]_strict_seed41_ablation_mne_l2_l16_cnn2_c16_c32_rc5em02.pth,noise3_exp/cnn_strict_seed_three_regs_noise_sweep_rate_uniform_L16_T16/cnn2_c16_c32/mne_l2/seed_41/noise_sweep_matrix_mnist_cnn2_c16_c32_T16_mode_rate_uniform_schedule_normal_seed_41.csv
cnn2_c16_c32,16,32,c16c32,mne_l2,41,16,16,rate_uniform,0.15,97.61,mnist-checkpoints/cnn2_c16_c32_L[16]_strict_seed41_ablation_mne_l2_l16_cnn2_c16_c32_rc5em02.pth,noise3_exp/cnn_strict_seed_three_regs_noise_sweep_rate_uniform_L16_T16/cnn2_c16_c32/mne_l2/seed_41/noise_sweep_matrix_mnist_cnn2_c16_c32_T16_mode_rate_uniform_schedule_normal_seed_41.csv
cnn2_c16_c32,16,32,c16c32,mne_l2,41,16,16,rate_uniform,0.2,97.56,mnist-checkpoints/cnn2_c16_c32_L[16]_strict_seed41_ablation_mne_l2_l16_cnn2_c16_c32_rc5em02.pth,noise3_exp/cnn_strict_seed_three_regs_noise_sweep_rate_uniform_L16_T16/cnn2_c16_c32/mne_l2/seed_41/noise_sweep_matrix_mnist_cnn2_c16_c32_T16_mode_rate_uniform_schedule_normal_seed_41.csv
cnn2_c16_c32,16,32,c16c32,mne_l2,41,16,16,rate_uniform,0.25,97.61,mnist-checkpoints/cnn2_c16_c32_L[16]_strict_seed41_ablation_mne_l2_l16_cnn2_c16_c32_rc5em02.pth,noise3_exp/cnn_strict_seed_three_regs_noise_sweep_rate_uniform_L16_T16/cnn2_c16_c32/mne_l2/seed_41/noise_sweep_matrix_mnist_cnn2_c16_c32_T16_mode_rate_uniform_schedule_normal_seed_41.csv
cnn2_c16_c32,16,32,c16c32,mne_l2,41,16,16,rate_uniform,0.3,97.48,mnist-checkpoints/cnn2_c16_c32_L[16]_strict_seed41_ablation_mne_l2_l16_cnn2_c16_c32_rc5em02.pth,noise3_exp/cnn_strict_seed_three_regs_noise_sweep_rate_uniform_L16_T16/cnn2_c16_c32/mne_l2/seed_41/noise_sweep_matrix_mnist_cnn2_c16_c32_T16_mode_rate_uniform_schedule_normal_seed_41.csv
cnn2_c16_c32,16,32,c16c32,mne_l2,41,16,16,rate_uniform,0.35,97.46,mnist-checkpoints/cnn2_c16_c32_L[16]_strict_seed41_ablation_mne_l2_l16_cnn2_c16_c32_rc5em02.pth,noise3_exp/cnn_strict_seed_three_regs_noise_sweep_rate_uniform_L16_T16/cnn2_c16_c32/mne_l2/seed_41/noise_sweep_matrix_mnist_cnn2_c16_c32_T16_mode_rate_uniform_schedule_normal_seed_41.csv
cnn2_c16_c32,16,32,c16c32,mne_l2,41,16,16,rate_uniform,0.4,97.35,mnist-checkpoints/cnn2_c16_c32_L[16]_strict_seed41_ablation_mne_l2_l16_cnn2_c16_c32_rc5em02.pth,noise3_exp/cnn_strict_seed_three_regs_noise_sweep_rate_uniform_L16_T16/cnn2_c16_c32/mne_l2/seed_41/noise_sweep_matrix_mnist_cnn2_c16_c32_T16_mode_rate_uniform_schedule_normal_seed_41.csv
cnn2_c16_c32,16,32,c16c32,mne_l2,41,16,16,rate_uniform,0.45,97.42,mnist-checkpoints/cnn2_c16_c32_L[16]_strict_seed41_ablation_mne_l2_l16_cnn2_c16_c32_rc5em02.pth,noise3_exp/cnn_strict_seed_three_regs_noise_sweep_rate_uniform_L16_T16/cnn2_c16_c32/mne_l2/seed_41/noise_sweep_matrix_mnist_cnn2_c16_c32_T16_mode_rate_uniform_schedule_normal_seed_41.csv
cnn2_c16_c32,16,32,c16c32,mne_l2,41,16,16,rate_uniform,0.5,97.13,mnist-checkpoints/cnn2_c16_c32_L[16]_strict_seed41_ablation_mne_l2_l16_cnn2_c16_c32_rc5em02.pth,noise3_exp/cnn_strict_seed_three_regs_noise_sweep_rate_uniform_L16_T16/cnn2_c16_c32/mne_l2/seed_41/noise_sweep_matrix_mnist_cnn2_c16_c32_T16_mode_rate_uniform_schedule_normal_seed_41.csv
cnn2_c16_c32,16,32,c16c32,mne_l2,41,16,16,rate_uniform,0.55,97.2,mnist-checkpoints/cnn2_c16_c32_L[16]_strict_seed41_ablation_mne_l2_l16_cnn2_c16_c32_rc5em02.pth,noise3_exp/cnn_strict_seed_three_regs_noise_sweep_rate_uniform_L16_T16/cnn2_c16_c32/mne_l2/seed_41/noise_sweep_matrix_mnist_cnn2_c16_c32_T16_mode_rate_uniform_schedule_normal_seed_41.csv
cnn2_c16_c32,16,32,c16c32,mne_l2,41,16,16,rate_uniform,0.6,97.26,mnist-checkpoints/cnn2_c16_c32_L[16]_strict_seed41_ablation_mne_l2_l16_cnn2_c16_c32_rc5em02.pth,noise3_exp/cnn_strict_seed_three_regs_noise_sweep_rate_uniform_L16_T16/cnn2_c16_c32/mne_l2/seed_41/noise_sweep_matrix_mnist_cnn2_c16_c32_T16_mode_rate_uniform_schedule_normal_seed_41.csv
cnn2_c16_c32,16,32,c16c32,mne_l2,41,16,16,rate_uniform,0.65,97.08,mnist-checkpoints/cnn2_c16_c32_L[16]_strict_seed41_ablation_mne_l2_l16_cnn2_c16_c32_rc5em02.pth,noise3_exp/cnn_strict_seed_three_regs_noise_sweep_rate_uniform_L16_T16/cnn2_c16_c32/mne_l2/seed_41/noise_sweep_matrix_mnist_cnn2_c16_c32_T16_mode_rate_uniform_schedule_normal_seed_41.csv
cnn2_c16_c32,16,32,c16c32,mne_l2,41,16,16,rate_uniform,0.7,97.15,mnist-checkpoints/cnn2_c16_c32_L[16]_strict_seed41_ablation_mne_l2_l16_cnn2_c16_c32_rc5em02.pth,noise3_exp/cnn_strict_seed_three_regs_noise_sweep_rate_uniform_L16_T16/cnn2_c16_c32/mne_l2/seed_41/noise_sweep_matrix_mnist_cnn2_c16_c32_T16_mode_rate_uniform_schedule_normal_seed_41.csv
cnn2_c16_c32,16,32,c16c32,mne_l2,41,16,16,rate_uniform,0.75,97.13,mnist-checkpoints/cnn2_c16_c32_L[16]_strict_seed41_ablation_mne_l2_l16_cnn2_c16_c32_rc5em02.pth,noise3_exp/cnn_strict_seed_three_regs_noise_sweep_rate_uniform_L16_T16/cnn2_c16_c32/mne_l2/seed_41/noise_sweep_matrix_mnist_cnn2_c16_c32_T16_mode_rate_uniform_schedule_normal_seed_41.csv
cnn2_c16_c32,16,32,c16c32,mne_l2,41,16,16,rate_uniform,0.8,97.2,mnist-checkpoints/cnn2_c16_c32_L[16]_strict_seed41_ablation_mne_l2_l16_cnn2_c16_c32_rc5em02.pth,noise3_exp/cnn_strict_seed_three_regs_noise_sweep_rate_uniform_L16_T16/cnn2_c16_c32/mne_l2/seed_41/noise_sweep_matrix_mnist_cnn2_c16_c32_T16_mode_rate_uniform_schedule_normal_seed_41.csv
cnn2_c16_c32,16,32,c16c32,mne_l2,41,16,16,rate_uniform,0.85,97.03,mnist-checkpoints/cnn2_c16_c32_L[16]_strict_seed41_ablation_mne_l2_l16_cnn2_c16_c32_rc5em02.pth,noise3_exp/cnn_strict_seed_three_regs_noise_sweep_rate_uniform_L16_T16/cnn2_c16_c32/mne_l2/seed_41/noise_sweep_matrix_mnist_cnn2_c16_c32_T16_mode_rate_uniform_schedule_normal_seed_41.csv
cnn2_c16_c32,16,32,c16c32,mne_l2,41,16,16,rate_uniform,0.9,97.16,mnist-checkpoints/cnn2_c16_c32_L[16]_strict_seed41_ablation_mne_l2_l16_cnn2_c16_c32_rc5em02.pth,noise3_exp/cnn_strict_seed_three_regs_noise_sweep_rate_uniform_L16_T16/cnn2_c16_c32/mne_l2/seed_41/noise_sweep_matrix_mnist_cnn2_c16_c32_T16_mode_rate_uniform_schedule_normal_seed_41.csv
cnn2_c16_c32,16,32,c16c32,mne_l2,41,16,16,rate_uniform,0.95,97.04,mnist-checkpoints/cnn2_c16_c32_L[16]_strict_seed41_ablation_mne_l2_l16_cnn2_c16_c32_rc5em02.pth,noise3_exp/cnn_strict_seed_three_regs_noise_sweep_rate_uniform_L16_T16/cnn2_c16_c32/mne_l2/seed_41/noise_sweep_matrix_mnist_cnn2_c16_c32_T16_mode_rate_uniform_schedule_normal_seed_41.csv
cnn2_c16_c32,16,32,c16c32,mne_l2,41,16,16,rate_uniform,1.0,97.01,mnist-checkpoints/cnn2_c16_c32_L[16]_strict_seed41_ablation_mne_l2_l16_cnn2_c16_c32_rc5em02.pth,noise3_exp/cnn_strict_seed_three_regs_noise_sweep_rate_uniform_L16_T16/cnn2_c16_c32/mne_l2/seed_41/noise_sweep_matrix_mnist_cnn2_c16_c32_T16_mode_rate_uniform_schedule_normal_seed_41.csv
cnn2_c16_c32,16,32,c16c32,mne_l2,42,16,16,rate_uniform,0.0,97.4,mnist-checkpoints/cnn2_c16_c32_L[16]_strict_seed42_ablation_mne_l2_l16_cnn2_c16_c32_rc5em02.pth,noise3_exp/cnn_strict_seed_three_regs_noise_sweep_rate_uniform_L16_T16/cnn2_c16_c32/mne_l2/seed_42/noise_sweep_matrix_mnist_cnn2_c16_c32_T16_mode_rate_uniform_schedule_normal_seed_42.csv
cnn2_c16_c32,16,32,c16c32,mne_l2,42,16,16,rate_uniform,0.05,97.41,mnist-checkpoints/cnn2_c16_c32_L[16]_strict_seed42_ablation_mne_l2_l16_cnn2_c16_c32_rc5em02.pth,noise3_exp/cnn_strict_seed_three_regs_noise_sweep_rate_uniform_L16_T16/cnn2_c16_c32/mne_l2/seed_42/noise_sweep_matrix_mnist_cnn2_c16_c32_T16_mode_rate_uniform_schedule_normal_seed_42.csv
cnn2_c16_c32,16,32,c16c32,mne_l2,42,16,16,rate_uniform,0.1,97.43,mnist-checkpoints/cnn2_c16_c32_L[16]_strict_seed42_ablation_mne_l2_l16_cnn2_c16_c32_rc5em02.pth,noise3_exp/cnn_strict_seed_three_regs_noise_sweep_rate_uniform_L16_T16/cnn2_c16_c32/mne_l2/seed_42/noise_sweep_matrix_mnist_cnn2_c16_c32_T16_mode_rate_uniform_schedule_normal_seed_42.csv
cnn2_c16_c32,16,32,c16c32,mne_l2,42,16,16,rate_uniform,0.15,97.34,mnist-checkpoints/cnn2_c16_c32_L[16]_strict_seed42_ablation_mne_l2_l16_cnn2_c16_c32_rc5em02.pth,noise3_exp/cnn_strict_seed_three_regs_noise_sweep_rate_uniform_L16_T16/cnn2_c16_c32/mne_l2/seed_42/noise_sweep_matrix_mnist_cnn2_c16_c32_T16_mode_rate_uniform_schedule_normal_seed_42.csv
cnn2_c16_c32,16,32,c16c32,mne_l2,42,16,16,rate_uniform,0.2,97.4,mnist-checkpoints/cnn2_c16_c32_L[16]_strict_seed42_ablation_mne_l2_l16_cnn2_c16_c32_rc5em02.pth,noise3_exp/cnn_strict_seed_three_regs_noise_sweep_rate_uniform_L16_T16/cnn2_c16_c32/mne_l2/seed_42/noise_sweep_matrix_mnist_cnn2_c16_c32_T16_mode_rate_uniform_schedule_normal_seed_42.csv
cnn2_c16_c32,16,32,c16c32,mne_l2,42,16,16,rate_uniform,0.25,97.55,mnist-checkpoints/cnn2_c16_c32_L[16]_strict_seed42_ablation_mne_l2_l16_cnn2_c16_c32_rc5em02.pth,noise3_exp/cnn_strict_seed_three_regs_noise_sweep_rate_uniform_L16_T16/cnn2_c16_c32/mne_l2/seed_42/noise_sweep_matrix_mnist_cnn2_c16_c32_T16_mode_rate_uniform_schedule_normal_seed_42.csv
cnn2_c16_c32,16,32,c16c32,mne_l2,42,16,16,rate_uniform,0.3,97.53,mnist-checkpoints/cnn2_c16_c32_L[16]_strict_seed42_ablation_mne_l2_l16_cnn2_c16_c32_rc5em02.pth,noise3_exp/cnn_strict_seed_three_regs_noise_sweep_rate_uniform_L16_T16/cnn2_c16_c32/mne_l2/seed_42/noise_sweep_matrix_mnist_cnn2_c16_c32_T16_mode_rate_uniform_schedule_normal_seed_42.csv
cnn2_c16_c32,16,32,c16c32,mne_l2,42,16,16,rate_uniform,0.35,97.46,mnist-checkpoints/cnn2_c16_c32_L[16]_strict_seed42_ablation_mne_l2_l16_cnn2_c16_c32_rc5em02.pth,noise3_exp/cnn_strict_seed_three_regs_noise_sweep_rate_uniform_L16_T16/cnn2_c16_c32/mne_l2/seed_42/noise_sweep_matrix_mnist_cnn2_c16_c32_T16_mode_rate_uniform_schedule_normal_seed_42.csv
cnn2_c16_c32,16,32,c16c32,mne_l2,42,16,16,rate_uniform,0.4,97.49,mnist-checkpoints/cnn2_c16_c32_L[16]_strict_seed42_ablation_mne_l2_l16_cnn2_c16_c32_rc5em02.pth,noise3_exp/cnn_strict_seed_three_regs_noise_sweep_rate_uniform_L16_T16/cnn2_c16_c32/mne_l2/seed_42/noise_sweep_matrix_mnist_cnn2_c16_c32_T16_mode_rate_uniform_schedule_normal_seed_42.csv
cnn2_c16_c32,16,32,c16c32,mne_l2,42,16,16,rate_uniform,0.45,97.48,mnist-checkpoints/cnn2_c16_c32_L[16]_strict_seed42_ablation_mne_l2_l16_cnn2_c16_c32_rc5em02.pth,noise3_exp/cnn_strict_seed_three_regs_noise_sweep_rate_uniform_L16_T16/cnn2_c16_c32/mne_l2/seed_42/noise_sweep_matrix_mnist_cnn2_c16_c32_T16_mode_rate_uniform_schedule_normal_seed_42.csv
cnn2_c16_c32,16,32,c16c32,mne_l2,42,16,16,rate_uniform,0.5,97.34,mnist-checkpoints/cnn2_c16_c32_L[16]_strict_seed42_ablation_mne_l2_l16_cnn2_c16_c32_rc5em02.pth,noise3_exp/cnn_strict_seed_three_regs_noise_sweep_rate_uniform_L16_T16/cnn2_c16_c32/mne_l2/seed_42/noise_sweep_matrix_mnist_cnn2_c16_c32_T16_mode_rate_uniform_schedule_normal_seed_42.csv
cnn2_c16_c32,16,32,c16c32,mne_l2,42,16,16,rate_uniform,0.55,97.29,mnist-checkpoints/cnn2_c16_c32_L[16]_strict_seed42_ablation_mne_l2_l16_cnn2_c16_c32_rc5em02.pth,noise3_exp/cnn_strict_seed_three_regs_noise_sweep_rate_uniform_L16_T16/cnn2_c16_c32/mne_l2/seed_42/noise_sweep_matrix_mnist_cnn2_c16_c32_T16_mode_rate_uniform_schedule_normal_seed_42.csv
cnn2_c16_c32,16,32,c16c32,mne_l2,42,16,16,rate_uniform,0.6,97.38,mnist-checkpoints/cnn2_c16_c32_L[16]_strict_seed42_ablation_mne_l2_l16_cnn2_c16_c32_rc5em02.pth,noise3_exp/cnn_strict_seed_three_regs_noise_sweep_rate_uniform_L16_T16/cnn2_c16_c32/mne_l2/seed_42/noise_sweep_matrix_mnist_cnn2_c16_c32_T16_mode_rate_uniform_schedule_normal_seed_42.csv
cnn2_c16_c32,16,32,c16c32,mne_l2,42,16,16,rate_uniform,0.65,97.29,mnist-checkpoints/cnn2_c16_c32_L[16]_strict_seed42_ablation_mne_l2_l16_cnn2_c16_c32_rc5em02.pth,noise3_exp/cnn_strict_seed_three_regs_noise_sweep_rate_uniform_L16_T16/cnn2_c16_c32/mne_l2/seed_42/noise_sweep_matrix_mnist_cnn2_c16_c32_T16_mode_rate_uniform_schedule_normal_seed_42.csv
cnn2_c16_c32,16,32,c16c32,mne_l2,42,16,16,rate_uniform,0.7,97.23,mnist-checkpoints/cnn2_c16_c32_L[16]_strict_seed42_ablation_mne_l2_l16_cnn2_c16_c32_rc5em02.pth,noise3_exp/cnn_strict_seed_three_regs_noise_sweep_rate_uniform_L16_T16/cnn2_c16_c32/mne_l2/seed_42/noise_sweep_matrix_mnist_cnn2_c16_c32_T16_mode_rate_uniform_schedule_normal_seed_42.csv
cnn2_c16_c32,16,32,c16c32,mne_l2,42,16,16,rate_uniform,0.75,97.19,mnist-checkpoints/cnn2_c16_c32_L[16]_strict_seed42_ablation_mne_l2_l16_cnn2_c16_c32_rc5em02.pth,noise3_exp/cnn_strict_seed_three_regs_noise_sweep_rate_uniform_L16_T16/cnn2_c16_c32/mne_l2/seed_42/noise_sweep_matrix_mnist_cnn2_c16_c32_T16_mode_rate_uniform_schedule_normal_seed_42.csv
cnn2_c16_c32,16,32,c16c32,mne_l2,42,16,16,rate_uniform,0.8,96.99,mnist-checkpoints/cnn2_c16_c32_L[16]_strict_seed42_ablation_mne_l2_l16_cnn2_c16_c32_rc5em02.pth,noise3_exp/cnn_strict_seed_three_regs_noise_sweep_rate_uniform_L16_T16/cnn2_c16_c32/mne_l2/seed_42/noise_sweep_matrix_mnist_cnn2_c16_c32_T16_mode_rate_uniform_schedule_normal_seed_42.csv
cnn2_c16_c32,16,32,c16c32,mne_l2,42,16,16,rate_uniform,0.85,97.13,mnist-checkpoints/cnn2_c16_c32_L[16]_strict_seed42_ablation_mne_l2_l16_cnn2_c16_c32_rc5em02.pth,noise3_exp/cnn_strict_seed_three_regs_noise_sweep_rate_uniform_L16_T16/cnn2_c16_c32/mne_l2/seed_42/noise_sweep_matrix_mnist_cnn2_c16_c32_T16_mode_rate_uniform_schedule_normal_seed_42.csv
cnn2_c16_c32,16,32,c16c32,mne_l2,42,16,16,rate_uniform,0.9,97.05,mnist-checkpoints/cnn2_c16_c32_L[16]_strict_seed42_ablation_mne_l2_l16_cnn2_c16_c32_rc5em02.pth,noise3_exp/cnn_strict_seed_three_regs_noise_sweep_rate_uniform_L16_T16/cnn2_c16_c32/mne_l2/seed_42/noise_sweep_matrix_mnist_cnn2_c16_c32_T16_mode_rate_uniform_schedule_normal_seed_42.csv
cnn2_c16_c32,16,32,c16c32,mne_l2,42,16,16,rate_uniform,0.95,97.05,mnist-checkpoints/cnn2_c16_c32_L[16]_strict_seed42_ablation_mne_l2_l16_cnn2_c16_c32_rc5em02.pth,noise3_exp/cnn_strict_seed_three_regs_noise_sweep_rate_uniform_L16_T16/cnn2_c16_c32/mne_l2/seed_42/noise_sweep_matrix_mnist_cnn2_c16_c32_T16_mode_rate_uniform_schedule_normal_seed_42.csv
cnn2_c16_c32,16,32,c16c32,mne_l2,42,16,16,rate_uniform,1.0,96.78,mnist-checkpoints/cnn2_c16_c32_L[16]_strict_seed42_ablation_mne_l2_l16_cnn2_c16_c32_rc5em02.pth,noise3_exp/cnn_strict_seed_three_regs_noise_sweep_rate_uniform_L16_T16/cnn2_c16_c32/mne_l2/seed_42/noise_sweep_matrix_mnist_cnn2_c16_c32_T16_mode_rate_uniform_schedule_normal_seed_42.csv
cnn2_c16_c32,16,32,c16c32,mne_l2,43,16,16,rate_uniform,0.0,97.4,mnist-checkpoints/cnn2_c16_c32_L[16]_strict_seed43_ablation_mne_l2_l16_cnn2_c16_c32_rc5em02.pth,noise3_exp/cnn_strict_seed_three_regs_noise_sweep_rate_uniform_L16_T16/cnn2_c16_c32/mne_l2/seed_43/noise_sweep_matrix_mnist_cnn2_c16_c32_T16_mode_rate_uniform_schedule_normal_seed_43.csv
cnn2_c16_c32,16,32,c16c32,mne_l2,43,16,16,rate_uniform,0.05,97.32,mnist-checkpoints/cnn2_c16_c32_L[16]_strict_seed43_ablation_mne_l2_l16_cnn2_c16_c32_rc5em02.pth,noise3_exp/cnn_strict_seed_three_regs_noise_sweep_rate_uniform_L16_T16/cnn2_c16_c32/mne_l2/seed_43/noise_sweep_matrix_mnist_cnn2_c16_c32_T16_mode_rate_uniform_schedule_normal_seed_43.csv
cnn2_c16_c32,16,32,c16c32,mne_l2,43,16,16,rate_uniform,0.1,97.48,mnist-checkpoints/cnn2_c16_c32_L[16]_strict_seed43_ablation_mne_l2_l16_cnn2_c16_c32_rc5em02.pth,noise3_exp/cnn_strict_seed_three_regs_noise_sweep_rate_uniform_L16_T16/cnn2_c16_c32/mne_l2/seed_43/noise_sweep_matrix_mnist_cnn2_c16_c32_T16_mode_rate_uniform_schedule_normal_seed_43.csv
cnn2_c16_c32,16,32,c16c32,mne_l2,43,16,16,rate_uniform,0.15,97.28,mnist-checkpoints/cnn2_c16_c32_L[16]_strict_seed43_ablation_mne_l2_l16_cnn2_c16_c32_rc5em02.pth,noise3_exp/cnn_strict_seed_three_regs_noise_sweep_rate_uniform_L16_T16/cnn2_c16_c32/mne_l2/seed_43/noise_sweep_matrix_mnist_cnn2_c16_c32_T16_mode_rate_uniform_schedule_normal_seed_43.csv
cnn2_c16_c32,16,32,c16c32,mne_l2,43,16,16,rate_uniform,0.2,97.46,mnist-checkpoints/cnn2_c16_c32_L[16]_strict_seed43_ablation_mne_l2_l16_cnn2_c16_c32_rc5em02.pth,noise3_exp/cnn_strict_seed_three_regs_noise_sweep_rate_uniform_L16_T16/cnn2_c16_c32/mne_l2/seed_43/noise_sweep_matrix_mnist_cnn2_c16_c32_T16_mode_rate_uniform_schedule_normal_seed_43.csv
cnn2_c16_c32,16,32,c16c32,mne_l2,43,16,16,rate_uniform,0.25,97.34,mnist-checkpoints/cnn2_c16_c32_L[16]_strict_seed43_ablation_mne_l2_l16_cnn2_c16_c32_rc5em02.pth,noise3_exp/cnn_strict_seed_three_regs_noise_sweep_rate_uniform_L16_T16/cnn2_c16_c32/mne_l2/seed_43/noise_sweep_matrix_mnist_cnn2_c16_c32_T16_mode_rate_uniform_schedule_normal_seed_43.csv
cnn2_c16_c32,16,32,c16c32,mne_l2,43,16,16,rate_uniform,0.3,97.29,mnist-checkpoints/cnn2_c16_c32_L[16]_strict_seed43_ablation_mne_l2_l16_cnn2_c16_c32_rc5em02.pth,noise3_exp/cnn_strict_seed_three_regs_noise_sweep_rate_uniform_L16_T16/cnn2_c16_c32/mne_l2/seed_43/noise_sweep_matrix_mnist_cnn2_c16_c32_T16_mode_rate_uniform_schedule_normal_seed_43.csv
cnn2_c16_c32,16,32,c16c32,mne_l2,43,16,16,rate_uniform,0.35,97.32,mnist-checkpoints/cnn2_c16_c32_L[16]_strict_seed43_ablation_mne_l2_l16_cnn2_c16_c32_rc5em02.pth,noise3_exp/cnn_strict_seed_three_regs_noise_sweep_rate_uniform_L16_T16/cnn2_c16_c32/mne_l2/seed_43/noise_sweep_matrix_mnist_cnn2_c16_c32_T16_mode_rate_uniform_schedule_normal_seed_43.csv
cnn2_c16_c32,16,32,c16c32,mne_l2,43,16,16,rate_uniform,0.4,97.36,mnist-checkpoints/cnn2_c16_c32_L[16]_strict_seed43_ablation_mne_l2_l16_cnn2_c16_c32_rc5em02.pth,noise3_exp/cnn_strict_seed_three_regs_noise_sweep_rate_uniform_L16_T16/cnn2_c16_c32/mne_l2/seed_43/noise_sweep_matrix_mnist_cnn2_c16_c32_T16_mode_rate_uniform_schedule_normal_seed_43.csv
cnn2_c16_c32,16,32,c16c32,mne_l2,43,16,16,rate_uniform,0.45,97.32,mnist-checkpoints/cnn2_c16_c32_L[16]_strict_seed43_ablation_mne_l2_l16_cnn2_c16_c32_rc5em02.pth,noise3_exp/cnn_strict_seed_three_regs_noise_sweep_rate_uniform_L16_T16/cnn2_c16_c32/mne_l2/seed_43/noise_sweep_matrix_mnist_cnn2_c16_c32_T16_mode_rate_uniform_schedule_normal_seed_43.csv
cnn2_c16_c32,16,32,c16c32,mne_l2,43,16,16,rate_uniform,0.5,97.29,mnist-checkpoints/cnn2_c16_c32_L[16]_strict_seed43_ablation_mne_l2_l16_cnn2_c16_c32_rc5em02.pth,noise3_exp/cnn_strict_seed_three_regs_noise_sweep_rate_uniform_L16_T16/cnn2_c16_c32/mne_l2/seed_43/noise_sweep_matrix_mnist_cnn2_c16_c32_T16_mode_rate_uniform_schedule_normal_seed_43.csv
cnn2_c16_c32,16,32,c16c32,mne_l2,43,16,16,rate_uniform,0.55,97.27,mnist-checkpoints/cnn2_c16_c32_L[16]_strict_seed43_ablation_mne_l2_l16_cnn2_c16_c32_rc5em02.pth,noise3_exp/cnn_strict_seed_three_regs_noise_sweep_rate_uniform_L16_T16/cnn2_c16_c32/mne_l2/seed_43/noise_sweep_matrix_mnist_cnn2_c16_c32_T16_mode_rate_uniform_schedule_normal_seed_43.csv
cnn2_c16_c32,16,32,c16c32,mne_l2,43,16,16,rate_uniform,0.6,97.18,mnist-checkpoints/cnn2_c16_c32_L[16]_strict_seed43_ablation_mne_l2_l16_cnn2_c16_c32_rc5em02.pth,noise3_exp/cnn_strict_seed_three_regs_noise_sweep_rate_uniform_L16_T16/cnn2_c16_c32/mne_l2/seed_43/noise_sweep_matrix_mnist_cnn2_c16_c32_T16_mode_rate_uniform_schedule_normal_seed_43.csv
cnn2_c16_c32,16,32,c16c32,mne_l2,43,16,16,rate_uniform,0.65,97.17,mnist-checkpoints/cnn2_c16_c32_L[16]_strict_seed43_ablation_mne_l2_l16_cnn2_c16_c32_rc5em02.pth,noise3_exp/cnn_strict_seed_three_regs_noise_sweep_rate_uniform_L16_T16/cnn2_c16_c32/mne_l2/seed_43/noise_sweep_matrix_mnist_cnn2_c16_c32_T16_mode_rate_uniform_schedule_normal_seed_43.csv
cnn2_c16_c32,16,32,c16c32,mne_l2,43,16,16,rate_uniform,0.7,96.95,mnist-checkpoints/cnn2_c16_c32_L[16]_strict_seed43_ablation_mne_l2_l16_cnn2_c16_c32_rc5em02.pth,noise3_exp/cnn_strict_seed_three_regs_noise_sweep_rate_uniform_L16_T16/cnn2_c16_c32/mne_l2/seed_43/noise_sweep_matrix_mnist_cnn2_c16_c32_T16_mode_rate_uniform_schedule_normal_seed_43.csv
cnn2_c16_c32,16,32,c16c32,mne_l2,43,16,16,rate_uniform,0.75,96.95,mnist-checkpoints/cnn2_c16_c32_L[16]_strict_seed43_ablation_mne_l2_l16_cnn2_c16_c32_rc5em02.pth,noise3_exp/cnn_strict_seed_three_regs_noise_sweep_rate_uniform_L16_T16/cnn2_c16_c32/mne_l2/seed_43/noise_sweep_matrix_mnist_cnn2_c16_c32_T16_mode_rate_uniform_schedule_normal_seed_43.csv
cnn2_c16_c32,16,32,c16c32,mne_l2,43,16,16,rate_uniform,0.8,96.76,mnist-checkpoints/cnn2_c16_c32_L[16]_strict_seed43_ablation_mne_l2_l16_cnn2_c16_c32_rc5em02.pth,noise3_exp/cnn_strict_seed_three_regs_noise_sweep_rate_uniform_L16_T16/cnn2_c16_c32/mne_l2/seed_43/noise_sweep_matrix_mnist_cnn2_c16_c32_T16_mode_rate_uniform_schedule_normal_seed_43.csv
cnn2_c16_c32,16,32,c16c32,mne_l2,43,16,16,rate_uniform,0.85,96.65,mnist-checkpoints/cnn2_c16_c32_L[16]_strict_seed43_ablation_mne_l2_l16_cnn2_c16_c32_rc5em02.pth,noise3_exp/cnn_strict_seed_three_regs_noise_sweep_rate_uniform_L16_T16/cnn2_c16_c32/mne_l2/seed_43/noise_sweep_matrix_mnist_cnn2_c16_c32_T16_mode_rate_uniform_schedule_normal_seed_43.csv
cnn2_c16_c32,16,32,c16c32,mne_l2,43,16,16,rate_uniform,0.9,96.67,mnist-checkpoints/cnn2_c16_c32_L[16]_strict_seed43_ablation_mne_l2_l16_cnn2_c16_c32_rc5em02.pth,noise3_exp/cnn_strict_seed_three_regs_noise_sweep_rate_uniform_L16_T16/cnn2_c16_c32/mne_l2/seed_43/noise_sweep_matrix_mnist_cnn2_c16_c32_T16_mode_rate_uniform_schedule_normal_seed_43.csv
cnn2_c16_c32,16,32,c16c32,mne_l2,43,16,16,rate_uniform,0.95,96.66,mnist-checkpoints/cnn2_c16_c32_L[16]_strict_seed43_ablation_mne_l2_l16_cnn2_c16_c32_rc5em02.pth,noise3_exp/cnn_strict_seed_three_regs_noise_sweep_rate_uniform_L16_T16/cnn2_c16_c32/mne_l2/seed_43/noise_sweep_matrix_mnist_cnn2_c16_c32_T16_mode_rate_uniform_schedule_normal_seed_43.csv
cnn2_c16_c32,16,32,c16c32,mne_l2,43,16,16,rate_uniform,1.0,96.56,mnist-checkpoints/cnn2_c16_c32_L[16]_strict_seed43_ablation_mne_l2_l16_cnn2_c16_c32_rc5em02.pth,noise3_exp/cnn_strict_seed_three_regs_noise_sweep_rate_uniform_L16_T16/cnn2_c16_c32/mne_l2/seed_43/noise_sweep_matrix_mnist_cnn2_c16_c32_T16_mode_rate_uniform_schedule_normal_seed_43.csv
cnn2_c16_c32,16,32,c16c32,mne_l2,44,16,16,rate_uniform,0.0,97.85,mnist-checkpoints/cnn2_c16_c32_L[16]_strict_seed44_ablation_mne_l2_l16_cnn2_c16_c32_rc5em02.pth,noise3_exp/cnn_strict_seed_three_regs_noise_sweep_rate_uniform_L16_T16/cnn2_c16_c32/mne_l2/seed_44/noise_sweep_matrix_mnist_cnn2_c16_c32_T16_mode_rate_uniform_schedule_normal_seed_44.csv
cnn2_c16_c32,16,32,c16c32,mne_l2,44,16,16,rate_uniform,0.05,97.97,mnist-checkpoints/cnn2_c16_c32_L[16]_strict_seed44_ablation_mne_l2_l16_cnn2_c16_c32_rc5em02.pth,noise3_exp/cnn_strict_seed_three_regs_noise_sweep_rate_uniform_L16_T16/cnn2_c16_c32/mne_l2/seed_44/noise_sweep_matrix_mnist_cnn2_c16_c32_T16_mode_rate_uniform_schedule_normal_seed_44.csv
cnn2_c16_c32,16,32,c16c32,mne_l2,44,16,16,rate_uniform,0.1,97.83,mnist-checkpoints/cnn2_c16_c32_L[16]_strict_seed44_ablation_mne_l2_l16_cnn2_c16_c32_rc5em02.pth,noise3_exp/cnn_strict_seed_three_regs_noise_sweep_rate_uniform_L16_T16/cnn2_c16_c32/mne_l2/seed_44/noise_sweep_matrix_mnist_cnn2_c16_c32_T16_mode_rate_uniform_schedule_normal_seed_44.csv
cnn2_c16_c32,16,32,c16c32,mne_l2,44,16,16,rate_uniform,0.15,97.95,mnist-checkpoints/cnn2_c16_c32_L[16]_strict_seed44_ablation_mne_l2_l16_cnn2_c16_c32_rc5em02.pth,noise3_exp/cnn_strict_seed_three_regs_noise_sweep_rate_uniform_L16_T16/cnn2_c16_c32/mne_l2/seed_44/noise_sweep_matrix_mnist_cnn2_c16_c32_T16_mode_rate_uniform_schedule_normal_seed_44.csv
cnn2_c16_c32,16,32,c16c32,mne_l2,44,16,16,rate_uniform,0.2,97.85,mnist-checkpoints/cnn2_c16_c32_L[16]_strict_seed44_ablation_mne_l2_l16_cnn2_c16_c32_rc5em02.pth,noise3_exp/cnn_strict_seed_three_regs_noise_sweep_rate_uniform_L16_T16/cnn2_c16_c32/mne_l2/seed_44/noise_sweep_matrix_mnist_cnn2_c16_c32_T16_mode_rate_uniform_schedule_normal_seed_44.csv
cnn2_c16_c32,16,32,c16c32,mne_l2,44,16,16,rate_uniform,0.25,97.85,mnist-checkpoints/cnn2_c16_c32_L[16]_strict_seed44_ablation_mne_l2_l16_cnn2_c16_c32_rc5em02.pth,noise3_exp/cnn_strict_seed_three_regs_noise_sweep_rate_uniform_L16_T16/cnn2_c16_c32/mne_l2/seed_44/noise_sweep_matrix_mnist_cnn2_c16_c32_T16_mode_rate_uniform_schedule_normal_seed_44.csv
cnn2_c16_c32,16,32,c16c32,mne_l2,44,16,16,rate_uniform,0.3,97.91,mnist-checkpoints/cnn2_c16_c32_L[16]_strict_seed44_ablation_mne_l2_l16_cnn2_c16_c32_rc5em02.pth,noise3_exp/cnn_strict_seed_three_regs_noise_sweep_rate_uniform_L16_T16/cnn2_c16_c32/mne_l2/seed_44/noise_sweep_matrix_mnist_cnn2_c16_c32_T16_mode_rate_uniform_schedule_normal_seed_44.csv
cnn2_c16_c32,16,32,c16c32,mne_l2,44,16,16,rate_uniform,0.35,97.73,mnist-checkpoints/cnn2_c16_c32_L[16]_strict_seed44_ablation_mne_l2_l16_cnn2_c16_c32_rc5em02.pth,noise3_exp/cnn_strict_seed_three_regs_noise_sweep_rate_uniform_L16_T16/cnn2_c16_c32/mne_l2/seed_44/noise_sweep_matrix_mnist_cnn2_c16_c32_T16_mode_rate_uniform_schedule_normal_seed_44.csv
cnn2_c16_c32,16,32,c16c32,mne_l2,44,16,16,rate_uniform,0.4,97.85,mnist-checkpoints/cnn2_c16_c32_L[16]_strict_seed44_ablation_mne_l2_l16_cnn2_c16_c32_rc5em02.pth,noise3_exp/cnn_strict_seed_three_regs_noise_sweep_rate_uniform_L16_T16/cnn2_c16_c32/mne_l2/seed_44/noise_sweep_matrix_mnist_cnn2_c16_c32_T16_mode_rate_uniform_schedule_normal_seed_44.csv
cnn2_c16_c32,16,32,c16c32,mne_l2,44,16,16,rate_uniform,0.45,97.66,mnist-checkpoints/cnn2_c16_c32_L[16]_strict_seed44_ablation_mne_l2_l16_cnn2_c16_c32_rc5em02.pth,noise3_exp/cnn_strict_seed_three_regs_noise_sweep_rate_uniform_L16_T16/cnn2_c16_c32/mne_l2/seed_44/noise_sweep_matrix_mnist_cnn2_c16_c32_T16_mode_rate_uniform_schedule_normal_seed_44.csv
cnn2_c16_c32,16,32,c16c32,mne_l2,44,16,16,rate_uniform,0.5,97.62,mnist-checkpoints/cnn2_c16_c32_L[16]_strict_seed44_ablation_mne_l2_l16_cnn2_c16_c32_rc5em02.pth,noise3_exp/cnn_strict_seed_three_regs_noise_sweep_rate_uniform_L16_T16/cnn2_c16_c32/mne_l2/seed_44/noise_sweep_matrix_mnist_cnn2_c16_c32_T16_mode_rate_uniform_schedule_normal_seed_44.csv
cnn2_c16_c32,16,32,c16c32,mne_l2,44,16,16,rate_uniform,0.55,97.72,mnist-checkpoints/cnn2_c16_c32_L[16]_strict_seed44_ablation_mne_l2_l16_cnn2_c16_c32_rc5em02.pth,noise3_exp/cnn_strict_seed_three_regs_noise_sweep_rate_uniform_L16_T16/cnn2_c16_c32/mne_l2/seed_44/noise_sweep_matrix_mnist_cnn2_c16_c32_T16_mode_rate_uniform_schedule_normal_seed_44.csv
cnn2_c16_c32,16,32,c16c32,mne_l2,44,16,16,rate_uniform,0.6,97.61,mnist-checkpoints/cnn2_c16_c32_L[16]_strict_seed44_ablation_mne_l2_l16_cnn2_c16_c32_rc5em02.pth,noise3_exp/cnn_strict_seed_three_regs_noise_sweep_rate_uniform_L16_T16/cnn2_c16_c32/mne_l2/seed_44/noise_sweep_matrix_mnist_cnn2_c16_c32_T16_mode_rate_uniform_schedule_normal_seed_44.csv
cnn2_c16_c32,16,32,c16c32,mne_l2,44,16,16,rate_uniform,0.65,97.43,mnist-checkpoints/cnn2_c16_c32_L[16]_strict_seed44_ablation_mne_l2_l16_cnn2_c16_c32_rc5em02.pth,noise3_exp/cnn_strict_seed_three_regs_noise_sweep_rate_uniform_L16_T16/cnn2_c16_c32/mne_l2/seed_44/noise_sweep_matrix_mnist_cnn2_c16_c32_T16_mode_rate_uniform_schedule_normal_seed_44.csv
cnn2_c16_c32,16,32,c16c32,mne_l2,44,16,16,rate_uniform,0.7,97.54,mnist-checkpoints/cnn2_c16_c32_L[16]_strict_seed44_ablation_mne_l2_l16_cnn2_c16_c32_rc5em02.pth,noise3_exp/cnn_strict_seed_three_regs_noise_sweep_rate_uniform_L16_T16/cnn2_c16_c32/mne_l2/seed_44/noise_sweep_matrix_mnist_cnn2_c16_c32_T16_mode_rate_uniform_schedule_normal_seed_44.csv
cnn2_c16_c32,16,32,c16c32,mne_l2,44,16,16,rate_uniform,0.75,97.33,mnist-checkpoints/cnn2_c16_c32_L[16]_strict_seed44_ablation_mne_l2_l16_cnn2_c16_c32_rc5em02.pth,noise3_exp/cnn_strict_seed_three_regs_noise_sweep_rate_uniform_L16_T16/cnn2_c16_c32/mne_l2/seed_44/noise_sweep_matrix_mnist_cnn2_c16_c32_T16_mode_rate_uniform_schedule_normal_seed_44.csv
cnn2_c16_c32,16,32,c16c32,mne_l2,44,16,16,rate_uniform,0.8,97.4,mnist-checkpoints/cnn2_c16_c32_L[16]_strict_seed44_ablation_mne_l2_l16_cnn2_c16_c32_rc5em02.pth,noise3_exp/cnn_strict_seed_three_regs_noise_sweep_rate_uniform_L16_T16/cnn2_c16_c32/mne_l2/seed_44/noise_sweep_matrix_mnist_cnn2_c16_c32_T16_mode_rate_uniform_schedule_normal_seed_44.csv
cnn2_c16_c32,16,32,c16c32,mne_l2,44,16,16,rate_uniform,0.85,97.23,mnist-checkpoints/cnn2_c16_c32_L[16]_strict_seed44_ablation_mne_l2_l16_cnn2_c16_c32_rc5em02.pth,noise3_exp/cnn_strict_seed_three_regs_noise_sweep_rate_uniform_L16_T16/cnn2_c16_c32/mne_l2/seed_44/noise_sweep_matrix_mnist_cnn2_c16_c32_T16_mode_rate_uniform_schedule_normal_seed_44.csv
cnn2_c16_c32,16,32,c16c32,mne_l2,44,16,16,rate_uniform,0.9,97.34,mnist-checkpoints/cnn2_c16_c32_L[16]_strict_seed44_ablation_mne_l2_l16_cnn2_c16_c32_rc5em02.pth,noise3_exp/cnn_strict_seed_three_regs_noise_sweep_rate_uniform_L16_T16/cnn2_c16_c32/mne_l2/seed_44/noise_sweep_matrix_mnist_cnn2_c16_c32_T16_mode_rate_uniform_schedule_normal_seed_44.csv
cnn2_c16_c32,16,32,c16c32,mne_l2,44,16,16,rate_uniform,0.95,97.15,mnist-checkpoints/cnn2_c16_c32_L[16]_strict_seed44_ablation_mne_l2_l16_cnn2_c16_c32_rc5em02.pth,noise3_exp/cnn_strict_seed_three_regs_noise_sweep_rate_uniform_L16_T16/cnn2_c16_c32/mne_l2/seed_44/noise_sweep_matrix_mnist_cnn2_c16_c32_T16_mode_rate_uniform_schedule_normal_seed_44.csv
cnn2_c16_c32,16,32,c16c32,mne_l2,44,16,16,rate_uniform,1.0,97.22,mnist-checkpoints/cnn2_c16_c32_L[16]_strict_seed44_ablation_mne_l2_l16_cnn2_c16_c32_rc5em02.pth,noise3_exp/cnn_strict_seed_three_regs_noise_sweep_rate_uniform_L16_T16/cnn2_c16_c32/mne_l2/seed_44/noise_sweep_matrix_mnist_cnn2_c16_c32_T16_mode_rate_uniform_schedule_normal_seed_44.csv
cnn2_c16_c32,16,32,c16c32,weight_decay,40,16,16,rate_uniform,0.0,98.93,mnist-checkpoints/cnn2_c16_c32_L[16]_strict_seed40_ablation_wd_l16_cnn2_c16_c32.pth,noise3_exp/cnn_strict_seed_three_regs_noise_sweep_rate_uniform_L16_T16/cnn2_c16_c32/weight_decay/seed_40/noise_sweep_matrix_mnist_cnn2_c16_c32_T16_mode_rate_uniform_schedule_normal_seed_40.csv
cnn2_c16_c32,16,32,c16c32,weight_decay,40,16,16,rate_uniform,0.05,98.9,mnist-checkpoints/cnn2_c16_c32_L[16]_strict_seed40_ablation_wd_l16_cnn2_c16_c32.pth,noise3_exp/cnn_strict_seed_three_regs_noise_sweep_rate_uniform_L16_T16/cnn2_c16_c32/weight_decay/seed_40/noise_sweep_matrix_mnist_cnn2_c16_c32_T16_mode_rate_uniform_schedule_normal_seed_40.csv
cnn2_c16_c32,16,32,c16c32,weight_decay,40,16,16,rate_uniform,0.1,98.82,mnist-checkpoints/cnn2_c16_c32_L[16]_strict_seed40_ablation_wd_l16_cnn2_c16_c32.pth,noise3_exp/cnn_strict_seed_three_regs_noise_sweep_rate_uniform_L16_T16/cnn2_c16_c32/weight_decay/seed_40/noise_sweep_matrix_mnist_cnn2_c16_c32_T16_mode_rate_uniform_schedule_normal_seed_40.csv
cnn2_c16_c32,16,32,c16c32,weight_decay,40,16,16,rate_uniform,0.15,98.87,mnist-checkpoints/cnn2_c16_c32_L[16]_strict_seed40_ablation_wd_l16_cnn2_c16_c32.pth,noise3_exp/cnn_strict_seed_three_regs_noise_sweep_rate_uniform_L16_T16/cnn2_c16_c32/weight_decay/seed_40/noise_sweep_matrix_mnist_cnn2_c16_c32_T16_mode_rate_uniform_schedule_normal_seed_40.csv
cnn2_c16_c32,16,32,c16c32,weight_decay,40,16,16,rate_uniform,0.2,98.9,mnist-checkpoints/cnn2_c16_c32_L[16]_strict_seed40_ablation_wd_l16_cnn2_c16_c32.pth,noise3_exp/cnn_strict_seed_three_regs_noise_sweep_rate_uniform_L16_T16/cnn2_c16_c32/weight_decay/seed_40/noise_sweep_matrix_mnist_cnn2_c16_c32_T16_mode_rate_uniform_schedule_normal_seed_40.csv
cnn2_c16_c32,16,32,c16c32,weight_decay,40,16,16,rate_uniform,0.25,98.54,mnist-checkpoints/cnn2_c16_c32_L[16]_strict_seed40_ablation_wd_l16_cnn2_c16_c32.pth,noise3_exp/cnn_strict_seed_three_regs_noise_sweep_rate_uniform_L16_T16/cnn2_c16_c32/weight_decay/seed_40/noise_sweep_matrix_mnist_cnn2_c16_c32_T16_mode_rate_uniform_schedule_normal_seed_40.csv
cnn2_c16_c32,16,32,c16c32,weight_decay,40,16,16,rate_uniform,0.3,98.58,mnist-checkpoints/cnn2_c16_c32_L[16]_strict_seed40_ablation_wd_l16_cnn2_c16_c32.pth,noise3_exp/cnn_strict_seed_three_regs_noise_sweep_rate_uniform_L16_T16/cnn2_c16_c32/weight_decay/seed_40/noise_sweep_matrix_mnist_cnn2_c16_c32_T16_mode_rate_uniform_schedule_normal_seed_40.csv
cnn2_c16_c32,16,32,c16c32,weight_decay,40,16,16,rate_uniform,0.35,98.26,mnist-checkpoints/cnn2_c16_c32_L[16]_strict_seed40_ablation_wd_l16_cnn2_c16_c32.pth,noise3_exp/cnn_strict_seed_three_regs_noise_sweep_rate_uniform_L16_T16/cnn2_c16_c32/weight_decay/seed_40/noise_sweep_matrix_mnist_cnn2_c16_c32_T16_mode_rate_uniform_schedule_normal_seed_40.csv
cnn2_c16_c32,16,32,c16c32,weight_decay,40,16,16,rate_uniform,0.4,97.89,mnist-checkpoints/cnn2_c16_c32_L[16]_strict_seed40_ablation_wd_l16_cnn2_c16_c32.pth,noise3_exp/cnn_strict_seed_three_regs_noise_sweep_rate_uniform_L16_T16/cnn2_c16_c32/weight_decay/seed_40/noise_sweep_matrix_mnist_cnn2_c16_c32_T16_mode_rate_uniform_schedule_normal_seed_40.csv
cnn2_c16_c32,16,32,c16c32,weight_decay,40,16,16,rate_uniform,0.45,97.46,mnist-checkpoints/cnn2_c16_c32_L[16]_strict_seed40_ablation_wd_l16_cnn2_c16_c32.pth,noise3_exp/cnn_strict_seed_three_regs_noise_sweep_rate_uniform_L16_T16/cnn2_c16_c32/weight_decay/seed_40/noise_sweep_matrix_mnist_cnn2_c16_c32_T16_mode_rate_uniform_schedule_normal_seed_40.csv
cnn2_c16_c32,16,32,c16c32,weight_decay,40,16,16,rate_uniform,0.5,96.82,mnist-checkpoints/cnn2_c16_c32_L[16]_strict_seed40_ablation_wd_l16_cnn2_c16_c32.pth,noise3_exp/cnn_strict_seed_three_regs_noise_sweep_rate_uniform_L16_T16/cnn2_c16_c32/weight_decay/seed_40/noise_sweep_matrix_mnist_cnn2_c16_c32_T16_mode_rate_uniform_schedule_normal_seed_40.csv
cnn2_c16_c32,16,32,c16c32,weight_decay,40,16,16,rate_uniform,0.55,95.75,mnist-checkpoints/cnn2_c16_c32_L[16]_strict_seed40_ablation_wd_l16_cnn2_c16_c32.pth,noise3_exp/cnn_strict_seed_three_regs_noise_sweep_rate_uniform_L16_T16/cnn2_c16_c32/weight_decay/seed_40/noise_sweep_matrix_mnist_cnn2_c16_c32_T16_mode_rate_uniform_schedule_normal_seed_40.csv
cnn2_c16_c32,16,32,c16c32,weight_decay,40,16,16,rate_uniform,0.6,94.62,mnist-checkpoints/cnn2_c16_c32_L[16]_strict_seed40_ablation_wd_l16_cnn2_c16_c32.pth,noise3_exp/cnn_strict_seed_three_regs_noise_sweep_rate_uniform_L16_T16/cnn2_c16_c32/weight_decay/seed_40/noise_sweep_matrix_mnist_cnn2_c16_c32_T16_mode_rate_uniform_schedule_normal_seed_40.csv
cnn2_c16_c32,16,32,c16c32,weight_decay,40,16,16,rate_uniform,0.65,93.45,mnist-checkpoints/cnn2_c16_c32_L[16]_strict_seed40_ablation_wd_l16_cnn2_c16_c32.pth,noise3_exp/cnn_strict_seed_three_regs_noise_sweep_rate_uniform_L16_T16/cnn2_c16_c32/weight_decay/seed_40/noise_sweep_matrix_mnist_cnn2_c16_c32_T16_mode_rate_uniform_schedule_normal_seed_40.csv
cnn2_c16_c32,16,32,c16c32,weight_decay,40,16,16,rate_uniform,0.7,91.68,mnist-checkpoints/cnn2_c16_c32_L[16]_strict_seed40_ablation_wd_l16_cnn2_c16_c32.pth,noise3_exp/cnn_strict_seed_three_regs_noise_sweep_rate_uniform_L16_T16/cnn2_c16_c32/weight_decay/seed_40/noise_sweep_matrix_mnist_cnn2_c16_c32_T16_mode_rate_uniform_schedule_normal_seed_40.csv
cnn2_c16_c32,16,32,c16c32,weight_decay,40,16,16,rate_uniform,0.75,89.95,mnist-checkpoints/cnn2_c16_c32_L[16]_strict_seed40_ablation_wd_l16_cnn2_c16_c32.pth,noise3_exp/cnn_strict_seed_three_regs_noise_sweep_rate_uniform_L16_T16/cnn2_c16_c32/weight_decay/seed_40/noise_sweep_matrix_mnist_cnn2_c16_c32_T16_mode_rate_uniform_schedule_normal_seed_40.csv
cnn2_c16_c32,16,32,c16c32,weight_decay,40,16,16,rate_uniform,0.8,87.83,mnist-checkpoints/cnn2_c16_c32_L[16]_strict_seed40_ablation_wd_l16_cnn2_c16_c32.pth,noise3_exp/cnn_strict_seed_three_regs_noise_sweep_rate_uniform_L16_T16/cnn2_c16_c32/weight_decay/seed_40/noise_sweep_matrix_mnist_cnn2_c16_c32_T16_mode_rate_uniform_schedule_normal_seed_40.csv
cnn2_c16_c32,16,32,c16c32,weight_decay,40,16,16,rate_uniform,0.85,85.77,mnist-checkpoints/cnn2_c16_c32_L[16]_strict_seed40_ablation_wd_l16_cnn2_c16_c32.pth,noise3_exp/cnn_strict_seed_three_regs_noise_sweep_rate_uniform_L16_T16/cnn2_c16_c32/weight_decay/seed_40/noise_sweep_matrix_mnist_cnn2_c16_c32_T16_mode_rate_uniform_schedule_normal_seed_40.csv
cnn2_c16_c32,16,32,c16c32,weight_decay,40,16,16,rate_uniform,0.9,84.26,mnist-checkpoints/cnn2_c16_c32_L[16]_strict_seed40_ablation_wd_l16_cnn2_c16_c32.pth,noise3_exp/cnn_strict_seed_three_regs_noise_sweep_rate_uniform_L16_T16/cnn2_c16_c32/weight_decay/seed_40/noise_sweep_matrix_mnist_cnn2_c16_c32_T16_mode_rate_uniform_schedule_normal_seed_40.csv
cnn2_c16_c32,16,32,c16c32,weight_decay,40,16,16,rate_uniform,0.95,82.6,mnist-checkpoints/cnn2_c16_c32_L[16]_strict_seed40_ablation_wd_l16_cnn2_c16_c32.pth,noise3_exp/cnn_strict_seed_three_regs_noise_sweep_rate_uniform_L16_T16/cnn2_c16_c32/weight_decay/seed_40/noise_sweep_matrix_mnist_cnn2_c16_c32_T16_mode_rate_uniform_schedule_normal_seed_40.csv
cnn2_c16_c32,16,32,c16c32,weight_decay,40,16,16,rate_uniform,1.0,80.23,mnist-checkpoints/cnn2_c16_c32_L[16]_strict_seed40_ablation_wd_l16_cnn2_c16_c32.pth,noise3_exp/cnn_strict_seed_three_regs_noise_sweep_rate_uniform_L16_T16/cnn2_c16_c32/weight_decay/seed_40/noise_sweep_matrix_mnist_cnn2_c16_c32_T16_mode_rate_uniform_schedule_normal_seed_40.csv
cnn2_c16_c32,16,32,c16c32,weight_decay,41,16,16,rate_uniform,0.0,99.05,mnist-checkpoints/cnn2_c16_c32_L[16]_strict_seed41_ablation_wd_l16_cnn2_c16_c32.pth,noise3_exp/cnn_strict_seed_three_regs_noise_sweep_rate_uniform_L16_T16/cnn2_c16_c32/weight_decay/seed_41/noise_sweep_matrix_mnist_cnn2_c16_c32_T16_mode_rate_uniform_schedule_normal_seed_41.csv
cnn2_c16_c32,16,32,c16c32,weight_decay,41,16,16,rate_uniform,0.05,99.01,mnist-checkpoints/cnn2_c16_c32_L[16]_strict_seed41_ablation_wd_l16_cnn2_c16_c32.pth,noise3_exp/cnn_strict_seed_three_regs_noise_sweep_rate_uniform_L16_T16/cnn2_c16_c32/weight_decay/seed_41/noise_sweep_matrix_mnist_cnn2_c16_c32_T16_mode_rate_uniform_schedule_normal_seed_41.csv
cnn2_c16_c32,16,32,c16c32,weight_decay,41,16,16,rate_uniform,0.1,98.95,mnist-checkpoints/cnn2_c16_c32_L[16]_strict_seed41_ablation_wd_l16_cnn2_c16_c32.pth,noise3_exp/cnn_strict_seed_three_regs_noise_sweep_rate_uniform_L16_T16/cnn2_c16_c32/weight_decay/seed_41/noise_sweep_matrix_mnist_cnn2_c16_c32_T16_mode_rate_uniform_schedule_normal_seed_41.csv
cnn2_c16_c32,16,32,c16c32,weight_decay,41,16,16,rate_uniform,0.15,98.89,mnist-checkpoints/cnn2_c16_c32_L[16]_strict_seed41_ablation_wd_l16_cnn2_c16_c32.pth,noise3_exp/cnn_strict_seed_three_regs_noise_sweep_rate_uniform_L16_T16/cnn2_c16_c32/weight_decay/seed_41/noise_sweep_matrix_mnist_cnn2_c16_c32_T16_mode_rate_uniform_schedule_normal_seed_41.csv
cnn2_c16_c32,16,32,c16c32,weight_decay,41,16,16,rate_uniform,0.2,98.95,mnist-checkpoints/cnn2_c16_c32_L[16]_strict_seed41_ablation_wd_l16_cnn2_c16_c32.pth,noise3_exp/cnn_strict_seed_three_regs_noise_sweep_rate_uniform_L16_T16/cnn2_c16_c32/weight_decay/seed_41/noise_sweep_matrix_mnist_cnn2_c16_c32_T16_mode_rate_uniform_schedule_normal_seed_41.csv
cnn2_c16_c32,16,32,c16c32,weight_decay,41,16,16,rate_uniform,0.25,98.71,mnist-checkpoints/cnn2_c16_c32_L[16]_strict_seed41_ablation_wd_l16_cnn2_c16_c32.pth,noise3_exp/cnn_strict_seed_three_regs_noise_sweep_rate_uniform_L16_T16/cnn2_c16_c32/weight_decay/seed_41/noise_sweep_matrix_mnist_cnn2_c16_c32_T16_mode_rate_uniform_schedule_normal_seed_41.csv
cnn2_c16_c32,16,32,c16c32,weight_decay,41,16,16,rate_uniform,0.3,98.45,mnist-checkpoints/cnn2_c16_c32_L[16]_strict_seed41_ablation_wd_l16_cnn2_c16_c32.pth,noise3_exp/cnn_strict_seed_three_regs_noise_sweep_rate_uniform_L16_T16/cnn2_c16_c32/weight_decay/seed_41/noise_sweep_matrix_mnist_cnn2_c16_c32_T16_mode_rate_uniform_schedule_normal_seed_41.csv
cnn2_c16_c32,16,32,c16c32,weight_decay,41,16,16,rate_uniform,0.35,97.95,mnist-checkpoints/cnn2_c16_c32_L[16]_strict_seed41_ablation_wd_l16_cnn2_c16_c32.pth,noise3_exp/cnn_strict_seed_three_regs_noise_sweep_rate_uniform_L16_T16/cnn2_c16_c32/weight_decay/seed_41/noise_sweep_matrix_mnist_cnn2_c16_c32_T16_mode_rate_uniform_schedule_normal_seed_41.csv
cnn2_c16_c32,16,32,c16c32,weight_decay,41,16,16,rate_uniform,0.4,97.58,mnist-checkpoints/cnn2_c16_c32_L[16]_strict_seed41_ablation_wd_l16_cnn2_c16_c32.pth,noise3_exp/cnn_strict_seed_three_regs_noise_sweep_rate_uniform_L16_T16/cnn2_c16_c32/weight_decay/seed_41/noise_sweep_matrix_mnist_cnn2_c16_c32_T16_mode_rate_uniform_schedule_normal_seed_41.csv
cnn2_c16_c32,16,32,c16c32,weight_decay,41,16,16,rate_uniform,0.45,96.97,mnist-checkpoints/cnn2_c16_c32_L[16]_strict_seed41_ablation_wd_l16_cnn2_c16_c32.pth,noise3_exp/cnn_strict_seed_three_regs_noise_sweep_rate_uniform_L16_T16/cnn2_c16_c32/weight_decay/seed_41/noise_sweep_matrix_mnist_cnn2_c16_c32_T16_mode_rate_uniform_schedule_normal_seed_41.csv
cnn2_c16_c32,16,32,c16c32,weight_decay,41,16,16,rate_uniform,0.5,95.94,mnist-checkpoints/cnn2_c16_c32_L[16]_strict_seed41_ablation_wd_l16_cnn2_c16_c32.pth,noise3_exp/cnn_strict_seed_three_regs_noise_sweep_rate_uniform_L16_T16/cnn2_c16_c32/weight_decay/seed_41/noise_sweep_matrix_mnist_cnn2_c16_c32_T16_mode_rate_uniform_schedule_normal_seed_41.csv
cnn2_c16_c32,16,32,c16c32,weight_decay,41,16,16,rate_uniform,0.55,94.95,mnist-checkpoints/cnn2_c16_c32_L[16]_strict_seed41_ablation_wd_l16_cnn2_c16_c32.pth,noise3_exp/cnn_strict_seed_three_regs_noise_sweep_rate_uniform_L16_T16/cnn2_c16_c32/weight_decay/seed_41/noise_sweep_matrix_mnist_cnn2_c16_c32_T16_mode_rate_uniform_schedule_normal_seed_41.csv
cnn2_c16_c32,16,32,c16c32,weight_decay,41,16,16,rate_uniform,0.6,93.57,mnist-checkpoints/cnn2_c16_c32_L[16]_strict_seed41_ablation_wd_l16_cnn2_c16_c32.pth,noise3_exp/cnn_strict_seed_three_regs_noise_sweep_rate_uniform_L16_T16/cnn2_c16_c32/weight_decay/seed_41/noise_sweep_matrix_mnist_cnn2_c16_c32_T16_mode_rate_uniform_schedule_normal_seed_41.csv
cnn2_c16_c32,16,32,c16c32,weight_decay,41,16,16,rate_uniform,0.65,92.28,mnist-checkpoints/cnn2_c16_c32_L[16]_strict_seed41_ablation_wd_l16_cnn2_c16_c32.pth,noise3_exp/cnn_strict_seed_three_regs_noise_sweep_rate_uniform_L16_T16/cnn2_c16_c32/weight_decay/seed_41/noise_sweep_matrix_mnist_cnn2_c16_c32_T16_mode_rate_uniform_schedule_normal_seed_41.csv
cnn2_c16_c32,16,32,c16c32,weight_decay,41,16,16,rate_uniform,0.7,91.12,mnist-checkpoints/cnn2_c16_c32_L[16]_strict_seed41_ablation_wd_l16_cnn2_c16_c32.pth,noise3_exp/cnn_strict_seed_three_regs_noise_sweep_rate_uniform_L16_T16/cnn2_c16_c32/weight_decay/seed_41/noise_sweep_matrix_mnist_cnn2_c16_c32_T16_mode_rate_uniform_schedule_normal_seed_41.csv
cnn2_c16_c32,16,32,c16c32,weight_decay,41,16,16,rate_uniform,0.75,89.42,mnist-checkpoints/cnn2_c16_c32_L[16]_strict_seed41_ablation_wd_l16_cnn2_c16_c32.pth,noise3_exp/cnn_strict_seed_three_regs_noise_sweep_rate_uniform_L16_T16/cnn2_c16_c32/weight_decay/seed_41/noise_sweep_matrix_mnist_cnn2_c16_c32_T16_mode_rate_uniform_schedule_normal_seed_41.csv
cnn2_c16_c32,16,32,c16c32,weight_decay,41,16,16,rate_uniform,0.8,87.49,mnist-checkpoints/cnn2_c16_c32_L[16]_strict_seed41_ablation_wd_l16_cnn2_c16_c32.pth,noise3_exp/cnn_strict_seed_three_regs_noise_sweep_rate_uniform_L16_T16/cnn2_c16_c32/weight_decay/seed_41/noise_sweep_matrix_mnist_cnn2_c16_c32_T16_mode_rate_uniform_schedule_normal_seed_41.csv
cnn2_c16_c32,16,32,c16c32,weight_decay,41,16,16,rate_uniform,0.85,86.25,mnist-checkpoints/cnn2_c16_c32_L[16]_strict_seed41_ablation_wd_l16_cnn2_c16_c32.pth,noise3_exp/cnn_strict_seed_three_regs_noise_sweep_rate_uniform_L16_T16/cnn2_c16_c32/weight_decay/seed_41/noise_sweep_matrix_mnist_cnn2_c16_c32_T16_mode_rate_uniform_schedule_normal_seed_41.csv
cnn2_c16_c32,16,32,c16c32,weight_decay,41,16,16,rate_uniform,0.9,84.61,mnist-checkpoints/cnn2_c16_c32_L[16]_strict_seed41_ablation_wd_l16_cnn2_c16_c32.pth,noise3_exp/cnn_strict_seed_three_regs_noise_sweep_rate_uniform_L16_T16/cnn2_c16_c32/weight_decay/seed_41/noise_sweep_matrix_mnist_cnn2_c16_c32_T16_mode_rate_uniform_schedule_normal_seed_41.csv
cnn2_c16_c32,16,32,c16c32,weight_decay,41,16,16,rate_uniform,0.95,83.11,mnist-checkpoints/cnn2_c16_c32_L[16]_strict_seed41_ablation_wd_l16_cnn2_c16_c32.pth,noise3_exp/cnn_strict_seed_three_regs_noise_sweep_rate_uniform_L16_T16/cnn2_c16_c32/weight_decay/seed_41/noise_sweep_matrix_mnist_cnn2_c16_c32_T16_mode_rate_uniform_schedule_normal_seed_41.csv
cnn2_c16_c32,16,32,c16c32,weight_decay,41,16,16,rate_uniform,1.0,81.22,mnist-checkpoints/cnn2_c16_c32_L[16]_strict_seed41_ablation_wd_l16_cnn2_c16_c32.pth,noise3_exp/cnn_strict_seed_three_regs_noise_sweep_rate_uniform_L16_T16/cnn2_c16_c32/weight_decay/seed_41/noise_sweep_matrix_mnist_cnn2_c16_c32_T16_mode_rate_uniform_schedule_normal_seed_41.csv
cnn2_c16_c32,16,32,c16c32,weight_decay,42,16,16,rate_uniform,0.0,98.92,mnist-checkpoints/cnn2_c16_c32_L[16]_strict_seed42_ablation_wd_l16_cnn2_c16_c32.pth,noise3_exp/cnn_strict_seed_three_regs_noise_sweep_rate_uniform_L16_T16/cnn2_c16_c32/weight_decay/seed_42/noise_sweep_matrix_mnist_cnn2_c16_c32_T16_mode_rate_uniform_schedule_normal_seed_42.csv
cnn2_c16_c32,16,32,c16c32,weight_decay,42,16,16,rate_uniform,0.05,98.91,mnist-checkpoints/cnn2_c16_c32_L[16]_strict_seed42_ablation_wd_l16_cnn2_c16_c32.pth,noise3_exp/cnn_strict_seed_three_regs_noise_sweep_rate_uniform_L16_T16/cnn2_c16_c32/weight_decay/seed_42/noise_sweep_matrix_mnist_cnn2_c16_c32_T16_mode_rate_uniform_schedule_normal_seed_42.csv
cnn2_c16_c32,16,32,c16c32,weight_decay,42,16,16,rate_uniform,0.1,98.88,mnist-checkpoints/cnn2_c16_c32_L[16]_strict_seed42_ablation_wd_l16_cnn2_c16_c32.pth,noise3_exp/cnn_strict_seed_three_regs_noise_sweep_rate_uniform_L16_T16/cnn2_c16_c32/weight_decay/seed_42/noise_sweep_matrix_mnist_cnn2_c16_c32_T16_mode_rate_uniform_schedule_normal_seed_42.csv
cnn2_c16_c32,16,32,c16c32,weight_decay,42,16,16,rate_uniform,0.15,98.9,mnist-checkpoints/cnn2_c16_c32_L[16]_strict_seed42_ablation_wd_l16_cnn2_c16_c32.pth,noise3_exp/cnn_strict_seed_three_regs_noise_sweep_rate_uniform_L16_T16/cnn2_c16_c32/weight_decay/seed_42/noise_sweep_matrix_mnist_cnn2_c16_c32_T16_mode_rate_uniform_schedule_normal_seed_42.csv
cnn2_c16_c32,16,32,c16c32,weight_decay,42,16,16,rate_uniform,0.2,98.73,mnist-checkpoints/cnn2_c16_c32_L[16]_strict_seed42_ablation_wd_l16_cnn2_c16_c32.pth,noise3_exp/cnn_strict_seed_three_regs_noise_sweep_rate_uniform_L16_T16/cnn2_c16_c32/weight_decay/seed_42/noise_sweep_matrix_mnist_cnn2_c16_c32_T16_mode_rate_uniform_schedule_normal_seed_42.csv
cnn2_c16_c32,16,32,c16c32,weight_decay,42,16,16,rate_uniform,0.25,98.73,mnist-checkpoints/cnn2_c16_c32_L[16]_strict_seed42_ablation_wd_l16_cnn2_c16_c32.pth,noise3_exp/cnn_strict_seed_three_regs_noise_sweep_rate_uniform_L16_T16/cnn2_c16_c32/weight_decay/seed_42/noise_sweep_matrix_mnist_cnn2_c16_c32_T16_mode_rate_uniform_schedule_normal_seed_42.csv
cnn2_c16_c32,16,32,c16c32,weight_decay,42,16,16,rate_uniform,0.3,98.6,mnist-checkpoints/cnn2_c16_c32_L[16]_strict_seed42_ablation_wd_l16_cnn2_c16_c32.pth,noise3_exp/cnn_strict_seed_three_regs_noise_sweep_rate_uniform_L16_T16/cnn2_c16_c32/weight_decay/seed_42/noise_sweep_matrix_mnist_cnn2_c16_c32_T16_mode_rate_uniform_schedule_normal_seed_42.csv
cnn2_c16_c32,16,32,c16c32,weight_decay,42,16,16,rate_uniform,0.35,98.43,mnist-checkpoints/cnn2_c16_c32_L[16]_strict_seed42_ablation_wd_l16_cnn2_c16_c32.pth,noise3_exp/cnn_strict_seed_three_regs_noise_sweep_rate_uniform_L16_T16/cnn2_c16_c32/weight_decay/seed_42/noise_sweep_matrix_mnist_cnn2_c16_c32_T16_mode_rate_uniform_schedule_normal_seed_42.csv
cnn2_c16_c32,16,32,c16c32,weight_decay,42,16,16,rate_uniform,0.4,98.12,mnist-checkpoints/cnn2_c16_c32_L[16]_strict_seed42_ablation_wd_l16_cnn2_c16_c32.pth,noise3_exp/cnn_strict_seed_three_regs_noise_sweep_rate_uniform_L16_T16/cnn2_c16_c32/weight_decay/seed_42/noise_sweep_matrix_mnist_cnn2_c16_c32_T16_mode_rate_uniform_schedule_normal_seed_42.csv
cnn2_c16_c32,16,32,c16c32,weight_decay,42,16,16,rate_uniform,0.45,97.88,mnist-checkpoints/cnn2_c16_c32_L[16]_strict_seed42_ablation_wd_l16_cnn2_c16_c32.pth,noise3_exp/cnn_strict_seed_three_regs_noise_sweep_rate_uniform_L16_T16/cnn2_c16_c32/weight_decay/seed_42/noise_sweep_matrix_mnist_cnn2_c16_c32_T16_mode_rate_uniform_schedule_normal_seed_42.csv
cnn2_c16_c32,16,32,c16c32,weight_decay,42,16,16,rate_uniform,0.5,97.37,mnist-checkpoints/cnn2_c16_c32_L[16]_strict_seed42_ablation_wd_l16_cnn2_c16_c32.pth,noise3_exp/cnn_strict_seed_three_regs_noise_sweep_rate_uniform_L16_T16/cnn2_c16_c32/weight_decay/seed_42/noise_sweep_matrix_mnist_cnn2_c16_c32_T16_mode_rate_uniform_schedule_normal_seed_42.csv
cnn2_c16_c32,16,32,c16c32,weight_decay,42,16,16,rate_uniform,0.55,96.94,mnist-checkpoints/cnn2_c16_c32_L[16]_strict_seed42_ablation_wd_l16_cnn2_c16_c32.pth,noise3_exp/cnn_strict_seed_three_regs_noise_sweep_rate_uniform_L16_T16/cnn2_c16_c32/weight_decay/seed_42/noise_sweep_matrix_mnist_cnn2_c16_c32_T16_mode_rate_uniform_schedule_normal_seed_42.csv
cnn2_c16_c32,16,32,c16c32,weight_decay,42,16,16,rate_uniform,0.6,95.96,mnist-checkpoints/cnn2_c16_c32_L[16]_strict_seed42_ablation_wd_l16_cnn2_c16_c32.pth,noise3_exp/cnn_strict_seed_three_regs_noise_sweep_rate_uniform_L16_T16/cnn2_c16_c32/weight_decay/seed_42/noise_sweep_matrix_mnist_cnn2_c16_c32_T16_mode_rate_uniform_schedule_normal_seed_42.csv
cnn2_c16_c32,16,32,c16c32,weight_decay,42,16,16,rate_uniform,0.65,95.12,mnist-checkpoints/cnn2_c16_c32_L[16]_strict_seed42_ablation_wd_l16_cnn2_c16_c32.pth,noise3_exp/cnn_strict_seed_three_regs_noise_sweep_rate_uniform_L16_T16/cnn2_c16_c32/weight_decay/seed_42/noise_sweep_matrix_mnist_cnn2_c16_c32_T16_mode_rate_uniform_schedule_normal_seed_42.csv
cnn2_c16_c32,16,32,c16c32,weight_decay,42,16,16,rate_uniform,0.7,93.81,mnist-checkpoints/cnn2_c16_c32_L[16]_strict_seed42_ablation_wd_l16_cnn2_c16_c32.pth,noise3_exp/cnn_strict_seed_three_regs_noise_sweep_rate_uniform_L16_T16/cnn2_c16_c32/weight_decay/seed_42/noise_sweep_matrix_mnist_cnn2_c16_c32_T16_mode_rate_uniform_schedule_normal_seed_42.csv
cnn2_c16_c32,16,32,c16c32,weight_decay,42,16,16,rate_uniform,0.75,92.84,mnist-checkpoints/cnn2_c16_c32_L[16]_strict_seed42_ablation_wd_l16_cnn2_c16_c32.pth,noise3_exp/cnn_strict_seed_three_regs_noise_sweep_rate_uniform_L16_T16/cnn2_c16_c32/weight_decay/seed_42/noise_sweep_matrix_mnist_cnn2_c16_c32_T16_mode_rate_uniform_schedule_normal_seed_42.csv
cnn2_c16_c32,16,32,c16c32,weight_decay,42,16,16,rate_uniform,0.8,91.44,mnist-checkpoints/cnn2_c16_c32_L[16]_strict_seed42_ablation_wd_l16_cnn2_c16_c32.pth,noise3_exp/cnn_strict_seed_three_regs_noise_sweep_rate_uniform_L16_T16/cnn2_c16_c32/weight_decay/seed_42/noise_sweep_matrix_mnist_cnn2_c16_c32_T16_mode_rate_uniform_schedule_normal_seed_42.csv
cnn2_c16_c32,16,32,c16c32,weight_decay,42,16,16,rate_uniform,0.85,89.4,mnist-checkpoints/cnn2_c16_c32_L[16]_strict_seed42_ablation_wd_l16_cnn2_c16_c32.pth,noise3_exp/cnn_strict_seed_three_regs_noise_sweep_rate_uniform_L16_T16/cnn2_c16_c32/weight_decay/seed_42/noise_sweep_matrix_mnist_cnn2_c16_c32_T16_mode_rate_uniform_schedule_normal_seed_42.csv
cnn2_c16_c32,16,32,c16c32,weight_decay,42,16,16,rate_uniform,0.9,87.73,mnist-checkpoints/cnn2_c16_c32_L[16]_strict_seed42_ablation_wd_l16_cnn2_c16_c32.pth,noise3_exp/cnn_strict_seed_three_regs_noise_sweep_rate_uniform_L16_T16/cnn2_c16_c32/weight_decay/seed_42/noise_sweep_matrix_mnist_cnn2_c16_c32_T16_mode_rate_uniform_schedule_normal_seed_42.csv
cnn2_c16_c32,16,32,c16c32,weight_decay,42,16,16,rate_uniform,0.95,86.12,mnist-checkpoints/cnn2_c16_c32_L[16]_strict_seed42_ablation_wd_l16_cnn2_c16_c32.pth,noise3_exp/cnn_strict_seed_three_regs_noise_sweep_rate_uniform_L16_T16/cnn2_c16_c32/weight_decay/seed_42/noise_sweep_matrix_mnist_cnn2_c16_c32_T16_mode_rate_uniform_schedule_normal_seed_42.csv
cnn2_c16_c32,16,32,c16c32,weight_decay,42,16,16,rate_uniform,1.0,83.98,mnist-checkpoints/cnn2_c16_c32_L[16]_strict_seed42_ablation_wd_l16_cnn2_c16_c32.pth,noise3_exp/cnn_strict_seed_three_regs_noise_sweep_rate_uniform_L16_T16/cnn2_c16_c32/weight_decay/seed_42/noise_sweep_matrix_mnist_cnn2_c16_c32_T16_mode_rate_uniform_schedule_normal_seed_42.csv
cnn2_c16_c32,16,32,c16c32,weight_decay,43,16,16,rate_uniform,0.0,98.72,mnist-checkpoints/cnn2_c16_c32_L[16]_strict_seed43_ablation_wd_l16_cnn2_c16_c32.pth,noise3_exp/cnn_strict_seed_three_regs_noise_sweep_rate_uniform_L16_T16/cnn2_c16_c32/weight_decay/seed_43/noise_sweep_matrix_mnist_cnn2_c16_c32_T16_mode_rate_uniform_schedule_normal_seed_43.csv
cnn2_c16_c32,16,32,c16c32,weight_decay,43,16,16,rate_uniform,0.05,98.8,mnist-checkpoints/cnn2_c16_c32_L[16]_strict_seed43_ablation_wd_l16_cnn2_c16_c32.pth,noise3_exp/cnn_strict_seed_three_regs_noise_sweep_rate_uniform_L16_T16/cnn2_c16_c32/weight_decay/seed_43/noise_sweep_matrix_mnist_cnn2_c16_c32_T16_mode_rate_uniform_schedule_normal_seed_43.csv
cnn2_c16_c32,16,32,c16c32,weight_decay,43,16,16,rate_uniform,0.1,98.79,mnist-checkpoints/cnn2_c16_c32_L[16]_strict_seed43_ablation_wd_l16_cnn2_c16_c32.pth,noise3_exp/cnn_strict_seed_three_regs_noise_sweep_rate_uniform_L16_T16/cnn2_c16_c32/weight_decay/seed_43/noise_sweep_matrix_mnist_cnn2_c16_c32_T16_mode_rate_uniform_schedule_normal_seed_43.csv
cnn2_c16_c32,16,32,c16c32,weight_decay,43,16,16,rate_uniform,0.15,98.77,mnist-checkpoints/cnn2_c16_c32_L[16]_strict_seed43_ablation_wd_l16_cnn2_c16_c32.pth,noise3_exp/cnn_strict_seed_three_regs_noise_sweep_rate_uniform_L16_T16/cnn2_c16_c32/weight_decay/seed_43/noise_sweep_matrix_mnist_cnn2_c16_c32_T16_mode_rate_uniform_schedule_normal_seed_43.csv
cnn2_c16_c32,16,32,c16c32,weight_decay,43,16,16,rate_uniform,0.2,98.84,mnist-checkpoints/cnn2_c16_c32_L[16]_strict_seed43_ablation_wd_l16_cnn2_c16_c32.pth,noise3_exp/cnn_strict_seed_three_regs_noise_sweep_rate_uniform_L16_T16/cnn2_c16_c32/weight_decay/seed_43/noise_sweep_matrix_mnist_cnn2_c16_c32_T16_mode_rate_uniform_schedule_normal_seed_43.csv
cnn2_c16_c32,16,32,c16c32,weight_decay,43,16,16,rate_uniform,0.25,98.77,mnist-checkpoints/cnn2_c16_c32_L[16]_strict_seed43_ablation_wd_l16_cnn2_c16_c32.pth,noise3_exp/cnn_strict_seed_three_regs_noise_sweep_rate_uniform_L16_T16/cnn2_c16_c32/weight_decay/seed_43/noise_sweep_matrix_mnist_cnn2_c16_c32_T16_mode_rate_uniform_schedule_normal_seed_43.csv
cnn2_c16_c32,16,32,c16c32,weight_decay,43,16,16,rate_uniform,0.3,98.57,mnist-checkpoints/cnn2_c16_c32_L[16]_strict_seed43_ablation_wd_l16_cnn2_c16_c32.pth,noise3_exp/cnn_strict_seed_three_regs_noise_sweep_rate_uniform_L16_T16/cnn2_c16_c32/weight_decay/seed_43/noise_sweep_matrix_mnist_cnn2_c16_c32_T16_mode_rate_uniform_schedule_normal_seed_43.csv
cnn2_c16_c32,16,32,c16c32,weight_decay,43,16,16,rate_uniform,0.35,98.44,mnist-checkpoints/cnn2_c16_c32_L[16]_strict_seed43_ablation_wd_l16_cnn2_c16_c32.pth,noise3_exp/cnn_strict_seed_three_regs_noise_sweep_rate_uniform_L16_T16/cnn2_c16_c32/weight_decay/seed_43/noise_sweep_matrix_mnist_cnn2_c16_c32_T16_mode_rate_uniform_schedule_normal_seed_43.csv
cnn2_c16_c32,16,32,c16c32,weight_decay,43,16,16,rate_uniform,0.4,98.13,mnist-checkpoints/cnn2_c16_c32_L[16]_strict_seed43_ablation_wd_l16_cnn2_c16_c32.pth,noise3_exp/cnn_strict_seed_three_regs_noise_sweep_rate_uniform_L16_T16/cnn2_c16_c32/weight_decay/seed_43/noise_sweep_matrix_mnist_cnn2_c16_c32_T16_mode_rate_uniform_schedule_normal_seed_43.csv
cnn2_c16_c32,16,32,c16c32,weight_decay,43,16,16,rate_uniform,0.45,97.64,mnist-checkpoints/cnn2_c16_c32_L[16]_strict_seed43_ablation_wd_l16_cnn2_c16_c32.pth,noise3_exp/cnn_strict_seed_three_regs_noise_sweep_rate_uniform_L16_T16/cnn2_c16_c32/weight_decay/seed_43/noise_sweep_matrix_mnist_cnn2_c16_c32_T16_mode_rate_uniform_schedule_normal_seed_43.csv
cnn2_c16_c32,16,32,c16c32,weight_decay,43,16,16,rate_uniform,0.5,97.01,mnist-checkpoints/cnn2_c16_c32_L[16]_strict_seed43_ablation_wd_l16_cnn2_c16_c32.pth,noise3_exp/cnn_strict_seed_three_regs_noise_sweep_rate_uniform_L16_T16/cnn2_c16_c32/weight_decay/seed_43/noise_sweep_matrix_mnist_cnn2_c16_c32_T16_mode_rate_uniform_schedule_normal_seed_43.csv
cnn2_c16_c32,16,32,c16c32,weight_decay,43,16,16,rate_uniform,0.55,96.24,mnist-checkpoints/cnn2_c16_c32_L[16]_strict_seed43_ablation_wd_l16_cnn2_c16_c32.pth,noise3_exp/cnn_strict_seed_three_regs_noise_sweep_rate_uniform_L16_T16/cnn2_c16_c32/weight_decay/seed_43/noise_sweep_matrix_mnist_cnn2_c16_c32_T16_mode_rate_uniform_schedule_normal_seed_43.csv
cnn2_c16_c32,16,32,c16c32,weight_decay,43,16,16,rate_uniform,0.6,95.55,mnist-checkpoints/cnn2_c16_c32_L[16]_strict_seed43_ablation_wd_l16_cnn2_c16_c32.pth,noise3_exp/cnn_strict_seed_three_regs_noise_sweep_rate_uniform_L16_T16/cnn2_c16_c32/weight_decay/seed_43/noise_sweep_matrix_mnist_cnn2_c16_c32_T16_mode_rate_uniform_schedule_normal_seed_43.csv
cnn2_c16_c32,16,32,c16c32,weight_decay,43,16,16,rate_uniform,0.65,94.07,mnist-checkpoints/cnn2_c16_c32_L[16]_strict_seed43_ablation_wd_l16_cnn2_c16_c32.pth,noise3_exp/cnn_strict_seed_three_regs_noise_sweep_rate_uniform_L16_T16/cnn2_c16_c32/weight_decay/seed_43/noise_sweep_matrix_mnist_cnn2_c16_c32_T16_mode_rate_uniform_schedule_normal_seed_43.csv
cnn2_c16_c32,16,32,c16c32,weight_decay,43,16,16,rate_uniform,0.7,92.86,mnist-checkpoints/cnn2_c16_c32_L[16]_strict_seed43_ablation_wd_l16_cnn2_c16_c32.pth,noise3_exp/cnn_strict_seed_three_regs_noise_sweep_rate_uniform_L16_T16/cnn2_c16_c32/weight_decay/seed_43/noise_sweep_matrix_mnist_cnn2_c16_c32_T16_mode_rate_uniform_schedule_normal_seed_43.csv
cnn2_c16_c32,16,32,c16c32,weight_decay,43,16,16,rate_uniform,0.75,91.32,mnist-checkpoints/cnn2_c16_c32_L[16]_strict_seed43_ablation_wd_l16_cnn2_c16_c32.pth,noise3_exp/cnn_strict_seed_three_regs_noise_sweep_rate_uniform_L16_T16/cnn2_c16_c32/weight_decay/seed_43/noise_sweep_matrix_mnist_cnn2_c16_c32_T16_mode_rate_uniform_schedule_normal_seed_43.csv
cnn2_c16_c32,16,32,c16c32,weight_decay,43,16,16,rate_uniform,0.8,89.84,mnist-checkpoints/cnn2_c16_c32_L[16]_strict_seed43_ablation_wd_l16_cnn2_c16_c32.pth,noise3_exp/cnn_strict_seed_three_regs_noise_sweep_rate_uniform_L16_T16/cnn2_c16_c32/weight_decay/seed_43/noise_sweep_matrix_mnist_cnn2_c16_c32_T16_mode_rate_uniform_schedule_normal_seed_43.csv
cnn2_c16_c32,16,32,c16c32,weight_decay,43,16,16,rate_uniform,0.85,87.66,mnist-checkpoints/cnn2_c16_c32_L[16]_strict_seed43_ablation_wd_l16_cnn2_c16_c32.pth,noise3_exp/cnn_strict_seed_three_regs_noise_sweep_rate_uniform_L16_T16/cnn2_c16_c32/weight_decay/seed_43/noise_sweep_matrix_mnist_cnn2_c16_c32_T16_mode_rate_uniform_schedule_normal_seed_43.csv
cnn2_c16_c32,16,32,c16c32,weight_decay,43,16,16,rate_uniform,0.9,85.45,mnist-checkpoints/cnn2_c16_c32_L[16]_strict_seed43_ablation_wd_l16_cnn2_c16_c32.pth,noise3_exp/cnn_strict_seed_three_regs_noise_sweep_rate_uniform_L16_T16/cnn2_c16_c32/weight_decay/seed_43/noise_sweep_matrix_mnist_cnn2_c16_c32_T16_mode_rate_uniform_schedule_normal_seed_43.csv
cnn2_c16_c32,16,32,c16c32,weight_decay,43,16,16,rate_uniform,0.95,83.77,mnist-checkpoints/cnn2_c16_c32_L[16]_strict_seed43_ablation_wd_l16_cnn2_c16_c32.pth,noise3_exp/cnn_strict_seed_three_regs_noise_sweep_rate_uniform_L16_T16/cnn2_c16_c32/weight_decay/seed_43/noise_sweep_matrix_mnist_cnn2_c16_c32_T16_mode_rate_uniform_schedule_normal_seed_43.csv
cnn2_c16_c32,16,32,c16c32,weight_decay,43,16,16,rate_uniform,1.0,81.62,mnist-checkpoints/cnn2_c16_c32_L[16]_strict_seed43_ablation_wd_l16_cnn2_c16_c32.pth,noise3_exp/cnn_strict_seed_three_regs_noise_sweep_rate_uniform_L16_T16/cnn2_c16_c32/weight_decay/seed_43/noise_sweep_matrix_mnist_cnn2_c16_c32_T16_mode_rate_uniform_schedule_normal_seed_43.csv
cnn2_c16_c32,16,32,c16c32,weight_decay,44,16,16,rate_uniform,0.0,98.94,mnist-checkpoints/cnn2_c16_c32_L[16]_strict_seed44_ablation_wd_l16_cnn2_c16_c32.pth,noise3_exp/cnn_strict_seed_three_regs_noise_sweep_rate_uniform_L16_T16/cnn2_c16_c32/weight_decay/seed_44/noise_sweep_matrix_mnist_cnn2_c16_c32_T16_mode_rate_uniform_schedule_normal_seed_44.csv
cnn2_c16_c32,16,32,c16c32,weight_decay,44,16,16,rate_uniform,0.05,98.97,mnist-checkpoints/cnn2_c16_c32_L[16]_strict_seed44_ablation_wd_l16_cnn2_c16_c32.pth,noise3_exp/cnn_strict_seed_three_regs_noise_sweep_rate_uniform_L16_T16/cnn2_c16_c32/weight_decay/seed_44/noise_sweep_matrix_mnist_cnn2_c16_c32_T16_mode_rate_uniform_schedule_normal_seed_44.csv
cnn2_c16_c32,16,32,c16c32,weight_decay,44,16,16,rate_uniform,0.1,99.03,mnist-checkpoints/cnn2_c16_c32_L[16]_strict_seed44_ablation_wd_l16_cnn2_c16_c32.pth,noise3_exp/cnn_strict_seed_three_regs_noise_sweep_rate_uniform_L16_T16/cnn2_c16_c32/weight_decay/seed_44/noise_sweep_matrix_mnist_cnn2_c16_c32_T16_mode_rate_uniform_schedule_normal_seed_44.csv
cnn2_c16_c32,16,32,c16c32,weight_decay,44,16,16,rate_uniform,0.15,98.97,mnist-checkpoints/cnn2_c16_c32_L[16]_strict_seed44_ablation_wd_l16_cnn2_c16_c32.pth,noise3_exp/cnn_strict_seed_three_regs_noise_sweep_rate_uniform_L16_T16/cnn2_c16_c32/weight_decay/seed_44/noise_sweep_matrix_mnist_cnn2_c16_c32_T16_mode_rate_uniform_schedule_normal_seed_44.csv
cnn2_c16_c32,16,32,c16c32,weight_decay,44,16,16,rate_uniform,0.2,98.84,mnist-checkpoints/cnn2_c16_c32_L[16]_strict_seed44_ablation_wd_l16_cnn2_c16_c32.pth,noise3_exp/cnn_strict_seed_three_regs_noise_sweep_rate_uniform_L16_T16/cnn2_c16_c32/weight_decay/seed_44/noise_sweep_matrix_mnist_cnn2_c16_c32_T16_mode_rate_uniform_schedule_normal_seed_44.csv
cnn2_c16_c32,16,32,c16c32,weight_decay,44,16,16,rate_uniform,0.25,98.76,mnist-checkpoints/cnn2_c16_c32_L[16]_strict_seed44_ablation_wd_l16_cnn2_c16_c32.pth,noise3_exp/cnn_strict_seed_three_regs_noise_sweep_rate_uniform_L16_T16/cnn2_c16_c32/weight_decay/seed_44/noise_sweep_matrix_mnist_cnn2_c16_c32_T16_mode_rate_uniform_schedule_normal_seed_44.csv
cnn2_c16_c32,16,32,c16c32,weight_decay,44,16,16,rate_uniform,0.3,98.68,mnist-checkpoints/cnn2_c16_c32_L[16]_strict_seed44_ablation_wd_l16_cnn2_c16_c32.pth,noise3_exp/cnn_strict_seed_three_regs_noise_sweep_rate_uniform_L16_T16/cnn2_c16_c32/weight_decay/seed_44/noise_sweep_matrix_mnist_cnn2_c16_c32_T16_mode_rate_uniform_schedule_normal_seed_44.csv
cnn2_c16_c32,16,32,c16c32,weight_decay,44,16,16,rate_uniform,0.35,98.43,mnist-checkpoints/cnn2_c16_c32_L[16]_strict_seed44_ablation_wd_l16_cnn2_c16_c32.pth,noise3_exp/cnn_strict_seed_three_regs_noise_sweep_rate_uniform_L16_T16/cnn2_c16_c32/weight_decay/seed_44/noise_sweep_matrix_mnist_cnn2_c16_c32_T16_mode_rate_uniform_schedule_normal_seed_44.csv
cnn2_c16_c32,16,32,c16c32,weight_decay,44,16,16,rate_uniform,0.4,98.03,mnist-checkpoints/cnn2_c16_c32_L[16]_strict_seed44_ablation_wd_l16_cnn2_c16_c32.pth,noise3_exp/cnn_strict_seed_three_regs_noise_sweep_rate_uniform_L16_T16/cnn2_c16_c32/weight_decay/seed_44/noise_sweep_matrix_mnist_cnn2_c16_c32_T16_mode_rate_uniform_schedule_normal_seed_44.csv
cnn2_c16_c32,16,32,c16c32,weight_decay,44,16,16,rate_uniform,0.45,97.63,mnist-checkpoints/cnn2_c16_c32_L[16]_strict_seed44_ablation_wd_l16_cnn2_c16_c32.pth,noise3_exp/cnn_strict_seed_three_regs_noise_sweep_rate_uniform_L16_T16/cnn2_c16_c32/weight_decay/seed_44/noise_sweep_matrix_mnist_cnn2_c16_c32_T16_mode_rate_uniform_schedule_normal_seed_44.csv
cnn2_c16_c32,16,32,c16c32,weight_decay,44,16,16,rate_uniform,0.5,96.86,mnist-checkpoints/cnn2_c16_c32_L[16]_strict_seed44_ablation_wd_l16_cnn2_c16_c32.pth,noise3_exp/cnn_strict_seed_three_regs_noise_sweep_rate_uniform_L16_T16/cnn2_c16_c32/weight_decay/seed_44/noise_sweep_matrix_mnist_cnn2_c16_c32_T16_mode_rate_uniform_schedule_normal_seed_44.csv
cnn2_c16_c32,16,32,c16c32,weight_decay,44,16,16,rate_uniform,0.55,96.29,mnist-checkpoints/cnn2_c16_c32_L[16]_strict_seed44_ablation_wd_l16_cnn2_c16_c32.pth,noise3_exp/cnn_strict_seed_three_regs_noise_sweep_rate_uniform_L16_T16/cnn2_c16_c32/weight_decay/seed_44/noise_sweep_matrix_mnist_cnn2_c16_c32_T16_mode_rate_uniform_schedule_normal_seed_44.csv
cnn2_c16_c32,16,32,c16c32,weight_decay,44,16,16,rate_uniform,0.6,95.39,mnist-checkpoints/cnn2_c16_c32_L[16]_strict_seed44_ablation_wd_l16_cnn2_c16_c32.pth,noise3_exp/cnn_strict_seed_three_regs_noise_sweep_rate_uniform_L16_T16/cnn2_c16_c32/weight_decay/seed_44/noise_sweep_matrix_mnist_cnn2_c16_c32_T16_mode_rate_uniform_schedule_normal_seed_44.csv
cnn2_c16_c32,16,32,c16c32,weight_decay,44,16,16,rate_uniform,0.65,94.22,mnist-checkpoints/cnn2_c16_c32_L[16]_strict_seed44_ablation_wd_l16_cnn2_c16_c32.pth,noise3_exp/cnn_strict_seed_three_regs_noise_sweep_rate_uniform_L16_T16/cnn2_c16_c32/weight_decay/seed_44/noise_sweep_matrix_mnist_cnn2_c16_c32_T16_mode_rate_uniform_schedule_normal_seed_44.csv
cnn2_c16_c32,16,32,c16c32,weight_decay,44,16,16,rate_uniform,0.7,93.38,mnist-checkpoints/cnn2_c16_c32_L[16]_strict_seed44_ablation_wd_l16_cnn2_c16_c32.pth,noise3_exp/cnn_strict_seed_three_regs_noise_sweep_rate_uniform_L16_T16/cnn2_c16_c32/weight_decay/seed_44/noise_sweep_matrix_mnist_cnn2_c16_c32_T16_mode_rate_uniform_schedule_normal_seed_44.csv
cnn2_c16_c32,16,32,c16c32,weight_decay,44,16,16,rate_uniform,0.75,91.66,mnist-checkpoints/cnn2_c16_c32_L[16]_strict_seed44_ablation_wd_l16_cnn2_c16_c32.pth,noise3_exp/cnn_strict_seed_three_regs_noise_sweep_rate_uniform_L16_T16/cnn2_c16_c32/weight_decay/seed_44/noise_sweep_matrix_mnist_cnn2_c16_c32_T16_mode_rate_uniform_schedule_normal_seed_44.csv
cnn2_c16_c32,16,32,c16c32,weight_decay,44,16,16,rate_uniform,0.8,90.02,mnist-checkpoints/cnn2_c16_c32_L[16]_strict_seed44_ablation_wd_l16_cnn2_c16_c32.pth,noise3_exp/cnn_strict_seed_three_regs_noise_sweep_rate_uniform_L16_T16/cnn2_c16_c32/weight_decay/seed_44/noise_sweep_matrix_mnist_cnn2_c16_c32_T16_mode_rate_uniform_schedule_normal_seed_44.csv
cnn2_c16_c32,16,32,c16c32,weight_decay,44,16,16,rate_uniform,0.85,88.66,mnist-checkpoints/cnn2_c16_c32_L[16]_strict_seed44_ablation_wd_l16_cnn2_c16_c32.pth,noise3_exp/cnn_strict_seed_three_regs_noise_sweep_rate_uniform_L16_T16/cnn2_c16_c32/weight_decay/seed_44/noise_sweep_matrix_mnist_cnn2_c16_c32_T16_mode_rate_uniform_schedule_normal_seed_44.csv
cnn2_c16_c32,16,32,c16c32,weight_decay,44,16,16,rate_uniform,0.9,87.77,mnist-checkpoints/cnn2_c16_c32_L[16]_strict_seed44_ablation_wd_l16_cnn2_c16_c32.pth,noise3_exp/cnn_strict_seed_three_regs_noise_sweep_rate_uniform_L16_T16/cnn2_c16_c32/weight_decay/seed_44/noise_sweep_matrix_mnist_cnn2_c16_c32_T16_mode_rate_uniform_schedule_normal_seed_44.csv
cnn2_c16_c32,16,32,c16c32,weight_decay,44,16,16,rate_uniform,0.95,85.91,mnist-checkpoints/cnn2_c16_c32_L[16]_strict_seed44_ablation_wd_l16_cnn2_c16_c32.pth,noise3_exp/cnn_strict_seed_three_regs_noise_sweep_rate_uniform_L16_T16/cnn2_c16_c32/weight_decay/seed_44/noise_sweep_matrix_mnist_cnn2_c16_c32_T16_mode_rate_uniform_schedule_normal_seed_44.csv
cnn2_c16_c32,16,32,c16c32,weight_decay,44,16,16,rate_uniform,1.0,84.25,mnist-checkpoints/cnn2_c16_c32_L[16]_strict_seed44_ablation_wd_l16_cnn2_c16_c32.pth,noise3_exp/cnn_strict_seed_three_regs_noise_sweep_rate_uniform_L16_T16/cnn2_c16_c32/weight_decay/seed_44/noise_sweep_matrix_mnist_cnn2_c16_c32_T16_mode_rate_uniform_schedule_normal_seed_44.csv
cnn2_c16_c32,16,32,c16c32,no_regularization,40,16,16,rate_uniform,0.0,99.03,mnist-checkpoints/cnn2_c16_c32_L[16]_strict_seed40_ablation_none_l16_cnn2_c16_c32.pth,noise3_exp/cnn_strict_seed_three_regs_noise_sweep_rate_uniform_L16_T16/cnn2_c16_c32/no_regularization/seed_40/noise_sweep_matrix_mnist_cnn2_c16_c32_T16_mode_rate_uniform_schedule_normal_seed_40.csv
cnn2_c16_c32,16,32,c16c32,no_regularization,40,16,16,rate_uniform,0.05,99.0,mnist-checkpoints/cnn2_c16_c32_L[16]_strict_seed40_ablation_none_l16_cnn2_c16_c32.pth,noise3_exp/cnn_strict_seed_three_regs_noise_sweep_rate_uniform_L16_T16/cnn2_c16_c32/no_regularization/seed_40/noise_sweep_matrix_mnist_cnn2_c16_c32_T16_mode_rate_uniform_schedule_normal_seed_40.csv
cnn2_c16_c32,16,32,c16c32,no_regularization,40,16,16,rate_uniform,0.1,99.01,mnist-checkpoints/cnn2_c16_c32_L[16]_strict_seed40_ablation_none_l16_cnn2_c16_c32.pth,noise3_exp/cnn_strict_seed_three_regs_noise_sweep_rate_uniform_L16_T16/cnn2_c16_c32/no_regularization/seed_40/noise_sweep_matrix_mnist_cnn2_c16_c32_T16_mode_rate_uniform_schedule_normal_seed_40.csv
cnn2_c16_c32,16,32,c16c32,no_regularization,40,16,16,rate_uniform,0.15,99.05,mnist-checkpoints/cnn2_c16_c32_L[16]_strict_seed40_ablation_none_l16_cnn2_c16_c32.pth,noise3_exp/cnn_strict_seed_three_regs_noise_sweep_rate_uniform_L16_T16/cnn2_c16_c32/no_regularization/seed_40/noise_sweep_matrix_mnist_cnn2_c16_c32_T16_mode_rate_uniform_schedule_normal_seed_40.csv
cnn2_c16_c32,16,32,c16c32,no_regularization,40,16,16,rate_uniform,0.2,99.0,mnist-checkpoints/cnn2_c16_c32_L[16]_strict_seed40_ablation_none_l16_cnn2_c16_c32.pth,noise3_exp/cnn_strict_seed_three_regs_noise_sweep_rate_uniform_L16_T16/cnn2_c16_c32/no_regularization/seed_40/noise_sweep_matrix_mnist_cnn2_c16_c32_T16_mode_rate_uniform_schedule_normal_seed_40.csv
cnn2_c16_c32,16,32,c16c32,no_regularization,40,16,16,rate_uniform,0.25,98.95,mnist-checkpoints/cnn2_c16_c32_L[16]_strict_seed40_ablation_none_l16_cnn2_c16_c32.pth,noise3_exp/cnn_strict_seed_three_regs_noise_sweep_rate_uniform_L16_T16/cnn2_c16_c32/no_regularization/seed_40/noise_sweep_matrix_mnist_cnn2_c16_c32_T16_mode_rate_uniform_schedule_normal_seed_40.csv
cnn2_c16_c32,16,32,c16c32,no_regularization,40,16,16,rate_uniform,0.3,98.86,mnist-checkpoints/cnn2_c16_c32_L[16]_strict_seed40_ablation_none_l16_cnn2_c16_c32.pth,noise3_exp/cnn_strict_seed_three_regs_noise_sweep_rate_uniform_L16_T16/cnn2_c16_c32/no_regularization/seed_40/noise_sweep_matrix_mnist_cnn2_c16_c32_T16_mode_rate_uniform_schedule_normal_seed_40.csv
cnn2_c16_c32,16,32,c16c32,no_regularization,40,16,16,rate_uniform,0.35,98.84,mnist-checkpoints/cnn2_c16_c32_L[16]_strict_seed40_ablation_none_l16_cnn2_c16_c32.pth,noise3_exp/cnn_strict_seed_three_regs_noise_sweep_rate_uniform_L16_T16/cnn2_c16_c32/no_regularization/seed_40/noise_sweep_matrix_mnist_cnn2_c16_c32_T16_mode_rate_uniform_schedule_normal_seed_40.csv
cnn2_c16_c32,16,32,c16c32,no_regularization,40,16,16,rate_uniform,0.4,98.65,mnist-checkpoints/cnn2_c16_c32_L[16]_strict_seed40_ablation_none_l16_cnn2_c16_c32.pth,noise3_exp/cnn_strict_seed_three_regs_noise_sweep_rate_uniform_L16_T16/cnn2_c16_c32/no_regularization/seed_40/noise_sweep_matrix_mnist_cnn2_c16_c32_T16_mode_rate_uniform_schedule_normal_seed_40.csv
cnn2_c16_c32,16,32,c16c32,no_regularization,40,16,16,rate_uniform,0.45,98.6,mnist-checkpoints/cnn2_c16_c32_L[16]_strict_seed40_ablation_none_l16_cnn2_c16_c32.pth,noise3_exp/cnn_strict_seed_three_regs_noise_sweep_rate_uniform_L16_T16/cnn2_c16_c32/no_regularization/seed_40/noise_sweep_matrix_mnist_cnn2_c16_c32_T16_mode_rate_uniform_schedule_normal_seed_40.csv
cnn2_c16_c32,16,32,c16c32,no_regularization,40,16,16,rate_uniform,0.5,98.35,mnist-checkpoints/cnn2_c16_c32_L[16]_strict_seed40_ablation_none_l16_cnn2_c16_c32.pth,noise3_exp/cnn_strict_seed_three_regs_noise_sweep_rate_uniform_L16_T16/cnn2_c16_c32/no_regularization/seed_40/noise_sweep_matrix_mnist_cnn2_c16_c32_T16_mode_rate_uniform_schedule_normal_seed_40.csv
cnn2_c16_c32,16,32,c16c32,no_regularization,40,16,16,rate_uniform,0.55,98.08,mnist-checkpoints/cnn2_c16_c32_L[16]_strict_seed40_ablation_none_l16_cnn2_c16_c32.pth,noise3_exp/cnn_strict_seed_three_regs_noise_sweep_rate_uniform_L16_T16/cnn2_c16_c32/no_regularization/seed_40/noise_sweep_matrix_mnist_cnn2_c16_c32_T16_mode_rate_uniform_schedule_normal_seed_40.csv
cnn2_c16_c32,16,32,c16c32,no_regularization,40,16,16,rate_uniform,0.6,97.92,mnist-checkpoints/cnn2_c16_c32_L[16]_strict_seed40_ablation_none_l16_cnn2_c16_c32.pth,noise3_exp/cnn_strict_seed_three_regs_noise_sweep_rate_uniform_L16_T16/cnn2_c16_c32/no_regularization/seed_40/noise_sweep_matrix_mnist_cnn2_c16_c32_T16_mode_rate_uniform_schedule_normal_seed_40.csv
cnn2_c16_c32,16,32,c16c32,no_regularization,40,16,16,rate_uniform,0.65,97.49,mnist-checkpoints/cnn2_c16_c32_L[16]_strict_seed40_ablation_none_l16_cnn2_c16_c32.pth,noise3_exp/cnn_strict_seed_three_regs_noise_sweep_rate_uniform_L16_T16/cnn2_c16_c32/no_regularization/seed_40/noise_sweep_matrix_mnist_cnn2_c16_c32_T16_mode_rate_uniform_schedule_normal_seed_40.csv
cnn2_c16_c32,16,32,c16c32,no_regularization,40,16,16,rate_uniform,0.7,97.33,mnist-checkpoints/cnn2_c16_c32_L[16]_strict_seed40_ablation_none_l16_cnn2_c16_c32.pth,noise3_exp/cnn_strict_seed_three_regs_noise_sweep_rate_uniform_L16_T16/cnn2_c16_c32/no_regularization/seed_40/noise_sweep_matrix_mnist_cnn2_c16_c32_T16_mode_rate_uniform_schedule_normal_seed_40.csv
cnn2_c16_c32,16,32,c16c32,no_regularization,40,16,16,rate_uniform,0.75,97.11,mnist-checkpoints/cnn2_c16_c32_L[16]_strict_seed40_ablation_none_l16_cnn2_c16_c32.pth,noise3_exp/cnn_strict_seed_three_regs_noise_sweep_rate_uniform_L16_T16/cnn2_c16_c32/no_regularization/seed_40/noise_sweep_matrix_mnist_cnn2_c16_c32_T16_mode_rate_uniform_schedule_normal_seed_40.csv
cnn2_c16_c32,16,32,c16c32,no_regularization,40,16,16,rate_uniform,0.8,96.68,mnist-checkpoints/cnn2_c16_c32_L[16]_strict_seed40_ablation_none_l16_cnn2_c16_c32.pth,noise3_exp/cnn_strict_seed_three_regs_noise_sweep_rate_uniform_L16_T16/cnn2_c16_c32/no_regularization/seed_40/noise_sweep_matrix_mnist_cnn2_c16_c32_T16_mode_rate_uniform_schedule_normal_seed_40.csv
cnn2_c16_c32,16,32,c16c32,no_regularization,40,16,16,rate_uniform,0.85,96.17,mnist-checkpoints/cnn2_c16_c32_L[16]_strict_seed40_ablation_none_l16_cnn2_c16_c32.pth,noise3_exp/cnn_strict_seed_three_regs_noise_sweep_rate_uniform_L16_T16/cnn2_c16_c32/no_regularization/seed_40/noise_sweep_matrix_mnist_cnn2_c16_c32_T16_mode_rate_uniform_schedule_normal_seed_40.csv
cnn2_c16_c32,16,32,c16c32,no_regularization,40,16,16,rate_uniform,0.9,95.82,mnist-checkpoints/cnn2_c16_c32_L[16]_strict_seed40_ablation_none_l16_cnn2_c16_c32.pth,noise3_exp/cnn_strict_seed_three_regs_noise_sweep_rate_uniform_L16_T16/cnn2_c16_c32/no_regularization/seed_40/noise_sweep_matrix_mnist_cnn2_c16_c32_T16_mode_rate_uniform_schedule_normal_seed_40.csv
cnn2_c16_c32,16,32,c16c32,no_regularization,40,16,16,rate_uniform,0.95,95.61,mnist-checkpoints/cnn2_c16_c32_L[16]_strict_seed40_ablation_none_l16_cnn2_c16_c32.pth,noise3_exp/cnn_strict_seed_three_regs_noise_sweep_rate_uniform_L16_T16/cnn2_c16_c32/no_regularization/seed_40/noise_sweep_matrix_mnist_cnn2_c16_c32_T16_mode_rate_uniform_schedule_normal_seed_40.csv
cnn2_c16_c32,16,32,c16c32,no_regularization,40,16,16,rate_uniform,1.0,95.22,mnist-checkpoints/cnn2_c16_c32_L[16]_strict_seed40_ablation_none_l16_cnn2_c16_c32.pth,noise3_exp/cnn_strict_seed_three_regs_noise_sweep_rate_uniform_L16_T16/cnn2_c16_c32/no_regularization/seed_40/noise_sweep_matrix_mnist_cnn2_c16_c32_T16_mode_rate_uniform_schedule_normal_seed_40.csv
cnn2_c16_c32,16,32,c16c32,no_regularization,41,16,16,rate_uniform,0.0,99.05,mnist-checkpoints/cnn2_c16_c32_L[16]_strict_seed41_ablation_none_l16_cnn2_c16_c32.pth,noise3_exp/cnn_strict_seed_three_regs_noise_sweep_rate_uniform_L16_T16/cnn2_c16_c32/no_regularization/seed_41/noise_sweep_matrix_mnist_cnn2_c16_c32_T16_mode_rate_uniform_schedule_normal_seed_41.csv
cnn2_c16_c32,16,32,c16c32,no_regularization,41,16,16,rate_uniform,0.05,98.75,mnist-checkpoints/cnn2_c16_c32_L[16]_strict_seed41_ablation_none_l16_cnn2_c16_c32.pth,noise3_exp/cnn_strict_seed_three_regs_noise_sweep_rate_uniform_L16_T16/cnn2_c16_c32/no_regularization/seed_41/noise_sweep_matrix_mnist_cnn2_c16_c32_T16_mode_rate_uniform_schedule_normal_seed_41.csv
cnn2_c16_c32,16,32,c16c32,no_regularization,41,16,16,rate_uniform,0.1,98.62,mnist-checkpoints/cnn2_c16_c32_L[16]_strict_seed41_ablation_none_l16_cnn2_c16_c32.pth,noise3_exp/cnn_strict_seed_three_regs_noise_sweep_rate_uniform_L16_T16/cnn2_c16_c32/no_regularization/seed_41/noise_sweep_matrix_mnist_cnn2_c16_c32_T16_mode_rate_uniform_schedule_normal_seed_41.csv
cnn2_c16_c32,16,32,c16c32,no_regularization,41,16,16,rate_uniform,0.15,98.65,mnist-checkpoints/cnn2_c16_c32_L[16]_strict_seed41_ablation_none_l16_cnn2_c16_c32.pth,noise3_exp/cnn_strict_seed_three_regs_noise_sweep_rate_uniform_L16_T16/cnn2_c16_c32/no_regularization/seed_41/noise_sweep_matrix_mnist_cnn2_c16_c32_T16_mode_rate_uniform_schedule_normal_seed_41.csv
cnn2_c16_c32,16,32,c16c32,no_regularization,41,16,16,rate_uniform,0.2,98.45,mnist-checkpoints/cnn2_c16_c32_L[16]_strict_seed41_ablation_none_l16_cnn2_c16_c32.pth,noise3_exp/cnn_strict_seed_three_regs_noise_sweep_rate_uniform_L16_T16/cnn2_c16_c32/no_regularization/seed_41/noise_sweep_matrix_mnist_cnn2_c16_c32_T16_mode_rate_uniform_schedule_normal_seed_41.csv
cnn2_c16_c32,16,32,c16c32,no_regularization,41,16,16,rate_uniform,0.25,98.16,mnist-checkpoints/cnn2_c16_c32_L[16]_strict_seed41_ablation_none_l16_cnn2_c16_c32.pth,noise3_exp/cnn_strict_seed_three_regs_noise_sweep_rate_uniform_L16_T16/cnn2_c16_c32/no_regularization/seed_41/noise_sweep_matrix_mnist_cnn2_c16_c32_T16_mode_rate_uniform_schedule_normal_seed_41.csv
cnn2_c16_c32,16,32,c16c32,no_regularization,41,16,16,rate_uniform,0.3,98.04,mnist-checkpoints/cnn2_c16_c32_L[16]_strict_seed41_ablation_none_l16_cnn2_c16_c32.pth,noise3_exp/cnn_strict_seed_three_regs_noise_sweep_rate_uniform_L16_T16/cnn2_c16_c32/no_regularization/seed_41/noise_sweep_matrix_mnist_cnn2_c16_c32_T16_mode_rate_uniform_schedule_normal_seed_41.csv
cnn2_c16_c32,16,32,c16c32,no_regularization,41,16,16,rate_uniform,0.35,97.66,mnist-checkpoints/cnn2_c16_c32_L[16]_strict_seed41_ablation_none_l16_cnn2_c16_c32.pth,noise3_exp/cnn_strict_seed_three_regs_noise_sweep_rate_uniform_L16_T16/cnn2_c16_c32/no_regularization/seed_41/noise_sweep_matrix_mnist_cnn2_c16_c32_T16_mode_rate_uniform_schedule_normal_seed_41.csv
cnn2_c16_c32,16,32,c16c32,no_regularization,41,16,16,rate_uniform,0.4,97.47,mnist-checkpoints/cnn2_c16_c32_L[16]_strict_seed41_ablation_none_l16_cnn2_c16_c32.pth,noise3_exp/cnn_strict_seed_three_regs_noise_sweep_rate_uniform_L16_T16/cnn2_c16_c32/no_regularization/seed_41/noise_sweep_matrix_mnist_cnn2_c16_c32_T16_mode_rate_uniform_schedule_normal_seed_41.csv
cnn2_c16_c32,16,32,c16c32,no_regularization,41,16,16,rate_uniform,0.45,97.31,mnist-checkpoints/cnn2_c16_c32_L[16]_strict_seed41_ablation_none_l16_cnn2_c16_c32.pth,noise3_exp/cnn_strict_seed_three_regs_noise_sweep_rate_uniform_L16_T16/cnn2_c16_c32/no_regularization/seed_41/noise_sweep_matrix_mnist_cnn2_c16_c32_T16_mode_rate_uniform_schedule_normal_seed_41.csv
cnn2_c16_c32,16,32,c16c32,no_regularization,41,16,16,rate_uniform,0.5,97.02,mnist-checkpoints/cnn2_c16_c32_L[16]_strict_seed41_ablation_none_l16_cnn2_c16_c32.pth,noise3_exp/cnn_strict_seed_three_regs_noise_sweep_rate_uniform_L16_T16/cnn2_c16_c32/no_regularization/seed_41/noise_sweep_matrix_mnist_cnn2_c16_c32_T16_mode_rate_uniform_schedule_normal_seed_41.csv
cnn2_c16_c32,16,32,c16c32,no_regularization,41,16,16,rate_uniform,0.55,96.38,mnist-checkpoints/cnn2_c16_c32_L[16]_strict_seed41_ablation_none_l16_cnn2_c16_c32.pth,noise3_exp/cnn_strict_seed_three_regs_noise_sweep_rate_uniform_L16_T16/cnn2_c16_c32/no_regularization/seed_41/noise_sweep_matrix_mnist_cnn2_c16_c32_T16_mode_rate_uniform_schedule_normal_seed_41.csv
cnn2_c16_c32,16,32,c16c32,no_regularization,41,16,16,rate_uniform,0.6,96.16,mnist-checkpoints/cnn2_c16_c32_L[16]_strict_seed41_ablation_none_l16_cnn2_c16_c32.pth,noise3_exp/cnn_strict_seed_three_regs_noise_sweep_rate_uniform_L16_T16/cnn2_c16_c32/no_regularization/seed_41/noise_sweep_matrix_mnist_cnn2_c16_c32_T16_mode_rate_uniform_schedule_normal_seed_41.csv
cnn2_c16_c32,16,32,c16c32,no_regularization,41,16,16,rate_uniform,0.65,95.84,mnist-checkpoints/cnn2_c16_c32_L[16]_strict_seed41_ablation_none_l16_cnn2_c16_c32.pth,noise3_exp/cnn_strict_seed_three_regs_noise_sweep_rate_uniform_L16_T16/cnn2_c16_c32/no_regularization/seed_41/noise_sweep_matrix_mnist_cnn2_c16_c32_T16_mode_rate_uniform_schedule_normal_seed_41.csv
cnn2_c16_c32,16,32,c16c32,no_regularization,41,16,16,rate_uniform,0.7,95.38,mnist-checkpoints/cnn2_c16_c32_L[16]_strict_seed41_ablation_none_l16_cnn2_c16_c32.pth,noise3_exp/cnn_strict_seed_three_regs_noise_sweep_rate_uniform_L16_T16/cnn2_c16_c32/no_regularization/seed_41/noise_sweep_matrix_mnist_cnn2_c16_c32_T16_mode_rate_uniform_schedule_normal_seed_41.csv
cnn2_c16_c32,16,32,c16c32,no_regularization,41,16,16,rate_uniform,0.75,95.15,mnist-checkpoints/cnn2_c16_c32_L[16]_strict_seed41_ablation_none_l16_cnn2_c16_c32.pth,noise3_exp/cnn_strict_seed_three_regs_noise_sweep_rate_uniform_L16_T16/cnn2_c16_c32/no_regularization/seed_41/noise_sweep_matrix_mnist_cnn2_c16_c32_T16_mode_rate_uniform_schedule_normal_seed_41.csv
cnn2_c16_c32,16,32,c16c32,no_regularization,41,16,16,rate_uniform,0.8,94.54,mnist-checkpoints/cnn2_c16_c32_L[16]_strict_seed41_ablation_none_l16_cnn2_c16_c32.pth,noise3_exp/cnn_strict_seed_three_regs_noise_sweep_rate_uniform_L16_T16/cnn2_c16_c32/no_regularization/seed_41/noise_sweep_matrix_mnist_cnn2_c16_c32_T16_mode_rate_uniform_schedule_normal_seed_41.csv
cnn2_c16_c32,16,32,c16c32,no_regularization,41,16,16,rate_uniform,0.85,94.15,mnist-checkpoints/cnn2_c16_c32_L[16]_strict_seed41_ablation_none_l16_cnn2_c16_c32.pth,noise3_exp/cnn_strict_seed_three_regs_noise_sweep_rate_uniform_L16_T16/cnn2_c16_c32/no_regularization/seed_41/noise_sweep_matrix_mnist_cnn2_c16_c32_T16_mode_rate_uniform_schedule_normal_seed_41.csv
cnn2_c16_c32,16,32,c16c32,no_regularization,41,16,16,rate_uniform,0.9,93.56,mnist-checkpoints/cnn2_c16_c32_L[16]_strict_seed41_ablation_none_l16_cnn2_c16_c32.pth,noise3_exp/cnn_strict_seed_three_regs_noise_sweep_rate_uniform_L16_T16/cnn2_c16_c32/no_regularization/seed_41/noise_sweep_matrix_mnist_cnn2_c16_c32_T16_mode_rate_uniform_schedule_normal_seed_41.csv
cnn2_c16_c32,16,32,c16c32,no_regularization,41,16,16,rate_uniform,0.95,93.0,mnist-checkpoints/cnn2_c16_c32_L[16]_strict_seed41_ablation_none_l16_cnn2_c16_c32.pth,noise3_exp/cnn_strict_seed_three_regs_noise_sweep_rate_uniform_L16_T16/cnn2_c16_c32/no_regularization/seed_41/noise_sweep_matrix_mnist_cnn2_c16_c32_T16_mode_rate_uniform_schedule_normal_seed_41.csv
cnn2_c16_c32,16,32,c16c32,no_regularization,41,16,16,rate_uniform,1.0,92.47,mnist-checkpoints/cnn2_c16_c32_L[16]_strict_seed41_ablation_none_l16_cnn2_c16_c32.pth,noise3_exp/cnn_strict_seed_three_regs_noise_sweep_rate_uniform_L16_T16/cnn2_c16_c32/no_regularization/seed_41/noise_sweep_matrix_mnist_cnn2_c16_c32_T16_mode_rate_uniform_schedule_normal_seed_41.csv
cnn2_c16_c32,16,32,c16c32,no_regularization,42,16,16,rate_uniform,0.0,99.11,mnist-checkpoints/cnn2_c16_c32_L[16]_strict_seed42_ablation_none_l16_cnn2_c16_c32.pth,noise3_exp/cnn_strict_seed_three_regs_noise_sweep_rate_uniform_L16_T16/cnn2_c16_c32/no_regularization/seed_42/noise_sweep_matrix_mnist_cnn2_c16_c32_T16_mode_rate_uniform_schedule_normal_seed_42.csv
cnn2_c16_c32,16,32,c16c32,no_regularization,42,16,16,rate_uniform,0.05,98.85,mnist-checkpoints/cnn2_c16_c32_L[16]_strict_seed42_ablation_none_l16_cnn2_c16_c32.pth,noise3_exp/cnn_strict_seed_three_regs_noise_sweep_rate_uniform_L16_T16/cnn2_c16_c32/no_regularization/seed_42/noise_sweep_matrix_mnist_cnn2_c16_c32_T16_mode_rate_uniform_schedule_normal_seed_42.csv
cnn2_c16_c32,16,32,c16c32,no_regularization,42,16,16,rate_uniform,0.1,98.63,mnist-checkpoints/cnn2_c16_c32_L[16]_strict_seed42_ablation_none_l16_cnn2_c16_c32.pth,noise3_exp/cnn_strict_seed_three_regs_noise_sweep_rate_uniform_L16_T16/cnn2_c16_c32/no_regularization/seed_42/noise_sweep_matrix_mnist_cnn2_c16_c32_T16_mode_rate_uniform_schedule_normal_seed_42.csv
cnn2_c16_c32,16,32,c16c32,no_regularization,42,16,16,rate_uniform,0.15,98.48,mnist-checkpoints/cnn2_c16_c32_L[16]_strict_seed42_ablation_none_l16_cnn2_c16_c32.pth,noise3_exp/cnn_strict_seed_three_regs_noise_sweep_rate_uniform_L16_T16/cnn2_c16_c32/no_regularization/seed_42/noise_sweep_matrix_mnist_cnn2_c16_c32_T16_mode_rate_uniform_schedule_normal_seed_42.csv
cnn2_c16_c32,16,32,c16c32,no_regularization,42,16,16,rate_uniform,0.2,98.34,mnist-checkpoints/cnn2_c16_c32_L[16]_strict_seed42_ablation_none_l16_cnn2_c16_c32.pth,noise3_exp/cnn_strict_seed_three_regs_noise_sweep_rate_uniform_L16_T16/cnn2_c16_c32/no_regularization/seed_42/noise_sweep_matrix_mnist_cnn2_c16_c32_T16_mode_rate_uniform_schedule_normal_seed_42.csv
cnn2_c16_c32,16,32,c16c32,no_regularization,42,16,16,rate_uniform,0.25,98.09,mnist-checkpoints/cnn2_c16_c32_L[16]_strict_seed42_ablation_none_l16_cnn2_c16_c32.pth,noise3_exp/cnn_strict_seed_three_regs_noise_sweep_rate_uniform_L16_T16/cnn2_c16_c32/no_regularization/seed_42/noise_sweep_matrix_mnist_cnn2_c16_c32_T16_mode_rate_uniform_schedule_normal_seed_42.csv
cnn2_c16_c32,16,32,c16c32,no_regularization,42,16,16,rate_uniform,0.3,97.93,mnist-checkpoints/cnn2_c16_c32_L[16]_strict_seed42_ablation_none_l16_cnn2_c16_c32.pth,noise3_exp/cnn_strict_seed_three_regs_noise_sweep_rate_uniform_L16_T16/cnn2_c16_c32/no_regularization/seed_42/noise_sweep_matrix_mnist_cnn2_c16_c32_T16_mode_rate_uniform_schedule_normal_seed_42.csv
cnn2_c16_c32,16,32,c16c32,no_regularization,42,16,16,rate_uniform,0.35,97.41,mnist-checkpoints/cnn2_c16_c32_L[16]_strict_seed42_ablation_none_l16_cnn2_c16_c32.pth,noise3_exp/cnn_strict_seed_three_regs_noise_sweep_rate_uniform_L16_T16/cnn2_c16_c32/no_regularization/seed_42/noise_sweep_matrix_mnist_cnn2_c16_c32_T16_mode_rate_uniform_schedule_normal_seed_42.csv
cnn2_c16_c32,16,32,c16c32,no_regularization,42,16,16,rate_uniform,0.4,96.96,mnist-checkpoints/cnn2_c16_c32_L[16]_strict_seed42_ablation_none_l16_cnn2_c16_c32.pth,noise3_exp/cnn_strict_seed_three_regs_noise_sweep_rate_uniform_L16_T16/cnn2_c16_c32/no_regularization/seed_42/noise_sweep_matrix_mnist_cnn2_c16_c32_T16_mode_rate_uniform_schedule_normal_seed_42.csv
cnn2_c16_c32,16,32,c16c32,no_regularization,42,16,16,rate_uniform,0.45,96.73,mnist-checkpoints/cnn2_c16_c32_L[16]_strict_seed42_ablation_none_l16_cnn2_c16_c32.pth,noise3_exp/cnn_strict_seed_three_regs_noise_sweep_rate_uniform_L16_T16/cnn2_c16_c32/no_regularization/seed_42/noise_sweep_matrix_mnist_cnn2_c16_c32_T16_mode_rate_uniform_schedule_normal_seed_42.csv
cnn2_c16_c32,16,32,c16c32,no_regularization,42,16,16,rate_uniform,0.5,96.23,mnist-checkpoints/cnn2_c16_c32_L[16]_strict_seed42_ablation_none_l16_cnn2_c16_c32.pth,noise3_exp/cnn_strict_seed_three_regs_noise_sweep_rate_uniform_L16_T16/cnn2_c16_c32/no_regularization/seed_42/noise_sweep_matrix_mnist_cnn2_c16_c32_T16_mode_rate_uniform_schedule_normal_seed_42.csv
cnn2_c16_c32,16,32,c16c32,no_regularization,42,16,16,rate_uniform,0.55,95.85,mnist-checkpoints/cnn2_c16_c32_L[16]_strict_seed42_ablation_none_l16_cnn2_c16_c32.pth,noise3_exp/cnn_strict_seed_three_regs_noise_sweep_rate_uniform_L16_T16/cnn2_c16_c32/no_regularization/seed_42/noise_sweep_matrix_mnist_cnn2_c16_c32_T16_mode_rate_uniform_schedule_normal_seed_42.csv
cnn2_c16_c32,16,32,c16c32,no_regularization,42,16,16,rate_uniform,0.6,95.54,mnist-checkpoints/cnn2_c16_c32_L[16]_strict_seed42_ablation_none_l16_cnn2_c16_c32.pth,noise3_exp/cnn_strict_seed_three_regs_noise_sweep_rate_uniform_L16_T16/cnn2_c16_c32/no_regularization/seed_42/noise_sweep_matrix_mnist_cnn2_c16_c32_T16_mode_rate_uniform_schedule_normal_seed_42.csv
cnn2_c16_c32,16,32,c16c32,no_regularization,42,16,16,rate_uniform,0.65,95.14,mnist-checkpoints/cnn2_c16_c32_L[16]_strict_seed42_ablation_none_l16_cnn2_c16_c32.pth,noise3_exp/cnn_strict_seed_three_regs_noise_sweep_rate_uniform_L16_T16/cnn2_c16_c32/no_regularization/seed_42/noise_sweep_matrix_mnist_cnn2_c16_c32_T16_mode_rate_uniform_schedule_normal_seed_42.csv
cnn2_c16_c32,16,32,c16c32,no_regularization,42,16,16,rate_uniform,0.7,94.63,mnist-checkpoints/cnn2_c16_c32_L[16]_strict_seed42_ablation_none_l16_cnn2_c16_c32.pth,noise3_exp/cnn_strict_seed_three_regs_noise_sweep_rate_uniform_L16_T16/cnn2_c16_c32/no_regularization/seed_42/noise_sweep_matrix_mnist_cnn2_c16_c32_T16_mode_rate_uniform_schedule_normal_seed_42.csv
cnn2_c16_c32,16,32,c16c32,no_regularization,42,16,16,rate_uniform,0.75,94.39,mnist-checkpoints/cnn2_c16_c32_L[16]_strict_seed42_ablation_none_l16_cnn2_c16_c32.pth,noise3_exp/cnn_strict_seed_three_regs_noise_sweep_rate_uniform_L16_T16/cnn2_c16_c32/no_regularization/seed_42/noise_sweep_matrix_mnist_cnn2_c16_c32_T16_mode_rate_uniform_schedule_normal_seed_42.csv
cnn2_c16_c32,16,32,c16c32,no_regularization,42,16,16,rate_uniform,0.8,93.94,mnist-checkpoints/cnn2_c16_c32_L[16]_strict_seed42_ablation_none_l16_cnn2_c16_c32.pth,noise3_exp/cnn_strict_seed_three_regs_noise_sweep_rate_uniform_L16_T16/cnn2_c16_c32/no_regularization/seed_42/noise_sweep_matrix_mnist_cnn2_c16_c32_T16_mode_rate_uniform_schedule_normal_seed_42.csv
cnn2_c16_c32,16,32,c16c32,no_regularization,42,16,16,rate_uniform,0.85,93.44,mnist-checkpoints/cnn2_c16_c32_L[16]_strict_seed42_ablation_none_l16_cnn2_c16_c32.pth,noise3_exp/cnn_strict_seed_three_regs_noise_sweep_rate_uniform_L16_T16/cnn2_c16_c32/no_regularization/seed_42/noise_sweep_matrix_mnist_cnn2_c16_c32_T16_mode_rate_uniform_schedule_normal_seed_42.csv
cnn2_c16_c32,16,32,c16c32,no_regularization,42,16,16,rate_uniform,0.9,93.32,mnist-checkpoints/cnn2_c16_c32_L[16]_strict_seed42_ablation_none_l16_cnn2_c16_c32.pth,noise3_exp/cnn_strict_seed_three_regs_noise_sweep_rate_uniform_L16_T16/cnn2_c16_c32/no_regularization/seed_42/noise_sweep_matrix_mnist_cnn2_c16_c32_T16_mode_rate_uniform_schedule_normal_seed_42.csv
cnn2_c16_c32,16,32,c16c32,no_regularization,42,16,16,rate_uniform,0.95,92.51,mnist-checkpoints/cnn2_c16_c32_L[16]_strict_seed42_ablation_none_l16_cnn2_c16_c32.pth,noise3_exp/cnn_strict_seed_three_regs_noise_sweep_rate_uniform_L16_T16/cnn2_c16_c32/no_regularization/seed_42/noise_sweep_matrix_mnist_cnn2_c16_c32_T16_mode_rate_uniform_schedule_normal_seed_42.csv
cnn2_c16_c32,16,32,c16c32,no_regularization,42,16,16,rate_uniform,1.0,91.94,mnist-checkpoints/cnn2_c16_c32_L[16]_strict_seed42_ablation_none_l16_cnn2_c16_c32.pth,noise3_exp/cnn_strict_seed_three_regs_noise_sweep_rate_uniform_L16_T16/cnn2_c16_c32/no_regularization/seed_42/noise_sweep_matrix_mnist_cnn2_c16_c32_T16_mode_rate_uniform_schedule_normal_seed_42.csv
cnn2_c16_c32,16,32,c16c32,no_regularization,43,16,16,rate_uniform,0.0,99.01,mnist-checkpoints/cnn2_c16_c32_L[16]_strict_seed43_ablation_none_l16_cnn2_c16_c32.pth,noise3_exp/cnn_strict_seed_three_regs_noise_sweep_rate_uniform_L16_T16/cnn2_c16_c32/no_regularization/seed_43/noise_sweep_matrix_mnist_cnn2_c16_c32_T16_mode_rate_uniform_schedule_normal_seed_43.csv
cnn2_c16_c32,16,32,c16c32,no_regularization,43,16,16,rate_uniform,0.05,98.91,mnist-checkpoints/cnn2_c16_c32_L[16]_strict_seed43_ablation_none_l16_cnn2_c16_c32.pth,noise3_exp/cnn_strict_seed_three_regs_noise_sweep_rate_uniform_L16_T16/cnn2_c16_c32/no_regularization/seed_43/noise_sweep_matrix_mnist_cnn2_c16_c32_T16_mode_rate_uniform_schedule_normal_seed_43.csv
cnn2_c16_c32,16,32,c16c32,no_regularization,43,16,16,rate_uniform,0.1,98.87,mnist-checkpoints/cnn2_c16_c32_L[16]_strict_seed43_ablation_none_l16_cnn2_c16_c32.pth,noise3_exp/cnn_strict_seed_three_regs_noise_sweep_rate_uniform_L16_T16/cnn2_c16_c32/no_regularization/seed_43/noise_sweep_matrix_mnist_cnn2_c16_c32_T16_mode_rate_uniform_schedule_normal_seed_43.csv
cnn2_c16_c32,16,32,c16c32,no_regularization,43,16,16,rate_uniform,0.15,98.8,mnist-checkpoints/cnn2_c16_c32_L[16]_strict_seed43_ablation_none_l16_cnn2_c16_c32.pth,noise3_exp/cnn_strict_seed_three_regs_noise_sweep_rate_uniform_L16_T16/cnn2_c16_c32/no_regularization/seed_43/noise_sweep_matrix_mnist_cnn2_c16_c32_T16_mode_rate_uniform_schedule_normal_seed_43.csv
cnn2_c16_c32,16,32,c16c32,no_regularization,43,16,16,rate_uniform,0.2,98.76,mnist-checkpoints/cnn2_c16_c32_L[16]_strict_seed43_ablation_none_l16_cnn2_c16_c32.pth,noise3_exp/cnn_strict_seed_three_regs_noise_sweep_rate_uniform_L16_T16/cnn2_c16_c32/no_regularization/seed_43/noise_sweep_matrix_mnist_cnn2_c16_c32_T16_mode_rate_uniform_schedule_normal_seed_43.csv
cnn2_c16_c32,16,32,c16c32,no_regularization,43,16,16,rate_uniform,0.25,98.59,mnist-checkpoints/cnn2_c16_c32_L[16]_strict_seed43_ablation_none_l16_cnn2_c16_c32.pth,noise3_exp/cnn_strict_seed_three_regs_noise_sweep_rate_uniform_L16_T16/cnn2_c16_c32/no_regularization/seed_43/noise_sweep_matrix_mnist_cnn2_c16_c32_T16_mode_rate_uniform_schedule_normal_seed_43.csv
cnn2_c16_c32,16,32,c16c32,no_regularization,43,16,16,rate_uniform,0.3,98.32,mnist-checkpoints/cnn2_c16_c32_L[16]_strict_seed43_ablation_none_l16_cnn2_c16_c32.pth,noise3_exp/cnn_strict_seed_three_regs_noise_sweep_rate_uniform_L16_T16/cnn2_c16_c32/no_regularization/seed_43/noise_sweep_matrix_mnist_cnn2_c16_c32_T16_mode_rate_uniform_schedule_normal_seed_43.csv
cnn2_c16_c32,16,32,c16c32,no_regularization,43,16,16,rate_uniform,0.35,98.13,mnist-checkpoints/cnn2_c16_c32_L[16]_strict_seed43_ablation_none_l16_cnn2_c16_c32.pth,noise3_exp/cnn_strict_seed_three_regs_noise_sweep_rate_uniform_L16_T16/cnn2_c16_c32/no_regularization/seed_43/noise_sweep_matrix_mnist_cnn2_c16_c32_T16_mode_rate_uniform_schedule_normal_seed_43.csv
cnn2_c16_c32,16,32,c16c32,no_regularization,43,16,16,rate_uniform,0.4,97.94,mnist-checkpoints/cnn2_c16_c32_L[16]_strict_seed43_ablation_none_l16_cnn2_c16_c32.pth,noise3_exp/cnn_strict_seed_three_regs_noise_sweep_rate_uniform_L16_T16/cnn2_c16_c32/no_regularization/seed_43/noise_sweep_matrix_mnist_cnn2_c16_c32_T16_mode_rate_uniform_schedule_normal_seed_43.csv
cnn2_c16_c32,16,32,c16c32,no_regularization,43,16,16,rate_uniform,0.45,97.52,mnist-checkpoints/cnn2_c16_c32_L[16]_strict_seed43_ablation_none_l16_cnn2_c16_c32.pth,noise3_exp/cnn_strict_seed_three_regs_noise_sweep_rate_uniform_L16_T16/cnn2_c16_c32/no_regularization/seed_43/noise_sweep_matrix_mnist_cnn2_c16_c32_T16_mode_rate_uniform_schedule_normal_seed_43.csv
cnn2_c16_c32,16,32,c16c32,no_regularization,43,16,16,rate_uniform,0.5,97.62,mnist-checkpoints/cnn2_c16_c32_L[16]_strict_seed43_ablation_none_l16_cnn2_c16_c32.pth,noise3_exp/cnn_strict_seed_three_regs_noise_sweep_rate_uniform_L16_T16/cnn2_c16_c32/no_regularization/seed_43/noise_sweep_matrix_mnist_cnn2_c16_c32_T16_mode_rate_uniform_schedule_normal_seed_43.csv
cnn2_c16_c32,16,32,c16c32,no_regularization,43,16,16,rate_uniform,0.55,97.15,mnist-checkpoints/cnn2_c16_c32_L[16]_strict_seed43_ablation_none_l16_cnn2_c16_c32.pth,noise3_exp/cnn_strict_seed_three_regs_noise_sweep_rate_uniform_L16_T16/cnn2_c16_c32/no_regularization/seed_43/noise_sweep_matrix_mnist_cnn2_c16_c32_T16_mode_rate_uniform_schedule_normal_seed_43.csv
cnn2_c16_c32,16,32,c16c32,no_regularization,43,16,16,rate_uniform,0.6,97.13,mnist-checkpoints/cnn2_c16_c32_L[16]_strict_seed43_ablation_none_l16_cnn2_c16_c32.pth,noise3_exp/cnn_strict_seed_three_regs_noise_sweep_rate_uniform_L16_T16/cnn2_c16_c32/no_regularization/seed_43/noise_sweep_matrix_mnist_cnn2_c16_c32_T16_mode_rate_uniform_schedule_normal_seed_43.csv
cnn2_c16_c32,16,32,c16c32,no_regularization,43,16,16,rate_uniform,0.65,96.66,mnist-checkpoints/cnn2_c16_c32_L[16]_strict_seed43_ablation_none_l16_cnn2_c16_c32.pth,noise3_exp/cnn_strict_seed_three_regs_noise_sweep_rate_uniform_L16_T16/cnn2_c16_c32/no_regularization/seed_43/noise_sweep_matrix_mnist_cnn2_c16_c32_T16_mode_rate_uniform_schedule_normal_seed_43.csv
cnn2_c16_c32,16,32,c16c32,no_regularization,43,16,16,rate_uniform,0.7,96.51,mnist-checkpoints/cnn2_c16_c32_L[16]_strict_seed43_ablation_none_l16_cnn2_c16_c32.pth,noise3_exp/cnn_strict_seed_three_regs_noise_sweep_rate_uniform_L16_T16/cnn2_c16_c32/no_regularization/seed_43/noise_sweep_matrix_mnist_cnn2_c16_c32_T16_mode_rate_uniform_schedule_normal_seed_43.csv
cnn2_c16_c32,16,32,c16c32,no_regularization,43,16,16,rate_uniform,0.75,96.19,mnist-checkpoints/cnn2_c16_c32_L[16]_strict_seed43_ablation_none_l16_cnn2_c16_c32.pth,noise3_exp/cnn_strict_seed_three_regs_noise_sweep_rate_uniform_L16_T16/cnn2_c16_c32/no_regularization/seed_43/noise_sweep_matrix_mnist_cnn2_c16_c32_T16_mode_rate_uniform_schedule_normal_seed_43.csv
cnn2_c16_c32,16,32,c16c32,no_regularization,43,16,16,rate_uniform,0.8,95.91,mnist-checkpoints/cnn2_c16_c32_L[16]_strict_seed43_ablation_none_l16_cnn2_c16_c32.pth,noise3_exp/cnn_strict_seed_three_regs_noise_sweep_rate_uniform_L16_T16/cnn2_c16_c32/no_regularization/seed_43/noise_sweep_matrix_mnist_cnn2_c16_c32_T16_mode_rate_uniform_schedule_normal_seed_43.csv
cnn2_c16_c32,16,32,c16c32,no_regularization,43,16,16,rate_uniform,0.85,95.42,mnist-checkpoints/cnn2_c16_c32_L[16]_strict_seed43_ablation_none_l16_cnn2_c16_c32.pth,noise3_exp/cnn_strict_seed_three_regs_noise_sweep_rate_uniform_L16_T16/cnn2_c16_c32/no_regularization/seed_43/noise_sweep_matrix_mnist_cnn2_c16_c32_T16_mode_rate_uniform_schedule_normal_seed_43.csv
cnn2_c16_c32,16,32,c16c32,no_regularization,43,16,16,rate_uniform,0.9,95.16,mnist-checkpoints/cnn2_c16_c32_L[16]_strict_seed43_ablation_none_l16_cnn2_c16_c32.pth,noise3_exp/cnn_strict_seed_three_regs_noise_sweep_rate_uniform_L16_T16/cnn2_c16_c32/no_regularization/seed_43/noise_sweep_matrix_mnist_cnn2_c16_c32_T16_mode_rate_uniform_schedule_normal_seed_43.csv
cnn2_c16_c32,16,32,c16c32,no_regularization,43,16,16,rate_uniform,0.95,94.68,mnist-checkpoints/cnn2_c16_c32_L[16]_strict_seed43_ablation_none_l16_cnn2_c16_c32.pth,noise3_exp/cnn_strict_seed_three_regs_noise_sweep_rate_uniform_L16_T16/cnn2_c16_c32/no_regularization/seed_43/noise_sweep_matrix_mnist_cnn2_c16_c32_T16_mode_rate_uniform_schedule_normal_seed_43.csv
cnn2_c16_c32,16,32,c16c32,no_regularization,43,16,16,rate_uniform,1.0,93.88,mnist-checkpoints/cnn2_c16_c32_L[16]_strict_seed43_ablation_none_l16_cnn2_c16_c32.pth,noise3_exp/cnn_strict_seed_three_regs_noise_sweep_rate_uniform_L16_T16/cnn2_c16_c32/no_regularization/seed_43/noise_sweep_matrix_mnist_cnn2_c16_c32_T16_mode_rate_uniform_schedule_normal_seed_43.csv
cnn2_c16_c32,16,32,c16c32,no_regularization,44,16,16,rate_uniform,0.0,99.15,mnist-checkpoints/cnn2_c16_c32_L[16]_strict_seed44_ablation_none_l16_cnn2_c16_c32.pth,noise3_exp/cnn_strict_seed_three_regs_noise_sweep_rate_uniform_L16_T16/cnn2_c16_c32/no_regularization/seed_44/noise_sweep_matrix_mnist_cnn2_c16_c32_T16_mode_rate_uniform_schedule_normal_seed_44.csv
cnn2_c16_c32,16,32,c16c32,no_regularization,44,16,16,rate_uniform,0.05,99.0,mnist-checkpoints/cnn2_c16_c32_L[16]_strict_seed44_ablation_none_l16_cnn2_c16_c32.pth,noise3_exp/cnn_strict_seed_three_regs_noise_sweep_rate_uniform_L16_T16/cnn2_c16_c32/no_regularization/seed_44/noise_sweep_matrix_mnist_cnn2_c16_c32_T16_mode_rate_uniform_schedule_normal_seed_44.csv
cnn2_c16_c32,16,32,c16c32,no_regularization,44,16,16,rate_uniform,0.1,98.9,mnist-checkpoints/cnn2_c16_c32_L[16]_strict_seed44_ablation_none_l16_cnn2_c16_c32.pth,noise3_exp/cnn_strict_seed_three_regs_noise_sweep_rate_uniform_L16_T16/cnn2_c16_c32/no_regularization/seed_44/noise_sweep_matrix_mnist_cnn2_c16_c32_T16_mode_rate_uniform_schedule_normal_seed_44.csv
cnn2_c16_c32,16,32,c16c32,no_regularization,44,16,16,rate_uniform,0.15,98.77,mnist-checkpoints/cnn2_c16_c32_L[16]_strict_seed44_ablation_none_l16_cnn2_c16_c32.pth,noise3_exp/cnn_strict_seed_three_regs_noise_sweep_rate_uniform_L16_T16/cnn2_c16_c32/no_regularization/seed_44/noise_sweep_matrix_mnist_cnn2_c16_c32_T16_mode_rate_uniform_schedule_normal_seed_44.csv
cnn2_c16_c32,16,32,c16c32,no_regularization,44,16,16,rate_uniform,0.2,98.56,mnist-checkpoints/cnn2_c16_c32_L[16]_strict_seed44_ablation_none_l16_cnn2_c16_c32.pth,noise3_exp/cnn_strict_seed_three_regs_noise_sweep_rate_uniform_L16_T16/cnn2_c16_c32/no_regularization/seed_44/noise_sweep_matrix_mnist_cnn2_c16_c32_T16_mode_rate_uniform_schedule_normal_seed_44.csv
cnn2_c16_c32,16,32,c16c32,no_regularization,44,16,16,rate_uniform,0.25,98.25,mnist-checkpoints/cnn2_c16_c32_L[16]_strict_seed44_ablation_none_l16_cnn2_c16_c32.pth,noise3_exp/cnn_strict_seed_three_regs_noise_sweep_rate_uniform_L16_T16/cnn2_c16_c32/no_regularization/seed_44/noise_sweep_matrix_mnist_cnn2_c16_c32_T16_mode_rate_uniform_schedule_normal_seed_44.csv
cnn2_c16_c32,16,32,c16c32,no_regularization,44,16,16,rate_uniform,0.3,97.89,mnist-checkpoints/cnn2_c16_c32_L[16]_strict_seed44_ablation_none_l16_cnn2_c16_c32.pth,noise3_exp/cnn_strict_seed_three_regs_noise_sweep_rate_uniform_L16_T16/cnn2_c16_c32/no_regularization/seed_44/noise_sweep_matrix_mnist_cnn2_c16_c32_T16_mode_rate_uniform_schedule_normal_seed_44.csv
cnn2_c16_c32,16,32,c16c32,no_regularization,44,16,16,rate_uniform,0.35,97.75,mnist-checkpoints/cnn2_c16_c32_L[16]_strict_seed44_ablation_none_l16_cnn2_c16_c32.pth,noise3_exp/cnn_strict_seed_three_regs_noise_sweep_rate_uniform_L16_T16/cnn2_c16_c32/no_regularization/seed_44/noise_sweep_matrix_mnist_cnn2_c16_c32_T16_mode_rate_uniform_schedule_normal_seed_44.csv
cnn2_c16_c32,16,32,c16c32,no_regularization,44,16,16,rate_uniform,0.4,97.46,mnist-checkpoints/cnn2_c16_c32_L[16]_strict_seed44_ablation_none_l16_cnn2_c16_c32.pth,noise3_exp/cnn_strict_seed_three_regs_noise_sweep_rate_uniform_L16_T16/cnn2_c16_c32/no_regularization/seed_44/noise_sweep_matrix_mnist_cnn2_c16_c32_T16_mode_rate_uniform_schedule_normal_seed_44.csv
cnn2_c16_c32,16,32,c16c32,no_regularization,44,16,16,rate_uniform,0.45,97.33,mnist-checkpoints/cnn2_c16_c32_L[16]_strict_seed44_ablation_none_l16_cnn2_c16_c32.pth,noise3_exp/cnn_strict_seed_three_regs_noise_sweep_rate_uniform_L16_T16/cnn2_c16_c32/no_regularization/seed_44/noise_sweep_matrix_mnist_cnn2_c16_c32_T16_mode_rate_uniform_schedule_normal_seed_44.csv
cnn2_c16_c32,16,32,c16c32,no_regularization,44,16,16,rate_uniform,0.5,97.01,mnist-checkpoints/cnn2_c16_c32_L[16]_strict_seed44_ablation_none_l16_cnn2_c16_c32.pth,noise3_exp/cnn_strict_seed_three_regs_noise_sweep_rate_uniform_L16_T16/cnn2_c16_c32/no_regularization/seed_44/noise_sweep_matrix_mnist_cnn2_c16_c32_T16_mode_rate_uniform_schedule_normal_seed_44.csv
cnn2_c16_c32,16,32,c16c32,no_regularization,44,16,16,rate_uniform,0.55,96.57,mnist-checkpoints/cnn2_c16_c32_L[16]_strict_seed44_ablation_none_l16_cnn2_c16_c32.pth,noise3_exp/cnn_strict_seed_three_regs_noise_sweep_rate_uniform_L16_T16/cnn2_c16_c32/no_regularization/seed_44/noise_sweep_matrix_mnist_cnn2_c16_c32_T16_mode_rate_uniform_schedule_normal_seed_44.csv
cnn2_c16_c32,16,32,c16c32,no_regularization,44,16,16,rate_uniform,0.6,95.89,mnist-checkpoints/cnn2_c16_c32_L[16]_strict_seed44_ablation_none_l16_cnn2_c16_c32.pth,noise3_exp/cnn_strict_seed_three_regs_noise_sweep_rate_uniform_L16_T16/cnn2_c16_c32/no_regularization/seed_44/noise_sweep_matrix_mnist_cnn2_c16_c32_T16_mode_rate_uniform_schedule_normal_seed_44.csv
cnn2_c16_c32,16,32,c16c32,no_regularization,44,16,16,rate_uniform,0.65,95.69,mnist-checkpoints/cnn2_c16_c32_L[16]_strict_seed44_ablation_none_l16_cnn2_c16_c32.pth,noise3_exp/cnn_strict_seed_three_regs_noise_sweep_rate_uniform_L16_T16/cnn2_c16_c32/no_regularization/seed_44/noise_sweep_matrix_mnist_cnn2_c16_c32_T16_mode_rate_uniform_schedule_normal_seed_44.csv
cnn2_c16_c32,16,32,c16c32,no_regularization,44,16,16,rate_uniform,0.7,95.3,mnist-checkpoints/cnn2_c16_c32_L[16]_strict_seed44_ablation_none_l16_cnn2_c16_c32.pth,noise3_exp/cnn_strict_seed_three_regs_noise_sweep_rate_uniform_L16_T16/cnn2_c16_c32/no_regularization/seed_44/noise_sweep_matrix_mnist_cnn2_c16_c32_T16_mode_rate_uniform_schedule_normal_seed_44.csv
cnn2_c16_c32,16,32,c16c32,no_regularization,44,16,16,rate_uniform,0.75,94.69,mnist-checkpoints/cnn2_c16_c32_L[16]_strict_seed44_ablation_none_l16_cnn2_c16_c32.pth,noise3_exp/cnn_strict_seed_three_regs_noise_sweep_rate_uniform_L16_T16/cnn2_c16_c32/no_regularization/seed_44/noise_sweep_matrix_mnist_cnn2_c16_c32_T16_mode_rate_uniform_schedule_normal_seed_44.csv
cnn2_c16_c32,16,32,c16c32,no_regularization,44,16,16,rate_uniform,0.8,93.87,mnist-checkpoints/cnn2_c16_c32_L[16]_strict_seed44_ablation_none_l16_cnn2_c16_c32.pth,noise3_exp/cnn_strict_seed_three_regs_noise_sweep_rate_uniform_L16_T16/cnn2_c16_c32/no_regularization/seed_44/noise_sweep_matrix_mnist_cnn2_c16_c32_T16_mode_rate_uniform_schedule_normal_seed_44.csv
cnn2_c16_c32,16,32,c16c32,no_regularization,44,16,16,rate_uniform,0.85,93.27,mnist-checkpoints/cnn2_c16_c32_L[16]_strict_seed44_ablation_none_l16_cnn2_c16_c32.pth,noise3_exp/cnn_strict_seed_three_regs_noise_sweep_rate_uniform_L16_T16/cnn2_c16_c32/no_regularization/seed_44/noise_sweep_matrix_mnist_cnn2_c16_c32_T16_mode_rate_uniform_schedule_normal_seed_44.csv
cnn2_c16_c32,16,32,c16c32,no_regularization,44,16,16,rate_uniform,0.9,92.57,mnist-checkpoints/cnn2_c16_c32_L[16]_strict_seed44_ablation_none_l16_cnn2_c16_c32.pth,noise3_exp/cnn_strict_seed_three_regs_noise_sweep_rate_uniform_L16_T16/cnn2_c16_c32/no_regularization/seed_44/noise_sweep_matrix_mnist_cnn2_c16_c32_T16_mode_rate_uniform_schedule_normal_seed_44.csv
cnn2_c16_c32,16,32,c16c32,no_regularization,44,16,16,rate_uniform,0.95,91.77,mnist-checkpoints/cnn2_c16_c32_L[16]_strict_seed44_ablation_none_l16_cnn2_c16_c32.pth,noise3_exp/cnn_strict_seed_three_regs_noise_sweep_rate_uniform_L16_T16/cnn2_c16_c32/no_regularization/seed_44/noise_sweep_matrix_mnist_cnn2_c16_c32_T16_mode_rate_uniform_schedule_normal_seed_44.csv
cnn2_c16_c32,16,32,c16c32,no_regularization,44,16,16,rate_uniform,1.0,91.28,mnist-checkpoints/cnn2_c16_c32_L[16]_strict_seed44_ablation_none_l16_cnn2_c16_c32.pth,noise3_exp/cnn_strict_seed_three_regs_noise_sweep_rate_uniform_L16_T16/cnn2_c16_c32/no_regularization/seed_44/noise_sweep_matrix_mnist_cnn2_c16_c32_T16_mode_rate_uniform_schedule_normal_seed_44.csv
