epoch,alpha,q_assignment,q_mean,q_mean_pre_norm,q_tilde_mean,q_std,q_min,q_max,q_os_mean,q_os_std,p_gt_tau,p_at_qmax,q_cap,mean_normalize_q,ga_mode,ga_kappa_res_mean,ga_kappa_sc_mean,ga_frac_phi_neg_res,ga_cov_mean,risk_source,gm_p_mean,gm_d_mean,gm_m_mean,gm_r_mean,mne_grad_match_scale,mne_ref_grad_norm,reg_grad_norm,reg_coeff_grad_norm,ce_grad_norm,reg_ce_ratio,ann_train_acc,ann_test_acc,train_loss
0.0,0.0,risk,1.0,1.0,1.0,0.0,1.0,1.0,1.0,0.0,0.8158200317636475,0.0,0.0,0.0,off,0.13823018968105316,1.8603829145431519,0.0,-2.8030590328853577e-06,gm,0.7020044326782227,2.6329294300353467e-10,0.8130764961242676,0.5842204689979553,,,39.009792418975174,0.019504896209487588,0.6444693839992708,0.03026504701968846,20.316,34.4,1032.2293560504913
1.0,0.0,risk,1.0,1.0,1.0,0.0,1.0,1.0,1.0,0.0,0.8137841220097164,0.0,0.0,0.0,off,0.16386863589286804,1.834803819656372,0.0,-1.1189753195139929e-06,gm,0.6827852129936218,3.190094022276213e-10,0.8130882382392883,0.5679849982261658,,,34.086387111960626,0.017043193555980312,0.8663164983303163,0.019673172089909735,31.112,42.16,855.2913463115692
2.0,0.0,risk,1.0,1.0,1.0,0.0,1.0,1.0,1.0,0.0,0.8135443592010556,0.0,0.0,0.0,off,0.15352287888526917,1.8450982570648193,0.0,3.998448391939746e-06,gm,0.6745887398719788,2.3511576019430436e-10,0.8130781054496765,0.5590487718582153,,,31.201579552794367,0.015600789776397185,0.7423468333362083,0.021015499865857983,37.252,50.18,767.9349830150604
3.0,0.0,risk,1.0,1.0,1.0,0.0,1.0,1.0,1.0,0.0,0.8138896188772548,0.0,0.0,0.0,off,0.1778644323348999,1.8205808401107788,0.0,7.766536327835638e-06,gm,0.6639651656150818,2.8589919320864965e-10,0.8130428194999695,0.5503736734390259,,,30.056024278224292,0.015028012139112146,1.2380267771611966,0.012138681017523283,44.238,50.48,692.241627573967
4.0,0.0,risk,1.0,1.0,1.0,0.0,1.0,1.0,1.0,0.0,0.8137319103226333,0.0,0.0,0.0,off,0.19141250848770142,1.8069593906402588,0.0,1.0839999049494509e-05,gm,0.6550213694572449,2.4885807303753893e-10,0.81302809715271,0.5446978211402893,,,29.485751121440956,0.014742875560720478,0.9692717538503585,0.015210260179516759,49.298,60.59,637.3602468967438
5.0,0.0,risk,1.0,1.0,1.0,0.0,1.0,1.0,1.0,0.0,0.8142210393000746,0.0,0.0,0.0,off,0.20397557318210602,1.7945282459259033,0.0,1.4143884072836954e-05,gm,0.651392936706543,3.210156584998458e-10,0.8130545020103455,0.5396987199783325,,,29.58238396710732,0.014791191983553659,1.1804609389191205,0.012530013908886382,52.636,56.07,601.4172888994217
6.0,0.0,risk,1.0,1.0,1.0,0.0,1.0,1.0,1.0,0.0,0.8147416021817785,0.0,0.0,0.0,off,0.22517968714237213,1.7733478546142578,0.0,1.6717371181584895e-05,gm,0.6434822678565979,3.5465932968214986e-10,0.8130590319633484,0.535088837146759,,,30.004786777078817,0.015002393388539408,1.037103803384194,0.014465662298783209,55.32,64.55,575.1871576309204
7.0,0.0,risk,1.0,1.0,1.0,0.0,1.0,1.0,1.0,0.0,0.8157795365814053,0.0,0.0,0.0,off,0.24806836247444153,1.7503626346588135,0.0,2.2138590793474577e-05,gm,0.6370696425437927,2.592077108509727e-10,0.8130396604537964,0.5304129123687744,,,30.752204288778625,0.015376102144389312,1.2195538680980087,0.012607972920761235,58.33,65.28,549.3468589782715
8.0,0.0,risk,1.0,1.0,1.0,0.0,1.0,1.0,1.0,0.0,0.816610739511602,0.0,0.0,0.0,off,0.2758597731590271,1.7228116989135742,0.0,2.645766107889358e-05,gm,0.6339564919471741,2.28926780310168e-10,0.8130877614021301,0.5271896719932556,,,31.511742325737664,0.015755871162868834,1.2654125916808034,0.012451173053320783,60.906,72.08,526.5698411464691
9.0,0.0,risk,1.0,1.0,1.0,0.0,1.0,1.0,1.0,0.0,0.8190798326526456,0.0,0.0,0.0,off,0.31576481461524963,1.6831386089324951,0.0,3.2036543416325e-05,gm,0.6310954689979553,3.251956204319839e-10,0.813133955001831,0.5222488045692444,,,32.18705008479358,0.016093525042396792,1.0908015620508258,0.01475385221500711,63.098,69.85,510.9748167991638
10.0,0.0,risk,1.0,1.0,1.0,0.0,1.0,1.0,1.0,0.0,0.8210395502922175,0.0,0.0,0.0,off,0.3218293786048889,1.6771208047866821,0.0,3.1135343306232244e-05,gm,0.6239460110664368,3.1630154051498494e-10,0.8131431937217712,0.5178961753845215,,,32.79285742517584,0.01639642871258792,1.100176855740552,0.014903448138391479,64.854,73.58,491.9281607866287
11.0,0.0,risk,1.0,1.0,1.0,0.0,1.0,1.0,1.0,0.0,0.8228293059731994,0.0,0.0,0.0,off,0.3257235884666443,1.6732430458068848,0.0,3.578497126000002e-05,gm,0.6188305020332336,2.245844898940419e-10,0.8131464719772339,0.5148581862449646,,,33.37239244540174,0.016686196222700872,0.9573239033876857,0.017430042395947042,66.262,73.75,484.8664268255234
12.0,0.0,risk,1.0,1.0,1.0,0.0,1.0,1.0,1.0,0.0,0.8249456751377077,0.0,0.0,0.0,off,0.33738264441490173,1.661708950996399,0.0,4.013782745460048e-05,gm,0.6146426796913147,2.5385732405069916e-10,0.8131713271141052,0.5119057297706604,,,33.87783232950342,0.01693891616475171,1.2766753367018615,0.01326799044188586,67.076,74.78,478.1156316399574
13.0,0.0,risk,1.0,1.0,1.0,0.0,1.0,1.0,1.0,0.0,0.8273950565196669,0.0,0.0,0.0,off,0.3615770936012268,1.6376770734786987,0.0,3.993610152974725e-05,gm,0.6136314272880554,2.6661903240743356e-10,0.813203752040863,0.5089833736419678,,,34.357108991632856,0.017178554495816428,1.3009465356798877,0.013204658319673946,68.394,78.03,467.1638506054878
14.0,0.0,risk,1.0,1.0,1.0,0.0,1.0,1.0,1.0,0.0,0.8300351887712698,0.0,0.0,0.0,off,0.36874639987945557,1.630514144897461,0.0,4.205624645692296e-05,gm,0.6067346334457397,3.211168275729648e-10,0.8132050037384033,0.5046042203903198,,,34.93169489966429,0.017465847449832147,0.9030181736759416,0.019341634486417285,69.062,65.34,464.422776222229
15.0,0.0,risk,1.0,1.0,1.0,0.0,1.0,1.0,1.0,0.0,0.8340265516125028,0.0,0.0,0.0,off,0.37852683663368225,1.6208171844482422,0.0,4.468658153200522e-05,gm,0.6026955246925354,2.2468654714558056e-10,0.8132215738296509,0.5009043216705322,,,35.4334216050071,0.01771671080250355,1.2480446852026517,0.014195574094870484,69.658,79.3,459.8760823607445
16.0,0.0,risk,1.0,1.0,1.0,0.0,1.0,1.0,1.0,0.0,0.8351742513954182,0.0,0.0,0.0,off,0.37577173113822937,1.6236177682876587,0.0,4.751719461637549e-05,gm,0.5989408493041992,2.338119420297602e-10,0.8132306933403015,0.49749472737312317,,,35.93744071623846,0.017968720358119233,1.0913960596866572,0.016463977672118497,70.604,79.39,454.2094902396202
17.0,0.0,risk,1.0,1.0,1.0,0.0,1.0,1.0,1.0,0.0,0.8385747251913066,0.0,0.0,0.0,off,0.4087918698787689,1.5906528234481812,0.0,5.0389884563628584e-05,gm,0.5958859324455261,3.904223611073121e-10,0.8132416009902954,0.49416759610176086,,,36.31997243976808,0.01815998621988404,1.4464047290881767,0.01255525915718778,70.998,79.06,454.11171692609787
18.0,0.0,risk,1.0,1.0,1.0,0.0,1.0,1.0,1.0,0.0,0.8415404126772186,0.0,0.0,0.0,off,0.4174466133117676,1.5820385217666626,0.0,5.1711973355850205e-05,gm,0.5922240614891052,3.685178828760627e-10,0.8132496476173401,0.49100714921951294,,,36.66016579710684,0.01833008289855342,1.3488424925905946,0.013589490988935674,71.572,78.41,449.7055907845497
19.0,0.0,risk,1.0,1.0,1.0,0.0,1.0,1.0,1.0,0.0,0.8416272609130196,0.0,0.0,0.0,off,0.4291113615036011,1.5703738927841187,0.0,5.440470340545289e-05,gm,0.5853549242019653,2.4371740736661707e-10,0.8132496476173401,0.4869985580444336,,,37.01312736950917,0.018506563684754587,1.221230855500199,0.01515402563029294,72.082,78.96,445.47498869895935
20.0,0.0,risk,1.0,1.0,1.0,0.0,1.0,1.0,1.0,0.0,0.841795633973368,0.0,0.0,0.0,off,0.41765710711479187,1.581844449043274,0.0,5.7694069255376235e-05,gm,0.5796175003051758,2.9516750155167415e-10,0.813252866268158,0.4836781919002533,,,37.4864084408576,0.0187432042204288,1.1195134748632376,0.016742276570381177,72.506,80.89,445.8140275478363
21.0,0.0,risk,1.0,1.0,1.0,0.0,1.0,1.0,1.0,0.0,0.840101261120623,0.0,0.0,0.0,off,0.42912977933883667,1.5704201459884644,0.0,6.119550380390137e-05,gm,0.5790079832077026,2.2871692040293823e-10,0.8132625222206116,0.4817591607570648,,,37.71340917212706,0.01885670458606353,1.6071809280057547,0.011732782698872351,73.03,83.18,441.66210663318634
22.0,0.0,risk,1.0,1.0,1.0,0.0,1.0,1.0,1.0,0.0,0.841088046808072,0.0,0.0,0.0,off,0.4378814399242401,1.5616916418075562,0.0,5.8776611695066094e-05,gm,0.5754129886627197,2.281448502339245e-10,0.8132670521736145,0.47834864258766174,,,38.031337791222434,0.019015668895611217,1.1612212228847425,0.016375578159320833,73.224,80.43,440.5600873827934
23.0,0.0,risk,1.0,1.0,1.0,0.0,1.0,1.0,1.0,0.0,0.8402541813338199,0.0,0.0,0.0,off,0.4388006627559662,1.560789942741394,0.0,5.915110887144692e-05,gm,0.572174608707428,2.0835680403230583e-10,0.813270628452301,0.47531089186668396,,,38.45321959073532,0.019226609795367663,1.2334407491230794,0.0155877854765516,73.498,80.65,442.60361129045486
24.0,0.0,risk,1.0,1.0,1.0,0.0,1.0,1.0,1.0,0.0,0.8396350428881243,0.0,0.0,0.0,off,0.4485180079936981,1.551076054573059,0.0,6.450632645282894e-05,gm,0.5670561790466309,2.0036623749053462e-10,0.8132712244987488,0.4721077084541321,,,38.63687595639746,0.01931843797819873,1.3521819621711584,0.014286862655067288,73.938,81.76,439.0397619009018
25.0,0.0,risk,1.0,1.0,1.0,0.0,1.0,1.0,1.0,0.0,0.8403452932072417,0.0,0.0,0.0,off,0.46565544605255127,1.533950686454773,0.0,6.602610665140674e-05,gm,0.5646792054176331,2.603886828378421e-10,0.813273549079895,0.4690884053707123,,,38.78620194166439,0.019393100970832196,1.398625150003395,0.013865831721090616,74.332,83.05,434.9845966100693
26.0,0.0,risk,1.0,1.0,1.0,0.0,1.0,1.0,1.0,0.0,0.8375287938605794,0.0,0.0,0.0,off,0.4675602316856384,1.5320791006088257,0.0,6.795834633521736e-05,gm,0.5630842447280884,4.0019279556879894e-10,0.8132800459861755,0.467746376991272,,,39.09828517109558,0.019549142585547793,1.2337692738062498,0.015845055473976553,74.396,84.78,434.29571801424026
27.0,0.0,risk,1.0,1.0,1.0,0.0,1.0,1.0,1.0,0.0,0.8389210589706441,0.0,0.0,0.0,off,0.47584494948387146,1.5238027572631836,0.0,6.585763912880793e-05,gm,0.558541476726532,3.1638577868697837e-10,0.8132818937301636,0.4645289182662964,,,39.303531782143025,0.019651765891071513,1.3737197515708055,0.014305513092172064,74.586,82.99,435.91907835006714
28.0,0.0,risk,1.0,1.0,1.0,0.0,1.0,1.0,1.0,0.0,0.8355935802849968,0.0,0.0,0.0,off,0.4755913019180298,1.5240612030029297,0.0,7.079321221681312e-05,gm,0.5546022653579712,2.5814775317378746e-10,0.8132827877998352,0.4618421494960785,,,39.80879352269782,0.01990439676134891,1.1948060158307048,0.016659103233180587,74.384,84.71,437.8941516280174
29.0,0.0,risk,1.0,1.0,1.0,0.0,1.0,1.0,1.0,0.0,0.8342871004358277,0.0,0.0,0.0,off,0.4650501310825348,1.534615159034729,0.0,7.216173980850726e-05,gm,0.5526843667030334,2.2867145677007983e-10,0.8132854700088501,0.4593031406402588,,,39.97987133450054,0.01998993566725027,1.3573761094212202,0.014726895168188791,75.008,84.27,436.32797104120255
30.0,0.08,risk,1.0404119415356374,1.0404083728790283,1.0404083728790283,0.02649028769806218,1.0,1.113202691078186,1.0404119415356374,0.02649028769806218,0.8339881872582009,0.0,0.0,0.0,off,0.48778626322746277,1.5118898153305054,0.0,7.443746289936826e-05,gm,0.5484763979911804,2.47134840369867e-10,0.8132873773574829,0.4568832516670227,,,41.435495158353596,0.0207177475791768,1.650586346820369,0.012551750242625436,75.184,83.21,440.46182960271835
31.0,0.16,risk,1.0808234342833614,1.0808136463165283,1.0808136463165283,0.0530043626418504,1.0,1.227867603302002,1.0808234342833614,0.0530043626418504,0.833724442345407,0.0,0.0,0.0,off,0.48999616503715515,1.5096920728683472,0.0,7.77473469497636e-05,gm,0.5464668273925781,2.4467602943722966e-10,0.8132898211479187,0.454236775636673,,,43.01844844288443,0.021509224221442216,1.3903770942902414,0.015470065142595166,74.89,84.83,447.6902885437012
32.0,0.24,risk,1.1212057896587244,1.1212189197540283,1.1212189197540283,0.07989719862599506,1.0,1.3485713005065918,1.1212057896587244,0.07989719862599506,0.8313011699320411,0.0,0.0,0.0,off,0.4811365604400635,1.5185590982437134,0.0,7.8410746937152e-05,gm,0.5434503555297852,2.6578431122636914e-10,0.8132914304733276,0.45142656564712524,,,44.43706142032054,0.02221853071016027,1.4638700384755172,0.015177939384085475,75.464,82.94,448.75897884368896
33.0,0.32,risk,1.161616263792033,1.1616612672805786,1.1616612672805786,0.10658193718823021,1.0,1.4642632007598877,1.161616263792033,0.10658193718823021,0.8308109741686555,0.0,0.0,0.0,off,0.4850703775882721,1.5146316289901733,0.0,7.58866299293004e-05,gm,0.5418283939361572,2.2648237452127518e-10,0.8132926821708679,0.44965842366218567,,,45.927305582532156,0.022963652791266078,1.2131423529733545,0.018929066926880636,75.17,84.71,454.35657715797424
34.0,0.4,risk,1.2020046217057405,1.2019864320755005,1.2019864320755005,0.1338956255437163,1.0,1.5903252363204956,1.2020046217057405,0.1338956255437163,0.8294144510613073,0.0,0.0,0.0,off,0.490101158618927,1.5096018314361572,0.0,8.381654333788902e-05,gm,0.5364686846733093,2.3204950461153118e-10,0.8132929801940918,0.4466298520565033,,,47.08183440576591,0.023540917202882955,1.2560599584680465,0.01874187378092574,75.352,77.61,458.11528438329697
35.0,0.48,risk,1.2423811062522556,1.2423267364501953,1.2423267364501953,0.1612226700081545,1.0,1.7232327461242676,1.2423811062522556,0.1612226700081545,0.8293819468649452,0.0,0.0,0.0,off,0.49732106924057007,1.50240159034729,0.0,8.29691271064803e-05,gm,0.5338927507400513,3.6298639094489715e-10,0.8132968544960022,0.4435700476169586,,,48.46310386015838,0.024231551930079188,1.4401247390279353,0.016826009076432613,75.094,81.14,464.41661471128464
36.0,0.56,risk,1.2827388301224965,1.282679796218872,1.282679796218872,0.18891482718307953,1.0,1.841651439666748,1.2827388301224965,0.18891482718307953,0.8289817978658944,0.0,0.0,0.0,off,0.49616721272468567,1.5035691261291504,0.0,8.586017065681517e-05,gm,0.5331977009773254,2.6984084411374454e-10,0.8132995963096619,0.4426724314689636,,,49.52991983932087,0.024764959919660434,1.3443691093073633,0.018421250345762308,74.682,85.01,470.08904272317886
37.0,0.64,risk,1.3230721359057804,1.3230562210083008,1.3230562210083008,0.21634530190311735,1.0,1.958587408065796,1.3230721359057804,0.21634530190311735,0.8253788605065602,0.0,0.0,0.0,off,0.5000156164169312,1.499708652496338,0.0,8.565134339733049e-05,gm,0.5285018682479858,3.30115379476581e-10,0.8132972121238708,0.440056174993515,,,51.00495490145552,0.02550247745072776,1.4419535493829387,0.017686060318407026,74.926,79.93,471.52798449993134
38.0,0.72,risk,1.36349703192406,1.363450050354004,1.363450050354004,0.24377618737690285,1.0,2.0926740169525146,1.36349703192406,0.24377618737690285,0.8249771113285933,0.0,0.0,0.0,off,0.48924997448921204,1.510488510131836,0.0,8.339796477230266e-05,gm,0.5273589491844177,2.821695377352995e-10,0.8133001327514648,0.43758425116539,,,52.049302130719504,0.02602465106535975,2.0582491223570307,0.012644072470468145,74.794,84.09,475.37997484207153
39.0,0.8,risk,1.403958030673854,1.4039486646652222,1.4039486646652222,0.2716409169956851,1.0,2.219820499420166,1.403958030673854,0.2716409169956851,0.8253079943949609,0.0,0.0,0.0,off,0.48004427552223206,1.5196994543075562,0.0,8.066578448051587e-05,gm,0.524848461151123,2.3262108905797163e-10,0.8133012056350708,0.43612706661224365,,,53.39355685763884,0.026696778428819422,1.3666695982327601,0.01953418621687423,74.66,82.16,481.49524438381195
40.0,0.88,risk,1.4443062760336014,1.4444242715835571,1.4444242715835571,0.3000487762948741,1.0,2.3568947315216064,1.4443062760336014,0.3000487762948741,0.8235134490005805,0.0,0.0,0.0,off,0.5065215826034546,1.4932328462600708,0.0,9.031683293869719e-05,gm,0.5218026638031006,2.6101459882355016e-10,0.8133032917976379,0.4333373010158539,,,54.79368454537758,0.02739684227268879,1.6636180338665207,0.016468228712942023,74.63,84.42,486.66064727306366
41.0,0.96,risk,1.4847947234083014,1.484553575515747,1.484553575515747,0.3274400300534485,1.0,2.4911916255950928,1.4847947234083014,0.3274400300534485,0.8249824429716905,0.0,0.0,0.0,off,0.4885832667350769,1.5111725330352783,0.0,9.106440120376647e-05,gm,0.5183382034301758,2.936701715139378e-10,0.8133036494255066,0.43115419149398804,,,55.984796980796105,0.027992398490398054,1.807955558576478,0.015482901865374559,74.526,80.22,489.58881866931915
42.0,1.04,risk,1.5250667848855333,1.5250823497772217,1.5250823497772217,0.356397300425088,1.0,2.627528667449951,1.5250667848855333,0.356397300425088,0.8255094035202281,0.0,0.0,0.0,off,0.48109960556030273,1.518664836883545,0.0,9.294649498770013e-05,gm,0.5167633295059204,2.3383672775878495e-10,0.8133053779602051,0.4291920065879822,,,56.89788223911236,0.028448941119556183,1.722795493103251,0.016513243291756845,74.38,83.11,492.2045257091522
43.0,1.12,risk,1.565515744411732,1.565572738647461,1.565572738647461,0.38561751577250486,1.0,2.809532642364502,1.565515744411732,0.38561751577250486,0.8248977217527912,0.0,0.0,0.0,off,0.48103800415992737,1.518731951713562,0.0,9.47999651543796e-05,gm,0.5138534903526306,1.9447742027889348e-10,0.813306450843811,0.4262159466743469,,,58.49481504236782,0.02924740752118391,1.5704052996166689,0.01862411412412013,74.104,81.58,497.7022059559822
44.0,1.2,risk,1.6058932939148924,1.6057478189468384,1.6057478189468384,0.4142608696694874,1.0,2.959178924560547,1.6058932939148924,0.4142608696694874,0.8236189484596252,0.0,0.0,0.0,off,0.49524664878845215,1.504528284072876,0.0,8.856657950673252e-05,gm,0.5142138004302979,2.9084526453893034e-10,0.813307523727417,0.4264402389526367,,,58.931756622632165,0.02946587831131608,1.9373216727847227,0.015209595146355627,74.64,82.33,496.66045796871185
45.0,1.28,risk,1.6462973969061967,1.646488070487976,1.646488070487976,0.4427386954464876,1.0,3.095529079437256,1.6462973969061967,0.4427386954464876,0.8238448656123617,0.0,0.0,0.0,off,0.4746365547180176,1.5251356363296509,0.0,8.760875061852857e-05,gm,0.5090282559394836,2.0544078938034005e-10,0.8133070468902588,0.4225936233997345,,,60.511450952783576,0.030255725476391788,1.5506742652614196,0.019511335265044293,74.096,80.33,502.67546927928925
46.0,1.36,risk,1.686821376576143,1.6866825819015503,1.6866825819015503,0.4711792832597747,1.0,3.2403063774108887,1.686821376576143,0.4711792832597747,0.824401664764375,0.0,0.0,0.0,off,0.49733445048332214,1.5024442672729492,0.0,9.531221439829096e-05,gm,0.5087196230888367,4.253449259472575e-10,0.8133082389831543,0.42131856083869934,,,61.613749438522625,0.03080687471926131,1.687445507287623,0.018256515298547247,74.188,82.95,505.24336981773376
47.0,1.44,risk,1.7269337866312402,1.7270041704177856,1.7270041704177856,0.5015640461536319,1.0,3.3443503379821777,1.7269337866312402,0.5015640461536319,0.8236242741575022,0.0,0.0,0.0,off,0.4814371168613434,1.518343210220337,0.0,9.383707219967619e-05,gm,0.5066031813621521,2.741270821449149e-10,0.8133086562156677,0.4200519323348999,,,63.01508244612665,0.031507541223063325,1.447329648441768,0.021769429830298268,73.734,84.11,508.45393335819244
48.0,1.52,risk,1.7672583505015849,1.7678288221359253,1.7678288221359253,0.5299471232592298,1.0,3.532538414001465,1.7672583505015849,0.5299471232592298,0.8213736297529372,0.0,0.0,0.0,off,0.4860605001449585,1.513725996017456,0.0,8.509457256877795e-05,gm,0.5036793947219849,2.9104899046394905e-10,0.8133098483085632,0.41787344217300415,,,64.13395131712883,0.032066975658564416,1.5103863561453197,0.021230975457433975,73.81,82.38,514.8302820920944
49.0,1.6,risk,1.8078293050341594,1.8075810670852661,1.8075810670852661,0.5593774445221552,1.0,3.6879374980926514,1.8078293050341594,0.5593774445221552,0.8252467218872226,0.0,0.0,0.0,off,0.48943954706192017,1.5103416442871094,0.0,8.605476614320651e-05,gm,0.5025997161865234,2.6796906360537776e-10,0.813308835029602,0.41666558384895325,,,65.12225286214057,0.032561126431070286,1.5737305250299007,0.02069040786411106,73.832,83.14,516.9498628377914
50.0,1.68,risk,1.8479594483095056,1.8480008840560913,1.8480008840560913,0.5906308313159991,1.0,3.8193912506103516,1.8479594483095056,0.5906308313159991,0.8234654939388071,0.0,0.0,0.0,off,0.49370700120925903,1.506080150604248,0.0,9.212440636474639e-05,gm,0.5001744627952576,2.7268146074455046e-10,0.8133100867271423,0.4147892892360687,,,65.98242832124299,0.03299121416062149,1.4672509331001427,0.022485052431293822,73.822,81.07,516.8205155134201
51.0,1.76,risk,1.888354354197412,1.8882532119750977,1.8882532119750977,0.6209270516624841,1.0,3.9608070850372314,1.888354354197412,0.6209270516624841,0.8256223592002069,0.0,0.0,0.0,off,0.4890126585960388,1.510777235031128,0.0,9.610732377041131e-05,gm,0.49967682361602783,3.232247247630937e-10,0.8133106827735901,0.41403740644454956,,,66.43975341075907,0.033219876705379535,1.6656860222273966,0.019943660607151577,73.76,82.26,518.7880766391754
52.0,1.84,risk,1.9285515214476134,1.9285917282104492,1.9285917282104492,0.6520687817307689,1.0,4.05332088470459,1.9285515214476134,0.6520687817307689,0.825269100001401,0.0,0.0,0.0,off,0.48566702008247375,1.5141212940216064,0.0,0.00010147219290956855,gm,0.4965759813785553,1.943817606875342e-10,0.8133103847503662,0.41193243861198425,,,68.57207856778476,0.03428603928389238,1.3211791653262865,0.02595108989281169,73.12,81.66,525.4424359798431
53.0,1.92,risk,1.9688629826621327,1.9685910940170288,1.9685910940170288,0.6835128844851424,1.0,4.2305192947387695,1.9688629826621327,0.6835128844851424,0.8250463801576658,0.0,0.0,0.0,off,0.49798765778541565,1.501808762550354,0.0,0.00010192143236054108,gm,0.49653321504592896,1.8765321241343003e-10,0.8133119344711304,0.4111706018447876,,,69.22186523040652,0.03461093261520326,1.453623336033071,0.023810110746884595,73.528,82.41,524.5599403381348
54.0,2.0,risk,2.009178002472119,2.0094263553619385,2.0094263553619385,0.7147779672042184,1.0,4.405873775482178,2.009178002472119,0.7147779672042184,0.8257283917473405,0.0,0.0,0.0,off,0.47088906168937683,1.5289007425308228,0.0,9.511646931059659e-05,gm,0.4938676953315735,2.5502100431396e-10,0.8133107423782349,0.40921691060066223,,,70.11504566714801,0.03505752283357401,1.5518731550308615,0.022590456391313008,73.1,80.77,531.9464690685272
55.0,2.08,risk,2.049408141914231,2.0497686862945557,2.0497686862945557,0.7453903944596,1.0,4.5754499435424805,2.049408141914231,0.7453903944596,0.8263938853807766,0.0,0.0,0.0,off,0.4794574975967407,1.5203394889831543,0.0,9.101006435230374e-05,gm,0.4926067292690277,2.444328073281099e-10,0.8133121728897095,0.40781623125076294,,,71.19611668872942,0.03559805834436471,1.5334292487994545,0.023214672846650724,73.34,82.18,528.7464662790298
56.0,2.16,risk,2.0897165478952706,2.08931303024292,2.08931303024292,0.7770318442293446,1.0,4.666182041168213,2.0897165478952706,0.7770318442293446,0.8266309908283945,0.0,0.0,0.0,off,0.48035529255867004,1.5194486379623413,0.0,9.88712563412264e-05,gm,0.4916653037071228,3.8951730729763767e-10,0.8133135437965393,0.40675482153892517,,,72.07905622666753,0.03603952811333377,1.6779107632595323,0.021478810972833197,73.18,81.48,533.1052805185318
57.0,2.24,risk,2.130040073638682,2.1298954486846924,2.1298954486846924,0.8087649758514541,1.0,4.866124153137207,2.130040073638682,0.8087649758514541,0.8270993412608076,0.0,0.0,0.0,off,0.48204660415649414,1.5177537202835083,0.0,9.932767716236413e-05,gm,0.49047568440437317,3.712894158791613e-10,0.813312828540802,0.4060560166835785,,,73.20020301874075,0.036600101509370375,1.55692167242646,0.023507991543549635,73.206,84.03,535.5692892074585
58.0,2.32,risk,2.1705336278051974,2.1704516410827637,2.1704516410827637,0.842068043511237,1.0,5.009685516357422,2.1705336278051974,0.842068043511237,0.828203880421036,0.0,0.0,0.0,off,0.4922303259372711,1.5075727701187134,0.0,0.00010528765415074304,gm,0.48934489488601685,3.4759101152914695e-10,0.8133134245872498,0.4052673578262329,,,73.68145157675383,0.03684072578837692,1.5576534227535124,0.023651426723187513,73.218,81.49,535.2871323823929
59.0,2.4,risk,2.210320145882609,2.2103779315948486,2.2103779315948486,0.8749130726470362,1.0,5.298093318939209,2.210320145882609,0.8749130726470362,0.8289588865111855,0.0,0.0,0.0,off,0.48877400159835815,1.5110257863998413,0.0,0.00010551174636930227,gm,0.4881379306316376,2.2177669423140145e-10,0.8133126497268677,0.4041174054145813,,,75.44319309600758,0.03772159654800379,1.521931537815551,0.02478534389407957,73.166,80.74,539.5580036640167
60.0,2.48,risk,2.2505393900224924,2.2508482933044434,2.2508482933044434,0.9091611995416529,1.0,5.402116298675537,2.2505393900224924,0.9091611995416529,0.8289466321925678,0.0,0.0,0.0,off,0.47504377365112305,1.5247617959976196,0.0,0.00010002487397287041,gm,0.48635947704315186,2.745363103517917e-10,0.813313901424408,0.4024388790130615,,,77.2559710173318,0.038627985508665905,1.6589099203615125,0.02328516155973558,72.462,83.07,547.5960669517517
61.0,2.56,risk,2.2908576705571635,2.2909371852874756,2.2909371852874756,0.9426476580407613,1.0,5.616810321807861,2.2908576705571635,0.9426476580407613,0.8294799867493418,0.0,0.0,0.0,off,0.473391056060791,1.5264155864715576,0.0,0.00010711920185713097,gm,0.48639506101608276,3.0352367841324224e-10,0.8133141994476318,0.40195879340171814,,,76.96944893981558,0.03848472446990779,1.5911005403914769,0.02418748752384871,73.064,82.27,543.1624212265015
62.0,2.64,risk,2.331361471234685,2.3311290740966797,2.3311290740966797,0.9766967308795665,1.0,5.8179192543029785,2.331361471234685,0.9766967308795665,0.8301566688301009,0.0,0.0,0.0,off,0.47838467359542847,1.5214189291000366,0.0,9.383190626977012e-05,gm,0.48350855708122253,2.2815688227595388e-10,0.8133135437965393,0.39980870485305786,,,78.99739393933538,0.03949869696966769,1.753479278486227,0.02252589891097361,72.594,82.49,549.7901734113693
63.0,2.72,risk,2.371283358625134,2.371701955795288,2.371701955795288,1.0103886368329569,1.0,5.963418006896973,2.371283358625134,1.0103886368329569,0.8302845482326224,0.0,0.0,0.0,off,0.47870248556137085,1.5211032629013062,0.0,0.0001007128885248676,gm,0.4830908179283142,3.275339721664494e-10,0.8133139610290527,0.3988373875617981,,,79.0436345326158,0.0395218172663079,1.7428793815133838,0.022676163184620478,72.514,79.5,551.2474491596222
64.0,2.8,risk,2.411990436446636,2.4121928215026855,2.4121928215026855,1.043136079597961,1.0,6.158628463745117,2.411990436446636,1.043136079597961,0.8307342491186488,0.0,0.0,0.0,off,0.47327953577041626,1.5265268087387085,0.0,0.00010676182137103751,gm,0.4826580286026001,3.5165320655394794e-10,0.8133141398429871,0.39860621094703674,,,79.80108866893096,0.03990054433446548,1.7531556495606528,0.022759270886452496,72.642,80.82,551.5200921297073
65.0,2.88,risk,2.4521117271364803,2.45241117477417,2.45241117477417,1.079405283684011,1.0,6.357151985168457,2.4521117271364803,1.079405283684011,0.8300192017689385,0.0,0.0,0.0,off,0.4809577465057373,1.5188498497009277,0.0,9.809157199924812e-05,gm,0.47989100217819214,5.026892790915838e-10,0.8133143186569214,0.3969183564186096,,,81.72497555886105,0.04086248777943052,1.6263638707709838,0.025125058736123737,72.086,82.13,558.3562345504761
66.0,2.96,risk,2.492379056218335,2.492076873779297,2.492076873779297,1.1133002850710583,1.0,6.449758529663086,2.492379056218335,1.1133002850710583,0.8305775982034785,0.0,0.0,0.0,off,0.4925276041030884,1.507283091545105,0.0,0.00010205391299678013,gm,0.478607177734375,2.1805349192938195e-10,0.8133149743080139,0.39560508728027344,,,81.84894085328736,0.04092447042664368,2.0678231523140305,0.019791088217987356,72.058,81.86,561.0427545309067
67.0,3.04,risk,2.5324737714684527,2.5319008827209473,2.5319008827209473,1.1485313506382506,1.0,6.6110358238220215,2.5324737714684527,1.1485313506382506,0.8328010616704936,0.0,0.0,0.0,off,0.4986861050128937,1.501124382019043,0.0,0.00010412662231829017,gm,0.4785377085208893,3.4445729601984e-10,0.8133148550987244,0.39560332894325256,,,83.01039646713453,0.04150519823356726,1.658099597765178,0.025031788373574695,72.424,83.34,559.7334458827972
68.0,3.12,risk,2.572875497286277,2.572903871536255,2.572903871536255,1.180554476845295,1.0,6.719341278076172,2.572875497286277,1.180554476845295,0.8337329650474021,0.0,0.0,0.0,off,0.48930609226226807,1.5105024576187134,0.0,0.00010685202869353816,gm,0.4787386655807495,3.4308050844700233e-10,0.8133144378662109,0.3953283727169037,,,84.18217370984142,0.04209108685492071,1.9100274817385037,0.022036901174117912,72.106,73.81,560.884595990181
69.0,3.2,risk,2.613271253493131,2.6134114265441895,2.6134114265441895,1.2165424305459727,1.0,6.841615200042725,2.613271253493131,1.2165424305459727,0.8348508263792833,0.0,0.0,0.0,off,0.4788816273212433,1.5209249258041382,0.0,0.0001006136808427982,gm,0.4766545295715332,3.873374398999374e-10,0.8133141398429871,0.3938581645488739,,,84.28449887699425,0.04214224943849713,1.5409755096721773,0.027347773649863096,72.374,81.85,562.7534911632538
70.0,3.28,risk,2.6530657302388145,2.6530561447143555,2.6530561447143555,1.2496960998496132,1.0,7.051751136779785,2.6530657302388145,1.2496960998496132,0.8350021479379796,0.0,0.0,0.0,off,0.48079806566238403,1.5190072059631348,0.0,0.0001076879125321284,gm,0.4764802157878876,2.0468969574860552e-10,0.8133139610290527,0.39344456791877747,,,84.92527306855023,0.042462636534275115,1.5723402404076319,0.02700601017707631,72.53,82.66,560.9735269546509
71.0,3.36,risk,2.693598875914083,2.693521738052368,2.693521738052368,1.2837682230698177,1.0,7.274104118347168,2.693598875914083,1.2837682230698177,0.8339945826384113,0.0,0.0,0.0,off,0.49452176690101624,1.5052921772003174,0.0,0.00010281735012540594,gm,0.4772969186306,3.300214268531221e-10,0.8133155703544617,0.39329493045806885,,,85.2795689557975,0.04263978447789875,1.891420237516765,0.022543792031050846,71.852,82.76,567.0893445014954
72.0,3.44,risk,2.7336670443834854,2.735020637512207,2.735020637512207,1.3218478507093152,1.0,7.487763404846191,2.7336670443834854,1.3218478507093152,0.8336008264280647,0.0,0.0,0.0,off,0.4749241769313812,1.5248836278915405,0.0,0.00010694298543967307,gm,0.474544495344162,2.9654345645724334e-10,0.8133144378662109,0.39187052845954895,,,86.99158198090647,0.04349579099045324,1.9018137583229204,0.02287068899365267,71.546,81.51,570.3505445718765
73.0,3.52,risk,2.7740185230284395,2.7740302085876465,2.7740302085876465,1.3584697545336946,1.0,7.62005090713501,2.7740185230284395,1.3584697545336946,0.8329758276719876,0.0,0.0,0.0,off,0.4940156638622284,1.5057958364486694,0.0,0.00010852659761440009,gm,0.4747566878795624,2.4054983005505903e-10,0.8133150339126587,0.39144667983055115,,,87.21730718782656,0.043608653593913284,1.607912674660231,0.02712128231909625,72.2,80.14,565.6762096881866
74.0,3.6,risk,2.8139300614671634,2.8139238357543945,2.8139238357543945,1.394925747381147,1.0,7.8251051902771,2.8139300614671634,1.394925747381147,0.8332885936702914,0.0,0.0,0.0,off,0.48072001338005066,1.519086480140686,0.0,8.971647912403569e-05,gm,0.47317689657211304,2.671331766901375e-10,0.8133141398429871,0.390840083360672,,,89.10751759832276,0.04455375879916138,1.978344188021284,0.02252073176595399,72.286,81.67,566.2125948667526
75.0,3.68,risk,2.854275298545428,2.854865550994873,2.854865550994873,1.4315893814691802,1.0,7.993210315704346,2.854275298545428,1.4315893814691802,0.8347836903598912,0.0,0.0,0.0,off,0.48393499851226807,1.5158730745315552,0.0,9.609206608729437e-05,gm,0.4723597764968872,3.212538013386279e-10,0.8133144378662109,0.39017587900161743,,,90.11317834025995,0.045056589170129974,1.6559497511314334,0.027208910861784848,72.094,78.2,568.9208331108093
76.0,3.76,risk,2.8949430897412705,2.8938822746276855,2.8938822746276855,1.4690504150317454,1.0,8.06710147857666,2.8949430897412705,1.4690504150317454,0.8340441358973608,0.0,0.0,0.0,off,0.4922480583190918,1.5075581073760986,0.0,0.00010383743210695684,gm,0.47227001190185547,3.1635624675452334e-10,0.8133140802383423,0.3893628418445587,,,90.10950132479874,0.04505475066239937,1.9785645805250704,0.022771432939754113,72.008,81.0,572.1506726741791
77.0,3.84,risk,2.9349827534707305,2.9351813793182373,2.9351813793182373,1.5035725746618207,1.0,8.19754409790039,2.9349827534707305,1.5035725746618207,0.8363224803029424,0.0,0.0,0.0,off,0.4933294653892517,1.506483554840088,0.0,0.00010603715054458007,gm,0.47149837017059326,2.729048931282563e-10,0.8133153319358826,0.38858041167259216,,,91.85419430944647,0.045927097154723234,1.6474105297381947,0.02787835595661874,71.98,79.38,569.1874536275864
78.0,3.92,risk,2.974926425977741,2.9739737510681152,2.9739737510681152,1.5453681235423173,1.0,8.315065383911133,2.974926425977741,1.5453681235423173,0.8363389996311549,0.0,0.0,0.0,off,0.4926542639732361,1.5071569681167603,0.0,0.00011286196240689605,gm,0.4708860516548157,3.403998471984693e-10,0.8133149147033691,0.3884664475917816,,,92.78573255288097,0.046392866276440486,1.707924249520942,0.027163304396815777,71.862,78.74,575.8064550161362
79.0,4.0,risk,3.0154545307159424,3.0149285793304443,3.0149285793304443,1.5815009162249163,1.0,8.505171775817871,3.0154545307159424,1.5815009162249163,0.836567050203338,0.0,0.0,0.0,off,0.47346556186676025,1.526338815689087,0.0,9.920453157974407e-05,gm,0.4704796075820923,3.3031460899834997e-10,0.8133137226104736,0.3880343437194824,,,93.525396641204,0.046762698320602,1.812910336951161,0.02579426978128691,71.888,81.0,575.9169925451279
80.0,4.0,risk,3.0149571621204583,3.013735055923462,3.013735055923462,1.5888705717023377,1.0,8.46947956085205,3.0149571621204583,1.5888705717023377,0.837516004319691,0.0,0.0,0.0,off,0.5002438426017761,1.4995653629302979,0.0,9.719243826111779e-05,gm,0.47032278776168823,3.8431244298031686e-10,0.8133146166801453,0.38746121525764465,,,92.52400968156164,0.04626200484078082,1.8232773448824613,0.0253729938402559,71.612,68.65,575.1099671125412
81.0,4.0,risk,3.0146377726893903,3.0147480964660645,3.0147480964660645,1.5957206865710676,1.0,8.44467544555664,3.0146377726893903,1.5957206865710676,0.8376827775060064,0.0,0.0,0.0,off,0.4796045422554016,1.5202029943466187,0.0,9.655020403442904e-05,gm,0.46828436851501465,3.32572552830257e-10,0.8133143186569214,0.3867601156234741,,,93.79494906330297,0.04689747453165148,1.4749880832403433,0.03179515486567475,71.548,77.08,575.962998509407
82.0,4.0,risk,3.0149207627376935,3.0149500370025635,3.0149500370025635,1.6023222784252118,1.0,8.380794525146484,3.0149207627376935,1.6023222784252118,0.8378245094243217,0.0,0.0,0.0,off,0.4899185299873352,1.5098865032196045,0.0,9.737956133903936e-05,gm,0.4696806073188782,3.721555008606714e-10,0.8133138418197632,0.38700413703918457,,,92.36805585433511,0.046184027927167554,1.6606273114280523,0.02781119376354934,71.554,81.27,574.7856727838516
83.0,4.0,risk,3.0148385132060334,3.01564884185791,3.01564884185791,1.6051669291523107,1.0,8.424524307250977,3.0148385132060334,1.6051669291523107,0.837305004944277,0.0,0.0,0.0,off,0.4898228645324707,1.509986162185669,0.0,0.00011046936560887843,gm,0.4695706367492676,3.840436579860551e-10,0.8133144974708557,0.3867715001106262,,,92.29569789328956,0.04614784894664478,1.74117355706322,0.026503876514458923,71.568,80.81,574.0040638446808
84.0,4.0,risk,3.015298402522836,3.0148239135742188,3.0148239135742188,1.6093314346450065,1.0,8.415642738342285,3.015298402522836,1.6093314346450065,0.8387862552157448,0.0,0.0,0.0,off,0.4803800880908966,1.5194265842437744,0.0,0.00010855057189473882,gm,0.4681718051433563,2.771566864900876e-10,0.8133141398429871,0.3860911726951599,,,91.87493169872833,0.045937465849364166,1.858692466720587,0.024714936263993497,71.8,75.24,569.2987192869186
85.0,4.0,risk,3.0144383425602825,3.014662742614746,3.014662742614746,1.6195307982242322,1.0,8.615508079528809,3.0144383425602825,1.6195307982242322,0.8376545381667974,0.0,0.0,0.0,off,0.478888601064682,1.5209201574325562,0.0,0.00010186651343246922,gm,0.46777743101119995,4.1649333981652603e-10,0.8133144974708557,0.38568753004074097,,,91.75692196962363,0.04587846098481182,1.7181910017179727,0.026701607061694065,71.53,79.46,571.2895535230637
86.0,4.0,risk,3.014333106062906,3.0140953063964844,3.0140953063964844,1.625674429452023,1.0,8.655052185058594,3.014333106062906,1.625674429452023,0.8363576456713859,0.0,0.0,0.0,off,0.49077367782592773,1.5090337991714478,0.0,9.983744530472904e-05,gm,0.4679450988769531,2.8422325604182674e-10,0.8133141994476318,0.3854375183582306,,,92.20722105996138,0.046103610529980694,1.591470131247179,0.028969196232323205,71.91,80.44,565.6562322378159
87.0,4.0,risk,3.0142352831028307,3.0145790576934814,3.0145790576934814,1.6279199675220968,1.0,8.738388061523438,3.0142352831028307,1.6279199675220968,0.8374238268798574,0.0,0.0,0.0,off,0.4996908903121948,1.500120997428894,0.0,0.00011745935626095161,gm,0.4691319763660431,3.7854500090084287e-10,0.8133149147033691,0.3861925005912781,,,91.37316696478412,0.04568658348239206,1.4629234582555528,0.03122964720031937,72.142,81.12,565.1593265533447
88.0,4.0,risk,3.014856391550635,3.0144870281219482,3.0144870281219482,1.6320796991553148,1.0,8.718877792358398,3.014856391550635,1.6320796991553148,0.8371004026259303,0.0,0.0,0.0,off,0.5033689141273499,1.4964419603347778,0.0,0.00010346396447857842,gm,0.46737948060035706,3.718443886135958e-10,0.8133147358894348,0.38504964113235474,,,91.26871223367945,0.045634356116839726,2.118334422820691,0.021542564585281494,72.26,80.67,564.8337082862854
89.0,4.0,risk,3.01470165911233,3.0147340297698975,3.0147340297698975,1.6350130604965913,1.0,8.76044750213623,3.01470165911233,1.6350130604965913,0.8367029154087271,0.0,0.0,0.0,off,0.4879455268383026,1.51185941696167,0.0,9.702055831439793e-05,gm,0.46764659881591797,2.719025837816247e-10,0.8133136630058289,0.38523054122924805,,,91.00439398500963,0.045502196992504816,1.6557041107307988,0.027482082515589663,71.932,81.3,566.636486530304
90.0,4.0,risk,3.0147090726496315,3.0152699947357178,3.0152699947357178,1.638413716765011,1.0,8.749334335327148,3.0147090726496315,1.638413716765011,0.8375570333522299,0.0,0.0,0.0,off,0.4856320321559906,1.5141758918762207,0.0,0.00010499788186280057,gm,0.46719756722450256,3.710455553918024e-10,0.8133142590522766,0.3843054175376892,,,90.81748928743644,0.045408744643718225,1.87188892994292,0.024258247333672135,72.272,81.09,562.4162975549698
91.0,4.0,risk,3.0145924963304758,3.014960527420044,3.014960527420044,1.6461268693894682,1.0,8.575902938842773,3.0145924963304758,1.6461268693894682,0.835595710808054,0.0,0.0,0.0,off,0.4762801229953766,1.523525595664978,0.0,0.00011060757242375985,gm,0.4671904742717743,3.1794797350492843e-10,0.813313901424408,0.3844727575778961,,,91.03999767970534,0.04551999883985267,1.6227486178940451,0.028051170919453423,71.944,80.42,565.5519750118256
92.0,4.0,risk,3.014537963720844,3.014578104019165,3.014578104019165,1.6469203840436228,1.0,8.583118438720703,3.014537963720844,1.6469203840436228,0.8355056646534854,0.0,0.0,0.0,off,0.488400936126709,1.5114089250564575,0.0,0.00010905203816946596,gm,0.46693578362464905,4.0745898322036567e-10,0.8133146166801453,0.3841301202774048,,,90.40460003145938,0.04520230001572969,2.052087620266194,0.022027470742144093,72.378,79.1,556.6768780946732
93.0,4.0,risk,3.0144916922235123,3.0156185626983643,3.0156185626983643,1.6558874921725535,1.0,8.665966987609863,3.0144916922235123,1.6558874921725535,0.8345593738433955,0.0,0.0,0.0,off,0.48103123903274536,1.518776535987854,0.0,0.0001032711734296754,gm,0.4662821590900421,3.3359198736704343e-10,0.8133141398429871,0.3839181959629059,,,91.38413790869791,0.045692068954348956,2.130255140519988,0.02144910629963117,72.332,81.53,558.482846736908
94.0,4.0,risk,3.014662477976221,3.014301061630249,3.014301061630249,1.6570242134201558,1.0,8.56102466583252,3.014662477976221,1.6570242134201558,0.8348018084950459,0.0,0.0,0.0,off,0.492065966129303,1.5077402591705322,0.0,0.00010619069507811219,gm,0.4665094017982483,2.9521368682949856e-10,0.8133138418197632,0.38391023874282837,,,91.45297135353705,0.04572648567676853,1.8294678120821932,0.024994419346862036,72.65,79.21,555.7981277704239
95.0,4.0,risk,3.0138363612582313,3.013542890548706,3.013542890548706,1.659633244394951,1.0,8.525635719299316,3.0138363612582313,1.659633244394951,0.8377371259662502,0.0,0.0,0.0,off,0.49118223786354065,1.5086233615875244,0.0,0.00010425417713122442,gm,0.466404527425766,3.482350796613076e-10,0.8133136034011841,0.38396820425987244,,,90.44140696703721,0.04522070348351861,1.9261619710873297,0.023477103256270424,72.05,81.62,560.79853951931
96.0,4.0,risk,3.013801025917463,3.0131778717041016,3.0131778717041016,1.665310416989924,1.0,8.584980964660645,3.013801025917463,1.665310416989924,0.8369949034717686,0.0,0.0,0.0,off,0.507884681224823,1.4919219017028809,0.0,0.00011743079085135832,gm,0.46721163392066956,2.912836361002036e-10,0.8133138418197632,0.3838968873023987,,,90.46478359771064,0.04523239179885532,1.9197443870719797,0.02356167420176411,72.504,82.31,557.0647332668304
97.0,4.0,risk,3.0135814039908406,3.0137267112731934,3.0137267112731934,1.6747034882645473,1.0,8.659135818481445,3.0135814039908406,1.6747034882645473,0.8354731618290971,0.0,0.0,0.0,off,0.488181471824646,1.5116209983825684,0.0,9.82805504463613e-05,gm,0.4652738571166992,2.542479005107623e-10,0.8133130669593811,0.3832753598690033,,,91.02184115290139,0.045510920576450696,1.9526771437259167,0.023306935671716315,72.196,81.76,558.0262509584427
98.0,4.0,risk,3.013978312997257,3.0136091709136963,3.0136091709136963,1.6803574360849913,1.0,8.772659301757812,3.013978312997257,1.6803574360849913,0.8330951788846184,0.0,0.0,0.0,off,0.4908679127693176,1.5089386701583862,0.0,0.00010252425272483379,gm,0.4654794931411743,3.6741393261152666e-10,0.8133138418197632,0.3836335241794586,,,90.10809540108771,0.04505404770054386,1.802328066764095,0.024997695220623194,72.892,81.96,549.2409358024597
99.0,4.0,risk,3.0137534104954558,3.014116048812866,3.014116048812866,1.6847687374295481,1.0,8.588006973266602,3.0137534104954558,1.6847687374295481,0.8323966497960298,0.0,0.0,0.0,off,0.5029801726341248,1.4968245029449463,0.0,0.00010765551996883005,gm,0.4655175805091858,3.0235511316867303e-10,0.8133134841918945,0.3830649256706238,,,89.99901851542735,0.04499950925771368,2.273251420472136,0.01979521880090485,72.944,83.02,550.0390325784683
100.0,4.0,risk,3.0142105576937155,3.0144448280334473,3.0144448280334473,1.6867847628605641,1.0,8.74758243560791,3.0142105576937155,1.6867847628605641,0.8327477807584016,0.0,0.0,0.0,off,0.49584370851516724,1.503961205482483,0.0,0.00010493210720596835,gm,0.46476709842681885,3.845026796955864e-10,0.8133134841918945,0.3827401399612427,,,90.98549236729765,0.045492746183648826,1.7096901368923847,0.02660876681802624,72.494,80.58,554.8444536924362
101.0,4.0,risk,3.0141376473409744,3.0128836631774902,3.0128836631774902,1.6922870996358144,1.0,8.818787574768066,3.0141376473409744,1.6922870996358144,0.8307560938398552,0.0,0.0,0.0,off,0.509636640548706,1.4901690483093262,0.0,0.00010382080654380843,gm,0.46664318442344666,3.616170696219001e-10,0.8133136034011841,0.3838335871696472,,,89.68141107924241,0.0448407055396212,1.7916560565632,0.02502751874466117,72.616,82.81,552.4271463155746
102.0,4.0,risk,3.013130845925997,3.0148651599884033,3.0148651599884033,1.6957799879181417,1.0,8.759379386901855,3.013130845925997,1.6957799879181417,0.8305509593480688,0.0,0.0,0.0,off,0.4908694326877594,1.508932113647461,0.0,0.00010169214510824531,gm,0.4655725061893463,2.6014665421847383e-10,0.8133127093315125,0.38332226872444153,,,89.06590019294116,0.044532950096470576,1.8726393390987002,0.02378084726015862,72.722,80.3,550.3551799058914
103.0,4.0,risk,3.0140752981385917,3.014333724975586,3.014333724975586,1.6991455972651996,1.0,8.833451271057129,3.0140752981385917,1.6991455972651996,0.8305312437779458,0.0,0.0,0.0,off,0.48854056000709534,1.511263370513916,0.0,0.00011289981193840504,gm,0.46513500809669495,3.6832656369334416e-10,0.8133133053779602,0.3829992711544037,,,89.06961014056388,0.044534805070281944,1.764951977705229,0.025232870714242097,72.88,81.73,546.3757076263428
104.0,4.0,risk,3.014410001847445,3.0144200325012207,3.0144200325012207,1.6997369497328463,1.0,8.760382652282715,3.014410001847445,1.6997369497328463,0.8286685001514756,0.0,0.0,0.0,off,0.5009666681289673,1.4988377094268799,0.0,0.00011980374983977526,gm,0.464160680770874,2.7819566095210746e-10,0.8133132457733154,0.38241851329803467,,,89.82835584827487,0.04491417792413743,1.6959559189337383,0.02648310455638219,72.96,83.71,546.2665258646011
105.0,4.0,risk,3.0141103035958525,3.014369010925293,3.014369010925293,1.7047381867533145,1.0,8.717463493347168,3.0141103035958525,1.7047381867533145,0.8298316491229455,0.0,0.0,0.0,off,0.5079494714736938,1.4918569326400757,0.0,0.0001183778585982509,gm,0.46420544385910034,3.904024881151713e-10,0.8133137226104736,0.38268861174583435,,,89.50129391891035,0.04475064695945517,1.8320238500703963,0.024426891035144335,73.212,82.4,542.9059982299805
106.0,4.0,risk,3.0146672542747632,3.0150508880615234,3.0150508880615234,1.710357365705778,1.0,8.810738563537598,3.0146672542747632,1.710357365705778,0.8293563712893239,0.0,0.0,0.0,off,0.4994001090526581,1.5004009008407593,0.0,0.00011078598618041724,gm,0.46563711762428284,3.9968423015679377e-10,0.8133125901222229,0.3833252489566803,,,89.11210258653186,0.04455605129326593,2.1899754039769608,0.02034545740210271,73.06,78.33,546.2404432296753
107.0,4.0,risk,3.014689600985983,3.013792037963867,3.013792037963867,1.7123539844132445,1.0,8.81042766571045,3.014689600985983,1.7123539844132445,0.8279928848566607,0.0,0.0,0.0,off,0.5160218477249146,1.483786940574646,0.0,0.00011419322254369035,gm,0.4651105999946594,3.211932386726346e-10,0.8133140206336975,0.38259702920913696,,,89.58050004840406,0.04479025002420203,1.799385242107231,0.024891973645259476,72.928,83.38,544.3270275592804
108.0,4.0,risk,3.0143212150124943,3.014571189880371,3.014571189880371,1.719427815178776,1.0,8.822402000427246,3.0143212150124943,1.719427815178776,0.8254561197117466,0.0,0.0,0.0,off,0.5039210319519043,1.495882272720337,0.0,0.00010464923980180174,gm,0.4642351269721985,2.4465418579922016e-10,0.8133130669593811,0.38267266750335693,,,88.95795049532866,0.04447897524766433,1.4840691044211893,0.029970959650839065,73.228,83.69,545.2770662307739
109.0,4.0,risk,3.015150501295124,3.0147454738616943,3.0147454738616943,1.7169399587699519,1.0,8.714715957641602,3.015150501295124,1.7169399587699519,0.8240302837718173,0.0,0.0,0.0,off,0.5128316283226013,1.4869736433029175,0.0,0.0001105401897802949,gm,0.46545615792274475,3.1072661110798094e-10,0.813313364982605,0.38257545232772827,,,88.79600007611042,0.04439800003805521,1.909848146431784,0.023246874428736693,73.004,78.76,544.0905096530914
110.0,4.0,risk,3.014344559301196,3.013932228088379,3.013932228088379,1.716883590764097,1.0,8.779422760009766,3.014344559301196,1.716883590764097,0.8248673499087849,0.0,0.0,0.0,off,0.5166972875595093,1.4831100702285767,0.0,0.00011491763143567368,gm,0.4659811556339264,2.920181874088712e-10,0.8133137822151184,0.3827916085720062,,,89.26414433230683,0.04463207216615341,2.0455989056631863,0.021818584299488384,73.774,79.28,536.7427498102188
111.0,4.0,risk,3.0146680177020295,3.015352964401245,3.015352964401245,1.7223785640028737,1.0,8.912222862243652,3.0146680177020295,1.7223785640028737,0.8241592279785429,0.0,0.0,0.0,off,0.4910873770713806,1.508717656135559,0.0,9.473218960920349e-05,gm,0.4643630087375641,3.43986339412794e-10,0.8133134245872498,0.3817487061023712,,,89.31179535936852,0.04465589767968426,1.8696813414276685,0.023884229194684855,73.584,80.77,539.0178112983704
112.0,4.0,risk,3.0149175492698883,3.0139691829681396,3.0139691829681396,1.7259465041367903,1.0,8.711697578430176,3.0149175492698883,1.7259465041367903,0.8254422662813036,0.0,0.0,0.0,off,0.5073298811912537,1.4924747943878174,0.0,0.00010260258568450809,gm,0.465960294008255,3.2567873398114955e-10,0.8133132457733154,0.3825969994068146,,,87.71905460991069,0.04385952730495534,2.0428865461360286,0.02146938966723945,73.616,85.05,534.6416873931885
113.0,4.0,risk,3.014897198933165,3.0154361724853516,3.0154361724853516,1.7270414685959097,1.0,8.7239990234375,3.014897198933165,1.7270414685959097,0.8244133875193194,0.0,0.0,0.0,off,0.49971145391464233,1.5000882148742676,0.0,0.00010982936510117725,gm,0.46567603945732117,2.397003151521915e-10,0.8133122324943542,0.38266104459762573,,,88.11693820737162,0.04405846910368581,2.034540538325955,0.021655242681936266,73.53,82.62,535.8498024940491
114.0,4.0,risk,3.0148817297747676,3.015333652496338,3.015333652496338,1.7255621587528902,1.0,8.677054405212402,3.0148817297747676,1.7255621587528902,0.8254055025632424,0.0,0.0,0.0,off,0.4967747628688812,1.5030280351638794,0.0,0.00010589033627184108,gm,0.4655076563358307,3.341288357106009e-10,0.813312828540802,0.3827865421772003,,,88.32964502467757,0.04416482251233879,2.1357532494690457,0.020678803847456764,73.662,77.86,534.1445024013519
115.0,4.0,risk,3.014985416856263,3.014171838760376,3.014171838760376,1.7298987969718016,1.0,8.699666976928711,3.014985416856263,1.7298987969718016,0.8245700364527495,0.0,0.0,0.0,off,0.5027182102203369,1.4970879554748535,0.0,0.00010601229587337002,gm,0.46560731530189514,3.936104497892501e-10,0.8133135437965393,0.3828469216823578,,,87.63376158963577,0.04381688079481789,2.055877137582713,0.021312986069944573,73.786,83.33,533.9457894563675
116.0,4.0,risk,3.0154159605655524,3.0162200927734375,3.0162200927734375,1.732751149655608,1.0,8.808866500854492,3.0154159605655524,1.732751149655608,0.8214791287546572,0.0,0.0,0.0,off,0.5060197114944458,1.4937900304794312,0.0,0.00011226491187699139,gm,0.4649182856082916,3.718537422425783e-10,0.8133141994476318,0.38212648034095764,,,88.48825355205693,0.044244126776028465,1.912685189784965,0.02313194403988805,73.742,82.16,531.0063779354095
117.0,4.0,risk,3.0157779025299774,3.0155158042907715,3.0155158042907715,1.7351632944458282,1.0,8.735564231872559,3.0157779025299774,1.7351632944458282,0.820751293083591,0.0,0.0,0.0,off,0.5010249614715576,1.4987785816192627,0.0,0.00010045539238490164,gm,0.4659091830253601,3.06328129529021e-10,0.8133130669593811,0.3831007480621338,,,88.7092529674455,0.04435462648372275,2.001557378492536,0.02216005744343349,73.738,79.94,533.46220099926
118.0,4.0,risk,3.0158249978214275,3.015625476837158,3.015625476837158,1.7372859002988967,1.0,8.830188751220703,3.0158249978214275,1.7372859002988967,0.820855728957964,0.0,0.0,0.0,off,0.49752071499824524,1.5022804737091064,0.0,0.00011151598300784826,gm,0.46639618277549744,2.8110935801350934e-10,0.8133125901222229,0.3831988573074341,,,87.70935958539782,0.043854679792698914,1.660675746274917,0.026407731847153126,74.0,83.43,529.3718086481094
119.0,4.0,risk,3.015647050974619,3.0151093006134033,3.0151093006134033,1.7383448156859258,1.0,8.878120422363281,3.015647050974619,1.7383448156859258,0.819823652734537,0.0,0.0,0.0,off,0.5097208023071289,1.4900816679000854,0.0,0.00010598423250485212,gm,0.46645671129226685,3.0616681412354296e-10,0.8133127689361572,0.38294461369514465,,,88.32107897514051,0.044160539487570254,2.038164678985735,0.021666816201302317,73.782,79.99,530.4145814180374
120.0,4.0,risk,3.0152796351391338,3.015354871749878,3.015354871749878,1.7414014278470402,1.0,8.923884391784668,3.0152796351391338,1.7414014278470402,0.8208418752226379,0.0,0.0,0.0,off,0.5095402002334595,1.4902644157409668,0.0,0.00010278461559209973,gm,0.46564677357673645,3.890316402355154e-10,0.8133131861686707,0.38289692997932434,,,88.302254570489,0.0441511272852445,1.7854541529216366,0.024728233549429195,73.966,79.24,529.8256744146347
121.0,4.0,risk,3.014629057911046,3.014883041381836,3.014883041381836,1.7419760096103638,1.0,8.852715492248535,3.014629057911046,1.7419760096103638,0.8198454969984186,0.0,0.0,0.0,off,0.5010776519775391,1.4987295866012573,0.0,0.00011888860899489373,gm,0.46576616168022156,3.873235898677052e-10,0.8133136630058289,0.38325607776641846,,,89.2843089582745,0.04464215447913725,1.975919030691716,0.022593109224475272,73.92,76.15,530.4364873170853
122.0,4.0,risk,3.0154562331831363,3.01486873626709,3.01486873626709,1.7464217179266692,1.0,8.780438423156738,3.0154562331831363,1.7464217179266692,0.820383115650138,0.0,0.0,0.0,off,0.5036299824714661,1.4961737394332886,0.0,0.0001142398759839125,gm,0.4662066698074341,3.2114674808347843e-10,0.8133130073547363,0.3832699954509735,,,88.01040353833997,0.044005201769169985,1.7841605811561905,0.024664372833892157,73.976,83.25,532.4018934965134
123.0,4.0,risk,3.0155562897167547,3.0154690742492676,3.0154690742492676,1.744357320658691,1.0,8.730108261108398,3.0155562897167547,1.744357320658691,0.8187953050789016,0.0,0.0,0.0,off,0.5022410154342651,1.4975625276565552,0.0,0.00010755948460428044,gm,0.4662928283214569,4.324578195546991e-10,0.8133128881454468,0.3833718001842499,,,87.66914447454452,0.04383457223727226,1.7768126379743554,0.02467034019256279,74.336,83.08,523.0891637802124
124.0,4.0,risk,3.015465935782703,3.01557993888855,3.01557993888855,1.7471350897913394,1.0,8.86014461517334,3.015465935782703,1.7471350897913394,0.8161887450291373,0.0,0.0,0.0,off,0.5132841467857361,1.48651921749115,0.0,0.00011228198127355427,gm,0.46617159247398376,3.735920461878095e-10,0.813312828540802,0.3839039206504822,,,87.21665000232566,0.04360832500116283,1.95819185190642,0.022269689743988796,74.826,81.94,518.2632601261139
125.0,4.0,risk,3.015686808949541,3.0153698921203613,3.0153698921203613,1.748057859937858,1.0,8.722352981567383,3.015686808949541,1.748057859937858,0.8182225242600112,0.0,0.0,0.0,off,0.5173622965812683,1.4824408292770386,0.0,0.00011147898476338014,gm,0.4671440124511719,3.212144994435562e-10,0.813312828540802,0.3842369318008423,,,87.6769859334876,0.0438384929667438,1.543624277045721,0.028399717223056696,74.048,81.69,526.2322351932526
126.0,4.0,risk,3.01539870601176,3.0149543285369873,3.0149543285369873,1.7464955886611548,1.0,8.664663314819336,3.01539870601176,1.7464955886611548,0.8185278283970435,0.0,0.0,0.0,off,0.5205632448196411,1.4792424440383911,0.0,0.00011526709567988291,gm,0.46690481901168823,3.43138517600039e-10,0.8133133053779602,0.38400909304618835,,,86.50927389187426,0.04325463694593713,2.0340352380358198,0.02126543146209516,74.514,83.77,517.6863635778427
127.0,4.0,risk,3.0152156145676323,3.014331817626953,3.014331817626953,1.7455580819903127,1.0,8.844915390014648,3.0152156145676323,1.7455580819903127,0.81645462259917,0.0,0.0,0.0,off,0.5202987194061279,1.4795044660568237,0.0,0.00012334420171100646,gm,0.46760693192481995,3.917251523155585e-10,0.813312828540802,0.3843608796596527,,,87.15028435884483,0.04357514217942242,1.93557880022527,0.022512719282909575,74.37,84.93,519.0070230960846
128.0,4.0,risk,3.015157534338324,3.0159878730773926,3.0159878730773926,1.7475105216131186,1.0,8.876726150512695,3.015157534338324,1.7475105216131186,0.8172586490126217,0.0,0.0,0.0,off,0.5016698241233826,1.4981300830841064,0.0,0.00011673933477140963,gm,0.4666683077812195,3.4624147993156384e-10,0.813312292098999,0.38367798924446106,,,86.51999697765922,0.04325999848882961,1.8164086122348635,0.02381622625957691,74.498,82.99,517.63394510746
129.0,4.0,risk,3.0153068672970433,3.0146701335906982,3.0146701335906982,1.747078551050952,1.0,8.863130569458008,3.0153068672970433,1.747078551050952,0.816690129849612,0.0,0.0,0.0,off,0.5158863067626953,1.4839160442352295,0.0,0.00011313343566143885,gm,0.46679800748825073,3.6069602860067107e-10,0.8133127093315125,0.38367941975593567,,,87.22983499445118,0.04361491749722559,2.054175187747581,0.021232326121634098,74.686,84.0,516.8960939645767
130.0,4.0,risk,3.015977056435002,3.016080379486084,3.016080379486084,1.745070799537327,1.0,8.642003059387207,3.015977056435002,1.745070799537327,0.8147293464911868,0.0,0.0,0.0,off,0.5034498572349548,1.4963486194610596,0.0,0.00010094011668115854,gm,0.46681681275367737,4.860906122061692e-10,0.8133119344711304,0.3837859034538269,,,85.64185582783111,0.042820927913915556,1.7781304390624109,0.02408199475877291,74.73,84.73,515.2017337083817
131.0,4.0,risk,3.0157320694545344,3.0163679122924805,3.0163679122924805,1.7475802425838187,1.0,8.717949867248535,3.0157320694545344,1.7475802425838187,0.8175223968218049,0.0,0.0,0.0,off,0.5097444653511047,1.4900615215301514,0.0,0.00011481715773697942,gm,0.46767041087150574,3.238945778250013e-10,0.8133134245872498,0.384541392326355,,,86.02026322529193,0.04301013161264596,2.110812007167303,0.020376107141045357,74.73,84.89,509.0667225122452
132.0,4.0,risk,3.0160978505068727,3.016979217529297,3.016979217529297,1.753277331057107,1.0,8.703546524047852,3.0160978505068727,1.753277331057107,0.8157987196732055,0.0,0.0,0.0,off,0.5004533529281616,1.4993499517440796,0.0,0.00010858930181711912,gm,0.46654197573661804,4.150635390942625e-10,0.8133128881454468,0.3833397626876831,,,86.08995923456412,0.04304497961728206,2.080170978809295,0.020693000746468123,74.826,83.43,512.4499571323395
133.0,4.0,risk,3.0160123399456444,3.0155856609344482,3.0155856609344482,1.7537830296684713,1.0,8.737476348876953,3.0160123399456444,1.7537830296684713,0.8172378710773595,0.0,0.0,0.0,off,0.5174763202667236,1.4823248386383057,0.0,0.0001139127416536212,gm,0.46648815274238586,2.9616037400259643e-10,0.8133123517036438,0.3833605945110321,,,86.37084205655982,0.043185421028279915,1.6983522072747845,0.025427835783000657,74.826,82.04,510.27416372299194
134.0,4.0,risk,3.015052762482782,3.014442205429077,3.014442205429077,1.755121627427123,1.0,8.811192512512207,3.015052762482782,1.755121627427123,0.8154523836072448,0.0,0.0,0.0,off,0.5272165536880493,1.4725924730300903,0.0,0.00011680238822009414,gm,0.4658350646495819,4.650733409494734e-10,0.813313901424408,0.38343876600265503,,,86.95389106735207,0.04347694553367604,2.3859089629083274,0.018222382416753814,75.27,84.14,506.2029902935028
135.0,4.0,risk,3.015369212840829,3.01613450050354,3.01613450050354,1.7583074203842437,1.0,8.734504699707031,3.015369212840829,1.7583074203842437,0.8163501888589786,0.0,0.0,0.0,off,0.4969354569911957,1.5028698444366455,0.0,0.00011357327457517385,gm,0.46725577116012573,3.4656758018947187e-10,0.8133133053779602,0.3845231831073761,,,86.19813758537511,0.04309906879268755,1.7640545679033641,0.024431822902118153,74.954,78.51,513.5468111038208
136.0,4.0,risk,3.015700848815996,3.01658034324646,3.01658034324646,1.7573193711088138,1.0,8.755475044250488,3.015700848815996,1.7573193711088138,0.8153287701289672,0.0,0.0,0.0,off,0.5092059373855591,1.4906011819839478,0.0,0.00012194826558697969,gm,0.4672141671180725,5.028811811413902e-10,0.8133136034011841,0.3839605152606964,,,87.85039579533546,0.04392519789766773,2.433625495795144,0.018049284071670998,74.99,82.47,510.94334876537323
137.0,4.0,risk,3.016554486721068,3.0157296657562256,3.0157296657562256,1.7545610394929072,1.0,8.69563102722168,3.016554486721068,1.7545610394929072,0.8109537745680651,0.0,0.0,0.0,off,0.5055105090141296,1.494294285774231,0.0,0.0001329540100414306,gm,0.46858319640159607,3.4849956254134895e-10,0.8133131861686707,0.3852536082267761,,,86.2545692339244,0.0431272846169622,2.1400006660795943,0.020152930464255352,75.326,83.36,504.9713302850723
138.0,4.0,risk,3.0161988698613005,3.0151824951171875,3.0151824951171875,1.754183237509959,1.0,8.642511367797852,3.0161988698613005,1.754183237509959,0.810649534777912,0.0,0.0,0.0,off,0.5036819577217102,1.4961198568344116,0.0,0.00011369246931280941,gm,0.468305766582489,2.8995364442785387e-10,0.8133125901222229,0.38490673899650574,,,85.2330322271744,0.0426165161135872,2.145660158780202,0.019861726909173955,75.398,83.18,502.4668606519699
139.0,4.0,risk,3.015519772649116,3.016754627227783,3.016754627227783,1.7546445960583894,1.0,8.800856590270996,3.015519772649116,1.7546445960583894,0.8105355104826906,0.0,0.0,0.0,off,0.5015233159065247,1.4982821941375732,0.0,0.0001253382069990039,gm,0.46673423051834106,4.680355547570514e-10,0.813313364982605,0.3838869035243988,,,85.44303493249372,0.04272151746624686,1.8136993940667692,0.02355490529798022,75.33,83.86,502.05095744132996
140.0,4.0,risk,3.0164498697461375,3.0172154903411865,3.0172154903411865,1.7562648841487172,1.0,8.772331237792969,3.0164498697461375,1.7562648841487172,0.8079433275000824,0.0,0.0,0.0,off,0.5076472163200378,1.4921565055847168,0.0,0.00011545523011591285,gm,0.46699991822242737,3.6369104949862674e-10,0.8133128881454468,0.3839017152786255,,,85.60837901497382,0.04280418950748691,2.1910767191493536,0.019535687241524283,75.694,84.79,500.4127653837204
141.0,4.0,risk,3.0165483469853314,3.015510320663452,3.015510320663452,1.7548717687197048,1.0,8.681615829467773,3.0165483469853314,1.7548717687197048,0.8068728878370026,0.0,0.0,0.0,off,0.5296432971954346,1.47016441822052,0.0,0.00010375428246334195,gm,0.46770286560058594,5.936623415081499e-10,0.8133135437965393,0.3846001625061035,,,85.41903106270311,0.042709515531351556,1.7135088356965578,0.024925179632347638,75.376,82.12,499.5753254890442
142.0,4.0,risk,3.0160676951298626,3.0162675380706787,3.0162675380706787,1.7560173193816944,1.0,8.823891639709473,3.0160676951298626,1.7560173193816944,0.8087606789815761,0.0,0.0,0.0,off,0.5079524517059326,1.4918513298034668,0.0,0.00011849665315821767,gm,0.468739777803421,3.9133205009811434e-10,0.8133130073547363,0.38502636551856995,,,84.73191754243551,0.04236595877121776,2.0463917779813583,0.02070276045235542,75.726,84.57,497.7240732908249
143.0,4.0,risk,3.0160860856780616,3.016690492630005,3.016690492630005,1.7578881619226596,1.0,8.537383079528809,3.0160860856780616,1.7578881619226596,0.8083322885091347,0.0,0.0,0.0,off,0.5156185626983643,1.4841876029968262,0.0,0.00011722981435013935,gm,0.46848776936531067,4.391422225857866e-10,0.8133134245872498,0.38497036695480347,,,84.60575262401012,0.042302876312005064,2.141724375723424,0.019751783558851335,75.69,85.17,497.4305098056793
144.0,4.0,risk,3.0162744174528,3.0159473419189453,3.0159473419189453,1.7568258217838415,1.0,8.580230712890625,3.0162744174528,1.7568258217838415,0.807276233382847,0.0,0.0,0.0,off,0.5145282745361328,1.4852715730667114,0.0,0.00012208068801555783,gm,0.46876659989356995,4.874272097055155e-10,0.8133121728897095,0.38459667563438416,,,84.41980935887453,0.04220990467943726,2.160391449604407,0.019538081715314317,76.156,83.86,491.5619258880615
145.0,4.0,risk,3.016185056218101,3.0157573223114014,3.0157573223114014,1.7567365642093942,1.0,8.562403678894043,3.016185056218101,1.7567365642093942,0.8074520652556358,0.0,0.0,0.0,off,0.5211781859397888,1.4786227941513062,0.0,0.00011197893036296591,gm,0.46960291266441345,2.7675570168916863e-10,0.8133124709129333,0.38580164313316345,,,83.96199421312159,0.041980997106560794,1.9139553039899737,0.021934157510911607,75.932,83.38,491.11302477121353
146.0,4.0,risk,3.015992065829694,3.016138792037964,3.016138792037964,1.757095925948199,1.0,8.644620895385742,3.015992065829694,1.757095925948199,0.8063491203291032,0.0,0.0,0.0,off,0.5088000297546387,1.4910004138946533,0.0,0.0001078423738363199,gm,0.4690213203430176,3.3401217902628844e-10,0.813312292098999,0.3855140209197998,,,83.84037601650525,0.041920188008252625,2.169946154140367,0.019318538355556327,75.986,86.87,489.89376640319824
147.0,4.0,risk,3.0158221648477226,3.016390800476074,3.016390800476074,1.758084441694762,1.0,8.5753812789917,3.0158221648477226,1.758084441694762,0.806002789141272,0.0,0.0,0.0,off,0.5222805738449097,1.4775261878967285,0.0,0.0001077789711416699,gm,0.4690525531768799,2.7814148206850575e-10,0.8133134841918945,0.3854454755783081,,,84.24224309557701,0.042121121547788506,2.212627089559582,0.01903670155108361,76.236,86.1,487.59962034225464
148.0,4.0,risk,3.0163594487378056,3.0165202617645264,3.0165202617645264,1.7592426757983235,1.0,8.59046745300293,3.0163594487378056,1.7592426757983235,0.8069299002132757,0.0,0.0,0.0,off,0.5200545191764832,1.4797518253326416,0.0,0.0001289248320972547,gm,0.4695848822593689,4.0318412497519773e-10,0.813313364982605,0.38621023297309875,,,84.36015220830942,0.04218007610415471,1.9566853657684828,0.02155690273054636,76.08,84.9,488.9382721185684
149.0,4.0,risk,3.0164018939523136,3.016657829284668,3.016657829284668,1.7576042557006601,1.0,8.550649642944336,3.0164018939523136,1.7576042557006601,0.8037313675636526,0.0,0.0,0.0,off,0.5162695050239563,1.483534336090088,0.0,0.00011780801287386566,gm,0.47039052844047546,3.301152684542785e-10,0.8133128881454468,0.3863871693611145,,,83.57610530413353,0.04178805265206677,1.9607723241507755,0.02131203716890765,76.262,85.41,488.19578194618225
150.0,4.0,risk,3.0167456691527303,3.0171642303466797,3.0171642303466797,1.7613821718698877,1.0,8.804343223571777,3.0167456691527303,1.7613821718698877,0.802830899615422,0.0,0.0,0.0,off,0.5195111036300659,1.4802937507629395,0.0,0.00011167112097609788,gm,0.4687859117984772,4.538025233369325e-10,0.8133130669593811,0.385349839925766,,,83.85827757684335,0.04192913878842167,2.1775769907097624,0.019254951245032778,76.542,83.09,482.80515813827515
151.0,4.0,risk,3.0168374505494255,3.0161454677581787,3.0161454677581787,1.756344225400549,1.0,8.716100692749023,3.0168374505494255,1.756344225400549,0.8026081791619206,0.0,0.0,0.0,off,0.5230823159217834,1.4767240285873413,0.0,0.0001178473758045584,gm,0.4697856903076172,4.3453110554203533e-10,0.8133133053779602,0.3865719735622406,,,83.11414252482744,0.041557071262413724,1.7892330321094458,0.023226192741042418,76.786,84.44,480.6651116013527
152.0,4.0,risk,3.016770526271342,3.0165042877197266,3.0165042877197266,1.759317055382692,1.0,8.665406227111816,3.016770526271342,1.759317055382692,0.8031127620536043,0.0,0.0,0.0,off,0.5100538730621338,1.4897507429122925,0.0,0.0001124228656408377,gm,0.47002655267715454,3.671370985003364e-10,0.8133131265640259,0.38634738326072693,,,82.11171306036157,0.04105585653018078,2.2516171904595814,0.018233941677182168,76.712,84.29,478.22556495666504
153.0,4.0,risk,3.0163983127954976,3.0180251598358154,3.0180251598358154,1.7595880732816809,1.0,8.635231018066406,3.0163983127954976,1.7595880732816809,0.8040436010836335,0.0,0.0,0.0,off,0.5039381980895996,1.4958645105361938,0.0,0.00011984154843958095,gm,0.4690653085708618,3.342697785235771e-10,0.8133127093315125,0.3856072425842285,,,83.2360771954701,0.04161803859773505,2.2045450233741306,0.01887828924175803,76.738,83.12,475.99717819690704
154.0,4.0,risk,3.016992129328306,3.017050266265869,3.017050266265869,1.7608222266292328,1.0,8.59622859954834,3.016992129328306,1.7608222266292328,0.8014024060095668,0.0,0.0,0.0,off,0.5232656598091125,1.4765394926071167,0.0,0.00013203860726207495,gm,0.47020071744918823,5.987962903297728e-10,0.8133130669593811,0.38621604442596436,,,83.16020581435092,0.04158010290717546,2.492820471480525,0.01667994281292162,76.82,85.86,475.30116909742355
155.0,4.0,risk,3.01615682160458,3.0169126987457275,3.0169126987457275,1.762267567617509,1.0,8.521132469177246,3.01615682160458,1.762267567617509,0.8023566864335628,0.0,0.0,0.0,off,0.5164897441864014,1.4833191633224487,0.0,0.00011725950025720522,gm,0.4699482321739197,2.8545202312990625e-10,0.8133137822151184,0.3863936960697174,,,82.84133159340854,0.041420665796704274,2.3990014022301045,0.017265794742012133,76.78,84.02,476.6401360630989
156.0,4.0,risk,3.0162315490605582,3.0165576934814453,3.0165576934814453,1.7588429283303069,1.0,8.504138946533203,3.0162315490605582,1.7588429283303069,0.8008967575514713,0.0,0.0,0.0,off,0.5192664861679077,1.4805387258529663,0.0,0.00012100223830202594,gm,0.4708373248577118,3.598388531589336e-10,0.8133131861686707,0.3869710862636566,,,82.01450368500235,0.041007251842501174,2.1622351326626457,0.01896521392287412,77.02,85.33,471.28601092100143
157.0,4.0,risk,3.016369860495448,3.0169098377227783,3.0169098377227783,1.7569874631779274,1.0,8.532312393188477,3.016369860495448,1.7569874631779274,0.8008242955293192,0.0,0.0,0.0,off,0.5229542851448059,1.4768542051315308,0.0,0.00012064322072546929,gm,0.47077322006225586,3.4384770031259393e-10,0.8133136630058289,0.386610209941864,,,82.00745963847186,0.04100372981923593,1.7095547084097173,0.023985035177598334,76.642,86.07,476.13809847831726
158.0,4.0,risk,3.0171085007660223,3.0172319412231445,3.0172319412231445,1.7561047729628776,1.0,8.502643585205078,3.0171085007660223,1.7561047729628776,0.8001252318282261,0.0,0.0,0.0,off,0.5205886363983154,1.4792214632034302,0.0,0.0001370183890685439,gm,0.4707257151603699,3.21475263076465e-10,0.8133140206336975,0.3868351876735687,,,82.3895545454423,0.041194777272721146,2.1854792177249913,0.01884931091479492,76.922,87.3,471.5925147533417
159.0,4.0,risk,3.0163844375659132,3.0167946815490723,3.0167946815490723,1.7553211481065092,1.0,8.713713645935059,3.0163844375659132,1.7553211481065092,0.8003420907518138,0.0,0.0,0.0,off,0.5156740546226501,1.4841337203979492,0.0,0.00012492296809796244,gm,0.47000327706336975,4.295896138817312e-10,0.8133137226104736,0.38600683212280273,,,82.71385790024587,0.04135692895012293,1.8603045159027607,0.02223126837385191,77.218,86.31,467.638856112957
160.0,4.0,risk,3.016603091793597,3.0170233249664307,3.0170233249664307,1.7569993124593555,1.0,8.807018280029297,3.016603091793597,1.7569993124593555,0.8009670910323062,0.0,0.0,0.0,off,0.5178599953651428,1.481945514678955,0.0,0.00011744398943847045,gm,0.4709393382072449,2.736021964544477e-10,0.8133131265640259,0.3870754539966583,,,81.24258612039642,0.04062129306019821,2.10156938278431,0.0193290278174781,77.42,86.28,466.783371090889
161.0,4.0,risk,3.016395006033466,3.017693042755127,3.017693042755127,1.75518167079867,1.0,8.778480529785156,3.016395006033466,1.75518167079867,0.8009457763503579,0.0,0.0,0.0,off,0.5161483287811279,1.4836562871932983,0.0,0.0001235929230460897,gm,0.47222957015037537,3.9508227245299565e-10,0.8133130669593811,0.38793718814849854,,,81.58932216614728,0.04079466108307364,1.9319613558736035,0.021115671366328605,77.414,83.9,462.95516031980515
162.0,4.0,risk,3.017004588680804,3.017641305923462,3.017641305923462,1.7532055728575762,1.0,8.803092956542969,3.017004588680804,1.7532055728575762,0.8006788335187965,0.0,0.0,0.0,off,0.5260934233665466,1.4737135171890259,0.0,0.00012654383317567408,gm,0.47063782811164856,4.1563985586634544e-10,0.8133134841918945,0.38693293929100037,,,81.41082461457849,0.040705412307289246,1.9995846717500811,0.020356933558438893,77.598,84.59,462.2921758890152
163.0,4.0,risk,3.01711363926568,3.0167431831359863,3.0167431831359863,1.751864374446137,1.0,8.565192222595215,3.01711363926568,1.751864374446137,0.7977552438331077,0.0,0.0,0.0,off,0.5282568335533142,1.4715538024902344,0.0,0.00012154137948527932,gm,0.4704834520816803,4.876005710308107e-10,0.8133141398429871,0.38659071922302246,,,81.48217056525701,0.04074108528262851,2.8994735999078514,0.014051200633081573,77.69,84.44,460.301311314106
164.0,4.0,risk,3.0167007129210646,3.0164501667022705,3.0164501667022705,1.7545833139468336,1.0,8.583041191101074,3.0167007129210646,1.7545833139468336,0.7997922196107752,0.0,0.0,0.0,off,0.5280072093009949,1.4717981815338135,0.0,0.00012465182226151228,gm,0.47228893637657166,3.592476871538963e-10,0.8133130669593811,0.38821426033973694,,,81.61721194443912,0.04080860597221956,2.2822795662587163,0.017880634158731083,77.826,86.11,461.04010075330734
165.0,4.0,risk,3.016488539288416,3.015791893005371,3.015791893005371,1.7535721655087093,1.0,8.620342254638672,3.016488539288416,1.7535721655087093,0.8002275339782695,0.0,0.0,0.0,off,0.5391533374786377,1.4606518745422363,0.0,0.00010989542352035642,gm,0.4726014733314514,2.8817304098538443e-10,0.8133130073547363,0.3879305124282837,,,81.7038752772538,0.0408519376386269,2.2260114355291405,0.018352078963563848,77.578,85.54,460.5766330361366
166.0,4.0,risk,3.017199209583995,3.0180649757385254,3.0180649757385254,1.752491192439633,1.0,8.727622032165527,3.017199209583995,1.752491192439633,0.7993707583688409,0.0,0.0,0.0,off,0.5165569186210632,1.4832518100738525,0.0,0.00011799670028267428,gm,0.4726075828075409,4.698236799605127e-10,0.8133138418197632,0.3884710669517517,,,80.86085032715835,0.04043042516357918,2.29961173673847,0.017581413643731652,77.88,86.69,455.8501883149147
167.0,4.0,risk,3.0174975492765226,3.017995834350586,3.017995834350586,1.7494884985487174,1.0,8.559226036071777,3.0174975492765226,1.7494884985487174,0.7990254889363828,0.0,0.0,0.0,off,0.5182017087936401,1.4816049337387085,0.0,0.00013774537364952266,gm,0.47244009375572205,3.3175540092855726e-10,0.8133133053779602,0.38827022910118103,,,80.23928945732618,0.04011964472866309,2.1766112670907045,0.0184321588954594,78.252,86.96,449.8004520535469
168.0,4.0,risk,3.016578343823133,3.0168657302856445,3.0168657302856445,1.7508844835374056,1.0,8.68406867980957,3.016578343823133,1.7508844835374056,0.7987979748060027,0.0,0.0,0.0,off,0.520605742931366,1.4791994094848633,0.0,0.0001209964684676379,gm,0.4731708765029907,2.3403104454366996e-10,0.8133130669593811,0.38856345415115356,,,80.16262176946982,0.04008131088473491,2.336748903434901,0.01715259642395357,78.092,87.92,449.3711789250374
169.0,4.0,risk,3.016500565097155,3.0156056880950928,3.0156056880950928,1.7518637631555347,1.0,8.59858512878418,3.016500565097155,1.7518637631555347,0.7997176243216181,0.0,0.0,0.0,off,0.5355830192565918,1.4642263650894165,0.0,0.00012684741523116827,gm,0.4742540717124939,3.4062769271869797e-10,0.813313901424408,0.3890717327594757,,,80.00882277713644,0.04000441138856822,2.322502023283611,0.01722470464504009,78.392,87.43,448.9254633784294
170.0,4.0,risk,3.016695548811227,3.0167596340179443,3.0167596340179443,1.7470646425891105,1.0,8.691680908203125,3.016695548811227,1.7470646425891105,0.7996979076844042,0.0,0.0,0.0,off,0.5308184623718262,1.4689916372299194,0.0,0.0001218972320202738,gm,0.47392356395721436,3.355339062149909e-10,0.8133140206336975,0.3894307017326355,,,79.79442036178986,0.03989721018089493,2.5474615685649242,0.01566155528044745,78.398,87.36,447.60825699567795
171.0,4.0,risk,3.016532406477672,3.016679048538208,3.016679048538208,1.7483094967234776,1.0,8.67656135559082,3.016532406477672,1.7483094967234776,0.7978372971724976,0.0,0.0,0.0,off,0.5266463756561279,1.4731626510620117,0.0,0.0001191370320157148,gm,0.47440358996391296,3.7327957391752875e-10,0.8133137226104736,0.38969936966896057,,,79.73909986379721,0.039869549931898604,2.224142995888312,0.017925803334409667,78.312,87.1,445.2852067351341
172.0,4.0,risk,3.0171670962477584,3.016921281814575,3.016921281814575,1.747290892674185,1.0,8.625300407409668,3.0171670962477584,1.747290892674185,0.7960630033327185,0.0,0.0,0.0,off,0.5346494317054749,1.4651609659194946,0.0,0.00012659475032705814,gm,0.47494539618492126,4.6302817136023577e-10,0.813313901424408,0.38986870646476746,,,79.17501360474866,0.03958750680237433,2.223683450449268,0.017802671866077053,78.934,87.68,440.88410568237305
173.0,4.0,risk,3.016813483689447,3.016157388687134,3.016157388687134,1.7469582530238745,1.0,8.734015464782715,3.016813483689447,1.7469582530238745,0.7977003624372165,0.0,0.0,0.0,off,0.5329906940460205,1.4668205976486206,0.0,0.00012691757001448423,gm,0.47362565994262695,3.709168250320971e-10,0.8133141994476318,0.3894786536693573,,,79.4057142531612,0.039702857126580594,2.424773937901987,0.016373838610676063,78.486,87.51,443.6453337073326
174.0,4.0,risk,3.0159334807139833,3.017223358154297,3.017223358154297,1.7485167775922419,1.0,8.623128890991211,3.0159334807139833,1.7485167775922419,0.800276020451275,0.0,0.0,0.0,off,0.5255008935928345,1.474307656288147,0.0,0.0001285508187720552,gm,0.4744352400302887,3.633343348408147e-10,0.8133137226104736,0.3899495601654053,,,79.33096917286852,0.03966548458643426,2.1679250978466698,0.018296519850170428,78.954,87.55,439.5123775601387
175.0,4.0,risk,3.016336653238672,3.01700758934021,3.01700758934021,1.7466987920234271,1.0,8.541583061218262,3.016336653238672,1.7466987920234271,0.7985443514021461,0.0,0.0,0.0,off,0.533204197883606,1.4666064977645874,0.0,0.0001243395236087963,gm,0.47397497296333313,4.726884994532554e-10,0.8133140206336975,0.38960161805152893,,,79.06402231793898,0.03953201115896949,2.1128887855781895,0.018709934677490183,78.796,86.95,436.9798360466957
176.0,4.0,risk,3.0169622562730405,3.0168817043304443,3.0168817043304443,1.746186577450589,1.0,8.604589462280273,3.0169622562730405,1.746186577450589,0.7988320732360605,0.0,0.0,0.0,off,0.519260048866272,1.4805457592010498,0.0,0.00011419066140661016,gm,0.4757218658924103,3.430840056495299e-10,0.8133131861686707,0.390502393245697,,,78.23566461455981,0.03911783230727991,2.534328286941579,0.015435187504649294,78.97,88.27,436.70839071273804
177.0,4.0,risk,3.016618628636041,3.016634225845337,3.016634225845337,1.7442678929594777,1.0,8.68399715423584,3.016618628636041,1.7442678929594777,0.7954028364642501,0.0,0.0,0.0,off,0.5323481559753418,1.4674639701843262,0.0,0.00012252181477379054,gm,0.4746267795562744,3.588102315266184e-10,0.8133143186569214,0.39070913195610046,,,78.71455257623727,0.03935727628811864,2.2178746275146537,0.017745491922698232,78.862,87.24,435.0745282769203
178.0,4.0,risk,3.0164857679010963,3.0171964168548584,3.0171964168548584,1.745928895747875,1.0,8.63477897644043,3.0164857679010963,1.745928895747875,0.7967284955941808,0.0,0.0,0.0,off,0.5316418409347534,1.4681673049926758,0.0,0.00011976663517998531,gm,0.47529327869415283,5.116899681745224e-10,0.8133137226104736,0.39065903425216675,,,77.88988450596561,0.038944942252982805,2.2706074074712097,0.017151772748048966,78.89,87.25,434.36059653759
179.0,4.0,risk,3.016948259090219,3.016695499420166,3.016695499420166,1.7440473094315785,1.0,8.593480110168457,3.016948259090219,1.7440473094315785,0.7964738095203019,0.0,0.0,0.0,off,0.542671799659729,1.45714271068573,0.0,0.00013180410314816982,gm,0.47525736689567566,4.0247774557578e-10,0.8133146166801453,0.39053836464881897,,,78.18376197082124,0.03909188098541062,2.4265393256731236,0.016110137005328155,79.022,87.79,429.13149333000183
180.0,4.0,risk,3.0166065570948373,3.016479253768921,3.016479253768921,1.7401820293167973,1.0,8.439498901367188,3.0166065570948373,1.7401820293167973,0.7966512366938774,0.0,0.0,0.0,off,0.5264152884483337,1.4733977317810059,0.0,0.00012991137919016182,gm,0.47636815905570984,4.6203735282190905e-10,0.8133145570755005,0.3912164866924286,,,78.03674697915947,0.03901837348957974,2.5260975240346495,0.015446107332887177,79.57,86.97,423.9357136487961
181.0,4.0,risk,3.016678990000654,3.0153086185455322,3.0153086185455322,1.739230383082729,1.0,8.416682243347168,3.016678990000654,1.739230383082729,0.7966219313309321,0.0,0.0,0.0,off,0.5433021187782288,1.456513524055481,0.0,0.00014372391160577536,gm,0.4768933355808258,4.37544972475834e-10,0.8133149743080139,0.3914567530155182,,,77.53091435511615,0.038765457177558076,2.6018548142137288,0.014899162307514402,79.348,88.65,427.11654138565063
182.0,4.0,risk,3.0163572919948023,3.016000747680664,3.016000747680664,1.7392852589907244,1.0,8.627836227416992,3.0163572919948023,1.7392852589907244,0.797162746224562,0.0,0.0,0.0,off,0.5418905019760132,1.4579240083694458,0.0,0.00015804838039912283,gm,0.4764820337295532,2.611050264889059e-10,0.8133146166801453,0.39143556356430054,,,77.23250332307998,0.038616251661539994,2.3237334195947756,0.016618193522505733,79.78,87.8,419.7599620819092
183.0,4.0,risk,3.0161761420462136,3.0172579288482666,3.0172579288482666,1.7416383573771133,1.0,8.635032653808594,3.0161761420462136,1.7416383573771133,0.7976513433334468,0.0,0.0,0.0,off,0.5396580696105957,1.4601566791534424,0.0,0.00012448774941731244,gm,0.47643616795539856,3.775265655647786e-10,0.8133147954940796,0.39165425300598145,,,77.01886290331689,0.038509431451658444,2.710263623156307,0.014208740110237431,79.602,87.39,420.5928900837898
184.0,4.0,risk,3.017367583711434,3.017609119415283,3.017609119415283,1.739212579129602,1.0,8.535445213317871,3.017367583711434,1.739212579129602,0.7942498086968346,0.0,0.0,0.0,off,0.5268510580062866,1.472963571548462,0.0,0.00014963711146265268,gm,0.4754616320133209,4.4864550963197303e-10,0.8133148550987244,0.3910118341445923,,,77.6453321430669,0.03882266607153345,2.227957199804107,0.017425229746310625,79.432,87.79,423.51668578386307
185.0,4.0,risk,3.0173729801421887,3.016437292098999,3.016437292098999,1.7394510239286496,1.0,8.47678279876709,3.0173729801421887,1.7394510239286496,0.7942348910719538,0.0,0.0,0.0,off,0.5398167967796326,1.459997296333313,0.0,0.00013826636131852865,gm,0.4777211546897888,3.158630301758336e-10,0.8133147954940796,0.3918267488479614,,,76.62196993787516,0.03831098496893758,2.2210296433264634,0.017249200200479427,79.554,89.04,419.319254219532
186.0,4.0,risk,3.016642657082404,3.016963481903076,3.016963481903076,1.7378933563866579,1.0,8.496685028076172,3.016642657082404,1.7378933563866579,0.793216667516762,0.0,0.0,0.0,off,0.5410867929458618,1.4587286710739136,0.0,0.00012794884969480336,gm,0.47644782066345215,3.303988471703434e-10,0.8133149743080139,0.3915146291255951,,,76.38464943822028,0.03819232471911014,2.1518288496114732,0.017748774362796566,80.034,89.03,411.8824762701988
187.0,4.0,risk,3.0166657330739834,3.015679121017456,3.015679121017456,1.7381618775979941,1.0,8.561387062072754,3.0166657330739834,1.7381618775979941,0.7945476550885173,0.0,0.0,0.0,off,0.5554245114326477,1.4443918466567993,0.0,0.00014560959243681282,gm,0.4781671166419983,5.259830349046979e-10,0.8133150339126587,0.39310863614082336,,,75.94482158011306,0.03797241079005653,2.5293125041635873,0.015012937597686666,79.83,86.0,412.7155213356018
188.0,4.0,risk,3.01628284503127,3.017035961151123,3.017035961151123,1.740074957423198,1.0,8.398865699768066,3.01628284503127,1.740074957423198,0.7954017695258645,0.0,0.0,0.0,off,0.5394451022148132,1.4603692293167114,0.0,0.00013921076606493443,gm,0.477879136800766,3.36524336175259e-10,0.8133147358894348,0.3926544189453125,,,75.81209916954657,0.03790604958477328,2.6261704078607786,0.014433964175101162,80.302,88.21,408.7391691207886
189.0,4.0,risk,3.016764606661199,3.0177865028381348,3.0177865028381348,1.7362690224976796,1.0,8.385514259338379,3.016764606661199,1.7362690224976796,0.7947943559692948,0.0,0.0,0.0,off,0.5391824245452881,1.460634469985962,0.0,0.00013076393224764615,gm,0.47780197858810425,2.9031752002417477e-10,0.8133152723312378,0.3923306167125702,,,75.84573593023023,0.03792286796511512,2.6508847567077294,0.014305739949334307,80.222,86.51,407.7052454352379
190.0,4.0,risk,3.0169520554944986,3.0165064334869385,3.0165064334869385,1.735072481357838,1.0,8.425941467285156,3.0169520554944986,1.735072481357838,0.7946670088926544,0.0,0.0,0.0,off,0.5427632927894592,1.457051396369934,0.0,0.0001311124360654503,gm,0.47772249579429626,4.0690878444493706e-10,0.8133148550987244,0.3923713266849518,,,75.2378732281928,0.0376189366140964,2.1916550137994184,0.0171646250788717,80.374,89.01,406.9667014479637
191.0,4.0,risk,3.016432328602237,3.01667857170105,3.01667857170105,1.7307748050640916,1.0,8.539923667907715,3.016432328602237,1.7307748050640916,0.7952792235957388,0.0,0.0,0.0,off,0.5410544872283936,1.4587599039077759,0.0,0.00013990873412694782,gm,0.4776642918586731,3.6794545188456595e-10,0.8133147358894348,0.39270520210266113,,,75.41202563201917,0.03770601281600958,2.097042791539591,0.017980564329985307,80.2,89.24,403.91117429733276
192.0,4.0,risk,3.01653997245652,3.0154149532318115,3.0154149532318115,1.7292951183855687,1.0,8.306500434875488,3.01653997245652,1.7292951183855687,0.793824081987981,0.0,0.0,0.0,off,0.5511155724525452,1.4487026929855347,0.0,0.00015047738270368427,gm,0.4779551327228546,5.230203492523344e-10,0.8133155107498169,0.39283517003059387,,,74.54448834774261,0.03727224417387131,2.4797979677296915,0.015030355157519083,80.764,89.34,400.24302446842194
193.0,4.0,risk,3.0154967869029328,3.0166962146759033,3.0166962146759033,1.732590075344076,1.0,8.327136039733887,3.0154967869029328,1.732590075344076,0.7951033926375991,0.0,0.0,0.0,off,0.5327696204185486,1.4670466184616089,0.0,0.00014327587268780917,gm,0.47811469435691833,4.033048339735501e-10,0.8133151531219482,0.39304420351982117,,,74.47581301805928,0.037237906509029646,2.4455866790750735,0.015226573986374961,80.59,89.3,400.3367047905922
194.0,4.0,risk,3.01667041120017,3.016878604888916,3.016878604888916,1.7299113593747855,1.0,8.405674934387207,3.01667041120017,1.7299113593747855,0.7926625309088041,0.0,0.0,0.0,off,0.5416548848152161,1.458163857460022,0.0,0.0001512685266789049,gm,0.47822338342666626,4.988667812177994e-10,0.8133155703544617,0.39300796389579773,,,74.38471767508629,0.03719235883754315,2.732085213033012,0.013613176726744265,80.848,89.58,394.8750031590462
195.0,4.0,risk,3.0169249050452582,3.016052722930908,3.016052722930908,1.72749736120024,1.0,8.294200897216797,3.0169249050452582,1.72749736120024,0.79206256976213,0.0,0.0,0.0,off,0.5461779832839966,1.4536398649215698,0.0,0.00014908795128576458,gm,0.4792688190937042,4.453266644333098e-10,0.8133153915405273,0.3936977982521057,,,73.91357909430465,0.03695678954715233,2.9640366749352385,0.012468398201570769,80.85,90.07,393.74706929922104
196.0,4.0,risk,3.01600374834007,3.016228437423706,3.016228437423706,1.7297469191539012,1.0,8.374554634094238,3.01600374834007,1.7297469191539012,0.7930472298046513,0.0,0.0,0.0,off,0.5523498058319092,1.4474684000015259,0.0,0.0001347064971923828,gm,0.47908610105514526,3.5556751987186885e-10,0.8133154511451721,0.39343130588531494,,,73.80692022747573,0.036903460113737865,2.968001720630908,0.0124337731535726,81.012,89.35,391.5039660334587
197.0,4.0,risk,3.0163149071471467,3.016256332397461,3.016256332397461,1.7297386162726165,1.0,8.485467910766602,3.0163149071471467,1.7297386162726165,0.7921931130806809,0.0,0.0,0.0,off,0.5447497963905334,1.4550724029541016,0.0,0.00015933897520881146,gm,0.47928741574287415,4.956005605905034e-10,0.813316285610199,0.39357635378837585,,,74.05061709850686,0.037025308549253434,2.090816266349227,0.017708542422000238,81.254,89.67,388.87080842256546
198.0,4.0,risk,3.016529554601216,3.0164918899536133,3.0164918899536133,1.7270023929493508,1.0,8.420677185058594,3.016529554601216,1.7270023929493508,0.7919011248651978,0.0,0.0,0.0,off,0.5488622188568115,1.4509577751159668,0.0,0.00015087545034475625,gm,0.4804431200027466,4.01346567091565e-10,0.8133159279823303,0.3948078453540802,,,73.43550308434423,0.03671775154217212,2.5347754684863757,0.014485603162357367,81.658,89.02,383.9734475016594
199.0,4.0,risk,3.0162216549944083,3.016671657562256,3.016671657562256,1.7277647802591933,1.0,8.460657119750977,3.0162216549944083,1.7277647802591933,0.7925405139508455,0.0,0.0,0.0,off,0.5491970181465149,1.4506220817565918,0.0,0.000140484087751247,gm,0.4791293442249298,4.3067896471349343e-10,0.8133156299591064,0.39392417669296265,,,73.30344853375118,0.03665172426687559,2.6013202335046475,0.014089662547043002,81.16,89.9,385.5314479470253
200.0,4.0,risk,3.0162169061353445,3.0155673027038574,3.0155673027038574,1.7281104332345831,1.0,8.515644073486328,3.0162169061353445,1.7281104332345831,0.7918425165783719,0.0,0.0,0.0,off,0.5481032133102417,1.451716661453247,0.0,0.00014908640878275037,gm,0.4791523814201355,3.9446443333979175e-10,0.813315749168396,0.39385342597961426,,,73.21374868455175,0.03660687434227587,2.7779816287532624,0.013177507714010609,81.558,89.56,382.6167560815811
201.0,4.0,risk,3.01602436636415,3.0167696475982666,3.0167696475982666,1.726542635037161,1.0,8.29653549194336,3.01602436636415,1.726542635037161,0.7940622581850232,0.0,0.0,0.0,off,0.5541037321090698,1.4457184076309204,0.0,0.00015715238987468183,gm,0.4795967638492584,6.268426888667022e-10,0.8133162260055542,0.39421677589416504,,,72.85887640271777,0.03642943820135888,2.9963425433578212,0.012157968481312086,81.422,89.08,382.46020501852036
202.0,4.0,risk,3.0155906067479905,3.0158870220184326,3.0158870220184326,1.7233963933442256,1.0,8.23161792755127,3.0155906067479905,1.7233963933442256,0.7947938233385305,0.0,0.0,0.0,off,0.5560511946678162,1.4437716007232666,0.0,0.0001482185034547001,gm,0.4797821044921875,4.336954406714e-10,0.813316285610199,0.3943507671356201,,,72.92152437722883,0.036460762188614416,2.6400638271654175,0.013810560871083784,81.698,89.19,380.22754764556885
203.0,4.0,risk,3.0157226827138524,3.0156712532043457,3.0156712532043457,1.722426619676068,1.0,8.465836524963379,3.0157226827138524,1.722426619676068,0.7930387025294097,0.0,0.0,0.0,off,0.5597169399261475,1.4401031732559204,0.0,0.00013779332221020013,gm,0.480771541595459,3.550847671451862e-10,0.8133158683776855,0.394961416721344,,,71.83297401774996,0.03591648700887498,2.3903298272155746,0.015025745233959218,81.736,89.8,374.86644220352173
204.0,4.0,risk,3.0156249280475897,3.0152032375335693,3.0152032375335693,1.7223434509218807,1.0,8.47642993927002,3.0156249280475897,1.7223434509218807,0.794317478718965,0.0,0.0,0.0,off,0.5574333667755127,1.4423863887786865,0.0,0.00014260328316595405,gm,0.48069459199905396,2.485571470867143e-10,0.813315749168396,0.39491522312164307,,,71.82556611158986,0.035912783055794935,2.7244370729210443,0.01318172602066765,82.092,89.64,372.32329815626144
205.0,4.0,risk,3.015330558542705,3.0150020122528076,3.0150020122528076,1.7208858109496135,1.0,8.517927169799805,3.015330558542705,1.7208858109496135,0.793939174593562,0.0,0.0,0.0,off,0.5691810250282288,1.4306412935256958,0.0,0.00014652138634119183,gm,0.48057660460472107,3.7645511707928847e-10,0.8133160471916199,0.39495617151260376,,,71.7077858516253,0.035853892925812654,2.5147400261285373,0.014257494831785858,81.96,90.02,370.77643716335297
206.0,4.0,risk,3.015318339438085,3.0157785415649414,3.0157785415649414,1.7202927416852674,1.0,8.482081413269043,3.015318339438085,1.7202927416852674,0.7923231211769611,0.0,0.0,0.0,off,0.5546558499336243,1.4451701641082764,0.0,0.00015312881441786885,gm,0.48085668683052063,4.823277333088072e-10,0.8133168816566467,0.39508500695228577,,,71.51567726058335,0.03575783863029167,2.583162677034678,0.013842658438894609,82.284,90.42,370.21108096838
207.0,4.0,risk,3.015882066448631,3.0154852867126465,3.0154852867126465,1.7192099073049052,1.0,8.507582664489746,3.015882066448631,1.7192099073049052,0.7900197294057177,0.0,0.0,0.0,off,0.5460813045501709,1.453740119934082,0.0,0.0001423920621164143,gm,0.48191091418266296,3.545282956096685e-10,0.8133161067962646,0.3958527743816376,,,71.08020090294795,0.035540100451473974,2.6335326455628394,0.013495219249077633,82.614,90.65,363.26406264305115
208.0,4.0,risk,3.0154038256086655,3.0155186653137207,3.0155186653137207,1.7201717375489451,1.0,8.536887168884277,3.0154038256086655,1.7201717375489451,0.7904449205874177,0.0,0.0,0.0,off,0.5621784329414368,1.4376457929611206,0.0,0.00015978454030118883,gm,0.48192673921585083,3.716513485851891e-10,0.8133165836334229,0.3958887457847595,,,70.41084651783267,0.03520542325891633,2.467696835096598,0.014266510682434867,82.428,89.54,363.3997310400009
209.0,4.0,risk,3.0159985403270673,3.0162806510925293,3.0162806510925293,1.71823824945923,1.0,8.437386512756348,3.0159985403270673,1.71823824945923,0.7909809401273118,0.0,0.0,0.0,off,0.5546137094497681,1.445209264755249,0.0,0.00015838962281122804,gm,0.48134645819664,4.6210307802496686e-10,0.813316285610199,0.3955192565917969,,,70.34146248662364,0.03517073124331182,2.806410271680652,0.01253228424874935,82.392,90.86,360.91900289058685
210.0,4.0,risk,3.016114164801205,3.0156426429748535,3.0156426429748535,1.7167519931598088,1.0,8.318650245666504,3.016114164801205,1.7167519931598088,0.7917013180530285,0.0,0.0,0.0,off,0.5630747079849243,1.4367510080337524,0.0,0.00014706127694807947,gm,0.4827193319797516,4.584053414635747e-10,0.8133168816566467,0.3965233862400055,,,69.71849499787906,0.03485924749893953,3.160746371984511,0.011028802503078649,82.758,91.1,357.35690516233444
211.0,4.0,risk,3.0155846664057973,3.0154013633728027,3.0154013633728027,1.7136855412017353,1.0,8.478090286254883,3.0155846664057973,1.7136855412017353,0.7916602878009572,0.0,0.0,0.0,off,0.5600597858428955,1.4397618770599365,0.0,0.0001463054504711181,gm,0.48188483715057373,3.296874162561636e-10,0.8133160471916199,0.39583757519721985,,,69.78390626340372,0.03489195313170186,3.113093395738768,0.01120812924516248,83.028,90.07,353.752696454525
212.0,4.0,risk,3.0155502024209104,3.016151189804077,3.016151189804077,1.7136676747475743,1.0,8.487456321716309,3.0155502024209104,1.7136676747475743,0.7929705036875537,0.0,0.0,0.0,off,0.5637394189834595,1.4360828399658203,0.0,0.0001415063306922093,gm,0.482239693403244,3.1478475381874205e-10,0.8133161664009094,0.39640289545059204,,,69.48064122806184,0.03474032061403092,2.742985256035256,0.01266515032758324,82.9,90.61,354.548499584198
213.0,4.0,risk,3.0157695987340434,3.0155398845672607,3.0155398845672607,1.7126951921931313,1.0,8.412009239196777,3.0157695987340434,1.7126951921931313,0.7911546417819265,0.0,0.0,0.0,off,0.5643391609191895,1.4354850053787231,0.0,0.00015084046754054725,gm,0.4820154905319214,4.868735414831349e-10,0.8133164048194885,0.3960675597190857,,,69.35554480412878,0.03467777240206439,2.1715784660813835,0.0159689244223537,83.09,90.51,350.5957160592079
214.0,4.0,risk,3.015367892087268,3.0161404609680176,3.0161404609680176,1.7127783271052954,1.0,8.320761680603027,3.015367892087268,1.7127783271052954,0.7889370348142541,0.0,0.0,0.0,off,0.552482008934021,1.4473406076431274,0.0,0.0001495596079621464,gm,0.4830764830112457,5.952396908703861e-10,0.8133161664009094,0.39685800671577454,,,68.80501435991505,0.03440250717995753,2.927209703941077,0.011752662316485007,83.242,90.85,346.9620032310486
215.0,4.0,risk,3.0160280115464153,3.0156540870666504,3.0156540870666504,1.712356878973334,1.0,8.271121978759766,3.0160280115464153,1.712356878973334,0.7901843725263006,0.0,0.0,0.0,off,0.575050413608551,1.4247745275497437,0.0,0.00014798605116084218,gm,0.48323699831962585,4.2554840207209566e-10,0.8133166432380676,0.3968029022216797,,,68.23802903098334,0.03411901451549167,2.4121564861255473,0.01414461072975174,83.376,91.49,344.8294989466667
216.0,4.0,risk,3.015316711362366,3.015456199645996,3.015456199645996,1.711780652060838,1.0,8.257257461547852,3.015316711362366,1.711780652060838,0.7907315794464267,0.0,0.0,0.0,off,0.5742298364639282,1.4255969524383545,0.0,0.00015596127195749432,gm,0.48342347145080566,7.090403819631774e-10,0.8133168816566467,0.39706116914749146,,,68.00442801812262,0.03400221400906131,3.2614433875452615,0.010425511029536285,83.522,90.85,341.44425916671753
217.0,4.0,risk,3.0156405008662386,3.0156497955322266,3.0156497955322266,1.7094331577305903,1.0,8.355157852172852,3.0156405008662386,1.7094331577305903,0.7918755486798104,0.0,0.0,0.0,off,0.5674375295639038,1.4323875904083252,0.0,0.00014953126083128154,gm,0.48342958092689514,3.8665748380850573e-10,0.8133166432380676,0.39737239480018616,,,67.75442431315884,0.03387721215657942,2.8026719857553837,0.012087469503659645,83.626,90.72,339.1073316335678
218.0,4.0,risk,3.0157699048366693,3.01520037651062,3.01520037651062,1.7077334625336824,1.0,8.434171676635742,3.0157699048366693,1.7077334625336824,0.7913544467647972,0.0,0.0,0.0,off,0.5667764544487,1.433046817779541,0.0,0.00015349093882832676,gm,0.48350298404693604,4.690525745587593e-10,0.813316285610199,0.3974197506904602,,,67.4840399912004,0.033742019995600205,2.2829273012404547,0.014780155275757616,83.718,91.15,336.715711414814
219.0,4.0,risk,3.0151925068682113,3.014702081680298,3.014702081680298,1.7074177951154197,1.0,8.410369873046875,3.0151925068682113,1.7074177951154197,0.7907065368064529,0.0,0.0,0.0,off,0.5772127509117126,1.4226125478744507,0.0,0.00013461237540468574,gm,0.4833255112171173,2.8881824709614534e-10,0.8133166432380676,0.3972584307193756,,,67.35685087787074,0.03367842543893537,3.210214735771558,0.010491019514568685,83.946,91.22,332.8455181121826
220.0,4.0,risk,3.0151668851028015,3.014672040939331,3.014672040939331,1.7083725746330398,1.0,8.437482833862305,3.0151668851028015,1.7083725746330398,0.7910981609693268,0.0,0.0,0.0,off,0.5678609609603882,1.431962013244629,0.0,0.00016216427320614457,gm,0.4842793941497803,2.8119143125060475e-10,0.813316285610199,0.39800506830215454,,,66.86958800191077,0.033434794000955385,3.325521707072889,0.010053999626538164,84.058,91.64,330.73832684755325
221.0,4.0,risk,3.014658525471797,3.014091730117798,3.014091730117798,1.7065883829160724,1.0,8.301689147949219,3.014658525471797,1.7065883829160724,0.7927424532678121,0.0,0.0,0.0,off,0.5760923027992249,1.4237323999404907,0.0,0.000138306146254763,gm,0.48434165120124817,6.128252905135412e-10,0.8133165836334229,0.39805150032043457,,,66.44472229710594,0.03322236114855297,2.5261557052088714,0.013151351312212968,84.092,89.4,328.77870082855225
222.0,4.0,risk,3.014541422924422,3.0152573585510254,3.0152573585510254,1.705419558393376,1.0,8.229454040527344,3.014541422924422,1.705419558393376,0.7909532341810749,0.0,0.0,0.0,off,0.5743549466133118,1.425472378730774,0.0,0.00016638351371511817,gm,0.4849809408187866,6.764744320264526e-10,0.813317060470581,0.3983732759952545,,,66.38471780103146,0.03319235890051573,3.0959612216261116,0.010721180442654864,84.082,90.75,325.99116665124893
223.0,4.0,risk,3.0150398031220105,3.014512062072754,3.014512062072754,1.704076171835975,1.0,8.324353218078613,3.0150398031220105,1.704076171835975,0.7877967973499347,0.0,0.0,0.0,off,0.5712041854858398,1.4286205768585205,0.0,0.00015850715863052756,gm,0.4849659204483032,3.060443010127756e-10,0.8133165836334229,0.3984317183494568,,,66.0474164158596,0.033023708207929804,2.8277830127184704,0.01167830348347085,84.15,91.55,325.7134652733803
224.0,4.0,risk,3.0150380378488992,3.015695810317993,3.015695810317993,1.7018766031240868,1.0,8.331503868103027,3.0150380378488992,1.7018766031240868,0.7876987585326289,0.0,0.0,0.0,off,0.5755454301834106,1.4242804050445557,0.0,0.00015010889910627156,gm,0.48545676469802856,3.4749317312510186e-10,0.8133167028427124,0.39877253770828247,,,65.78608061752225,0.032893040308761126,2.4338206162495513,0.013514981379132358,84.834,91.45,316.929232776165
225.0,4.0,risk,3.014546977284619,3.013918161392212,3.013918161392212,1.7014206461894237,1.0,8.245149612426758,3.014546977284619,1.7014206461894237,0.7894954329256512,0.0,0.0,0.0,off,0.5755628347396851,1.4242660999298096,0.0,0.00015319361409638077,gm,0.48539653420448303,6.271248520484107e-10,0.8133172988891602,0.39888665080070496,,,65.35410470891692,0.03267705235445846,2.994596252086966,0.010912006028086582,84.79,91.46,315.5673733353615
226.0,4.0,risk,3.0141783717953032,3.0135273933410645,3.0135273933410645,1.7015164206399942,1.0,8.406227111816406,3.0141783717953032,1.7015164206399942,0.790615424933031,0.0,0.0,0.0,off,0.5814618468284607,1.4183666706085205,0.0,0.00015820427506696433,gm,0.48522529006004333,4.4665987575243093e-10,0.8133173584938049,0.39901918172836304,,,65.24442739550715,0.032622213697753574,3.247020215616162,0.010046815705322952,84.824,92.19,315.43835377693176
227.0,4.0,risk,3.014280821661205,3.014496326446533,3.014496326446533,1.6983854828588187,1.0,8.386231422424316,3.014280821661205,1.6983854828588187,0.7898151255629556,0.0,0.0,0.0,off,0.5760658979415894,1.4237605333328247,0.0,0.00016948541451711208,gm,0.4857819378376007,3.32242622302914e-10,0.8133168816566467,0.39891502261161804,,,64.57247073794969,0.03228623536897485,2.6672964689209477,0.012104479477692337,84.998,92.31,311.30837017297745
228.0,4.0,risk,3.0142272323598642,3.0142621994018555,3.0142621994018555,1.6991435399140848,1.0,8.386028289794922,3.0142272323598642,1.6991435399140848,0.7883823684719212,0.0,0.0,0.0,off,0.590857207775116,1.4089722633361816,0.0,0.00016190284804906696,gm,0.4856718182563782,4.086718463636174e-10,0.8133174180984497,0.39896830916404724,,,64.57057651989656,0.03228528825994828,2.9930845860682385,0.010786627417823406,84.884,91.63,310.78090834617615
229.0,4.0,risk,3.0143757183533495,3.0137343406677246,3.0137343406677246,1.696584401533122,1.0,8.395425796508789,3.0143757183533495,1.696584401533122,0.7864311778027079,0.0,0.0,0.0,off,0.5893282890319824,1.4105024337768555,0.0,0.00017278266022913158,gm,0.4857083857059479,6.32085828122797e-10,0.8133176565170288,0.39945685863494873,,,64.15998418451052,0.03207999209225526,3.2073485998070193,0.010002028496118401,85.028,91.82,306.1328812241554
230.0,4.0,risk,3.0134106517752723,3.0131313800811768,3.0131313800811768,1.695023716868037,1.0,8.355396270751953,3.0134106517752723,1.695023716868037,0.7877770831517856,0.0,0.0,0.0,off,0.5940693020820618,1.4057620763778687,0.0,0.00016720920393709093,gm,0.4864104390144348,4.797221508923144e-10,0.8133177161216736,0.3999943137168884,,,63.76989269674078,0.03188494634837039,4.414683108726439,0.007222476803679044,85.634,91.56,300.97669506073
231.0,4.0,risk,3.0139482051820097,3.014246940612793,3.014246940612793,1.696061487393001,1.0,8.345050811767578,3.0139482051820097,1.696061487393001,0.7872698383258127,0.0,0.0,0.0,off,0.5828770995140076,1.4169515371322632,0.0,0.0001541355886729434,gm,0.4862145185470581,4.787398255601261e-10,0.8133171796798706,0.3996337354183197,,,63.482117500323106,0.031741058750161553,3.2586918249308483,0.009740429735430756,85.478,92.17,302.6093282699585
232.0,4.0,risk,3.0138213140580357,3.013087272644043,3.013087272644043,1.695771976200211,1.0,8.383150100708008,3.0138213140580357,1.695771976200211,0.7871600756864718,0.0,0.0,0.0,off,0.5759798884391785,1.4238473176956177,0.0,0.0001570146851008758,gm,0.486442893743515,3.842855200719697e-10,0.813317060470581,0.39972469210624695,,,63.041905831511315,0.03152095291575566,2.5974793209931626,0.012135208415712593,85.732,92.7,298.08952474594116
233.0,4.0,risk,3.01334541593976,3.013047456741333,3.013047456741333,1.6942762444391275,1.0,8.374643325805664,3.01334541593976,1.6942762444391275,0.7874291507179475,0.0,0.0,0.0,off,0.5839329361915588,1.4158952236175537,0.0,0.00016884041542652994,gm,0.4870799779891968,2.280926558739793e-10,0.8133172988891602,0.40019461512565613,,,62.56598523289993,0.03128299261644997,3.283497543537151,0.009527338516827497,85.82,92.13,294.30175745487213
234.0,4.0,risk,3.0133182142701602,3.01339054107666,3.01339054107666,1.6941735409104917,1.0,8.354516983032227,3.0133182142701602,1.6941735409104917,0.7891608197670763,0.0,0.0,0.0,off,0.5905954241752625,1.4092334508895874,0.0,0.00015492747479584068,gm,0.48787227272987366,6.184408540832464e-10,0.8133172392845154,0.400451123714447,,,62.12528173432663,0.031062640867163316,3.048989184861225,0.010187848819338182,85.896,92.32,292.42770487070084
235.0,4.0,risk,3.013449903034493,3.0134918689727783,3.0134918689727783,1.6929176713499572,1.0,8.32545280456543,3.013449903034493,1.6929176713499572,0.7886200076173944,0.0,0.0,0.0,off,0.5937513709068298,1.4060766696929932,0.0,0.00015879656712058932,gm,0.48709040880203247,4.171019085674743e-10,0.813317060470581,0.4000706970691681,,,61.93920646649402,0.03096960323324701,2.674038409086654,0.011581585039320736,86.058,91.83,289.8219745159149
236.0,4.0,risk,3.0130923818749236,3.0130789279937744,3.0130789279937744,1.6920353665071375,1.0,8.349319458007812,3.0130923818749236,1.6920353665071375,0.7892055769100823,0.0,0.0,0.0,off,0.6035909056663513,1.3962424993515015,0.0,0.00015740265371277928,gm,0.4876299202442169,8.374568816194028e-10,0.8133180737495422,0.40098074078559875,,,61.60531540144625,0.030802657700723126,4.038138921868506,0.007627934129237506,86.072,91.98,286.4874342083931
237.0,4.0,risk,3.013520601155508,3.01348614692688,3.01348614692688,1.6900863610874965,1.0,8.330795288085938,3.013520601155508,1.6900863610874965,0.7889748653182593,0.0,0.0,0.0,off,0.5909759402275085,1.4088549613952637,0.0,0.00015713859465904534,gm,0.48792603611946106,2.9547098101545544e-10,0.8133177161216736,0.40113604068756104,,,61.2086245861183,0.030604312293059148,3.9552686909077237,0.007737606389020196,86.192,92.97,284.0633811354637
238.0,4.0,risk,3.01325912365828,3.012415647506714,3.012415647506714,1.688259867146192,1.0,8.140806198120117,3.01325912365828,1.688259867146192,0.7877936009555826,0.0,0.0,0.0,off,0.5990813374519348,1.4007505178451538,0.0,0.00017437280621379614,gm,0.4883972704410553,6.157683252183688e-10,0.8133177757263184,0.4011625349521637,,,60.92981680142089,0.030464908400710446,4.236351124630336,0.007191308629633199,86.482,92.6,278.99951869249344
239.0,4.0,risk,3.012991637525046,3.0131750106811523,3.0131750106811523,1.6886647643945407,1.0,8.336553573608398,3.012991637525046,1.6886647643945407,0.7880008684094909,0.0,0.0,0.0,off,0.5959076285362244,1.4039254188537598,0.0,0.00015659340715501457,gm,0.4879109859466553,2.4558247102568487e-10,0.8133180737495422,0.4010278880596161,,,60.878170346024405,0.030439085173012203,3.4365301657695166,0.008857505595675807,86.69,92.65,277.4525215923786
240.0,4.0,risk,3.013286457647143,3.0132181644439697,3.0132181644439697,1.6853907346115697,1.0,8.328956604003906,3.013286457647143,1.6853907346115697,0.7872447941614233,0.0,0.0,0.0,off,0.5917102098464966,1.4081223011016846,0.0,0.0001766148634487763,gm,0.4882034957408905,5.045255879743138e-10,0.8133178949356079,0.40111830830574036,,,60.240453462375775,0.030120226731187888,3.2951764631306033,0.00914070219552733,86.638,92.38,276.1926936507225
241.0,4.0,risk,3.0126033756129273,3.0128631591796875,3.0128631591796875,1.6843599919467935,1.0,8.258735656738281,3.0126033756129273,1.6843599919467935,0.7864306431902034,0.0,0.0,0.0,off,0.6030493378639221,1.3967820405960083,0.0,0.00016678696556482464,gm,0.4895775020122528,2.390248277084339e-10,0.8133177161216736,0.4019525647163391,,,59.82098389092224,0.029910491945461123,3.464041392061837,0.00863456539924832,86.996,93.12,270.2535997033119
242.0,4.0,risk,3.012739906530551,3.01242733001709,3.01242733001709,1.6846504976682346,1.0,8.29236125946045,3.012739906530551,1.6846504976682346,0.7880610776374407,0.0,0.0,0.0,off,0.607096254825592,1.392736554145813,0.0,0.00016869154933374375,gm,0.4885925352573395,4.593124491858447e-10,0.8133179545402527,0.4018627107143402,,,59.518176051413576,0.029759088025706787,3.493508643398639,0.008518395419441651,86.864,92.57,270.9533242583275
243.0,4.0,risk,3.012108068027155,3.011526346206665,3.011526346206665,1.6853298942756165,1.0,8.287829399108887,3.012108068027155,1.6853298942756165,0.787635353977418,0.0,0.0,0.0,off,0.6157143712043762,1.384118676185608,0.0,0.0001442265638615936,gm,0.4890800714492798,4.983739532171683e-10,0.8133179545402527,0.4019843339920044,,,58.93668767019347,0.029468343835096736,4.39223486061603,0.006709191281944261,87.078,93.14,266.4629834294319
244.0,4.0,risk,3.0118704201925137,3.0123002529144287,3.0123002529144287,1.6840567683319911,1.0,8.287602424621582,3.0118704201925137,1.6840567683319911,0.787968899587841,0.0,0.0,0.0,off,0.6021563410758972,1.397676944732666,0.0,0.00017714261775836349,gm,0.489162802696228,3.9585304478784167e-10,0.8133180737495422,0.40208256244659424,,,58.541188713466674,0.029270594356733338,2.75263785303104,0.010633652488830782,87.11,92.93,263.4672555923462
245.0,4.0,risk,3.0120695058037255,3.012676954269409,3.012676954269409,1.6835093098833127,1.0,8.283796310424805,3.0120695058037255,1.6835093098833127,0.7885869720098003,0.0,0.0,0.0,off,0.5950887799263,1.4047424793243408,0.0,0.0001658124674577266,gm,0.4892350435256958,3.181054308853959e-10,0.8133177161216736,0.4021475315093994,,,58.11282157062284,0.02905641078531142,4.02548145392983,0.007218120644164299,87.664,93.25,258.43100476264954
246.0,4.0,risk,3.011848144214172,3.0116653442382812,3.0116653442382812,1.6808564123290275,1.0,8.248957633972168,3.011848144214172,1.6808564123290275,0.7865057724820989,0.0,0.0,0.0,off,0.6049332022666931,1.3949016332626343,0.0,0.00016495872114319354,gm,0.4891704320907593,4.764446615013185e-10,0.8133183121681213,0.40249213576316833,,,57.855884451863645,0.028927942225931823,3.18549535721052,0.009081144055178752,87.702,93.46,256.6604282259941
247.0,4.0,risk,3.011543625760871,3.0113890171051025,3.0113890171051025,1.6804567197399676,1.0,8.273503303527832,3.011543625760871,1.6804567197399676,0.7857294518624425,0.0,0.0,0.0,off,0.6166661977767944,1.3831700086593628,0.0,0.00017560589185450226,gm,0.4894272983074188,4.775748685403869e-10,0.8133185505867004,0.4027274549007416,,,57.47393687469216,0.028736968437346078,3.661106254761378,0.007849258239902977,87.922,92.33,252.33185076713562
248.0,4.0,risk,3.0116637039672383,3.0110957622528076,3.0110957622528076,1.6810676606414874,1.0,8.280410766601562,3.0116637039672383,1.6810676606414874,0.7855626782188025,0.0,0.0,0.0,off,0.6140902638435364,1.3857450485229492,0.0,0.00016848674567881972,gm,0.49028533697128296,4.130657760281764e-10,0.8133183717727661,0.4027280807495117,,,56.98762008008378,0.02849381004004189,3.4684653143158135,0.00821510594972248,88.0,93.83,250.73783591389656
249.0,4.0,risk,3.011306767573442,3.0114738941192627,3.0114738941192627,1.6806188330930822,1.0,8.202919006347656,3.011306767573442,1.6806188330930822,0.7859772129741776,0.0,0.0,0.0,off,0.6277059316635132,1.3721297979354858,0.0,0.00017402545199729502,gm,0.4898131489753723,5.120445734085877e-10,0.8133183121681213,0.4027898907661438,,,56.71598921012601,0.028357994605063008,3.634709067339964,0.00780199847626776,87.95,93.33,248.38076749444008
250.0,4.0,risk,3.011389931754383,3.0112345218658447,3.0112345218658447,1.6781963835591855,1.0,8.238059997558594,3.011389931754383,1.6781963835591855,0.7846435616388345,0.0,0.0,0.0,off,0.6159855723381042,1.383849859237671,0.0,0.00018314103363081813,gm,0.49057042598724365,4.203907222333214e-10,0.8133183717727661,0.4031943380832672,,,56.308463304403624,0.02815423165220181,3.588105507931352,0.007846545089036011,88.368,93.63,243.44793677330017
251.0,4.0,risk,3.011048315736034,3.011174201965332,3.011174201965332,1.6775774663061742,1.0,8.178238868713379,3.011048315736034,1.6775774663061742,0.7858242930658638,0.0,0.0,0.0,off,0.6133434772491455,1.3864911794662476,0.0,0.00016542579396627843,gm,0.49093151092529297,3.6271344261429306e-10,0.8133182525634766,0.40352874994277954,,,55.86722394525691,0.027933611972628454,3.348333319663781,0.00834254218616245,88.51,93.47,240.16669723391533
252.0,4.0,risk,3.0111182583567433,3.0110580921173096,3.0110580921173096,1.6758304422773669,1.0,8.12675666809082,3.0111182583567433,1.6758304422773669,0.7848620186071567,0.0,0.0,0.0,off,0.6209713220596313,1.3788626194000244,0.0,0.00017567518807481974,gm,0.4909535348415375,2.02953362449243e-10,0.8133180141448975,0.40354880690574646,,,55.407255848867884,0.027703627924433944,3.6025729166268574,0.0076899561967432055,88.744,93.62,237.41128569841385
253.0,4.0,risk,3.0107928688263956,3.010565996170044,3.010565996170044,1.6755872281920878,1.0,8.089035987854004,3.0107928688263956,1.6755872281920878,0.786356048968137,0.0,0.0,0.0,off,0.6314191222190857,1.3684171438217163,0.0,0.0001603831333341077,gm,0.49049389362335205,3.900785250365857e-10,0.8133184909820557,0.4036407172679901,,,55.11678842985401,0.027558394214927007,3.742818099160258,0.00736300655944515,88.912,93.9,233.66401064395905
254.0,4.0,risk,3.0103775082951616,3.0104358196258545,3.0104358196258545,1.6759050108892533,1.0,8.139866828918457,3.0103775082951616,1.6759050108892533,0.787014616115014,0.0,0.0,0.0,off,0.6297240853309631,1.3701155185699463,0.0,0.00019878205785062164,gm,0.4919250011444092,5.785660839308093e-10,0.8133190870285034,0.40411266684532166,,,54.66565930012112,0.02733282965006056,3.5614840186038763,0.007674561926231863,88.778,93.53,232.95088586211205
255.0,4.0,risk,3.0100122040799815,3.009619951248169,3.009619951248169,1.6757239191733357,1.0,8.112977027893066,3.0100122040799815,1.6757239191733357,0.7866629528267609,0.0,0.0,0.0,off,0.6354761719703674,1.3643608093261719,0.0,0.0001882064389064908,gm,0.4915182590484619,5.772141653537233e-10,0.8133186101913452,0.4040428698062897,,,54.198115047179996,0.027099057523589997,2.874560198057952,0.00942720126087395,89.004,93.91,229.9704685807228
256.0,4.0,risk,3.0097861747302668,3.009596109390259,3.009596109390259,1.6729219932385417,1.0,8.163858413696289,3.0097861747302668,1.6729219932385417,0.7857859297786527,0.0,0.0,0.0,off,0.6509969830513,1.348842740058899,0.0,0.0001845363585744053,gm,0.49137961864471436,7.147566982723674e-10,0.8133190274238586,0.4043436646461487,,,53.94361381314681,0.026971806906573408,5.008757656170891,0.00538492950908567,89.452,93.73,224.59184902906418
257.0,4.0,risk,3.009926810593861,3.009807825088501,3.009807825088501,1.6726093276992173,1.0,8.132323265075684,3.009926810593861,1.6726093276992173,0.7862857156397437,0.0,0.0,0.0,off,0.6430342793464661,1.3568059206008911,0.0,0.00019060539489146322,gm,0.4920066297054291,7.07656933052192e-10,0.8133190870285034,0.4044211208820343,,,53.47875213264247,0.026739376066321235,3.4043653607561666,0.007854437826961666,89.42,94.23,223.835457354784
258.0,4.0,risk,3.0097781800857897,3.009455442428589,3.009455442428589,1.67079792547104,1.0,8.002978324890137,3.0097781800857897,1.67079792547104,0.7861130832101378,0.0,0.0,0.0,off,0.6354441046714783,1.364395260810852,0.0,0.00019494308799039572,gm,0.49188894033432007,2.2178293923591497e-10,0.8133190274238586,0.4047095477581024,,,53.177682797611524,0.02658884139880576,3.6725119029052395,0.0072399605778736735,89.446,94.48,220.50626236200333
259.0,4.0,risk,3.0094814404197363,3.009490966796875,3.009490966796875,1.671198440329803,1.0,7.948335647583008,3.0094814404197363,1.671198440329803,0.7864828621944808,0.0,0.0,0.0,off,0.6381398439407349,1.3616994619369507,0.0,0.0001942622329806909,gm,0.49190399050712585,6.004901020872921e-10,0.8133190870285034,0.40456315875053406,,,52.86813716675295,0.026434068583376477,5.375588200712272,0.0049174281206796925,89.494,94.12,218.73969241976738
260.0,4.0,risk,3.009394713984731,3.009319305419922,3.009319305419922,1.6709279779278103,1.0,7.951330184936523,3.009394713984731,1.6709279779278103,0.786242024520474,0.0,0.0,0.0,off,0.6432913541793823,1.356551170349121,0.0,0.00018462170555721968,gm,0.49222174286842346,4.4818398992063635e-10,0.8133196234703064,0.40481075644493103,,,52.51276623050695,0.026256383115253475,4.886854521437296,0.005372859576660998,89.814,94.39,213.66404259204865
261.0,4.0,risk,3.0093515535144855,3.009260416030884,3.009260416030884,1.6713363889538113,1.0,7.976716995239258,3.0093515535144855,1.6713363889538113,0.7865734399127229,0.0,0.0,0.0,off,0.6370766758918762,1.3627629280090332,0.0,0.00017864754772745073,gm,0.4926121234893799,3.7111913542275943e-10,0.8133191466331482,0.40481552481651306,,,52.03539826407222,0.02601769913203611,4.306059817968805,0.006042112797287804,90.03,94.73,211.92823699116707
262.0,4.0,risk,3.009073559890318,3.00917387008667,3.00917387008667,1.6712280255754282,1.0,7.945061683654785,3.009073559890318,1.6712280255754282,0.7850437089610283,0.0,0.0,0.0,off,0.6463369131088257,1.3535029888153076,0.0,0.00016385529306717217,gm,0.49242228269577026,2.867300563647035e-10,0.813319206237793,0.4049834907054901,,,51.62639178231124,0.02581319589115562,5.001186551136763,0.005161414321824951,90.048,94.63,209.0607236623764
263.0,4.0,risk,3.009135165787719,3.009244441986084,3.009244441986084,1.668671433578062,1.0,7.909714698791504,3.009135165787719,1.668671433578062,0.7842918988079062,0.0,0.0,0.0,off,0.6483583450317383,1.3514835834503174,0.0,0.00018143243505619466,gm,0.49224957823753357,5.384832024724062e-10,0.8133195042610168,0.4050389230251312,,,51.29803686717243,0.025649018433586215,4.507330154623624,0.005690512466071611,90.296,94.53,206.18246430158615
264.0,4.0,risk,3.009305566168197,3.009225845336914,3.009225845336914,1.6667155039584851,1.0,7.93235969543457,3.009305566168197,1.6667155039584851,0.7845540464381733,0.0,0.0,0.0,off,0.6486947536468506,1.3511461019515991,0.0,0.00018119282322004437,gm,0.4929579198360443,5.452245877002326e-10,0.8133192658424377,0.4052881598472595,,,50.989515498437335,0.02549475774921867,5.104187530438792,0.004994870897117481,90.574,94.63,203.2257982492447
265.0,4.0,risk,3.0088569776481373,3.0087718963623047,3.0087718963623047,1.666145209461222,1.0,7.93344783782959,3.0088569776481373,1.666145209461222,0.7841565625746841,0.0,0.0,0.0,off,0.6493650078773499,1.350476622581482,0.0,0.00018086818454321474,gm,0.4926093518733978,4.150382537648767e-10,0.8133194446563721,0.40510687232017517,,,50.637443482558844,0.025318721741279422,3.4545606964649647,0.007329071325100163,90.446,94.38,201.68262538313866
266.0,4.0,risk,3.008631408671894,3.0083978176116943,3.0083978176116943,1.6659830418389168,1.0,7.895151138305664,3.008631408671894,1.6659830418389168,0.7838549860907943,0.0,0.0,0.0,off,0.6571190357208252,1.342721700668335,0.0,0.0001786406646715477,gm,0.49375519156455994,3.360811906549799e-10,0.8133193254470825,0.4056282639503479,,,50.1098119123709,0.025054905956185453,4.188473047795301,0.005981871118729934,90.936,94.61,195.9790254831314
267.0,4.0,risk,3.0082971525314215,3.008308172225952,3.008308172225952,1.6645119159727755,1.0,7.879858016967773,3.0082971525314215,1.6645119159727755,0.7846595469643088,0.0,0.0,0.0,off,0.6565965414047241,1.3432462215423584,0.0,0.00018613276188261807,gm,0.4926256537437439,4.692065069811235e-10,0.8133195638656616,0.4055244028568268,,,49.80075681486674,0.02490037840743337,4.912554490728457,0.0050687230959836176,91.01,94.81,194.89163714647293
268.0,4.0,risk,3.008045342877088,3.0078284740448,3.0078284740448,1.6642025706103392,1.0,7.89011287689209,3.008045342877088,1.6642025706103392,0.7861141480143418,0.0,0.0,0.0,off,0.6560298204421997,1.343812108039856,0.0,0.00017978080722969025,gm,0.4931063950061798,3.8175762551162506e-10,0.8133194446563721,0.4056766927242279,,,49.455651675215435,0.024727825837607718,3.995835040237616,0.0061884000687218695,90.99,94.97,191.59883165359497
269.0,4.0,risk,3.0079256043104867,3.007763624191284,3.007763624191284,1.6626669046519054,1.0,7.876734733581543,3.0079256043104867,1.6626669046519054,0.7850122733799088,0.0,0.0,0.0,off,0.6574482321739197,1.3423932790756226,0.0,0.00018920446746051311,gm,0.493457555770874,3.3925773301746176e-10,0.8133194446563721,0.40596166253089905,,,49.09189295762181,0.024545946478810907,4.514395097048284,0.005437261460535468,91.194,94.92,188.95223847031593
270.0,4.0,risk,3.0075898957069573,3.0073678493499756,3.0073678493499756,1.6634302880148144,1.0,7.869542121887207,3.0075898957069573,1.6634302880148144,0.7839024073022711,0.0,0.0,0.0,off,0.6707416772842407,1.329103946685791,0.0,0.0001883534132502973,gm,0.4935917258262634,7.652668498892012e-10,0.8133201003074646,0.40621474385261536,,,48.686785926528266,0.024343392963264134,3.9611288850206585,0.006145569525728062,91.164,95.16,186.5045417547226
271.0,4.0,risk,3.0074331699429875,3.0071358680725098,3.0071358680725098,1.661343333361399,1.0,7.868050575256348,3.0074331699429875,1.661343333361399,0.7847501265118494,0.0,0.0,0.0,off,0.6618615984916687,1.3379802703857422,0.0,0.00019596412312239408,gm,0.49463146924972534,2.498894702274157e-10,0.8133195042610168,0.4064435362815857,,,48.4037970259392,0.0242018985129696,4.6190725429951875,0.005239558003840343,91.27,95.33,186.45760387182236
272.0,4.0,risk,3.0072134967960054,3.007328510284424,3.007328510284424,1.6608676739665857,1.0,7.855076789855957,3.0072134967960054,1.6608676739665857,0.7842242325968145,0.0,0.0,0.0,off,0.6647661924362183,1.3350777626037598,0.0,0.00016399532614741474,gm,0.4943007528781891,4.964280098107565e-10,0.8133198618888855,0.40631455183029175,,,47.99379994165877,0.023996899970829388,4.419862246939335,0.005429332099082218,91.746,94.92,180.91459679603577
273.0,4.0,risk,3.007162182532308,3.0072004795074463,3.0072004795074463,1.6607615228199288,1.0,7.856329917907715,3.007162182532308,1.6607615228199288,0.7844352283136314,0.0,0.0,0.0,off,0.6630494594573975,1.3367948532104492,0.0,0.0001874427543953061,gm,0.494228333234787,4.422175681195739e-10,0.8133198022842407,0.40650758147239685,,,47.757692556232165,0.023878846278116084,4.069155825283894,0.005868255555548828,91.918,95.09,179.0947616994381
274.0,4.0,risk,3.0069761404296016,3.0066897869110107,3.0066897869110107,1.6594881069324816,1.0,7.853494644165039,3.0069761404296016,1.6594881069324816,0.7854704975776965,0.0,0.0,0.0,off,0.6821109056472778,1.3177345991134644,0.0,0.00020233949180692434,gm,0.4941661059856415,4.323392477356691e-10,0.8133200407028198,0.40671104192733765,,,47.46864124961184,0.023734320624805922,3.895524009283535,0.006092715785666828,91.978,95.28,176.1571660041809
275.0,4.0,risk,3.006813335296748,3.00696063041687,3.00696063041687,1.6595798072302739,1.0,7.854784965515137,3.006813335296748,1.6595798072302739,0.7858701163850477,0.0,0.0,0.0,off,0.6655489802360535,1.3342941999435425,0.0,0.00017845196998678148,gm,0.49475154280662537,4.1839410408472943e-11,0.8133196234703064,0.40684589743614197,,,47.14110072587826,0.02357055036293913,4.436985068565535,0.005312289764040027,92.154,95.36,174.27109664678574
276.0,4.0,risk,3.0067018066220883,3.0063607692718506,3.0063607692718506,1.659077776362524,1.0,7.84431266784668,3.0067018066220883,1.659077776362524,0.7850607609200051,0.0,0.0,0.0,off,0.6737719774246216,1.3260724544525146,0.0,0.00019573936879169196,gm,0.4947444796562195,2.872319604385609e-10,0.8133198618888855,0.4069153368473053,,,46.869914376628486,0.023434957188314242,4.150147040014733,0.00564677756290559,92.004,95.25,173.85016414523125
277.0,4.0,risk,3.006509187581289,3.0064971446990967,3.0064971446990967,1.6581533961283885,1.0,7.829032897949219,3.006509187581289,1.6581533961283885,0.7845444561880263,0.0,0.0,0.0,off,0.6763479113578796,1.323499321937561,0.0,0.00019790680380538106,gm,0.49444958567619324,6.116079309670397e-10,0.8133204579353333,0.40708157420158386,,,46.60463177661044,0.02330231588830522,5.364845432576909,0.00434352045760848,92.42,95.19,169.2345469892025
278.0,4.0,risk,3.006475580927661,3.006437301635742,3.006437301635742,1.6574882933550783,1.0,7.8216657638549805,3.006475580927661,1.6574882933550783,0.7835214391083973,0.0,0.0,0.0,off,0.6719487309455872,1.327897548675537,0.0,0.00020312186097726226,gm,0.4947631061077118,3.704449247354802e-10,0.8133202195167542,0.40720850229263306,,,46.34239053822234,0.02317119526911117,3.072386055018037,0.0075417590283832795,92.518,95.43,168.4917833507061
279.0,4.0,risk,3.006464716113742,3.006526470184326,3.006526470184326,1.657041914322797,1.0,7.818743705749512,3.006464716113742,1.657041914322797,0.7834004907656813,0.0,0.0,0.0,off,0.682874321937561,1.3169727325439453,0.0,0.0001992600446101278,gm,0.4945436120033264,4.1246012161266776e-10,0.8133202791213989,0.40717053413391113,,,46.09594594088903,0.023047972970444516,3.8507839844955196,0.005985267691785097,92.59,95.28,164.23342096805573
280.0,4.0,risk,3.0063509136209707,3.005990982055664,3.005990982055664,1.656089212583459,1.0,7.820944786071777,3.0063509136209707,1.656089212583459,0.7832427742840994,0.0,0.0,0.0,off,0.683584988117218,1.3162614107131958,0.0,0.0001834314170992002,gm,0.4947713315486908,4.0019690339399006e-10,0.8133202195167542,0.4072456359863281,,,45.88537521908895,0.022942687609544474,5.430291197985936,0.0042249460982964945,92.924,95.64,161.18839824199677
281.0,4.0,risk,3.0060485165442348,3.0058953762054443,3.0058953762054443,1.6555084563277263,1.0,7.810659408569336,3.0060485165442348,1.6555084563277263,0.7848524288143344,0.0,0.0,0.0,off,0.6850705742835999,1.314777135848999,0.0,0.00019996358605567366,gm,0.49486374855041504,4.146997467646685e-10,0.8133204579353333,0.4073449671268463,,,45.65254856487022,0.02282627428243511,3.796156615877821,0.006012995930400194,92.896,95.66,162.13010892271996
282.0,4.0,risk,3.0059678389898044,3.0058648586273193,3.0058648586273193,1.6546991883641313,1.0,7.806179046630859,3.0059678389898044,1.6546991883641313,0.784740001649198,0.0,0.0,0.0,off,0.6902887225151062,1.3095589876174927,0.0,0.00016887318633962423,gm,0.4947006404399872,1.0958424168094894e-09,0.8133203983306885,0.40730977058410645,,,45.441482128078974,0.022720741064039488,4.550480844795312,0.004993041799093982,92.994,95.44,160.10938957333565
283.0,4.0,risk,3.0059008720280875,3.0058979988098145,3.0058979988098145,1.6547600457735379,1.0,7.805072784423828,3.0059008720280875,1.6547600457735379,0.7841693498289494,0.0,0.0,0.0,off,0.6929609179496765,1.3068870306015015,0.0,0.00017294450663030148,gm,0.4950340986251831,4.840360334767979e-10,0.8133204579353333,0.40747305750846863,,,45.32864370118323,0.022664321850591616,5.7812723481101305,0.003920299976526875,93.04,95.61,157.6936430633068
284.0,4.0,risk,3.0059064038269354,3.00605845451355,3.00605845451355,1.6541321143469847,1.0,7.808574676513672,3.0059064038269354,1.6541321143469847,0.7834425814011517,0.0,0.0,0.0,off,0.6866714954376221,1.313175916671753,0.0,0.00020604005840141326,gm,0.49497711658477783,8.561583664246086e-10,0.8133204579353333,0.4074593186378479,,,45.144210572674545,0.022572105286337272,4.186941173834326,0.00539107294542334,93.182,95.73,156.97782427072525
285.0,4.0,risk,3.005801954537706,3.005697250366211,3.005697250366211,1.653159182394862,1.0,7.800909996032715,3.005801954537706,1.653159182394862,0.7829033645522564,0.0,0.0,0.0,off,0.6961702704429626,1.3036776781082153,0.0,0.00019096375035587698,gm,0.49505332112312317,2.697844447840936e-10,0.8133204579353333,0.4075239300727844,,,44.984992724964265,0.022492496362482132,2.6697604924539116,0.008424911682548776,93.418,95.83,153.30717965960503
286.0,4.0,risk,3.005699051005761,3.0056211948394775,3.0056211948394775,1.6530306607561038,1.0,7.794538497924805,3.005699051005761,1.6530306607561038,0.7828420926542843,0.0,0.0,0.0,off,0.6932438015937805,1.3066045045852661,0.0,0.00020462111569941044,gm,0.4949098825454712,8.369261395024807e-10,0.813320517539978,0.40757477283477783,,,44.8439459819698,0.022421972990984904,5.081336616849131,0.004412613192488804,93.29,95.8,154.99541649222374
287.0,4.0,risk,3.0056219289979667,3.0055251121520996,3.0055251121520996,1.6530221420175888,1.0,7.794817924499512,3.0056219289979667,1.6530221420175888,0.7830157929369251,0.0,0.0,0.0,off,0.6916010975837708,1.3082469701766968,0.0,0.00019765824254136533,gm,0.4954793453216553,7.107159305519417e-10,0.8133204579353333,0.4076075553894043,,,44.72784697041732,0.02236392348520866,3.3143993801857863,0.006747504123644588,93.438,95.78,153.0078198313713
288.0,4.0,risk,3.0056023963576997,3.005615472793579,3.005615472793579,1.6525395913502139,1.0,7.787552833557129,3.0056023963576997,1.6525395913502139,0.7830887881996077,0.0,0.0,0.0,off,0.6903243660926819,1.309523344039917,0.0,0.00021115184063091874,gm,0.49547237157821655,4.0998041073159186e-10,0.8133204579353333,0.4077904224395752,,,44.605161632907354,0.022302580816453678,4.551462433470756,0.0049000911558544176,93.48,95.82,152.16391623020172
289.0,4.0,risk,3.0056196783509708,3.0057010650634766,3.0057010650634766,1.6523153845916319,1.0,7.780835151672363,3.0056196783509708,1.6523153845916319,0.7828655367921991,0.0,0.0,0.0,off,0.6870440244674683,1.3128018379211426,0.0,0.00018804974388331175,gm,0.495985209941864,3.8490077791664135e-10,0.8133201599121094,0.4077880382537842,,,44.48938053376351,0.022244690266881754,3.528057564083748,0.006305081440092318,93.594,95.94,151.78350606560707
290.0,4.0,risk,3.0055962438168735,3.0054237842559814,3.0054237842559814,1.6521445387769538,1.0,7.785678863525391,3.0055962438168735,1.6521445387769538,0.7831926885468271,0.0,0.0,0.0,off,0.7023844718933105,1.297464370727539,0.0,0.00019118539057672024,gm,0.4951719343662262,4.821490429129938e-10,0.8133206367492676,0.4077930450439453,,,44.44872764465616,0.02222436382232808,4.087623902659073,0.005436988419573223,93.752,95.95,150.03683480620384
291.0,4.0,risk,3.0054882511763314,3.0054869651794434,3.0054869651794434,1.651844072829732,1.0,7.786397933959961,3.0054882511763314,1.651844072829732,0.7832006810571227,0.0,0.0,0.0,off,0.6930427551269531,1.3068057298660278,0.0,0.00019596607307903469,gm,0.4955672323703766,4.28888397019378e-10,0.813320517539978,0.40787607431411743,,,44.370617459368155,0.022185308729684078,5.438452980806466,0.0040793418290056135,93.894,96.03,148.0412532389164
292.0,4.0,risk,3.0054623226985298,3.005338191986084,3.005338191986084,1.6515758061957786,1.0,7.782508850097656,3.0054623226985298,1.6515758061957786,0.7833861031800585,0.0,0.0,0.0,off,0.6976736783981323,1.3021739721298218,0.0,0.00019826710922643542,gm,0.495678573846817,6.12146666689739e-10,0.8133203387260437,0.40788817405700684,,,44.331361003732994,0.022165680501866496,3.9572036360580856,0.005601349473121009,93.92,95.97,148.05954837799072
293.0,4.0,risk,3.005476942452628,3.005484104156494,3.005484104156494,1.6516413048405172,1.0,7.786110877990723,3.005476942452628,1.6516413048405172,0.7833152376782254,0.0,0.0,0.0,off,0.6996342539787292,1.300215244293213,0.0,0.00022736132086720318,gm,0.4956435263156891,5.946595993400194e-10,0.8133206963539124,0.4078700840473175,,,44.292113678986034,0.022146056839493018,2.945931016788855,0.007517506931860482,93.76,95.89,147.31913283467293
294.0,4.0,risk,3.0054233604684817,3.0053021907806396,3.0053021907806396,1.6515046662991615,1.0,7.779504776000977,3.0054233604684817,1.6515046662991615,0.7834447142108322,0.0,0.0,0.0,off,0.6987091302871704,1.3011386394500732,0.0,0.00018524743791203946,gm,0.4955776035785675,3.24262006135001e-10,0.8133203983306885,0.40787243843078613,,,44.263026911592284,0.022131513455796142,4.456132904741914,0.004966529035129381,93.846,95.88,146.73477005958557
295.0,4.0,risk,3.0054337984460697,3.005309820175171,3.005309820175171,1.6512240150090678,1.0,7.779304504394531,3.0054337984460697,1.6512240150090678,0.7832923266283996,0.0,0.0,0.0,off,0.6980072259902954,1.3018407821655273,0.0,0.00019993845489807427,gm,0.49563610553741455,3.924540137312249e-10,0.8133204579353333,0.4079574644565582,,,44.218179209769126,0.022109089604884564,4.553166287415612,0.004855761509521704,93.85,96.09,145.7945214509964
296.0,4.0,risk,3.0054077839912354,3.005451202392578,3.005451202392578,1.6511934382836226,1.0,7.7792510986328125,3.0054077839912354,1.6511934382836226,0.7834404514878607,0.0,0.0,0.0,off,0.6949836611747742,1.3048640489578247,0.0,0.00018763262778520584,gm,0.49568116664886475,2.285147904235174e-10,0.8133203387260437,0.4079491198062897,,,44.21222654284507,0.022106113271422537,3.654654327771793,0.006048756267709844,93.828,95.9,147.9263318479061
297.0,4.0,risk,3.005394394135536,3.0053789615631104,3.0053789615631104,1.6511063243422057,1.0,7.778038024902344,3.005394394135536,1.6511063243422057,0.7835203738468687,0.0,0.0,0.0,off,0.6986387968063354,1.3012100458145142,0.0,0.00019840245658997446,gm,0.49578115344047546,5.888912690821257e-10,0.8133206367492676,0.40793517231941223,,,44.20546238619755,0.022102731193098777,4.516305394432273,0.004893985074691173,93.924,95.94,146.8134576678276
298.0,4.0,risk,3.0054133993280514,3.005347728729248,3.005347728729248,1.6513118597552598,1.0,7.779740333557129,3.0054133993280514,1.6513118597552598,0.7835491453595174,0.0,0.0,0.0,off,0.6997679471969604,1.3000799417495728,0.0,0.00020747345115523785,gm,0.4956330358982086,3.426995631716778e-10,0.8133204579353333,0.40797460079193115,,,44.21268594630998,0.02210634297315499,4.446379094604943,0.0049717629789996845,93.746,95.85,147.62032398581505
299.0,4.0,risk,3.0054068644638257,3.0054025650024414,3.0054025650024414,1.6510867947507697,1.0,7.77915096282959,3.0054068644638257,1.6510867947507697,0.7834388517662693,0.0,0.0,0.0,off,0.7034515738487244,1.2963968515396118,0.0,0.0002082560968119651,gm,0.4953906834125519,4.09661304878739e-10,0.813320517539978,0.4078716039657593,,,44.21241200454234,0.02210620600227117,3.897279017134424,0.005672215385421733,93.712,95.89,147.82698693871498
