dataset,arch,method,label,reg_coeff,weight_decay,seed,L,T,if_mode,sigma,acc,checkpoint,matrix_csv
cifar100,vgg16,weight_decay,weight_decay,,0.0005,40,16,16,rate_uniform,0.0,62.67,/scratch/gs14/sl9144/qcfs_checkpoints/cifar100-checkpoints/vgg16_L[16]_strict_seed40_schemeC_noout_wd_l16_vgg16.pth,/home/595/sl9144/codes/snn_simulation/important_results/pre_input_if_noise/cifar100_vgg16_three_regs/weight_decay/seed_40/noise_sweep_matrix_cifar100_vgg16_T16_mode_rate_uniform_schedule_normal_seed_40.csv
cifar100,vgg16,weight_decay,weight_decay,,0.0005,40,16,16,rate_uniform,0.05,62.58,/scratch/gs14/sl9144/qcfs_checkpoints/cifar100-checkpoints/vgg16_L[16]_strict_seed40_schemeC_noout_wd_l16_vgg16.pth,/home/595/sl9144/codes/snn_simulation/important_results/pre_input_if_noise/cifar100_vgg16_three_regs/weight_decay/seed_40/noise_sweep_matrix_cifar100_vgg16_T16_mode_rate_uniform_schedule_normal_seed_40.csv
cifar100,vgg16,weight_decay,weight_decay,,0.0005,40,16,16,rate_uniform,0.1,62.73,/scratch/gs14/sl9144/qcfs_checkpoints/cifar100-checkpoints/vgg16_L[16]_strict_seed40_schemeC_noout_wd_l16_vgg16.pth,/home/595/sl9144/codes/snn_simulation/important_results/pre_input_if_noise/cifar100_vgg16_three_regs/weight_decay/seed_40/noise_sweep_matrix_cifar100_vgg16_T16_mode_rate_uniform_schedule_normal_seed_40.csv
cifar100,vgg16,weight_decay,weight_decay,,0.0005,40,16,16,rate_uniform,0.15,62.32,/scratch/gs14/sl9144/qcfs_checkpoints/cifar100-checkpoints/vgg16_L[16]_strict_seed40_schemeC_noout_wd_l16_vgg16.pth,/home/595/sl9144/codes/snn_simulation/important_results/pre_input_if_noise/cifar100_vgg16_three_regs/weight_decay/seed_40/noise_sweep_matrix_cifar100_vgg16_T16_mode_rate_uniform_schedule_normal_seed_40.csv
cifar100,vgg16,weight_decay,weight_decay,,0.0005,40,16,16,rate_uniform,0.2,62.41,/scratch/gs14/sl9144/qcfs_checkpoints/cifar100-checkpoints/vgg16_L[16]_strict_seed40_schemeC_noout_wd_l16_vgg16.pth,/home/595/sl9144/codes/snn_simulation/important_results/pre_input_if_noise/cifar100_vgg16_three_regs/weight_decay/seed_40/noise_sweep_matrix_cifar100_vgg16_T16_mode_rate_uniform_schedule_normal_seed_40.csv
cifar100,vgg16,weight_decay,weight_decay,,0.0005,40,16,16,rate_uniform,0.25,62.46,/scratch/gs14/sl9144/qcfs_checkpoints/cifar100-checkpoints/vgg16_L[16]_strict_seed40_schemeC_noout_wd_l16_vgg16.pth,/home/595/sl9144/codes/snn_simulation/important_results/pre_input_if_noise/cifar100_vgg16_three_regs/weight_decay/seed_40/noise_sweep_matrix_cifar100_vgg16_T16_mode_rate_uniform_schedule_normal_seed_40.csv
cifar100,vgg16,weight_decay,weight_decay,,0.0005,40,16,16,rate_uniform,0.3,62.06,/scratch/gs14/sl9144/qcfs_checkpoints/cifar100-checkpoints/vgg16_L[16]_strict_seed40_schemeC_noout_wd_l16_vgg16.pth,/home/595/sl9144/codes/snn_simulation/important_results/pre_input_if_noise/cifar100_vgg16_three_regs/weight_decay/seed_40/noise_sweep_matrix_cifar100_vgg16_T16_mode_rate_uniform_schedule_normal_seed_40.csv
cifar100,vgg16,weight_decay,weight_decay,,0.0005,40,16,16,rate_uniform,0.35,61.61,/scratch/gs14/sl9144/qcfs_checkpoints/cifar100-checkpoints/vgg16_L[16]_strict_seed40_schemeC_noout_wd_l16_vgg16.pth,/home/595/sl9144/codes/snn_simulation/important_results/pre_input_if_noise/cifar100_vgg16_three_regs/weight_decay/seed_40/noise_sweep_matrix_cifar100_vgg16_T16_mode_rate_uniform_schedule_normal_seed_40.csv
cifar100,vgg16,weight_decay,weight_decay,,0.0005,40,16,16,rate_uniform,0.4,61.14,/scratch/gs14/sl9144/qcfs_checkpoints/cifar100-checkpoints/vgg16_L[16]_strict_seed40_schemeC_noout_wd_l16_vgg16.pth,/home/595/sl9144/codes/snn_simulation/important_results/pre_input_if_noise/cifar100_vgg16_three_regs/weight_decay/seed_40/noise_sweep_matrix_cifar100_vgg16_T16_mode_rate_uniform_schedule_normal_seed_40.csv
cifar100,vgg16,weight_decay,weight_decay,,0.0005,40,16,16,rate_uniform,0.45,60.79,/scratch/gs14/sl9144/qcfs_checkpoints/cifar100-checkpoints/vgg16_L[16]_strict_seed40_schemeC_noout_wd_l16_vgg16.pth,/home/595/sl9144/codes/snn_simulation/important_results/pre_input_if_noise/cifar100_vgg16_three_regs/weight_decay/seed_40/noise_sweep_matrix_cifar100_vgg16_T16_mode_rate_uniform_schedule_normal_seed_40.csv
cifar100,vgg16,weight_decay,weight_decay,,0.0005,40,16,16,rate_uniform,0.5,60.06,/scratch/gs14/sl9144/qcfs_checkpoints/cifar100-checkpoints/vgg16_L[16]_strict_seed40_schemeC_noout_wd_l16_vgg16.pth,/home/595/sl9144/codes/snn_simulation/important_results/pre_input_if_noise/cifar100_vgg16_three_regs/weight_decay/seed_40/noise_sweep_matrix_cifar100_vgg16_T16_mode_rate_uniform_schedule_normal_seed_40.csv
cifar100,vgg16,weight_decay,weight_decay,,0.0005,40,16,16,rate_uniform,0.55,59.52,/scratch/gs14/sl9144/qcfs_checkpoints/cifar100-checkpoints/vgg16_L[16]_strict_seed40_schemeC_noout_wd_l16_vgg16.pth,/home/595/sl9144/codes/snn_simulation/important_results/pre_input_if_noise/cifar100_vgg16_three_regs/weight_decay/seed_40/noise_sweep_matrix_cifar100_vgg16_T16_mode_rate_uniform_schedule_normal_seed_40.csv
cifar100,vgg16,weight_decay,weight_decay,,0.0005,40,16,16,rate_uniform,0.6,58.53,/scratch/gs14/sl9144/qcfs_checkpoints/cifar100-checkpoints/vgg16_L[16]_strict_seed40_schemeC_noout_wd_l16_vgg16.pth,/home/595/sl9144/codes/snn_simulation/important_results/pre_input_if_noise/cifar100_vgg16_three_regs/weight_decay/seed_40/noise_sweep_matrix_cifar100_vgg16_T16_mode_rate_uniform_schedule_normal_seed_40.csv
cifar100,vgg16,weight_decay,weight_decay,,0.0005,40,16,16,rate_uniform,0.65,57.75,/scratch/gs14/sl9144/qcfs_checkpoints/cifar100-checkpoints/vgg16_L[16]_strict_seed40_schemeC_noout_wd_l16_vgg16.pth,/home/595/sl9144/codes/snn_simulation/important_results/pre_input_if_noise/cifar100_vgg16_three_regs/weight_decay/seed_40/noise_sweep_matrix_cifar100_vgg16_T16_mode_rate_uniform_schedule_normal_seed_40.csv
cifar100,vgg16,weight_decay,weight_decay,,0.0005,40,16,16,rate_uniform,0.7,56.67,/scratch/gs14/sl9144/qcfs_checkpoints/cifar100-checkpoints/vgg16_L[16]_strict_seed40_schemeC_noout_wd_l16_vgg16.pth,/home/595/sl9144/codes/snn_simulation/important_results/pre_input_if_noise/cifar100_vgg16_three_regs/weight_decay/seed_40/noise_sweep_matrix_cifar100_vgg16_T16_mode_rate_uniform_schedule_normal_seed_40.csv
cifar100,vgg16,weight_decay,weight_decay,,0.0005,40,16,16,rate_uniform,0.75,55.82,/scratch/gs14/sl9144/qcfs_checkpoints/cifar100-checkpoints/vgg16_L[16]_strict_seed40_schemeC_noout_wd_l16_vgg16.pth,/home/595/sl9144/codes/snn_simulation/important_results/pre_input_if_noise/cifar100_vgg16_three_regs/weight_decay/seed_40/noise_sweep_matrix_cifar100_vgg16_T16_mode_rate_uniform_schedule_normal_seed_40.csv
cifar100,vgg16,weight_decay,weight_decay,,0.0005,40,16,16,rate_uniform,0.8,54.68,/scratch/gs14/sl9144/qcfs_checkpoints/cifar100-checkpoints/vgg16_L[16]_strict_seed40_schemeC_noout_wd_l16_vgg16.pth,/home/595/sl9144/codes/snn_simulation/important_results/pre_input_if_noise/cifar100_vgg16_three_regs/weight_decay/seed_40/noise_sweep_matrix_cifar100_vgg16_T16_mode_rate_uniform_schedule_normal_seed_40.csv
cifar100,vgg16,weight_decay,weight_decay,,0.0005,40,16,16,rate_uniform,0.85,53.32,/scratch/gs14/sl9144/qcfs_checkpoints/cifar100-checkpoints/vgg16_L[16]_strict_seed40_schemeC_noout_wd_l16_vgg16.pth,/home/595/sl9144/codes/snn_simulation/important_results/pre_input_if_noise/cifar100_vgg16_three_regs/weight_decay/seed_40/noise_sweep_matrix_cifar100_vgg16_T16_mode_rate_uniform_schedule_normal_seed_40.csv
cifar100,vgg16,weight_decay,weight_decay,,0.0005,40,16,16,rate_uniform,0.9,52.19,/scratch/gs14/sl9144/qcfs_checkpoints/cifar100-checkpoints/vgg16_L[16]_strict_seed40_schemeC_noout_wd_l16_vgg16.pth,/home/595/sl9144/codes/snn_simulation/important_results/pre_input_if_noise/cifar100_vgg16_three_regs/weight_decay/seed_40/noise_sweep_matrix_cifar100_vgg16_T16_mode_rate_uniform_schedule_normal_seed_40.csv
cifar100,vgg16,weight_decay,weight_decay,,0.0005,40,16,16,rate_uniform,0.95,50.38,/scratch/gs14/sl9144/qcfs_checkpoints/cifar100-checkpoints/vgg16_L[16]_strict_seed40_schemeC_noout_wd_l16_vgg16.pth,/home/595/sl9144/codes/snn_simulation/important_results/pre_input_if_noise/cifar100_vgg16_three_regs/weight_decay/seed_40/noise_sweep_matrix_cifar100_vgg16_T16_mode_rate_uniform_schedule_normal_seed_40.csv
cifar100,vgg16,weight_decay,weight_decay,,0.0005,40,16,16,rate_uniform,1.0,49.05,/scratch/gs14/sl9144/qcfs_checkpoints/cifar100-checkpoints/vgg16_L[16]_strict_seed40_schemeC_noout_wd_l16_vgg16.pth,/home/595/sl9144/codes/snn_simulation/important_results/pre_input_if_noise/cifar100_vgg16_three_regs/weight_decay/seed_40/noise_sweep_matrix_cifar100_vgg16_T16_mode_rate_uniform_schedule_normal_seed_40.csv
cifar100,vgg16,weight_decay,weight_decay,,0.0005,41,16,16,rate_uniform,0.0,62.57,/scratch/gs14/sl9144/qcfs_checkpoints/cifar100-checkpoints/vgg16_L[16]_strict_seed41_schemeC_noout_wd_l16_vgg16.pth,/home/595/sl9144/codes/snn_simulation/important_results/pre_input_if_noise/cifar100_vgg16_three_regs/weight_decay/seed_41/noise_sweep_matrix_cifar100_vgg16_T16_mode_rate_uniform_schedule_normal_seed_41.csv
cifar100,vgg16,weight_decay,weight_decay,,0.0005,41,16,16,rate_uniform,0.05,62.47,/scratch/gs14/sl9144/qcfs_checkpoints/cifar100-checkpoints/vgg16_L[16]_strict_seed41_schemeC_noout_wd_l16_vgg16.pth,/home/595/sl9144/codes/snn_simulation/important_results/pre_input_if_noise/cifar100_vgg16_three_regs/weight_decay/seed_41/noise_sweep_matrix_cifar100_vgg16_T16_mode_rate_uniform_schedule_normal_seed_41.csv
cifar100,vgg16,weight_decay,weight_decay,,0.0005,41,16,16,rate_uniform,0.1,62.61,/scratch/gs14/sl9144/qcfs_checkpoints/cifar100-checkpoints/vgg16_L[16]_strict_seed41_schemeC_noout_wd_l16_vgg16.pth,/home/595/sl9144/codes/snn_simulation/important_results/pre_input_if_noise/cifar100_vgg16_three_regs/weight_decay/seed_41/noise_sweep_matrix_cifar100_vgg16_T16_mode_rate_uniform_schedule_normal_seed_41.csv
cifar100,vgg16,weight_decay,weight_decay,,0.0005,41,16,16,rate_uniform,0.15,62.51,/scratch/gs14/sl9144/qcfs_checkpoints/cifar100-checkpoints/vgg16_L[16]_strict_seed41_schemeC_noout_wd_l16_vgg16.pth,/home/595/sl9144/codes/snn_simulation/important_results/pre_input_if_noise/cifar100_vgg16_three_regs/weight_decay/seed_41/noise_sweep_matrix_cifar100_vgg16_T16_mode_rate_uniform_schedule_normal_seed_41.csv
cifar100,vgg16,weight_decay,weight_decay,,0.0005,41,16,16,rate_uniform,0.2,62.27,/scratch/gs14/sl9144/qcfs_checkpoints/cifar100-checkpoints/vgg16_L[16]_strict_seed41_schemeC_noout_wd_l16_vgg16.pth,/home/595/sl9144/codes/snn_simulation/important_results/pre_input_if_noise/cifar100_vgg16_three_regs/weight_decay/seed_41/noise_sweep_matrix_cifar100_vgg16_T16_mode_rate_uniform_schedule_normal_seed_41.csv
cifar100,vgg16,weight_decay,weight_decay,,0.0005,41,16,16,rate_uniform,0.25,62.1,/scratch/gs14/sl9144/qcfs_checkpoints/cifar100-checkpoints/vgg16_L[16]_strict_seed41_schemeC_noout_wd_l16_vgg16.pth,/home/595/sl9144/codes/snn_simulation/important_results/pre_input_if_noise/cifar100_vgg16_three_regs/weight_decay/seed_41/noise_sweep_matrix_cifar100_vgg16_T16_mode_rate_uniform_schedule_normal_seed_41.csv
cifar100,vgg16,weight_decay,weight_decay,,0.0005,41,16,16,rate_uniform,0.3,61.93,/scratch/gs14/sl9144/qcfs_checkpoints/cifar100-checkpoints/vgg16_L[16]_strict_seed41_schemeC_noout_wd_l16_vgg16.pth,/home/595/sl9144/codes/snn_simulation/important_results/pre_input_if_noise/cifar100_vgg16_three_regs/weight_decay/seed_41/noise_sweep_matrix_cifar100_vgg16_T16_mode_rate_uniform_schedule_normal_seed_41.csv
cifar100,vgg16,weight_decay,weight_decay,,0.0005,41,16,16,rate_uniform,0.35,61.73,/scratch/gs14/sl9144/qcfs_checkpoints/cifar100-checkpoints/vgg16_L[16]_strict_seed41_schemeC_noout_wd_l16_vgg16.pth,/home/595/sl9144/codes/snn_simulation/important_results/pre_input_if_noise/cifar100_vgg16_three_regs/weight_decay/seed_41/noise_sweep_matrix_cifar100_vgg16_T16_mode_rate_uniform_schedule_normal_seed_41.csv
cifar100,vgg16,weight_decay,weight_decay,,0.0005,41,16,16,rate_uniform,0.4,61.15,/scratch/gs14/sl9144/qcfs_checkpoints/cifar100-checkpoints/vgg16_L[16]_strict_seed41_schemeC_noout_wd_l16_vgg16.pth,/home/595/sl9144/codes/snn_simulation/important_results/pre_input_if_noise/cifar100_vgg16_three_regs/weight_decay/seed_41/noise_sweep_matrix_cifar100_vgg16_T16_mode_rate_uniform_schedule_normal_seed_41.csv
cifar100,vgg16,weight_decay,weight_decay,,0.0005,41,16,16,rate_uniform,0.45,60.75,/scratch/gs14/sl9144/qcfs_checkpoints/cifar100-checkpoints/vgg16_L[16]_strict_seed41_schemeC_noout_wd_l16_vgg16.pth,/home/595/sl9144/codes/snn_simulation/important_results/pre_input_if_noise/cifar100_vgg16_three_regs/weight_decay/seed_41/noise_sweep_matrix_cifar100_vgg16_T16_mode_rate_uniform_schedule_normal_seed_41.csv
cifar100,vgg16,weight_decay,weight_decay,,0.0005,41,16,16,rate_uniform,0.5,60.38,/scratch/gs14/sl9144/qcfs_checkpoints/cifar100-checkpoints/vgg16_L[16]_strict_seed41_schemeC_noout_wd_l16_vgg16.pth,/home/595/sl9144/codes/snn_simulation/important_results/pre_input_if_noise/cifar100_vgg16_three_regs/weight_decay/seed_41/noise_sweep_matrix_cifar100_vgg16_T16_mode_rate_uniform_schedule_normal_seed_41.csv
cifar100,vgg16,weight_decay,weight_decay,,0.0005,41,16,16,rate_uniform,0.55,59.77,/scratch/gs14/sl9144/qcfs_checkpoints/cifar100-checkpoints/vgg16_L[16]_strict_seed41_schemeC_noout_wd_l16_vgg16.pth,/home/595/sl9144/codes/snn_simulation/important_results/pre_input_if_noise/cifar100_vgg16_three_regs/weight_decay/seed_41/noise_sweep_matrix_cifar100_vgg16_T16_mode_rate_uniform_schedule_normal_seed_41.csv
cifar100,vgg16,weight_decay,weight_decay,,0.0005,41,16,16,rate_uniform,0.6,59.28,/scratch/gs14/sl9144/qcfs_checkpoints/cifar100-checkpoints/vgg16_L[16]_strict_seed41_schemeC_noout_wd_l16_vgg16.pth,/home/595/sl9144/codes/snn_simulation/important_results/pre_input_if_noise/cifar100_vgg16_three_regs/weight_decay/seed_41/noise_sweep_matrix_cifar100_vgg16_T16_mode_rate_uniform_schedule_normal_seed_41.csv
cifar100,vgg16,weight_decay,weight_decay,,0.0005,41,16,16,rate_uniform,0.65,58.26,/scratch/gs14/sl9144/qcfs_checkpoints/cifar100-checkpoints/vgg16_L[16]_strict_seed41_schemeC_noout_wd_l16_vgg16.pth,/home/595/sl9144/codes/snn_simulation/important_results/pre_input_if_noise/cifar100_vgg16_three_regs/weight_decay/seed_41/noise_sweep_matrix_cifar100_vgg16_T16_mode_rate_uniform_schedule_normal_seed_41.csv
cifar100,vgg16,weight_decay,weight_decay,,0.0005,41,16,16,rate_uniform,0.7,57.58,/scratch/gs14/sl9144/qcfs_checkpoints/cifar100-checkpoints/vgg16_L[16]_strict_seed41_schemeC_noout_wd_l16_vgg16.pth,/home/595/sl9144/codes/snn_simulation/important_results/pre_input_if_noise/cifar100_vgg16_three_regs/weight_decay/seed_41/noise_sweep_matrix_cifar100_vgg16_T16_mode_rate_uniform_schedule_normal_seed_41.csv
cifar100,vgg16,weight_decay,weight_decay,,0.0005,41,16,16,rate_uniform,0.75,56.47,/scratch/gs14/sl9144/qcfs_checkpoints/cifar100-checkpoints/vgg16_L[16]_strict_seed41_schemeC_noout_wd_l16_vgg16.pth,/home/595/sl9144/codes/snn_simulation/important_results/pre_input_if_noise/cifar100_vgg16_three_regs/weight_decay/seed_41/noise_sweep_matrix_cifar100_vgg16_T16_mode_rate_uniform_schedule_normal_seed_41.csv
cifar100,vgg16,weight_decay,weight_decay,,0.0005,41,16,16,rate_uniform,0.8,55.32,/scratch/gs14/sl9144/qcfs_checkpoints/cifar100-checkpoints/vgg16_L[16]_strict_seed41_schemeC_noout_wd_l16_vgg16.pth,/home/595/sl9144/codes/snn_simulation/important_results/pre_input_if_noise/cifar100_vgg16_three_regs/weight_decay/seed_41/noise_sweep_matrix_cifar100_vgg16_T16_mode_rate_uniform_schedule_normal_seed_41.csv
cifar100,vgg16,weight_decay,weight_decay,,0.0005,41,16,16,rate_uniform,0.85,54.51,/scratch/gs14/sl9144/qcfs_checkpoints/cifar100-checkpoints/vgg16_L[16]_strict_seed41_schemeC_noout_wd_l16_vgg16.pth,/home/595/sl9144/codes/snn_simulation/important_results/pre_input_if_noise/cifar100_vgg16_three_regs/weight_decay/seed_41/noise_sweep_matrix_cifar100_vgg16_T16_mode_rate_uniform_schedule_normal_seed_41.csv
cifar100,vgg16,weight_decay,weight_decay,,0.0005,41,16,16,rate_uniform,0.9,53.28,/scratch/gs14/sl9144/qcfs_checkpoints/cifar100-checkpoints/vgg16_L[16]_strict_seed41_schemeC_noout_wd_l16_vgg16.pth,/home/595/sl9144/codes/snn_simulation/important_results/pre_input_if_noise/cifar100_vgg16_three_regs/weight_decay/seed_41/noise_sweep_matrix_cifar100_vgg16_T16_mode_rate_uniform_schedule_normal_seed_41.csv
cifar100,vgg16,weight_decay,weight_decay,,0.0005,41,16,16,rate_uniform,0.95,51.94,/scratch/gs14/sl9144/qcfs_checkpoints/cifar100-checkpoints/vgg16_L[16]_strict_seed41_schemeC_noout_wd_l16_vgg16.pth,/home/595/sl9144/codes/snn_simulation/important_results/pre_input_if_noise/cifar100_vgg16_three_regs/weight_decay/seed_41/noise_sweep_matrix_cifar100_vgg16_T16_mode_rate_uniform_schedule_normal_seed_41.csv
cifar100,vgg16,weight_decay,weight_decay,,0.0005,41,16,16,rate_uniform,1.0,50.37,/scratch/gs14/sl9144/qcfs_checkpoints/cifar100-checkpoints/vgg16_L[16]_strict_seed41_schemeC_noout_wd_l16_vgg16.pth,/home/595/sl9144/codes/snn_simulation/important_results/pre_input_if_noise/cifar100_vgg16_three_regs/weight_decay/seed_41/noise_sweep_matrix_cifar100_vgg16_T16_mode_rate_uniform_schedule_normal_seed_41.csv
cifar100,vgg16,weight_decay,weight_decay,,0.0005,42,16,16,rate_uniform,0.0,62.27,/scratch/gs14/sl9144/qcfs_checkpoints/cifar100-checkpoints/vgg16_L[16]_strict_seed42_schemeC_noout_wd_l16_vgg16.pth,/home/595/sl9144/codes/snn_simulation/important_results/pre_input_if_noise/cifar100_vgg16_three_regs/weight_decay/seed_42/noise_sweep_matrix_cifar100_vgg16_T16_mode_rate_uniform_schedule_normal_seed_42.csv
cifar100,vgg16,weight_decay,weight_decay,,0.0005,42,16,16,rate_uniform,0.05,62.19,/scratch/gs14/sl9144/qcfs_checkpoints/cifar100-checkpoints/vgg16_L[16]_strict_seed42_schemeC_noout_wd_l16_vgg16.pth,/home/595/sl9144/codes/snn_simulation/important_results/pre_input_if_noise/cifar100_vgg16_three_regs/weight_decay/seed_42/noise_sweep_matrix_cifar100_vgg16_T16_mode_rate_uniform_schedule_normal_seed_42.csv
cifar100,vgg16,weight_decay,weight_decay,,0.0005,42,16,16,rate_uniform,0.1,62.18,/scratch/gs14/sl9144/qcfs_checkpoints/cifar100-checkpoints/vgg16_L[16]_strict_seed42_schemeC_noout_wd_l16_vgg16.pth,/home/595/sl9144/codes/snn_simulation/important_results/pre_input_if_noise/cifar100_vgg16_three_regs/weight_decay/seed_42/noise_sweep_matrix_cifar100_vgg16_T16_mode_rate_uniform_schedule_normal_seed_42.csv
cifar100,vgg16,weight_decay,weight_decay,,0.0005,42,16,16,rate_uniform,0.15,61.93,/scratch/gs14/sl9144/qcfs_checkpoints/cifar100-checkpoints/vgg16_L[16]_strict_seed42_schemeC_noout_wd_l16_vgg16.pth,/home/595/sl9144/codes/snn_simulation/important_results/pre_input_if_noise/cifar100_vgg16_three_regs/weight_decay/seed_42/noise_sweep_matrix_cifar100_vgg16_T16_mode_rate_uniform_schedule_normal_seed_42.csv
cifar100,vgg16,weight_decay,weight_decay,,0.0005,42,16,16,rate_uniform,0.2,61.71,/scratch/gs14/sl9144/qcfs_checkpoints/cifar100-checkpoints/vgg16_L[16]_strict_seed42_schemeC_noout_wd_l16_vgg16.pth,/home/595/sl9144/codes/snn_simulation/important_results/pre_input_if_noise/cifar100_vgg16_three_regs/weight_decay/seed_42/noise_sweep_matrix_cifar100_vgg16_T16_mode_rate_uniform_schedule_normal_seed_42.csv
cifar100,vgg16,weight_decay,weight_decay,,0.0005,42,16,16,rate_uniform,0.25,61.42,/scratch/gs14/sl9144/qcfs_checkpoints/cifar100-checkpoints/vgg16_L[16]_strict_seed42_schemeC_noout_wd_l16_vgg16.pth,/home/595/sl9144/codes/snn_simulation/important_results/pre_input_if_noise/cifar100_vgg16_three_regs/weight_decay/seed_42/noise_sweep_matrix_cifar100_vgg16_T16_mode_rate_uniform_schedule_normal_seed_42.csv
cifar100,vgg16,weight_decay,weight_decay,,0.0005,42,16,16,rate_uniform,0.3,60.83,/scratch/gs14/sl9144/qcfs_checkpoints/cifar100-checkpoints/vgg16_L[16]_strict_seed42_schemeC_noout_wd_l16_vgg16.pth,/home/595/sl9144/codes/snn_simulation/important_results/pre_input_if_noise/cifar100_vgg16_three_regs/weight_decay/seed_42/noise_sweep_matrix_cifar100_vgg16_T16_mode_rate_uniform_schedule_normal_seed_42.csv
cifar100,vgg16,weight_decay,weight_decay,,0.0005,42,16,16,rate_uniform,0.35,60.67,/scratch/gs14/sl9144/qcfs_checkpoints/cifar100-checkpoints/vgg16_L[16]_strict_seed42_schemeC_noout_wd_l16_vgg16.pth,/home/595/sl9144/codes/snn_simulation/important_results/pre_input_if_noise/cifar100_vgg16_three_regs/weight_decay/seed_42/noise_sweep_matrix_cifar100_vgg16_T16_mode_rate_uniform_schedule_normal_seed_42.csv
cifar100,vgg16,weight_decay,weight_decay,,0.0005,42,16,16,rate_uniform,0.4,60.21,/scratch/gs14/sl9144/qcfs_checkpoints/cifar100-checkpoints/vgg16_L[16]_strict_seed42_schemeC_noout_wd_l16_vgg16.pth,/home/595/sl9144/codes/snn_simulation/important_results/pre_input_if_noise/cifar100_vgg16_three_regs/weight_decay/seed_42/noise_sweep_matrix_cifar100_vgg16_T16_mode_rate_uniform_schedule_normal_seed_42.csv
cifar100,vgg16,weight_decay,weight_decay,,0.0005,42,16,16,rate_uniform,0.45,59.7,/scratch/gs14/sl9144/qcfs_checkpoints/cifar100-checkpoints/vgg16_L[16]_strict_seed42_schemeC_noout_wd_l16_vgg16.pth,/home/595/sl9144/codes/snn_simulation/important_results/pre_input_if_noise/cifar100_vgg16_three_regs/weight_decay/seed_42/noise_sweep_matrix_cifar100_vgg16_T16_mode_rate_uniform_schedule_normal_seed_42.csv
cifar100,vgg16,weight_decay,weight_decay,,0.0005,42,16,16,rate_uniform,0.5,59.05,/scratch/gs14/sl9144/qcfs_checkpoints/cifar100-checkpoints/vgg16_L[16]_strict_seed42_schemeC_noout_wd_l16_vgg16.pth,/home/595/sl9144/codes/snn_simulation/important_results/pre_input_if_noise/cifar100_vgg16_three_regs/weight_decay/seed_42/noise_sweep_matrix_cifar100_vgg16_T16_mode_rate_uniform_schedule_normal_seed_42.csv
cifar100,vgg16,weight_decay,weight_decay,,0.0005,42,16,16,rate_uniform,0.55,58.23,/scratch/gs14/sl9144/qcfs_checkpoints/cifar100-checkpoints/vgg16_L[16]_strict_seed42_schemeC_noout_wd_l16_vgg16.pth,/home/595/sl9144/codes/snn_simulation/important_results/pre_input_if_noise/cifar100_vgg16_three_regs/weight_decay/seed_42/noise_sweep_matrix_cifar100_vgg16_T16_mode_rate_uniform_schedule_normal_seed_42.csv
cifar100,vgg16,weight_decay,weight_decay,,0.0005,42,16,16,rate_uniform,0.6,57.66,/scratch/gs14/sl9144/qcfs_checkpoints/cifar100-checkpoints/vgg16_L[16]_strict_seed42_schemeC_noout_wd_l16_vgg16.pth,/home/595/sl9144/codes/snn_simulation/important_results/pre_input_if_noise/cifar100_vgg16_three_regs/weight_decay/seed_42/noise_sweep_matrix_cifar100_vgg16_T16_mode_rate_uniform_schedule_normal_seed_42.csv
cifar100,vgg16,weight_decay,weight_decay,,0.0005,42,16,16,rate_uniform,0.65,57.09,/scratch/gs14/sl9144/qcfs_checkpoints/cifar100-checkpoints/vgg16_L[16]_strict_seed42_schemeC_noout_wd_l16_vgg16.pth,/home/595/sl9144/codes/snn_simulation/important_results/pre_input_if_noise/cifar100_vgg16_three_regs/weight_decay/seed_42/noise_sweep_matrix_cifar100_vgg16_T16_mode_rate_uniform_schedule_normal_seed_42.csv
cifar100,vgg16,weight_decay,weight_decay,,0.0005,42,16,16,rate_uniform,0.7,56.1,/scratch/gs14/sl9144/qcfs_checkpoints/cifar100-checkpoints/vgg16_L[16]_strict_seed42_schemeC_noout_wd_l16_vgg16.pth,/home/595/sl9144/codes/snn_simulation/important_results/pre_input_if_noise/cifar100_vgg16_three_regs/weight_decay/seed_42/noise_sweep_matrix_cifar100_vgg16_T16_mode_rate_uniform_schedule_normal_seed_42.csv
cifar100,vgg16,weight_decay,weight_decay,,0.0005,42,16,16,rate_uniform,0.75,55.46,/scratch/gs14/sl9144/qcfs_checkpoints/cifar100-checkpoints/vgg16_L[16]_strict_seed42_schemeC_noout_wd_l16_vgg16.pth,/home/595/sl9144/codes/snn_simulation/important_results/pre_input_if_noise/cifar100_vgg16_three_regs/weight_decay/seed_42/noise_sweep_matrix_cifar100_vgg16_T16_mode_rate_uniform_schedule_normal_seed_42.csv
cifar100,vgg16,weight_decay,weight_decay,,0.0005,42,16,16,rate_uniform,0.8,54.3,/scratch/gs14/sl9144/qcfs_checkpoints/cifar100-checkpoints/vgg16_L[16]_strict_seed42_schemeC_noout_wd_l16_vgg16.pth,/home/595/sl9144/codes/snn_simulation/important_results/pre_input_if_noise/cifar100_vgg16_three_regs/weight_decay/seed_42/noise_sweep_matrix_cifar100_vgg16_T16_mode_rate_uniform_schedule_normal_seed_42.csv
cifar100,vgg16,weight_decay,weight_decay,,0.0005,42,16,16,rate_uniform,0.85,53.52,/scratch/gs14/sl9144/qcfs_checkpoints/cifar100-checkpoints/vgg16_L[16]_strict_seed42_schemeC_noout_wd_l16_vgg16.pth,/home/595/sl9144/codes/snn_simulation/important_results/pre_input_if_noise/cifar100_vgg16_three_regs/weight_decay/seed_42/noise_sweep_matrix_cifar100_vgg16_T16_mode_rate_uniform_schedule_normal_seed_42.csv
cifar100,vgg16,weight_decay,weight_decay,,0.0005,42,16,16,rate_uniform,0.9,52.05,/scratch/gs14/sl9144/qcfs_checkpoints/cifar100-checkpoints/vgg16_L[16]_strict_seed42_schemeC_noout_wd_l16_vgg16.pth,/home/595/sl9144/codes/snn_simulation/important_results/pre_input_if_noise/cifar100_vgg16_three_regs/weight_decay/seed_42/noise_sweep_matrix_cifar100_vgg16_T16_mode_rate_uniform_schedule_normal_seed_42.csv
cifar100,vgg16,weight_decay,weight_decay,,0.0005,42,16,16,rate_uniform,0.95,51.41,/scratch/gs14/sl9144/qcfs_checkpoints/cifar100-checkpoints/vgg16_L[16]_strict_seed42_schemeC_noout_wd_l16_vgg16.pth,/home/595/sl9144/codes/snn_simulation/important_results/pre_input_if_noise/cifar100_vgg16_three_regs/weight_decay/seed_42/noise_sweep_matrix_cifar100_vgg16_T16_mode_rate_uniform_schedule_normal_seed_42.csv
cifar100,vgg16,weight_decay,weight_decay,,0.0005,42,16,16,rate_uniform,1.0,49.96,/scratch/gs14/sl9144/qcfs_checkpoints/cifar100-checkpoints/vgg16_L[16]_strict_seed42_schemeC_noout_wd_l16_vgg16.pth,/home/595/sl9144/codes/snn_simulation/important_results/pre_input_if_noise/cifar100_vgg16_three_regs/weight_decay/seed_42/noise_sweep_matrix_cifar100_vgg16_T16_mode_rate_uniform_schedule_normal_seed_42.csv
cifar100,vgg16,weight_decay,weight_decay,,0.0005,43,16,16,rate_uniform,0.0,61.74,/scratch/gs14/sl9144/qcfs_checkpoints/cifar100-checkpoints/vgg16_L[16]_strict_seed43_schemeC_noout_wd_l16_vgg16.pth,/home/595/sl9144/codes/snn_simulation/important_results/pre_input_if_noise/cifar100_vgg16_three_regs/weight_decay/seed_43/noise_sweep_matrix_cifar100_vgg16_T16_mode_rate_uniform_schedule_normal_seed_43.csv
cifar100,vgg16,weight_decay,weight_decay,,0.0005,43,16,16,rate_uniform,0.05,61.77,/scratch/gs14/sl9144/qcfs_checkpoints/cifar100-checkpoints/vgg16_L[16]_strict_seed43_schemeC_noout_wd_l16_vgg16.pth,/home/595/sl9144/codes/snn_simulation/important_results/pre_input_if_noise/cifar100_vgg16_three_regs/weight_decay/seed_43/noise_sweep_matrix_cifar100_vgg16_T16_mode_rate_uniform_schedule_normal_seed_43.csv
cifar100,vgg16,weight_decay,weight_decay,,0.0005,43,16,16,rate_uniform,0.1,61.59,/scratch/gs14/sl9144/qcfs_checkpoints/cifar100-checkpoints/vgg16_L[16]_strict_seed43_schemeC_noout_wd_l16_vgg16.pth,/home/595/sl9144/codes/snn_simulation/important_results/pre_input_if_noise/cifar100_vgg16_three_regs/weight_decay/seed_43/noise_sweep_matrix_cifar100_vgg16_T16_mode_rate_uniform_schedule_normal_seed_43.csv
cifar100,vgg16,weight_decay,weight_decay,,0.0005,43,16,16,rate_uniform,0.15,61.47,/scratch/gs14/sl9144/qcfs_checkpoints/cifar100-checkpoints/vgg16_L[16]_strict_seed43_schemeC_noout_wd_l16_vgg16.pth,/home/595/sl9144/codes/snn_simulation/important_results/pre_input_if_noise/cifar100_vgg16_three_regs/weight_decay/seed_43/noise_sweep_matrix_cifar100_vgg16_T16_mode_rate_uniform_schedule_normal_seed_43.csv
cifar100,vgg16,weight_decay,weight_decay,,0.0005,43,16,16,rate_uniform,0.2,61.44,/scratch/gs14/sl9144/qcfs_checkpoints/cifar100-checkpoints/vgg16_L[16]_strict_seed43_schemeC_noout_wd_l16_vgg16.pth,/home/595/sl9144/codes/snn_simulation/important_results/pre_input_if_noise/cifar100_vgg16_three_regs/weight_decay/seed_43/noise_sweep_matrix_cifar100_vgg16_T16_mode_rate_uniform_schedule_normal_seed_43.csv
cifar100,vgg16,weight_decay,weight_decay,,0.0005,43,16,16,rate_uniform,0.25,61.25,/scratch/gs14/sl9144/qcfs_checkpoints/cifar100-checkpoints/vgg16_L[16]_strict_seed43_schemeC_noout_wd_l16_vgg16.pth,/home/595/sl9144/codes/snn_simulation/important_results/pre_input_if_noise/cifar100_vgg16_three_regs/weight_decay/seed_43/noise_sweep_matrix_cifar100_vgg16_T16_mode_rate_uniform_schedule_normal_seed_43.csv
cifar100,vgg16,weight_decay,weight_decay,,0.0005,43,16,16,rate_uniform,0.3,60.83,/scratch/gs14/sl9144/qcfs_checkpoints/cifar100-checkpoints/vgg16_L[16]_strict_seed43_schemeC_noout_wd_l16_vgg16.pth,/home/595/sl9144/codes/snn_simulation/important_results/pre_input_if_noise/cifar100_vgg16_three_regs/weight_decay/seed_43/noise_sweep_matrix_cifar100_vgg16_T16_mode_rate_uniform_schedule_normal_seed_43.csv
cifar100,vgg16,weight_decay,weight_decay,,0.0005,43,16,16,rate_uniform,0.35,60.58,/scratch/gs14/sl9144/qcfs_checkpoints/cifar100-checkpoints/vgg16_L[16]_strict_seed43_schemeC_noout_wd_l16_vgg16.pth,/home/595/sl9144/codes/snn_simulation/important_results/pre_input_if_noise/cifar100_vgg16_three_regs/weight_decay/seed_43/noise_sweep_matrix_cifar100_vgg16_T16_mode_rate_uniform_schedule_normal_seed_43.csv
cifar100,vgg16,weight_decay,weight_decay,,0.0005,43,16,16,rate_uniform,0.4,59.94,/scratch/gs14/sl9144/qcfs_checkpoints/cifar100-checkpoints/vgg16_L[16]_strict_seed43_schemeC_noout_wd_l16_vgg16.pth,/home/595/sl9144/codes/snn_simulation/important_results/pre_input_if_noise/cifar100_vgg16_three_regs/weight_decay/seed_43/noise_sweep_matrix_cifar100_vgg16_T16_mode_rate_uniform_schedule_normal_seed_43.csv
cifar100,vgg16,weight_decay,weight_decay,,0.0005,43,16,16,rate_uniform,0.45,59.05,/scratch/gs14/sl9144/qcfs_checkpoints/cifar100-checkpoints/vgg16_L[16]_strict_seed43_schemeC_noout_wd_l16_vgg16.pth,/home/595/sl9144/codes/snn_simulation/important_results/pre_input_if_noise/cifar100_vgg16_three_regs/weight_decay/seed_43/noise_sweep_matrix_cifar100_vgg16_T16_mode_rate_uniform_schedule_normal_seed_43.csv
cifar100,vgg16,weight_decay,weight_decay,,0.0005,43,16,16,rate_uniform,0.5,58.6,/scratch/gs14/sl9144/qcfs_checkpoints/cifar100-checkpoints/vgg16_L[16]_strict_seed43_schemeC_noout_wd_l16_vgg16.pth,/home/595/sl9144/codes/snn_simulation/important_results/pre_input_if_noise/cifar100_vgg16_three_regs/weight_decay/seed_43/noise_sweep_matrix_cifar100_vgg16_T16_mode_rate_uniform_schedule_normal_seed_43.csv
cifar100,vgg16,weight_decay,weight_decay,,0.0005,43,16,16,rate_uniform,0.55,58.04,/scratch/gs14/sl9144/qcfs_checkpoints/cifar100-checkpoints/vgg16_L[16]_strict_seed43_schemeC_noout_wd_l16_vgg16.pth,/home/595/sl9144/codes/snn_simulation/important_results/pre_input_if_noise/cifar100_vgg16_three_regs/weight_decay/seed_43/noise_sweep_matrix_cifar100_vgg16_T16_mode_rate_uniform_schedule_normal_seed_43.csv
cifar100,vgg16,weight_decay,weight_decay,,0.0005,43,16,16,rate_uniform,0.6,57.02,/scratch/gs14/sl9144/qcfs_checkpoints/cifar100-checkpoints/vgg16_L[16]_strict_seed43_schemeC_noout_wd_l16_vgg16.pth,/home/595/sl9144/codes/snn_simulation/important_results/pre_input_if_noise/cifar100_vgg16_three_regs/weight_decay/seed_43/noise_sweep_matrix_cifar100_vgg16_T16_mode_rate_uniform_schedule_normal_seed_43.csv
cifar100,vgg16,weight_decay,weight_decay,,0.0005,43,16,16,rate_uniform,0.65,56.51,/scratch/gs14/sl9144/qcfs_checkpoints/cifar100-checkpoints/vgg16_L[16]_strict_seed43_schemeC_noout_wd_l16_vgg16.pth,/home/595/sl9144/codes/snn_simulation/important_results/pre_input_if_noise/cifar100_vgg16_three_regs/weight_decay/seed_43/noise_sweep_matrix_cifar100_vgg16_T16_mode_rate_uniform_schedule_normal_seed_43.csv
cifar100,vgg16,weight_decay,weight_decay,,0.0005,43,16,16,rate_uniform,0.7,55.11,/scratch/gs14/sl9144/qcfs_checkpoints/cifar100-checkpoints/vgg16_L[16]_strict_seed43_schemeC_noout_wd_l16_vgg16.pth,/home/595/sl9144/codes/snn_simulation/important_results/pre_input_if_noise/cifar100_vgg16_three_regs/weight_decay/seed_43/noise_sweep_matrix_cifar100_vgg16_T16_mode_rate_uniform_schedule_normal_seed_43.csv
cifar100,vgg16,weight_decay,weight_decay,,0.0005,43,16,16,rate_uniform,0.75,54.58,/scratch/gs14/sl9144/qcfs_checkpoints/cifar100-checkpoints/vgg16_L[16]_strict_seed43_schemeC_noout_wd_l16_vgg16.pth,/home/595/sl9144/codes/snn_simulation/important_results/pre_input_if_noise/cifar100_vgg16_three_regs/weight_decay/seed_43/noise_sweep_matrix_cifar100_vgg16_T16_mode_rate_uniform_schedule_normal_seed_43.csv
cifar100,vgg16,weight_decay,weight_decay,,0.0005,43,16,16,rate_uniform,0.8,53.01,/scratch/gs14/sl9144/qcfs_checkpoints/cifar100-checkpoints/vgg16_L[16]_strict_seed43_schemeC_noout_wd_l16_vgg16.pth,/home/595/sl9144/codes/snn_simulation/important_results/pre_input_if_noise/cifar100_vgg16_three_regs/weight_decay/seed_43/noise_sweep_matrix_cifar100_vgg16_T16_mode_rate_uniform_schedule_normal_seed_43.csv
cifar100,vgg16,weight_decay,weight_decay,,0.0005,43,16,16,rate_uniform,0.85,51.94,/scratch/gs14/sl9144/qcfs_checkpoints/cifar100-checkpoints/vgg16_L[16]_strict_seed43_schemeC_noout_wd_l16_vgg16.pth,/home/595/sl9144/codes/snn_simulation/important_results/pre_input_if_noise/cifar100_vgg16_three_regs/weight_decay/seed_43/noise_sweep_matrix_cifar100_vgg16_T16_mode_rate_uniform_schedule_normal_seed_43.csv
cifar100,vgg16,weight_decay,weight_decay,,0.0005,43,16,16,rate_uniform,0.9,50.81,/scratch/gs14/sl9144/qcfs_checkpoints/cifar100-checkpoints/vgg16_L[16]_strict_seed43_schemeC_noout_wd_l16_vgg16.pth,/home/595/sl9144/codes/snn_simulation/important_results/pre_input_if_noise/cifar100_vgg16_three_regs/weight_decay/seed_43/noise_sweep_matrix_cifar100_vgg16_T16_mode_rate_uniform_schedule_normal_seed_43.csv
cifar100,vgg16,weight_decay,weight_decay,,0.0005,43,16,16,rate_uniform,0.95,49.01,/scratch/gs14/sl9144/qcfs_checkpoints/cifar100-checkpoints/vgg16_L[16]_strict_seed43_schemeC_noout_wd_l16_vgg16.pth,/home/595/sl9144/codes/snn_simulation/important_results/pre_input_if_noise/cifar100_vgg16_three_regs/weight_decay/seed_43/noise_sweep_matrix_cifar100_vgg16_T16_mode_rate_uniform_schedule_normal_seed_43.csv
cifar100,vgg16,weight_decay,weight_decay,,0.0005,43,16,16,rate_uniform,1.0,48.02,/scratch/gs14/sl9144/qcfs_checkpoints/cifar100-checkpoints/vgg16_L[16]_strict_seed43_schemeC_noout_wd_l16_vgg16.pth,/home/595/sl9144/codes/snn_simulation/important_results/pre_input_if_noise/cifar100_vgg16_three_regs/weight_decay/seed_43/noise_sweep_matrix_cifar100_vgg16_T16_mode_rate_uniform_schedule_normal_seed_43.csv
cifar100,vgg16,weight_decay,weight_decay,,0.0005,44,16,16,rate_uniform,0.0,62.11,/scratch/gs14/sl9144/qcfs_checkpoints/cifar100-checkpoints/vgg16_L[16]_strict_seed44_schemeC_noout_wd_l16_vgg16.pth,/home/595/sl9144/codes/snn_simulation/important_results/pre_input_if_noise/cifar100_vgg16_three_regs/weight_decay/seed_44/noise_sweep_matrix_cifar100_vgg16_T16_mode_rate_uniform_schedule_normal_seed_44.csv
cifar100,vgg16,weight_decay,weight_decay,,0.0005,44,16,16,rate_uniform,0.05,62.03,/scratch/gs14/sl9144/qcfs_checkpoints/cifar100-checkpoints/vgg16_L[16]_strict_seed44_schemeC_noout_wd_l16_vgg16.pth,/home/595/sl9144/codes/snn_simulation/important_results/pre_input_if_noise/cifar100_vgg16_three_regs/weight_decay/seed_44/noise_sweep_matrix_cifar100_vgg16_T16_mode_rate_uniform_schedule_normal_seed_44.csv
cifar100,vgg16,weight_decay,weight_decay,,0.0005,44,16,16,rate_uniform,0.1,61.83,/scratch/gs14/sl9144/qcfs_checkpoints/cifar100-checkpoints/vgg16_L[16]_strict_seed44_schemeC_noout_wd_l16_vgg16.pth,/home/595/sl9144/codes/snn_simulation/important_results/pre_input_if_noise/cifar100_vgg16_three_regs/weight_decay/seed_44/noise_sweep_matrix_cifar100_vgg16_T16_mode_rate_uniform_schedule_normal_seed_44.csv
cifar100,vgg16,weight_decay,weight_decay,,0.0005,44,16,16,rate_uniform,0.15,61.82,/scratch/gs14/sl9144/qcfs_checkpoints/cifar100-checkpoints/vgg16_L[16]_strict_seed44_schemeC_noout_wd_l16_vgg16.pth,/home/595/sl9144/codes/snn_simulation/important_results/pre_input_if_noise/cifar100_vgg16_three_regs/weight_decay/seed_44/noise_sweep_matrix_cifar100_vgg16_T16_mode_rate_uniform_schedule_normal_seed_44.csv
cifar100,vgg16,weight_decay,weight_decay,,0.0005,44,16,16,rate_uniform,0.2,61.6,/scratch/gs14/sl9144/qcfs_checkpoints/cifar100-checkpoints/vgg16_L[16]_strict_seed44_schemeC_noout_wd_l16_vgg16.pth,/home/595/sl9144/codes/snn_simulation/important_results/pre_input_if_noise/cifar100_vgg16_three_regs/weight_decay/seed_44/noise_sweep_matrix_cifar100_vgg16_T16_mode_rate_uniform_schedule_normal_seed_44.csv
cifar100,vgg16,weight_decay,weight_decay,,0.0005,44,16,16,rate_uniform,0.25,61.55,/scratch/gs14/sl9144/qcfs_checkpoints/cifar100-checkpoints/vgg16_L[16]_strict_seed44_schemeC_noout_wd_l16_vgg16.pth,/home/595/sl9144/codes/snn_simulation/important_results/pre_input_if_noise/cifar100_vgg16_three_regs/weight_decay/seed_44/noise_sweep_matrix_cifar100_vgg16_T16_mode_rate_uniform_schedule_normal_seed_44.csv
cifar100,vgg16,weight_decay,weight_decay,,0.0005,44,16,16,rate_uniform,0.3,61.38,/scratch/gs14/sl9144/qcfs_checkpoints/cifar100-checkpoints/vgg16_L[16]_strict_seed44_schemeC_noout_wd_l16_vgg16.pth,/home/595/sl9144/codes/snn_simulation/important_results/pre_input_if_noise/cifar100_vgg16_three_regs/weight_decay/seed_44/noise_sweep_matrix_cifar100_vgg16_T16_mode_rate_uniform_schedule_normal_seed_44.csv
cifar100,vgg16,weight_decay,weight_decay,,0.0005,44,16,16,rate_uniform,0.35,60.72,/scratch/gs14/sl9144/qcfs_checkpoints/cifar100-checkpoints/vgg16_L[16]_strict_seed44_schemeC_noout_wd_l16_vgg16.pth,/home/595/sl9144/codes/snn_simulation/important_results/pre_input_if_noise/cifar100_vgg16_three_regs/weight_decay/seed_44/noise_sweep_matrix_cifar100_vgg16_T16_mode_rate_uniform_schedule_normal_seed_44.csv
cifar100,vgg16,weight_decay,weight_decay,,0.0005,44,16,16,rate_uniform,0.4,60.55,/scratch/gs14/sl9144/qcfs_checkpoints/cifar100-checkpoints/vgg16_L[16]_strict_seed44_schemeC_noout_wd_l16_vgg16.pth,/home/595/sl9144/codes/snn_simulation/important_results/pre_input_if_noise/cifar100_vgg16_three_regs/weight_decay/seed_44/noise_sweep_matrix_cifar100_vgg16_T16_mode_rate_uniform_schedule_normal_seed_44.csv
cifar100,vgg16,weight_decay,weight_decay,,0.0005,44,16,16,rate_uniform,0.45,60.09,/scratch/gs14/sl9144/qcfs_checkpoints/cifar100-checkpoints/vgg16_L[16]_strict_seed44_schemeC_noout_wd_l16_vgg16.pth,/home/595/sl9144/codes/snn_simulation/important_results/pre_input_if_noise/cifar100_vgg16_three_regs/weight_decay/seed_44/noise_sweep_matrix_cifar100_vgg16_T16_mode_rate_uniform_schedule_normal_seed_44.csv
cifar100,vgg16,weight_decay,weight_decay,,0.0005,44,16,16,rate_uniform,0.5,59.45,/scratch/gs14/sl9144/qcfs_checkpoints/cifar100-checkpoints/vgg16_L[16]_strict_seed44_schemeC_noout_wd_l16_vgg16.pth,/home/595/sl9144/codes/snn_simulation/important_results/pre_input_if_noise/cifar100_vgg16_three_regs/weight_decay/seed_44/noise_sweep_matrix_cifar100_vgg16_T16_mode_rate_uniform_schedule_normal_seed_44.csv
cifar100,vgg16,weight_decay,weight_decay,,0.0005,44,16,16,rate_uniform,0.55,58.92,/scratch/gs14/sl9144/qcfs_checkpoints/cifar100-checkpoints/vgg16_L[16]_strict_seed44_schemeC_noout_wd_l16_vgg16.pth,/home/595/sl9144/codes/snn_simulation/important_results/pre_input_if_noise/cifar100_vgg16_three_regs/weight_decay/seed_44/noise_sweep_matrix_cifar100_vgg16_T16_mode_rate_uniform_schedule_normal_seed_44.csv
cifar100,vgg16,weight_decay,weight_decay,,0.0005,44,16,16,rate_uniform,0.6,57.91,/scratch/gs14/sl9144/qcfs_checkpoints/cifar100-checkpoints/vgg16_L[16]_strict_seed44_schemeC_noout_wd_l16_vgg16.pth,/home/595/sl9144/codes/snn_simulation/important_results/pre_input_if_noise/cifar100_vgg16_three_regs/weight_decay/seed_44/noise_sweep_matrix_cifar100_vgg16_T16_mode_rate_uniform_schedule_normal_seed_44.csv
cifar100,vgg16,weight_decay,weight_decay,,0.0005,44,16,16,rate_uniform,0.65,57.26,/scratch/gs14/sl9144/qcfs_checkpoints/cifar100-checkpoints/vgg16_L[16]_strict_seed44_schemeC_noout_wd_l16_vgg16.pth,/home/595/sl9144/codes/snn_simulation/important_results/pre_input_if_noise/cifar100_vgg16_three_regs/weight_decay/seed_44/noise_sweep_matrix_cifar100_vgg16_T16_mode_rate_uniform_schedule_normal_seed_44.csv
cifar100,vgg16,weight_decay,weight_decay,,0.0005,44,16,16,rate_uniform,0.7,56.71,/scratch/gs14/sl9144/qcfs_checkpoints/cifar100-checkpoints/vgg16_L[16]_strict_seed44_schemeC_noout_wd_l16_vgg16.pth,/home/595/sl9144/codes/snn_simulation/important_results/pre_input_if_noise/cifar100_vgg16_three_regs/weight_decay/seed_44/noise_sweep_matrix_cifar100_vgg16_T16_mode_rate_uniform_schedule_normal_seed_44.csv
cifar100,vgg16,weight_decay,weight_decay,,0.0005,44,16,16,rate_uniform,0.75,55.21,/scratch/gs14/sl9144/qcfs_checkpoints/cifar100-checkpoints/vgg16_L[16]_strict_seed44_schemeC_noout_wd_l16_vgg16.pth,/home/595/sl9144/codes/snn_simulation/important_results/pre_input_if_noise/cifar100_vgg16_three_regs/weight_decay/seed_44/noise_sweep_matrix_cifar100_vgg16_T16_mode_rate_uniform_schedule_normal_seed_44.csv
cifar100,vgg16,weight_decay,weight_decay,,0.0005,44,16,16,rate_uniform,0.8,54.74,/scratch/gs14/sl9144/qcfs_checkpoints/cifar100-checkpoints/vgg16_L[16]_strict_seed44_schemeC_noout_wd_l16_vgg16.pth,/home/595/sl9144/codes/snn_simulation/important_results/pre_input_if_noise/cifar100_vgg16_three_regs/weight_decay/seed_44/noise_sweep_matrix_cifar100_vgg16_T16_mode_rate_uniform_schedule_normal_seed_44.csv
cifar100,vgg16,weight_decay,weight_decay,,0.0005,44,16,16,rate_uniform,0.85,53.83,/scratch/gs14/sl9144/qcfs_checkpoints/cifar100-checkpoints/vgg16_L[16]_strict_seed44_schemeC_noout_wd_l16_vgg16.pth,/home/595/sl9144/codes/snn_simulation/important_results/pre_input_if_noise/cifar100_vgg16_three_regs/weight_decay/seed_44/noise_sweep_matrix_cifar100_vgg16_T16_mode_rate_uniform_schedule_normal_seed_44.csv
cifar100,vgg16,weight_decay,weight_decay,,0.0005,44,16,16,rate_uniform,0.9,52.88,/scratch/gs14/sl9144/qcfs_checkpoints/cifar100-checkpoints/vgg16_L[16]_strict_seed44_schemeC_noout_wd_l16_vgg16.pth,/home/595/sl9144/codes/snn_simulation/important_results/pre_input_if_noise/cifar100_vgg16_three_regs/weight_decay/seed_44/noise_sweep_matrix_cifar100_vgg16_T16_mode_rate_uniform_schedule_normal_seed_44.csv
cifar100,vgg16,weight_decay,weight_decay,,0.0005,44,16,16,rate_uniform,0.95,51.31,/scratch/gs14/sl9144/qcfs_checkpoints/cifar100-checkpoints/vgg16_L[16]_strict_seed44_schemeC_noout_wd_l16_vgg16.pth,/home/595/sl9144/codes/snn_simulation/important_results/pre_input_if_noise/cifar100_vgg16_three_regs/weight_decay/seed_44/noise_sweep_matrix_cifar100_vgg16_T16_mode_rate_uniform_schedule_normal_seed_44.csv
cifar100,vgg16,weight_decay,weight_decay,,0.0005,44,16,16,rate_uniform,1.0,50.05,/scratch/gs14/sl9144/qcfs_checkpoints/cifar100-checkpoints/vgg16_L[16]_strict_seed44_schemeC_noout_wd_l16_vgg16.pth,/home/595/sl9144/codes/snn_simulation/important_results/pre_input_if_noise/cifar100_vgg16_three_regs/weight_decay/seed_44/noise_sweep_matrix_cifar100_vgg16_T16_mode_rate_uniform_schedule_normal_seed_44.csv
cifar100,vgg16,mne_l2,mne_l2 rc=1e-4,0.0001,0.0,40,16,16,rate_uniform,0.0,59.83,/scratch/gs14/sl9144/qcfs_checkpoints/cifar100-checkpoints/vgg16_L[16]_strict_seed40_schemeC_noout_mne_l2_l16_vgg16_rc1em04.pth,/home/595/sl9144/codes/snn_simulation/important_results/pre_input_if_noise/cifar100_vgg16_three_regs/mne_l2_rc1e-4/seed_40/noise_sweep_matrix_cifar100_vgg16_T16_mode_rate_uniform_schedule_normal_seed_40.csv
cifar100,vgg16,mne_l2,mne_l2 rc=1e-4,0.0001,0.0,40,16,16,rate_uniform,0.05,59.82,/scratch/gs14/sl9144/qcfs_checkpoints/cifar100-checkpoints/vgg16_L[16]_strict_seed40_schemeC_noout_mne_l2_l16_vgg16_rc1em04.pth,/home/595/sl9144/codes/snn_simulation/important_results/pre_input_if_noise/cifar100_vgg16_three_regs/mne_l2_rc1e-4/seed_40/noise_sweep_matrix_cifar100_vgg16_T16_mode_rate_uniform_schedule_normal_seed_40.csv
cifar100,vgg16,mne_l2,mne_l2 rc=1e-4,0.0001,0.0,40,16,16,rate_uniform,0.1,59.95,/scratch/gs14/sl9144/qcfs_checkpoints/cifar100-checkpoints/vgg16_L[16]_strict_seed40_schemeC_noout_mne_l2_l16_vgg16_rc1em04.pth,/home/595/sl9144/codes/snn_simulation/important_results/pre_input_if_noise/cifar100_vgg16_three_regs/mne_l2_rc1e-4/seed_40/noise_sweep_matrix_cifar100_vgg16_T16_mode_rate_uniform_schedule_normal_seed_40.csv
cifar100,vgg16,mne_l2,mne_l2 rc=1e-4,0.0001,0.0,40,16,16,rate_uniform,0.15,59.89,/scratch/gs14/sl9144/qcfs_checkpoints/cifar100-checkpoints/vgg16_L[16]_strict_seed40_schemeC_noout_mne_l2_l16_vgg16_rc1em04.pth,/home/595/sl9144/codes/snn_simulation/important_results/pre_input_if_noise/cifar100_vgg16_three_regs/mne_l2_rc1e-4/seed_40/noise_sweep_matrix_cifar100_vgg16_T16_mode_rate_uniform_schedule_normal_seed_40.csv
cifar100,vgg16,mne_l2,mne_l2 rc=1e-4,0.0001,0.0,40,16,16,rate_uniform,0.2,59.9,/scratch/gs14/sl9144/qcfs_checkpoints/cifar100-checkpoints/vgg16_L[16]_strict_seed40_schemeC_noout_mne_l2_l16_vgg16_rc1em04.pth,/home/595/sl9144/codes/snn_simulation/important_results/pre_input_if_noise/cifar100_vgg16_three_regs/mne_l2_rc1e-4/seed_40/noise_sweep_matrix_cifar100_vgg16_T16_mode_rate_uniform_schedule_normal_seed_40.csv
cifar100,vgg16,mne_l2,mne_l2 rc=1e-4,0.0001,0.0,40,16,16,rate_uniform,0.25,59.85,/scratch/gs14/sl9144/qcfs_checkpoints/cifar100-checkpoints/vgg16_L[16]_strict_seed40_schemeC_noout_mne_l2_l16_vgg16_rc1em04.pth,/home/595/sl9144/codes/snn_simulation/important_results/pre_input_if_noise/cifar100_vgg16_three_regs/mne_l2_rc1e-4/seed_40/noise_sweep_matrix_cifar100_vgg16_T16_mode_rate_uniform_schedule_normal_seed_40.csv
cifar100,vgg16,mne_l2,mne_l2 rc=1e-4,0.0001,0.0,40,16,16,rate_uniform,0.3,59.87,/scratch/gs14/sl9144/qcfs_checkpoints/cifar100-checkpoints/vgg16_L[16]_strict_seed40_schemeC_noout_mne_l2_l16_vgg16_rc1em04.pth,/home/595/sl9144/codes/snn_simulation/important_results/pre_input_if_noise/cifar100_vgg16_three_regs/mne_l2_rc1e-4/seed_40/noise_sweep_matrix_cifar100_vgg16_T16_mode_rate_uniform_schedule_normal_seed_40.csv
cifar100,vgg16,mne_l2,mne_l2 rc=1e-4,0.0001,0.0,40,16,16,rate_uniform,0.35,59.8,/scratch/gs14/sl9144/qcfs_checkpoints/cifar100-checkpoints/vgg16_L[16]_strict_seed40_schemeC_noout_mne_l2_l16_vgg16_rc1em04.pth,/home/595/sl9144/codes/snn_simulation/important_results/pre_input_if_noise/cifar100_vgg16_three_regs/mne_l2_rc1e-4/seed_40/noise_sweep_matrix_cifar100_vgg16_T16_mode_rate_uniform_schedule_normal_seed_40.csv
cifar100,vgg16,mne_l2,mne_l2 rc=1e-4,0.0001,0.0,40,16,16,rate_uniform,0.4,59.86,/scratch/gs14/sl9144/qcfs_checkpoints/cifar100-checkpoints/vgg16_L[16]_strict_seed40_schemeC_noout_mne_l2_l16_vgg16_rc1em04.pth,/home/595/sl9144/codes/snn_simulation/important_results/pre_input_if_noise/cifar100_vgg16_three_regs/mne_l2_rc1e-4/seed_40/noise_sweep_matrix_cifar100_vgg16_T16_mode_rate_uniform_schedule_normal_seed_40.csv
cifar100,vgg16,mne_l2,mne_l2 rc=1e-4,0.0001,0.0,40,16,16,rate_uniform,0.45,59.99,/scratch/gs14/sl9144/qcfs_checkpoints/cifar100-checkpoints/vgg16_L[16]_strict_seed40_schemeC_noout_mne_l2_l16_vgg16_rc1em04.pth,/home/595/sl9144/codes/snn_simulation/important_results/pre_input_if_noise/cifar100_vgg16_three_regs/mne_l2_rc1e-4/seed_40/noise_sweep_matrix_cifar100_vgg16_T16_mode_rate_uniform_schedule_normal_seed_40.csv
cifar100,vgg16,mne_l2,mne_l2 rc=1e-4,0.0001,0.0,40,16,16,rate_uniform,0.5,59.77,/scratch/gs14/sl9144/qcfs_checkpoints/cifar100-checkpoints/vgg16_L[16]_strict_seed40_schemeC_noout_mne_l2_l16_vgg16_rc1em04.pth,/home/595/sl9144/codes/snn_simulation/important_results/pre_input_if_noise/cifar100_vgg16_three_regs/mne_l2_rc1e-4/seed_40/noise_sweep_matrix_cifar100_vgg16_T16_mode_rate_uniform_schedule_normal_seed_40.csv
cifar100,vgg16,mne_l2,mne_l2 rc=1e-4,0.0001,0.0,40,16,16,rate_uniform,0.55,59.75,/scratch/gs14/sl9144/qcfs_checkpoints/cifar100-checkpoints/vgg16_L[16]_strict_seed40_schemeC_noout_mne_l2_l16_vgg16_rc1em04.pth,/home/595/sl9144/codes/snn_simulation/important_results/pre_input_if_noise/cifar100_vgg16_three_regs/mne_l2_rc1e-4/seed_40/noise_sweep_matrix_cifar100_vgg16_T16_mode_rate_uniform_schedule_normal_seed_40.csv
cifar100,vgg16,mne_l2,mne_l2 rc=1e-4,0.0001,0.0,40,16,16,rate_uniform,0.6,59.85,/scratch/gs14/sl9144/qcfs_checkpoints/cifar100-checkpoints/vgg16_L[16]_strict_seed40_schemeC_noout_mne_l2_l16_vgg16_rc1em04.pth,/home/595/sl9144/codes/snn_simulation/important_results/pre_input_if_noise/cifar100_vgg16_three_regs/mne_l2_rc1e-4/seed_40/noise_sweep_matrix_cifar100_vgg16_T16_mode_rate_uniform_schedule_normal_seed_40.csv
cifar100,vgg16,mne_l2,mne_l2 rc=1e-4,0.0001,0.0,40,16,16,rate_uniform,0.65,59.87,/scratch/gs14/sl9144/qcfs_checkpoints/cifar100-checkpoints/vgg16_L[16]_strict_seed40_schemeC_noout_mne_l2_l16_vgg16_rc1em04.pth,/home/595/sl9144/codes/snn_simulation/important_results/pre_input_if_noise/cifar100_vgg16_three_regs/mne_l2_rc1e-4/seed_40/noise_sweep_matrix_cifar100_vgg16_T16_mode_rate_uniform_schedule_normal_seed_40.csv
cifar100,vgg16,mne_l2,mne_l2 rc=1e-4,0.0001,0.0,40,16,16,rate_uniform,0.7,59.93,/scratch/gs14/sl9144/qcfs_checkpoints/cifar100-checkpoints/vgg16_L[16]_strict_seed40_schemeC_noout_mne_l2_l16_vgg16_rc1em04.pth,/home/595/sl9144/codes/snn_simulation/important_results/pre_input_if_noise/cifar100_vgg16_three_regs/mne_l2_rc1e-4/seed_40/noise_sweep_matrix_cifar100_vgg16_T16_mode_rate_uniform_schedule_normal_seed_40.csv
cifar100,vgg16,mne_l2,mne_l2 rc=1e-4,0.0001,0.0,40,16,16,rate_uniform,0.75,59.75,/scratch/gs14/sl9144/qcfs_checkpoints/cifar100-checkpoints/vgg16_L[16]_strict_seed40_schemeC_noout_mne_l2_l16_vgg16_rc1em04.pth,/home/595/sl9144/codes/snn_simulation/important_results/pre_input_if_noise/cifar100_vgg16_three_regs/mne_l2_rc1e-4/seed_40/noise_sweep_matrix_cifar100_vgg16_T16_mode_rate_uniform_schedule_normal_seed_40.csv
cifar100,vgg16,mne_l2,mne_l2 rc=1e-4,0.0001,0.0,40,16,16,rate_uniform,0.8,59.84,/scratch/gs14/sl9144/qcfs_checkpoints/cifar100-checkpoints/vgg16_L[16]_strict_seed40_schemeC_noout_mne_l2_l16_vgg16_rc1em04.pth,/home/595/sl9144/codes/snn_simulation/important_results/pre_input_if_noise/cifar100_vgg16_three_regs/mne_l2_rc1e-4/seed_40/noise_sweep_matrix_cifar100_vgg16_T16_mode_rate_uniform_schedule_normal_seed_40.csv
cifar100,vgg16,mne_l2,mne_l2 rc=1e-4,0.0001,0.0,40,16,16,rate_uniform,0.85,59.98,/scratch/gs14/sl9144/qcfs_checkpoints/cifar100-checkpoints/vgg16_L[16]_strict_seed40_schemeC_noout_mne_l2_l16_vgg16_rc1em04.pth,/home/595/sl9144/codes/snn_simulation/important_results/pre_input_if_noise/cifar100_vgg16_three_regs/mne_l2_rc1e-4/seed_40/noise_sweep_matrix_cifar100_vgg16_T16_mode_rate_uniform_schedule_normal_seed_40.csv
cifar100,vgg16,mne_l2,mne_l2 rc=1e-4,0.0001,0.0,40,16,16,rate_uniform,0.9,59.91,/scratch/gs14/sl9144/qcfs_checkpoints/cifar100-checkpoints/vgg16_L[16]_strict_seed40_schemeC_noout_mne_l2_l16_vgg16_rc1em04.pth,/home/595/sl9144/codes/snn_simulation/important_results/pre_input_if_noise/cifar100_vgg16_three_regs/mne_l2_rc1e-4/seed_40/noise_sweep_matrix_cifar100_vgg16_T16_mode_rate_uniform_schedule_normal_seed_40.csv
cifar100,vgg16,mne_l2,mne_l2 rc=1e-4,0.0001,0.0,40,16,16,rate_uniform,0.95,59.9,/scratch/gs14/sl9144/qcfs_checkpoints/cifar100-checkpoints/vgg16_L[16]_strict_seed40_schemeC_noout_mne_l2_l16_vgg16_rc1em04.pth,/home/595/sl9144/codes/snn_simulation/important_results/pre_input_if_noise/cifar100_vgg16_three_regs/mne_l2_rc1e-4/seed_40/noise_sweep_matrix_cifar100_vgg16_T16_mode_rate_uniform_schedule_normal_seed_40.csv
cifar100,vgg16,mne_l2,mne_l2 rc=1e-4,0.0001,0.0,40,16,16,rate_uniform,1.0,59.76,/scratch/gs14/sl9144/qcfs_checkpoints/cifar100-checkpoints/vgg16_L[16]_strict_seed40_schemeC_noout_mne_l2_l16_vgg16_rc1em04.pth,/home/595/sl9144/codes/snn_simulation/important_results/pre_input_if_noise/cifar100_vgg16_three_regs/mne_l2_rc1e-4/seed_40/noise_sweep_matrix_cifar100_vgg16_T16_mode_rate_uniform_schedule_normal_seed_40.csv
cifar100,vgg16,mne_l2,mne_l2 rc=1e-4,0.0001,0.0,41,16,16,rate_uniform,0.0,59.38,/scratch/gs14/sl9144/qcfs_checkpoints/cifar100-checkpoints/vgg16_L[16]_strict_seed41_schemeC_noout_mne_l2_l16_vgg16_rc1em04.pth,/home/595/sl9144/codes/snn_simulation/important_results/pre_input_if_noise/cifar100_vgg16_three_regs/mne_l2_rc1e-4/seed_41/noise_sweep_matrix_cifar100_vgg16_T16_mode_rate_uniform_schedule_normal_seed_41.csv
cifar100,vgg16,mne_l2,mne_l2 rc=1e-4,0.0001,0.0,41,16,16,rate_uniform,0.05,59.46,/scratch/gs14/sl9144/qcfs_checkpoints/cifar100-checkpoints/vgg16_L[16]_strict_seed41_schemeC_noout_mne_l2_l16_vgg16_rc1em04.pth,/home/595/sl9144/codes/snn_simulation/important_results/pre_input_if_noise/cifar100_vgg16_three_regs/mne_l2_rc1e-4/seed_41/noise_sweep_matrix_cifar100_vgg16_T16_mode_rate_uniform_schedule_normal_seed_41.csv
cifar100,vgg16,mne_l2,mne_l2 rc=1e-4,0.0001,0.0,41,16,16,rate_uniform,0.1,59.57,/scratch/gs14/sl9144/qcfs_checkpoints/cifar100-checkpoints/vgg16_L[16]_strict_seed41_schemeC_noout_mne_l2_l16_vgg16_rc1em04.pth,/home/595/sl9144/codes/snn_simulation/important_results/pre_input_if_noise/cifar100_vgg16_three_regs/mne_l2_rc1e-4/seed_41/noise_sweep_matrix_cifar100_vgg16_T16_mode_rate_uniform_schedule_normal_seed_41.csv
cifar100,vgg16,mne_l2,mne_l2 rc=1e-4,0.0001,0.0,41,16,16,rate_uniform,0.15,59.5,/scratch/gs14/sl9144/qcfs_checkpoints/cifar100-checkpoints/vgg16_L[16]_strict_seed41_schemeC_noout_mne_l2_l16_vgg16_rc1em04.pth,/home/595/sl9144/codes/snn_simulation/important_results/pre_input_if_noise/cifar100_vgg16_three_regs/mne_l2_rc1e-4/seed_41/noise_sweep_matrix_cifar100_vgg16_T16_mode_rate_uniform_schedule_normal_seed_41.csv
cifar100,vgg16,mne_l2,mne_l2 rc=1e-4,0.0001,0.0,41,16,16,rate_uniform,0.2,59.48,/scratch/gs14/sl9144/qcfs_checkpoints/cifar100-checkpoints/vgg16_L[16]_strict_seed41_schemeC_noout_mne_l2_l16_vgg16_rc1em04.pth,/home/595/sl9144/codes/snn_simulation/important_results/pre_input_if_noise/cifar100_vgg16_three_regs/mne_l2_rc1e-4/seed_41/noise_sweep_matrix_cifar100_vgg16_T16_mode_rate_uniform_schedule_normal_seed_41.csv
cifar100,vgg16,mne_l2,mne_l2 rc=1e-4,0.0001,0.0,41,16,16,rate_uniform,0.25,59.59,/scratch/gs14/sl9144/qcfs_checkpoints/cifar100-checkpoints/vgg16_L[16]_strict_seed41_schemeC_noout_mne_l2_l16_vgg16_rc1em04.pth,/home/595/sl9144/codes/snn_simulation/important_results/pre_input_if_noise/cifar100_vgg16_three_regs/mne_l2_rc1e-4/seed_41/noise_sweep_matrix_cifar100_vgg16_T16_mode_rate_uniform_schedule_normal_seed_41.csv
cifar100,vgg16,mne_l2,mne_l2 rc=1e-4,0.0001,0.0,41,16,16,rate_uniform,0.3,59.49,/scratch/gs14/sl9144/qcfs_checkpoints/cifar100-checkpoints/vgg16_L[16]_strict_seed41_schemeC_noout_mne_l2_l16_vgg16_rc1em04.pth,/home/595/sl9144/codes/snn_simulation/important_results/pre_input_if_noise/cifar100_vgg16_three_regs/mne_l2_rc1e-4/seed_41/noise_sweep_matrix_cifar100_vgg16_T16_mode_rate_uniform_schedule_normal_seed_41.csv
cifar100,vgg16,mne_l2,mne_l2 rc=1e-4,0.0001,0.0,41,16,16,rate_uniform,0.35,59.42,/scratch/gs14/sl9144/qcfs_checkpoints/cifar100-checkpoints/vgg16_L[16]_strict_seed41_schemeC_noout_mne_l2_l16_vgg16_rc1em04.pth,/home/595/sl9144/codes/snn_simulation/important_results/pre_input_if_noise/cifar100_vgg16_three_regs/mne_l2_rc1e-4/seed_41/noise_sweep_matrix_cifar100_vgg16_T16_mode_rate_uniform_schedule_normal_seed_41.csv
cifar100,vgg16,mne_l2,mne_l2 rc=1e-4,0.0001,0.0,41,16,16,rate_uniform,0.4,59.52,/scratch/gs14/sl9144/qcfs_checkpoints/cifar100-checkpoints/vgg16_L[16]_strict_seed41_schemeC_noout_mne_l2_l16_vgg16_rc1em04.pth,/home/595/sl9144/codes/snn_simulation/important_results/pre_input_if_noise/cifar100_vgg16_three_regs/mne_l2_rc1e-4/seed_41/noise_sweep_matrix_cifar100_vgg16_T16_mode_rate_uniform_schedule_normal_seed_41.csv
cifar100,vgg16,mne_l2,mne_l2 rc=1e-4,0.0001,0.0,41,16,16,rate_uniform,0.45,59.59,/scratch/gs14/sl9144/qcfs_checkpoints/cifar100-checkpoints/vgg16_L[16]_strict_seed41_schemeC_noout_mne_l2_l16_vgg16_rc1em04.pth,/home/595/sl9144/codes/snn_simulation/important_results/pre_input_if_noise/cifar100_vgg16_three_regs/mne_l2_rc1e-4/seed_41/noise_sweep_matrix_cifar100_vgg16_T16_mode_rate_uniform_schedule_normal_seed_41.csv
cifar100,vgg16,mne_l2,mne_l2 rc=1e-4,0.0001,0.0,41,16,16,rate_uniform,0.5,59.57,/scratch/gs14/sl9144/qcfs_checkpoints/cifar100-checkpoints/vgg16_L[16]_strict_seed41_schemeC_noout_mne_l2_l16_vgg16_rc1em04.pth,/home/595/sl9144/codes/snn_simulation/important_results/pre_input_if_noise/cifar100_vgg16_three_regs/mne_l2_rc1e-4/seed_41/noise_sweep_matrix_cifar100_vgg16_T16_mode_rate_uniform_schedule_normal_seed_41.csv
cifar100,vgg16,mne_l2,mne_l2 rc=1e-4,0.0001,0.0,41,16,16,rate_uniform,0.55,59.47,/scratch/gs14/sl9144/qcfs_checkpoints/cifar100-checkpoints/vgg16_L[16]_strict_seed41_schemeC_noout_mne_l2_l16_vgg16_rc1em04.pth,/home/595/sl9144/codes/snn_simulation/important_results/pre_input_if_noise/cifar100_vgg16_three_regs/mne_l2_rc1e-4/seed_41/noise_sweep_matrix_cifar100_vgg16_T16_mode_rate_uniform_schedule_normal_seed_41.csv
cifar100,vgg16,mne_l2,mne_l2 rc=1e-4,0.0001,0.0,41,16,16,rate_uniform,0.6,59.52,/scratch/gs14/sl9144/qcfs_checkpoints/cifar100-checkpoints/vgg16_L[16]_strict_seed41_schemeC_noout_mne_l2_l16_vgg16_rc1em04.pth,/home/595/sl9144/codes/snn_simulation/important_results/pre_input_if_noise/cifar100_vgg16_three_regs/mne_l2_rc1e-4/seed_41/noise_sweep_matrix_cifar100_vgg16_T16_mode_rate_uniform_schedule_normal_seed_41.csv
cifar100,vgg16,mne_l2,mne_l2 rc=1e-4,0.0001,0.0,41,16,16,rate_uniform,0.65,59.53,/scratch/gs14/sl9144/qcfs_checkpoints/cifar100-checkpoints/vgg16_L[16]_strict_seed41_schemeC_noout_mne_l2_l16_vgg16_rc1em04.pth,/home/595/sl9144/codes/snn_simulation/important_results/pre_input_if_noise/cifar100_vgg16_three_regs/mne_l2_rc1e-4/seed_41/noise_sweep_matrix_cifar100_vgg16_T16_mode_rate_uniform_schedule_normal_seed_41.csv
cifar100,vgg16,mne_l2,mne_l2 rc=1e-4,0.0001,0.0,41,16,16,rate_uniform,0.7,59.49,/scratch/gs14/sl9144/qcfs_checkpoints/cifar100-checkpoints/vgg16_L[16]_strict_seed41_schemeC_noout_mne_l2_l16_vgg16_rc1em04.pth,/home/595/sl9144/codes/snn_simulation/important_results/pre_input_if_noise/cifar100_vgg16_three_regs/mne_l2_rc1e-4/seed_41/noise_sweep_matrix_cifar100_vgg16_T16_mode_rate_uniform_schedule_normal_seed_41.csv
cifar100,vgg16,mne_l2,mne_l2 rc=1e-4,0.0001,0.0,41,16,16,rate_uniform,0.75,59.44,/scratch/gs14/sl9144/qcfs_checkpoints/cifar100-checkpoints/vgg16_L[16]_strict_seed41_schemeC_noout_mne_l2_l16_vgg16_rc1em04.pth,/home/595/sl9144/codes/snn_simulation/important_results/pre_input_if_noise/cifar100_vgg16_three_regs/mne_l2_rc1e-4/seed_41/noise_sweep_matrix_cifar100_vgg16_T16_mode_rate_uniform_schedule_normal_seed_41.csv
cifar100,vgg16,mne_l2,mne_l2 rc=1e-4,0.0001,0.0,41,16,16,rate_uniform,0.8,59.47,/scratch/gs14/sl9144/qcfs_checkpoints/cifar100-checkpoints/vgg16_L[16]_strict_seed41_schemeC_noout_mne_l2_l16_vgg16_rc1em04.pth,/home/595/sl9144/codes/snn_simulation/important_results/pre_input_if_noise/cifar100_vgg16_three_regs/mne_l2_rc1e-4/seed_41/noise_sweep_matrix_cifar100_vgg16_T16_mode_rate_uniform_schedule_normal_seed_41.csv
cifar100,vgg16,mne_l2,mne_l2 rc=1e-4,0.0001,0.0,41,16,16,rate_uniform,0.85,59.3,/scratch/gs14/sl9144/qcfs_checkpoints/cifar100-checkpoints/vgg16_L[16]_strict_seed41_schemeC_noout_mne_l2_l16_vgg16_rc1em04.pth,/home/595/sl9144/codes/snn_simulation/important_results/pre_input_if_noise/cifar100_vgg16_three_regs/mne_l2_rc1e-4/seed_41/noise_sweep_matrix_cifar100_vgg16_T16_mode_rate_uniform_schedule_normal_seed_41.csv
cifar100,vgg16,mne_l2,mne_l2 rc=1e-4,0.0001,0.0,41,16,16,rate_uniform,0.9,59.38,/scratch/gs14/sl9144/qcfs_checkpoints/cifar100-checkpoints/vgg16_L[16]_strict_seed41_schemeC_noout_mne_l2_l16_vgg16_rc1em04.pth,/home/595/sl9144/codes/snn_simulation/important_results/pre_input_if_noise/cifar100_vgg16_three_regs/mne_l2_rc1e-4/seed_41/noise_sweep_matrix_cifar100_vgg16_T16_mode_rate_uniform_schedule_normal_seed_41.csv
cifar100,vgg16,mne_l2,mne_l2 rc=1e-4,0.0001,0.0,41,16,16,rate_uniform,0.95,59.32,/scratch/gs14/sl9144/qcfs_checkpoints/cifar100-checkpoints/vgg16_L[16]_strict_seed41_schemeC_noout_mne_l2_l16_vgg16_rc1em04.pth,/home/595/sl9144/codes/snn_simulation/important_results/pre_input_if_noise/cifar100_vgg16_three_regs/mne_l2_rc1e-4/seed_41/noise_sweep_matrix_cifar100_vgg16_T16_mode_rate_uniform_schedule_normal_seed_41.csv
cifar100,vgg16,mne_l2,mne_l2 rc=1e-4,0.0001,0.0,41,16,16,rate_uniform,1.0,59.41,/scratch/gs14/sl9144/qcfs_checkpoints/cifar100-checkpoints/vgg16_L[16]_strict_seed41_schemeC_noout_mne_l2_l16_vgg16_rc1em04.pth,/home/595/sl9144/codes/snn_simulation/important_results/pre_input_if_noise/cifar100_vgg16_three_regs/mne_l2_rc1e-4/seed_41/noise_sweep_matrix_cifar100_vgg16_T16_mode_rate_uniform_schedule_normal_seed_41.csv
cifar100,vgg16,mne_l2,mne_l2 rc=1e-4,0.0001,0.0,42,16,16,rate_uniform,0.0,59.56,/scratch/gs14/sl9144/qcfs_checkpoints/cifar100-checkpoints/vgg16_L[16]_strict_seed42_schemeC_noout_mne_l2_l16_vgg16_rc1em04.pth,/home/595/sl9144/codes/snn_simulation/important_results/pre_input_if_noise/cifar100_vgg16_three_regs/mne_l2_rc1e-4/seed_42/noise_sweep_matrix_cifar100_vgg16_T16_mode_rate_uniform_schedule_normal_seed_42.csv
cifar100,vgg16,mne_l2,mne_l2 rc=1e-4,0.0001,0.0,42,16,16,rate_uniform,0.05,59.56,/scratch/gs14/sl9144/qcfs_checkpoints/cifar100-checkpoints/vgg16_L[16]_strict_seed42_schemeC_noout_mne_l2_l16_vgg16_rc1em04.pth,/home/595/sl9144/codes/snn_simulation/important_results/pre_input_if_noise/cifar100_vgg16_three_regs/mne_l2_rc1e-4/seed_42/noise_sweep_matrix_cifar100_vgg16_T16_mode_rate_uniform_schedule_normal_seed_42.csv
cifar100,vgg16,mne_l2,mne_l2 rc=1e-4,0.0001,0.0,42,16,16,rate_uniform,0.1,59.51,/scratch/gs14/sl9144/qcfs_checkpoints/cifar100-checkpoints/vgg16_L[16]_strict_seed42_schemeC_noout_mne_l2_l16_vgg16_rc1em04.pth,/home/595/sl9144/codes/snn_simulation/important_results/pre_input_if_noise/cifar100_vgg16_three_regs/mne_l2_rc1e-4/seed_42/noise_sweep_matrix_cifar100_vgg16_T16_mode_rate_uniform_schedule_normal_seed_42.csv
cifar100,vgg16,mne_l2,mne_l2 rc=1e-4,0.0001,0.0,42,16,16,rate_uniform,0.15,59.42,/scratch/gs14/sl9144/qcfs_checkpoints/cifar100-checkpoints/vgg16_L[16]_strict_seed42_schemeC_noout_mne_l2_l16_vgg16_rc1em04.pth,/home/595/sl9144/codes/snn_simulation/important_results/pre_input_if_noise/cifar100_vgg16_three_regs/mne_l2_rc1e-4/seed_42/noise_sweep_matrix_cifar100_vgg16_T16_mode_rate_uniform_schedule_normal_seed_42.csv
cifar100,vgg16,mne_l2,mne_l2 rc=1e-4,0.0001,0.0,42,16,16,rate_uniform,0.2,59.44,/scratch/gs14/sl9144/qcfs_checkpoints/cifar100-checkpoints/vgg16_L[16]_strict_seed42_schemeC_noout_mne_l2_l16_vgg16_rc1em04.pth,/home/595/sl9144/codes/snn_simulation/important_results/pre_input_if_noise/cifar100_vgg16_three_regs/mne_l2_rc1e-4/seed_42/noise_sweep_matrix_cifar100_vgg16_T16_mode_rate_uniform_schedule_normal_seed_42.csv
cifar100,vgg16,mne_l2,mne_l2 rc=1e-4,0.0001,0.0,42,16,16,rate_uniform,0.25,59.56,/scratch/gs14/sl9144/qcfs_checkpoints/cifar100-checkpoints/vgg16_L[16]_strict_seed42_schemeC_noout_mne_l2_l16_vgg16_rc1em04.pth,/home/595/sl9144/codes/snn_simulation/important_results/pre_input_if_noise/cifar100_vgg16_three_regs/mne_l2_rc1e-4/seed_42/noise_sweep_matrix_cifar100_vgg16_T16_mode_rate_uniform_schedule_normal_seed_42.csv
cifar100,vgg16,mne_l2,mne_l2 rc=1e-4,0.0001,0.0,42,16,16,rate_uniform,0.3,59.58,/scratch/gs14/sl9144/qcfs_checkpoints/cifar100-checkpoints/vgg16_L[16]_strict_seed42_schemeC_noout_mne_l2_l16_vgg16_rc1em04.pth,/home/595/sl9144/codes/snn_simulation/important_results/pre_input_if_noise/cifar100_vgg16_three_regs/mne_l2_rc1e-4/seed_42/noise_sweep_matrix_cifar100_vgg16_T16_mode_rate_uniform_schedule_normal_seed_42.csv
cifar100,vgg16,mne_l2,mne_l2 rc=1e-4,0.0001,0.0,42,16,16,rate_uniform,0.35,59.56,/scratch/gs14/sl9144/qcfs_checkpoints/cifar100-checkpoints/vgg16_L[16]_strict_seed42_schemeC_noout_mne_l2_l16_vgg16_rc1em04.pth,/home/595/sl9144/codes/snn_simulation/important_results/pre_input_if_noise/cifar100_vgg16_three_regs/mne_l2_rc1e-4/seed_42/noise_sweep_matrix_cifar100_vgg16_T16_mode_rate_uniform_schedule_normal_seed_42.csv
cifar100,vgg16,mne_l2,mne_l2 rc=1e-4,0.0001,0.0,42,16,16,rate_uniform,0.4,59.57,/scratch/gs14/sl9144/qcfs_checkpoints/cifar100-checkpoints/vgg16_L[16]_strict_seed42_schemeC_noout_mne_l2_l16_vgg16_rc1em04.pth,/home/595/sl9144/codes/snn_simulation/important_results/pre_input_if_noise/cifar100_vgg16_three_regs/mne_l2_rc1e-4/seed_42/noise_sweep_matrix_cifar100_vgg16_T16_mode_rate_uniform_schedule_normal_seed_42.csv
cifar100,vgg16,mne_l2,mne_l2 rc=1e-4,0.0001,0.0,42,16,16,rate_uniform,0.45,59.43,/scratch/gs14/sl9144/qcfs_checkpoints/cifar100-checkpoints/vgg16_L[16]_strict_seed42_schemeC_noout_mne_l2_l16_vgg16_rc1em04.pth,/home/595/sl9144/codes/snn_simulation/important_results/pre_input_if_noise/cifar100_vgg16_three_regs/mne_l2_rc1e-4/seed_42/noise_sweep_matrix_cifar100_vgg16_T16_mode_rate_uniform_schedule_normal_seed_42.csv
cifar100,vgg16,mne_l2,mne_l2 rc=1e-4,0.0001,0.0,42,16,16,rate_uniform,0.5,59.42,/scratch/gs14/sl9144/qcfs_checkpoints/cifar100-checkpoints/vgg16_L[16]_strict_seed42_schemeC_noout_mne_l2_l16_vgg16_rc1em04.pth,/home/595/sl9144/codes/snn_simulation/important_results/pre_input_if_noise/cifar100_vgg16_three_regs/mne_l2_rc1e-4/seed_42/noise_sweep_matrix_cifar100_vgg16_T16_mode_rate_uniform_schedule_normal_seed_42.csv
cifar100,vgg16,mne_l2,mne_l2 rc=1e-4,0.0001,0.0,42,16,16,rate_uniform,0.55,59.45,/scratch/gs14/sl9144/qcfs_checkpoints/cifar100-checkpoints/vgg16_L[16]_strict_seed42_schemeC_noout_mne_l2_l16_vgg16_rc1em04.pth,/home/595/sl9144/codes/snn_simulation/important_results/pre_input_if_noise/cifar100_vgg16_three_regs/mne_l2_rc1e-4/seed_42/noise_sweep_matrix_cifar100_vgg16_T16_mode_rate_uniform_schedule_normal_seed_42.csv
cifar100,vgg16,mne_l2,mne_l2 rc=1e-4,0.0001,0.0,42,16,16,rate_uniform,0.6,59.48,/scratch/gs14/sl9144/qcfs_checkpoints/cifar100-checkpoints/vgg16_L[16]_strict_seed42_schemeC_noout_mne_l2_l16_vgg16_rc1em04.pth,/home/595/sl9144/codes/snn_simulation/important_results/pre_input_if_noise/cifar100_vgg16_three_regs/mne_l2_rc1e-4/seed_42/noise_sweep_matrix_cifar100_vgg16_T16_mode_rate_uniform_schedule_normal_seed_42.csv
cifar100,vgg16,mne_l2,mne_l2 rc=1e-4,0.0001,0.0,42,16,16,rate_uniform,0.65,59.4,/scratch/gs14/sl9144/qcfs_checkpoints/cifar100-checkpoints/vgg16_L[16]_strict_seed42_schemeC_noout_mne_l2_l16_vgg16_rc1em04.pth,/home/595/sl9144/codes/snn_simulation/important_results/pre_input_if_noise/cifar100_vgg16_three_regs/mne_l2_rc1e-4/seed_42/noise_sweep_matrix_cifar100_vgg16_T16_mode_rate_uniform_schedule_normal_seed_42.csv
cifar100,vgg16,mne_l2,mne_l2 rc=1e-4,0.0001,0.0,42,16,16,rate_uniform,0.7,59.51,/scratch/gs14/sl9144/qcfs_checkpoints/cifar100-checkpoints/vgg16_L[16]_strict_seed42_schemeC_noout_mne_l2_l16_vgg16_rc1em04.pth,/home/595/sl9144/codes/snn_simulation/important_results/pre_input_if_noise/cifar100_vgg16_three_regs/mne_l2_rc1e-4/seed_42/noise_sweep_matrix_cifar100_vgg16_T16_mode_rate_uniform_schedule_normal_seed_42.csv
cifar100,vgg16,mne_l2,mne_l2 rc=1e-4,0.0001,0.0,42,16,16,rate_uniform,0.75,59.43,/scratch/gs14/sl9144/qcfs_checkpoints/cifar100-checkpoints/vgg16_L[16]_strict_seed42_schemeC_noout_mne_l2_l16_vgg16_rc1em04.pth,/home/595/sl9144/codes/snn_simulation/important_results/pre_input_if_noise/cifar100_vgg16_three_regs/mne_l2_rc1e-4/seed_42/noise_sweep_matrix_cifar100_vgg16_T16_mode_rate_uniform_schedule_normal_seed_42.csv
cifar100,vgg16,mne_l2,mne_l2 rc=1e-4,0.0001,0.0,42,16,16,rate_uniform,0.8,59.5,/scratch/gs14/sl9144/qcfs_checkpoints/cifar100-checkpoints/vgg16_L[16]_strict_seed42_schemeC_noout_mne_l2_l16_vgg16_rc1em04.pth,/home/595/sl9144/codes/snn_simulation/important_results/pre_input_if_noise/cifar100_vgg16_three_regs/mne_l2_rc1e-4/seed_42/noise_sweep_matrix_cifar100_vgg16_T16_mode_rate_uniform_schedule_normal_seed_42.csv
cifar100,vgg16,mne_l2,mne_l2 rc=1e-4,0.0001,0.0,42,16,16,rate_uniform,0.85,59.52,/scratch/gs14/sl9144/qcfs_checkpoints/cifar100-checkpoints/vgg16_L[16]_strict_seed42_schemeC_noout_mne_l2_l16_vgg16_rc1em04.pth,/home/595/sl9144/codes/snn_simulation/important_results/pre_input_if_noise/cifar100_vgg16_three_regs/mne_l2_rc1e-4/seed_42/noise_sweep_matrix_cifar100_vgg16_T16_mode_rate_uniform_schedule_normal_seed_42.csv
cifar100,vgg16,mne_l2,mne_l2 rc=1e-4,0.0001,0.0,42,16,16,rate_uniform,0.9,59.54,/scratch/gs14/sl9144/qcfs_checkpoints/cifar100-checkpoints/vgg16_L[16]_strict_seed42_schemeC_noout_mne_l2_l16_vgg16_rc1em04.pth,/home/595/sl9144/codes/snn_simulation/important_results/pre_input_if_noise/cifar100_vgg16_three_regs/mne_l2_rc1e-4/seed_42/noise_sweep_matrix_cifar100_vgg16_T16_mode_rate_uniform_schedule_normal_seed_42.csv
cifar100,vgg16,mne_l2,mne_l2 rc=1e-4,0.0001,0.0,42,16,16,rate_uniform,0.95,59.36,/scratch/gs14/sl9144/qcfs_checkpoints/cifar100-checkpoints/vgg16_L[16]_strict_seed42_schemeC_noout_mne_l2_l16_vgg16_rc1em04.pth,/home/595/sl9144/codes/snn_simulation/important_results/pre_input_if_noise/cifar100_vgg16_three_regs/mne_l2_rc1e-4/seed_42/noise_sweep_matrix_cifar100_vgg16_T16_mode_rate_uniform_schedule_normal_seed_42.csv
cifar100,vgg16,mne_l2,mne_l2 rc=1e-4,0.0001,0.0,42,16,16,rate_uniform,1.0,59.4,/scratch/gs14/sl9144/qcfs_checkpoints/cifar100-checkpoints/vgg16_L[16]_strict_seed42_schemeC_noout_mne_l2_l16_vgg16_rc1em04.pth,/home/595/sl9144/codes/snn_simulation/important_results/pre_input_if_noise/cifar100_vgg16_three_regs/mne_l2_rc1e-4/seed_42/noise_sweep_matrix_cifar100_vgg16_T16_mode_rate_uniform_schedule_normal_seed_42.csv
cifar100,vgg16,mne_l2,mne_l2 rc=1e-4,0.0001,0.0,43,16,16,rate_uniform,0.0,59.45,/scratch/gs14/sl9144/qcfs_checkpoints/cifar100-checkpoints/vgg16_L[16]_strict_seed43_schemeC_noout_mne_l2_l16_vgg16_rc1em04.pth,/home/595/sl9144/codes/snn_simulation/important_results/pre_input_if_noise/cifar100_vgg16_three_regs/mne_l2_rc1e-4/seed_43/noise_sweep_matrix_cifar100_vgg16_T16_mode_rate_uniform_schedule_normal_seed_43.csv
cifar100,vgg16,mne_l2,mne_l2 rc=1e-4,0.0001,0.0,43,16,16,rate_uniform,0.05,59.36,/scratch/gs14/sl9144/qcfs_checkpoints/cifar100-checkpoints/vgg16_L[16]_strict_seed43_schemeC_noout_mne_l2_l16_vgg16_rc1em04.pth,/home/595/sl9144/codes/snn_simulation/important_results/pre_input_if_noise/cifar100_vgg16_three_regs/mne_l2_rc1e-4/seed_43/noise_sweep_matrix_cifar100_vgg16_T16_mode_rate_uniform_schedule_normal_seed_43.csv
cifar100,vgg16,mne_l2,mne_l2 rc=1e-4,0.0001,0.0,43,16,16,rate_uniform,0.1,59.31,/scratch/gs14/sl9144/qcfs_checkpoints/cifar100-checkpoints/vgg16_L[16]_strict_seed43_schemeC_noout_mne_l2_l16_vgg16_rc1em04.pth,/home/595/sl9144/codes/snn_simulation/important_results/pre_input_if_noise/cifar100_vgg16_three_regs/mne_l2_rc1e-4/seed_43/noise_sweep_matrix_cifar100_vgg16_T16_mode_rate_uniform_schedule_normal_seed_43.csv
cifar100,vgg16,mne_l2,mne_l2 rc=1e-4,0.0001,0.0,43,16,16,rate_uniform,0.15,59.31,/scratch/gs14/sl9144/qcfs_checkpoints/cifar100-checkpoints/vgg16_L[16]_strict_seed43_schemeC_noout_mne_l2_l16_vgg16_rc1em04.pth,/home/595/sl9144/codes/snn_simulation/important_results/pre_input_if_noise/cifar100_vgg16_three_regs/mne_l2_rc1e-4/seed_43/noise_sweep_matrix_cifar100_vgg16_T16_mode_rate_uniform_schedule_normal_seed_43.csv
cifar100,vgg16,mne_l2,mne_l2 rc=1e-4,0.0001,0.0,43,16,16,rate_uniform,0.2,59.35,/scratch/gs14/sl9144/qcfs_checkpoints/cifar100-checkpoints/vgg16_L[16]_strict_seed43_schemeC_noout_mne_l2_l16_vgg16_rc1em04.pth,/home/595/sl9144/codes/snn_simulation/important_results/pre_input_if_noise/cifar100_vgg16_three_regs/mne_l2_rc1e-4/seed_43/noise_sweep_matrix_cifar100_vgg16_T16_mode_rate_uniform_schedule_normal_seed_43.csv
cifar100,vgg16,mne_l2,mne_l2 rc=1e-4,0.0001,0.0,43,16,16,rate_uniform,0.25,59.38,/scratch/gs14/sl9144/qcfs_checkpoints/cifar100-checkpoints/vgg16_L[16]_strict_seed43_schemeC_noout_mne_l2_l16_vgg16_rc1em04.pth,/home/595/sl9144/codes/snn_simulation/important_results/pre_input_if_noise/cifar100_vgg16_three_regs/mne_l2_rc1e-4/seed_43/noise_sweep_matrix_cifar100_vgg16_T16_mode_rate_uniform_schedule_normal_seed_43.csv
cifar100,vgg16,mne_l2,mne_l2 rc=1e-4,0.0001,0.0,43,16,16,rate_uniform,0.3,59.28,/scratch/gs14/sl9144/qcfs_checkpoints/cifar100-checkpoints/vgg16_L[16]_strict_seed43_schemeC_noout_mne_l2_l16_vgg16_rc1em04.pth,/home/595/sl9144/codes/snn_simulation/important_results/pre_input_if_noise/cifar100_vgg16_three_regs/mne_l2_rc1e-4/seed_43/noise_sweep_matrix_cifar100_vgg16_T16_mode_rate_uniform_schedule_normal_seed_43.csv
cifar100,vgg16,mne_l2,mne_l2 rc=1e-4,0.0001,0.0,43,16,16,rate_uniform,0.35,59.3,/scratch/gs14/sl9144/qcfs_checkpoints/cifar100-checkpoints/vgg16_L[16]_strict_seed43_schemeC_noout_mne_l2_l16_vgg16_rc1em04.pth,/home/595/sl9144/codes/snn_simulation/important_results/pre_input_if_noise/cifar100_vgg16_three_regs/mne_l2_rc1e-4/seed_43/noise_sweep_matrix_cifar100_vgg16_T16_mode_rate_uniform_schedule_normal_seed_43.csv
cifar100,vgg16,mne_l2,mne_l2 rc=1e-4,0.0001,0.0,43,16,16,rate_uniform,0.4,59.31,/scratch/gs14/sl9144/qcfs_checkpoints/cifar100-checkpoints/vgg16_L[16]_strict_seed43_schemeC_noout_mne_l2_l16_vgg16_rc1em04.pth,/home/595/sl9144/codes/snn_simulation/important_results/pre_input_if_noise/cifar100_vgg16_three_regs/mne_l2_rc1e-4/seed_43/noise_sweep_matrix_cifar100_vgg16_T16_mode_rate_uniform_schedule_normal_seed_43.csv
cifar100,vgg16,mne_l2,mne_l2 rc=1e-4,0.0001,0.0,43,16,16,rate_uniform,0.45,59.31,/scratch/gs14/sl9144/qcfs_checkpoints/cifar100-checkpoints/vgg16_L[16]_strict_seed43_schemeC_noout_mne_l2_l16_vgg16_rc1em04.pth,/home/595/sl9144/codes/snn_simulation/important_results/pre_input_if_noise/cifar100_vgg16_three_regs/mne_l2_rc1e-4/seed_43/noise_sweep_matrix_cifar100_vgg16_T16_mode_rate_uniform_schedule_normal_seed_43.csv
cifar100,vgg16,mne_l2,mne_l2 rc=1e-4,0.0001,0.0,43,16,16,rate_uniform,0.5,59.2,/scratch/gs14/sl9144/qcfs_checkpoints/cifar100-checkpoints/vgg16_L[16]_strict_seed43_schemeC_noout_mne_l2_l16_vgg16_rc1em04.pth,/home/595/sl9144/codes/snn_simulation/important_results/pre_input_if_noise/cifar100_vgg16_three_regs/mne_l2_rc1e-4/seed_43/noise_sweep_matrix_cifar100_vgg16_T16_mode_rate_uniform_schedule_normal_seed_43.csv
cifar100,vgg16,mne_l2,mne_l2 rc=1e-4,0.0001,0.0,43,16,16,rate_uniform,0.55,59.33,/scratch/gs14/sl9144/qcfs_checkpoints/cifar100-checkpoints/vgg16_L[16]_strict_seed43_schemeC_noout_mne_l2_l16_vgg16_rc1em04.pth,/home/595/sl9144/codes/snn_simulation/important_results/pre_input_if_noise/cifar100_vgg16_three_regs/mne_l2_rc1e-4/seed_43/noise_sweep_matrix_cifar100_vgg16_T16_mode_rate_uniform_schedule_normal_seed_43.csv
cifar100,vgg16,mne_l2,mne_l2 rc=1e-4,0.0001,0.0,43,16,16,rate_uniform,0.6,59.23,/scratch/gs14/sl9144/qcfs_checkpoints/cifar100-checkpoints/vgg16_L[16]_strict_seed43_schemeC_noout_mne_l2_l16_vgg16_rc1em04.pth,/home/595/sl9144/codes/snn_simulation/important_results/pre_input_if_noise/cifar100_vgg16_three_regs/mne_l2_rc1e-4/seed_43/noise_sweep_matrix_cifar100_vgg16_T16_mode_rate_uniform_schedule_normal_seed_43.csv
cifar100,vgg16,mne_l2,mne_l2 rc=1e-4,0.0001,0.0,43,16,16,rate_uniform,0.65,59.18,/scratch/gs14/sl9144/qcfs_checkpoints/cifar100-checkpoints/vgg16_L[16]_strict_seed43_schemeC_noout_mne_l2_l16_vgg16_rc1em04.pth,/home/595/sl9144/codes/snn_simulation/important_results/pre_input_if_noise/cifar100_vgg16_three_regs/mne_l2_rc1e-4/seed_43/noise_sweep_matrix_cifar100_vgg16_T16_mode_rate_uniform_schedule_normal_seed_43.csv
cifar100,vgg16,mne_l2,mne_l2 rc=1e-4,0.0001,0.0,43,16,16,rate_uniform,0.7,59.38,/scratch/gs14/sl9144/qcfs_checkpoints/cifar100-checkpoints/vgg16_L[16]_strict_seed43_schemeC_noout_mne_l2_l16_vgg16_rc1em04.pth,/home/595/sl9144/codes/snn_simulation/important_results/pre_input_if_noise/cifar100_vgg16_three_regs/mne_l2_rc1e-4/seed_43/noise_sweep_matrix_cifar100_vgg16_T16_mode_rate_uniform_schedule_normal_seed_43.csv
cifar100,vgg16,mne_l2,mne_l2 rc=1e-4,0.0001,0.0,43,16,16,rate_uniform,0.75,59.31,/scratch/gs14/sl9144/qcfs_checkpoints/cifar100-checkpoints/vgg16_L[16]_strict_seed43_schemeC_noout_mne_l2_l16_vgg16_rc1em04.pth,/home/595/sl9144/codes/snn_simulation/important_results/pre_input_if_noise/cifar100_vgg16_three_regs/mne_l2_rc1e-4/seed_43/noise_sweep_matrix_cifar100_vgg16_T16_mode_rate_uniform_schedule_normal_seed_43.csv
cifar100,vgg16,mne_l2,mne_l2 rc=1e-4,0.0001,0.0,43,16,16,rate_uniform,0.8,59.2,/scratch/gs14/sl9144/qcfs_checkpoints/cifar100-checkpoints/vgg16_L[16]_strict_seed43_schemeC_noout_mne_l2_l16_vgg16_rc1em04.pth,/home/595/sl9144/codes/snn_simulation/important_results/pre_input_if_noise/cifar100_vgg16_three_regs/mne_l2_rc1e-4/seed_43/noise_sweep_matrix_cifar100_vgg16_T16_mode_rate_uniform_schedule_normal_seed_43.csv
cifar100,vgg16,mne_l2,mne_l2 rc=1e-4,0.0001,0.0,43,16,16,rate_uniform,0.85,59.29,/scratch/gs14/sl9144/qcfs_checkpoints/cifar100-checkpoints/vgg16_L[16]_strict_seed43_schemeC_noout_mne_l2_l16_vgg16_rc1em04.pth,/home/595/sl9144/codes/snn_simulation/important_results/pre_input_if_noise/cifar100_vgg16_three_regs/mne_l2_rc1e-4/seed_43/noise_sweep_matrix_cifar100_vgg16_T16_mode_rate_uniform_schedule_normal_seed_43.csv
cifar100,vgg16,mne_l2,mne_l2 rc=1e-4,0.0001,0.0,43,16,16,rate_uniform,0.9,59.13,/scratch/gs14/sl9144/qcfs_checkpoints/cifar100-checkpoints/vgg16_L[16]_strict_seed43_schemeC_noout_mne_l2_l16_vgg16_rc1em04.pth,/home/595/sl9144/codes/snn_simulation/important_results/pre_input_if_noise/cifar100_vgg16_three_regs/mne_l2_rc1e-4/seed_43/noise_sweep_matrix_cifar100_vgg16_T16_mode_rate_uniform_schedule_normal_seed_43.csv
cifar100,vgg16,mne_l2,mne_l2 rc=1e-4,0.0001,0.0,43,16,16,rate_uniform,0.95,59.12,/scratch/gs14/sl9144/qcfs_checkpoints/cifar100-checkpoints/vgg16_L[16]_strict_seed43_schemeC_noout_mne_l2_l16_vgg16_rc1em04.pth,/home/595/sl9144/codes/snn_simulation/important_results/pre_input_if_noise/cifar100_vgg16_three_regs/mne_l2_rc1e-4/seed_43/noise_sweep_matrix_cifar100_vgg16_T16_mode_rate_uniform_schedule_normal_seed_43.csv
cifar100,vgg16,mne_l2,mne_l2 rc=1e-4,0.0001,0.0,43,16,16,rate_uniform,1.0,59.15,/scratch/gs14/sl9144/qcfs_checkpoints/cifar100-checkpoints/vgg16_L[16]_strict_seed43_schemeC_noout_mne_l2_l16_vgg16_rc1em04.pth,/home/595/sl9144/codes/snn_simulation/important_results/pre_input_if_noise/cifar100_vgg16_three_regs/mne_l2_rc1e-4/seed_43/noise_sweep_matrix_cifar100_vgg16_T16_mode_rate_uniform_schedule_normal_seed_43.csv
cifar100,vgg16,mne_l2,mne_l2 rc=1e-4,0.0001,0.0,44,16,16,rate_uniform,0.0,59.88,/scratch/gs14/sl9144/qcfs_checkpoints/cifar100-checkpoints/vgg16_L[16]_strict_seed44_schemeC_noout_mne_l2_l16_vgg16_rc1em04.pth,/home/595/sl9144/codes/snn_simulation/important_results/pre_input_if_noise/cifar100_vgg16_three_regs/mne_l2_rc1e-4/seed_44/noise_sweep_matrix_cifar100_vgg16_T16_mode_rate_uniform_schedule_normal_seed_44.csv
cifar100,vgg16,mne_l2,mne_l2 rc=1e-4,0.0001,0.0,44,16,16,rate_uniform,0.05,59.79,/scratch/gs14/sl9144/qcfs_checkpoints/cifar100-checkpoints/vgg16_L[16]_strict_seed44_schemeC_noout_mne_l2_l16_vgg16_rc1em04.pth,/home/595/sl9144/codes/snn_simulation/important_results/pre_input_if_noise/cifar100_vgg16_three_regs/mne_l2_rc1e-4/seed_44/noise_sweep_matrix_cifar100_vgg16_T16_mode_rate_uniform_schedule_normal_seed_44.csv
cifar100,vgg16,mne_l2,mne_l2 rc=1e-4,0.0001,0.0,44,16,16,rate_uniform,0.1,59.76,/scratch/gs14/sl9144/qcfs_checkpoints/cifar100-checkpoints/vgg16_L[16]_strict_seed44_schemeC_noout_mne_l2_l16_vgg16_rc1em04.pth,/home/595/sl9144/codes/snn_simulation/important_results/pre_input_if_noise/cifar100_vgg16_three_regs/mne_l2_rc1e-4/seed_44/noise_sweep_matrix_cifar100_vgg16_T16_mode_rate_uniform_schedule_normal_seed_44.csv
cifar100,vgg16,mne_l2,mne_l2 rc=1e-4,0.0001,0.0,44,16,16,rate_uniform,0.15,59.75,/scratch/gs14/sl9144/qcfs_checkpoints/cifar100-checkpoints/vgg16_L[16]_strict_seed44_schemeC_noout_mne_l2_l16_vgg16_rc1em04.pth,/home/595/sl9144/codes/snn_simulation/important_results/pre_input_if_noise/cifar100_vgg16_three_regs/mne_l2_rc1e-4/seed_44/noise_sweep_matrix_cifar100_vgg16_T16_mode_rate_uniform_schedule_normal_seed_44.csv
cifar100,vgg16,mne_l2,mne_l2 rc=1e-4,0.0001,0.0,44,16,16,rate_uniform,0.2,59.87,/scratch/gs14/sl9144/qcfs_checkpoints/cifar100-checkpoints/vgg16_L[16]_strict_seed44_schemeC_noout_mne_l2_l16_vgg16_rc1em04.pth,/home/595/sl9144/codes/snn_simulation/important_results/pre_input_if_noise/cifar100_vgg16_three_regs/mne_l2_rc1e-4/seed_44/noise_sweep_matrix_cifar100_vgg16_T16_mode_rate_uniform_schedule_normal_seed_44.csv
cifar100,vgg16,mne_l2,mne_l2 rc=1e-4,0.0001,0.0,44,16,16,rate_uniform,0.25,59.75,/scratch/gs14/sl9144/qcfs_checkpoints/cifar100-checkpoints/vgg16_L[16]_strict_seed44_schemeC_noout_mne_l2_l16_vgg16_rc1em04.pth,/home/595/sl9144/codes/snn_simulation/important_results/pre_input_if_noise/cifar100_vgg16_three_regs/mne_l2_rc1e-4/seed_44/noise_sweep_matrix_cifar100_vgg16_T16_mode_rate_uniform_schedule_normal_seed_44.csv
cifar100,vgg16,mne_l2,mne_l2 rc=1e-4,0.0001,0.0,44,16,16,rate_uniform,0.3,59.84,/scratch/gs14/sl9144/qcfs_checkpoints/cifar100-checkpoints/vgg16_L[16]_strict_seed44_schemeC_noout_mne_l2_l16_vgg16_rc1em04.pth,/home/595/sl9144/codes/snn_simulation/important_results/pre_input_if_noise/cifar100_vgg16_three_regs/mne_l2_rc1e-4/seed_44/noise_sweep_matrix_cifar100_vgg16_T16_mode_rate_uniform_schedule_normal_seed_44.csv
cifar100,vgg16,mne_l2,mne_l2 rc=1e-4,0.0001,0.0,44,16,16,rate_uniform,0.35,59.79,/scratch/gs14/sl9144/qcfs_checkpoints/cifar100-checkpoints/vgg16_L[16]_strict_seed44_schemeC_noout_mne_l2_l16_vgg16_rc1em04.pth,/home/595/sl9144/codes/snn_simulation/important_results/pre_input_if_noise/cifar100_vgg16_three_regs/mne_l2_rc1e-4/seed_44/noise_sweep_matrix_cifar100_vgg16_T16_mode_rate_uniform_schedule_normal_seed_44.csv
cifar100,vgg16,mne_l2,mne_l2 rc=1e-4,0.0001,0.0,44,16,16,rate_uniform,0.4,59.77,/scratch/gs14/sl9144/qcfs_checkpoints/cifar100-checkpoints/vgg16_L[16]_strict_seed44_schemeC_noout_mne_l2_l16_vgg16_rc1em04.pth,/home/595/sl9144/codes/snn_simulation/important_results/pre_input_if_noise/cifar100_vgg16_three_regs/mne_l2_rc1e-4/seed_44/noise_sweep_matrix_cifar100_vgg16_T16_mode_rate_uniform_schedule_normal_seed_44.csv
cifar100,vgg16,mne_l2,mne_l2 rc=1e-4,0.0001,0.0,44,16,16,rate_uniform,0.45,59.73,/scratch/gs14/sl9144/qcfs_checkpoints/cifar100-checkpoints/vgg16_L[16]_strict_seed44_schemeC_noout_mne_l2_l16_vgg16_rc1em04.pth,/home/595/sl9144/codes/snn_simulation/important_results/pre_input_if_noise/cifar100_vgg16_three_regs/mne_l2_rc1e-4/seed_44/noise_sweep_matrix_cifar100_vgg16_T16_mode_rate_uniform_schedule_normal_seed_44.csv
cifar100,vgg16,mne_l2,mne_l2 rc=1e-4,0.0001,0.0,44,16,16,rate_uniform,0.5,59.82,/scratch/gs14/sl9144/qcfs_checkpoints/cifar100-checkpoints/vgg16_L[16]_strict_seed44_schemeC_noout_mne_l2_l16_vgg16_rc1em04.pth,/home/595/sl9144/codes/snn_simulation/important_results/pre_input_if_noise/cifar100_vgg16_three_regs/mne_l2_rc1e-4/seed_44/noise_sweep_matrix_cifar100_vgg16_T16_mode_rate_uniform_schedule_normal_seed_44.csv
cifar100,vgg16,mne_l2,mne_l2 rc=1e-4,0.0001,0.0,44,16,16,rate_uniform,0.55,59.64,/scratch/gs14/sl9144/qcfs_checkpoints/cifar100-checkpoints/vgg16_L[16]_strict_seed44_schemeC_noout_mne_l2_l16_vgg16_rc1em04.pth,/home/595/sl9144/codes/snn_simulation/important_results/pre_input_if_noise/cifar100_vgg16_three_regs/mne_l2_rc1e-4/seed_44/noise_sweep_matrix_cifar100_vgg16_T16_mode_rate_uniform_schedule_normal_seed_44.csv
cifar100,vgg16,mne_l2,mne_l2 rc=1e-4,0.0001,0.0,44,16,16,rate_uniform,0.6,59.92,/scratch/gs14/sl9144/qcfs_checkpoints/cifar100-checkpoints/vgg16_L[16]_strict_seed44_schemeC_noout_mne_l2_l16_vgg16_rc1em04.pth,/home/595/sl9144/codes/snn_simulation/important_results/pre_input_if_noise/cifar100_vgg16_three_regs/mne_l2_rc1e-4/seed_44/noise_sweep_matrix_cifar100_vgg16_T16_mode_rate_uniform_schedule_normal_seed_44.csv
cifar100,vgg16,mne_l2,mne_l2 rc=1e-4,0.0001,0.0,44,16,16,rate_uniform,0.65,59.82,/scratch/gs14/sl9144/qcfs_checkpoints/cifar100-checkpoints/vgg16_L[16]_strict_seed44_schemeC_noout_mne_l2_l16_vgg16_rc1em04.pth,/home/595/sl9144/codes/snn_simulation/important_results/pre_input_if_noise/cifar100_vgg16_three_regs/mne_l2_rc1e-4/seed_44/noise_sweep_matrix_cifar100_vgg16_T16_mode_rate_uniform_schedule_normal_seed_44.csv
cifar100,vgg16,mne_l2,mne_l2 rc=1e-4,0.0001,0.0,44,16,16,rate_uniform,0.7,59.81,/scratch/gs14/sl9144/qcfs_checkpoints/cifar100-checkpoints/vgg16_L[16]_strict_seed44_schemeC_noout_mne_l2_l16_vgg16_rc1em04.pth,/home/595/sl9144/codes/snn_simulation/important_results/pre_input_if_noise/cifar100_vgg16_three_regs/mne_l2_rc1e-4/seed_44/noise_sweep_matrix_cifar100_vgg16_T16_mode_rate_uniform_schedule_normal_seed_44.csv
cifar100,vgg16,mne_l2,mne_l2 rc=1e-4,0.0001,0.0,44,16,16,rate_uniform,0.75,59.72,/scratch/gs14/sl9144/qcfs_checkpoints/cifar100-checkpoints/vgg16_L[16]_strict_seed44_schemeC_noout_mne_l2_l16_vgg16_rc1em04.pth,/home/595/sl9144/codes/snn_simulation/important_results/pre_input_if_noise/cifar100_vgg16_three_regs/mne_l2_rc1e-4/seed_44/noise_sweep_matrix_cifar100_vgg16_T16_mode_rate_uniform_schedule_normal_seed_44.csv
cifar100,vgg16,mne_l2,mne_l2 rc=1e-4,0.0001,0.0,44,16,16,rate_uniform,0.8,59.93,/scratch/gs14/sl9144/qcfs_checkpoints/cifar100-checkpoints/vgg16_L[16]_strict_seed44_schemeC_noout_mne_l2_l16_vgg16_rc1em04.pth,/home/595/sl9144/codes/snn_simulation/important_results/pre_input_if_noise/cifar100_vgg16_three_regs/mne_l2_rc1e-4/seed_44/noise_sweep_matrix_cifar100_vgg16_T16_mode_rate_uniform_schedule_normal_seed_44.csv
cifar100,vgg16,mne_l2,mne_l2 rc=1e-4,0.0001,0.0,44,16,16,rate_uniform,0.85,59.7,/scratch/gs14/sl9144/qcfs_checkpoints/cifar100-checkpoints/vgg16_L[16]_strict_seed44_schemeC_noout_mne_l2_l16_vgg16_rc1em04.pth,/home/595/sl9144/codes/snn_simulation/important_results/pre_input_if_noise/cifar100_vgg16_three_regs/mne_l2_rc1e-4/seed_44/noise_sweep_matrix_cifar100_vgg16_T16_mode_rate_uniform_schedule_normal_seed_44.csv
cifar100,vgg16,mne_l2,mne_l2 rc=1e-4,0.0001,0.0,44,16,16,rate_uniform,0.9,59.68,/scratch/gs14/sl9144/qcfs_checkpoints/cifar100-checkpoints/vgg16_L[16]_strict_seed44_schemeC_noout_mne_l2_l16_vgg16_rc1em04.pth,/home/595/sl9144/codes/snn_simulation/important_results/pre_input_if_noise/cifar100_vgg16_three_regs/mne_l2_rc1e-4/seed_44/noise_sweep_matrix_cifar100_vgg16_T16_mode_rate_uniform_schedule_normal_seed_44.csv
cifar100,vgg16,mne_l2,mne_l2 rc=1e-4,0.0001,0.0,44,16,16,rate_uniform,0.95,59.8,/scratch/gs14/sl9144/qcfs_checkpoints/cifar100-checkpoints/vgg16_L[16]_strict_seed44_schemeC_noout_mne_l2_l16_vgg16_rc1em04.pth,/home/595/sl9144/codes/snn_simulation/important_results/pre_input_if_noise/cifar100_vgg16_three_regs/mne_l2_rc1e-4/seed_44/noise_sweep_matrix_cifar100_vgg16_T16_mode_rate_uniform_schedule_normal_seed_44.csv
cifar100,vgg16,mne_l2,mne_l2 rc=1e-4,0.0001,0.0,44,16,16,rate_uniform,1.0,59.8,/scratch/gs14/sl9144/qcfs_checkpoints/cifar100-checkpoints/vgg16_L[16]_strict_seed44_schemeC_noout_mne_l2_l16_vgg16_rc1em04.pth,/home/595/sl9144/codes/snn_simulation/important_results/pre_input_if_noise/cifar100_vgg16_three_regs/mne_l2_rc1e-4/seed_44/noise_sweep_matrix_cifar100_vgg16_T16_mode_rate_uniform_schedule_normal_seed_44.csv
cifar100,vgg16,no_regularization,no regularization,,0.0,40,16,16,rate_uniform,0.0,57.69,/scratch/gs14/sl9144/qcfs_checkpoints/cifar100-checkpoints/vgg16_L[16]_strict_seed40_schemeC_noout_none_l16_vgg16.pth,/home/595/sl9144/codes/snn_simulation/important_results/pre_input_if_noise/cifar100_vgg16_three_regs/no_regularization/seed_40/noise_sweep_matrix_cifar100_vgg16_T16_mode_rate_uniform_schedule_normal_seed_40.csv
cifar100,vgg16,no_regularization,no regularization,,0.0,40,16,16,rate_uniform,0.05,57.64,/scratch/gs14/sl9144/qcfs_checkpoints/cifar100-checkpoints/vgg16_L[16]_strict_seed40_schemeC_noout_none_l16_vgg16.pth,/home/595/sl9144/codes/snn_simulation/important_results/pre_input_if_noise/cifar100_vgg16_three_regs/no_regularization/seed_40/noise_sweep_matrix_cifar100_vgg16_T16_mode_rate_uniform_schedule_normal_seed_40.csv
cifar100,vgg16,no_regularization,no regularization,,0.0,40,16,16,rate_uniform,0.1,57.51,/scratch/gs14/sl9144/qcfs_checkpoints/cifar100-checkpoints/vgg16_L[16]_strict_seed40_schemeC_noout_none_l16_vgg16.pth,/home/595/sl9144/codes/snn_simulation/important_results/pre_input_if_noise/cifar100_vgg16_three_regs/no_regularization/seed_40/noise_sweep_matrix_cifar100_vgg16_T16_mode_rate_uniform_schedule_normal_seed_40.csv
cifar100,vgg16,no_regularization,no regularization,,0.0,40,16,16,rate_uniform,0.15,57.67,/scratch/gs14/sl9144/qcfs_checkpoints/cifar100-checkpoints/vgg16_L[16]_strict_seed40_schemeC_noout_none_l16_vgg16.pth,/home/595/sl9144/codes/snn_simulation/important_results/pre_input_if_noise/cifar100_vgg16_three_regs/no_regularization/seed_40/noise_sweep_matrix_cifar100_vgg16_T16_mode_rate_uniform_schedule_normal_seed_40.csv
cifar100,vgg16,no_regularization,no regularization,,0.0,40,16,16,rate_uniform,0.2,57.62,/scratch/gs14/sl9144/qcfs_checkpoints/cifar100-checkpoints/vgg16_L[16]_strict_seed40_schemeC_noout_none_l16_vgg16.pth,/home/595/sl9144/codes/snn_simulation/important_results/pre_input_if_noise/cifar100_vgg16_three_regs/no_regularization/seed_40/noise_sweep_matrix_cifar100_vgg16_T16_mode_rate_uniform_schedule_normal_seed_40.csv
cifar100,vgg16,no_regularization,no regularization,,0.0,40,16,16,rate_uniform,0.25,57.4,/scratch/gs14/sl9144/qcfs_checkpoints/cifar100-checkpoints/vgg16_L[16]_strict_seed40_schemeC_noout_none_l16_vgg16.pth,/home/595/sl9144/codes/snn_simulation/important_results/pre_input_if_noise/cifar100_vgg16_three_regs/no_regularization/seed_40/noise_sweep_matrix_cifar100_vgg16_T16_mode_rate_uniform_schedule_normal_seed_40.csv
cifar100,vgg16,no_regularization,no regularization,,0.0,40,16,16,rate_uniform,0.3,57.62,/scratch/gs14/sl9144/qcfs_checkpoints/cifar100-checkpoints/vgg16_L[16]_strict_seed40_schemeC_noout_none_l16_vgg16.pth,/home/595/sl9144/codes/snn_simulation/important_results/pre_input_if_noise/cifar100_vgg16_three_regs/no_regularization/seed_40/noise_sweep_matrix_cifar100_vgg16_T16_mode_rate_uniform_schedule_normal_seed_40.csv
cifar100,vgg16,no_regularization,no regularization,,0.0,40,16,16,rate_uniform,0.35,57.56,/scratch/gs14/sl9144/qcfs_checkpoints/cifar100-checkpoints/vgg16_L[16]_strict_seed40_schemeC_noout_none_l16_vgg16.pth,/home/595/sl9144/codes/snn_simulation/important_results/pre_input_if_noise/cifar100_vgg16_three_regs/no_regularization/seed_40/noise_sweep_matrix_cifar100_vgg16_T16_mode_rate_uniform_schedule_normal_seed_40.csv
cifar100,vgg16,no_regularization,no regularization,,0.0,40,16,16,rate_uniform,0.4,57.46,/scratch/gs14/sl9144/qcfs_checkpoints/cifar100-checkpoints/vgg16_L[16]_strict_seed40_schemeC_noout_none_l16_vgg16.pth,/home/595/sl9144/codes/snn_simulation/important_results/pre_input_if_noise/cifar100_vgg16_three_regs/no_regularization/seed_40/noise_sweep_matrix_cifar100_vgg16_T16_mode_rate_uniform_schedule_normal_seed_40.csv
cifar100,vgg16,no_regularization,no regularization,,0.0,40,16,16,rate_uniform,0.45,57.46,/scratch/gs14/sl9144/qcfs_checkpoints/cifar100-checkpoints/vgg16_L[16]_strict_seed40_schemeC_noout_none_l16_vgg16.pth,/home/595/sl9144/codes/snn_simulation/important_results/pre_input_if_noise/cifar100_vgg16_three_regs/no_regularization/seed_40/noise_sweep_matrix_cifar100_vgg16_T16_mode_rate_uniform_schedule_normal_seed_40.csv
cifar100,vgg16,no_regularization,no regularization,,0.0,40,16,16,rate_uniform,0.5,57.39,/scratch/gs14/sl9144/qcfs_checkpoints/cifar100-checkpoints/vgg16_L[16]_strict_seed40_schemeC_noout_none_l16_vgg16.pth,/home/595/sl9144/codes/snn_simulation/important_results/pre_input_if_noise/cifar100_vgg16_three_regs/no_regularization/seed_40/noise_sweep_matrix_cifar100_vgg16_T16_mode_rate_uniform_schedule_normal_seed_40.csv
cifar100,vgg16,no_regularization,no regularization,,0.0,40,16,16,rate_uniform,0.55,57.52,/scratch/gs14/sl9144/qcfs_checkpoints/cifar100-checkpoints/vgg16_L[16]_strict_seed40_schemeC_noout_none_l16_vgg16.pth,/home/595/sl9144/codes/snn_simulation/important_results/pre_input_if_noise/cifar100_vgg16_three_regs/no_regularization/seed_40/noise_sweep_matrix_cifar100_vgg16_T16_mode_rate_uniform_schedule_normal_seed_40.csv
cifar100,vgg16,no_regularization,no regularization,,0.0,40,16,16,rate_uniform,0.6,57.43,/scratch/gs14/sl9144/qcfs_checkpoints/cifar100-checkpoints/vgg16_L[16]_strict_seed40_schemeC_noout_none_l16_vgg16.pth,/home/595/sl9144/codes/snn_simulation/important_results/pre_input_if_noise/cifar100_vgg16_three_regs/no_regularization/seed_40/noise_sweep_matrix_cifar100_vgg16_T16_mode_rate_uniform_schedule_normal_seed_40.csv
cifar100,vgg16,no_regularization,no regularization,,0.0,40,16,16,rate_uniform,0.65,57.34,/scratch/gs14/sl9144/qcfs_checkpoints/cifar100-checkpoints/vgg16_L[16]_strict_seed40_schemeC_noout_none_l16_vgg16.pth,/home/595/sl9144/codes/snn_simulation/important_results/pre_input_if_noise/cifar100_vgg16_three_regs/no_regularization/seed_40/noise_sweep_matrix_cifar100_vgg16_T16_mode_rate_uniform_schedule_normal_seed_40.csv
cifar100,vgg16,no_regularization,no regularization,,0.0,40,16,16,rate_uniform,0.7,57.4,/scratch/gs14/sl9144/qcfs_checkpoints/cifar100-checkpoints/vgg16_L[16]_strict_seed40_schemeC_noout_none_l16_vgg16.pth,/home/595/sl9144/codes/snn_simulation/important_results/pre_input_if_noise/cifar100_vgg16_three_regs/no_regularization/seed_40/noise_sweep_matrix_cifar100_vgg16_T16_mode_rate_uniform_schedule_normal_seed_40.csv
cifar100,vgg16,no_regularization,no regularization,,0.0,40,16,16,rate_uniform,0.75,57.42,/scratch/gs14/sl9144/qcfs_checkpoints/cifar100-checkpoints/vgg16_L[16]_strict_seed40_schemeC_noout_none_l16_vgg16.pth,/home/595/sl9144/codes/snn_simulation/important_results/pre_input_if_noise/cifar100_vgg16_three_regs/no_regularization/seed_40/noise_sweep_matrix_cifar100_vgg16_T16_mode_rate_uniform_schedule_normal_seed_40.csv
cifar100,vgg16,no_regularization,no regularization,,0.0,40,16,16,rate_uniform,0.8,57.37,/scratch/gs14/sl9144/qcfs_checkpoints/cifar100-checkpoints/vgg16_L[16]_strict_seed40_schemeC_noout_none_l16_vgg16.pth,/home/595/sl9144/codes/snn_simulation/important_results/pre_input_if_noise/cifar100_vgg16_three_regs/no_regularization/seed_40/noise_sweep_matrix_cifar100_vgg16_T16_mode_rate_uniform_schedule_normal_seed_40.csv
cifar100,vgg16,no_regularization,no regularization,,0.0,40,16,16,rate_uniform,0.85,57.21,/scratch/gs14/sl9144/qcfs_checkpoints/cifar100-checkpoints/vgg16_L[16]_strict_seed40_schemeC_noout_none_l16_vgg16.pth,/home/595/sl9144/codes/snn_simulation/important_results/pre_input_if_noise/cifar100_vgg16_three_regs/no_regularization/seed_40/noise_sweep_matrix_cifar100_vgg16_T16_mode_rate_uniform_schedule_normal_seed_40.csv
cifar100,vgg16,no_regularization,no regularization,,0.0,40,16,16,rate_uniform,0.9,57.12,/scratch/gs14/sl9144/qcfs_checkpoints/cifar100-checkpoints/vgg16_L[16]_strict_seed40_schemeC_noout_none_l16_vgg16.pth,/home/595/sl9144/codes/snn_simulation/important_results/pre_input_if_noise/cifar100_vgg16_three_regs/no_regularization/seed_40/noise_sweep_matrix_cifar100_vgg16_T16_mode_rate_uniform_schedule_normal_seed_40.csv
cifar100,vgg16,no_regularization,no regularization,,0.0,40,16,16,rate_uniform,0.95,57.11,/scratch/gs14/sl9144/qcfs_checkpoints/cifar100-checkpoints/vgg16_L[16]_strict_seed40_schemeC_noout_none_l16_vgg16.pth,/home/595/sl9144/codes/snn_simulation/important_results/pre_input_if_noise/cifar100_vgg16_three_regs/no_regularization/seed_40/noise_sweep_matrix_cifar100_vgg16_T16_mode_rate_uniform_schedule_normal_seed_40.csv
cifar100,vgg16,no_regularization,no regularization,,0.0,40,16,16,rate_uniform,1.0,57.15,/scratch/gs14/sl9144/qcfs_checkpoints/cifar100-checkpoints/vgg16_L[16]_strict_seed40_schemeC_noout_none_l16_vgg16.pth,/home/595/sl9144/codes/snn_simulation/important_results/pre_input_if_noise/cifar100_vgg16_three_regs/no_regularization/seed_40/noise_sweep_matrix_cifar100_vgg16_T16_mode_rate_uniform_schedule_normal_seed_40.csv
cifar100,vgg16,no_regularization,no regularization,,0.0,41,16,16,rate_uniform,0.0,58.39,/scratch/gs14/sl9144/qcfs_checkpoints/cifar100-checkpoints/vgg16_L[16]_strict_seed41_schemeC_noout_none_l16_vgg16.pth,/home/595/sl9144/codes/snn_simulation/important_results/pre_input_if_noise/cifar100_vgg16_three_regs/no_regularization/seed_41/noise_sweep_matrix_cifar100_vgg16_T16_mode_rate_uniform_schedule_normal_seed_41.csv
cifar100,vgg16,no_regularization,no regularization,,0.0,41,16,16,rate_uniform,0.05,58.5,/scratch/gs14/sl9144/qcfs_checkpoints/cifar100-checkpoints/vgg16_L[16]_strict_seed41_schemeC_noout_none_l16_vgg16.pth,/home/595/sl9144/codes/snn_simulation/important_results/pre_input_if_noise/cifar100_vgg16_three_regs/no_regularization/seed_41/noise_sweep_matrix_cifar100_vgg16_T16_mode_rate_uniform_schedule_normal_seed_41.csv
cifar100,vgg16,no_regularization,no regularization,,0.0,41,16,16,rate_uniform,0.1,58.35,/scratch/gs14/sl9144/qcfs_checkpoints/cifar100-checkpoints/vgg16_L[16]_strict_seed41_schemeC_noout_none_l16_vgg16.pth,/home/595/sl9144/codes/snn_simulation/important_results/pre_input_if_noise/cifar100_vgg16_three_regs/no_regularization/seed_41/noise_sweep_matrix_cifar100_vgg16_T16_mode_rate_uniform_schedule_normal_seed_41.csv
cifar100,vgg16,no_regularization,no regularization,,0.0,41,16,16,rate_uniform,0.15,58.33,/scratch/gs14/sl9144/qcfs_checkpoints/cifar100-checkpoints/vgg16_L[16]_strict_seed41_schemeC_noout_none_l16_vgg16.pth,/home/595/sl9144/codes/snn_simulation/important_results/pre_input_if_noise/cifar100_vgg16_three_regs/no_regularization/seed_41/noise_sweep_matrix_cifar100_vgg16_T16_mode_rate_uniform_schedule_normal_seed_41.csv
cifar100,vgg16,no_regularization,no regularization,,0.0,41,16,16,rate_uniform,0.2,58.46,/scratch/gs14/sl9144/qcfs_checkpoints/cifar100-checkpoints/vgg16_L[16]_strict_seed41_schemeC_noout_none_l16_vgg16.pth,/home/595/sl9144/codes/snn_simulation/important_results/pre_input_if_noise/cifar100_vgg16_three_regs/no_regularization/seed_41/noise_sweep_matrix_cifar100_vgg16_T16_mode_rate_uniform_schedule_normal_seed_41.csv
cifar100,vgg16,no_regularization,no regularization,,0.0,41,16,16,rate_uniform,0.25,58.32,/scratch/gs14/sl9144/qcfs_checkpoints/cifar100-checkpoints/vgg16_L[16]_strict_seed41_schemeC_noout_none_l16_vgg16.pth,/home/595/sl9144/codes/snn_simulation/important_results/pre_input_if_noise/cifar100_vgg16_three_regs/no_regularization/seed_41/noise_sweep_matrix_cifar100_vgg16_T16_mode_rate_uniform_schedule_normal_seed_41.csv
cifar100,vgg16,no_regularization,no regularization,,0.0,41,16,16,rate_uniform,0.3,58.31,/scratch/gs14/sl9144/qcfs_checkpoints/cifar100-checkpoints/vgg16_L[16]_strict_seed41_schemeC_noout_none_l16_vgg16.pth,/home/595/sl9144/codes/snn_simulation/important_results/pre_input_if_noise/cifar100_vgg16_three_regs/no_regularization/seed_41/noise_sweep_matrix_cifar100_vgg16_T16_mode_rate_uniform_schedule_normal_seed_41.csv
cifar100,vgg16,no_regularization,no regularization,,0.0,41,16,16,rate_uniform,0.35,58.26,/scratch/gs14/sl9144/qcfs_checkpoints/cifar100-checkpoints/vgg16_L[16]_strict_seed41_schemeC_noout_none_l16_vgg16.pth,/home/595/sl9144/codes/snn_simulation/important_results/pre_input_if_noise/cifar100_vgg16_three_regs/no_regularization/seed_41/noise_sweep_matrix_cifar100_vgg16_T16_mode_rate_uniform_schedule_normal_seed_41.csv
cifar100,vgg16,no_regularization,no regularization,,0.0,41,16,16,rate_uniform,0.4,58.23,/scratch/gs14/sl9144/qcfs_checkpoints/cifar100-checkpoints/vgg16_L[16]_strict_seed41_schemeC_noout_none_l16_vgg16.pth,/home/595/sl9144/codes/snn_simulation/important_results/pre_input_if_noise/cifar100_vgg16_three_regs/no_regularization/seed_41/noise_sweep_matrix_cifar100_vgg16_T16_mode_rate_uniform_schedule_normal_seed_41.csv
cifar100,vgg16,no_regularization,no regularization,,0.0,41,16,16,rate_uniform,0.45,58.28,/scratch/gs14/sl9144/qcfs_checkpoints/cifar100-checkpoints/vgg16_L[16]_strict_seed41_schemeC_noout_none_l16_vgg16.pth,/home/595/sl9144/codes/snn_simulation/important_results/pre_input_if_noise/cifar100_vgg16_three_regs/no_regularization/seed_41/noise_sweep_matrix_cifar100_vgg16_T16_mode_rate_uniform_schedule_normal_seed_41.csv
cifar100,vgg16,no_regularization,no regularization,,0.0,41,16,16,rate_uniform,0.5,58.28,/scratch/gs14/sl9144/qcfs_checkpoints/cifar100-checkpoints/vgg16_L[16]_strict_seed41_schemeC_noout_none_l16_vgg16.pth,/home/595/sl9144/codes/snn_simulation/important_results/pre_input_if_noise/cifar100_vgg16_three_regs/no_regularization/seed_41/noise_sweep_matrix_cifar100_vgg16_T16_mode_rate_uniform_schedule_normal_seed_41.csv
cifar100,vgg16,no_regularization,no regularization,,0.0,41,16,16,rate_uniform,0.55,58.11,/scratch/gs14/sl9144/qcfs_checkpoints/cifar100-checkpoints/vgg16_L[16]_strict_seed41_schemeC_noout_none_l16_vgg16.pth,/home/595/sl9144/codes/snn_simulation/important_results/pre_input_if_noise/cifar100_vgg16_three_regs/no_regularization/seed_41/noise_sweep_matrix_cifar100_vgg16_T16_mode_rate_uniform_schedule_normal_seed_41.csv
cifar100,vgg16,no_regularization,no regularization,,0.0,41,16,16,rate_uniform,0.6,58.14,/scratch/gs14/sl9144/qcfs_checkpoints/cifar100-checkpoints/vgg16_L[16]_strict_seed41_schemeC_noout_none_l16_vgg16.pth,/home/595/sl9144/codes/snn_simulation/important_results/pre_input_if_noise/cifar100_vgg16_three_regs/no_regularization/seed_41/noise_sweep_matrix_cifar100_vgg16_T16_mode_rate_uniform_schedule_normal_seed_41.csv
cifar100,vgg16,no_regularization,no regularization,,0.0,41,16,16,rate_uniform,0.65,58.0,/scratch/gs14/sl9144/qcfs_checkpoints/cifar100-checkpoints/vgg16_L[16]_strict_seed41_schemeC_noout_none_l16_vgg16.pth,/home/595/sl9144/codes/snn_simulation/important_results/pre_input_if_noise/cifar100_vgg16_three_regs/no_regularization/seed_41/noise_sweep_matrix_cifar100_vgg16_T16_mode_rate_uniform_schedule_normal_seed_41.csv
cifar100,vgg16,no_regularization,no regularization,,0.0,41,16,16,rate_uniform,0.7,58.02,/scratch/gs14/sl9144/qcfs_checkpoints/cifar100-checkpoints/vgg16_L[16]_strict_seed41_schemeC_noout_none_l16_vgg16.pth,/home/595/sl9144/codes/snn_simulation/important_results/pre_input_if_noise/cifar100_vgg16_three_regs/no_regularization/seed_41/noise_sweep_matrix_cifar100_vgg16_T16_mode_rate_uniform_schedule_normal_seed_41.csv
cifar100,vgg16,no_regularization,no regularization,,0.0,41,16,16,rate_uniform,0.75,58.0,/scratch/gs14/sl9144/qcfs_checkpoints/cifar100-checkpoints/vgg16_L[16]_strict_seed41_schemeC_noout_none_l16_vgg16.pth,/home/595/sl9144/codes/snn_simulation/important_results/pre_input_if_noise/cifar100_vgg16_three_regs/no_regularization/seed_41/noise_sweep_matrix_cifar100_vgg16_T16_mode_rate_uniform_schedule_normal_seed_41.csv
cifar100,vgg16,no_regularization,no regularization,,0.0,41,16,16,rate_uniform,0.8,57.87,/scratch/gs14/sl9144/qcfs_checkpoints/cifar100-checkpoints/vgg16_L[16]_strict_seed41_schemeC_noout_none_l16_vgg16.pth,/home/595/sl9144/codes/snn_simulation/important_results/pre_input_if_noise/cifar100_vgg16_three_regs/no_regularization/seed_41/noise_sweep_matrix_cifar100_vgg16_T16_mode_rate_uniform_schedule_normal_seed_41.csv
cifar100,vgg16,no_regularization,no regularization,,0.0,41,16,16,rate_uniform,0.85,57.85,/scratch/gs14/sl9144/qcfs_checkpoints/cifar100-checkpoints/vgg16_L[16]_strict_seed41_schemeC_noout_none_l16_vgg16.pth,/home/595/sl9144/codes/snn_simulation/important_results/pre_input_if_noise/cifar100_vgg16_three_regs/no_regularization/seed_41/noise_sweep_matrix_cifar100_vgg16_T16_mode_rate_uniform_schedule_normal_seed_41.csv
cifar100,vgg16,no_regularization,no regularization,,0.0,41,16,16,rate_uniform,0.9,57.8,/scratch/gs14/sl9144/qcfs_checkpoints/cifar100-checkpoints/vgg16_L[16]_strict_seed41_schemeC_noout_none_l16_vgg16.pth,/home/595/sl9144/codes/snn_simulation/important_results/pre_input_if_noise/cifar100_vgg16_three_regs/no_regularization/seed_41/noise_sweep_matrix_cifar100_vgg16_T16_mode_rate_uniform_schedule_normal_seed_41.csv
cifar100,vgg16,no_regularization,no regularization,,0.0,41,16,16,rate_uniform,0.95,57.75,/scratch/gs14/sl9144/qcfs_checkpoints/cifar100-checkpoints/vgg16_L[16]_strict_seed41_schemeC_noout_none_l16_vgg16.pth,/home/595/sl9144/codes/snn_simulation/important_results/pre_input_if_noise/cifar100_vgg16_three_regs/no_regularization/seed_41/noise_sweep_matrix_cifar100_vgg16_T16_mode_rate_uniform_schedule_normal_seed_41.csv
cifar100,vgg16,no_regularization,no regularization,,0.0,41,16,16,rate_uniform,1.0,57.72,/scratch/gs14/sl9144/qcfs_checkpoints/cifar100-checkpoints/vgg16_L[16]_strict_seed41_schemeC_noout_none_l16_vgg16.pth,/home/595/sl9144/codes/snn_simulation/important_results/pre_input_if_noise/cifar100_vgg16_three_regs/no_regularization/seed_41/noise_sweep_matrix_cifar100_vgg16_T16_mode_rate_uniform_schedule_normal_seed_41.csv
cifar100,vgg16,no_regularization,no regularization,,0.0,42,16,16,rate_uniform,0.0,46.15,/scratch/gs14/sl9144/qcfs_checkpoints/cifar100-checkpoints/vgg16_L[16]_strict_seed42_schemeC_noout_none_l16_vgg16.pth,/home/595/sl9144/codes/snn_simulation/important_results/pre_input_if_noise/cifar100_vgg16_three_regs/no_regularization/seed_42/noise_sweep_matrix_cifar100_vgg16_T16_mode_rate_uniform_schedule_normal_seed_42.csv
cifar100,vgg16,no_regularization,no regularization,,0.0,42,16,16,rate_uniform,0.05,46.2,/scratch/gs14/sl9144/qcfs_checkpoints/cifar100-checkpoints/vgg16_L[16]_strict_seed42_schemeC_noout_none_l16_vgg16.pth,/home/595/sl9144/codes/snn_simulation/important_results/pre_input_if_noise/cifar100_vgg16_three_regs/no_regularization/seed_42/noise_sweep_matrix_cifar100_vgg16_T16_mode_rate_uniform_schedule_normal_seed_42.csv
cifar100,vgg16,no_regularization,no regularization,,0.0,42,16,16,rate_uniform,0.1,46.25,/scratch/gs14/sl9144/qcfs_checkpoints/cifar100-checkpoints/vgg16_L[16]_strict_seed42_schemeC_noout_none_l16_vgg16.pth,/home/595/sl9144/codes/snn_simulation/important_results/pre_input_if_noise/cifar100_vgg16_three_regs/no_regularization/seed_42/noise_sweep_matrix_cifar100_vgg16_T16_mode_rate_uniform_schedule_normal_seed_42.csv
cifar100,vgg16,no_regularization,no regularization,,0.0,42,16,16,rate_uniform,0.15,46.23,/scratch/gs14/sl9144/qcfs_checkpoints/cifar100-checkpoints/vgg16_L[16]_strict_seed42_schemeC_noout_none_l16_vgg16.pth,/home/595/sl9144/codes/snn_simulation/important_results/pre_input_if_noise/cifar100_vgg16_three_regs/no_regularization/seed_42/noise_sweep_matrix_cifar100_vgg16_T16_mode_rate_uniform_schedule_normal_seed_42.csv
cifar100,vgg16,no_regularization,no regularization,,0.0,42,16,16,rate_uniform,0.2,46.24,/scratch/gs14/sl9144/qcfs_checkpoints/cifar100-checkpoints/vgg16_L[16]_strict_seed42_schemeC_noout_none_l16_vgg16.pth,/home/595/sl9144/codes/snn_simulation/important_results/pre_input_if_noise/cifar100_vgg16_three_regs/no_regularization/seed_42/noise_sweep_matrix_cifar100_vgg16_T16_mode_rate_uniform_schedule_normal_seed_42.csv
cifar100,vgg16,no_regularization,no regularization,,0.0,42,16,16,rate_uniform,0.25,46.16,/scratch/gs14/sl9144/qcfs_checkpoints/cifar100-checkpoints/vgg16_L[16]_strict_seed42_schemeC_noout_none_l16_vgg16.pth,/home/595/sl9144/codes/snn_simulation/important_results/pre_input_if_noise/cifar100_vgg16_three_regs/no_regularization/seed_42/noise_sweep_matrix_cifar100_vgg16_T16_mode_rate_uniform_schedule_normal_seed_42.csv
cifar100,vgg16,no_regularization,no regularization,,0.0,42,16,16,rate_uniform,0.3,46.18,/scratch/gs14/sl9144/qcfs_checkpoints/cifar100-checkpoints/vgg16_L[16]_strict_seed42_schemeC_noout_none_l16_vgg16.pth,/home/595/sl9144/codes/snn_simulation/important_results/pre_input_if_noise/cifar100_vgg16_three_regs/no_regularization/seed_42/noise_sweep_matrix_cifar100_vgg16_T16_mode_rate_uniform_schedule_normal_seed_42.csv
cifar100,vgg16,no_regularization,no regularization,,0.0,42,16,16,rate_uniform,0.35,46.17,/scratch/gs14/sl9144/qcfs_checkpoints/cifar100-checkpoints/vgg16_L[16]_strict_seed42_schemeC_noout_none_l16_vgg16.pth,/home/595/sl9144/codes/snn_simulation/important_results/pre_input_if_noise/cifar100_vgg16_three_regs/no_regularization/seed_42/noise_sweep_matrix_cifar100_vgg16_T16_mode_rate_uniform_schedule_normal_seed_42.csv
cifar100,vgg16,no_regularization,no regularization,,0.0,42,16,16,rate_uniform,0.4,46.19,/scratch/gs14/sl9144/qcfs_checkpoints/cifar100-checkpoints/vgg16_L[16]_strict_seed42_schemeC_noout_none_l16_vgg16.pth,/home/595/sl9144/codes/snn_simulation/important_results/pre_input_if_noise/cifar100_vgg16_three_regs/no_regularization/seed_42/noise_sweep_matrix_cifar100_vgg16_T16_mode_rate_uniform_schedule_normal_seed_42.csv
cifar100,vgg16,no_regularization,no regularization,,0.0,42,16,16,rate_uniform,0.45,46.18,/scratch/gs14/sl9144/qcfs_checkpoints/cifar100-checkpoints/vgg16_L[16]_strict_seed42_schemeC_noout_none_l16_vgg16.pth,/home/595/sl9144/codes/snn_simulation/important_results/pre_input_if_noise/cifar100_vgg16_three_regs/no_regularization/seed_42/noise_sweep_matrix_cifar100_vgg16_T16_mode_rate_uniform_schedule_normal_seed_42.csv
cifar100,vgg16,no_regularization,no regularization,,0.0,42,16,16,rate_uniform,0.5,46.29,/scratch/gs14/sl9144/qcfs_checkpoints/cifar100-checkpoints/vgg16_L[16]_strict_seed42_schemeC_noout_none_l16_vgg16.pth,/home/595/sl9144/codes/snn_simulation/important_results/pre_input_if_noise/cifar100_vgg16_three_regs/no_regularization/seed_42/noise_sweep_matrix_cifar100_vgg16_T16_mode_rate_uniform_schedule_normal_seed_42.csv
cifar100,vgg16,no_regularization,no regularization,,0.0,42,16,16,rate_uniform,0.55,46.26,/scratch/gs14/sl9144/qcfs_checkpoints/cifar100-checkpoints/vgg16_L[16]_strict_seed42_schemeC_noout_none_l16_vgg16.pth,/home/595/sl9144/codes/snn_simulation/important_results/pre_input_if_noise/cifar100_vgg16_three_regs/no_regularization/seed_42/noise_sweep_matrix_cifar100_vgg16_T16_mode_rate_uniform_schedule_normal_seed_42.csv
cifar100,vgg16,no_regularization,no regularization,,0.0,42,16,16,rate_uniform,0.6,46.1,/scratch/gs14/sl9144/qcfs_checkpoints/cifar100-checkpoints/vgg16_L[16]_strict_seed42_schemeC_noout_none_l16_vgg16.pth,/home/595/sl9144/codes/snn_simulation/important_results/pre_input_if_noise/cifar100_vgg16_three_regs/no_regularization/seed_42/noise_sweep_matrix_cifar100_vgg16_T16_mode_rate_uniform_schedule_normal_seed_42.csv
cifar100,vgg16,no_regularization,no regularization,,0.0,42,16,16,rate_uniform,0.65,46.15,/scratch/gs14/sl9144/qcfs_checkpoints/cifar100-checkpoints/vgg16_L[16]_strict_seed42_schemeC_noout_none_l16_vgg16.pth,/home/595/sl9144/codes/snn_simulation/important_results/pre_input_if_noise/cifar100_vgg16_three_regs/no_regularization/seed_42/noise_sweep_matrix_cifar100_vgg16_T16_mode_rate_uniform_schedule_normal_seed_42.csv
cifar100,vgg16,no_regularization,no regularization,,0.0,42,16,16,rate_uniform,0.7,46.19,/scratch/gs14/sl9144/qcfs_checkpoints/cifar100-checkpoints/vgg16_L[16]_strict_seed42_schemeC_noout_none_l16_vgg16.pth,/home/595/sl9144/codes/snn_simulation/important_results/pre_input_if_noise/cifar100_vgg16_three_regs/no_regularization/seed_42/noise_sweep_matrix_cifar100_vgg16_T16_mode_rate_uniform_schedule_normal_seed_42.csv
cifar100,vgg16,no_regularization,no regularization,,0.0,42,16,16,rate_uniform,0.75,46.0,/scratch/gs14/sl9144/qcfs_checkpoints/cifar100-checkpoints/vgg16_L[16]_strict_seed42_schemeC_noout_none_l16_vgg16.pth,/home/595/sl9144/codes/snn_simulation/important_results/pre_input_if_noise/cifar100_vgg16_three_regs/no_regularization/seed_42/noise_sweep_matrix_cifar100_vgg16_T16_mode_rate_uniform_schedule_normal_seed_42.csv
cifar100,vgg16,no_regularization,no regularization,,0.0,42,16,16,rate_uniform,0.8,46.26,/scratch/gs14/sl9144/qcfs_checkpoints/cifar100-checkpoints/vgg16_L[16]_strict_seed42_schemeC_noout_none_l16_vgg16.pth,/home/595/sl9144/codes/snn_simulation/important_results/pre_input_if_noise/cifar100_vgg16_three_regs/no_regularization/seed_42/noise_sweep_matrix_cifar100_vgg16_T16_mode_rate_uniform_schedule_normal_seed_42.csv
cifar100,vgg16,no_regularization,no regularization,,0.0,42,16,16,rate_uniform,0.85,46.09,/scratch/gs14/sl9144/qcfs_checkpoints/cifar100-checkpoints/vgg16_L[16]_strict_seed42_schemeC_noout_none_l16_vgg16.pth,/home/595/sl9144/codes/snn_simulation/important_results/pre_input_if_noise/cifar100_vgg16_three_regs/no_regularization/seed_42/noise_sweep_matrix_cifar100_vgg16_T16_mode_rate_uniform_schedule_normal_seed_42.csv
cifar100,vgg16,no_regularization,no regularization,,0.0,42,16,16,rate_uniform,0.9,46.08,/scratch/gs14/sl9144/qcfs_checkpoints/cifar100-checkpoints/vgg16_L[16]_strict_seed42_schemeC_noout_none_l16_vgg16.pth,/home/595/sl9144/codes/snn_simulation/important_results/pre_input_if_noise/cifar100_vgg16_three_regs/no_regularization/seed_42/noise_sweep_matrix_cifar100_vgg16_T16_mode_rate_uniform_schedule_normal_seed_42.csv
cifar100,vgg16,no_regularization,no regularization,,0.0,42,16,16,rate_uniform,0.95,46.05,/scratch/gs14/sl9144/qcfs_checkpoints/cifar100-checkpoints/vgg16_L[16]_strict_seed42_schemeC_noout_none_l16_vgg16.pth,/home/595/sl9144/codes/snn_simulation/important_results/pre_input_if_noise/cifar100_vgg16_three_regs/no_regularization/seed_42/noise_sweep_matrix_cifar100_vgg16_T16_mode_rate_uniform_schedule_normal_seed_42.csv
cifar100,vgg16,no_regularization,no regularization,,0.0,42,16,16,rate_uniform,1.0,46.11,/scratch/gs14/sl9144/qcfs_checkpoints/cifar100-checkpoints/vgg16_L[16]_strict_seed42_schemeC_noout_none_l16_vgg16.pth,/home/595/sl9144/codes/snn_simulation/important_results/pre_input_if_noise/cifar100_vgg16_three_regs/no_regularization/seed_42/noise_sweep_matrix_cifar100_vgg16_T16_mode_rate_uniform_schedule_normal_seed_42.csv
cifar100,vgg16,no_regularization,no regularization,,0.0,43,16,16,rate_uniform,0.0,58.03,/scratch/gs14/sl9144/qcfs_checkpoints/cifar100-checkpoints/vgg16_L[16]_strict_seed43_schemeC_noout_none_l16_vgg16.pth,/home/595/sl9144/codes/snn_simulation/important_results/pre_input_if_noise/cifar100_vgg16_three_regs/no_regularization/seed_43/noise_sweep_matrix_cifar100_vgg16_T16_mode_rate_uniform_schedule_normal_seed_43.csv
cifar100,vgg16,no_regularization,no regularization,,0.0,43,16,16,rate_uniform,0.05,58.03,/scratch/gs14/sl9144/qcfs_checkpoints/cifar100-checkpoints/vgg16_L[16]_strict_seed43_schemeC_noout_none_l16_vgg16.pth,/home/595/sl9144/codes/snn_simulation/important_results/pre_input_if_noise/cifar100_vgg16_three_regs/no_regularization/seed_43/noise_sweep_matrix_cifar100_vgg16_T16_mode_rate_uniform_schedule_normal_seed_43.csv
cifar100,vgg16,no_regularization,no regularization,,0.0,43,16,16,rate_uniform,0.1,57.99,/scratch/gs14/sl9144/qcfs_checkpoints/cifar100-checkpoints/vgg16_L[16]_strict_seed43_schemeC_noout_none_l16_vgg16.pth,/home/595/sl9144/codes/snn_simulation/important_results/pre_input_if_noise/cifar100_vgg16_three_regs/no_regularization/seed_43/noise_sweep_matrix_cifar100_vgg16_T16_mode_rate_uniform_schedule_normal_seed_43.csv
cifar100,vgg16,no_regularization,no regularization,,0.0,43,16,16,rate_uniform,0.15,58.0,/scratch/gs14/sl9144/qcfs_checkpoints/cifar100-checkpoints/vgg16_L[16]_strict_seed43_schemeC_noout_none_l16_vgg16.pth,/home/595/sl9144/codes/snn_simulation/important_results/pre_input_if_noise/cifar100_vgg16_three_regs/no_regularization/seed_43/noise_sweep_matrix_cifar100_vgg16_T16_mode_rate_uniform_schedule_normal_seed_43.csv
cifar100,vgg16,no_regularization,no regularization,,0.0,43,16,16,rate_uniform,0.2,58.12,/scratch/gs14/sl9144/qcfs_checkpoints/cifar100-checkpoints/vgg16_L[16]_strict_seed43_schemeC_noout_none_l16_vgg16.pth,/home/595/sl9144/codes/snn_simulation/important_results/pre_input_if_noise/cifar100_vgg16_three_regs/no_regularization/seed_43/noise_sweep_matrix_cifar100_vgg16_T16_mode_rate_uniform_schedule_normal_seed_43.csv
cifar100,vgg16,no_regularization,no regularization,,0.0,43,16,16,rate_uniform,0.25,58.18,/scratch/gs14/sl9144/qcfs_checkpoints/cifar100-checkpoints/vgg16_L[16]_strict_seed43_schemeC_noout_none_l16_vgg16.pth,/home/595/sl9144/codes/snn_simulation/important_results/pre_input_if_noise/cifar100_vgg16_three_regs/no_regularization/seed_43/noise_sweep_matrix_cifar100_vgg16_T16_mode_rate_uniform_schedule_normal_seed_43.csv
cifar100,vgg16,no_regularization,no regularization,,0.0,43,16,16,rate_uniform,0.3,58.02,/scratch/gs14/sl9144/qcfs_checkpoints/cifar100-checkpoints/vgg16_L[16]_strict_seed43_schemeC_noout_none_l16_vgg16.pth,/home/595/sl9144/codes/snn_simulation/important_results/pre_input_if_noise/cifar100_vgg16_three_regs/no_regularization/seed_43/noise_sweep_matrix_cifar100_vgg16_T16_mode_rate_uniform_schedule_normal_seed_43.csv
cifar100,vgg16,no_regularization,no regularization,,0.0,43,16,16,rate_uniform,0.35,57.95,/scratch/gs14/sl9144/qcfs_checkpoints/cifar100-checkpoints/vgg16_L[16]_strict_seed43_schemeC_noout_none_l16_vgg16.pth,/home/595/sl9144/codes/snn_simulation/important_results/pre_input_if_noise/cifar100_vgg16_three_regs/no_regularization/seed_43/noise_sweep_matrix_cifar100_vgg16_T16_mode_rate_uniform_schedule_normal_seed_43.csv
cifar100,vgg16,no_regularization,no regularization,,0.0,43,16,16,rate_uniform,0.4,58.07,/scratch/gs14/sl9144/qcfs_checkpoints/cifar100-checkpoints/vgg16_L[16]_strict_seed43_schemeC_noout_none_l16_vgg16.pth,/home/595/sl9144/codes/snn_simulation/important_results/pre_input_if_noise/cifar100_vgg16_three_regs/no_regularization/seed_43/noise_sweep_matrix_cifar100_vgg16_T16_mode_rate_uniform_schedule_normal_seed_43.csv
cifar100,vgg16,no_regularization,no regularization,,0.0,43,16,16,rate_uniform,0.45,58.04,/scratch/gs14/sl9144/qcfs_checkpoints/cifar100-checkpoints/vgg16_L[16]_strict_seed43_schemeC_noout_none_l16_vgg16.pth,/home/595/sl9144/codes/snn_simulation/important_results/pre_input_if_noise/cifar100_vgg16_three_regs/no_regularization/seed_43/noise_sweep_matrix_cifar100_vgg16_T16_mode_rate_uniform_schedule_normal_seed_43.csv
cifar100,vgg16,no_regularization,no regularization,,0.0,43,16,16,rate_uniform,0.5,57.96,/scratch/gs14/sl9144/qcfs_checkpoints/cifar100-checkpoints/vgg16_L[16]_strict_seed43_schemeC_noout_none_l16_vgg16.pth,/home/595/sl9144/codes/snn_simulation/important_results/pre_input_if_noise/cifar100_vgg16_three_regs/no_regularization/seed_43/noise_sweep_matrix_cifar100_vgg16_T16_mode_rate_uniform_schedule_normal_seed_43.csv
cifar100,vgg16,no_regularization,no regularization,,0.0,43,16,16,rate_uniform,0.55,58.02,/scratch/gs14/sl9144/qcfs_checkpoints/cifar100-checkpoints/vgg16_L[16]_strict_seed43_schemeC_noout_none_l16_vgg16.pth,/home/595/sl9144/codes/snn_simulation/important_results/pre_input_if_noise/cifar100_vgg16_three_regs/no_regularization/seed_43/noise_sweep_matrix_cifar100_vgg16_T16_mode_rate_uniform_schedule_normal_seed_43.csv
cifar100,vgg16,no_regularization,no regularization,,0.0,43,16,16,rate_uniform,0.6,58.06,/scratch/gs14/sl9144/qcfs_checkpoints/cifar100-checkpoints/vgg16_L[16]_strict_seed43_schemeC_noout_none_l16_vgg16.pth,/home/595/sl9144/codes/snn_simulation/important_results/pre_input_if_noise/cifar100_vgg16_three_regs/no_regularization/seed_43/noise_sweep_matrix_cifar100_vgg16_T16_mode_rate_uniform_schedule_normal_seed_43.csv
cifar100,vgg16,no_regularization,no regularization,,0.0,43,16,16,rate_uniform,0.65,57.99,/scratch/gs14/sl9144/qcfs_checkpoints/cifar100-checkpoints/vgg16_L[16]_strict_seed43_schemeC_noout_none_l16_vgg16.pth,/home/595/sl9144/codes/snn_simulation/important_results/pre_input_if_noise/cifar100_vgg16_three_regs/no_regularization/seed_43/noise_sweep_matrix_cifar100_vgg16_T16_mode_rate_uniform_schedule_normal_seed_43.csv
cifar100,vgg16,no_regularization,no regularization,,0.0,43,16,16,rate_uniform,0.7,58.03,/scratch/gs14/sl9144/qcfs_checkpoints/cifar100-checkpoints/vgg16_L[16]_strict_seed43_schemeC_noout_none_l16_vgg16.pth,/home/595/sl9144/codes/snn_simulation/important_results/pre_input_if_noise/cifar100_vgg16_three_regs/no_regularization/seed_43/noise_sweep_matrix_cifar100_vgg16_T16_mode_rate_uniform_schedule_normal_seed_43.csv
cifar100,vgg16,no_regularization,no regularization,,0.0,43,16,16,rate_uniform,0.75,57.93,/scratch/gs14/sl9144/qcfs_checkpoints/cifar100-checkpoints/vgg16_L[16]_strict_seed43_schemeC_noout_none_l16_vgg16.pth,/home/595/sl9144/codes/snn_simulation/important_results/pre_input_if_noise/cifar100_vgg16_three_regs/no_regularization/seed_43/noise_sweep_matrix_cifar100_vgg16_T16_mode_rate_uniform_schedule_normal_seed_43.csv
cifar100,vgg16,no_regularization,no regularization,,0.0,43,16,16,rate_uniform,0.8,57.72,/scratch/gs14/sl9144/qcfs_checkpoints/cifar100-checkpoints/vgg16_L[16]_strict_seed43_schemeC_noout_none_l16_vgg16.pth,/home/595/sl9144/codes/snn_simulation/important_results/pre_input_if_noise/cifar100_vgg16_three_regs/no_regularization/seed_43/noise_sweep_matrix_cifar100_vgg16_T16_mode_rate_uniform_schedule_normal_seed_43.csv
cifar100,vgg16,no_regularization,no regularization,,0.0,43,16,16,rate_uniform,0.85,57.85,/scratch/gs14/sl9144/qcfs_checkpoints/cifar100-checkpoints/vgg16_L[16]_strict_seed43_schemeC_noout_none_l16_vgg16.pth,/home/595/sl9144/codes/snn_simulation/important_results/pre_input_if_noise/cifar100_vgg16_three_regs/no_regularization/seed_43/noise_sweep_matrix_cifar100_vgg16_T16_mode_rate_uniform_schedule_normal_seed_43.csv
cifar100,vgg16,no_regularization,no regularization,,0.0,43,16,16,rate_uniform,0.9,57.9,/scratch/gs14/sl9144/qcfs_checkpoints/cifar100-checkpoints/vgg16_L[16]_strict_seed43_schemeC_noout_none_l16_vgg16.pth,/home/595/sl9144/codes/snn_simulation/important_results/pre_input_if_noise/cifar100_vgg16_three_regs/no_regularization/seed_43/noise_sweep_matrix_cifar100_vgg16_T16_mode_rate_uniform_schedule_normal_seed_43.csv
cifar100,vgg16,no_regularization,no regularization,,0.0,43,16,16,rate_uniform,0.95,57.79,/scratch/gs14/sl9144/qcfs_checkpoints/cifar100-checkpoints/vgg16_L[16]_strict_seed43_schemeC_noout_none_l16_vgg16.pth,/home/595/sl9144/codes/snn_simulation/important_results/pre_input_if_noise/cifar100_vgg16_three_regs/no_regularization/seed_43/noise_sweep_matrix_cifar100_vgg16_T16_mode_rate_uniform_schedule_normal_seed_43.csv
cifar100,vgg16,no_regularization,no regularization,,0.0,43,16,16,rate_uniform,1.0,57.81,/scratch/gs14/sl9144/qcfs_checkpoints/cifar100-checkpoints/vgg16_L[16]_strict_seed43_schemeC_noout_none_l16_vgg16.pth,/home/595/sl9144/codes/snn_simulation/important_results/pre_input_if_noise/cifar100_vgg16_three_regs/no_regularization/seed_43/noise_sweep_matrix_cifar100_vgg16_T16_mode_rate_uniform_schedule_normal_seed_43.csv
cifar100,vgg16,no_regularization,no regularization,,0.0,44,16,16,rate_uniform,0.0,46.55,/scratch/gs14/sl9144/qcfs_checkpoints/cifar100-checkpoints/vgg16_L[16]_strict_seed44_schemeC_noout_none_l16_vgg16.pth,/home/595/sl9144/codes/snn_simulation/important_results/pre_input_if_noise/cifar100_vgg16_three_regs/no_regularization/seed_44/noise_sweep_matrix_cifar100_vgg16_T16_mode_rate_uniform_schedule_normal_seed_44.csv
cifar100,vgg16,no_regularization,no regularization,,0.0,44,16,16,rate_uniform,0.05,46.47,/scratch/gs14/sl9144/qcfs_checkpoints/cifar100-checkpoints/vgg16_L[16]_strict_seed44_schemeC_noout_none_l16_vgg16.pth,/home/595/sl9144/codes/snn_simulation/important_results/pre_input_if_noise/cifar100_vgg16_three_regs/no_regularization/seed_44/noise_sweep_matrix_cifar100_vgg16_T16_mode_rate_uniform_schedule_normal_seed_44.csv
cifar100,vgg16,no_regularization,no regularization,,0.0,44,16,16,rate_uniform,0.1,46.58,/scratch/gs14/sl9144/qcfs_checkpoints/cifar100-checkpoints/vgg16_L[16]_strict_seed44_schemeC_noout_none_l16_vgg16.pth,/home/595/sl9144/codes/snn_simulation/important_results/pre_input_if_noise/cifar100_vgg16_three_regs/no_regularization/seed_44/noise_sweep_matrix_cifar100_vgg16_T16_mode_rate_uniform_schedule_normal_seed_44.csv
cifar100,vgg16,no_regularization,no regularization,,0.0,44,16,16,rate_uniform,0.15,46.61,/scratch/gs14/sl9144/qcfs_checkpoints/cifar100-checkpoints/vgg16_L[16]_strict_seed44_schemeC_noout_none_l16_vgg16.pth,/home/595/sl9144/codes/snn_simulation/important_results/pre_input_if_noise/cifar100_vgg16_three_regs/no_regularization/seed_44/noise_sweep_matrix_cifar100_vgg16_T16_mode_rate_uniform_schedule_normal_seed_44.csv
cifar100,vgg16,no_regularization,no regularization,,0.0,44,16,16,rate_uniform,0.2,46.47,/scratch/gs14/sl9144/qcfs_checkpoints/cifar100-checkpoints/vgg16_L[16]_strict_seed44_schemeC_noout_none_l16_vgg16.pth,/home/595/sl9144/codes/snn_simulation/important_results/pre_input_if_noise/cifar100_vgg16_three_regs/no_regularization/seed_44/noise_sweep_matrix_cifar100_vgg16_T16_mode_rate_uniform_schedule_normal_seed_44.csv
cifar100,vgg16,no_regularization,no regularization,,0.0,44,16,16,rate_uniform,0.25,46.79,/scratch/gs14/sl9144/qcfs_checkpoints/cifar100-checkpoints/vgg16_L[16]_strict_seed44_schemeC_noout_none_l16_vgg16.pth,/home/595/sl9144/codes/snn_simulation/important_results/pre_input_if_noise/cifar100_vgg16_three_regs/no_regularization/seed_44/noise_sweep_matrix_cifar100_vgg16_T16_mode_rate_uniform_schedule_normal_seed_44.csv
cifar100,vgg16,no_regularization,no regularization,,0.0,44,16,16,rate_uniform,0.3,46.61,/scratch/gs14/sl9144/qcfs_checkpoints/cifar100-checkpoints/vgg16_L[16]_strict_seed44_schemeC_noout_none_l16_vgg16.pth,/home/595/sl9144/codes/snn_simulation/important_results/pre_input_if_noise/cifar100_vgg16_three_regs/no_regularization/seed_44/noise_sweep_matrix_cifar100_vgg16_T16_mode_rate_uniform_schedule_normal_seed_44.csv
cifar100,vgg16,no_regularization,no regularization,,0.0,44,16,16,rate_uniform,0.35,46.5,/scratch/gs14/sl9144/qcfs_checkpoints/cifar100-checkpoints/vgg16_L[16]_strict_seed44_schemeC_noout_none_l16_vgg16.pth,/home/595/sl9144/codes/snn_simulation/important_results/pre_input_if_noise/cifar100_vgg16_three_regs/no_regularization/seed_44/noise_sweep_matrix_cifar100_vgg16_T16_mode_rate_uniform_schedule_normal_seed_44.csv
cifar100,vgg16,no_regularization,no regularization,,0.0,44,16,16,rate_uniform,0.4,46.56,/scratch/gs14/sl9144/qcfs_checkpoints/cifar100-checkpoints/vgg16_L[16]_strict_seed44_schemeC_noout_none_l16_vgg16.pth,/home/595/sl9144/codes/snn_simulation/important_results/pre_input_if_noise/cifar100_vgg16_three_regs/no_regularization/seed_44/noise_sweep_matrix_cifar100_vgg16_T16_mode_rate_uniform_schedule_normal_seed_44.csv
cifar100,vgg16,no_regularization,no regularization,,0.0,44,16,16,rate_uniform,0.45,46.64,/scratch/gs14/sl9144/qcfs_checkpoints/cifar100-checkpoints/vgg16_L[16]_strict_seed44_schemeC_noout_none_l16_vgg16.pth,/home/595/sl9144/codes/snn_simulation/important_results/pre_input_if_noise/cifar100_vgg16_three_regs/no_regularization/seed_44/noise_sweep_matrix_cifar100_vgg16_T16_mode_rate_uniform_schedule_normal_seed_44.csv
cifar100,vgg16,no_regularization,no regularization,,0.0,44,16,16,rate_uniform,0.5,46.54,/scratch/gs14/sl9144/qcfs_checkpoints/cifar100-checkpoints/vgg16_L[16]_strict_seed44_schemeC_noout_none_l16_vgg16.pth,/home/595/sl9144/codes/snn_simulation/important_results/pre_input_if_noise/cifar100_vgg16_three_regs/no_regularization/seed_44/noise_sweep_matrix_cifar100_vgg16_T16_mode_rate_uniform_schedule_normal_seed_44.csv
cifar100,vgg16,no_regularization,no regularization,,0.0,44,16,16,rate_uniform,0.55,46.42,/scratch/gs14/sl9144/qcfs_checkpoints/cifar100-checkpoints/vgg16_L[16]_strict_seed44_schemeC_noout_none_l16_vgg16.pth,/home/595/sl9144/codes/snn_simulation/important_results/pre_input_if_noise/cifar100_vgg16_three_regs/no_regularization/seed_44/noise_sweep_matrix_cifar100_vgg16_T16_mode_rate_uniform_schedule_normal_seed_44.csv
cifar100,vgg16,no_regularization,no regularization,,0.0,44,16,16,rate_uniform,0.6,46.45,/scratch/gs14/sl9144/qcfs_checkpoints/cifar100-checkpoints/vgg16_L[16]_strict_seed44_schemeC_noout_none_l16_vgg16.pth,/home/595/sl9144/codes/snn_simulation/important_results/pre_input_if_noise/cifar100_vgg16_three_regs/no_regularization/seed_44/noise_sweep_matrix_cifar100_vgg16_T16_mode_rate_uniform_schedule_normal_seed_44.csv
cifar100,vgg16,no_regularization,no regularization,,0.0,44,16,16,rate_uniform,0.65,46.39,/scratch/gs14/sl9144/qcfs_checkpoints/cifar100-checkpoints/vgg16_L[16]_strict_seed44_schemeC_noout_none_l16_vgg16.pth,/home/595/sl9144/codes/snn_simulation/important_results/pre_input_if_noise/cifar100_vgg16_three_regs/no_regularization/seed_44/noise_sweep_matrix_cifar100_vgg16_T16_mode_rate_uniform_schedule_normal_seed_44.csv
cifar100,vgg16,no_regularization,no regularization,,0.0,44,16,16,rate_uniform,0.7,46.43,/scratch/gs14/sl9144/qcfs_checkpoints/cifar100-checkpoints/vgg16_L[16]_strict_seed44_schemeC_noout_none_l16_vgg16.pth,/home/595/sl9144/codes/snn_simulation/important_results/pre_input_if_noise/cifar100_vgg16_three_regs/no_regularization/seed_44/noise_sweep_matrix_cifar100_vgg16_T16_mode_rate_uniform_schedule_normal_seed_44.csv
cifar100,vgg16,no_regularization,no regularization,,0.0,44,16,16,rate_uniform,0.75,46.36,/scratch/gs14/sl9144/qcfs_checkpoints/cifar100-checkpoints/vgg16_L[16]_strict_seed44_schemeC_noout_none_l16_vgg16.pth,/home/595/sl9144/codes/snn_simulation/important_results/pre_input_if_noise/cifar100_vgg16_three_regs/no_regularization/seed_44/noise_sweep_matrix_cifar100_vgg16_T16_mode_rate_uniform_schedule_normal_seed_44.csv
cifar100,vgg16,no_regularization,no regularization,,0.0,44,16,16,rate_uniform,0.8,46.49,/scratch/gs14/sl9144/qcfs_checkpoints/cifar100-checkpoints/vgg16_L[16]_strict_seed44_schemeC_noout_none_l16_vgg16.pth,/home/595/sl9144/codes/snn_simulation/important_results/pre_input_if_noise/cifar100_vgg16_three_regs/no_regularization/seed_44/noise_sweep_matrix_cifar100_vgg16_T16_mode_rate_uniform_schedule_normal_seed_44.csv
cifar100,vgg16,no_regularization,no regularization,,0.0,44,16,16,rate_uniform,0.85,46.45,/scratch/gs14/sl9144/qcfs_checkpoints/cifar100-checkpoints/vgg16_L[16]_strict_seed44_schemeC_noout_none_l16_vgg16.pth,/home/595/sl9144/codes/snn_simulation/important_results/pre_input_if_noise/cifar100_vgg16_three_regs/no_regularization/seed_44/noise_sweep_matrix_cifar100_vgg16_T16_mode_rate_uniform_schedule_normal_seed_44.csv
cifar100,vgg16,no_regularization,no regularization,,0.0,44,16,16,rate_uniform,0.9,46.36,/scratch/gs14/sl9144/qcfs_checkpoints/cifar100-checkpoints/vgg16_L[16]_strict_seed44_schemeC_noout_none_l16_vgg16.pth,/home/595/sl9144/codes/snn_simulation/important_results/pre_input_if_noise/cifar100_vgg16_three_regs/no_regularization/seed_44/noise_sweep_matrix_cifar100_vgg16_T16_mode_rate_uniform_schedule_normal_seed_44.csv
cifar100,vgg16,no_regularization,no regularization,,0.0,44,16,16,rate_uniform,0.95,46.47,/scratch/gs14/sl9144/qcfs_checkpoints/cifar100-checkpoints/vgg16_L[16]_strict_seed44_schemeC_noout_none_l16_vgg16.pth,/home/595/sl9144/codes/snn_simulation/important_results/pre_input_if_noise/cifar100_vgg16_three_regs/no_regularization/seed_44/noise_sweep_matrix_cifar100_vgg16_T16_mode_rate_uniform_schedule_normal_seed_44.csv
cifar100,vgg16,no_regularization,no regularization,,0.0,44,16,16,rate_uniform,1.0,46.4,/scratch/gs14/sl9144/qcfs_checkpoints/cifar100-checkpoints/vgg16_L[16]_strict_seed44_schemeC_noout_none_l16_vgg16.pth,/home/595/sl9144/codes/snn_simulation/important_results/pre_input_if_noise/cifar100_vgg16_three_regs/no_regularization/seed_44/noise_sweep_matrix_cifar100_vgg16_T16_mode_rate_uniform_schedule_normal_seed_44.csv
