dataset,arch,variant,variant_label,regularizer,reg_coeff,hinge_tau,weight_decay,seed,L,train_T,test_T,if_mode,spike_schedule,noise_position,noise_type,sigma,acc,checkpoint,matrix_csv
cifar100,vgg16,weight_decay,weight_decay,weight_decay,none,none,0.0005,40,16,0,16,rate_uniform,normal,pre_first_conv,gaussian,1,25.930000,/scratch/gs14/sl9144/qcfs_checkpoints/cifar100-checkpoints/vgg16_L[16]_mneablate_cifar100_weight_decay_rcnone_seed40_L16_trainT0.pth,/home/595/sl9144/codes/snn_simulation/important_results/cifar100_vgg16_five_regs_pre_first_conv_sigma1_5_5seed/cifar100/mneablate_cifar100_weight_decay_rcnone_seed40_L16_trainT0/noise_sweep_matrix_cifar100_vgg16_T16_mode_rate_uniform_schedule_normal_seed_40.csv
cifar100,vgg16,weight_decay,weight_decay,weight_decay,none,none,0.0005,40,16,0,16,rate_uniform,normal,pre_first_conv,gaussian,1.25,19.160000,/scratch/gs14/sl9144/qcfs_checkpoints/cifar100-checkpoints/vgg16_L[16]_mneablate_cifar100_weight_decay_rcnone_seed40_L16_trainT0.pth,/home/595/sl9144/codes/snn_simulation/important_results/cifar100_vgg16_five_regs_pre_first_conv_sigma1_5_5seed/cifar100/mneablate_cifar100_weight_decay_rcnone_seed40_L16_trainT0/noise_sweep_matrix_cifar100_vgg16_T16_mode_rate_uniform_schedule_normal_seed_40.csv
cifar100,vgg16,weight_decay,weight_decay,weight_decay,none,none,0.0005,40,16,0,16,rate_uniform,normal,pre_first_conv,gaussian,1.5,14.540000,/scratch/gs14/sl9144/qcfs_checkpoints/cifar100-checkpoints/vgg16_L[16]_mneablate_cifar100_weight_decay_rcnone_seed40_L16_trainT0.pth,/home/595/sl9144/codes/snn_simulation/important_results/cifar100_vgg16_five_regs_pre_first_conv_sigma1_5_5seed/cifar100/mneablate_cifar100_weight_decay_rcnone_seed40_L16_trainT0/noise_sweep_matrix_cifar100_vgg16_T16_mode_rate_uniform_schedule_normal_seed_40.csv
cifar100,vgg16,weight_decay,weight_decay,weight_decay,none,none,0.0005,40,16,0,16,rate_uniform,normal,pre_first_conv,gaussian,1.75,11.540000,/scratch/gs14/sl9144/qcfs_checkpoints/cifar100-checkpoints/vgg16_L[16]_mneablate_cifar100_weight_decay_rcnone_seed40_L16_trainT0.pth,/home/595/sl9144/codes/snn_simulation/important_results/cifar100_vgg16_five_regs_pre_first_conv_sigma1_5_5seed/cifar100/mneablate_cifar100_weight_decay_rcnone_seed40_L16_trainT0/noise_sweep_matrix_cifar100_vgg16_T16_mode_rate_uniform_schedule_normal_seed_40.csv
cifar100,vgg16,weight_decay,weight_decay,weight_decay,none,none,0.0005,40,16,0,16,rate_uniform,normal,pre_first_conv,gaussian,2,9.120000,/scratch/gs14/sl9144/qcfs_checkpoints/cifar100-checkpoints/vgg16_L[16]_mneablate_cifar100_weight_decay_rcnone_seed40_L16_trainT0.pth,/home/595/sl9144/codes/snn_simulation/important_results/cifar100_vgg16_five_regs_pre_first_conv_sigma1_5_5seed/cifar100/mneablate_cifar100_weight_decay_rcnone_seed40_L16_trainT0/noise_sweep_matrix_cifar100_vgg16_T16_mode_rate_uniform_schedule_normal_seed_40.csv
cifar100,vgg16,weight_decay,weight_decay,weight_decay,none,none,0.0005,40,16,0,16,rate_uniform,normal,pre_first_conv,gaussian,2.25,7.130000,/scratch/gs14/sl9144/qcfs_checkpoints/cifar100-checkpoints/vgg16_L[16]_mneablate_cifar100_weight_decay_rcnone_seed40_L16_trainT0.pth,/home/595/sl9144/codes/snn_simulation/important_results/cifar100_vgg16_five_regs_pre_first_conv_sigma1_5_5seed/cifar100/mneablate_cifar100_weight_decay_rcnone_seed40_L16_trainT0/noise_sweep_matrix_cifar100_vgg16_T16_mode_rate_uniform_schedule_normal_seed_40.csv
cifar100,vgg16,weight_decay,weight_decay,weight_decay,none,none,0.0005,40,16,0,16,rate_uniform,normal,pre_first_conv,gaussian,2.5,6.150000,/scratch/gs14/sl9144/qcfs_checkpoints/cifar100-checkpoints/vgg16_L[16]_mneablate_cifar100_weight_decay_rcnone_seed40_L16_trainT0.pth,/home/595/sl9144/codes/snn_simulation/important_results/cifar100_vgg16_five_regs_pre_first_conv_sigma1_5_5seed/cifar100/mneablate_cifar100_weight_decay_rcnone_seed40_L16_trainT0/noise_sweep_matrix_cifar100_vgg16_T16_mode_rate_uniform_schedule_normal_seed_40.csv
cifar100,vgg16,weight_decay,weight_decay,weight_decay,none,none,0.0005,40,16,0,16,rate_uniform,normal,pre_first_conv,gaussian,2.75,4.970000,/scratch/gs14/sl9144/qcfs_checkpoints/cifar100-checkpoints/vgg16_L[16]_mneablate_cifar100_weight_decay_rcnone_seed40_L16_trainT0.pth,/home/595/sl9144/codes/snn_simulation/important_results/cifar100_vgg16_five_regs_pre_first_conv_sigma1_5_5seed/cifar100/mneablate_cifar100_weight_decay_rcnone_seed40_L16_trainT0/noise_sweep_matrix_cifar100_vgg16_T16_mode_rate_uniform_schedule_normal_seed_40.csv
cifar100,vgg16,weight_decay,weight_decay,weight_decay,none,none,0.0005,40,16,0,16,rate_uniform,normal,pre_first_conv,gaussian,3,4.440000,/scratch/gs14/sl9144/qcfs_checkpoints/cifar100-checkpoints/vgg16_L[16]_mneablate_cifar100_weight_decay_rcnone_seed40_L16_trainT0.pth,/home/595/sl9144/codes/snn_simulation/important_results/cifar100_vgg16_five_regs_pre_first_conv_sigma1_5_5seed/cifar100/mneablate_cifar100_weight_decay_rcnone_seed40_L16_trainT0/noise_sweep_matrix_cifar100_vgg16_T16_mode_rate_uniform_schedule_normal_seed_40.csv
cifar100,vgg16,weight_decay,weight_decay,weight_decay,none,none,0.0005,40,16,0,16,rate_uniform,normal,pre_first_conv,gaussian,3.25,3.770000,/scratch/gs14/sl9144/qcfs_checkpoints/cifar100-checkpoints/vgg16_L[16]_mneablate_cifar100_weight_decay_rcnone_seed40_L16_trainT0.pth,/home/595/sl9144/codes/snn_simulation/important_results/cifar100_vgg16_five_regs_pre_first_conv_sigma1_5_5seed/cifar100/mneablate_cifar100_weight_decay_rcnone_seed40_L16_trainT0/noise_sweep_matrix_cifar100_vgg16_T16_mode_rate_uniform_schedule_normal_seed_40.csv
cifar100,vgg16,weight_decay,weight_decay,weight_decay,none,none,0.0005,40,16,0,16,rate_uniform,normal,pre_first_conv,gaussian,3.5,3.290000,/scratch/gs14/sl9144/qcfs_checkpoints/cifar100-checkpoints/vgg16_L[16]_mneablate_cifar100_weight_decay_rcnone_seed40_L16_trainT0.pth,/home/595/sl9144/codes/snn_simulation/important_results/cifar100_vgg16_five_regs_pre_first_conv_sigma1_5_5seed/cifar100/mneablate_cifar100_weight_decay_rcnone_seed40_L16_trainT0/noise_sweep_matrix_cifar100_vgg16_T16_mode_rate_uniform_schedule_normal_seed_40.csv
cifar100,vgg16,weight_decay,weight_decay,weight_decay,none,none,0.0005,40,16,0,16,rate_uniform,normal,pre_first_conv,gaussian,3.75,3.090000,/scratch/gs14/sl9144/qcfs_checkpoints/cifar100-checkpoints/vgg16_L[16]_mneablate_cifar100_weight_decay_rcnone_seed40_L16_trainT0.pth,/home/595/sl9144/codes/snn_simulation/important_results/cifar100_vgg16_five_regs_pre_first_conv_sigma1_5_5seed/cifar100/mneablate_cifar100_weight_decay_rcnone_seed40_L16_trainT0/noise_sweep_matrix_cifar100_vgg16_T16_mode_rate_uniform_schedule_normal_seed_40.csv
cifar100,vgg16,weight_decay,weight_decay,weight_decay,none,none,0.0005,40,16,0,16,rate_uniform,normal,pre_first_conv,gaussian,4,2.590000,/scratch/gs14/sl9144/qcfs_checkpoints/cifar100-checkpoints/vgg16_L[16]_mneablate_cifar100_weight_decay_rcnone_seed40_L16_trainT0.pth,/home/595/sl9144/codes/snn_simulation/important_results/cifar100_vgg16_five_regs_pre_first_conv_sigma1_5_5seed/cifar100/mneablate_cifar100_weight_decay_rcnone_seed40_L16_trainT0/noise_sweep_matrix_cifar100_vgg16_T16_mode_rate_uniform_schedule_normal_seed_40.csv
cifar100,vgg16,weight_decay,weight_decay,weight_decay,none,none,0.0005,40,16,0,16,rate_uniform,normal,pre_first_conv,gaussian,4.25,2.480000,/scratch/gs14/sl9144/qcfs_checkpoints/cifar100-checkpoints/vgg16_L[16]_mneablate_cifar100_weight_decay_rcnone_seed40_L16_trainT0.pth,/home/595/sl9144/codes/snn_simulation/important_results/cifar100_vgg16_five_regs_pre_first_conv_sigma1_5_5seed/cifar100/mneablate_cifar100_weight_decay_rcnone_seed40_L16_trainT0/noise_sweep_matrix_cifar100_vgg16_T16_mode_rate_uniform_schedule_normal_seed_40.csv
cifar100,vgg16,weight_decay,weight_decay,weight_decay,none,none,0.0005,40,16,0,16,rate_uniform,normal,pre_first_conv,gaussian,4.5,2.340000,/scratch/gs14/sl9144/qcfs_checkpoints/cifar100-checkpoints/vgg16_L[16]_mneablate_cifar100_weight_decay_rcnone_seed40_L16_trainT0.pth,/home/595/sl9144/codes/snn_simulation/important_results/cifar100_vgg16_five_regs_pre_first_conv_sigma1_5_5seed/cifar100/mneablate_cifar100_weight_decay_rcnone_seed40_L16_trainT0/noise_sweep_matrix_cifar100_vgg16_T16_mode_rate_uniform_schedule_normal_seed_40.csv
cifar100,vgg16,weight_decay,weight_decay,weight_decay,none,none,0.0005,40,16,0,16,rate_uniform,normal,pre_first_conv,gaussian,4.75,2.060000,/scratch/gs14/sl9144/qcfs_checkpoints/cifar100-checkpoints/vgg16_L[16]_mneablate_cifar100_weight_decay_rcnone_seed40_L16_trainT0.pth,/home/595/sl9144/codes/snn_simulation/important_results/cifar100_vgg16_five_regs_pre_first_conv_sigma1_5_5seed/cifar100/mneablate_cifar100_weight_decay_rcnone_seed40_L16_trainT0/noise_sweep_matrix_cifar100_vgg16_T16_mode_rate_uniform_schedule_normal_seed_40.csv
cifar100,vgg16,weight_decay,weight_decay,weight_decay,none,none,0.0005,40,16,0,16,rate_uniform,normal,pre_first_conv,gaussian,5,2.030000,/scratch/gs14/sl9144/qcfs_checkpoints/cifar100-checkpoints/vgg16_L[16]_mneablate_cifar100_weight_decay_rcnone_seed40_L16_trainT0.pth,/home/595/sl9144/codes/snn_simulation/important_results/cifar100_vgg16_five_regs_pre_first_conv_sigma1_5_5seed/cifar100/mneablate_cifar100_weight_decay_rcnone_seed40_L16_trainT0/noise_sweep_matrix_cifar100_vgg16_T16_mode_rate_uniform_schedule_normal_seed_40.csv
cifar100,vgg16,weight_decay,weight_decay,weight_decay,none,none,0.0005,41,16,0,16,rate_uniform,normal,pre_first_conv,gaussian,1,26.720000,/scratch/gs14/sl9144/qcfs_checkpoints/cifar100-checkpoints/vgg16_L[16]_mneablate_cifar100_weight_decay_rcnone_seed41_L16_trainT0.pth,/home/595/sl9144/codes/snn_simulation/important_results/cifar100_vgg16_five_regs_pre_first_conv_sigma1_5_5seed/cifar100/mneablate_cifar100_weight_decay_rcnone_seed41_L16_trainT0/noise_sweep_matrix_cifar100_vgg16_T16_mode_rate_uniform_schedule_normal_seed_41.csv
cifar100,vgg16,weight_decay,weight_decay,weight_decay,none,none,0.0005,41,16,0,16,rate_uniform,normal,pre_first_conv,gaussian,1.25,20.180000,/scratch/gs14/sl9144/qcfs_checkpoints/cifar100-checkpoints/vgg16_L[16]_mneablate_cifar100_weight_decay_rcnone_seed41_L16_trainT0.pth,/home/595/sl9144/codes/snn_simulation/important_results/cifar100_vgg16_five_regs_pre_first_conv_sigma1_5_5seed/cifar100/mneablate_cifar100_weight_decay_rcnone_seed41_L16_trainT0/noise_sweep_matrix_cifar100_vgg16_T16_mode_rate_uniform_schedule_normal_seed_41.csv
cifar100,vgg16,weight_decay,weight_decay,weight_decay,none,none,0.0005,41,16,0,16,rate_uniform,normal,pre_first_conv,gaussian,1.5,15.220000,/scratch/gs14/sl9144/qcfs_checkpoints/cifar100-checkpoints/vgg16_L[16]_mneablate_cifar100_weight_decay_rcnone_seed41_L16_trainT0.pth,/home/595/sl9144/codes/snn_simulation/important_results/cifar100_vgg16_five_regs_pre_first_conv_sigma1_5_5seed/cifar100/mneablate_cifar100_weight_decay_rcnone_seed41_L16_trainT0/noise_sweep_matrix_cifar100_vgg16_T16_mode_rate_uniform_schedule_normal_seed_41.csv
cifar100,vgg16,weight_decay,weight_decay,weight_decay,none,none,0.0005,41,16,0,16,rate_uniform,normal,pre_first_conv,gaussian,1.75,12.000000,/scratch/gs14/sl9144/qcfs_checkpoints/cifar100-checkpoints/vgg16_L[16]_mneablate_cifar100_weight_decay_rcnone_seed41_L16_trainT0.pth,/home/595/sl9144/codes/snn_simulation/important_results/cifar100_vgg16_five_regs_pre_first_conv_sigma1_5_5seed/cifar100/mneablate_cifar100_weight_decay_rcnone_seed41_L16_trainT0/noise_sweep_matrix_cifar100_vgg16_T16_mode_rate_uniform_schedule_normal_seed_41.csv
cifar100,vgg16,weight_decay,weight_decay,weight_decay,none,none,0.0005,41,16,0,16,rate_uniform,normal,pre_first_conv,gaussian,2,9.680000,/scratch/gs14/sl9144/qcfs_checkpoints/cifar100-checkpoints/vgg16_L[16]_mneablate_cifar100_weight_decay_rcnone_seed41_L16_trainT0.pth,/home/595/sl9144/codes/snn_simulation/important_results/cifar100_vgg16_five_regs_pre_first_conv_sigma1_5_5seed/cifar100/mneablate_cifar100_weight_decay_rcnone_seed41_L16_trainT0/noise_sweep_matrix_cifar100_vgg16_T16_mode_rate_uniform_schedule_normal_seed_41.csv
cifar100,vgg16,weight_decay,weight_decay,weight_decay,none,none,0.0005,41,16,0,16,rate_uniform,normal,pre_first_conv,gaussian,2.25,7.980000,/scratch/gs14/sl9144/qcfs_checkpoints/cifar100-checkpoints/vgg16_L[16]_mneablate_cifar100_weight_decay_rcnone_seed41_L16_trainT0.pth,/home/595/sl9144/codes/snn_simulation/important_results/cifar100_vgg16_five_regs_pre_first_conv_sigma1_5_5seed/cifar100/mneablate_cifar100_weight_decay_rcnone_seed41_L16_trainT0/noise_sweep_matrix_cifar100_vgg16_T16_mode_rate_uniform_schedule_normal_seed_41.csv
cifar100,vgg16,weight_decay,weight_decay,weight_decay,none,none,0.0005,41,16,0,16,rate_uniform,normal,pre_first_conv,gaussian,2.5,6.980000,/scratch/gs14/sl9144/qcfs_checkpoints/cifar100-checkpoints/vgg16_L[16]_mneablate_cifar100_weight_decay_rcnone_seed41_L16_trainT0.pth,/home/595/sl9144/codes/snn_simulation/important_results/cifar100_vgg16_five_regs_pre_first_conv_sigma1_5_5seed/cifar100/mneablate_cifar100_weight_decay_rcnone_seed41_L16_trainT0/noise_sweep_matrix_cifar100_vgg16_T16_mode_rate_uniform_schedule_normal_seed_41.csv
cifar100,vgg16,weight_decay,weight_decay,weight_decay,none,none,0.0005,41,16,0,16,rate_uniform,normal,pre_first_conv,gaussian,2.75,5.800000,/scratch/gs14/sl9144/qcfs_checkpoints/cifar100-checkpoints/vgg16_L[16]_mneablate_cifar100_weight_decay_rcnone_seed41_L16_trainT0.pth,/home/595/sl9144/codes/snn_simulation/important_results/cifar100_vgg16_five_regs_pre_first_conv_sigma1_5_5seed/cifar100/mneablate_cifar100_weight_decay_rcnone_seed41_L16_trainT0/noise_sweep_matrix_cifar100_vgg16_T16_mode_rate_uniform_schedule_normal_seed_41.csv
cifar100,vgg16,weight_decay,weight_decay,weight_decay,none,none,0.0005,41,16,0,16,rate_uniform,normal,pre_first_conv,gaussian,3,5.250000,/scratch/gs14/sl9144/qcfs_checkpoints/cifar100-checkpoints/vgg16_L[16]_mneablate_cifar100_weight_decay_rcnone_seed41_L16_trainT0.pth,/home/595/sl9144/codes/snn_simulation/important_results/cifar100_vgg16_five_regs_pre_first_conv_sigma1_5_5seed/cifar100/mneablate_cifar100_weight_decay_rcnone_seed41_L16_trainT0/noise_sweep_matrix_cifar100_vgg16_T16_mode_rate_uniform_schedule_normal_seed_41.csv
cifar100,vgg16,weight_decay,weight_decay,weight_decay,none,none,0.0005,41,16,0,16,rate_uniform,normal,pre_first_conv,gaussian,3.25,4.580000,/scratch/gs14/sl9144/qcfs_checkpoints/cifar100-checkpoints/vgg16_L[16]_mneablate_cifar100_weight_decay_rcnone_seed41_L16_trainT0.pth,/home/595/sl9144/codes/snn_simulation/important_results/cifar100_vgg16_five_regs_pre_first_conv_sigma1_5_5seed/cifar100/mneablate_cifar100_weight_decay_rcnone_seed41_L16_trainT0/noise_sweep_matrix_cifar100_vgg16_T16_mode_rate_uniform_schedule_normal_seed_41.csv
cifar100,vgg16,weight_decay,weight_decay,weight_decay,none,none,0.0005,41,16,0,16,rate_uniform,normal,pre_first_conv,gaussian,3.5,3.960000,/scratch/gs14/sl9144/qcfs_checkpoints/cifar100-checkpoints/vgg16_L[16]_mneablate_cifar100_weight_decay_rcnone_seed41_L16_trainT0.pth,/home/595/sl9144/codes/snn_simulation/important_results/cifar100_vgg16_five_regs_pre_first_conv_sigma1_5_5seed/cifar100/mneablate_cifar100_weight_decay_rcnone_seed41_L16_trainT0/noise_sweep_matrix_cifar100_vgg16_T16_mode_rate_uniform_schedule_normal_seed_41.csv
cifar100,vgg16,weight_decay,weight_decay,weight_decay,none,none,0.0005,41,16,0,16,rate_uniform,normal,pre_first_conv,gaussian,3.75,3.600000,/scratch/gs14/sl9144/qcfs_checkpoints/cifar100-checkpoints/vgg16_L[16]_mneablate_cifar100_weight_decay_rcnone_seed41_L16_trainT0.pth,/home/595/sl9144/codes/snn_simulation/important_results/cifar100_vgg16_five_regs_pre_first_conv_sigma1_5_5seed/cifar100/mneablate_cifar100_weight_decay_rcnone_seed41_L16_trainT0/noise_sweep_matrix_cifar100_vgg16_T16_mode_rate_uniform_schedule_normal_seed_41.csv
cifar100,vgg16,weight_decay,weight_decay,weight_decay,none,none,0.0005,41,16,0,16,rate_uniform,normal,pre_first_conv,gaussian,4,3.180000,/scratch/gs14/sl9144/qcfs_checkpoints/cifar100-checkpoints/vgg16_L[16]_mneablate_cifar100_weight_decay_rcnone_seed41_L16_trainT0.pth,/home/595/sl9144/codes/snn_simulation/important_results/cifar100_vgg16_five_regs_pre_first_conv_sigma1_5_5seed/cifar100/mneablate_cifar100_weight_decay_rcnone_seed41_L16_trainT0/noise_sweep_matrix_cifar100_vgg16_T16_mode_rate_uniform_schedule_normal_seed_41.csv
cifar100,vgg16,weight_decay,weight_decay,weight_decay,none,none,0.0005,41,16,0,16,rate_uniform,normal,pre_first_conv,gaussian,4.25,2.920000,/scratch/gs14/sl9144/qcfs_checkpoints/cifar100-checkpoints/vgg16_L[16]_mneablate_cifar100_weight_decay_rcnone_seed41_L16_trainT0.pth,/home/595/sl9144/codes/snn_simulation/important_results/cifar100_vgg16_five_regs_pre_first_conv_sigma1_5_5seed/cifar100/mneablate_cifar100_weight_decay_rcnone_seed41_L16_trainT0/noise_sweep_matrix_cifar100_vgg16_T16_mode_rate_uniform_schedule_normal_seed_41.csv
cifar100,vgg16,weight_decay,weight_decay,weight_decay,none,none,0.0005,41,16,0,16,rate_uniform,normal,pre_first_conv,gaussian,4.5,2.770000,/scratch/gs14/sl9144/qcfs_checkpoints/cifar100-checkpoints/vgg16_L[16]_mneablate_cifar100_weight_decay_rcnone_seed41_L16_trainT0.pth,/home/595/sl9144/codes/snn_simulation/important_results/cifar100_vgg16_five_regs_pre_first_conv_sigma1_5_5seed/cifar100/mneablate_cifar100_weight_decay_rcnone_seed41_L16_trainT0/noise_sweep_matrix_cifar100_vgg16_T16_mode_rate_uniform_schedule_normal_seed_41.csv
cifar100,vgg16,weight_decay,weight_decay,weight_decay,none,none,0.0005,41,16,0,16,rate_uniform,normal,pre_first_conv,gaussian,4.75,2.460000,/scratch/gs14/sl9144/qcfs_checkpoints/cifar100-checkpoints/vgg16_L[16]_mneablate_cifar100_weight_decay_rcnone_seed41_L16_trainT0.pth,/home/595/sl9144/codes/snn_simulation/important_results/cifar100_vgg16_five_regs_pre_first_conv_sigma1_5_5seed/cifar100/mneablate_cifar100_weight_decay_rcnone_seed41_L16_trainT0/noise_sweep_matrix_cifar100_vgg16_T16_mode_rate_uniform_schedule_normal_seed_41.csv
cifar100,vgg16,weight_decay,weight_decay,weight_decay,none,none,0.0005,41,16,0,16,rate_uniform,normal,pre_first_conv,gaussian,5,2.360000,/scratch/gs14/sl9144/qcfs_checkpoints/cifar100-checkpoints/vgg16_L[16]_mneablate_cifar100_weight_decay_rcnone_seed41_L16_trainT0.pth,/home/595/sl9144/codes/snn_simulation/important_results/cifar100_vgg16_five_regs_pre_first_conv_sigma1_5_5seed/cifar100/mneablate_cifar100_weight_decay_rcnone_seed41_L16_trainT0/noise_sweep_matrix_cifar100_vgg16_T16_mode_rate_uniform_schedule_normal_seed_41.csv
cifar100,vgg16,weight_decay,weight_decay,weight_decay,none,none,0.0005,42,16,0,16,rate_uniform,normal,pre_first_conv,gaussian,1,27.500000,/scratch/gs14/sl9144/qcfs_checkpoints/cifar100-checkpoints/vgg16_L[16]_mneablate_cifar100_weight_decay_rcnone_seed42_L16_trainT0.pth,/home/595/sl9144/codes/snn_simulation/important_results/cifar100_vgg16_five_regs_pre_first_conv_sigma1_5_5seed/cifar100/mneablate_cifar100_weight_decay_rcnone_seed42_L16_trainT0/noise_sweep_matrix_cifar100_vgg16_T16_mode_rate_uniform_schedule_normal_seed_42.csv
cifar100,vgg16,weight_decay,weight_decay,weight_decay,none,none,0.0005,42,16,0,16,rate_uniform,normal,pre_first_conv,gaussian,1.25,20.730000,/scratch/gs14/sl9144/qcfs_checkpoints/cifar100-checkpoints/vgg16_L[16]_mneablate_cifar100_weight_decay_rcnone_seed42_L16_trainT0.pth,/home/595/sl9144/codes/snn_simulation/important_results/cifar100_vgg16_five_regs_pre_first_conv_sigma1_5_5seed/cifar100/mneablate_cifar100_weight_decay_rcnone_seed42_L16_trainT0/noise_sweep_matrix_cifar100_vgg16_T16_mode_rate_uniform_schedule_normal_seed_42.csv
cifar100,vgg16,weight_decay,weight_decay,weight_decay,none,none,0.0005,42,16,0,16,rate_uniform,normal,pre_first_conv,gaussian,1.5,16.290000,/scratch/gs14/sl9144/qcfs_checkpoints/cifar100-checkpoints/vgg16_L[16]_mneablate_cifar100_weight_decay_rcnone_seed42_L16_trainT0.pth,/home/595/sl9144/codes/snn_simulation/important_results/cifar100_vgg16_five_regs_pre_first_conv_sigma1_5_5seed/cifar100/mneablate_cifar100_weight_decay_rcnone_seed42_L16_trainT0/noise_sweep_matrix_cifar100_vgg16_T16_mode_rate_uniform_schedule_normal_seed_42.csv
cifar100,vgg16,weight_decay,weight_decay,weight_decay,none,none,0.0005,42,16,0,16,rate_uniform,normal,pre_first_conv,gaussian,1.75,13.150000,/scratch/gs14/sl9144/qcfs_checkpoints/cifar100-checkpoints/vgg16_L[16]_mneablate_cifar100_weight_decay_rcnone_seed42_L16_trainT0.pth,/home/595/sl9144/codes/snn_simulation/important_results/cifar100_vgg16_five_regs_pre_first_conv_sigma1_5_5seed/cifar100/mneablate_cifar100_weight_decay_rcnone_seed42_L16_trainT0/noise_sweep_matrix_cifar100_vgg16_T16_mode_rate_uniform_schedule_normal_seed_42.csv
cifar100,vgg16,weight_decay,weight_decay,weight_decay,none,none,0.0005,42,16,0,16,rate_uniform,normal,pre_first_conv,gaussian,2,10.430000,/scratch/gs14/sl9144/qcfs_checkpoints/cifar100-checkpoints/vgg16_L[16]_mneablate_cifar100_weight_decay_rcnone_seed42_L16_trainT0.pth,/home/595/sl9144/codes/snn_simulation/important_results/cifar100_vgg16_five_regs_pre_first_conv_sigma1_5_5seed/cifar100/mneablate_cifar100_weight_decay_rcnone_seed42_L16_trainT0/noise_sweep_matrix_cifar100_vgg16_T16_mode_rate_uniform_schedule_normal_seed_42.csv
cifar100,vgg16,weight_decay,weight_decay,weight_decay,none,none,0.0005,42,16,0,16,rate_uniform,normal,pre_first_conv,gaussian,2.25,8.580000,/scratch/gs14/sl9144/qcfs_checkpoints/cifar100-checkpoints/vgg16_L[16]_mneablate_cifar100_weight_decay_rcnone_seed42_L16_trainT0.pth,/home/595/sl9144/codes/snn_simulation/important_results/cifar100_vgg16_five_regs_pre_first_conv_sigma1_5_5seed/cifar100/mneablate_cifar100_weight_decay_rcnone_seed42_L16_trainT0/noise_sweep_matrix_cifar100_vgg16_T16_mode_rate_uniform_schedule_normal_seed_42.csv
cifar100,vgg16,weight_decay,weight_decay,weight_decay,none,none,0.0005,42,16,0,16,rate_uniform,normal,pre_first_conv,gaussian,2.5,7.010000,/scratch/gs14/sl9144/qcfs_checkpoints/cifar100-checkpoints/vgg16_L[16]_mneablate_cifar100_weight_decay_rcnone_seed42_L16_trainT0.pth,/home/595/sl9144/codes/snn_simulation/important_results/cifar100_vgg16_five_regs_pre_first_conv_sigma1_5_5seed/cifar100/mneablate_cifar100_weight_decay_rcnone_seed42_L16_trainT0/noise_sweep_matrix_cifar100_vgg16_T16_mode_rate_uniform_schedule_normal_seed_42.csv
cifar100,vgg16,weight_decay,weight_decay,weight_decay,none,none,0.0005,42,16,0,16,rate_uniform,normal,pre_first_conv,gaussian,2.75,5.970000,/scratch/gs14/sl9144/qcfs_checkpoints/cifar100-checkpoints/vgg16_L[16]_mneablate_cifar100_weight_decay_rcnone_seed42_L16_trainT0.pth,/home/595/sl9144/codes/snn_simulation/important_results/cifar100_vgg16_five_regs_pre_first_conv_sigma1_5_5seed/cifar100/mneablate_cifar100_weight_decay_rcnone_seed42_L16_trainT0/noise_sweep_matrix_cifar100_vgg16_T16_mode_rate_uniform_schedule_normal_seed_42.csv
cifar100,vgg16,weight_decay,weight_decay,weight_decay,none,none,0.0005,42,16,0,16,rate_uniform,normal,pre_first_conv,gaussian,3,5.270000,/scratch/gs14/sl9144/qcfs_checkpoints/cifar100-checkpoints/vgg16_L[16]_mneablate_cifar100_weight_decay_rcnone_seed42_L16_trainT0.pth,/home/595/sl9144/codes/snn_simulation/important_results/cifar100_vgg16_five_regs_pre_first_conv_sigma1_5_5seed/cifar100/mneablate_cifar100_weight_decay_rcnone_seed42_L16_trainT0/noise_sweep_matrix_cifar100_vgg16_T16_mode_rate_uniform_schedule_normal_seed_42.csv
cifar100,vgg16,weight_decay,weight_decay,weight_decay,none,none,0.0005,42,16,0,16,rate_uniform,normal,pre_first_conv,gaussian,3.25,4.500000,/scratch/gs14/sl9144/qcfs_checkpoints/cifar100-checkpoints/vgg16_L[16]_mneablate_cifar100_weight_decay_rcnone_seed42_L16_trainT0.pth,/home/595/sl9144/codes/snn_simulation/important_results/cifar100_vgg16_five_regs_pre_first_conv_sigma1_5_5seed/cifar100/mneablate_cifar100_weight_decay_rcnone_seed42_L16_trainT0/noise_sweep_matrix_cifar100_vgg16_T16_mode_rate_uniform_schedule_normal_seed_42.csv
cifar100,vgg16,weight_decay,weight_decay,weight_decay,none,none,0.0005,42,16,0,16,rate_uniform,normal,pre_first_conv,gaussian,3.5,3.970000,/scratch/gs14/sl9144/qcfs_checkpoints/cifar100-checkpoints/vgg16_L[16]_mneablate_cifar100_weight_decay_rcnone_seed42_L16_trainT0.pth,/home/595/sl9144/codes/snn_simulation/important_results/cifar100_vgg16_five_regs_pre_first_conv_sigma1_5_5seed/cifar100/mneablate_cifar100_weight_decay_rcnone_seed42_L16_trainT0/noise_sweep_matrix_cifar100_vgg16_T16_mode_rate_uniform_schedule_normal_seed_42.csv
cifar100,vgg16,weight_decay,weight_decay,weight_decay,none,none,0.0005,42,16,0,16,rate_uniform,normal,pre_first_conv,gaussian,3.75,3.320000,/scratch/gs14/sl9144/qcfs_checkpoints/cifar100-checkpoints/vgg16_L[16]_mneablate_cifar100_weight_decay_rcnone_seed42_L16_trainT0.pth,/home/595/sl9144/codes/snn_simulation/important_results/cifar100_vgg16_five_regs_pre_first_conv_sigma1_5_5seed/cifar100/mneablate_cifar100_weight_decay_rcnone_seed42_L16_trainT0/noise_sweep_matrix_cifar100_vgg16_T16_mode_rate_uniform_schedule_normal_seed_42.csv
cifar100,vgg16,weight_decay,weight_decay,weight_decay,none,none,0.0005,42,16,0,16,rate_uniform,normal,pre_first_conv,gaussian,4,3.070000,/scratch/gs14/sl9144/qcfs_checkpoints/cifar100-checkpoints/vgg16_L[16]_mneablate_cifar100_weight_decay_rcnone_seed42_L16_trainT0.pth,/home/595/sl9144/codes/snn_simulation/important_results/cifar100_vgg16_five_regs_pre_first_conv_sigma1_5_5seed/cifar100/mneablate_cifar100_weight_decay_rcnone_seed42_L16_trainT0/noise_sweep_matrix_cifar100_vgg16_T16_mode_rate_uniform_schedule_normal_seed_42.csv
cifar100,vgg16,weight_decay,weight_decay,weight_decay,none,none,0.0005,42,16,0,16,rate_uniform,normal,pre_first_conv,gaussian,4.25,2.900000,/scratch/gs14/sl9144/qcfs_checkpoints/cifar100-checkpoints/vgg16_L[16]_mneablate_cifar100_weight_decay_rcnone_seed42_L16_trainT0.pth,/home/595/sl9144/codes/snn_simulation/important_results/cifar100_vgg16_five_regs_pre_first_conv_sigma1_5_5seed/cifar100/mneablate_cifar100_weight_decay_rcnone_seed42_L16_trainT0/noise_sweep_matrix_cifar100_vgg16_T16_mode_rate_uniform_schedule_normal_seed_42.csv
cifar100,vgg16,weight_decay,weight_decay,weight_decay,none,none,0.0005,42,16,0,16,rate_uniform,normal,pre_first_conv,gaussian,4.5,2.350000,/scratch/gs14/sl9144/qcfs_checkpoints/cifar100-checkpoints/vgg16_L[16]_mneablate_cifar100_weight_decay_rcnone_seed42_L16_trainT0.pth,/home/595/sl9144/codes/snn_simulation/important_results/cifar100_vgg16_five_regs_pre_first_conv_sigma1_5_5seed/cifar100/mneablate_cifar100_weight_decay_rcnone_seed42_L16_trainT0/noise_sweep_matrix_cifar100_vgg16_T16_mode_rate_uniform_schedule_normal_seed_42.csv
cifar100,vgg16,weight_decay,weight_decay,weight_decay,none,none,0.0005,42,16,0,16,rate_uniform,normal,pre_first_conv,gaussian,4.75,2.500000,/scratch/gs14/sl9144/qcfs_checkpoints/cifar100-checkpoints/vgg16_L[16]_mneablate_cifar100_weight_decay_rcnone_seed42_L16_trainT0.pth,/home/595/sl9144/codes/snn_simulation/important_results/cifar100_vgg16_five_regs_pre_first_conv_sigma1_5_5seed/cifar100/mneablate_cifar100_weight_decay_rcnone_seed42_L16_trainT0/noise_sweep_matrix_cifar100_vgg16_T16_mode_rate_uniform_schedule_normal_seed_42.csv
cifar100,vgg16,weight_decay,weight_decay,weight_decay,none,none,0.0005,42,16,0,16,rate_uniform,normal,pre_first_conv,gaussian,5,2.260000,/scratch/gs14/sl9144/qcfs_checkpoints/cifar100-checkpoints/vgg16_L[16]_mneablate_cifar100_weight_decay_rcnone_seed42_L16_trainT0.pth,/home/595/sl9144/codes/snn_simulation/important_results/cifar100_vgg16_five_regs_pre_first_conv_sigma1_5_5seed/cifar100/mneablate_cifar100_weight_decay_rcnone_seed42_L16_trainT0/noise_sweep_matrix_cifar100_vgg16_T16_mode_rate_uniform_schedule_normal_seed_42.csv
cifar100,vgg16,weight_decay,weight_decay,weight_decay,none,none,0.0005,43,16,0,16,rate_uniform,normal,pre_first_conv,gaussian,1,28.000000,/scratch/gs14/sl9144/qcfs_checkpoints/cifar100-checkpoints/vgg16_L[16]_mneablate_cifar100_weight_decay_rcnone_seed43_L16_trainT0.pth,/home/595/sl9144/codes/snn_simulation/important_results/cifar100_vgg16_five_regs_pre_first_conv_sigma1_5_5seed/cifar100/mneablate_cifar100_weight_decay_rcnone_seed43_L16_trainT0/noise_sweep_matrix_cifar100_vgg16_T16_mode_rate_uniform_schedule_normal_seed_43.csv
cifar100,vgg16,weight_decay,weight_decay,weight_decay,none,none,0.0005,43,16,0,16,rate_uniform,normal,pre_first_conv,gaussian,1.25,21.970000,/scratch/gs14/sl9144/qcfs_checkpoints/cifar100-checkpoints/vgg16_L[16]_mneablate_cifar100_weight_decay_rcnone_seed43_L16_trainT0.pth,/home/595/sl9144/codes/snn_simulation/important_results/cifar100_vgg16_five_regs_pre_first_conv_sigma1_5_5seed/cifar100/mneablate_cifar100_weight_decay_rcnone_seed43_L16_trainT0/noise_sweep_matrix_cifar100_vgg16_T16_mode_rate_uniform_schedule_normal_seed_43.csv
cifar100,vgg16,weight_decay,weight_decay,weight_decay,none,none,0.0005,43,16,0,16,rate_uniform,normal,pre_first_conv,gaussian,1.5,17.360000,/scratch/gs14/sl9144/qcfs_checkpoints/cifar100-checkpoints/vgg16_L[16]_mneablate_cifar100_weight_decay_rcnone_seed43_L16_trainT0.pth,/home/595/sl9144/codes/snn_simulation/important_results/cifar100_vgg16_five_regs_pre_first_conv_sigma1_5_5seed/cifar100/mneablate_cifar100_weight_decay_rcnone_seed43_L16_trainT0/noise_sweep_matrix_cifar100_vgg16_T16_mode_rate_uniform_schedule_normal_seed_43.csv
cifar100,vgg16,weight_decay,weight_decay,weight_decay,none,none,0.0005,43,16,0,16,rate_uniform,normal,pre_first_conv,gaussian,1.75,13.910000,/scratch/gs14/sl9144/qcfs_checkpoints/cifar100-checkpoints/vgg16_L[16]_mneablate_cifar100_weight_decay_rcnone_seed43_L16_trainT0.pth,/home/595/sl9144/codes/snn_simulation/important_results/cifar100_vgg16_five_regs_pre_first_conv_sigma1_5_5seed/cifar100/mneablate_cifar100_weight_decay_rcnone_seed43_L16_trainT0/noise_sweep_matrix_cifar100_vgg16_T16_mode_rate_uniform_schedule_normal_seed_43.csv
cifar100,vgg16,weight_decay,weight_decay,weight_decay,none,none,0.0005,43,16,0,16,rate_uniform,normal,pre_first_conv,gaussian,2,11.180000,/scratch/gs14/sl9144/qcfs_checkpoints/cifar100-checkpoints/vgg16_L[16]_mneablate_cifar100_weight_decay_rcnone_seed43_L16_trainT0.pth,/home/595/sl9144/codes/snn_simulation/important_results/cifar100_vgg16_five_regs_pre_first_conv_sigma1_5_5seed/cifar100/mneablate_cifar100_weight_decay_rcnone_seed43_L16_trainT0/noise_sweep_matrix_cifar100_vgg16_T16_mode_rate_uniform_schedule_normal_seed_43.csv
cifar100,vgg16,weight_decay,weight_decay,weight_decay,none,none,0.0005,43,16,0,16,rate_uniform,normal,pre_first_conv,gaussian,2.25,8.940000,/scratch/gs14/sl9144/qcfs_checkpoints/cifar100-checkpoints/vgg16_L[16]_mneablate_cifar100_weight_decay_rcnone_seed43_L16_trainT0.pth,/home/595/sl9144/codes/snn_simulation/important_results/cifar100_vgg16_five_regs_pre_first_conv_sigma1_5_5seed/cifar100/mneablate_cifar100_weight_decay_rcnone_seed43_L16_trainT0/noise_sweep_matrix_cifar100_vgg16_T16_mode_rate_uniform_schedule_normal_seed_43.csv
cifar100,vgg16,weight_decay,weight_decay,weight_decay,none,none,0.0005,43,16,0,16,rate_uniform,normal,pre_first_conv,gaussian,2.5,7.730000,/scratch/gs14/sl9144/qcfs_checkpoints/cifar100-checkpoints/vgg16_L[16]_mneablate_cifar100_weight_decay_rcnone_seed43_L16_trainT0.pth,/home/595/sl9144/codes/snn_simulation/important_results/cifar100_vgg16_five_regs_pre_first_conv_sigma1_5_5seed/cifar100/mneablate_cifar100_weight_decay_rcnone_seed43_L16_trainT0/noise_sweep_matrix_cifar100_vgg16_T16_mode_rate_uniform_schedule_normal_seed_43.csv
cifar100,vgg16,weight_decay,weight_decay,weight_decay,none,none,0.0005,43,16,0,16,rate_uniform,normal,pre_first_conv,gaussian,2.75,6.430000,/scratch/gs14/sl9144/qcfs_checkpoints/cifar100-checkpoints/vgg16_L[16]_mneablate_cifar100_weight_decay_rcnone_seed43_L16_trainT0.pth,/home/595/sl9144/codes/snn_simulation/important_results/cifar100_vgg16_five_regs_pre_first_conv_sigma1_5_5seed/cifar100/mneablate_cifar100_weight_decay_rcnone_seed43_L16_trainT0/noise_sweep_matrix_cifar100_vgg16_T16_mode_rate_uniform_schedule_normal_seed_43.csv
cifar100,vgg16,weight_decay,weight_decay,weight_decay,none,none,0.0005,43,16,0,16,rate_uniform,normal,pre_first_conv,gaussian,3,5.500000,/scratch/gs14/sl9144/qcfs_checkpoints/cifar100-checkpoints/vgg16_L[16]_mneablate_cifar100_weight_decay_rcnone_seed43_L16_trainT0.pth,/home/595/sl9144/codes/snn_simulation/important_results/cifar100_vgg16_five_regs_pre_first_conv_sigma1_5_5seed/cifar100/mneablate_cifar100_weight_decay_rcnone_seed43_L16_trainT0/noise_sweep_matrix_cifar100_vgg16_T16_mode_rate_uniform_schedule_normal_seed_43.csv
cifar100,vgg16,weight_decay,weight_decay,weight_decay,none,none,0.0005,43,16,0,16,rate_uniform,normal,pre_first_conv,gaussian,3.25,4.940000,/scratch/gs14/sl9144/qcfs_checkpoints/cifar100-checkpoints/vgg16_L[16]_mneablate_cifar100_weight_decay_rcnone_seed43_L16_trainT0.pth,/home/595/sl9144/codes/snn_simulation/important_results/cifar100_vgg16_five_regs_pre_first_conv_sigma1_5_5seed/cifar100/mneablate_cifar100_weight_decay_rcnone_seed43_L16_trainT0/noise_sweep_matrix_cifar100_vgg16_T16_mode_rate_uniform_schedule_normal_seed_43.csv
cifar100,vgg16,weight_decay,weight_decay,weight_decay,none,none,0.0005,43,16,0,16,rate_uniform,normal,pre_first_conv,gaussian,3.5,4.380000,/scratch/gs14/sl9144/qcfs_checkpoints/cifar100-checkpoints/vgg16_L[16]_mneablate_cifar100_weight_decay_rcnone_seed43_L16_trainT0.pth,/home/595/sl9144/codes/snn_simulation/important_results/cifar100_vgg16_five_regs_pre_first_conv_sigma1_5_5seed/cifar100/mneablate_cifar100_weight_decay_rcnone_seed43_L16_trainT0/noise_sweep_matrix_cifar100_vgg16_T16_mode_rate_uniform_schedule_normal_seed_43.csv
cifar100,vgg16,weight_decay,weight_decay,weight_decay,none,none,0.0005,43,16,0,16,rate_uniform,normal,pre_first_conv,gaussian,3.75,3.770000,/scratch/gs14/sl9144/qcfs_checkpoints/cifar100-checkpoints/vgg16_L[16]_mneablate_cifar100_weight_decay_rcnone_seed43_L16_trainT0.pth,/home/595/sl9144/codes/snn_simulation/important_results/cifar100_vgg16_five_regs_pre_first_conv_sigma1_5_5seed/cifar100/mneablate_cifar100_weight_decay_rcnone_seed43_L16_trainT0/noise_sweep_matrix_cifar100_vgg16_T16_mode_rate_uniform_schedule_normal_seed_43.csv
cifar100,vgg16,weight_decay,weight_decay,weight_decay,none,none,0.0005,43,16,0,16,rate_uniform,normal,pre_first_conv,gaussian,4,3.550000,/scratch/gs14/sl9144/qcfs_checkpoints/cifar100-checkpoints/vgg16_L[16]_mneablate_cifar100_weight_decay_rcnone_seed43_L16_trainT0.pth,/home/595/sl9144/codes/snn_simulation/important_results/cifar100_vgg16_five_regs_pre_first_conv_sigma1_5_5seed/cifar100/mneablate_cifar100_weight_decay_rcnone_seed43_L16_trainT0/noise_sweep_matrix_cifar100_vgg16_T16_mode_rate_uniform_schedule_normal_seed_43.csv
cifar100,vgg16,weight_decay,weight_decay,weight_decay,none,none,0.0005,43,16,0,16,rate_uniform,normal,pre_first_conv,gaussian,4.25,3.210000,/scratch/gs14/sl9144/qcfs_checkpoints/cifar100-checkpoints/vgg16_L[16]_mneablate_cifar100_weight_decay_rcnone_seed43_L16_trainT0.pth,/home/595/sl9144/codes/snn_simulation/important_results/cifar100_vgg16_five_regs_pre_first_conv_sigma1_5_5seed/cifar100/mneablate_cifar100_weight_decay_rcnone_seed43_L16_trainT0/noise_sweep_matrix_cifar100_vgg16_T16_mode_rate_uniform_schedule_normal_seed_43.csv
cifar100,vgg16,weight_decay,weight_decay,weight_decay,none,none,0.0005,43,16,0,16,rate_uniform,normal,pre_first_conv,gaussian,4.5,2.910000,/scratch/gs14/sl9144/qcfs_checkpoints/cifar100-checkpoints/vgg16_L[16]_mneablate_cifar100_weight_decay_rcnone_seed43_L16_trainT0.pth,/home/595/sl9144/codes/snn_simulation/important_results/cifar100_vgg16_five_regs_pre_first_conv_sigma1_5_5seed/cifar100/mneablate_cifar100_weight_decay_rcnone_seed43_L16_trainT0/noise_sweep_matrix_cifar100_vgg16_T16_mode_rate_uniform_schedule_normal_seed_43.csv
cifar100,vgg16,weight_decay,weight_decay,weight_decay,none,none,0.0005,43,16,0,16,rate_uniform,normal,pre_first_conv,gaussian,4.75,2.640000,/scratch/gs14/sl9144/qcfs_checkpoints/cifar100-checkpoints/vgg16_L[16]_mneablate_cifar100_weight_decay_rcnone_seed43_L16_trainT0.pth,/home/595/sl9144/codes/snn_simulation/important_results/cifar100_vgg16_five_regs_pre_first_conv_sigma1_5_5seed/cifar100/mneablate_cifar100_weight_decay_rcnone_seed43_L16_trainT0/noise_sweep_matrix_cifar100_vgg16_T16_mode_rate_uniform_schedule_normal_seed_43.csv
cifar100,vgg16,weight_decay,weight_decay,weight_decay,none,none,0.0005,43,16,0,16,rate_uniform,normal,pre_first_conv,gaussian,5,2.570000,/scratch/gs14/sl9144/qcfs_checkpoints/cifar100-checkpoints/vgg16_L[16]_mneablate_cifar100_weight_decay_rcnone_seed43_L16_trainT0.pth,/home/595/sl9144/codes/snn_simulation/important_results/cifar100_vgg16_five_regs_pre_first_conv_sigma1_5_5seed/cifar100/mneablate_cifar100_weight_decay_rcnone_seed43_L16_trainT0/noise_sweep_matrix_cifar100_vgg16_T16_mode_rate_uniform_schedule_normal_seed_43.csv
cifar100,vgg16,weight_decay,weight_decay,weight_decay,none,none,0.0005,44,16,0,16,rate_uniform,normal,pre_first_conv,gaussian,1,27.730000,/scratch/gs14/sl9144/qcfs_checkpoints/cifar100-checkpoints/vgg16_L[16]_mneablate_cifar100_weight_decay_rcnone_seed44_L16_trainT0.pth,/home/595/sl9144/codes/snn_simulation/important_results/cifar100_vgg16_five_regs_pre_first_conv_sigma1_5_5seed/cifar100/mneablate_cifar100_weight_decay_rcnone_seed44_L16_trainT0/noise_sweep_matrix_cifar100_vgg16_T16_mode_rate_uniform_schedule_normal_seed_44.csv
cifar100,vgg16,weight_decay,weight_decay,weight_decay,none,none,0.0005,44,16,0,16,rate_uniform,normal,pre_first_conv,gaussian,1.25,20.560000,/scratch/gs14/sl9144/qcfs_checkpoints/cifar100-checkpoints/vgg16_L[16]_mneablate_cifar100_weight_decay_rcnone_seed44_L16_trainT0.pth,/home/595/sl9144/codes/snn_simulation/important_results/cifar100_vgg16_five_regs_pre_first_conv_sigma1_5_5seed/cifar100/mneablate_cifar100_weight_decay_rcnone_seed44_L16_trainT0/noise_sweep_matrix_cifar100_vgg16_T16_mode_rate_uniform_schedule_normal_seed_44.csv
cifar100,vgg16,weight_decay,weight_decay,weight_decay,none,none,0.0005,44,16,0,16,rate_uniform,normal,pre_first_conv,gaussian,1.5,15.900000,/scratch/gs14/sl9144/qcfs_checkpoints/cifar100-checkpoints/vgg16_L[16]_mneablate_cifar100_weight_decay_rcnone_seed44_L16_trainT0.pth,/home/595/sl9144/codes/snn_simulation/important_results/cifar100_vgg16_five_regs_pre_first_conv_sigma1_5_5seed/cifar100/mneablate_cifar100_weight_decay_rcnone_seed44_L16_trainT0/noise_sweep_matrix_cifar100_vgg16_T16_mode_rate_uniform_schedule_normal_seed_44.csv
cifar100,vgg16,weight_decay,weight_decay,weight_decay,none,none,0.0005,44,16,0,16,rate_uniform,normal,pre_first_conv,gaussian,1.75,12.310000,/scratch/gs14/sl9144/qcfs_checkpoints/cifar100-checkpoints/vgg16_L[16]_mneablate_cifar100_weight_decay_rcnone_seed44_L16_trainT0.pth,/home/595/sl9144/codes/snn_simulation/important_results/cifar100_vgg16_five_regs_pre_first_conv_sigma1_5_5seed/cifar100/mneablate_cifar100_weight_decay_rcnone_seed44_L16_trainT0/noise_sweep_matrix_cifar100_vgg16_T16_mode_rate_uniform_schedule_normal_seed_44.csv
cifar100,vgg16,weight_decay,weight_decay,weight_decay,none,none,0.0005,44,16,0,16,rate_uniform,normal,pre_first_conv,gaussian,2,9.820000,/scratch/gs14/sl9144/qcfs_checkpoints/cifar100-checkpoints/vgg16_L[16]_mneablate_cifar100_weight_decay_rcnone_seed44_L16_trainT0.pth,/home/595/sl9144/codes/snn_simulation/important_results/cifar100_vgg16_five_regs_pre_first_conv_sigma1_5_5seed/cifar100/mneablate_cifar100_weight_decay_rcnone_seed44_L16_trainT0/noise_sweep_matrix_cifar100_vgg16_T16_mode_rate_uniform_schedule_normal_seed_44.csv
cifar100,vgg16,weight_decay,weight_decay,weight_decay,none,none,0.0005,44,16,0,16,rate_uniform,normal,pre_first_conv,gaussian,2.25,8.180000,/scratch/gs14/sl9144/qcfs_checkpoints/cifar100-checkpoints/vgg16_L[16]_mneablate_cifar100_weight_decay_rcnone_seed44_L16_trainT0.pth,/home/595/sl9144/codes/snn_simulation/important_results/cifar100_vgg16_five_regs_pre_first_conv_sigma1_5_5seed/cifar100/mneablate_cifar100_weight_decay_rcnone_seed44_L16_trainT0/noise_sweep_matrix_cifar100_vgg16_T16_mode_rate_uniform_schedule_normal_seed_44.csv
cifar100,vgg16,weight_decay,weight_decay,weight_decay,none,none,0.0005,44,16,0,16,rate_uniform,normal,pre_first_conv,gaussian,2.5,7.130000,/scratch/gs14/sl9144/qcfs_checkpoints/cifar100-checkpoints/vgg16_L[16]_mneablate_cifar100_weight_decay_rcnone_seed44_L16_trainT0.pth,/home/595/sl9144/codes/snn_simulation/important_results/cifar100_vgg16_five_regs_pre_first_conv_sigma1_5_5seed/cifar100/mneablate_cifar100_weight_decay_rcnone_seed44_L16_trainT0/noise_sweep_matrix_cifar100_vgg16_T16_mode_rate_uniform_schedule_normal_seed_44.csv
cifar100,vgg16,weight_decay,weight_decay,weight_decay,none,none,0.0005,44,16,0,16,rate_uniform,normal,pre_first_conv,gaussian,2.75,6.010000,/scratch/gs14/sl9144/qcfs_checkpoints/cifar100-checkpoints/vgg16_L[16]_mneablate_cifar100_weight_decay_rcnone_seed44_L16_trainT0.pth,/home/595/sl9144/codes/snn_simulation/important_results/cifar100_vgg16_five_regs_pre_first_conv_sigma1_5_5seed/cifar100/mneablate_cifar100_weight_decay_rcnone_seed44_L16_trainT0/noise_sweep_matrix_cifar100_vgg16_T16_mode_rate_uniform_schedule_normal_seed_44.csv
cifar100,vgg16,weight_decay,weight_decay,weight_decay,none,none,0.0005,44,16,0,16,rate_uniform,normal,pre_first_conv,gaussian,3,5.300000,/scratch/gs14/sl9144/qcfs_checkpoints/cifar100-checkpoints/vgg16_L[16]_mneablate_cifar100_weight_decay_rcnone_seed44_L16_trainT0.pth,/home/595/sl9144/codes/snn_simulation/important_results/cifar100_vgg16_five_regs_pre_first_conv_sigma1_5_5seed/cifar100/mneablate_cifar100_weight_decay_rcnone_seed44_L16_trainT0/noise_sweep_matrix_cifar100_vgg16_T16_mode_rate_uniform_schedule_normal_seed_44.csv
cifar100,vgg16,weight_decay,weight_decay,weight_decay,none,none,0.0005,44,16,0,16,rate_uniform,normal,pre_first_conv,gaussian,3.25,4.730000,/scratch/gs14/sl9144/qcfs_checkpoints/cifar100-checkpoints/vgg16_L[16]_mneablate_cifar100_weight_decay_rcnone_seed44_L16_trainT0.pth,/home/595/sl9144/codes/snn_simulation/important_results/cifar100_vgg16_five_regs_pre_first_conv_sigma1_5_5seed/cifar100/mneablate_cifar100_weight_decay_rcnone_seed44_L16_trainT0/noise_sweep_matrix_cifar100_vgg16_T16_mode_rate_uniform_schedule_normal_seed_44.csv
cifar100,vgg16,weight_decay,weight_decay,weight_decay,none,none,0.0005,44,16,0,16,rate_uniform,normal,pre_first_conv,gaussian,3.5,4.220000,/scratch/gs14/sl9144/qcfs_checkpoints/cifar100-checkpoints/vgg16_L[16]_mneablate_cifar100_weight_decay_rcnone_seed44_L16_trainT0.pth,/home/595/sl9144/codes/snn_simulation/important_results/cifar100_vgg16_five_regs_pre_first_conv_sigma1_5_5seed/cifar100/mneablate_cifar100_weight_decay_rcnone_seed44_L16_trainT0/noise_sweep_matrix_cifar100_vgg16_T16_mode_rate_uniform_schedule_normal_seed_44.csv
cifar100,vgg16,weight_decay,weight_decay,weight_decay,none,none,0.0005,44,16,0,16,rate_uniform,normal,pre_first_conv,gaussian,3.75,3.730000,/scratch/gs14/sl9144/qcfs_checkpoints/cifar100-checkpoints/vgg16_L[16]_mneablate_cifar100_weight_decay_rcnone_seed44_L16_trainT0.pth,/home/595/sl9144/codes/snn_simulation/important_results/cifar100_vgg16_five_regs_pre_first_conv_sigma1_5_5seed/cifar100/mneablate_cifar100_weight_decay_rcnone_seed44_L16_trainT0/noise_sweep_matrix_cifar100_vgg16_T16_mode_rate_uniform_schedule_normal_seed_44.csv
cifar100,vgg16,weight_decay,weight_decay,weight_decay,none,none,0.0005,44,16,0,16,rate_uniform,normal,pre_first_conv,gaussian,4,3.320000,/scratch/gs14/sl9144/qcfs_checkpoints/cifar100-checkpoints/vgg16_L[16]_mneablate_cifar100_weight_decay_rcnone_seed44_L16_trainT0.pth,/home/595/sl9144/codes/snn_simulation/important_results/cifar100_vgg16_five_regs_pre_first_conv_sigma1_5_5seed/cifar100/mneablate_cifar100_weight_decay_rcnone_seed44_L16_trainT0/noise_sweep_matrix_cifar100_vgg16_T16_mode_rate_uniform_schedule_normal_seed_44.csv
cifar100,vgg16,weight_decay,weight_decay,weight_decay,none,none,0.0005,44,16,0,16,rate_uniform,normal,pre_first_conv,gaussian,4.25,2.970000,/scratch/gs14/sl9144/qcfs_checkpoints/cifar100-checkpoints/vgg16_L[16]_mneablate_cifar100_weight_decay_rcnone_seed44_L16_trainT0.pth,/home/595/sl9144/codes/snn_simulation/important_results/cifar100_vgg16_five_regs_pre_first_conv_sigma1_5_5seed/cifar100/mneablate_cifar100_weight_decay_rcnone_seed44_L16_trainT0/noise_sweep_matrix_cifar100_vgg16_T16_mode_rate_uniform_schedule_normal_seed_44.csv
cifar100,vgg16,weight_decay,weight_decay,weight_decay,none,none,0.0005,44,16,0,16,rate_uniform,normal,pre_first_conv,gaussian,4.5,2.910000,/scratch/gs14/sl9144/qcfs_checkpoints/cifar100-checkpoints/vgg16_L[16]_mneablate_cifar100_weight_decay_rcnone_seed44_L16_trainT0.pth,/home/595/sl9144/codes/snn_simulation/important_results/cifar100_vgg16_five_regs_pre_first_conv_sigma1_5_5seed/cifar100/mneablate_cifar100_weight_decay_rcnone_seed44_L16_trainT0/noise_sweep_matrix_cifar100_vgg16_T16_mode_rate_uniform_schedule_normal_seed_44.csv
cifar100,vgg16,weight_decay,weight_decay,weight_decay,none,none,0.0005,44,16,0,16,rate_uniform,normal,pre_first_conv,gaussian,4.75,2.690000,/scratch/gs14/sl9144/qcfs_checkpoints/cifar100-checkpoints/vgg16_L[16]_mneablate_cifar100_weight_decay_rcnone_seed44_L16_trainT0.pth,/home/595/sl9144/codes/snn_simulation/important_results/cifar100_vgg16_five_regs_pre_first_conv_sigma1_5_5seed/cifar100/mneablate_cifar100_weight_decay_rcnone_seed44_L16_trainT0/noise_sweep_matrix_cifar100_vgg16_T16_mode_rate_uniform_schedule_normal_seed_44.csv
cifar100,vgg16,weight_decay,weight_decay,weight_decay,none,none,0.0005,44,16,0,16,rate_uniform,normal,pre_first_conv,gaussian,5,2.320000,/scratch/gs14/sl9144/qcfs_checkpoints/cifar100-checkpoints/vgg16_L[16]_mneablate_cifar100_weight_decay_rcnone_seed44_L16_trainT0.pth,/home/595/sl9144/codes/snn_simulation/important_results/cifar100_vgg16_five_regs_pre_first_conv_sigma1_5_5seed/cifar100/mneablate_cifar100_weight_decay_rcnone_seed44_L16_trainT0/noise_sweep_matrix_cifar100_vgg16_T16_mode_rate_uniform_schedule_normal_seed_44.csv
cifar100,vgg16,weight_decay_weights_only,weight_decay_conv_linear_only,weight_decay_weights_only,none,none,0.0005,40,16,0,16,rate_uniform,normal,pre_first_conv,gaussian,1,29.240000,/scratch/gs14/sl9144/qcfs_checkpoints/cifar100-checkpoints/vgg16_L[16]_mneablate_cifar100_weight_decay_weights_only_rcnone_seed40_L16_trainT0.pth,/home/595/sl9144/codes/snn_simulation/important_results/cifar100_vgg16_five_regs_pre_first_conv_sigma1_5_5seed/cifar100/mneablate_cifar100_weight_decay_weights_only_rcnone_seed40_L16_trainT0/noise_sweep_matrix_cifar100_vgg16_T16_mode_rate_uniform_schedule_normal_seed_40.csv
cifar100,vgg16,weight_decay_weights_only,weight_decay_conv_linear_only,weight_decay_weights_only,none,none,0.0005,40,16,0,16,rate_uniform,normal,pre_first_conv,gaussian,1.25,22.450000,/scratch/gs14/sl9144/qcfs_checkpoints/cifar100-checkpoints/vgg16_L[16]_mneablate_cifar100_weight_decay_weights_only_rcnone_seed40_L16_trainT0.pth,/home/595/sl9144/codes/snn_simulation/important_results/cifar100_vgg16_five_regs_pre_first_conv_sigma1_5_5seed/cifar100/mneablate_cifar100_weight_decay_weights_only_rcnone_seed40_L16_trainT0/noise_sweep_matrix_cifar100_vgg16_T16_mode_rate_uniform_schedule_normal_seed_40.csv
cifar100,vgg16,weight_decay_weights_only,weight_decay_conv_linear_only,weight_decay_weights_only,none,none,0.0005,40,16,0,16,rate_uniform,normal,pre_first_conv,gaussian,1.5,17.580000,/scratch/gs14/sl9144/qcfs_checkpoints/cifar100-checkpoints/vgg16_L[16]_mneablate_cifar100_weight_decay_weights_only_rcnone_seed40_L16_trainT0.pth,/home/595/sl9144/codes/snn_simulation/important_results/cifar100_vgg16_five_regs_pre_first_conv_sigma1_5_5seed/cifar100/mneablate_cifar100_weight_decay_weights_only_rcnone_seed40_L16_trainT0/noise_sweep_matrix_cifar100_vgg16_T16_mode_rate_uniform_schedule_normal_seed_40.csv
cifar100,vgg16,weight_decay_weights_only,weight_decay_conv_linear_only,weight_decay_weights_only,none,none,0.0005,40,16,0,16,rate_uniform,normal,pre_first_conv,gaussian,1.75,13.820000,/scratch/gs14/sl9144/qcfs_checkpoints/cifar100-checkpoints/vgg16_L[16]_mneablate_cifar100_weight_decay_weights_only_rcnone_seed40_L16_trainT0.pth,/home/595/sl9144/codes/snn_simulation/important_results/cifar100_vgg16_five_regs_pre_first_conv_sigma1_5_5seed/cifar100/mneablate_cifar100_weight_decay_weights_only_rcnone_seed40_L16_trainT0/noise_sweep_matrix_cifar100_vgg16_T16_mode_rate_uniform_schedule_normal_seed_40.csv
cifar100,vgg16,weight_decay_weights_only,weight_decay_conv_linear_only,weight_decay_weights_only,none,none,0.0005,40,16,0,16,rate_uniform,normal,pre_first_conv,gaussian,2,11.030000,/scratch/gs14/sl9144/qcfs_checkpoints/cifar100-checkpoints/vgg16_L[16]_mneablate_cifar100_weight_decay_weights_only_rcnone_seed40_L16_trainT0.pth,/home/595/sl9144/codes/snn_simulation/important_results/cifar100_vgg16_five_regs_pre_first_conv_sigma1_5_5seed/cifar100/mneablate_cifar100_weight_decay_weights_only_rcnone_seed40_L16_trainT0/noise_sweep_matrix_cifar100_vgg16_T16_mode_rate_uniform_schedule_normal_seed_40.csv
cifar100,vgg16,weight_decay_weights_only,weight_decay_conv_linear_only,weight_decay_weights_only,none,none,0.0005,40,16,0,16,rate_uniform,normal,pre_first_conv,gaussian,2.25,8.810000,/scratch/gs14/sl9144/qcfs_checkpoints/cifar100-checkpoints/vgg16_L[16]_mneablate_cifar100_weight_decay_weights_only_rcnone_seed40_L16_trainT0.pth,/home/595/sl9144/codes/snn_simulation/important_results/cifar100_vgg16_five_regs_pre_first_conv_sigma1_5_5seed/cifar100/mneablate_cifar100_weight_decay_weights_only_rcnone_seed40_L16_trainT0/noise_sweep_matrix_cifar100_vgg16_T16_mode_rate_uniform_schedule_normal_seed_40.csv
cifar100,vgg16,weight_decay_weights_only,weight_decay_conv_linear_only,weight_decay_weights_only,none,none,0.0005,40,16,0,16,rate_uniform,normal,pre_first_conv,gaussian,2.5,7.520000,/scratch/gs14/sl9144/qcfs_checkpoints/cifar100-checkpoints/vgg16_L[16]_mneablate_cifar100_weight_decay_weights_only_rcnone_seed40_L16_trainT0.pth,/home/595/sl9144/codes/snn_simulation/important_results/cifar100_vgg16_five_regs_pre_first_conv_sigma1_5_5seed/cifar100/mneablate_cifar100_weight_decay_weights_only_rcnone_seed40_L16_trainT0/noise_sweep_matrix_cifar100_vgg16_T16_mode_rate_uniform_schedule_normal_seed_40.csv
cifar100,vgg16,weight_decay_weights_only,weight_decay_conv_linear_only,weight_decay_weights_only,none,none,0.0005,40,16,0,16,rate_uniform,normal,pre_first_conv,gaussian,2.75,6.210000,/scratch/gs14/sl9144/qcfs_checkpoints/cifar100-checkpoints/vgg16_L[16]_mneablate_cifar100_weight_decay_weights_only_rcnone_seed40_L16_trainT0.pth,/home/595/sl9144/codes/snn_simulation/important_results/cifar100_vgg16_five_regs_pre_first_conv_sigma1_5_5seed/cifar100/mneablate_cifar100_weight_decay_weights_only_rcnone_seed40_L16_trainT0/noise_sweep_matrix_cifar100_vgg16_T16_mode_rate_uniform_schedule_normal_seed_40.csv
cifar100,vgg16,weight_decay_weights_only,weight_decay_conv_linear_only,weight_decay_weights_only,none,none,0.0005,40,16,0,16,rate_uniform,normal,pre_first_conv,gaussian,3,5.500000,/scratch/gs14/sl9144/qcfs_checkpoints/cifar100-checkpoints/vgg16_L[16]_mneablate_cifar100_weight_decay_weights_only_rcnone_seed40_L16_trainT0.pth,/home/595/sl9144/codes/snn_simulation/important_results/cifar100_vgg16_five_regs_pre_first_conv_sigma1_5_5seed/cifar100/mneablate_cifar100_weight_decay_weights_only_rcnone_seed40_L16_trainT0/noise_sweep_matrix_cifar100_vgg16_T16_mode_rate_uniform_schedule_normal_seed_40.csv
cifar100,vgg16,weight_decay_weights_only,weight_decay_conv_linear_only,weight_decay_weights_only,none,none,0.0005,40,16,0,16,rate_uniform,normal,pre_first_conv,gaussian,3.25,4.600000,/scratch/gs14/sl9144/qcfs_checkpoints/cifar100-checkpoints/vgg16_L[16]_mneablate_cifar100_weight_decay_weights_only_rcnone_seed40_L16_trainT0.pth,/home/595/sl9144/codes/snn_simulation/important_results/cifar100_vgg16_five_regs_pre_first_conv_sigma1_5_5seed/cifar100/mneablate_cifar100_weight_decay_weights_only_rcnone_seed40_L16_trainT0/noise_sweep_matrix_cifar100_vgg16_T16_mode_rate_uniform_schedule_normal_seed_40.csv
cifar100,vgg16,weight_decay_weights_only,weight_decay_conv_linear_only,weight_decay_weights_only,none,none,0.0005,40,16,0,16,rate_uniform,normal,pre_first_conv,gaussian,3.5,4.100000,/scratch/gs14/sl9144/qcfs_checkpoints/cifar100-checkpoints/vgg16_L[16]_mneablate_cifar100_weight_decay_weights_only_rcnone_seed40_L16_trainT0.pth,/home/595/sl9144/codes/snn_simulation/important_results/cifar100_vgg16_five_regs_pre_first_conv_sigma1_5_5seed/cifar100/mneablate_cifar100_weight_decay_weights_only_rcnone_seed40_L16_trainT0/noise_sweep_matrix_cifar100_vgg16_T16_mode_rate_uniform_schedule_normal_seed_40.csv
cifar100,vgg16,weight_decay_weights_only,weight_decay_conv_linear_only,weight_decay_weights_only,none,none,0.0005,40,16,0,16,rate_uniform,normal,pre_first_conv,gaussian,3.75,3.330000,/scratch/gs14/sl9144/qcfs_checkpoints/cifar100-checkpoints/vgg16_L[16]_mneablate_cifar100_weight_decay_weights_only_rcnone_seed40_L16_trainT0.pth,/home/595/sl9144/codes/snn_simulation/important_results/cifar100_vgg16_five_regs_pre_first_conv_sigma1_5_5seed/cifar100/mneablate_cifar100_weight_decay_weights_only_rcnone_seed40_L16_trainT0/noise_sweep_matrix_cifar100_vgg16_T16_mode_rate_uniform_schedule_normal_seed_40.csv
cifar100,vgg16,weight_decay_weights_only,weight_decay_conv_linear_only,weight_decay_weights_only,none,none,0.0005,40,16,0,16,rate_uniform,normal,pre_first_conv,gaussian,4,3.060000,/scratch/gs14/sl9144/qcfs_checkpoints/cifar100-checkpoints/vgg16_L[16]_mneablate_cifar100_weight_decay_weights_only_rcnone_seed40_L16_trainT0.pth,/home/595/sl9144/codes/snn_simulation/important_results/cifar100_vgg16_five_regs_pre_first_conv_sigma1_5_5seed/cifar100/mneablate_cifar100_weight_decay_weights_only_rcnone_seed40_L16_trainT0/noise_sweep_matrix_cifar100_vgg16_T16_mode_rate_uniform_schedule_normal_seed_40.csv
cifar100,vgg16,weight_decay_weights_only,weight_decay_conv_linear_only,weight_decay_weights_only,none,none,0.0005,40,16,0,16,rate_uniform,normal,pre_first_conv,gaussian,4.25,2.610000,/scratch/gs14/sl9144/qcfs_checkpoints/cifar100-checkpoints/vgg16_L[16]_mneablate_cifar100_weight_decay_weights_only_rcnone_seed40_L16_trainT0.pth,/home/595/sl9144/codes/snn_simulation/important_results/cifar100_vgg16_five_regs_pre_first_conv_sigma1_5_5seed/cifar100/mneablate_cifar100_weight_decay_weights_only_rcnone_seed40_L16_trainT0/noise_sweep_matrix_cifar100_vgg16_T16_mode_rate_uniform_schedule_normal_seed_40.csv
cifar100,vgg16,weight_decay_weights_only,weight_decay_conv_linear_only,weight_decay_weights_only,none,none,0.0005,40,16,0,16,rate_uniform,normal,pre_first_conv,gaussian,4.5,2.660000,/scratch/gs14/sl9144/qcfs_checkpoints/cifar100-checkpoints/vgg16_L[16]_mneablate_cifar100_weight_decay_weights_only_rcnone_seed40_L16_trainT0.pth,/home/595/sl9144/codes/snn_simulation/important_results/cifar100_vgg16_five_regs_pre_first_conv_sigma1_5_5seed/cifar100/mneablate_cifar100_weight_decay_weights_only_rcnone_seed40_L16_trainT0/noise_sweep_matrix_cifar100_vgg16_T16_mode_rate_uniform_schedule_normal_seed_40.csv
cifar100,vgg16,weight_decay_weights_only,weight_decay_conv_linear_only,weight_decay_weights_only,none,none,0.0005,40,16,0,16,rate_uniform,normal,pre_first_conv,gaussian,4.75,2.160000,/scratch/gs14/sl9144/qcfs_checkpoints/cifar100-checkpoints/vgg16_L[16]_mneablate_cifar100_weight_decay_weights_only_rcnone_seed40_L16_trainT0.pth,/home/595/sl9144/codes/snn_simulation/important_results/cifar100_vgg16_five_regs_pre_first_conv_sigma1_5_5seed/cifar100/mneablate_cifar100_weight_decay_weights_only_rcnone_seed40_L16_trainT0/noise_sweep_matrix_cifar100_vgg16_T16_mode_rate_uniform_schedule_normal_seed_40.csv
cifar100,vgg16,weight_decay_weights_only,weight_decay_conv_linear_only,weight_decay_weights_only,none,none,0.0005,40,16,0,16,rate_uniform,normal,pre_first_conv,gaussian,5,2.010000,/scratch/gs14/sl9144/qcfs_checkpoints/cifar100-checkpoints/vgg16_L[16]_mneablate_cifar100_weight_decay_weights_only_rcnone_seed40_L16_trainT0.pth,/home/595/sl9144/codes/snn_simulation/important_results/cifar100_vgg16_five_regs_pre_first_conv_sigma1_5_5seed/cifar100/mneablate_cifar100_weight_decay_weights_only_rcnone_seed40_L16_trainT0/noise_sweep_matrix_cifar100_vgg16_T16_mode_rate_uniform_schedule_normal_seed_40.csv
cifar100,vgg16,weight_decay_weights_only,weight_decay_conv_linear_only,weight_decay_weights_only,none,none,0.0005,41,16,0,16,rate_uniform,normal,pre_first_conv,gaussian,1,28.920000,/scratch/gs14/sl9144/qcfs_checkpoints/cifar100-checkpoints/vgg16_L[16]_mneablate_cifar100_weight_decay_weights_only_rcnone_seed41_L16_trainT0.pth,/home/595/sl9144/codes/snn_simulation/important_results/cifar100_vgg16_five_regs_pre_first_conv_sigma1_5_5seed/cifar100/mneablate_cifar100_weight_decay_weights_only_rcnone_seed41_L16_trainT0/noise_sweep_matrix_cifar100_vgg16_T16_mode_rate_uniform_schedule_normal_seed_41.csv
cifar100,vgg16,weight_decay_weights_only,weight_decay_conv_linear_only,weight_decay_weights_only,none,none,0.0005,41,16,0,16,rate_uniform,normal,pre_first_conv,gaussian,1.25,22.280000,/scratch/gs14/sl9144/qcfs_checkpoints/cifar100-checkpoints/vgg16_L[16]_mneablate_cifar100_weight_decay_weights_only_rcnone_seed41_L16_trainT0.pth,/home/595/sl9144/codes/snn_simulation/important_results/cifar100_vgg16_five_regs_pre_first_conv_sigma1_5_5seed/cifar100/mneablate_cifar100_weight_decay_weights_only_rcnone_seed41_L16_trainT0/noise_sweep_matrix_cifar100_vgg16_T16_mode_rate_uniform_schedule_normal_seed_41.csv
cifar100,vgg16,weight_decay_weights_only,weight_decay_conv_linear_only,weight_decay_weights_only,none,none,0.0005,41,16,0,16,rate_uniform,normal,pre_first_conv,gaussian,1.5,17.360000,/scratch/gs14/sl9144/qcfs_checkpoints/cifar100-checkpoints/vgg16_L[16]_mneablate_cifar100_weight_decay_weights_only_rcnone_seed41_L16_trainT0.pth,/home/595/sl9144/codes/snn_simulation/important_results/cifar100_vgg16_five_regs_pre_first_conv_sigma1_5_5seed/cifar100/mneablate_cifar100_weight_decay_weights_only_rcnone_seed41_L16_trainT0/noise_sweep_matrix_cifar100_vgg16_T16_mode_rate_uniform_schedule_normal_seed_41.csv
cifar100,vgg16,weight_decay_weights_only,weight_decay_conv_linear_only,weight_decay_weights_only,none,none,0.0005,41,16,0,16,rate_uniform,normal,pre_first_conv,gaussian,1.75,13.610000,/scratch/gs14/sl9144/qcfs_checkpoints/cifar100-checkpoints/vgg16_L[16]_mneablate_cifar100_weight_decay_weights_only_rcnone_seed41_L16_trainT0.pth,/home/595/sl9144/codes/snn_simulation/important_results/cifar100_vgg16_five_regs_pre_first_conv_sigma1_5_5seed/cifar100/mneablate_cifar100_weight_decay_weights_only_rcnone_seed41_L16_trainT0/noise_sweep_matrix_cifar100_vgg16_T16_mode_rate_uniform_schedule_normal_seed_41.csv
cifar100,vgg16,weight_decay_weights_only,weight_decay_conv_linear_only,weight_decay_weights_only,none,none,0.0005,41,16,0,16,rate_uniform,normal,pre_first_conv,gaussian,2,10.940000,/scratch/gs14/sl9144/qcfs_checkpoints/cifar100-checkpoints/vgg16_L[16]_mneablate_cifar100_weight_decay_weights_only_rcnone_seed41_L16_trainT0.pth,/home/595/sl9144/codes/snn_simulation/important_results/cifar100_vgg16_five_regs_pre_first_conv_sigma1_5_5seed/cifar100/mneablate_cifar100_weight_decay_weights_only_rcnone_seed41_L16_trainT0/noise_sweep_matrix_cifar100_vgg16_T16_mode_rate_uniform_schedule_normal_seed_41.csv
cifar100,vgg16,weight_decay_weights_only,weight_decay_conv_linear_only,weight_decay_weights_only,none,none,0.0005,41,16,0,16,rate_uniform,normal,pre_first_conv,gaussian,2.25,8.810000,/scratch/gs14/sl9144/qcfs_checkpoints/cifar100-checkpoints/vgg16_L[16]_mneablate_cifar100_weight_decay_weights_only_rcnone_seed41_L16_trainT0.pth,/home/595/sl9144/codes/snn_simulation/important_results/cifar100_vgg16_five_regs_pre_first_conv_sigma1_5_5seed/cifar100/mneablate_cifar100_weight_decay_weights_only_rcnone_seed41_L16_trainT0/noise_sweep_matrix_cifar100_vgg16_T16_mode_rate_uniform_schedule_normal_seed_41.csv
cifar100,vgg16,weight_decay_weights_only,weight_decay_conv_linear_only,weight_decay_weights_only,none,none,0.0005,41,16,0,16,rate_uniform,normal,pre_first_conv,gaussian,2.5,7.340000,/scratch/gs14/sl9144/qcfs_checkpoints/cifar100-checkpoints/vgg16_L[16]_mneablate_cifar100_weight_decay_weights_only_rcnone_seed41_L16_trainT0.pth,/home/595/sl9144/codes/snn_simulation/important_results/cifar100_vgg16_five_regs_pre_first_conv_sigma1_5_5seed/cifar100/mneablate_cifar100_weight_decay_weights_only_rcnone_seed41_L16_trainT0/noise_sweep_matrix_cifar100_vgg16_T16_mode_rate_uniform_schedule_normal_seed_41.csv
cifar100,vgg16,weight_decay_weights_only,weight_decay_conv_linear_only,weight_decay_weights_only,none,none,0.0005,41,16,0,16,rate_uniform,normal,pre_first_conv,gaussian,2.75,6.300000,/scratch/gs14/sl9144/qcfs_checkpoints/cifar100-checkpoints/vgg16_L[16]_mneablate_cifar100_weight_decay_weights_only_rcnone_seed41_L16_trainT0.pth,/home/595/sl9144/codes/snn_simulation/important_results/cifar100_vgg16_five_regs_pre_first_conv_sigma1_5_5seed/cifar100/mneablate_cifar100_weight_decay_weights_only_rcnone_seed41_L16_trainT0/noise_sweep_matrix_cifar100_vgg16_T16_mode_rate_uniform_schedule_normal_seed_41.csv
cifar100,vgg16,weight_decay_weights_only,weight_decay_conv_linear_only,weight_decay_weights_only,none,none,0.0005,41,16,0,16,rate_uniform,normal,pre_first_conv,gaussian,3,5.470000,/scratch/gs14/sl9144/qcfs_checkpoints/cifar100-checkpoints/vgg16_L[16]_mneablate_cifar100_weight_decay_weights_only_rcnone_seed41_L16_trainT0.pth,/home/595/sl9144/codes/snn_simulation/important_results/cifar100_vgg16_five_regs_pre_first_conv_sigma1_5_5seed/cifar100/mneablate_cifar100_weight_decay_weights_only_rcnone_seed41_L16_trainT0/noise_sweep_matrix_cifar100_vgg16_T16_mode_rate_uniform_schedule_normal_seed_41.csv
cifar100,vgg16,weight_decay_weights_only,weight_decay_conv_linear_only,weight_decay_weights_only,none,none,0.0005,41,16,0,16,rate_uniform,normal,pre_first_conv,gaussian,3.25,4.600000,/scratch/gs14/sl9144/qcfs_checkpoints/cifar100-checkpoints/vgg16_L[16]_mneablate_cifar100_weight_decay_weights_only_rcnone_seed41_L16_trainT0.pth,/home/595/sl9144/codes/snn_simulation/important_results/cifar100_vgg16_five_regs_pre_first_conv_sigma1_5_5seed/cifar100/mneablate_cifar100_weight_decay_weights_only_rcnone_seed41_L16_trainT0/noise_sweep_matrix_cifar100_vgg16_T16_mode_rate_uniform_schedule_normal_seed_41.csv
cifar100,vgg16,weight_decay_weights_only,weight_decay_conv_linear_only,weight_decay_weights_only,none,none,0.0005,41,16,0,16,rate_uniform,normal,pre_first_conv,gaussian,3.5,4.090000,/scratch/gs14/sl9144/qcfs_checkpoints/cifar100-checkpoints/vgg16_L[16]_mneablate_cifar100_weight_decay_weights_only_rcnone_seed41_L16_trainT0.pth,/home/595/sl9144/codes/snn_simulation/important_results/cifar100_vgg16_five_regs_pre_first_conv_sigma1_5_5seed/cifar100/mneablate_cifar100_weight_decay_weights_only_rcnone_seed41_L16_trainT0/noise_sweep_matrix_cifar100_vgg16_T16_mode_rate_uniform_schedule_normal_seed_41.csv
cifar100,vgg16,weight_decay_weights_only,weight_decay_conv_linear_only,weight_decay_weights_only,none,none,0.0005,41,16,0,16,rate_uniform,normal,pre_first_conv,gaussian,3.75,3.690000,/scratch/gs14/sl9144/qcfs_checkpoints/cifar100-checkpoints/vgg16_L[16]_mneablate_cifar100_weight_decay_weights_only_rcnone_seed41_L16_trainT0.pth,/home/595/sl9144/codes/snn_simulation/important_results/cifar100_vgg16_five_regs_pre_first_conv_sigma1_5_5seed/cifar100/mneablate_cifar100_weight_decay_weights_only_rcnone_seed41_L16_trainT0/noise_sweep_matrix_cifar100_vgg16_T16_mode_rate_uniform_schedule_normal_seed_41.csv
cifar100,vgg16,weight_decay_weights_only,weight_decay_conv_linear_only,weight_decay_weights_only,none,none,0.0005,41,16,0,16,rate_uniform,normal,pre_first_conv,gaussian,4,3.120000,/scratch/gs14/sl9144/qcfs_checkpoints/cifar100-checkpoints/vgg16_L[16]_mneablate_cifar100_weight_decay_weights_only_rcnone_seed41_L16_trainT0.pth,/home/595/sl9144/codes/snn_simulation/important_results/cifar100_vgg16_five_regs_pre_first_conv_sigma1_5_5seed/cifar100/mneablate_cifar100_weight_decay_weights_only_rcnone_seed41_L16_trainT0/noise_sweep_matrix_cifar100_vgg16_T16_mode_rate_uniform_schedule_normal_seed_41.csv
cifar100,vgg16,weight_decay_weights_only,weight_decay_conv_linear_only,weight_decay_weights_only,none,none,0.0005,41,16,0,16,rate_uniform,normal,pre_first_conv,gaussian,4.25,2.810000,/scratch/gs14/sl9144/qcfs_checkpoints/cifar100-checkpoints/vgg16_L[16]_mneablate_cifar100_weight_decay_weights_only_rcnone_seed41_L16_trainT0.pth,/home/595/sl9144/codes/snn_simulation/important_results/cifar100_vgg16_five_regs_pre_first_conv_sigma1_5_5seed/cifar100/mneablate_cifar100_weight_decay_weights_only_rcnone_seed41_L16_trainT0/noise_sweep_matrix_cifar100_vgg16_T16_mode_rate_uniform_schedule_normal_seed_41.csv
cifar100,vgg16,weight_decay_weights_only,weight_decay_conv_linear_only,weight_decay_weights_only,none,none,0.0005,41,16,0,16,rate_uniform,normal,pre_first_conv,gaussian,4.5,2.340000,/scratch/gs14/sl9144/qcfs_checkpoints/cifar100-checkpoints/vgg16_L[16]_mneablate_cifar100_weight_decay_weights_only_rcnone_seed41_L16_trainT0.pth,/home/595/sl9144/codes/snn_simulation/important_results/cifar100_vgg16_five_regs_pre_first_conv_sigma1_5_5seed/cifar100/mneablate_cifar100_weight_decay_weights_only_rcnone_seed41_L16_trainT0/noise_sweep_matrix_cifar100_vgg16_T16_mode_rate_uniform_schedule_normal_seed_41.csv
cifar100,vgg16,weight_decay_weights_only,weight_decay_conv_linear_only,weight_decay_weights_only,none,none,0.0005,41,16,0,16,rate_uniform,normal,pre_first_conv,gaussian,4.75,2.310000,/scratch/gs14/sl9144/qcfs_checkpoints/cifar100-checkpoints/vgg16_L[16]_mneablate_cifar100_weight_decay_weights_only_rcnone_seed41_L16_trainT0.pth,/home/595/sl9144/codes/snn_simulation/important_results/cifar100_vgg16_five_regs_pre_first_conv_sigma1_5_5seed/cifar100/mneablate_cifar100_weight_decay_weights_only_rcnone_seed41_L16_trainT0/noise_sweep_matrix_cifar100_vgg16_T16_mode_rate_uniform_schedule_normal_seed_41.csv
cifar100,vgg16,weight_decay_weights_only,weight_decay_conv_linear_only,weight_decay_weights_only,none,none,0.0005,41,16,0,16,rate_uniform,normal,pre_first_conv,gaussian,5,2.100000,/scratch/gs14/sl9144/qcfs_checkpoints/cifar100-checkpoints/vgg16_L[16]_mneablate_cifar100_weight_decay_weights_only_rcnone_seed41_L16_trainT0.pth,/home/595/sl9144/codes/snn_simulation/important_results/cifar100_vgg16_five_regs_pre_first_conv_sigma1_5_5seed/cifar100/mneablate_cifar100_weight_decay_weights_only_rcnone_seed41_L16_trainT0/noise_sweep_matrix_cifar100_vgg16_T16_mode_rate_uniform_schedule_normal_seed_41.csv
cifar100,vgg16,weight_decay_weights_only,weight_decay_conv_linear_only,weight_decay_weights_only,none,none,0.0005,42,16,0,16,rate_uniform,normal,pre_first_conv,gaussian,1,30.000000,/scratch/gs14/sl9144/qcfs_checkpoints/cifar100-checkpoints/vgg16_L[16]_mneablate_cifar100_weight_decay_weights_only_rcnone_seed42_L16_trainT0.pth,/home/595/sl9144/codes/snn_simulation/important_results/cifar100_vgg16_five_regs_pre_first_conv_sigma1_5_5seed/cifar100/mneablate_cifar100_weight_decay_weights_only_rcnone_seed42_L16_trainT0/noise_sweep_matrix_cifar100_vgg16_T16_mode_rate_uniform_schedule_normal_seed_42.csv
cifar100,vgg16,weight_decay_weights_only,weight_decay_conv_linear_only,weight_decay_weights_only,none,none,0.0005,42,16,0,16,rate_uniform,normal,pre_first_conv,gaussian,1.25,23.000000,/scratch/gs14/sl9144/qcfs_checkpoints/cifar100-checkpoints/vgg16_L[16]_mneablate_cifar100_weight_decay_weights_only_rcnone_seed42_L16_trainT0.pth,/home/595/sl9144/codes/snn_simulation/important_results/cifar100_vgg16_five_regs_pre_first_conv_sigma1_5_5seed/cifar100/mneablate_cifar100_weight_decay_weights_only_rcnone_seed42_L16_trainT0/noise_sweep_matrix_cifar100_vgg16_T16_mode_rate_uniform_schedule_normal_seed_42.csv
cifar100,vgg16,weight_decay_weights_only,weight_decay_conv_linear_only,weight_decay_weights_only,none,none,0.0005,42,16,0,16,rate_uniform,normal,pre_first_conv,gaussian,1.5,17.950000,/scratch/gs14/sl9144/qcfs_checkpoints/cifar100-checkpoints/vgg16_L[16]_mneablate_cifar100_weight_decay_weights_only_rcnone_seed42_L16_trainT0.pth,/home/595/sl9144/codes/snn_simulation/important_results/cifar100_vgg16_five_regs_pre_first_conv_sigma1_5_5seed/cifar100/mneablate_cifar100_weight_decay_weights_only_rcnone_seed42_L16_trainT0/noise_sweep_matrix_cifar100_vgg16_T16_mode_rate_uniform_schedule_normal_seed_42.csv
cifar100,vgg16,weight_decay_weights_only,weight_decay_conv_linear_only,weight_decay_weights_only,none,none,0.0005,42,16,0,16,rate_uniform,normal,pre_first_conv,gaussian,1.75,14.350000,/scratch/gs14/sl9144/qcfs_checkpoints/cifar100-checkpoints/vgg16_L[16]_mneablate_cifar100_weight_decay_weights_only_rcnone_seed42_L16_trainT0.pth,/home/595/sl9144/codes/snn_simulation/important_results/cifar100_vgg16_five_regs_pre_first_conv_sigma1_5_5seed/cifar100/mneablate_cifar100_weight_decay_weights_only_rcnone_seed42_L16_trainT0/noise_sweep_matrix_cifar100_vgg16_T16_mode_rate_uniform_schedule_normal_seed_42.csv
cifar100,vgg16,weight_decay_weights_only,weight_decay_conv_linear_only,weight_decay_weights_only,none,none,0.0005,42,16,0,16,rate_uniform,normal,pre_first_conv,gaussian,2,10.980000,/scratch/gs14/sl9144/qcfs_checkpoints/cifar100-checkpoints/vgg16_L[16]_mneablate_cifar100_weight_decay_weights_only_rcnone_seed42_L16_trainT0.pth,/home/595/sl9144/codes/snn_simulation/important_results/cifar100_vgg16_five_regs_pre_first_conv_sigma1_5_5seed/cifar100/mneablate_cifar100_weight_decay_weights_only_rcnone_seed42_L16_trainT0/noise_sweep_matrix_cifar100_vgg16_T16_mode_rate_uniform_schedule_normal_seed_42.csv
cifar100,vgg16,weight_decay_weights_only,weight_decay_conv_linear_only,weight_decay_weights_only,none,none,0.0005,42,16,0,16,rate_uniform,normal,pre_first_conv,gaussian,2.25,9.270000,/scratch/gs14/sl9144/qcfs_checkpoints/cifar100-checkpoints/vgg16_L[16]_mneablate_cifar100_weight_decay_weights_only_rcnone_seed42_L16_trainT0.pth,/home/595/sl9144/codes/snn_simulation/important_results/cifar100_vgg16_five_regs_pre_first_conv_sigma1_5_5seed/cifar100/mneablate_cifar100_weight_decay_weights_only_rcnone_seed42_L16_trainT0/noise_sweep_matrix_cifar100_vgg16_T16_mode_rate_uniform_schedule_normal_seed_42.csv
cifar100,vgg16,weight_decay_weights_only,weight_decay_conv_linear_only,weight_decay_weights_only,none,none,0.0005,42,16,0,16,rate_uniform,normal,pre_first_conv,gaussian,2.5,7.290000,/scratch/gs14/sl9144/qcfs_checkpoints/cifar100-checkpoints/vgg16_L[16]_mneablate_cifar100_weight_decay_weights_only_rcnone_seed42_L16_trainT0.pth,/home/595/sl9144/codes/snn_simulation/important_results/cifar100_vgg16_five_regs_pre_first_conv_sigma1_5_5seed/cifar100/mneablate_cifar100_weight_decay_weights_only_rcnone_seed42_L16_trainT0/noise_sweep_matrix_cifar100_vgg16_T16_mode_rate_uniform_schedule_normal_seed_42.csv
cifar100,vgg16,weight_decay_weights_only,weight_decay_conv_linear_only,weight_decay_weights_only,none,none,0.0005,42,16,0,16,rate_uniform,normal,pre_first_conv,gaussian,2.75,6.180000,/scratch/gs14/sl9144/qcfs_checkpoints/cifar100-checkpoints/vgg16_L[16]_mneablate_cifar100_weight_decay_weights_only_rcnone_seed42_L16_trainT0.pth,/home/595/sl9144/codes/snn_simulation/important_results/cifar100_vgg16_five_regs_pre_first_conv_sigma1_5_5seed/cifar100/mneablate_cifar100_weight_decay_weights_only_rcnone_seed42_L16_trainT0/noise_sweep_matrix_cifar100_vgg16_T16_mode_rate_uniform_schedule_normal_seed_42.csv
cifar100,vgg16,weight_decay_weights_only,weight_decay_conv_linear_only,weight_decay_weights_only,none,none,0.0005,42,16,0,16,rate_uniform,normal,pre_first_conv,gaussian,3,5.260000,/scratch/gs14/sl9144/qcfs_checkpoints/cifar100-checkpoints/vgg16_L[16]_mneablate_cifar100_weight_decay_weights_only_rcnone_seed42_L16_trainT0.pth,/home/595/sl9144/codes/snn_simulation/important_results/cifar100_vgg16_five_regs_pre_first_conv_sigma1_5_5seed/cifar100/mneablate_cifar100_weight_decay_weights_only_rcnone_seed42_L16_trainT0/noise_sweep_matrix_cifar100_vgg16_T16_mode_rate_uniform_schedule_normal_seed_42.csv
cifar100,vgg16,weight_decay_weights_only,weight_decay_conv_linear_only,weight_decay_weights_only,none,none,0.0005,42,16,0,16,rate_uniform,normal,pre_first_conv,gaussian,3.25,4.430000,/scratch/gs14/sl9144/qcfs_checkpoints/cifar100-checkpoints/vgg16_L[16]_mneablate_cifar100_weight_decay_weights_only_rcnone_seed42_L16_trainT0.pth,/home/595/sl9144/codes/snn_simulation/important_results/cifar100_vgg16_five_regs_pre_first_conv_sigma1_5_5seed/cifar100/mneablate_cifar100_weight_decay_weights_only_rcnone_seed42_L16_trainT0/noise_sweep_matrix_cifar100_vgg16_T16_mode_rate_uniform_schedule_normal_seed_42.csv
cifar100,vgg16,weight_decay_weights_only,weight_decay_conv_linear_only,weight_decay_weights_only,none,none,0.0005,42,16,0,16,rate_uniform,normal,pre_first_conv,gaussian,3.5,3.900000,/scratch/gs14/sl9144/qcfs_checkpoints/cifar100-checkpoints/vgg16_L[16]_mneablate_cifar100_weight_decay_weights_only_rcnone_seed42_L16_trainT0.pth,/home/595/sl9144/codes/snn_simulation/important_results/cifar100_vgg16_five_regs_pre_first_conv_sigma1_5_5seed/cifar100/mneablate_cifar100_weight_decay_weights_only_rcnone_seed42_L16_trainT0/noise_sweep_matrix_cifar100_vgg16_T16_mode_rate_uniform_schedule_normal_seed_42.csv
cifar100,vgg16,weight_decay_weights_only,weight_decay_conv_linear_only,weight_decay_weights_only,none,none,0.0005,42,16,0,16,rate_uniform,normal,pre_first_conv,gaussian,3.75,3.360000,/scratch/gs14/sl9144/qcfs_checkpoints/cifar100-checkpoints/vgg16_L[16]_mneablate_cifar100_weight_decay_weights_only_rcnone_seed42_L16_trainT0.pth,/home/595/sl9144/codes/snn_simulation/important_results/cifar100_vgg16_five_regs_pre_first_conv_sigma1_5_5seed/cifar100/mneablate_cifar100_weight_decay_weights_only_rcnone_seed42_L16_trainT0/noise_sweep_matrix_cifar100_vgg16_T16_mode_rate_uniform_schedule_normal_seed_42.csv
cifar100,vgg16,weight_decay_weights_only,weight_decay_conv_linear_only,weight_decay_weights_only,none,none,0.0005,42,16,0,16,rate_uniform,normal,pre_first_conv,gaussian,4,3.140000,/scratch/gs14/sl9144/qcfs_checkpoints/cifar100-checkpoints/vgg16_L[16]_mneablate_cifar100_weight_decay_weights_only_rcnone_seed42_L16_trainT0.pth,/home/595/sl9144/codes/snn_simulation/important_results/cifar100_vgg16_five_regs_pre_first_conv_sigma1_5_5seed/cifar100/mneablate_cifar100_weight_decay_weights_only_rcnone_seed42_L16_trainT0/noise_sweep_matrix_cifar100_vgg16_T16_mode_rate_uniform_schedule_normal_seed_42.csv
cifar100,vgg16,weight_decay_weights_only,weight_decay_conv_linear_only,weight_decay_weights_only,none,none,0.0005,42,16,0,16,rate_uniform,normal,pre_first_conv,gaussian,4.25,2.820000,/scratch/gs14/sl9144/qcfs_checkpoints/cifar100-checkpoints/vgg16_L[16]_mneablate_cifar100_weight_decay_weights_only_rcnone_seed42_L16_trainT0.pth,/home/595/sl9144/codes/snn_simulation/important_results/cifar100_vgg16_five_regs_pre_first_conv_sigma1_5_5seed/cifar100/mneablate_cifar100_weight_decay_weights_only_rcnone_seed42_L16_trainT0/noise_sweep_matrix_cifar100_vgg16_T16_mode_rate_uniform_schedule_normal_seed_42.csv
cifar100,vgg16,weight_decay_weights_only,weight_decay_conv_linear_only,weight_decay_weights_only,none,none,0.0005,42,16,0,16,rate_uniform,normal,pre_first_conv,gaussian,4.5,2.600000,/scratch/gs14/sl9144/qcfs_checkpoints/cifar100-checkpoints/vgg16_L[16]_mneablate_cifar100_weight_decay_weights_only_rcnone_seed42_L16_trainT0.pth,/home/595/sl9144/codes/snn_simulation/important_results/cifar100_vgg16_five_regs_pre_first_conv_sigma1_5_5seed/cifar100/mneablate_cifar100_weight_decay_weights_only_rcnone_seed42_L16_trainT0/noise_sweep_matrix_cifar100_vgg16_T16_mode_rate_uniform_schedule_normal_seed_42.csv
cifar100,vgg16,weight_decay_weights_only,weight_decay_conv_linear_only,weight_decay_weights_only,none,none,0.0005,42,16,0,16,rate_uniform,normal,pre_first_conv,gaussian,4.75,2.100000,/scratch/gs14/sl9144/qcfs_checkpoints/cifar100-checkpoints/vgg16_L[16]_mneablate_cifar100_weight_decay_weights_only_rcnone_seed42_L16_trainT0.pth,/home/595/sl9144/codes/snn_simulation/important_results/cifar100_vgg16_five_regs_pre_first_conv_sigma1_5_5seed/cifar100/mneablate_cifar100_weight_decay_weights_only_rcnone_seed42_L16_trainT0/noise_sweep_matrix_cifar100_vgg16_T16_mode_rate_uniform_schedule_normal_seed_42.csv
cifar100,vgg16,weight_decay_weights_only,weight_decay_conv_linear_only,weight_decay_weights_only,none,none,0.0005,42,16,0,16,rate_uniform,normal,pre_first_conv,gaussian,5,2.080000,/scratch/gs14/sl9144/qcfs_checkpoints/cifar100-checkpoints/vgg16_L[16]_mneablate_cifar100_weight_decay_weights_only_rcnone_seed42_L16_trainT0.pth,/home/595/sl9144/codes/snn_simulation/important_results/cifar100_vgg16_five_regs_pre_first_conv_sigma1_5_5seed/cifar100/mneablate_cifar100_weight_decay_weights_only_rcnone_seed42_L16_trainT0/noise_sweep_matrix_cifar100_vgg16_T16_mode_rate_uniform_schedule_normal_seed_42.csv
cifar100,vgg16,weight_decay_weights_only,weight_decay_conv_linear_only,weight_decay_weights_only,none,none,0.0005,43,16,0,16,rate_uniform,normal,pre_first_conv,gaussian,1,32.180000,/scratch/gs14/sl9144/qcfs_checkpoints/cifar100-checkpoints/vgg16_L[16]_mneablate_cifar100_weight_decay_weights_only_rcnone_seed43_L16_trainT0.pth,/home/595/sl9144/codes/snn_simulation/important_results/cifar100_vgg16_five_regs_pre_first_conv_sigma1_5_5seed/cifar100/mneablate_cifar100_weight_decay_weights_only_rcnone_seed43_L16_trainT0/noise_sweep_matrix_cifar100_vgg16_T16_mode_rate_uniform_schedule_normal_seed_43.csv
cifar100,vgg16,weight_decay_weights_only,weight_decay_conv_linear_only,weight_decay_weights_only,none,none,0.0005,43,16,0,16,rate_uniform,normal,pre_first_conv,gaussian,1.25,25.290000,/scratch/gs14/sl9144/qcfs_checkpoints/cifar100-checkpoints/vgg16_L[16]_mneablate_cifar100_weight_decay_weights_only_rcnone_seed43_L16_trainT0.pth,/home/595/sl9144/codes/snn_simulation/important_results/cifar100_vgg16_five_regs_pre_first_conv_sigma1_5_5seed/cifar100/mneablate_cifar100_weight_decay_weights_only_rcnone_seed43_L16_trainT0/noise_sweep_matrix_cifar100_vgg16_T16_mode_rate_uniform_schedule_normal_seed_43.csv
cifar100,vgg16,weight_decay_weights_only,weight_decay_conv_linear_only,weight_decay_weights_only,none,none,0.0005,43,16,0,16,rate_uniform,normal,pre_first_conv,gaussian,1.5,19.860000,/scratch/gs14/sl9144/qcfs_checkpoints/cifar100-checkpoints/vgg16_L[16]_mneablate_cifar100_weight_decay_weights_only_rcnone_seed43_L16_trainT0.pth,/home/595/sl9144/codes/snn_simulation/important_results/cifar100_vgg16_five_regs_pre_first_conv_sigma1_5_5seed/cifar100/mneablate_cifar100_weight_decay_weights_only_rcnone_seed43_L16_trainT0/noise_sweep_matrix_cifar100_vgg16_T16_mode_rate_uniform_schedule_normal_seed_43.csv
cifar100,vgg16,weight_decay_weights_only,weight_decay_conv_linear_only,weight_decay_weights_only,none,none,0.0005,43,16,0,16,rate_uniform,normal,pre_first_conv,gaussian,1.75,16.040000,/scratch/gs14/sl9144/qcfs_checkpoints/cifar100-checkpoints/vgg16_L[16]_mneablate_cifar100_weight_decay_weights_only_rcnone_seed43_L16_trainT0.pth,/home/595/sl9144/codes/snn_simulation/important_results/cifar100_vgg16_five_regs_pre_first_conv_sigma1_5_5seed/cifar100/mneablate_cifar100_weight_decay_weights_only_rcnone_seed43_L16_trainT0/noise_sweep_matrix_cifar100_vgg16_T16_mode_rate_uniform_schedule_normal_seed_43.csv
cifar100,vgg16,weight_decay_weights_only,weight_decay_conv_linear_only,weight_decay_weights_only,none,none,0.0005,43,16,0,16,rate_uniform,normal,pre_first_conv,gaussian,2,12.900000,/scratch/gs14/sl9144/qcfs_checkpoints/cifar100-checkpoints/vgg16_L[16]_mneablate_cifar100_weight_decay_weights_only_rcnone_seed43_L16_trainT0.pth,/home/595/sl9144/codes/snn_simulation/important_results/cifar100_vgg16_five_regs_pre_first_conv_sigma1_5_5seed/cifar100/mneablate_cifar100_weight_decay_weights_only_rcnone_seed43_L16_trainT0/noise_sweep_matrix_cifar100_vgg16_T16_mode_rate_uniform_schedule_normal_seed_43.csv
cifar100,vgg16,weight_decay_weights_only,weight_decay_conv_linear_only,weight_decay_weights_only,none,none,0.0005,43,16,0,16,rate_uniform,normal,pre_first_conv,gaussian,2.25,10.440000,/scratch/gs14/sl9144/qcfs_checkpoints/cifar100-checkpoints/vgg16_L[16]_mneablate_cifar100_weight_decay_weights_only_rcnone_seed43_L16_trainT0.pth,/home/595/sl9144/codes/snn_simulation/important_results/cifar100_vgg16_five_regs_pre_first_conv_sigma1_5_5seed/cifar100/mneablate_cifar100_weight_decay_weights_only_rcnone_seed43_L16_trainT0/noise_sweep_matrix_cifar100_vgg16_T16_mode_rate_uniform_schedule_normal_seed_43.csv
cifar100,vgg16,weight_decay_weights_only,weight_decay_conv_linear_only,weight_decay_weights_only,none,none,0.0005,43,16,0,16,rate_uniform,normal,pre_first_conv,gaussian,2.5,8.770000,/scratch/gs14/sl9144/qcfs_checkpoints/cifar100-checkpoints/vgg16_L[16]_mneablate_cifar100_weight_decay_weights_only_rcnone_seed43_L16_trainT0.pth,/home/595/sl9144/codes/snn_simulation/important_results/cifar100_vgg16_five_regs_pre_first_conv_sigma1_5_5seed/cifar100/mneablate_cifar100_weight_decay_weights_only_rcnone_seed43_L16_trainT0/noise_sweep_matrix_cifar100_vgg16_T16_mode_rate_uniform_schedule_normal_seed_43.csv
cifar100,vgg16,weight_decay_weights_only,weight_decay_conv_linear_only,weight_decay_weights_only,none,none,0.0005,43,16,0,16,rate_uniform,normal,pre_first_conv,gaussian,2.75,7.320000,/scratch/gs14/sl9144/qcfs_checkpoints/cifar100-checkpoints/vgg16_L[16]_mneablate_cifar100_weight_decay_weights_only_rcnone_seed43_L16_trainT0.pth,/home/595/sl9144/codes/snn_simulation/important_results/cifar100_vgg16_five_regs_pre_first_conv_sigma1_5_5seed/cifar100/mneablate_cifar100_weight_decay_weights_only_rcnone_seed43_L16_trainT0/noise_sweep_matrix_cifar100_vgg16_T16_mode_rate_uniform_schedule_normal_seed_43.csv
cifar100,vgg16,weight_decay_weights_only,weight_decay_conv_linear_only,weight_decay_weights_only,none,none,0.0005,43,16,0,16,rate_uniform,normal,pre_first_conv,gaussian,3,6.310000,/scratch/gs14/sl9144/qcfs_checkpoints/cifar100-checkpoints/vgg16_L[16]_mneablate_cifar100_weight_decay_weights_only_rcnone_seed43_L16_trainT0.pth,/home/595/sl9144/codes/snn_simulation/important_results/cifar100_vgg16_five_regs_pre_first_conv_sigma1_5_5seed/cifar100/mneablate_cifar100_weight_decay_weights_only_rcnone_seed43_L16_trainT0/noise_sweep_matrix_cifar100_vgg16_T16_mode_rate_uniform_schedule_normal_seed_43.csv
cifar100,vgg16,weight_decay_weights_only,weight_decay_conv_linear_only,weight_decay_weights_only,none,none,0.0005,43,16,0,16,rate_uniform,normal,pre_first_conv,gaussian,3.25,5.370000,/scratch/gs14/sl9144/qcfs_checkpoints/cifar100-checkpoints/vgg16_L[16]_mneablate_cifar100_weight_decay_weights_only_rcnone_seed43_L16_trainT0.pth,/home/595/sl9144/codes/snn_simulation/important_results/cifar100_vgg16_five_regs_pre_first_conv_sigma1_5_5seed/cifar100/mneablate_cifar100_weight_decay_weights_only_rcnone_seed43_L16_trainT0/noise_sweep_matrix_cifar100_vgg16_T16_mode_rate_uniform_schedule_normal_seed_43.csv
cifar100,vgg16,weight_decay_weights_only,weight_decay_conv_linear_only,weight_decay_weights_only,none,none,0.0005,43,16,0,16,rate_uniform,normal,pre_first_conv,gaussian,3.5,4.500000,/scratch/gs14/sl9144/qcfs_checkpoints/cifar100-checkpoints/vgg16_L[16]_mneablate_cifar100_weight_decay_weights_only_rcnone_seed43_L16_trainT0.pth,/home/595/sl9144/codes/snn_simulation/important_results/cifar100_vgg16_five_regs_pre_first_conv_sigma1_5_5seed/cifar100/mneablate_cifar100_weight_decay_weights_only_rcnone_seed43_L16_trainT0/noise_sweep_matrix_cifar100_vgg16_T16_mode_rate_uniform_schedule_normal_seed_43.csv
cifar100,vgg16,weight_decay_weights_only,weight_decay_conv_linear_only,weight_decay_weights_only,none,none,0.0005,43,16,0,16,rate_uniform,normal,pre_first_conv,gaussian,3.75,4.100000,/scratch/gs14/sl9144/qcfs_checkpoints/cifar100-checkpoints/vgg16_L[16]_mneablate_cifar100_weight_decay_weights_only_rcnone_seed43_L16_trainT0.pth,/home/595/sl9144/codes/snn_simulation/important_results/cifar100_vgg16_five_regs_pre_first_conv_sigma1_5_5seed/cifar100/mneablate_cifar100_weight_decay_weights_only_rcnone_seed43_L16_trainT0/noise_sweep_matrix_cifar100_vgg16_T16_mode_rate_uniform_schedule_normal_seed_43.csv
cifar100,vgg16,weight_decay_weights_only,weight_decay_conv_linear_only,weight_decay_weights_only,none,none,0.0005,43,16,0,16,rate_uniform,normal,pre_first_conv,gaussian,4,3.650000,/scratch/gs14/sl9144/qcfs_checkpoints/cifar100-checkpoints/vgg16_L[16]_mneablate_cifar100_weight_decay_weights_only_rcnone_seed43_L16_trainT0.pth,/home/595/sl9144/codes/snn_simulation/important_results/cifar100_vgg16_five_regs_pre_first_conv_sigma1_5_5seed/cifar100/mneablate_cifar100_weight_decay_weights_only_rcnone_seed43_L16_trainT0/noise_sweep_matrix_cifar100_vgg16_T16_mode_rate_uniform_schedule_normal_seed_43.csv
cifar100,vgg16,weight_decay_weights_only,weight_decay_conv_linear_only,weight_decay_weights_only,none,none,0.0005,43,16,0,16,rate_uniform,normal,pre_first_conv,gaussian,4.25,3.130000,/scratch/gs14/sl9144/qcfs_checkpoints/cifar100-checkpoints/vgg16_L[16]_mneablate_cifar100_weight_decay_weights_only_rcnone_seed43_L16_trainT0.pth,/home/595/sl9144/codes/snn_simulation/important_results/cifar100_vgg16_five_regs_pre_first_conv_sigma1_5_5seed/cifar100/mneablate_cifar100_weight_decay_weights_only_rcnone_seed43_L16_trainT0/noise_sweep_matrix_cifar100_vgg16_T16_mode_rate_uniform_schedule_normal_seed_43.csv
cifar100,vgg16,weight_decay_weights_only,weight_decay_conv_linear_only,weight_decay_weights_only,none,none,0.0005,43,16,0,16,rate_uniform,normal,pre_first_conv,gaussian,4.5,2.860000,/scratch/gs14/sl9144/qcfs_checkpoints/cifar100-checkpoints/vgg16_L[16]_mneablate_cifar100_weight_decay_weights_only_rcnone_seed43_L16_trainT0.pth,/home/595/sl9144/codes/snn_simulation/important_results/cifar100_vgg16_five_regs_pre_first_conv_sigma1_5_5seed/cifar100/mneablate_cifar100_weight_decay_weights_only_rcnone_seed43_L16_trainT0/noise_sweep_matrix_cifar100_vgg16_T16_mode_rate_uniform_schedule_normal_seed_43.csv
cifar100,vgg16,weight_decay_weights_only,weight_decay_conv_linear_only,weight_decay_weights_only,none,none,0.0005,43,16,0,16,rate_uniform,normal,pre_first_conv,gaussian,4.75,2.860000,/scratch/gs14/sl9144/qcfs_checkpoints/cifar100-checkpoints/vgg16_L[16]_mneablate_cifar100_weight_decay_weights_only_rcnone_seed43_L16_trainT0.pth,/home/595/sl9144/codes/snn_simulation/important_results/cifar100_vgg16_five_regs_pre_first_conv_sigma1_5_5seed/cifar100/mneablate_cifar100_weight_decay_weights_only_rcnone_seed43_L16_trainT0/noise_sweep_matrix_cifar100_vgg16_T16_mode_rate_uniform_schedule_normal_seed_43.csv
cifar100,vgg16,weight_decay_weights_only,weight_decay_conv_linear_only,weight_decay_weights_only,none,none,0.0005,43,16,0,16,rate_uniform,normal,pre_first_conv,gaussian,5,2.330000,/scratch/gs14/sl9144/qcfs_checkpoints/cifar100-checkpoints/vgg16_L[16]_mneablate_cifar100_weight_decay_weights_only_rcnone_seed43_L16_trainT0.pth,/home/595/sl9144/codes/snn_simulation/important_results/cifar100_vgg16_five_regs_pre_first_conv_sigma1_5_5seed/cifar100/mneablate_cifar100_weight_decay_weights_only_rcnone_seed43_L16_trainT0/noise_sweep_matrix_cifar100_vgg16_T16_mode_rate_uniform_schedule_normal_seed_43.csv
cifar100,vgg16,weight_decay_weights_only,weight_decay_conv_linear_only,weight_decay_weights_only,none,none,0.0005,44,16,0,16,rate_uniform,normal,pre_first_conv,gaussian,1,29.840000,/scratch/gs14/sl9144/qcfs_checkpoints/cifar100-checkpoints/vgg16_L[16]_mneablate_cifar100_weight_decay_weights_only_rcnone_seed44_L16_trainT0.pth,/home/595/sl9144/codes/snn_simulation/important_results/cifar100_vgg16_five_regs_pre_first_conv_sigma1_5_5seed/cifar100/mneablate_cifar100_weight_decay_weights_only_rcnone_seed44_L16_trainT0/noise_sweep_matrix_cifar100_vgg16_T16_mode_rate_uniform_schedule_normal_seed_44.csv
cifar100,vgg16,weight_decay_weights_only,weight_decay_conv_linear_only,weight_decay_weights_only,none,none,0.0005,44,16,0,16,rate_uniform,normal,pre_first_conv,gaussian,1.25,22.660000,/scratch/gs14/sl9144/qcfs_checkpoints/cifar100-checkpoints/vgg16_L[16]_mneablate_cifar100_weight_decay_weights_only_rcnone_seed44_L16_trainT0.pth,/home/595/sl9144/codes/snn_simulation/important_results/cifar100_vgg16_five_regs_pre_first_conv_sigma1_5_5seed/cifar100/mneablate_cifar100_weight_decay_weights_only_rcnone_seed44_L16_trainT0/noise_sweep_matrix_cifar100_vgg16_T16_mode_rate_uniform_schedule_normal_seed_44.csv
cifar100,vgg16,weight_decay_weights_only,weight_decay_conv_linear_only,weight_decay_weights_only,none,none,0.0005,44,16,0,16,rate_uniform,normal,pre_first_conv,gaussian,1.5,17.120000,/scratch/gs14/sl9144/qcfs_checkpoints/cifar100-checkpoints/vgg16_L[16]_mneablate_cifar100_weight_decay_weights_only_rcnone_seed44_L16_trainT0.pth,/home/595/sl9144/codes/snn_simulation/important_results/cifar100_vgg16_five_regs_pre_first_conv_sigma1_5_5seed/cifar100/mneablate_cifar100_weight_decay_weights_only_rcnone_seed44_L16_trainT0/noise_sweep_matrix_cifar100_vgg16_T16_mode_rate_uniform_schedule_normal_seed_44.csv
cifar100,vgg16,weight_decay_weights_only,weight_decay_conv_linear_only,weight_decay_weights_only,none,none,0.0005,44,16,0,16,rate_uniform,normal,pre_first_conv,gaussian,1.75,12.990000,/scratch/gs14/sl9144/qcfs_checkpoints/cifar100-checkpoints/vgg16_L[16]_mneablate_cifar100_weight_decay_weights_only_rcnone_seed44_L16_trainT0.pth,/home/595/sl9144/codes/snn_simulation/important_results/cifar100_vgg16_five_regs_pre_first_conv_sigma1_5_5seed/cifar100/mneablate_cifar100_weight_decay_weights_only_rcnone_seed44_L16_trainT0/noise_sweep_matrix_cifar100_vgg16_T16_mode_rate_uniform_schedule_normal_seed_44.csv
cifar100,vgg16,weight_decay_weights_only,weight_decay_conv_linear_only,weight_decay_weights_only,none,none,0.0005,44,16,0,16,rate_uniform,normal,pre_first_conv,gaussian,2,10.470000,/scratch/gs14/sl9144/qcfs_checkpoints/cifar100-checkpoints/vgg16_L[16]_mneablate_cifar100_weight_decay_weights_only_rcnone_seed44_L16_trainT0.pth,/home/595/sl9144/codes/snn_simulation/important_results/cifar100_vgg16_five_regs_pre_first_conv_sigma1_5_5seed/cifar100/mneablate_cifar100_weight_decay_weights_only_rcnone_seed44_L16_trainT0/noise_sweep_matrix_cifar100_vgg16_T16_mode_rate_uniform_schedule_normal_seed_44.csv
cifar100,vgg16,weight_decay_weights_only,weight_decay_conv_linear_only,weight_decay_weights_only,none,none,0.0005,44,16,0,16,rate_uniform,normal,pre_first_conv,gaussian,2.25,8.330000,/scratch/gs14/sl9144/qcfs_checkpoints/cifar100-checkpoints/vgg16_L[16]_mneablate_cifar100_weight_decay_weights_only_rcnone_seed44_L16_trainT0.pth,/home/595/sl9144/codes/snn_simulation/important_results/cifar100_vgg16_five_regs_pre_first_conv_sigma1_5_5seed/cifar100/mneablate_cifar100_weight_decay_weights_only_rcnone_seed44_L16_trainT0/noise_sweep_matrix_cifar100_vgg16_T16_mode_rate_uniform_schedule_normal_seed_44.csv
cifar100,vgg16,weight_decay_weights_only,weight_decay_conv_linear_only,weight_decay_weights_only,none,none,0.0005,44,16,0,16,rate_uniform,normal,pre_first_conv,gaussian,2.5,6.890000,/scratch/gs14/sl9144/qcfs_checkpoints/cifar100-checkpoints/vgg16_L[16]_mneablate_cifar100_weight_decay_weights_only_rcnone_seed44_L16_trainT0.pth,/home/595/sl9144/codes/snn_simulation/important_results/cifar100_vgg16_five_regs_pre_first_conv_sigma1_5_5seed/cifar100/mneablate_cifar100_weight_decay_weights_only_rcnone_seed44_L16_trainT0/noise_sweep_matrix_cifar100_vgg16_T16_mode_rate_uniform_schedule_normal_seed_44.csv
cifar100,vgg16,weight_decay_weights_only,weight_decay_conv_linear_only,weight_decay_weights_only,none,none,0.0005,44,16,0,16,rate_uniform,normal,pre_first_conv,gaussian,2.75,5.860000,/scratch/gs14/sl9144/qcfs_checkpoints/cifar100-checkpoints/vgg16_L[16]_mneablate_cifar100_weight_decay_weights_only_rcnone_seed44_L16_trainT0.pth,/home/595/sl9144/codes/snn_simulation/important_results/cifar100_vgg16_five_regs_pre_first_conv_sigma1_5_5seed/cifar100/mneablate_cifar100_weight_decay_weights_only_rcnone_seed44_L16_trainT0/noise_sweep_matrix_cifar100_vgg16_T16_mode_rate_uniform_schedule_normal_seed_44.csv
cifar100,vgg16,weight_decay_weights_only,weight_decay_conv_linear_only,weight_decay_weights_only,none,none,0.0005,44,16,0,16,rate_uniform,normal,pre_first_conv,gaussian,3,5.130000,/scratch/gs14/sl9144/qcfs_checkpoints/cifar100-checkpoints/vgg16_L[16]_mneablate_cifar100_weight_decay_weights_only_rcnone_seed44_L16_trainT0.pth,/home/595/sl9144/codes/snn_simulation/important_results/cifar100_vgg16_five_regs_pre_first_conv_sigma1_5_5seed/cifar100/mneablate_cifar100_weight_decay_weights_only_rcnone_seed44_L16_trainT0/noise_sweep_matrix_cifar100_vgg16_T16_mode_rate_uniform_schedule_normal_seed_44.csv
cifar100,vgg16,weight_decay_weights_only,weight_decay_conv_linear_only,weight_decay_weights_only,none,none,0.0005,44,16,0,16,rate_uniform,normal,pre_first_conv,gaussian,3.25,4.450000,/scratch/gs14/sl9144/qcfs_checkpoints/cifar100-checkpoints/vgg16_L[16]_mneablate_cifar100_weight_decay_weights_only_rcnone_seed44_L16_trainT0.pth,/home/595/sl9144/codes/snn_simulation/important_results/cifar100_vgg16_five_regs_pre_first_conv_sigma1_5_5seed/cifar100/mneablate_cifar100_weight_decay_weights_only_rcnone_seed44_L16_trainT0/noise_sweep_matrix_cifar100_vgg16_T16_mode_rate_uniform_schedule_normal_seed_44.csv
cifar100,vgg16,weight_decay_weights_only,weight_decay_conv_linear_only,weight_decay_weights_only,none,none,0.0005,44,16,0,16,rate_uniform,normal,pre_first_conv,gaussian,3.5,4.000000,/scratch/gs14/sl9144/qcfs_checkpoints/cifar100-checkpoints/vgg16_L[16]_mneablate_cifar100_weight_decay_weights_only_rcnone_seed44_L16_trainT0.pth,/home/595/sl9144/codes/snn_simulation/important_results/cifar100_vgg16_five_regs_pre_first_conv_sigma1_5_5seed/cifar100/mneablate_cifar100_weight_decay_weights_only_rcnone_seed44_L16_trainT0/noise_sweep_matrix_cifar100_vgg16_T16_mode_rate_uniform_schedule_normal_seed_44.csv
cifar100,vgg16,weight_decay_weights_only,weight_decay_conv_linear_only,weight_decay_weights_only,none,none,0.0005,44,16,0,16,rate_uniform,normal,pre_first_conv,gaussian,3.75,3.410000,/scratch/gs14/sl9144/qcfs_checkpoints/cifar100-checkpoints/vgg16_L[16]_mneablate_cifar100_weight_decay_weights_only_rcnone_seed44_L16_trainT0.pth,/home/595/sl9144/codes/snn_simulation/important_results/cifar100_vgg16_five_regs_pre_first_conv_sigma1_5_5seed/cifar100/mneablate_cifar100_weight_decay_weights_only_rcnone_seed44_L16_trainT0/noise_sweep_matrix_cifar100_vgg16_T16_mode_rate_uniform_schedule_normal_seed_44.csv
cifar100,vgg16,weight_decay_weights_only,weight_decay_conv_linear_only,weight_decay_weights_only,none,none,0.0005,44,16,0,16,rate_uniform,normal,pre_first_conv,gaussian,4,3.160000,/scratch/gs14/sl9144/qcfs_checkpoints/cifar100-checkpoints/vgg16_L[16]_mneablate_cifar100_weight_decay_weights_only_rcnone_seed44_L16_trainT0.pth,/home/595/sl9144/codes/snn_simulation/important_results/cifar100_vgg16_five_regs_pre_first_conv_sigma1_5_5seed/cifar100/mneablate_cifar100_weight_decay_weights_only_rcnone_seed44_L16_trainT0/noise_sweep_matrix_cifar100_vgg16_T16_mode_rate_uniform_schedule_normal_seed_44.csv
cifar100,vgg16,weight_decay_weights_only,weight_decay_conv_linear_only,weight_decay_weights_only,none,none,0.0005,44,16,0,16,rate_uniform,normal,pre_first_conv,gaussian,4.25,2.780000,/scratch/gs14/sl9144/qcfs_checkpoints/cifar100-checkpoints/vgg16_L[16]_mneablate_cifar100_weight_decay_weights_only_rcnone_seed44_L16_trainT0.pth,/home/595/sl9144/codes/snn_simulation/important_results/cifar100_vgg16_five_regs_pre_first_conv_sigma1_5_5seed/cifar100/mneablate_cifar100_weight_decay_weights_only_rcnone_seed44_L16_trainT0/noise_sweep_matrix_cifar100_vgg16_T16_mode_rate_uniform_schedule_normal_seed_44.csv
cifar100,vgg16,weight_decay_weights_only,weight_decay_conv_linear_only,weight_decay_weights_only,none,none,0.0005,44,16,0,16,rate_uniform,normal,pre_first_conv,gaussian,4.5,2.600000,/scratch/gs14/sl9144/qcfs_checkpoints/cifar100-checkpoints/vgg16_L[16]_mneablate_cifar100_weight_decay_weights_only_rcnone_seed44_L16_trainT0.pth,/home/595/sl9144/codes/snn_simulation/important_results/cifar100_vgg16_five_regs_pre_first_conv_sigma1_5_5seed/cifar100/mneablate_cifar100_weight_decay_weights_only_rcnone_seed44_L16_trainT0/noise_sweep_matrix_cifar100_vgg16_T16_mode_rate_uniform_schedule_normal_seed_44.csv
cifar100,vgg16,weight_decay_weights_only,weight_decay_conv_linear_only,weight_decay_weights_only,none,none,0.0005,44,16,0,16,rate_uniform,normal,pre_first_conv,gaussian,4.75,2.290000,/scratch/gs14/sl9144/qcfs_checkpoints/cifar100-checkpoints/vgg16_L[16]_mneablate_cifar100_weight_decay_weights_only_rcnone_seed44_L16_trainT0.pth,/home/595/sl9144/codes/snn_simulation/important_results/cifar100_vgg16_five_regs_pre_first_conv_sigma1_5_5seed/cifar100/mneablate_cifar100_weight_decay_weights_only_rcnone_seed44_L16_trainT0/noise_sweep_matrix_cifar100_vgg16_T16_mode_rate_uniform_schedule_normal_seed_44.csv
cifar100,vgg16,weight_decay_weights_only,weight_decay_conv_linear_only,weight_decay_weights_only,none,none,0.0005,44,16,0,16,rate_uniform,normal,pre_first_conv,gaussian,5,2.100000,/scratch/gs14/sl9144/qcfs_checkpoints/cifar100-checkpoints/vgg16_L[16]_mneablate_cifar100_weight_decay_weights_only_rcnone_seed44_L16_trainT0.pth,/home/595/sl9144/codes/snn_simulation/important_results/cifar100_vgg16_five_regs_pre_first_conv_sigma1_5_5seed/cifar100/mneablate_cifar100_weight_decay_weights_only_rcnone_seed44_L16_trainT0/noise_sweep_matrix_cifar100_vgg16_T16_mode_rate_uniform_schedule_normal_seed_44.csv
cifar100,vgg16,l1,l1_rc1e-5,l1,1e-05,none,0.0,40,16,0,16,rate_uniform,normal,pre_first_conv,gaussian,1,16.040000,/scratch/gs14/sl9144/qcfs_checkpoints/cifar100-checkpoints/vgg16_L[16]_mneablate_cifar100_l1_rc1em05_seed40_L16_trainT0.pth,/home/595/sl9144/codes/snn_simulation/important_results/cifar100_vgg16_five_regs_pre_first_conv_sigma1_5_5seed/cifar100/mneablate_cifar100_l1_rc1em05_seed40_L16_trainT0/noise_sweep_matrix_cifar100_vgg16_T16_mode_rate_uniform_schedule_normal_seed_40.csv
cifar100,vgg16,l1,l1_rc1e-5,l1,1e-05,none,0.0,40,16,0,16,rate_uniform,normal,pre_first_conv,gaussian,1.25,11.590000,/scratch/gs14/sl9144/qcfs_checkpoints/cifar100-checkpoints/vgg16_L[16]_mneablate_cifar100_l1_rc1em05_seed40_L16_trainT0.pth,/home/595/sl9144/codes/snn_simulation/important_results/cifar100_vgg16_five_regs_pre_first_conv_sigma1_5_5seed/cifar100/mneablate_cifar100_l1_rc1em05_seed40_L16_trainT0/noise_sweep_matrix_cifar100_vgg16_T16_mode_rate_uniform_schedule_normal_seed_40.csv
cifar100,vgg16,l1,l1_rc1e-5,l1,1e-05,none,0.0,40,16,0,16,rate_uniform,normal,pre_first_conv,gaussian,1.5,8.690000,/scratch/gs14/sl9144/qcfs_checkpoints/cifar100-checkpoints/vgg16_L[16]_mneablate_cifar100_l1_rc1em05_seed40_L16_trainT0.pth,/home/595/sl9144/codes/snn_simulation/important_results/cifar100_vgg16_five_regs_pre_first_conv_sigma1_5_5seed/cifar100/mneablate_cifar100_l1_rc1em05_seed40_L16_trainT0/noise_sweep_matrix_cifar100_vgg16_T16_mode_rate_uniform_schedule_normal_seed_40.csv
cifar100,vgg16,l1,l1_rc1e-5,l1,1e-05,none,0.0,40,16,0,16,rate_uniform,normal,pre_first_conv,gaussian,1.75,6.680000,/scratch/gs14/sl9144/qcfs_checkpoints/cifar100-checkpoints/vgg16_L[16]_mneablate_cifar100_l1_rc1em05_seed40_L16_trainT0.pth,/home/595/sl9144/codes/snn_simulation/important_results/cifar100_vgg16_five_regs_pre_first_conv_sigma1_5_5seed/cifar100/mneablate_cifar100_l1_rc1em05_seed40_L16_trainT0/noise_sweep_matrix_cifar100_vgg16_T16_mode_rate_uniform_schedule_normal_seed_40.csv
cifar100,vgg16,l1,l1_rc1e-5,l1,1e-05,none,0.0,40,16,0,16,rate_uniform,normal,pre_first_conv,gaussian,2,5.370000,/scratch/gs14/sl9144/qcfs_checkpoints/cifar100-checkpoints/vgg16_L[16]_mneablate_cifar100_l1_rc1em05_seed40_L16_trainT0.pth,/home/595/sl9144/codes/snn_simulation/important_results/cifar100_vgg16_five_regs_pre_first_conv_sigma1_5_5seed/cifar100/mneablate_cifar100_l1_rc1em05_seed40_L16_trainT0/noise_sweep_matrix_cifar100_vgg16_T16_mode_rate_uniform_schedule_normal_seed_40.csv
cifar100,vgg16,l1,l1_rc1e-5,l1,1e-05,none,0.0,40,16,0,16,rate_uniform,normal,pre_first_conv,gaussian,2.25,4.380000,/scratch/gs14/sl9144/qcfs_checkpoints/cifar100-checkpoints/vgg16_L[16]_mneablate_cifar100_l1_rc1em05_seed40_L16_trainT0.pth,/home/595/sl9144/codes/snn_simulation/important_results/cifar100_vgg16_five_regs_pre_first_conv_sigma1_5_5seed/cifar100/mneablate_cifar100_l1_rc1em05_seed40_L16_trainT0/noise_sweep_matrix_cifar100_vgg16_T16_mode_rate_uniform_schedule_normal_seed_40.csv
cifar100,vgg16,l1,l1_rc1e-5,l1,1e-05,none,0.0,40,16,0,16,rate_uniform,normal,pre_first_conv,gaussian,2.5,3.590000,/scratch/gs14/sl9144/qcfs_checkpoints/cifar100-checkpoints/vgg16_L[16]_mneablate_cifar100_l1_rc1em05_seed40_L16_trainT0.pth,/home/595/sl9144/codes/snn_simulation/important_results/cifar100_vgg16_five_regs_pre_first_conv_sigma1_5_5seed/cifar100/mneablate_cifar100_l1_rc1em05_seed40_L16_trainT0/noise_sweep_matrix_cifar100_vgg16_T16_mode_rate_uniform_schedule_normal_seed_40.csv
cifar100,vgg16,l1,l1_rc1e-5,l1,1e-05,none,0.0,40,16,0,16,rate_uniform,normal,pre_first_conv,gaussian,2.75,3.120000,/scratch/gs14/sl9144/qcfs_checkpoints/cifar100-checkpoints/vgg16_L[16]_mneablate_cifar100_l1_rc1em05_seed40_L16_trainT0.pth,/home/595/sl9144/codes/snn_simulation/important_results/cifar100_vgg16_five_regs_pre_first_conv_sigma1_5_5seed/cifar100/mneablate_cifar100_l1_rc1em05_seed40_L16_trainT0/noise_sweep_matrix_cifar100_vgg16_T16_mode_rate_uniform_schedule_normal_seed_40.csv
cifar100,vgg16,l1,l1_rc1e-5,l1,1e-05,none,0.0,40,16,0,16,rate_uniform,normal,pre_first_conv,gaussian,3,2.880000,/scratch/gs14/sl9144/qcfs_checkpoints/cifar100-checkpoints/vgg16_L[16]_mneablate_cifar100_l1_rc1em05_seed40_L16_trainT0.pth,/home/595/sl9144/codes/snn_simulation/important_results/cifar100_vgg16_five_regs_pre_first_conv_sigma1_5_5seed/cifar100/mneablate_cifar100_l1_rc1em05_seed40_L16_trainT0/noise_sweep_matrix_cifar100_vgg16_T16_mode_rate_uniform_schedule_normal_seed_40.csv
cifar100,vgg16,l1,l1_rc1e-5,l1,1e-05,none,0.0,40,16,0,16,rate_uniform,normal,pre_first_conv,gaussian,3.25,2.320000,/scratch/gs14/sl9144/qcfs_checkpoints/cifar100-checkpoints/vgg16_L[16]_mneablate_cifar100_l1_rc1em05_seed40_L16_trainT0.pth,/home/595/sl9144/codes/snn_simulation/important_results/cifar100_vgg16_five_regs_pre_first_conv_sigma1_5_5seed/cifar100/mneablate_cifar100_l1_rc1em05_seed40_L16_trainT0/noise_sweep_matrix_cifar100_vgg16_T16_mode_rate_uniform_schedule_normal_seed_40.csv
cifar100,vgg16,l1,l1_rc1e-5,l1,1e-05,none,0.0,40,16,0,16,rate_uniform,normal,pre_first_conv,gaussian,3.5,2.210000,/scratch/gs14/sl9144/qcfs_checkpoints/cifar100-checkpoints/vgg16_L[16]_mneablate_cifar100_l1_rc1em05_seed40_L16_trainT0.pth,/home/595/sl9144/codes/snn_simulation/important_results/cifar100_vgg16_five_regs_pre_first_conv_sigma1_5_5seed/cifar100/mneablate_cifar100_l1_rc1em05_seed40_L16_trainT0/noise_sweep_matrix_cifar100_vgg16_T16_mode_rate_uniform_schedule_normal_seed_40.csv
cifar100,vgg16,l1,l1_rc1e-5,l1,1e-05,none,0.0,40,16,0,16,rate_uniform,normal,pre_first_conv,gaussian,3.75,2.050000,/scratch/gs14/sl9144/qcfs_checkpoints/cifar100-checkpoints/vgg16_L[16]_mneablate_cifar100_l1_rc1em05_seed40_L16_trainT0.pth,/home/595/sl9144/codes/snn_simulation/important_results/cifar100_vgg16_five_regs_pre_first_conv_sigma1_5_5seed/cifar100/mneablate_cifar100_l1_rc1em05_seed40_L16_trainT0/noise_sweep_matrix_cifar100_vgg16_T16_mode_rate_uniform_schedule_normal_seed_40.csv
cifar100,vgg16,l1,l1_rc1e-5,l1,1e-05,none,0.0,40,16,0,16,rate_uniform,normal,pre_first_conv,gaussian,4,1.710000,/scratch/gs14/sl9144/qcfs_checkpoints/cifar100-checkpoints/vgg16_L[16]_mneablate_cifar100_l1_rc1em05_seed40_L16_trainT0.pth,/home/595/sl9144/codes/snn_simulation/important_results/cifar100_vgg16_five_regs_pre_first_conv_sigma1_5_5seed/cifar100/mneablate_cifar100_l1_rc1em05_seed40_L16_trainT0/noise_sweep_matrix_cifar100_vgg16_T16_mode_rate_uniform_schedule_normal_seed_40.csv
cifar100,vgg16,l1,l1_rc1e-5,l1,1e-05,none,0.0,40,16,0,16,rate_uniform,normal,pre_first_conv,gaussian,4.25,1.600000,/scratch/gs14/sl9144/qcfs_checkpoints/cifar100-checkpoints/vgg16_L[16]_mneablate_cifar100_l1_rc1em05_seed40_L16_trainT0.pth,/home/595/sl9144/codes/snn_simulation/important_results/cifar100_vgg16_five_regs_pre_first_conv_sigma1_5_5seed/cifar100/mneablate_cifar100_l1_rc1em05_seed40_L16_trainT0/noise_sweep_matrix_cifar100_vgg16_T16_mode_rate_uniform_schedule_normal_seed_40.csv
cifar100,vgg16,l1,l1_rc1e-5,l1,1e-05,none,0.0,40,16,0,16,rate_uniform,normal,pre_first_conv,gaussian,4.5,1.460000,/scratch/gs14/sl9144/qcfs_checkpoints/cifar100-checkpoints/vgg16_L[16]_mneablate_cifar100_l1_rc1em05_seed40_L16_trainT0.pth,/home/595/sl9144/codes/snn_simulation/important_results/cifar100_vgg16_five_regs_pre_first_conv_sigma1_5_5seed/cifar100/mneablate_cifar100_l1_rc1em05_seed40_L16_trainT0/noise_sweep_matrix_cifar100_vgg16_T16_mode_rate_uniform_schedule_normal_seed_40.csv
cifar100,vgg16,l1,l1_rc1e-5,l1,1e-05,none,0.0,40,16,0,16,rate_uniform,normal,pre_first_conv,gaussian,4.75,1.430000,/scratch/gs14/sl9144/qcfs_checkpoints/cifar100-checkpoints/vgg16_L[16]_mneablate_cifar100_l1_rc1em05_seed40_L16_trainT0.pth,/home/595/sl9144/codes/snn_simulation/important_results/cifar100_vgg16_five_regs_pre_first_conv_sigma1_5_5seed/cifar100/mneablate_cifar100_l1_rc1em05_seed40_L16_trainT0/noise_sweep_matrix_cifar100_vgg16_T16_mode_rate_uniform_schedule_normal_seed_40.csv
cifar100,vgg16,l1,l1_rc1e-5,l1,1e-05,none,0.0,40,16,0,16,rate_uniform,normal,pre_first_conv,gaussian,5,1.440000,/scratch/gs14/sl9144/qcfs_checkpoints/cifar100-checkpoints/vgg16_L[16]_mneablate_cifar100_l1_rc1em05_seed40_L16_trainT0.pth,/home/595/sl9144/codes/snn_simulation/important_results/cifar100_vgg16_five_regs_pre_first_conv_sigma1_5_5seed/cifar100/mneablate_cifar100_l1_rc1em05_seed40_L16_trainT0/noise_sweep_matrix_cifar100_vgg16_T16_mode_rate_uniform_schedule_normal_seed_40.csv
cifar100,vgg16,l1,l1_rc1e-5,l1,1e-05,none,0.0,41,16,0,16,rate_uniform,normal,pre_first_conv,gaussian,1,15.250000,/scratch/gs14/sl9144/qcfs_checkpoints/cifar100-checkpoints/vgg16_L[16]_mneablate_cifar100_l1_rc1em05_seed41_L16_trainT0.pth,/home/595/sl9144/codes/snn_simulation/important_results/cifar100_vgg16_five_regs_pre_first_conv_sigma1_5_5seed/cifar100/mneablate_cifar100_l1_rc1em05_seed41_L16_trainT0/noise_sweep_matrix_cifar100_vgg16_T16_mode_rate_uniform_schedule_normal_seed_41.csv
cifar100,vgg16,l1,l1_rc1e-5,l1,1e-05,none,0.0,41,16,0,16,rate_uniform,normal,pre_first_conv,gaussian,1.25,10.880000,/scratch/gs14/sl9144/qcfs_checkpoints/cifar100-checkpoints/vgg16_L[16]_mneablate_cifar100_l1_rc1em05_seed41_L16_trainT0.pth,/home/595/sl9144/codes/snn_simulation/important_results/cifar100_vgg16_five_regs_pre_first_conv_sigma1_5_5seed/cifar100/mneablate_cifar100_l1_rc1em05_seed41_L16_trainT0/noise_sweep_matrix_cifar100_vgg16_T16_mode_rate_uniform_schedule_normal_seed_41.csv
cifar100,vgg16,l1,l1_rc1e-5,l1,1e-05,none,0.0,41,16,0,16,rate_uniform,normal,pre_first_conv,gaussian,1.5,7.700000,/scratch/gs14/sl9144/qcfs_checkpoints/cifar100-checkpoints/vgg16_L[16]_mneablate_cifar100_l1_rc1em05_seed41_L16_trainT0.pth,/home/595/sl9144/codes/snn_simulation/important_results/cifar100_vgg16_five_regs_pre_first_conv_sigma1_5_5seed/cifar100/mneablate_cifar100_l1_rc1em05_seed41_L16_trainT0/noise_sweep_matrix_cifar100_vgg16_T16_mode_rate_uniform_schedule_normal_seed_41.csv
cifar100,vgg16,l1,l1_rc1e-5,l1,1e-05,none,0.0,41,16,0,16,rate_uniform,normal,pre_first_conv,gaussian,1.75,5.850000,/scratch/gs14/sl9144/qcfs_checkpoints/cifar100-checkpoints/vgg16_L[16]_mneablate_cifar100_l1_rc1em05_seed41_L16_trainT0.pth,/home/595/sl9144/codes/snn_simulation/important_results/cifar100_vgg16_five_regs_pre_first_conv_sigma1_5_5seed/cifar100/mneablate_cifar100_l1_rc1em05_seed41_L16_trainT0/noise_sweep_matrix_cifar100_vgg16_T16_mode_rate_uniform_schedule_normal_seed_41.csv
cifar100,vgg16,l1,l1_rc1e-5,l1,1e-05,none,0.0,41,16,0,16,rate_uniform,normal,pre_first_conv,gaussian,2,4.540000,/scratch/gs14/sl9144/qcfs_checkpoints/cifar100-checkpoints/vgg16_L[16]_mneablate_cifar100_l1_rc1em05_seed41_L16_trainT0.pth,/home/595/sl9144/codes/snn_simulation/important_results/cifar100_vgg16_five_regs_pre_first_conv_sigma1_5_5seed/cifar100/mneablate_cifar100_l1_rc1em05_seed41_L16_trainT0/noise_sweep_matrix_cifar100_vgg16_T16_mode_rate_uniform_schedule_normal_seed_41.csv
cifar100,vgg16,l1,l1_rc1e-5,l1,1e-05,none,0.0,41,16,0,16,rate_uniform,normal,pre_first_conv,gaussian,2.25,3.430000,/scratch/gs14/sl9144/qcfs_checkpoints/cifar100-checkpoints/vgg16_L[16]_mneablate_cifar100_l1_rc1em05_seed41_L16_trainT0.pth,/home/595/sl9144/codes/snn_simulation/important_results/cifar100_vgg16_five_regs_pre_first_conv_sigma1_5_5seed/cifar100/mneablate_cifar100_l1_rc1em05_seed41_L16_trainT0/noise_sweep_matrix_cifar100_vgg16_T16_mode_rate_uniform_schedule_normal_seed_41.csv
cifar100,vgg16,l1,l1_rc1e-5,l1,1e-05,none,0.0,41,16,0,16,rate_uniform,normal,pre_first_conv,gaussian,2.5,2.820000,/scratch/gs14/sl9144/qcfs_checkpoints/cifar100-checkpoints/vgg16_L[16]_mneablate_cifar100_l1_rc1em05_seed41_L16_trainT0.pth,/home/595/sl9144/codes/snn_simulation/important_results/cifar100_vgg16_five_regs_pre_first_conv_sigma1_5_5seed/cifar100/mneablate_cifar100_l1_rc1em05_seed41_L16_trainT0/noise_sweep_matrix_cifar100_vgg16_T16_mode_rate_uniform_schedule_normal_seed_41.csv
cifar100,vgg16,l1,l1_rc1e-5,l1,1e-05,none,0.0,41,16,0,16,rate_uniform,normal,pre_first_conv,gaussian,2.75,2.370000,/scratch/gs14/sl9144/qcfs_checkpoints/cifar100-checkpoints/vgg16_L[16]_mneablate_cifar100_l1_rc1em05_seed41_L16_trainT0.pth,/home/595/sl9144/codes/snn_simulation/important_results/cifar100_vgg16_five_regs_pre_first_conv_sigma1_5_5seed/cifar100/mneablate_cifar100_l1_rc1em05_seed41_L16_trainT0/noise_sweep_matrix_cifar100_vgg16_T16_mode_rate_uniform_schedule_normal_seed_41.csv
cifar100,vgg16,l1,l1_rc1e-5,l1,1e-05,none,0.0,41,16,0,16,rate_uniform,normal,pre_first_conv,gaussian,3,2.030000,/scratch/gs14/sl9144/qcfs_checkpoints/cifar100-checkpoints/vgg16_L[16]_mneablate_cifar100_l1_rc1em05_seed41_L16_trainT0.pth,/home/595/sl9144/codes/snn_simulation/important_results/cifar100_vgg16_five_regs_pre_first_conv_sigma1_5_5seed/cifar100/mneablate_cifar100_l1_rc1em05_seed41_L16_trainT0/noise_sweep_matrix_cifar100_vgg16_T16_mode_rate_uniform_schedule_normal_seed_41.csv
cifar100,vgg16,l1,l1_rc1e-5,l1,1e-05,none,0.0,41,16,0,16,rate_uniform,normal,pre_first_conv,gaussian,3.25,1.760000,/scratch/gs14/sl9144/qcfs_checkpoints/cifar100-checkpoints/vgg16_L[16]_mneablate_cifar100_l1_rc1em05_seed41_L16_trainT0.pth,/home/595/sl9144/codes/snn_simulation/important_results/cifar100_vgg16_five_regs_pre_first_conv_sigma1_5_5seed/cifar100/mneablate_cifar100_l1_rc1em05_seed41_L16_trainT0/noise_sweep_matrix_cifar100_vgg16_T16_mode_rate_uniform_schedule_normal_seed_41.csv
cifar100,vgg16,l1,l1_rc1e-5,l1,1e-05,none,0.0,41,16,0,16,rate_uniform,normal,pre_first_conv,gaussian,3.5,1.730000,/scratch/gs14/sl9144/qcfs_checkpoints/cifar100-checkpoints/vgg16_L[16]_mneablate_cifar100_l1_rc1em05_seed41_L16_trainT0.pth,/home/595/sl9144/codes/snn_simulation/important_results/cifar100_vgg16_five_regs_pre_first_conv_sigma1_5_5seed/cifar100/mneablate_cifar100_l1_rc1em05_seed41_L16_trainT0/noise_sweep_matrix_cifar100_vgg16_T16_mode_rate_uniform_schedule_normal_seed_41.csv
cifar100,vgg16,l1,l1_rc1e-5,l1,1e-05,none,0.0,41,16,0,16,rate_uniform,normal,pre_first_conv,gaussian,3.75,1.670000,/scratch/gs14/sl9144/qcfs_checkpoints/cifar100-checkpoints/vgg16_L[16]_mneablate_cifar100_l1_rc1em05_seed41_L16_trainT0.pth,/home/595/sl9144/codes/snn_simulation/important_results/cifar100_vgg16_five_regs_pre_first_conv_sigma1_5_5seed/cifar100/mneablate_cifar100_l1_rc1em05_seed41_L16_trainT0/noise_sweep_matrix_cifar100_vgg16_T16_mode_rate_uniform_schedule_normal_seed_41.csv
cifar100,vgg16,l1,l1_rc1e-5,l1,1e-05,none,0.0,41,16,0,16,rate_uniform,normal,pre_first_conv,gaussian,4,1.440000,/scratch/gs14/sl9144/qcfs_checkpoints/cifar100-checkpoints/vgg16_L[16]_mneablate_cifar100_l1_rc1em05_seed41_L16_trainT0.pth,/home/595/sl9144/codes/snn_simulation/important_results/cifar100_vgg16_five_regs_pre_first_conv_sigma1_5_5seed/cifar100/mneablate_cifar100_l1_rc1em05_seed41_L16_trainT0/noise_sweep_matrix_cifar100_vgg16_T16_mode_rate_uniform_schedule_normal_seed_41.csv
cifar100,vgg16,l1,l1_rc1e-5,l1,1e-05,none,0.0,41,16,0,16,rate_uniform,normal,pre_first_conv,gaussian,4.25,1.360000,/scratch/gs14/sl9144/qcfs_checkpoints/cifar100-checkpoints/vgg16_L[16]_mneablate_cifar100_l1_rc1em05_seed41_L16_trainT0.pth,/home/595/sl9144/codes/snn_simulation/important_results/cifar100_vgg16_five_regs_pre_first_conv_sigma1_5_5seed/cifar100/mneablate_cifar100_l1_rc1em05_seed41_L16_trainT0/noise_sweep_matrix_cifar100_vgg16_T16_mode_rate_uniform_schedule_normal_seed_41.csv
cifar100,vgg16,l1,l1_rc1e-5,l1,1e-05,none,0.0,41,16,0,16,rate_uniform,normal,pre_first_conv,gaussian,4.5,1.330000,/scratch/gs14/sl9144/qcfs_checkpoints/cifar100-checkpoints/vgg16_L[16]_mneablate_cifar100_l1_rc1em05_seed41_L16_trainT0.pth,/home/595/sl9144/codes/snn_simulation/important_results/cifar100_vgg16_five_regs_pre_first_conv_sigma1_5_5seed/cifar100/mneablate_cifar100_l1_rc1em05_seed41_L16_trainT0/noise_sweep_matrix_cifar100_vgg16_T16_mode_rate_uniform_schedule_normal_seed_41.csv
cifar100,vgg16,l1,l1_rc1e-5,l1,1e-05,none,0.0,41,16,0,16,rate_uniform,normal,pre_first_conv,gaussian,4.75,1.210000,/scratch/gs14/sl9144/qcfs_checkpoints/cifar100-checkpoints/vgg16_L[16]_mneablate_cifar100_l1_rc1em05_seed41_L16_trainT0.pth,/home/595/sl9144/codes/snn_simulation/important_results/cifar100_vgg16_five_regs_pre_first_conv_sigma1_5_5seed/cifar100/mneablate_cifar100_l1_rc1em05_seed41_L16_trainT0/noise_sweep_matrix_cifar100_vgg16_T16_mode_rate_uniform_schedule_normal_seed_41.csv
cifar100,vgg16,l1,l1_rc1e-5,l1,1e-05,none,0.0,41,16,0,16,rate_uniform,normal,pre_first_conv,gaussian,5,1.160000,/scratch/gs14/sl9144/qcfs_checkpoints/cifar100-checkpoints/vgg16_L[16]_mneablate_cifar100_l1_rc1em05_seed41_L16_trainT0.pth,/home/595/sl9144/codes/snn_simulation/important_results/cifar100_vgg16_five_regs_pre_first_conv_sigma1_5_5seed/cifar100/mneablate_cifar100_l1_rc1em05_seed41_L16_trainT0/noise_sweep_matrix_cifar100_vgg16_T16_mode_rate_uniform_schedule_normal_seed_41.csv
cifar100,vgg16,l1,l1_rc1e-5,l1,1e-05,none,0.0,42,16,0,16,rate_uniform,normal,pre_first_conv,gaussian,1,16.040000,/scratch/gs14/sl9144/qcfs_checkpoints/cifar100-checkpoints/vgg16_L[16]_mneablate_cifar100_l1_rc1em05_seed42_L16_trainT0.pth,/home/595/sl9144/codes/snn_simulation/important_results/cifar100_vgg16_five_regs_pre_first_conv_sigma1_5_5seed/cifar100/mneablate_cifar100_l1_rc1em05_seed42_L16_trainT0/noise_sweep_matrix_cifar100_vgg16_T16_mode_rate_uniform_schedule_normal_seed_42.csv
cifar100,vgg16,l1,l1_rc1e-5,l1,1e-05,none,0.0,42,16,0,16,rate_uniform,normal,pre_first_conv,gaussian,1.25,11.510000,/scratch/gs14/sl9144/qcfs_checkpoints/cifar100-checkpoints/vgg16_L[16]_mneablate_cifar100_l1_rc1em05_seed42_L16_trainT0.pth,/home/595/sl9144/codes/snn_simulation/important_results/cifar100_vgg16_five_regs_pre_first_conv_sigma1_5_5seed/cifar100/mneablate_cifar100_l1_rc1em05_seed42_L16_trainT0/noise_sweep_matrix_cifar100_vgg16_T16_mode_rate_uniform_schedule_normal_seed_42.csv
cifar100,vgg16,l1,l1_rc1e-5,l1,1e-05,none,0.0,42,16,0,16,rate_uniform,normal,pre_first_conv,gaussian,1.5,8.390000,/scratch/gs14/sl9144/qcfs_checkpoints/cifar100-checkpoints/vgg16_L[16]_mneablate_cifar100_l1_rc1em05_seed42_L16_trainT0.pth,/home/595/sl9144/codes/snn_simulation/important_results/cifar100_vgg16_five_regs_pre_first_conv_sigma1_5_5seed/cifar100/mneablate_cifar100_l1_rc1em05_seed42_L16_trainT0/noise_sweep_matrix_cifar100_vgg16_T16_mode_rate_uniform_schedule_normal_seed_42.csv
cifar100,vgg16,l1,l1_rc1e-5,l1,1e-05,none,0.0,42,16,0,16,rate_uniform,normal,pre_first_conv,gaussian,1.75,6.390000,/scratch/gs14/sl9144/qcfs_checkpoints/cifar100-checkpoints/vgg16_L[16]_mneablate_cifar100_l1_rc1em05_seed42_L16_trainT0.pth,/home/595/sl9144/codes/snn_simulation/important_results/cifar100_vgg16_five_regs_pre_first_conv_sigma1_5_5seed/cifar100/mneablate_cifar100_l1_rc1em05_seed42_L16_trainT0/noise_sweep_matrix_cifar100_vgg16_T16_mode_rate_uniform_schedule_normal_seed_42.csv
cifar100,vgg16,l1,l1_rc1e-5,l1,1e-05,none,0.0,42,16,0,16,rate_uniform,normal,pre_first_conv,gaussian,2,4.890000,/scratch/gs14/sl9144/qcfs_checkpoints/cifar100-checkpoints/vgg16_L[16]_mneablate_cifar100_l1_rc1em05_seed42_L16_trainT0.pth,/home/595/sl9144/codes/snn_simulation/important_results/cifar100_vgg16_five_regs_pre_first_conv_sigma1_5_5seed/cifar100/mneablate_cifar100_l1_rc1em05_seed42_L16_trainT0/noise_sweep_matrix_cifar100_vgg16_T16_mode_rate_uniform_schedule_normal_seed_42.csv
cifar100,vgg16,l1,l1_rc1e-5,l1,1e-05,none,0.0,42,16,0,16,rate_uniform,normal,pre_first_conv,gaussian,2.25,4.030000,/scratch/gs14/sl9144/qcfs_checkpoints/cifar100-checkpoints/vgg16_L[16]_mneablate_cifar100_l1_rc1em05_seed42_L16_trainT0.pth,/home/595/sl9144/codes/snn_simulation/important_results/cifar100_vgg16_five_regs_pre_first_conv_sigma1_5_5seed/cifar100/mneablate_cifar100_l1_rc1em05_seed42_L16_trainT0/noise_sweep_matrix_cifar100_vgg16_T16_mode_rate_uniform_schedule_normal_seed_42.csv
cifar100,vgg16,l1,l1_rc1e-5,l1,1e-05,none,0.0,42,16,0,16,rate_uniform,normal,pre_first_conv,gaussian,2.5,3.340000,/scratch/gs14/sl9144/qcfs_checkpoints/cifar100-checkpoints/vgg16_L[16]_mneablate_cifar100_l1_rc1em05_seed42_L16_trainT0.pth,/home/595/sl9144/codes/snn_simulation/important_results/cifar100_vgg16_five_regs_pre_first_conv_sigma1_5_5seed/cifar100/mneablate_cifar100_l1_rc1em05_seed42_L16_trainT0/noise_sweep_matrix_cifar100_vgg16_T16_mode_rate_uniform_schedule_normal_seed_42.csv
cifar100,vgg16,l1,l1_rc1e-5,l1,1e-05,none,0.0,42,16,0,16,rate_uniform,normal,pre_first_conv,gaussian,2.75,2.760000,/scratch/gs14/sl9144/qcfs_checkpoints/cifar100-checkpoints/vgg16_L[16]_mneablate_cifar100_l1_rc1em05_seed42_L16_trainT0.pth,/home/595/sl9144/codes/snn_simulation/important_results/cifar100_vgg16_five_regs_pre_first_conv_sigma1_5_5seed/cifar100/mneablate_cifar100_l1_rc1em05_seed42_L16_trainT0/noise_sweep_matrix_cifar100_vgg16_T16_mode_rate_uniform_schedule_normal_seed_42.csv
cifar100,vgg16,l1,l1_rc1e-5,l1,1e-05,none,0.0,42,16,0,16,rate_uniform,normal,pre_first_conv,gaussian,3,2.320000,/scratch/gs14/sl9144/qcfs_checkpoints/cifar100-checkpoints/vgg16_L[16]_mneablate_cifar100_l1_rc1em05_seed42_L16_trainT0.pth,/home/595/sl9144/codes/snn_simulation/important_results/cifar100_vgg16_five_regs_pre_first_conv_sigma1_5_5seed/cifar100/mneablate_cifar100_l1_rc1em05_seed42_L16_trainT0/noise_sweep_matrix_cifar100_vgg16_T16_mode_rate_uniform_schedule_normal_seed_42.csv
cifar100,vgg16,l1,l1_rc1e-5,l1,1e-05,none,0.0,42,16,0,16,rate_uniform,normal,pre_first_conv,gaussian,3.25,1.920000,/scratch/gs14/sl9144/qcfs_checkpoints/cifar100-checkpoints/vgg16_L[16]_mneablate_cifar100_l1_rc1em05_seed42_L16_trainT0.pth,/home/595/sl9144/codes/snn_simulation/important_results/cifar100_vgg16_five_regs_pre_first_conv_sigma1_5_5seed/cifar100/mneablate_cifar100_l1_rc1em05_seed42_L16_trainT0/noise_sweep_matrix_cifar100_vgg16_T16_mode_rate_uniform_schedule_normal_seed_42.csv
cifar100,vgg16,l1,l1_rc1e-5,l1,1e-05,none,0.0,42,16,0,16,rate_uniform,normal,pre_first_conv,gaussian,3.5,1.730000,/scratch/gs14/sl9144/qcfs_checkpoints/cifar100-checkpoints/vgg16_L[16]_mneablate_cifar100_l1_rc1em05_seed42_L16_trainT0.pth,/home/595/sl9144/codes/snn_simulation/important_results/cifar100_vgg16_five_regs_pre_first_conv_sigma1_5_5seed/cifar100/mneablate_cifar100_l1_rc1em05_seed42_L16_trainT0/noise_sweep_matrix_cifar100_vgg16_T16_mode_rate_uniform_schedule_normal_seed_42.csv
cifar100,vgg16,l1,l1_rc1e-5,l1,1e-05,none,0.0,42,16,0,16,rate_uniform,normal,pre_first_conv,gaussian,3.75,1.610000,/scratch/gs14/sl9144/qcfs_checkpoints/cifar100-checkpoints/vgg16_L[16]_mneablate_cifar100_l1_rc1em05_seed42_L16_trainT0.pth,/home/595/sl9144/codes/snn_simulation/important_results/cifar100_vgg16_five_regs_pre_first_conv_sigma1_5_5seed/cifar100/mneablate_cifar100_l1_rc1em05_seed42_L16_trainT0/noise_sweep_matrix_cifar100_vgg16_T16_mode_rate_uniform_schedule_normal_seed_42.csv
cifar100,vgg16,l1,l1_rc1e-5,l1,1e-05,none,0.0,42,16,0,16,rate_uniform,normal,pre_first_conv,gaussian,4,1.440000,/scratch/gs14/sl9144/qcfs_checkpoints/cifar100-checkpoints/vgg16_L[16]_mneablate_cifar100_l1_rc1em05_seed42_L16_trainT0.pth,/home/595/sl9144/codes/snn_simulation/important_results/cifar100_vgg16_five_regs_pre_first_conv_sigma1_5_5seed/cifar100/mneablate_cifar100_l1_rc1em05_seed42_L16_trainT0/noise_sweep_matrix_cifar100_vgg16_T16_mode_rate_uniform_schedule_normal_seed_42.csv
cifar100,vgg16,l1,l1_rc1e-5,l1,1e-05,none,0.0,42,16,0,16,rate_uniform,normal,pre_first_conv,gaussian,4.25,1.400000,/scratch/gs14/sl9144/qcfs_checkpoints/cifar100-checkpoints/vgg16_L[16]_mneablate_cifar100_l1_rc1em05_seed42_L16_trainT0.pth,/home/595/sl9144/codes/snn_simulation/important_results/cifar100_vgg16_five_regs_pre_first_conv_sigma1_5_5seed/cifar100/mneablate_cifar100_l1_rc1em05_seed42_L16_trainT0/noise_sweep_matrix_cifar100_vgg16_T16_mode_rate_uniform_schedule_normal_seed_42.csv
cifar100,vgg16,l1,l1_rc1e-5,l1,1e-05,none,0.0,42,16,0,16,rate_uniform,normal,pre_first_conv,gaussian,4.5,1.340000,/scratch/gs14/sl9144/qcfs_checkpoints/cifar100-checkpoints/vgg16_L[16]_mneablate_cifar100_l1_rc1em05_seed42_L16_trainT0.pth,/home/595/sl9144/codes/snn_simulation/important_results/cifar100_vgg16_five_regs_pre_first_conv_sigma1_5_5seed/cifar100/mneablate_cifar100_l1_rc1em05_seed42_L16_trainT0/noise_sweep_matrix_cifar100_vgg16_T16_mode_rate_uniform_schedule_normal_seed_42.csv
cifar100,vgg16,l1,l1_rc1e-5,l1,1e-05,none,0.0,42,16,0,16,rate_uniform,normal,pre_first_conv,gaussian,4.75,1.140000,/scratch/gs14/sl9144/qcfs_checkpoints/cifar100-checkpoints/vgg16_L[16]_mneablate_cifar100_l1_rc1em05_seed42_L16_trainT0.pth,/home/595/sl9144/codes/snn_simulation/important_results/cifar100_vgg16_five_regs_pre_first_conv_sigma1_5_5seed/cifar100/mneablate_cifar100_l1_rc1em05_seed42_L16_trainT0/noise_sweep_matrix_cifar100_vgg16_T16_mode_rate_uniform_schedule_normal_seed_42.csv
cifar100,vgg16,l1,l1_rc1e-5,l1,1e-05,none,0.0,42,16,0,16,rate_uniform,normal,pre_first_conv,gaussian,5,1.160000,/scratch/gs14/sl9144/qcfs_checkpoints/cifar100-checkpoints/vgg16_L[16]_mneablate_cifar100_l1_rc1em05_seed42_L16_trainT0.pth,/home/595/sl9144/codes/snn_simulation/important_results/cifar100_vgg16_five_regs_pre_first_conv_sigma1_5_5seed/cifar100/mneablate_cifar100_l1_rc1em05_seed42_L16_trainT0/noise_sweep_matrix_cifar100_vgg16_T16_mode_rate_uniform_schedule_normal_seed_42.csv
cifar100,vgg16,l1,l1_rc1e-5,l1,1e-05,none,0.0,43,16,0,16,rate_uniform,normal,pre_first_conv,gaussian,1,12.860000,/scratch/gs14/sl9144/qcfs_checkpoints/cifar100-checkpoints/vgg16_L[16]_mneablate_cifar100_l1_rc1em05_seed43_L16_trainT0.pth,/home/595/sl9144/codes/snn_simulation/important_results/cifar100_vgg16_five_regs_pre_first_conv_sigma1_5_5seed/cifar100/mneablate_cifar100_l1_rc1em05_seed43_L16_trainT0/noise_sweep_matrix_cifar100_vgg16_T16_mode_rate_uniform_schedule_normal_seed_43.csv
cifar100,vgg16,l1,l1_rc1e-5,l1,1e-05,none,0.0,43,16,0,16,rate_uniform,normal,pre_first_conv,gaussian,1.25,8.750000,/scratch/gs14/sl9144/qcfs_checkpoints/cifar100-checkpoints/vgg16_L[16]_mneablate_cifar100_l1_rc1em05_seed43_L16_trainT0.pth,/home/595/sl9144/codes/snn_simulation/important_results/cifar100_vgg16_five_regs_pre_first_conv_sigma1_5_5seed/cifar100/mneablate_cifar100_l1_rc1em05_seed43_L16_trainT0/noise_sweep_matrix_cifar100_vgg16_T16_mode_rate_uniform_schedule_normal_seed_43.csv
cifar100,vgg16,l1,l1_rc1e-5,l1,1e-05,none,0.0,43,16,0,16,rate_uniform,normal,pre_first_conv,gaussian,1.5,6.620000,/scratch/gs14/sl9144/qcfs_checkpoints/cifar100-checkpoints/vgg16_L[16]_mneablate_cifar100_l1_rc1em05_seed43_L16_trainT0.pth,/home/595/sl9144/codes/snn_simulation/important_results/cifar100_vgg16_five_regs_pre_first_conv_sigma1_5_5seed/cifar100/mneablate_cifar100_l1_rc1em05_seed43_L16_trainT0/noise_sweep_matrix_cifar100_vgg16_T16_mode_rate_uniform_schedule_normal_seed_43.csv
cifar100,vgg16,l1,l1_rc1e-5,l1,1e-05,none,0.0,43,16,0,16,rate_uniform,normal,pre_first_conv,gaussian,1.75,5.150000,/scratch/gs14/sl9144/qcfs_checkpoints/cifar100-checkpoints/vgg16_L[16]_mneablate_cifar100_l1_rc1em05_seed43_L16_trainT0.pth,/home/595/sl9144/codes/snn_simulation/important_results/cifar100_vgg16_five_regs_pre_first_conv_sigma1_5_5seed/cifar100/mneablate_cifar100_l1_rc1em05_seed43_L16_trainT0/noise_sweep_matrix_cifar100_vgg16_T16_mode_rate_uniform_schedule_normal_seed_43.csv
cifar100,vgg16,l1,l1_rc1e-5,l1,1e-05,none,0.0,43,16,0,16,rate_uniform,normal,pre_first_conv,gaussian,2,3.910000,/scratch/gs14/sl9144/qcfs_checkpoints/cifar100-checkpoints/vgg16_L[16]_mneablate_cifar100_l1_rc1em05_seed43_L16_trainT0.pth,/home/595/sl9144/codes/snn_simulation/important_results/cifar100_vgg16_five_regs_pre_first_conv_sigma1_5_5seed/cifar100/mneablate_cifar100_l1_rc1em05_seed43_L16_trainT0/noise_sweep_matrix_cifar100_vgg16_T16_mode_rate_uniform_schedule_normal_seed_43.csv
cifar100,vgg16,l1,l1_rc1e-5,l1,1e-05,none,0.0,43,16,0,16,rate_uniform,normal,pre_first_conv,gaussian,2.25,3.150000,/scratch/gs14/sl9144/qcfs_checkpoints/cifar100-checkpoints/vgg16_L[16]_mneablate_cifar100_l1_rc1em05_seed43_L16_trainT0.pth,/home/595/sl9144/codes/snn_simulation/important_results/cifar100_vgg16_five_regs_pre_first_conv_sigma1_5_5seed/cifar100/mneablate_cifar100_l1_rc1em05_seed43_L16_trainT0/noise_sweep_matrix_cifar100_vgg16_T16_mode_rate_uniform_schedule_normal_seed_43.csv
cifar100,vgg16,l1,l1_rc1e-5,l1,1e-05,none,0.0,43,16,0,16,rate_uniform,normal,pre_first_conv,gaussian,2.5,2.430000,/scratch/gs14/sl9144/qcfs_checkpoints/cifar100-checkpoints/vgg16_L[16]_mneablate_cifar100_l1_rc1em05_seed43_L16_trainT0.pth,/home/595/sl9144/codes/snn_simulation/important_results/cifar100_vgg16_five_regs_pre_first_conv_sigma1_5_5seed/cifar100/mneablate_cifar100_l1_rc1em05_seed43_L16_trainT0/noise_sweep_matrix_cifar100_vgg16_T16_mode_rate_uniform_schedule_normal_seed_43.csv
cifar100,vgg16,l1,l1_rc1e-5,l1,1e-05,none,0.0,43,16,0,16,rate_uniform,normal,pre_first_conv,gaussian,2.75,2.140000,/scratch/gs14/sl9144/qcfs_checkpoints/cifar100-checkpoints/vgg16_L[16]_mneablate_cifar100_l1_rc1em05_seed43_L16_trainT0.pth,/home/595/sl9144/codes/snn_simulation/important_results/cifar100_vgg16_five_regs_pre_first_conv_sigma1_5_5seed/cifar100/mneablate_cifar100_l1_rc1em05_seed43_L16_trainT0/noise_sweep_matrix_cifar100_vgg16_T16_mode_rate_uniform_schedule_normal_seed_43.csv
cifar100,vgg16,l1,l1_rc1e-5,l1,1e-05,none,0.0,43,16,0,16,rate_uniform,normal,pre_first_conv,gaussian,3,1.920000,/scratch/gs14/sl9144/qcfs_checkpoints/cifar100-checkpoints/vgg16_L[16]_mneablate_cifar100_l1_rc1em05_seed43_L16_trainT0.pth,/home/595/sl9144/codes/snn_simulation/important_results/cifar100_vgg16_five_regs_pre_first_conv_sigma1_5_5seed/cifar100/mneablate_cifar100_l1_rc1em05_seed43_L16_trainT0/noise_sweep_matrix_cifar100_vgg16_T16_mode_rate_uniform_schedule_normal_seed_43.csv
cifar100,vgg16,l1,l1_rc1e-5,l1,1e-05,none,0.0,43,16,0,16,rate_uniform,normal,pre_first_conv,gaussian,3.25,1.660000,/scratch/gs14/sl9144/qcfs_checkpoints/cifar100-checkpoints/vgg16_L[16]_mneablate_cifar100_l1_rc1em05_seed43_L16_trainT0.pth,/home/595/sl9144/codes/snn_simulation/important_results/cifar100_vgg16_five_regs_pre_first_conv_sigma1_5_5seed/cifar100/mneablate_cifar100_l1_rc1em05_seed43_L16_trainT0/noise_sweep_matrix_cifar100_vgg16_T16_mode_rate_uniform_schedule_normal_seed_43.csv
cifar100,vgg16,l1,l1_rc1e-5,l1,1e-05,none,0.0,43,16,0,16,rate_uniform,normal,pre_first_conv,gaussian,3.5,1.700000,/scratch/gs14/sl9144/qcfs_checkpoints/cifar100-checkpoints/vgg16_L[16]_mneablate_cifar100_l1_rc1em05_seed43_L16_trainT0.pth,/home/595/sl9144/codes/snn_simulation/important_results/cifar100_vgg16_five_regs_pre_first_conv_sigma1_5_5seed/cifar100/mneablate_cifar100_l1_rc1em05_seed43_L16_trainT0/noise_sweep_matrix_cifar100_vgg16_T16_mode_rate_uniform_schedule_normal_seed_43.csv
cifar100,vgg16,l1,l1_rc1e-5,l1,1e-05,none,0.0,43,16,0,16,rate_uniform,normal,pre_first_conv,gaussian,3.75,1.670000,/scratch/gs14/sl9144/qcfs_checkpoints/cifar100-checkpoints/vgg16_L[16]_mneablate_cifar100_l1_rc1em05_seed43_L16_trainT0.pth,/home/595/sl9144/codes/snn_simulation/important_results/cifar100_vgg16_five_regs_pre_first_conv_sigma1_5_5seed/cifar100/mneablate_cifar100_l1_rc1em05_seed43_L16_trainT0/noise_sweep_matrix_cifar100_vgg16_T16_mode_rate_uniform_schedule_normal_seed_43.csv
cifar100,vgg16,l1,l1_rc1e-5,l1,1e-05,none,0.0,43,16,0,16,rate_uniform,normal,pre_first_conv,gaussian,4,1.580000,/scratch/gs14/sl9144/qcfs_checkpoints/cifar100-checkpoints/vgg16_L[16]_mneablate_cifar100_l1_rc1em05_seed43_L16_trainT0.pth,/home/595/sl9144/codes/snn_simulation/important_results/cifar100_vgg16_five_regs_pre_first_conv_sigma1_5_5seed/cifar100/mneablate_cifar100_l1_rc1em05_seed43_L16_trainT0/noise_sweep_matrix_cifar100_vgg16_T16_mode_rate_uniform_schedule_normal_seed_43.csv
cifar100,vgg16,l1,l1_rc1e-5,l1,1e-05,none,0.0,43,16,0,16,rate_uniform,normal,pre_first_conv,gaussian,4.25,1.430000,/scratch/gs14/sl9144/qcfs_checkpoints/cifar100-checkpoints/vgg16_L[16]_mneablate_cifar100_l1_rc1em05_seed43_L16_trainT0.pth,/home/595/sl9144/codes/snn_simulation/important_results/cifar100_vgg16_five_regs_pre_first_conv_sigma1_5_5seed/cifar100/mneablate_cifar100_l1_rc1em05_seed43_L16_trainT0/noise_sweep_matrix_cifar100_vgg16_T16_mode_rate_uniform_schedule_normal_seed_43.csv
cifar100,vgg16,l1,l1_rc1e-5,l1,1e-05,none,0.0,43,16,0,16,rate_uniform,normal,pre_first_conv,gaussian,4.5,1.590000,/scratch/gs14/sl9144/qcfs_checkpoints/cifar100-checkpoints/vgg16_L[16]_mneablate_cifar100_l1_rc1em05_seed43_L16_trainT0.pth,/home/595/sl9144/codes/snn_simulation/important_results/cifar100_vgg16_five_regs_pre_first_conv_sigma1_5_5seed/cifar100/mneablate_cifar100_l1_rc1em05_seed43_L16_trainT0/noise_sweep_matrix_cifar100_vgg16_T16_mode_rate_uniform_schedule_normal_seed_43.csv
cifar100,vgg16,l1,l1_rc1e-5,l1,1e-05,none,0.0,43,16,0,16,rate_uniform,normal,pre_first_conv,gaussian,4.75,1.410000,/scratch/gs14/sl9144/qcfs_checkpoints/cifar100-checkpoints/vgg16_L[16]_mneablate_cifar100_l1_rc1em05_seed43_L16_trainT0.pth,/home/595/sl9144/codes/snn_simulation/important_results/cifar100_vgg16_five_regs_pre_first_conv_sigma1_5_5seed/cifar100/mneablate_cifar100_l1_rc1em05_seed43_L16_trainT0/noise_sweep_matrix_cifar100_vgg16_T16_mode_rate_uniform_schedule_normal_seed_43.csv
cifar100,vgg16,l1,l1_rc1e-5,l1,1e-05,none,0.0,43,16,0,16,rate_uniform,normal,pre_first_conv,gaussian,5,1.310000,/scratch/gs14/sl9144/qcfs_checkpoints/cifar100-checkpoints/vgg16_L[16]_mneablate_cifar100_l1_rc1em05_seed43_L16_trainT0.pth,/home/595/sl9144/codes/snn_simulation/important_results/cifar100_vgg16_five_regs_pre_first_conv_sigma1_5_5seed/cifar100/mneablate_cifar100_l1_rc1em05_seed43_L16_trainT0/noise_sweep_matrix_cifar100_vgg16_T16_mode_rate_uniform_schedule_normal_seed_43.csv
cifar100,vgg16,l1,l1_rc1e-5,l1,1e-05,none,0.0,44,16,0,16,rate_uniform,normal,pre_first_conv,gaussian,1,15.310000,/scratch/gs14/sl9144/qcfs_checkpoints/cifar100-checkpoints/vgg16_L[16]_mneablate_cifar100_l1_rc1em05_seed44_L16_trainT0.pth,/home/595/sl9144/codes/snn_simulation/important_results/cifar100_vgg16_five_regs_pre_first_conv_sigma1_5_5seed/cifar100/mneablate_cifar100_l1_rc1em05_seed44_L16_trainT0/noise_sweep_matrix_cifar100_vgg16_T16_mode_rate_uniform_schedule_normal_seed_44.csv
cifar100,vgg16,l1,l1_rc1e-5,l1,1e-05,none,0.0,44,16,0,16,rate_uniform,normal,pre_first_conv,gaussian,1.25,10.220000,/scratch/gs14/sl9144/qcfs_checkpoints/cifar100-checkpoints/vgg16_L[16]_mneablate_cifar100_l1_rc1em05_seed44_L16_trainT0.pth,/home/595/sl9144/codes/snn_simulation/important_results/cifar100_vgg16_five_regs_pre_first_conv_sigma1_5_5seed/cifar100/mneablate_cifar100_l1_rc1em05_seed44_L16_trainT0/noise_sweep_matrix_cifar100_vgg16_T16_mode_rate_uniform_schedule_normal_seed_44.csv
cifar100,vgg16,l1,l1_rc1e-5,l1,1e-05,none,0.0,44,16,0,16,rate_uniform,normal,pre_first_conv,gaussian,1.5,7.520000,/scratch/gs14/sl9144/qcfs_checkpoints/cifar100-checkpoints/vgg16_L[16]_mneablate_cifar100_l1_rc1em05_seed44_L16_trainT0.pth,/home/595/sl9144/codes/snn_simulation/important_results/cifar100_vgg16_five_regs_pre_first_conv_sigma1_5_5seed/cifar100/mneablate_cifar100_l1_rc1em05_seed44_L16_trainT0/noise_sweep_matrix_cifar100_vgg16_T16_mode_rate_uniform_schedule_normal_seed_44.csv
cifar100,vgg16,l1,l1_rc1e-5,l1,1e-05,none,0.0,44,16,0,16,rate_uniform,normal,pre_first_conv,gaussian,1.75,5.830000,/scratch/gs14/sl9144/qcfs_checkpoints/cifar100-checkpoints/vgg16_L[16]_mneablate_cifar100_l1_rc1em05_seed44_L16_trainT0.pth,/home/595/sl9144/codes/snn_simulation/important_results/cifar100_vgg16_five_regs_pre_first_conv_sigma1_5_5seed/cifar100/mneablate_cifar100_l1_rc1em05_seed44_L16_trainT0/noise_sweep_matrix_cifar100_vgg16_T16_mode_rate_uniform_schedule_normal_seed_44.csv
cifar100,vgg16,l1,l1_rc1e-5,l1,1e-05,none,0.0,44,16,0,16,rate_uniform,normal,pre_first_conv,gaussian,2,4.670000,/scratch/gs14/sl9144/qcfs_checkpoints/cifar100-checkpoints/vgg16_L[16]_mneablate_cifar100_l1_rc1em05_seed44_L16_trainT0.pth,/home/595/sl9144/codes/snn_simulation/important_results/cifar100_vgg16_five_regs_pre_first_conv_sigma1_5_5seed/cifar100/mneablate_cifar100_l1_rc1em05_seed44_L16_trainT0/noise_sweep_matrix_cifar100_vgg16_T16_mode_rate_uniform_schedule_normal_seed_44.csv
cifar100,vgg16,l1,l1_rc1e-5,l1,1e-05,none,0.0,44,16,0,16,rate_uniform,normal,pre_first_conv,gaussian,2.25,3.770000,/scratch/gs14/sl9144/qcfs_checkpoints/cifar100-checkpoints/vgg16_L[16]_mneablate_cifar100_l1_rc1em05_seed44_L16_trainT0.pth,/home/595/sl9144/codes/snn_simulation/important_results/cifar100_vgg16_five_regs_pre_first_conv_sigma1_5_5seed/cifar100/mneablate_cifar100_l1_rc1em05_seed44_L16_trainT0/noise_sweep_matrix_cifar100_vgg16_T16_mode_rate_uniform_schedule_normal_seed_44.csv
cifar100,vgg16,l1,l1_rc1e-5,l1,1e-05,none,0.0,44,16,0,16,rate_uniform,normal,pre_first_conv,gaussian,2.5,3.220000,/scratch/gs14/sl9144/qcfs_checkpoints/cifar100-checkpoints/vgg16_L[16]_mneablate_cifar100_l1_rc1em05_seed44_L16_trainT0.pth,/home/595/sl9144/codes/snn_simulation/important_results/cifar100_vgg16_five_regs_pre_first_conv_sigma1_5_5seed/cifar100/mneablate_cifar100_l1_rc1em05_seed44_L16_trainT0/noise_sweep_matrix_cifar100_vgg16_T16_mode_rate_uniform_schedule_normal_seed_44.csv
cifar100,vgg16,l1,l1_rc1e-5,l1,1e-05,none,0.0,44,16,0,16,rate_uniform,normal,pre_first_conv,gaussian,2.75,3.030000,/scratch/gs14/sl9144/qcfs_checkpoints/cifar100-checkpoints/vgg16_L[16]_mneablate_cifar100_l1_rc1em05_seed44_L16_trainT0.pth,/home/595/sl9144/codes/snn_simulation/important_results/cifar100_vgg16_five_regs_pre_first_conv_sigma1_5_5seed/cifar100/mneablate_cifar100_l1_rc1em05_seed44_L16_trainT0/noise_sweep_matrix_cifar100_vgg16_T16_mode_rate_uniform_schedule_normal_seed_44.csv
cifar100,vgg16,l1,l1_rc1e-5,l1,1e-05,none,0.0,44,16,0,16,rate_uniform,normal,pre_first_conv,gaussian,3,2.560000,/scratch/gs14/sl9144/qcfs_checkpoints/cifar100-checkpoints/vgg16_L[16]_mneablate_cifar100_l1_rc1em05_seed44_L16_trainT0.pth,/home/595/sl9144/codes/snn_simulation/important_results/cifar100_vgg16_five_regs_pre_first_conv_sigma1_5_5seed/cifar100/mneablate_cifar100_l1_rc1em05_seed44_L16_trainT0/noise_sweep_matrix_cifar100_vgg16_T16_mode_rate_uniform_schedule_normal_seed_44.csv
cifar100,vgg16,l1,l1_rc1e-5,l1,1e-05,none,0.0,44,16,0,16,rate_uniform,normal,pre_first_conv,gaussian,3.25,2.310000,/scratch/gs14/sl9144/qcfs_checkpoints/cifar100-checkpoints/vgg16_L[16]_mneablate_cifar100_l1_rc1em05_seed44_L16_trainT0.pth,/home/595/sl9144/codes/snn_simulation/important_results/cifar100_vgg16_five_regs_pre_first_conv_sigma1_5_5seed/cifar100/mneablate_cifar100_l1_rc1em05_seed44_L16_trainT0/noise_sweep_matrix_cifar100_vgg16_T16_mode_rate_uniform_schedule_normal_seed_44.csv
cifar100,vgg16,l1,l1_rc1e-5,l1,1e-05,none,0.0,44,16,0,16,rate_uniform,normal,pre_first_conv,gaussian,3.5,2.030000,/scratch/gs14/sl9144/qcfs_checkpoints/cifar100-checkpoints/vgg16_L[16]_mneablate_cifar100_l1_rc1em05_seed44_L16_trainT0.pth,/home/595/sl9144/codes/snn_simulation/important_results/cifar100_vgg16_five_regs_pre_first_conv_sigma1_5_5seed/cifar100/mneablate_cifar100_l1_rc1em05_seed44_L16_trainT0/noise_sweep_matrix_cifar100_vgg16_T16_mode_rate_uniform_schedule_normal_seed_44.csv
cifar100,vgg16,l1,l1_rc1e-5,l1,1e-05,none,0.0,44,16,0,16,rate_uniform,normal,pre_first_conv,gaussian,3.75,1.850000,/scratch/gs14/sl9144/qcfs_checkpoints/cifar100-checkpoints/vgg16_L[16]_mneablate_cifar100_l1_rc1em05_seed44_L16_trainT0.pth,/home/595/sl9144/codes/snn_simulation/important_results/cifar100_vgg16_five_regs_pre_first_conv_sigma1_5_5seed/cifar100/mneablate_cifar100_l1_rc1em05_seed44_L16_trainT0/noise_sweep_matrix_cifar100_vgg16_T16_mode_rate_uniform_schedule_normal_seed_44.csv
cifar100,vgg16,l1,l1_rc1e-5,l1,1e-05,none,0.0,44,16,0,16,rate_uniform,normal,pre_first_conv,gaussian,4,1.770000,/scratch/gs14/sl9144/qcfs_checkpoints/cifar100-checkpoints/vgg16_L[16]_mneablate_cifar100_l1_rc1em05_seed44_L16_trainT0.pth,/home/595/sl9144/codes/snn_simulation/important_results/cifar100_vgg16_five_regs_pre_first_conv_sigma1_5_5seed/cifar100/mneablate_cifar100_l1_rc1em05_seed44_L16_trainT0/noise_sweep_matrix_cifar100_vgg16_T16_mode_rate_uniform_schedule_normal_seed_44.csv
cifar100,vgg16,l1,l1_rc1e-5,l1,1e-05,none,0.0,44,16,0,16,rate_uniform,normal,pre_first_conv,gaussian,4.25,1.650000,/scratch/gs14/sl9144/qcfs_checkpoints/cifar100-checkpoints/vgg16_L[16]_mneablate_cifar100_l1_rc1em05_seed44_L16_trainT0.pth,/home/595/sl9144/codes/snn_simulation/important_results/cifar100_vgg16_five_regs_pre_first_conv_sigma1_5_5seed/cifar100/mneablate_cifar100_l1_rc1em05_seed44_L16_trainT0/noise_sweep_matrix_cifar100_vgg16_T16_mode_rate_uniform_schedule_normal_seed_44.csv
cifar100,vgg16,l1,l1_rc1e-5,l1,1e-05,none,0.0,44,16,0,16,rate_uniform,normal,pre_first_conv,gaussian,4.5,1.570000,/scratch/gs14/sl9144/qcfs_checkpoints/cifar100-checkpoints/vgg16_L[16]_mneablate_cifar100_l1_rc1em05_seed44_L16_trainT0.pth,/home/595/sl9144/codes/snn_simulation/important_results/cifar100_vgg16_five_regs_pre_first_conv_sigma1_5_5seed/cifar100/mneablate_cifar100_l1_rc1em05_seed44_L16_trainT0/noise_sweep_matrix_cifar100_vgg16_T16_mode_rate_uniform_schedule_normal_seed_44.csv
cifar100,vgg16,l1,l1_rc1e-5,l1,1e-05,none,0.0,44,16,0,16,rate_uniform,normal,pre_first_conv,gaussian,4.75,1.550000,/scratch/gs14/sl9144/qcfs_checkpoints/cifar100-checkpoints/vgg16_L[16]_mneablate_cifar100_l1_rc1em05_seed44_L16_trainT0.pth,/home/595/sl9144/codes/snn_simulation/important_results/cifar100_vgg16_five_regs_pre_first_conv_sigma1_5_5seed/cifar100/mneablate_cifar100_l1_rc1em05_seed44_L16_trainT0/noise_sweep_matrix_cifar100_vgg16_T16_mode_rate_uniform_schedule_normal_seed_44.csv
cifar100,vgg16,l1,l1_rc1e-5,l1,1e-05,none,0.0,44,16,0,16,rate_uniform,normal,pre_first_conv,gaussian,5,1.430000,/scratch/gs14/sl9144/qcfs_checkpoints/cifar100-checkpoints/vgg16_L[16]_mneablate_cifar100_l1_rc1em05_seed44_L16_trainT0.pth,/home/595/sl9144/codes/snn_simulation/important_results/cifar100_vgg16_five_regs_pre_first_conv_sigma1_5_5seed/cifar100/mneablate_cifar100_l1_rc1em05_seed44_L16_trainT0/noise_sweep_matrix_cifar100_vgg16_T16_mode_rate_uniform_schedule_normal_seed_44.csv
cifar100,vgg16,old_detach,old_mne_detach_lambda,mne_l2,0.0001,none,0.0,40,16,0,16,rate_uniform,normal,pre_first_conv,gaussian,1,21.160000,/scratch/gs14/sl9144/qcfs_checkpoints/cifar100-checkpoints/vgg16_L[16]_mneablate_cifar100_old_detach_rc0p0001_seed40_L16_trainT0.pth,/home/595/sl9144/codes/snn_simulation/important_results/cifar100_vgg16_five_regs_pre_first_conv_sigma1_5_5seed/cifar100/mneablate_cifar100_old_detach_rc0p0001_seed40_L16_trainT0/noise_sweep_matrix_cifar100_vgg16_T16_mode_rate_uniform_schedule_normal_seed_40.csv
cifar100,vgg16,old_detach,old_mne_detach_lambda,mne_l2,0.0001,none,0.0,40,16,0,16,rate_uniform,normal,pre_first_conv,gaussian,1.25,14.040000,/scratch/gs14/sl9144/qcfs_checkpoints/cifar100-checkpoints/vgg16_L[16]_mneablate_cifar100_old_detach_rc0p0001_seed40_L16_trainT0.pth,/home/595/sl9144/codes/snn_simulation/important_results/cifar100_vgg16_five_regs_pre_first_conv_sigma1_5_5seed/cifar100/mneablate_cifar100_old_detach_rc0p0001_seed40_L16_trainT0/noise_sweep_matrix_cifar100_vgg16_T16_mode_rate_uniform_schedule_normal_seed_40.csv
cifar100,vgg16,old_detach,old_mne_detach_lambda,mne_l2,0.0001,none,0.0,40,16,0,16,rate_uniform,normal,pre_first_conv,gaussian,1.5,9.870000,/scratch/gs14/sl9144/qcfs_checkpoints/cifar100-checkpoints/vgg16_L[16]_mneablate_cifar100_old_detach_rc0p0001_seed40_L16_trainT0.pth,/home/595/sl9144/codes/snn_simulation/important_results/cifar100_vgg16_five_regs_pre_first_conv_sigma1_5_5seed/cifar100/mneablate_cifar100_old_detach_rc0p0001_seed40_L16_trainT0/noise_sweep_matrix_cifar100_vgg16_T16_mode_rate_uniform_schedule_normal_seed_40.csv
cifar100,vgg16,old_detach,old_mne_detach_lambda,mne_l2,0.0001,none,0.0,40,16,0,16,rate_uniform,normal,pre_first_conv,gaussian,1.75,7.430000,/scratch/gs14/sl9144/qcfs_checkpoints/cifar100-checkpoints/vgg16_L[16]_mneablate_cifar100_old_detach_rc0p0001_seed40_L16_trainT0.pth,/home/595/sl9144/codes/snn_simulation/important_results/cifar100_vgg16_five_regs_pre_first_conv_sigma1_5_5seed/cifar100/mneablate_cifar100_old_detach_rc0p0001_seed40_L16_trainT0/noise_sweep_matrix_cifar100_vgg16_T16_mode_rate_uniform_schedule_normal_seed_40.csv
cifar100,vgg16,old_detach,old_mne_detach_lambda,mne_l2,0.0001,none,0.0,40,16,0,16,rate_uniform,normal,pre_first_conv,gaussian,2,5.840000,/scratch/gs14/sl9144/qcfs_checkpoints/cifar100-checkpoints/vgg16_L[16]_mneablate_cifar100_old_detach_rc0p0001_seed40_L16_trainT0.pth,/home/595/sl9144/codes/snn_simulation/important_results/cifar100_vgg16_five_regs_pre_first_conv_sigma1_5_5seed/cifar100/mneablate_cifar100_old_detach_rc0p0001_seed40_L16_trainT0/noise_sweep_matrix_cifar100_vgg16_T16_mode_rate_uniform_schedule_normal_seed_40.csv
cifar100,vgg16,old_detach,old_mne_detach_lambda,mne_l2,0.0001,none,0.0,40,16,0,16,rate_uniform,normal,pre_first_conv,gaussian,2.25,4.570000,/scratch/gs14/sl9144/qcfs_checkpoints/cifar100-checkpoints/vgg16_L[16]_mneablate_cifar100_old_detach_rc0p0001_seed40_L16_trainT0.pth,/home/595/sl9144/codes/snn_simulation/important_results/cifar100_vgg16_five_regs_pre_first_conv_sigma1_5_5seed/cifar100/mneablate_cifar100_old_detach_rc0p0001_seed40_L16_trainT0/noise_sweep_matrix_cifar100_vgg16_T16_mode_rate_uniform_schedule_normal_seed_40.csv
cifar100,vgg16,old_detach,old_mne_detach_lambda,mne_l2,0.0001,none,0.0,40,16,0,16,rate_uniform,normal,pre_first_conv,gaussian,2.5,4.090000,/scratch/gs14/sl9144/qcfs_checkpoints/cifar100-checkpoints/vgg16_L[16]_mneablate_cifar100_old_detach_rc0p0001_seed40_L16_trainT0.pth,/home/595/sl9144/codes/snn_simulation/important_results/cifar100_vgg16_five_regs_pre_first_conv_sigma1_5_5seed/cifar100/mneablate_cifar100_old_detach_rc0p0001_seed40_L16_trainT0/noise_sweep_matrix_cifar100_vgg16_T16_mode_rate_uniform_schedule_normal_seed_40.csv
cifar100,vgg16,old_detach,old_mne_detach_lambda,mne_l2,0.0001,none,0.0,40,16,0,16,rate_uniform,normal,pre_first_conv,gaussian,2.75,3.360000,/scratch/gs14/sl9144/qcfs_checkpoints/cifar100-checkpoints/vgg16_L[16]_mneablate_cifar100_old_detach_rc0p0001_seed40_L16_trainT0.pth,/home/595/sl9144/codes/snn_simulation/important_results/cifar100_vgg16_five_regs_pre_first_conv_sigma1_5_5seed/cifar100/mneablate_cifar100_old_detach_rc0p0001_seed40_L16_trainT0/noise_sweep_matrix_cifar100_vgg16_T16_mode_rate_uniform_schedule_normal_seed_40.csv
cifar100,vgg16,old_detach,old_mne_detach_lambda,mne_l2,0.0001,none,0.0,40,16,0,16,rate_uniform,normal,pre_first_conv,gaussian,3,2.970000,/scratch/gs14/sl9144/qcfs_checkpoints/cifar100-checkpoints/vgg16_L[16]_mneablate_cifar100_old_detach_rc0p0001_seed40_L16_trainT0.pth,/home/595/sl9144/codes/snn_simulation/important_results/cifar100_vgg16_five_regs_pre_first_conv_sigma1_5_5seed/cifar100/mneablate_cifar100_old_detach_rc0p0001_seed40_L16_trainT0/noise_sweep_matrix_cifar100_vgg16_T16_mode_rate_uniform_schedule_normal_seed_40.csv
cifar100,vgg16,old_detach,old_mne_detach_lambda,mne_l2,0.0001,none,0.0,40,16,0,16,rate_uniform,normal,pre_first_conv,gaussian,3.25,2.560000,/scratch/gs14/sl9144/qcfs_checkpoints/cifar100-checkpoints/vgg16_L[16]_mneablate_cifar100_old_detach_rc0p0001_seed40_L16_trainT0.pth,/home/595/sl9144/codes/snn_simulation/important_results/cifar100_vgg16_five_regs_pre_first_conv_sigma1_5_5seed/cifar100/mneablate_cifar100_old_detach_rc0p0001_seed40_L16_trainT0/noise_sweep_matrix_cifar100_vgg16_T16_mode_rate_uniform_schedule_normal_seed_40.csv
cifar100,vgg16,old_detach,old_mne_detach_lambda,mne_l2,0.0001,none,0.0,40,16,0,16,rate_uniform,normal,pre_first_conv,gaussian,3.5,2.290000,/scratch/gs14/sl9144/qcfs_checkpoints/cifar100-checkpoints/vgg16_L[16]_mneablate_cifar100_old_detach_rc0p0001_seed40_L16_trainT0.pth,/home/595/sl9144/codes/snn_simulation/important_results/cifar100_vgg16_five_regs_pre_first_conv_sigma1_5_5seed/cifar100/mneablate_cifar100_old_detach_rc0p0001_seed40_L16_trainT0/noise_sweep_matrix_cifar100_vgg16_T16_mode_rate_uniform_schedule_normal_seed_40.csv
cifar100,vgg16,old_detach,old_mne_detach_lambda,mne_l2,0.0001,none,0.0,40,16,0,16,rate_uniform,normal,pre_first_conv,gaussian,3.75,2.110000,/scratch/gs14/sl9144/qcfs_checkpoints/cifar100-checkpoints/vgg16_L[16]_mneablate_cifar100_old_detach_rc0p0001_seed40_L16_trainT0.pth,/home/595/sl9144/codes/snn_simulation/important_results/cifar100_vgg16_five_regs_pre_first_conv_sigma1_5_5seed/cifar100/mneablate_cifar100_old_detach_rc0p0001_seed40_L16_trainT0/noise_sweep_matrix_cifar100_vgg16_T16_mode_rate_uniform_schedule_normal_seed_40.csv
cifar100,vgg16,old_detach,old_mne_detach_lambda,mne_l2,0.0001,none,0.0,40,16,0,16,rate_uniform,normal,pre_first_conv,gaussian,4,1.950000,/scratch/gs14/sl9144/qcfs_checkpoints/cifar100-checkpoints/vgg16_L[16]_mneablate_cifar100_old_detach_rc0p0001_seed40_L16_trainT0.pth,/home/595/sl9144/codes/snn_simulation/important_results/cifar100_vgg16_five_regs_pre_first_conv_sigma1_5_5seed/cifar100/mneablate_cifar100_old_detach_rc0p0001_seed40_L16_trainT0/noise_sweep_matrix_cifar100_vgg16_T16_mode_rate_uniform_schedule_normal_seed_40.csv
cifar100,vgg16,old_detach,old_mne_detach_lambda,mne_l2,0.0001,none,0.0,40,16,0,16,rate_uniform,normal,pre_first_conv,gaussian,4.25,1.880000,/scratch/gs14/sl9144/qcfs_checkpoints/cifar100-checkpoints/vgg16_L[16]_mneablate_cifar100_old_detach_rc0p0001_seed40_L16_trainT0.pth,/home/595/sl9144/codes/snn_simulation/important_results/cifar100_vgg16_five_regs_pre_first_conv_sigma1_5_5seed/cifar100/mneablate_cifar100_old_detach_rc0p0001_seed40_L16_trainT0/noise_sweep_matrix_cifar100_vgg16_T16_mode_rate_uniform_schedule_normal_seed_40.csv
cifar100,vgg16,old_detach,old_mne_detach_lambda,mne_l2,0.0001,none,0.0,40,16,0,16,rate_uniform,normal,pre_first_conv,gaussian,4.5,1.630000,/scratch/gs14/sl9144/qcfs_checkpoints/cifar100-checkpoints/vgg16_L[16]_mneablate_cifar100_old_detach_rc0p0001_seed40_L16_trainT0.pth,/home/595/sl9144/codes/snn_simulation/important_results/cifar100_vgg16_five_regs_pre_first_conv_sigma1_5_5seed/cifar100/mneablate_cifar100_old_detach_rc0p0001_seed40_L16_trainT0/noise_sweep_matrix_cifar100_vgg16_T16_mode_rate_uniform_schedule_normal_seed_40.csv
cifar100,vgg16,old_detach,old_mne_detach_lambda,mne_l2,0.0001,none,0.0,40,16,0,16,rate_uniform,normal,pre_first_conv,gaussian,4.75,1.540000,/scratch/gs14/sl9144/qcfs_checkpoints/cifar100-checkpoints/vgg16_L[16]_mneablate_cifar100_old_detach_rc0p0001_seed40_L16_trainT0.pth,/home/595/sl9144/codes/snn_simulation/important_results/cifar100_vgg16_five_regs_pre_first_conv_sigma1_5_5seed/cifar100/mneablate_cifar100_old_detach_rc0p0001_seed40_L16_trainT0/noise_sweep_matrix_cifar100_vgg16_T16_mode_rate_uniform_schedule_normal_seed_40.csv
cifar100,vgg16,old_detach,old_mne_detach_lambda,mne_l2,0.0001,none,0.0,40,16,0,16,rate_uniform,normal,pre_first_conv,gaussian,5,1.400000,/scratch/gs14/sl9144/qcfs_checkpoints/cifar100-checkpoints/vgg16_L[16]_mneablate_cifar100_old_detach_rc0p0001_seed40_L16_trainT0.pth,/home/595/sl9144/codes/snn_simulation/important_results/cifar100_vgg16_five_regs_pre_first_conv_sigma1_5_5seed/cifar100/mneablate_cifar100_old_detach_rc0p0001_seed40_L16_trainT0/noise_sweep_matrix_cifar100_vgg16_T16_mode_rate_uniform_schedule_normal_seed_40.csv
cifar100,vgg16,old_detach,old_mne_detach_lambda,mne_l2,0.0001,none,0.0,41,16,0,16,rate_uniform,normal,pre_first_conv,gaussian,1,20.400000,/scratch/gs14/sl9144/qcfs_checkpoints/cifar100-checkpoints/vgg16_L[16]_mneablate_cifar100_old_detach_rc0p0001_seed41_L16_trainT0.pth,/home/595/sl9144/codes/snn_simulation/important_results/cifar100_vgg16_five_regs_pre_first_conv_sigma1_5_5seed/cifar100/mneablate_cifar100_old_detach_rc0p0001_seed41_L16_trainT0/noise_sweep_matrix_cifar100_vgg16_T16_mode_rate_uniform_schedule_normal_seed_41.csv
cifar100,vgg16,old_detach,old_mne_detach_lambda,mne_l2,0.0001,none,0.0,41,16,0,16,rate_uniform,normal,pre_first_conv,gaussian,1.25,13.180000,/scratch/gs14/sl9144/qcfs_checkpoints/cifar100-checkpoints/vgg16_L[16]_mneablate_cifar100_old_detach_rc0p0001_seed41_L16_trainT0.pth,/home/595/sl9144/codes/snn_simulation/important_results/cifar100_vgg16_five_regs_pre_first_conv_sigma1_5_5seed/cifar100/mneablate_cifar100_old_detach_rc0p0001_seed41_L16_trainT0/noise_sweep_matrix_cifar100_vgg16_T16_mode_rate_uniform_schedule_normal_seed_41.csv
cifar100,vgg16,old_detach,old_mne_detach_lambda,mne_l2,0.0001,none,0.0,41,16,0,16,rate_uniform,normal,pre_first_conv,gaussian,1.5,9.380000,/scratch/gs14/sl9144/qcfs_checkpoints/cifar100-checkpoints/vgg16_L[16]_mneablate_cifar100_old_detach_rc0p0001_seed41_L16_trainT0.pth,/home/595/sl9144/codes/snn_simulation/important_results/cifar100_vgg16_five_regs_pre_first_conv_sigma1_5_5seed/cifar100/mneablate_cifar100_old_detach_rc0p0001_seed41_L16_trainT0/noise_sweep_matrix_cifar100_vgg16_T16_mode_rate_uniform_schedule_normal_seed_41.csv
cifar100,vgg16,old_detach,old_mne_detach_lambda,mne_l2,0.0001,none,0.0,41,16,0,16,rate_uniform,normal,pre_first_conv,gaussian,1.75,7.020000,/scratch/gs14/sl9144/qcfs_checkpoints/cifar100-checkpoints/vgg16_L[16]_mneablate_cifar100_old_detach_rc0p0001_seed41_L16_trainT0.pth,/home/595/sl9144/codes/snn_simulation/important_results/cifar100_vgg16_five_regs_pre_first_conv_sigma1_5_5seed/cifar100/mneablate_cifar100_old_detach_rc0p0001_seed41_L16_trainT0/noise_sweep_matrix_cifar100_vgg16_T16_mode_rate_uniform_schedule_normal_seed_41.csv
cifar100,vgg16,old_detach,old_mne_detach_lambda,mne_l2,0.0001,none,0.0,41,16,0,16,rate_uniform,normal,pre_first_conv,gaussian,2,5.670000,/scratch/gs14/sl9144/qcfs_checkpoints/cifar100-checkpoints/vgg16_L[16]_mneablate_cifar100_old_detach_rc0p0001_seed41_L16_trainT0.pth,/home/595/sl9144/codes/snn_simulation/important_results/cifar100_vgg16_five_regs_pre_first_conv_sigma1_5_5seed/cifar100/mneablate_cifar100_old_detach_rc0p0001_seed41_L16_trainT0/noise_sweep_matrix_cifar100_vgg16_T16_mode_rate_uniform_schedule_normal_seed_41.csv
cifar100,vgg16,old_detach,old_mne_detach_lambda,mne_l2,0.0001,none,0.0,41,16,0,16,rate_uniform,normal,pre_first_conv,gaussian,2.25,4.510000,/scratch/gs14/sl9144/qcfs_checkpoints/cifar100-checkpoints/vgg16_L[16]_mneablate_cifar100_old_detach_rc0p0001_seed41_L16_trainT0.pth,/home/595/sl9144/codes/snn_simulation/important_results/cifar100_vgg16_five_regs_pre_first_conv_sigma1_5_5seed/cifar100/mneablate_cifar100_old_detach_rc0p0001_seed41_L16_trainT0/noise_sweep_matrix_cifar100_vgg16_T16_mode_rate_uniform_schedule_normal_seed_41.csv
cifar100,vgg16,old_detach,old_mne_detach_lambda,mne_l2,0.0001,none,0.0,41,16,0,16,rate_uniform,normal,pre_first_conv,gaussian,2.5,3.970000,/scratch/gs14/sl9144/qcfs_checkpoints/cifar100-checkpoints/vgg16_L[16]_mneablate_cifar100_old_detach_rc0p0001_seed41_L16_trainT0.pth,/home/595/sl9144/codes/snn_simulation/important_results/cifar100_vgg16_five_regs_pre_first_conv_sigma1_5_5seed/cifar100/mneablate_cifar100_old_detach_rc0p0001_seed41_L16_trainT0/noise_sweep_matrix_cifar100_vgg16_T16_mode_rate_uniform_schedule_normal_seed_41.csv
cifar100,vgg16,old_detach,old_mne_detach_lambda,mne_l2,0.0001,none,0.0,41,16,0,16,rate_uniform,normal,pre_first_conv,gaussian,2.75,3.400000,/scratch/gs14/sl9144/qcfs_checkpoints/cifar100-checkpoints/vgg16_L[16]_mneablate_cifar100_old_detach_rc0p0001_seed41_L16_trainT0.pth,/home/595/sl9144/codes/snn_simulation/important_results/cifar100_vgg16_five_regs_pre_first_conv_sigma1_5_5seed/cifar100/mneablate_cifar100_old_detach_rc0p0001_seed41_L16_trainT0/noise_sweep_matrix_cifar100_vgg16_T16_mode_rate_uniform_schedule_normal_seed_41.csv
cifar100,vgg16,old_detach,old_mne_detach_lambda,mne_l2,0.0001,none,0.0,41,16,0,16,rate_uniform,normal,pre_first_conv,gaussian,3,3.120000,/scratch/gs14/sl9144/qcfs_checkpoints/cifar100-checkpoints/vgg16_L[16]_mneablate_cifar100_old_detach_rc0p0001_seed41_L16_trainT0.pth,/home/595/sl9144/codes/snn_simulation/important_results/cifar100_vgg16_five_regs_pre_first_conv_sigma1_5_5seed/cifar100/mneablate_cifar100_old_detach_rc0p0001_seed41_L16_trainT0/noise_sweep_matrix_cifar100_vgg16_T16_mode_rate_uniform_schedule_normal_seed_41.csv
cifar100,vgg16,old_detach,old_mne_detach_lambda,mne_l2,0.0001,none,0.0,41,16,0,16,rate_uniform,normal,pre_first_conv,gaussian,3.25,2.770000,/scratch/gs14/sl9144/qcfs_checkpoints/cifar100-checkpoints/vgg16_L[16]_mneablate_cifar100_old_detach_rc0p0001_seed41_L16_trainT0.pth,/home/595/sl9144/codes/snn_simulation/important_results/cifar100_vgg16_five_regs_pre_first_conv_sigma1_5_5seed/cifar100/mneablate_cifar100_old_detach_rc0p0001_seed41_L16_trainT0/noise_sweep_matrix_cifar100_vgg16_T16_mode_rate_uniform_schedule_normal_seed_41.csv
cifar100,vgg16,old_detach,old_mne_detach_lambda,mne_l2,0.0001,none,0.0,41,16,0,16,rate_uniform,normal,pre_first_conv,gaussian,3.5,2.470000,/scratch/gs14/sl9144/qcfs_checkpoints/cifar100-checkpoints/vgg16_L[16]_mneablate_cifar100_old_detach_rc0p0001_seed41_L16_trainT0.pth,/home/595/sl9144/codes/snn_simulation/important_results/cifar100_vgg16_five_regs_pre_first_conv_sigma1_5_5seed/cifar100/mneablate_cifar100_old_detach_rc0p0001_seed41_L16_trainT0/noise_sweep_matrix_cifar100_vgg16_T16_mode_rate_uniform_schedule_normal_seed_41.csv
cifar100,vgg16,old_detach,old_mne_detach_lambda,mne_l2,0.0001,none,0.0,41,16,0,16,rate_uniform,normal,pre_first_conv,gaussian,3.75,2.170000,/scratch/gs14/sl9144/qcfs_checkpoints/cifar100-checkpoints/vgg16_L[16]_mneablate_cifar100_old_detach_rc0p0001_seed41_L16_trainT0.pth,/home/595/sl9144/codes/snn_simulation/important_results/cifar100_vgg16_five_regs_pre_first_conv_sigma1_5_5seed/cifar100/mneablate_cifar100_old_detach_rc0p0001_seed41_L16_trainT0/noise_sweep_matrix_cifar100_vgg16_T16_mode_rate_uniform_schedule_normal_seed_41.csv
cifar100,vgg16,old_detach,old_mne_detach_lambda,mne_l2,0.0001,none,0.0,41,16,0,16,rate_uniform,normal,pre_first_conv,gaussian,4,2.110000,/scratch/gs14/sl9144/qcfs_checkpoints/cifar100-checkpoints/vgg16_L[16]_mneablate_cifar100_old_detach_rc0p0001_seed41_L16_trainT0.pth,/home/595/sl9144/codes/snn_simulation/important_results/cifar100_vgg16_five_regs_pre_first_conv_sigma1_5_5seed/cifar100/mneablate_cifar100_old_detach_rc0p0001_seed41_L16_trainT0/noise_sweep_matrix_cifar100_vgg16_T16_mode_rate_uniform_schedule_normal_seed_41.csv
cifar100,vgg16,old_detach,old_mne_detach_lambda,mne_l2,0.0001,none,0.0,41,16,0,16,rate_uniform,normal,pre_first_conv,gaussian,4.25,1.950000,/scratch/gs14/sl9144/qcfs_checkpoints/cifar100-checkpoints/vgg16_L[16]_mneablate_cifar100_old_detach_rc0p0001_seed41_L16_trainT0.pth,/home/595/sl9144/codes/snn_simulation/important_results/cifar100_vgg16_five_regs_pre_first_conv_sigma1_5_5seed/cifar100/mneablate_cifar100_old_detach_rc0p0001_seed41_L16_trainT0/noise_sweep_matrix_cifar100_vgg16_T16_mode_rate_uniform_schedule_normal_seed_41.csv
cifar100,vgg16,old_detach,old_mne_detach_lambda,mne_l2,0.0001,none,0.0,41,16,0,16,rate_uniform,normal,pre_first_conv,gaussian,4.5,1.880000,/scratch/gs14/sl9144/qcfs_checkpoints/cifar100-checkpoints/vgg16_L[16]_mneablate_cifar100_old_detach_rc0p0001_seed41_L16_trainT0.pth,/home/595/sl9144/codes/snn_simulation/important_results/cifar100_vgg16_five_regs_pre_first_conv_sigma1_5_5seed/cifar100/mneablate_cifar100_old_detach_rc0p0001_seed41_L16_trainT0/noise_sweep_matrix_cifar100_vgg16_T16_mode_rate_uniform_schedule_normal_seed_41.csv
cifar100,vgg16,old_detach,old_mne_detach_lambda,mne_l2,0.0001,none,0.0,41,16,0,16,rate_uniform,normal,pre_first_conv,gaussian,4.75,1.990000,/scratch/gs14/sl9144/qcfs_checkpoints/cifar100-checkpoints/vgg16_L[16]_mneablate_cifar100_old_detach_rc0p0001_seed41_L16_trainT0.pth,/home/595/sl9144/codes/snn_simulation/important_results/cifar100_vgg16_five_regs_pre_first_conv_sigma1_5_5seed/cifar100/mneablate_cifar100_old_detach_rc0p0001_seed41_L16_trainT0/noise_sweep_matrix_cifar100_vgg16_T16_mode_rate_uniform_schedule_normal_seed_41.csv
cifar100,vgg16,old_detach,old_mne_detach_lambda,mne_l2,0.0001,none,0.0,41,16,0,16,rate_uniform,normal,pre_first_conv,gaussian,5,1.880000,/scratch/gs14/sl9144/qcfs_checkpoints/cifar100-checkpoints/vgg16_L[16]_mneablate_cifar100_old_detach_rc0p0001_seed41_L16_trainT0.pth,/home/595/sl9144/codes/snn_simulation/important_results/cifar100_vgg16_five_regs_pre_first_conv_sigma1_5_5seed/cifar100/mneablate_cifar100_old_detach_rc0p0001_seed41_L16_trainT0/noise_sweep_matrix_cifar100_vgg16_T16_mode_rate_uniform_schedule_normal_seed_41.csv
cifar100,vgg16,old_detach,old_mne_detach_lambda,mne_l2,0.0001,none,0.0,42,16,0,16,rate_uniform,normal,pre_first_conv,gaussian,1,21.280000,/scratch/gs14/sl9144/qcfs_checkpoints/cifar100-checkpoints/vgg16_L[16]_mneablate_cifar100_old_detach_rc0p0001_seed42_L16_trainT0.pth,/home/595/sl9144/codes/snn_simulation/important_results/cifar100_vgg16_five_regs_pre_first_conv_sigma1_5_5seed/cifar100/mneablate_cifar100_old_detach_rc0p0001_seed42_L16_trainT0/noise_sweep_matrix_cifar100_vgg16_T16_mode_rate_uniform_schedule_normal_seed_42.csv
cifar100,vgg16,old_detach,old_mne_detach_lambda,mne_l2,0.0001,none,0.0,42,16,0,16,rate_uniform,normal,pre_first_conv,gaussian,1.25,13.730000,/scratch/gs14/sl9144/qcfs_checkpoints/cifar100-checkpoints/vgg16_L[16]_mneablate_cifar100_old_detach_rc0p0001_seed42_L16_trainT0.pth,/home/595/sl9144/codes/snn_simulation/important_results/cifar100_vgg16_five_regs_pre_first_conv_sigma1_5_5seed/cifar100/mneablate_cifar100_old_detach_rc0p0001_seed42_L16_trainT0/noise_sweep_matrix_cifar100_vgg16_T16_mode_rate_uniform_schedule_normal_seed_42.csv
cifar100,vgg16,old_detach,old_mne_detach_lambda,mne_l2,0.0001,none,0.0,42,16,0,16,rate_uniform,normal,pre_first_conv,gaussian,1.5,9.710000,/scratch/gs14/sl9144/qcfs_checkpoints/cifar100-checkpoints/vgg16_L[16]_mneablate_cifar100_old_detach_rc0p0001_seed42_L16_trainT0.pth,/home/595/sl9144/codes/snn_simulation/important_results/cifar100_vgg16_five_regs_pre_first_conv_sigma1_5_5seed/cifar100/mneablate_cifar100_old_detach_rc0p0001_seed42_L16_trainT0/noise_sweep_matrix_cifar100_vgg16_T16_mode_rate_uniform_schedule_normal_seed_42.csv
cifar100,vgg16,old_detach,old_mne_detach_lambda,mne_l2,0.0001,none,0.0,42,16,0,16,rate_uniform,normal,pre_first_conv,gaussian,1.75,7.440000,/scratch/gs14/sl9144/qcfs_checkpoints/cifar100-checkpoints/vgg16_L[16]_mneablate_cifar100_old_detach_rc0p0001_seed42_L16_trainT0.pth,/home/595/sl9144/codes/snn_simulation/important_results/cifar100_vgg16_five_regs_pre_first_conv_sigma1_5_5seed/cifar100/mneablate_cifar100_old_detach_rc0p0001_seed42_L16_trainT0/noise_sweep_matrix_cifar100_vgg16_T16_mode_rate_uniform_schedule_normal_seed_42.csv
cifar100,vgg16,old_detach,old_mne_detach_lambda,mne_l2,0.0001,none,0.0,42,16,0,16,rate_uniform,normal,pre_first_conv,gaussian,2,5.770000,/scratch/gs14/sl9144/qcfs_checkpoints/cifar100-checkpoints/vgg16_L[16]_mneablate_cifar100_old_detach_rc0p0001_seed42_L16_trainT0.pth,/home/595/sl9144/codes/snn_simulation/important_results/cifar100_vgg16_five_regs_pre_first_conv_sigma1_5_5seed/cifar100/mneablate_cifar100_old_detach_rc0p0001_seed42_L16_trainT0/noise_sweep_matrix_cifar100_vgg16_T16_mode_rate_uniform_schedule_normal_seed_42.csv
cifar100,vgg16,old_detach,old_mne_detach_lambda,mne_l2,0.0001,none,0.0,42,16,0,16,rate_uniform,normal,pre_first_conv,gaussian,2.25,4.680000,/scratch/gs14/sl9144/qcfs_checkpoints/cifar100-checkpoints/vgg16_L[16]_mneablate_cifar100_old_detach_rc0p0001_seed42_L16_trainT0.pth,/home/595/sl9144/codes/snn_simulation/important_results/cifar100_vgg16_five_regs_pre_first_conv_sigma1_5_5seed/cifar100/mneablate_cifar100_old_detach_rc0p0001_seed42_L16_trainT0/noise_sweep_matrix_cifar100_vgg16_T16_mode_rate_uniform_schedule_normal_seed_42.csv
cifar100,vgg16,old_detach,old_mne_detach_lambda,mne_l2,0.0001,none,0.0,42,16,0,16,rate_uniform,normal,pre_first_conv,gaussian,2.5,3.780000,/scratch/gs14/sl9144/qcfs_checkpoints/cifar100-checkpoints/vgg16_L[16]_mneablate_cifar100_old_detach_rc0p0001_seed42_L16_trainT0.pth,/home/595/sl9144/codes/snn_simulation/important_results/cifar100_vgg16_five_regs_pre_first_conv_sigma1_5_5seed/cifar100/mneablate_cifar100_old_detach_rc0p0001_seed42_L16_trainT0/noise_sweep_matrix_cifar100_vgg16_T16_mode_rate_uniform_schedule_normal_seed_42.csv
cifar100,vgg16,old_detach,old_mne_detach_lambda,mne_l2,0.0001,none,0.0,42,16,0,16,rate_uniform,normal,pre_first_conv,gaussian,2.75,3.240000,/scratch/gs14/sl9144/qcfs_checkpoints/cifar100-checkpoints/vgg16_L[16]_mneablate_cifar100_old_detach_rc0p0001_seed42_L16_trainT0.pth,/home/595/sl9144/codes/snn_simulation/important_results/cifar100_vgg16_five_regs_pre_first_conv_sigma1_5_5seed/cifar100/mneablate_cifar100_old_detach_rc0p0001_seed42_L16_trainT0/noise_sweep_matrix_cifar100_vgg16_T16_mode_rate_uniform_schedule_normal_seed_42.csv
cifar100,vgg16,old_detach,old_mne_detach_lambda,mne_l2,0.0001,none,0.0,42,16,0,16,rate_uniform,normal,pre_first_conv,gaussian,3,2.820000,/scratch/gs14/sl9144/qcfs_checkpoints/cifar100-checkpoints/vgg16_L[16]_mneablate_cifar100_old_detach_rc0p0001_seed42_L16_trainT0.pth,/home/595/sl9144/codes/snn_simulation/important_results/cifar100_vgg16_five_regs_pre_first_conv_sigma1_5_5seed/cifar100/mneablate_cifar100_old_detach_rc0p0001_seed42_L16_trainT0/noise_sweep_matrix_cifar100_vgg16_T16_mode_rate_uniform_schedule_normal_seed_42.csv
cifar100,vgg16,old_detach,old_mne_detach_lambda,mne_l2,0.0001,none,0.0,42,16,0,16,rate_uniform,normal,pre_first_conv,gaussian,3.25,2.370000,/scratch/gs14/sl9144/qcfs_checkpoints/cifar100-checkpoints/vgg16_L[16]_mneablate_cifar100_old_detach_rc0p0001_seed42_L16_trainT0.pth,/home/595/sl9144/codes/snn_simulation/important_results/cifar100_vgg16_five_regs_pre_first_conv_sigma1_5_5seed/cifar100/mneablate_cifar100_old_detach_rc0p0001_seed42_L16_trainT0/noise_sweep_matrix_cifar100_vgg16_T16_mode_rate_uniform_schedule_normal_seed_42.csv
cifar100,vgg16,old_detach,old_mne_detach_lambda,mne_l2,0.0001,none,0.0,42,16,0,16,rate_uniform,normal,pre_first_conv,gaussian,3.5,2.260000,/scratch/gs14/sl9144/qcfs_checkpoints/cifar100-checkpoints/vgg16_L[16]_mneablate_cifar100_old_detach_rc0p0001_seed42_L16_trainT0.pth,/home/595/sl9144/codes/snn_simulation/important_results/cifar100_vgg16_five_regs_pre_first_conv_sigma1_5_5seed/cifar100/mneablate_cifar100_old_detach_rc0p0001_seed42_L16_trainT0/noise_sweep_matrix_cifar100_vgg16_T16_mode_rate_uniform_schedule_normal_seed_42.csv
cifar100,vgg16,old_detach,old_mne_detach_lambda,mne_l2,0.0001,none,0.0,42,16,0,16,rate_uniform,normal,pre_first_conv,gaussian,3.75,1.940000,/scratch/gs14/sl9144/qcfs_checkpoints/cifar100-checkpoints/vgg16_L[16]_mneablate_cifar100_old_detach_rc0p0001_seed42_L16_trainT0.pth,/home/595/sl9144/codes/snn_simulation/important_results/cifar100_vgg16_five_regs_pre_first_conv_sigma1_5_5seed/cifar100/mneablate_cifar100_old_detach_rc0p0001_seed42_L16_trainT0/noise_sweep_matrix_cifar100_vgg16_T16_mode_rate_uniform_schedule_normal_seed_42.csv
cifar100,vgg16,old_detach,old_mne_detach_lambda,mne_l2,0.0001,none,0.0,42,16,0,16,rate_uniform,normal,pre_first_conv,gaussian,4,1.800000,/scratch/gs14/sl9144/qcfs_checkpoints/cifar100-checkpoints/vgg16_L[16]_mneablate_cifar100_old_detach_rc0p0001_seed42_L16_trainT0.pth,/home/595/sl9144/codes/snn_simulation/important_results/cifar100_vgg16_five_regs_pre_first_conv_sigma1_5_5seed/cifar100/mneablate_cifar100_old_detach_rc0p0001_seed42_L16_trainT0/noise_sweep_matrix_cifar100_vgg16_T16_mode_rate_uniform_schedule_normal_seed_42.csv
cifar100,vgg16,old_detach,old_mne_detach_lambda,mne_l2,0.0001,none,0.0,42,16,0,16,rate_uniform,normal,pre_first_conv,gaussian,4.25,1.720000,/scratch/gs14/sl9144/qcfs_checkpoints/cifar100-checkpoints/vgg16_L[16]_mneablate_cifar100_old_detach_rc0p0001_seed42_L16_trainT0.pth,/home/595/sl9144/codes/snn_simulation/important_results/cifar100_vgg16_five_regs_pre_first_conv_sigma1_5_5seed/cifar100/mneablate_cifar100_old_detach_rc0p0001_seed42_L16_trainT0/noise_sweep_matrix_cifar100_vgg16_T16_mode_rate_uniform_schedule_normal_seed_42.csv
cifar100,vgg16,old_detach,old_mne_detach_lambda,mne_l2,0.0001,none,0.0,42,16,0,16,rate_uniform,normal,pre_first_conv,gaussian,4.5,1.480000,/scratch/gs14/sl9144/qcfs_checkpoints/cifar100-checkpoints/vgg16_L[16]_mneablate_cifar100_old_detach_rc0p0001_seed42_L16_trainT0.pth,/home/595/sl9144/codes/snn_simulation/important_results/cifar100_vgg16_five_regs_pre_first_conv_sigma1_5_5seed/cifar100/mneablate_cifar100_old_detach_rc0p0001_seed42_L16_trainT0/noise_sweep_matrix_cifar100_vgg16_T16_mode_rate_uniform_schedule_normal_seed_42.csv
cifar100,vgg16,old_detach,old_mne_detach_lambda,mne_l2,0.0001,none,0.0,42,16,0,16,rate_uniform,normal,pre_first_conv,gaussian,4.75,1.430000,/scratch/gs14/sl9144/qcfs_checkpoints/cifar100-checkpoints/vgg16_L[16]_mneablate_cifar100_old_detach_rc0p0001_seed42_L16_trainT0.pth,/home/595/sl9144/codes/snn_simulation/important_results/cifar100_vgg16_five_regs_pre_first_conv_sigma1_5_5seed/cifar100/mneablate_cifar100_old_detach_rc0p0001_seed42_L16_trainT0/noise_sweep_matrix_cifar100_vgg16_T16_mode_rate_uniform_schedule_normal_seed_42.csv
cifar100,vgg16,old_detach,old_mne_detach_lambda,mne_l2,0.0001,none,0.0,42,16,0,16,rate_uniform,normal,pre_first_conv,gaussian,5,1.390000,/scratch/gs14/sl9144/qcfs_checkpoints/cifar100-checkpoints/vgg16_L[16]_mneablate_cifar100_old_detach_rc0p0001_seed42_L16_trainT0.pth,/home/595/sl9144/codes/snn_simulation/important_results/cifar100_vgg16_five_regs_pre_first_conv_sigma1_5_5seed/cifar100/mneablate_cifar100_old_detach_rc0p0001_seed42_L16_trainT0/noise_sweep_matrix_cifar100_vgg16_T16_mode_rate_uniform_schedule_normal_seed_42.csv
cifar100,vgg16,old_detach,old_mne_detach_lambda,mne_l2,0.0001,none,0.0,43,16,0,16,rate_uniform,normal,pre_first_conv,gaussian,1,23.450000,/scratch/gs14/sl9144/qcfs_checkpoints/cifar100-checkpoints/vgg16_L[16]_mneablate_cifar100_old_detach_rc0p0001_seed43_L16_trainT0.pth,/home/595/sl9144/codes/snn_simulation/important_results/cifar100_vgg16_five_regs_pre_first_conv_sigma1_5_5seed/cifar100/mneablate_cifar100_old_detach_rc0p0001_seed43_L16_trainT0/noise_sweep_matrix_cifar100_vgg16_T16_mode_rate_uniform_schedule_normal_seed_43.csv
cifar100,vgg16,old_detach,old_mne_detach_lambda,mne_l2,0.0001,none,0.0,43,16,0,16,rate_uniform,normal,pre_first_conv,gaussian,1.25,15.500000,/scratch/gs14/sl9144/qcfs_checkpoints/cifar100-checkpoints/vgg16_L[16]_mneablate_cifar100_old_detach_rc0p0001_seed43_L16_trainT0.pth,/home/595/sl9144/codes/snn_simulation/important_results/cifar100_vgg16_five_regs_pre_first_conv_sigma1_5_5seed/cifar100/mneablate_cifar100_old_detach_rc0p0001_seed43_L16_trainT0/noise_sweep_matrix_cifar100_vgg16_T16_mode_rate_uniform_schedule_normal_seed_43.csv
cifar100,vgg16,old_detach,old_mne_detach_lambda,mne_l2,0.0001,none,0.0,43,16,0,16,rate_uniform,normal,pre_first_conv,gaussian,1.5,10.650000,/scratch/gs14/sl9144/qcfs_checkpoints/cifar100-checkpoints/vgg16_L[16]_mneablate_cifar100_old_detach_rc0p0001_seed43_L16_trainT0.pth,/home/595/sl9144/codes/snn_simulation/important_results/cifar100_vgg16_five_regs_pre_first_conv_sigma1_5_5seed/cifar100/mneablate_cifar100_old_detach_rc0p0001_seed43_L16_trainT0/noise_sweep_matrix_cifar100_vgg16_T16_mode_rate_uniform_schedule_normal_seed_43.csv
cifar100,vgg16,old_detach,old_mne_detach_lambda,mne_l2,0.0001,none,0.0,43,16,0,16,rate_uniform,normal,pre_first_conv,gaussian,1.75,8.200000,/scratch/gs14/sl9144/qcfs_checkpoints/cifar100-checkpoints/vgg16_L[16]_mneablate_cifar100_old_detach_rc0p0001_seed43_L16_trainT0.pth,/home/595/sl9144/codes/snn_simulation/important_results/cifar100_vgg16_five_regs_pre_first_conv_sigma1_5_5seed/cifar100/mneablate_cifar100_old_detach_rc0p0001_seed43_L16_trainT0/noise_sweep_matrix_cifar100_vgg16_T16_mode_rate_uniform_schedule_normal_seed_43.csv
cifar100,vgg16,old_detach,old_mne_detach_lambda,mne_l2,0.0001,none,0.0,43,16,0,16,rate_uniform,normal,pre_first_conv,gaussian,2,6.500000,/scratch/gs14/sl9144/qcfs_checkpoints/cifar100-checkpoints/vgg16_L[16]_mneablate_cifar100_old_detach_rc0p0001_seed43_L16_trainT0.pth,/home/595/sl9144/codes/snn_simulation/important_results/cifar100_vgg16_five_regs_pre_first_conv_sigma1_5_5seed/cifar100/mneablate_cifar100_old_detach_rc0p0001_seed43_L16_trainT0/noise_sweep_matrix_cifar100_vgg16_T16_mode_rate_uniform_schedule_normal_seed_43.csv
cifar100,vgg16,old_detach,old_mne_detach_lambda,mne_l2,0.0001,none,0.0,43,16,0,16,rate_uniform,normal,pre_first_conv,gaussian,2.25,5.140000,/scratch/gs14/sl9144/qcfs_checkpoints/cifar100-checkpoints/vgg16_L[16]_mneablate_cifar100_old_detach_rc0p0001_seed43_L16_trainT0.pth,/home/595/sl9144/codes/snn_simulation/important_results/cifar100_vgg16_five_regs_pre_first_conv_sigma1_5_5seed/cifar100/mneablate_cifar100_old_detach_rc0p0001_seed43_L16_trainT0/noise_sweep_matrix_cifar100_vgg16_T16_mode_rate_uniform_schedule_normal_seed_43.csv
cifar100,vgg16,old_detach,old_mne_detach_lambda,mne_l2,0.0001,none,0.0,43,16,0,16,rate_uniform,normal,pre_first_conv,gaussian,2.5,4.550000,/scratch/gs14/sl9144/qcfs_checkpoints/cifar100-checkpoints/vgg16_L[16]_mneablate_cifar100_old_detach_rc0p0001_seed43_L16_trainT0.pth,/home/595/sl9144/codes/snn_simulation/important_results/cifar100_vgg16_five_regs_pre_first_conv_sigma1_5_5seed/cifar100/mneablate_cifar100_old_detach_rc0p0001_seed43_L16_trainT0/noise_sweep_matrix_cifar100_vgg16_T16_mode_rate_uniform_schedule_normal_seed_43.csv
cifar100,vgg16,old_detach,old_mne_detach_lambda,mne_l2,0.0001,none,0.0,43,16,0,16,rate_uniform,normal,pre_first_conv,gaussian,2.75,3.720000,/scratch/gs14/sl9144/qcfs_checkpoints/cifar100-checkpoints/vgg16_L[16]_mneablate_cifar100_old_detach_rc0p0001_seed43_L16_trainT0.pth,/home/595/sl9144/codes/snn_simulation/important_results/cifar100_vgg16_five_regs_pre_first_conv_sigma1_5_5seed/cifar100/mneablate_cifar100_old_detach_rc0p0001_seed43_L16_trainT0/noise_sweep_matrix_cifar100_vgg16_T16_mode_rate_uniform_schedule_normal_seed_43.csv
cifar100,vgg16,old_detach,old_mne_detach_lambda,mne_l2,0.0001,none,0.0,43,16,0,16,rate_uniform,normal,pre_first_conv,gaussian,3,3.380000,/scratch/gs14/sl9144/qcfs_checkpoints/cifar100-checkpoints/vgg16_L[16]_mneablate_cifar100_old_detach_rc0p0001_seed43_L16_trainT0.pth,/home/595/sl9144/codes/snn_simulation/important_results/cifar100_vgg16_five_regs_pre_first_conv_sigma1_5_5seed/cifar100/mneablate_cifar100_old_detach_rc0p0001_seed43_L16_trainT0/noise_sweep_matrix_cifar100_vgg16_T16_mode_rate_uniform_schedule_normal_seed_43.csv
cifar100,vgg16,old_detach,old_mne_detach_lambda,mne_l2,0.0001,none,0.0,43,16,0,16,rate_uniform,normal,pre_first_conv,gaussian,3.25,3.050000,/scratch/gs14/sl9144/qcfs_checkpoints/cifar100-checkpoints/vgg16_L[16]_mneablate_cifar100_old_detach_rc0p0001_seed43_L16_trainT0.pth,/home/595/sl9144/codes/snn_simulation/important_results/cifar100_vgg16_five_regs_pre_first_conv_sigma1_5_5seed/cifar100/mneablate_cifar100_old_detach_rc0p0001_seed43_L16_trainT0/noise_sweep_matrix_cifar100_vgg16_T16_mode_rate_uniform_schedule_normal_seed_43.csv
cifar100,vgg16,old_detach,old_mne_detach_lambda,mne_l2,0.0001,none,0.0,43,16,0,16,rate_uniform,normal,pre_first_conv,gaussian,3.5,2.760000,/scratch/gs14/sl9144/qcfs_checkpoints/cifar100-checkpoints/vgg16_L[16]_mneablate_cifar100_old_detach_rc0p0001_seed43_L16_trainT0.pth,/home/595/sl9144/codes/snn_simulation/important_results/cifar100_vgg16_five_regs_pre_first_conv_sigma1_5_5seed/cifar100/mneablate_cifar100_old_detach_rc0p0001_seed43_L16_trainT0/noise_sweep_matrix_cifar100_vgg16_T16_mode_rate_uniform_schedule_normal_seed_43.csv
cifar100,vgg16,old_detach,old_mne_detach_lambda,mne_l2,0.0001,none,0.0,43,16,0,16,rate_uniform,normal,pre_first_conv,gaussian,3.75,2.420000,/scratch/gs14/sl9144/qcfs_checkpoints/cifar100-checkpoints/vgg16_L[16]_mneablate_cifar100_old_detach_rc0p0001_seed43_L16_trainT0.pth,/home/595/sl9144/codes/snn_simulation/important_results/cifar100_vgg16_five_regs_pre_first_conv_sigma1_5_5seed/cifar100/mneablate_cifar100_old_detach_rc0p0001_seed43_L16_trainT0/noise_sweep_matrix_cifar100_vgg16_T16_mode_rate_uniform_schedule_normal_seed_43.csv
cifar100,vgg16,old_detach,old_mne_detach_lambda,mne_l2,0.0001,none,0.0,43,16,0,16,rate_uniform,normal,pre_first_conv,gaussian,4,2.120000,/scratch/gs14/sl9144/qcfs_checkpoints/cifar100-checkpoints/vgg16_L[16]_mneablate_cifar100_old_detach_rc0p0001_seed43_L16_trainT0.pth,/home/595/sl9144/codes/snn_simulation/important_results/cifar100_vgg16_five_regs_pre_first_conv_sigma1_5_5seed/cifar100/mneablate_cifar100_old_detach_rc0p0001_seed43_L16_trainT0/noise_sweep_matrix_cifar100_vgg16_T16_mode_rate_uniform_schedule_normal_seed_43.csv
cifar100,vgg16,old_detach,old_mne_detach_lambda,mne_l2,0.0001,none,0.0,43,16,0,16,rate_uniform,normal,pre_first_conv,gaussian,4.25,2.140000,/scratch/gs14/sl9144/qcfs_checkpoints/cifar100-checkpoints/vgg16_L[16]_mneablate_cifar100_old_detach_rc0p0001_seed43_L16_trainT0.pth,/home/595/sl9144/codes/snn_simulation/important_results/cifar100_vgg16_five_regs_pre_first_conv_sigma1_5_5seed/cifar100/mneablate_cifar100_old_detach_rc0p0001_seed43_L16_trainT0/noise_sweep_matrix_cifar100_vgg16_T16_mode_rate_uniform_schedule_normal_seed_43.csv
cifar100,vgg16,old_detach,old_mne_detach_lambda,mne_l2,0.0001,none,0.0,43,16,0,16,rate_uniform,normal,pre_first_conv,gaussian,4.5,1.900000,/scratch/gs14/sl9144/qcfs_checkpoints/cifar100-checkpoints/vgg16_L[16]_mneablate_cifar100_old_detach_rc0p0001_seed43_L16_trainT0.pth,/home/595/sl9144/codes/snn_simulation/important_results/cifar100_vgg16_five_regs_pre_first_conv_sigma1_5_5seed/cifar100/mneablate_cifar100_old_detach_rc0p0001_seed43_L16_trainT0/noise_sweep_matrix_cifar100_vgg16_T16_mode_rate_uniform_schedule_normal_seed_43.csv
cifar100,vgg16,old_detach,old_mne_detach_lambda,mne_l2,0.0001,none,0.0,43,16,0,16,rate_uniform,normal,pre_first_conv,gaussian,4.75,1.650000,/scratch/gs14/sl9144/qcfs_checkpoints/cifar100-checkpoints/vgg16_L[16]_mneablate_cifar100_old_detach_rc0p0001_seed43_L16_trainT0.pth,/home/595/sl9144/codes/snn_simulation/important_results/cifar100_vgg16_five_regs_pre_first_conv_sigma1_5_5seed/cifar100/mneablate_cifar100_old_detach_rc0p0001_seed43_L16_trainT0/noise_sweep_matrix_cifar100_vgg16_T16_mode_rate_uniform_schedule_normal_seed_43.csv
cifar100,vgg16,old_detach,old_mne_detach_lambda,mne_l2,0.0001,none,0.0,43,16,0,16,rate_uniform,normal,pre_first_conv,gaussian,5,1.760000,/scratch/gs14/sl9144/qcfs_checkpoints/cifar100-checkpoints/vgg16_L[16]_mneablate_cifar100_old_detach_rc0p0001_seed43_L16_trainT0.pth,/home/595/sl9144/codes/snn_simulation/important_results/cifar100_vgg16_five_regs_pre_first_conv_sigma1_5_5seed/cifar100/mneablate_cifar100_old_detach_rc0p0001_seed43_L16_trainT0/noise_sweep_matrix_cifar100_vgg16_T16_mode_rate_uniform_schedule_normal_seed_43.csv
cifar100,vgg16,old_detach,old_mne_detach_lambda,mne_l2,0.0001,none,0.0,44,16,0,16,rate_uniform,normal,pre_first_conv,gaussian,1,22.090000,/scratch/gs14/sl9144/qcfs_checkpoints/cifar100-checkpoints/vgg16_L[16]_mneablate_cifar100_old_detach_rc0p0001_seed44_L16_trainT0.pth,/home/595/sl9144/codes/snn_simulation/important_results/cifar100_vgg16_five_regs_pre_first_conv_sigma1_5_5seed/cifar100/mneablate_cifar100_old_detach_rc0p0001_seed44_L16_trainT0/noise_sweep_matrix_cifar100_vgg16_T16_mode_rate_uniform_schedule_normal_seed_44.csv
cifar100,vgg16,old_detach,old_mne_detach_lambda,mne_l2,0.0001,none,0.0,44,16,0,16,rate_uniform,normal,pre_first_conv,gaussian,1.25,14.500000,/scratch/gs14/sl9144/qcfs_checkpoints/cifar100-checkpoints/vgg16_L[16]_mneablate_cifar100_old_detach_rc0p0001_seed44_L16_trainT0.pth,/home/595/sl9144/codes/snn_simulation/important_results/cifar100_vgg16_five_regs_pre_first_conv_sigma1_5_5seed/cifar100/mneablate_cifar100_old_detach_rc0p0001_seed44_L16_trainT0/noise_sweep_matrix_cifar100_vgg16_T16_mode_rate_uniform_schedule_normal_seed_44.csv
cifar100,vgg16,old_detach,old_mne_detach_lambda,mne_l2,0.0001,none,0.0,44,16,0,16,rate_uniform,normal,pre_first_conv,gaussian,1.5,10.260000,/scratch/gs14/sl9144/qcfs_checkpoints/cifar100-checkpoints/vgg16_L[16]_mneablate_cifar100_old_detach_rc0p0001_seed44_L16_trainT0.pth,/home/595/sl9144/codes/snn_simulation/important_results/cifar100_vgg16_five_regs_pre_first_conv_sigma1_5_5seed/cifar100/mneablate_cifar100_old_detach_rc0p0001_seed44_L16_trainT0/noise_sweep_matrix_cifar100_vgg16_T16_mode_rate_uniform_schedule_normal_seed_44.csv
cifar100,vgg16,old_detach,old_mne_detach_lambda,mne_l2,0.0001,none,0.0,44,16,0,16,rate_uniform,normal,pre_first_conv,gaussian,1.75,7.620000,/scratch/gs14/sl9144/qcfs_checkpoints/cifar100-checkpoints/vgg16_L[16]_mneablate_cifar100_old_detach_rc0p0001_seed44_L16_trainT0.pth,/home/595/sl9144/codes/snn_simulation/important_results/cifar100_vgg16_five_regs_pre_first_conv_sigma1_5_5seed/cifar100/mneablate_cifar100_old_detach_rc0p0001_seed44_L16_trainT0/noise_sweep_matrix_cifar100_vgg16_T16_mode_rate_uniform_schedule_normal_seed_44.csv
cifar100,vgg16,old_detach,old_mne_detach_lambda,mne_l2,0.0001,none,0.0,44,16,0,16,rate_uniform,normal,pre_first_conv,gaussian,2,6.130000,/scratch/gs14/sl9144/qcfs_checkpoints/cifar100-checkpoints/vgg16_L[16]_mneablate_cifar100_old_detach_rc0p0001_seed44_L16_trainT0.pth,/home/595/sl9144/codes/snn_simulation/important_results/cifar100_vgg16_five_regs_pre_first_conv_sigma1_5_5seed/cifar100/mneablate_cifar100_old_detach_rc0p0001_seed44_L16_trainT0/noise_sweep_matrix_cifar100_vgg16_T16_mode_rate_uniform_schedule_normal_seed_44.csv
cifar100,vgg16,old_detach,old_mne_detach_lambda,mne_l2,0.0001,none,0.0,44,16,0,16,rate_uniform,normal,pre_first_conv,gaussian,2.25,5.040000,/scratch/gs14/sl9144/qcfs_checkpoints/cifar100-checkpoints/vgg16_L[16]_mneablate_cifar100_old_detach_rc0p0001_seed44_L16_trainT0.pth,/home/595/sl9144/codes/snn_simulation/important_results/cifar100_vgg16_five_regs_pre_first_conv_sigma1_5_5seed/cifar100/mneablate_cifar100_old_detach_rc0p0001_seed44_L16_trainT0/noise_sweep_matrix_cifar100_vgg16_T16_mode_rate_uniform_schedule_normal_seed_44.csv
cifar100,vgg16,old_detach,old_mne_detach_lambda,mne_l2,0.0001,none,0.0,44,16,0,16,rate_uniform,normal,pre_first_conv,gaussian,2.5,3.950000,/scratch/gs14/sl9144/qcfs_checkpoints/cifar100-checkpoints/vgg16_L[16]_mneablate_cifar100_old_detach_rc0p0001_seed44_L16_trainT0.pth,/home/595/sl9144/codes/snn_simulation/important_results/cifar100_vgg16_five_regs_pre_first_conv_sigma1_5_5seed/cifar100/mneablate_cifar100_old_detach_rc0p0001_seed44_L16_trainT0/noise_sweep_matrix_cifar100_vgg16_T16_mode_rate_uniform_schedule_normal_seed_44.csv
cifar100,vgg16,old_detach,old_mne_detach_lambda,mne_l2,0.0001,none,0.0,44,16,0,16,rate_uniform,normal,pre_first_conv,gaussian,2.75,3.690000,/scratch/gs14/sl9144/qcfs_checkpoints/cifar100-checkpoints/vgg16_L[16]_mneablate_cifar100_old_detach_rc0p0001_seed44_L16_trainT0.pth,/home/595/sl9144/codes/snn_simulation/important_results/cifar100_vgg16_five_regs_pre_first_conv_sigma1_5_5seed/cifar100/mneablate_cifar100_old_detach_rc0p0001_seed44_L16_trainT0/noise_sweep_matrix_cifar100_vgg16_T16_mode_rate_uniform_schedule_normal_seed_44.csv
cifar100,vgg16,old_detach,old_mne_detach_lambda,mne_l2,0.0001,none,0.0,44,16,0,16,rate_uniform,normal,pre_first_conv,gaussian,3,3.240000,/scratch/gs14/sl9144/qcfs_checkpoints/cifar100-checkpoints/vgg16_L[16]_mneablate_cifar100_old_detach_rc0p0001_seed44_L16_trainT0.pth,/home/595/sl9144/codes/snn_simulation/important_results/cifar100_vgg16_five_regs_pre_first_conv_sigma1_5_5seed/cifar100/mneablate_cifar100_old_detach_rc0p0001_seed44_L16_trainT0/noise_sweep_matrix_cifar100_vgg16_T16_mode_rate_uniform_schedule_normal_seed_44.csv
cifar100,vgg16,old_detach,old_mne_detach_lambda,mne_l2,0.0001,none,0.0,44,16,0,16,rate_uniform,normal,pre_first_conv,gaussian,3.25,2.930000,/scratch/gs14/sl9144/qcfs_checkpoints/cifar100-checkpoints/vgg16_L[16]_mneablate_cifar100_old_detach_rc0p0001_seed44_L16_trainT0.pth,/home/595/sl9144/codes/snn_simulation/important_results/cifar100_vgg16_five_regs_pre_first_conv_sigma1_5_5seed/cifar100/mneablate_cifar100_old_detach_rc0p0001_seed44_L16_trainT0/noise_sweep_matrix_cifar100_vgg16_T16_mode_rate_uniform_schedule_normal_seed_44.csv
cifar100,vgg16,old_detach,old_mne_detach_lambda,mne_l2,0.0001,none,0.0,44,16,0,16,rate_uniform,normal,pre_first_conv,gaussian,3.5,2.680000,/scratch/gs14/sl9144/qcfs_checkpoints/cifar100-checkpoints/vgg16_L[16]_mneablate_cifar100_old_detach_rc0p0001_seed44_L16_trainT0.pth,/home/595/sl9144/codes/snn_simulation/important_results/cifar100_vgg16_five_regs_pre_first_conv_sigma1_5_5seed/cifar100/mneablate_cifar100_old_detach_rc0p0001_seed44_L16_trainT0/noise_sweep_matrix_cifar100_vgg16_T16_mode_rate_uniform_schedule_normal_seed_44.csv
cifar100,vgg16,old_detach,old_mne_detach_lambda,mne_l2,0.0001,none,0.0,44,16,0,16,rate_uniform,normal,pre_first_conv,gaussian,3.75,2.540000,/scratch/gs14/sl9144/qcfs_checkpoints/cifar100-checkpoints/vgg16_L[16]_mneablate_cifar100_old_detach_rc0p0001_seed44_L16_trainT0.pth,/home/595/sl9144/codes/snn_simulation/important_results/cifar100_vgg16_five_regs_pre_first_conv_sigma1_5_5seed/cifar100/mneablate_cifar100_old_detach_rc0p0001_seed44_L16_trainT0/noise_sweep_matrix_cifar100_vgg16_T16_mode_rate_uniform_schedule_normal_seed_44.csv
cifar100,vgg16,old_detach,old_mne_detach_lambda,mne_l2,0.0001,none,0.0,44,16,0,16,rate_uniform,normal,pre_first_conv,gaussian,4,2.380000,/scratch/gs14/sl9144/qcfs_checkpoints/cifar100-checkpoints/vgg16_L[16]_mneablate_cifar100_old_detach_rc0p0001_seed44_L16_trainT0.pth,/home/595/sl9144/codes/snn_simulation/important_results/cifar100_vgg16_five_regs_pre_first_conv_sigma1_5_5seed/cifar100/mneablate_cifar100_old_detach_rc0p0001_seed44_L16_trainT0/noise_sweep_matrix_cifar100_vgg16_T16_mode_rate_uniform_schedule_normal_seed_44.csv
cifar100,vgg16,old_detach,old_mne_detach_lambda,mne_l2,0.0001,none,0.0,44,16,0,16,rate_uniform,normal,pre_first_conv,gaussian,4.25,2.180000,/scratch/gs14/sl9144/qcfs_checkpoints/cifar100-checkpoints/vgg16_L[16]_mneablate_cifar100_old_detach_rc0p0001_seed44_L16_trainT0.pth,/home/595/sl9144/codes/snn_simulation/important_results/cifar100_vgg16_five_regs_pre_first_conv_sigma1_5_5seed/cifar100/mneablate_cifar100_old_detach_rc0p0001_seed44_L16_trainT0/noise_sweep_matrix_cifar100_vgg16_T16_mode_rate_uniform_schedule_normal_seed_44.csv
cifar100,vgg16,old_detach,old_mne_detach_lambda,mne_l2,0.0001,none,0.0,44,16,0,16,rate_uniform,normal,pre_first_conv,gaussian,4.5,2.260000,/scratch/gs14/sl9144/qcfs_checkpoints/cifar100-checkpoints/vgg16_L[16]_mneablate_cifar100_old_detach_rc0p0001_seed44_L16_trainT0.pth,/home/595/sl9144/codes/snn_simulation/important_results/cifar100_vgg16_five_regs_pre_first_conv_sigma1_5_5seed/cifar100/mneablate_cifar100_old_detach_rc0p0001_seed44_L16_trainT0/noise_sweep_matrix_cifar100_vgg16_T16_mode_rate_uniform_schedule_normal_seed_44.csv
cifar100,vgg16,old_detach,old_mne_detach_lambda,mne_l2,0.0001,none,0.0,44,16,0,16,rate_uniform,normal,pre_first_conv,gaussian,4.75,1.950000,/scratch/gs14/sl9144/qcfs_checkpoints/cifar100-checkpoints/vgg16_L[16]_mneablate_cifar100_old_detach_rc0p0001_seed44_L16_trainT0.pth,/home/595/sl9144/codes/snn_simulation/important_results/cifar100_vgg16_five_regs_pre_first_conv_sigma1_5_5seed/cifar100/mneablate_cifar100_old_detach_rc0p0001_seed44_L16_trainT0/noise_sweep_matrix_cifar100_vgg16_T16_mode_rate_uniform_schedule_normal_seed_44.csv
cifar100,vgg16,old_detach,old_mne_detach_lambda,mne_l2,0.0001,none,0.0,44,16,0,16,rate_uniform,normal,pre_first_conv,gaussian,5,1.900000,/scratch/gs14/sl9144/qcfs_checkpoints/cifar100-checkpoints/vgg16_L[16]_mneablate_cifar100_old_detach_rc0p0001_seed44_L16_trainT0.pth,/home/595/sl9144/codes/snn_simulation/important_results/cifar100_vgg16_five_regs_pre_first_conv_sigma1_5_5seed/cifar100/mneablate_cifar100_old_detach_rc0p0001_seed44_L16_trainT0/noise_sweep_matrix_cifar100_vgg16_T16_mode_rate_uniform_schedule_normal_seed_44.csv
cifar100,vgg16,calibrated_mne_a0p1,l2_calibrated_mne_alpha_0p1,calibrated_mne_l2,0.0005,none,0.0,40,16,0,16,rate_uniform,normal,pre_first_conv,gaussian,1,29.450000,/scratch/gs14/sl9144/qcfs_checkpoints/cifar100-checkpoints/vgg16_L[16]_mneablate_cifar100_calibrated_mne_a0p1_rc0p0005_seed40_L16_trainT0.pth,/home/595/sl9144/codes/snn_simulation/important_results/cifar100_vgg16_five_regs_pre_first_conv_sigma1_5_5seed/cifar100/mneablate_cifar100_calibrated_mne_a0p1_rc0p0005_seed40_L16_trainT0/noise_sweep_matrix_cifar100_vgg16_T16_mode_rate_uniform_schedule_normal_seed_40.csv
cifar100,vgg16,calibrated_mne_a0p1,l2_calibrated_mne_alpha_0p1,calibrated_mne_l2,0.0005,none,0.0,40,16,0,16,rate_uniform,normal,pre_first_conv,gaussian,1.25,22.580000,/scratch/gs14/sl9144/qcfs_checkpoints/cifar100-checkpoints/vgg16_L[16]_mneablate_cifar100_calibrated_mne_a0p1_rc0p0005_seed40_L16_trainT0.pth,/home/595/sl9144/codes/snn_simulation/important_results/cifar100_vgg16_five_regs_pre_first_conv_sigma1_5_5seed/cifar100/mneablate_cifar100_calibrated_mne_a0p1_rc0p0005_seed40_L16_trainT0/noise_sweep_matrix_cifar100_vgg16_T16_mode_rate_uniform_schedule_normal_seed_40.csv
cifar100,vgg16,calibrated_mne_a0p1,l2_calibrated_mne_alpha_0p1,calibrated_mne_l2,0.0005,none,0.0,40,16,0,16,rate_uniform,normal,pre_first_conv,gaussian,1.5,17.570000,/scratch/gs14/sl9144/qcfs_checkpoints/cifar100-checkpoints/vgg16_L[16]_mneablate_cifar100_calibrated_mne_a0p1_rc0p0005_seed40_L16_trainT0.pth,/home/595/sl9144/codes/snn_simulation/important_results/cifar100_vgg16_five_regs_pre_first_conv_sigma1_5_5seed/cifar100/mneablate_cifar100_calibrated_mne_a0p1_rc0p0005_seed40_L16_trainT0/noise_sweep_matrix_cifar100_vgg16_T16_mode_rate_uniform_schedule_normal_seed_40.csv
cifar100,vgg16,calibrated_mne_a0p1,l2_calibrated_mne_alpha_0p1,calibrated_mne_l2,0.0005,none,0.0,40,16,0,16,rate_uniform,normal,pre_first_conv,gaussian,1.75,13.970000,/scratch/gs14/sl9144/qcfs_checkpoints/cifar100-checkpoints/vgg16_L[16]_mneablate_cifar100_calibrated_mne_a0p1_rc0p0005_seed40_L16_trainT0.pth,/home/595/sl9144/codes/snn_simulation/important_results/cifar100_vgg16_five_regs_pre_first_conv_sigma1_5_5seed/cifar100/mneablate_cifar100_calibrated_mne_a0p1_rc0p0005_seed40_L16_trainT0/noise_sweep_matrix_cifar100_vgg16_T16_mode_rate_uniform_schedule_normal_seed_40.csv
cifar100,vgg16,calibrated_mne_a0p1,l2_calibrated_mne_alpha_0p1,calibrated_mne_l2,0.0005,none,0.0,40,16,0,16,rate_uniform,normal,pre_first_conv,gaussian,2,10.870000,/scratch/gs14/sl9144/qcfs_checkpoints/cifar100-checkpoints/vgg16_L[16]_mneablate_cifar100_calibrated_mne_a0p1_rc0p0005_seed40_L16_trainT0.pth,/home/595/sl9144/codes/snn_simulation/important_results/cifar100_vgg16_five_regs_pre_first_conv_sigma1_5_5seed/cifar100/mneablate_cifar100_calibrated_mne_a0p1_rc0p0005_seed40_L16_trainT0/noise_sweep_matrix_cifar100_vgg16_T16_mode_rate_uniform_schedule_normal_seed_40.csv
cifar100,vgg16,calibrated_mne_a0p1,l2_calibrated_mne_alpha_0p1,calibrated_mne_l2,0.0005,none,0.0,40,16,0,16,rate_uniform,normal,pre_first_conv,gaussian,2.25,8.390000,/scratch/gs14/sl9144/qcfs_checkpoints/cifar100-checkpoints/vgg16_L[16]_mneablate_cifar100_calibrated_mne_a0p1_rc0p0005_seed40_L16_trainT0.pth,/home/595/sl9144/codes/snn_simulation/important_results/cifar100_vgg16_five_regs_pre_first_conv_sigma1_5_5seed/cifar100/mneablate_cifar100_calibrated_mne_a0p1_rc0p0005_seed40_L16_trainT0/noise_sweep_matrix_cifar100_vgg16_T16_mode_rate_uniform_schedule_normal_seed_40.csv
cifar100,vgg16,calibrated_mne_a0p1,l2_calibrated_mne_alpha_0p1,calibrated_mne_l2,0.0005,none,0.0,40,16,0,16,rate_uniform,normal,pre_first_conv,gaussian,2.5,7.120000,/scratch/gs14/sl9144/qcfs_checkpoints/cifar100-checkpoints/vgg16_L[16]_mneablate_cifar100_calibrated_mne_a0p1_rc0p0005_seed40_L16_trainT0.pth,/home/595/sl9144/codes/snn_simulation/important_results/cifar100_vgg16_five_regs_pre_first_conv_sigma1_5_5seed/cifar100/mneablate_cifar100_calibrated_mne_a0p1_rc0p0005_seed40_L16_trainT0/noise_sweep_matrix_cifar100_vgg16_T16_mode_rate_uniform_schedule_normal_seed_40.csv
cifar100,vgg16,calibrated_mne_a0p1,l2_calibrated_mne_alpha_0p1,calibrated_mne_l2,0.0005,none,0.0,40,16,0,16,rate_uniform,normal,pre_first_conv,gaussian,2.75,5.610000,/scratch/gs14/sl9144/qcfs_checkpoints/cifar100-checkpoints/vgg16_L[16]_mneablate_cifar100_calibrated_mne_a0p1_rc0p0005_seed40_L16_trainT0.pth,/home/595/sl9144/codes/snn_simulation/important_results/cifar100_vgg16_five_regs_pre_first_conv_sigma1_5_5seed/cifar100/mneablate_cifar100_calibrated_mne_a0p1_rc0p0005_seed40_L16_trainT0/noise_sweep_matrix_cifar100_vgg16_T16_mode_rate_uniform_schedule_normal_seed_40.csv
cifar100,vgg16,calibrated_mne_a0p1,l2_calibrated_mne_alpha_0p1,calibrated_mne_l2,0.0005,none,0.0,40,16,0,16,rate_uniform,normal,pre_first_conv,gaussian,3,4.800000,/scratch/gs14/sl9144/qcfs_checkpoints/cifar100-checkpoints/vgg16_L[16]_mneablate_cifar100_calibrated_mne_a0p1_rc0p0005_seed40_L16_trainT0.pth,/home/595/sl9144/codes/snn_simulation/important_results/cifar100_vgg16_five_regs_pre_first_conv_sigma1_5_5seed/cifar100/mneablate_cifar100_calibrated_mne_a0p1_rc0p0005_seed40_L16_trainT0/noise_sweep_matrix_cifar100_vgg16_T16_mode_rate_uniform_schedule_normal_seed_40.csv
cifar100,vgg16,calibrated_mne_a0p1,l2_calibrated_mne_alpha_0p1,calibrated_mne_l2,0.0005,none,0.0,40,16,0,16,rate_uniform,normal,pre_first_conv,gaussian,3.25,3.970000,/scratch/gs14/sl9144/qcfs_checkpoints/cifar100-checkpoints/vgg16_L[16]_mneablate_cifar100_calibrated_mne_a0p1_rc0p0005_seed40_L16_trainT0.pth,/home/595/sl9144/codes/snn_simulation/important_results/cifar100_vgg16_five_regs_pre_first_conv_sigma1_5_5seed/cifar100/mneablate_cifar100_calibrated_mne_a0p1_rc0p0005_seed40_L16_trainT0/noise_sweep_matrix_cifar100_vgg16_T16_mode_rate_uniform_schedule_normal_seed_40.csv
cifar100,vgg16,calibrated_mne_a0p1,l2_calibrated_mne_alpha_0p1,calibrated_mne_l2,0.0005,none,0.0,40,16,0,16,rate_uniform,normal,pre_first_conv,gaussian,3.5,3.550000,/scratch/gs14/sl9144/qcfs_checkpoints/cifar100-checkpoints/vgg16_L[16]_mneablate_cifar100_calibrated_mne_a0p1_rc0p0005_seed40_L16_trainT0.pth,/home/595/sl9144/codes/snn_simulation/important_results/cifar100_vgg16_five_regs_pre_first_conv_sigma1_5_5seed/cifar100/mneablate_cifar100_calibrated_mne_a0p1_rc0p0005_seed40_L16_trainT0/noise_sweep_matrix_cifar100_vgg16_T16_mode_rate_uniform_schedule_normal_seed_40.csv
cifar100,vgg16,calibrated_mne_a0p1,l2_calibrated_mne_alpha_0p1,calibrated_mne_l2,0.0005,none,0.0,40,16,0,16,rate_uniform,normal,pre_first_conv,gaussian,3.75,3.020000,/scratch/gs14/sl9144/qcfs_checkpoints/cifar100-checkpoints/vgg16_L[16]_mneablate_cifar100_calibrated_mne_a0p1_rc0p0005_seed40_L16_trainT0.pth,/home/595/sl9144/codes/snn_simulation/important_results/cifar100_vgg16_five_regs_pre_first_conv_sigma1_5_5seed/cifar100/mneablate_cifar100_calibrated_mne_a0p1_rc0p0005_seed40_L16_trainT0/noise_sweep_matrix_cifar100_vgg16_T16_mode_rate_uniform_schedule_normal_seed_40.csv
cifar100,vgg16,calibrated_mne_a0p1,l2_calibrated_mne_alpha_0p1,calibrated_mne_l2,0.0005,none,0.0,40,16,0,16,rate_uniform,normal,pre_first_conv,gaussian,4,2.820000,/scratch/gs14/sl9144/qcfs_checkpoints/cifar100-checkpoints/vgg16_L[16]_mneablate_cifar100_calibrated_mne_a0p1_rc0p0005_seed40_L16_trainT0.pth,/home/595/sl9144/codes/snn_simulation/important_results/cifar100_vgg16_five_regs_pre_first_conv_sigma1_5_5seed/cifar100/mneablate_cifar100_calibrated_mne_a0p1_rc0p0005_seed40_L16_trainT0/noise_sweep_matrix_cifar100_vgg16_T16_mode_rate_uniform_schedule_normal_seed_40.csv
cifar100,vgg16,calibrated_mne_a0p1,l2_calibrated_mne_alpha_0p1,calibrated_mne_l2,0.0005,none,0.0,40,16,0,16,rate_uniform,normal,pre_first_conv,gaussian,4.25,2.440000,/scratch/gs14/sl9144/qcfs_checkpoints/cifar100-checkpoints/vgg16_L[16]_mneablate_cifar100_calibrated_mne_a0p1_rc0p0005_seed40_L16_trainT0.pth,/home/595/sl9144/codes/snn_simulation/important_results/cifar100_vgg16_five_regs_pre_first_conv_sigma1_5_5seed/cifar100/mneablate_cifar100_calibrated_mne_a0p1_rc0p0005_seed40_L16_trainT0/noise_sweep_matrix_cifar100_vgg16_T16_mode_rate_uniform_schedule_normal_seed_40.csv
cifar100,vgg16,calibrated_mne_a0p1,l2_calibrated_mne_alpha_0p1,calibrated_mne_l2,0.0005,none,0.0,40,16,0,16,rate_uniform,normal,pre_first_conv,gaussian,4.5,2.200000,/scratch/gs14/sl9144/qcfs_checkpoints/cifar100-checkpoints/vgg16_L[16]_mneablate_cifar100_calibrated_mne_a0p1_rc0p0005_seed40_L16_trainT0.pth,/home/595/sl9144/codes/snn_simulation/important_results/cifar100_vgg16_five_regs_pre_first_conv_sigma1_5_5seed/cifar100/mneablate_cifar100_calibrated_mne_a0p1_rc0p0005_seed40_L16_trainT0/noise_sweep_matrix_cifar100_vgg16_T16_mode_rate_uniform_schedule_normal_seed_40.csv
cifar100,vgg16,calibrated_mne_a0p1,l2_calibrated_mne_alpha_0p1,calibrated_mne_l2,0.0005,none,0.0,40,16,0,16,rate_uniform,normal,pre_first_conv,gaussian,4.75,2.030000,/scratch/gs14/sl9144/qcfs_checkpoints/cifar100-checkpoints/vgg16_L[16]_mneablate_cifar100_calibrated_mne_a0p1_rc0p0005_seed40_L16_trainT0.pth,/home/595/sl9144/codes/snn_simulation/important_results/cifar100_vgg16_five_regs_pre_first_conv_sigma1_5_5seed/cifar100/mneablate_cifar100_calibrated_mne_a0p1_rc0p0005_seed40_L16_trainT0/noise_sweep_matrix_cifar100_vgg16_T16_mode_rate_uniform_schedule_normal_seed_40.csv
cifar100,vgg16,calibrated_mne_a0p1,l2_calibrated_mne_alpha_0p1,calibrated_mne_l2,0.0005,none,0.0,40,16,0,16,rate_uniform,normal,pre_first_conv,gaussian,5,1.860000,/scratch/gs14/sl9144/qcfs_checkpoints/cifar100-checkpoints/vgg16_L[16]_mneablate_cifar100_calibrated_mne_a0p1_rc0p0005_seed40_L16_trainT0.pth,/home/595/sl9144/codes/snn_simulation/important_results/cifar100_vgg16_five_regs_pre_first_conv_sigma1_5_5seed/cifar100/mneablate_cifar100_calibrated_mne_a0p1_rc0p0005_seed40_L16_trainT0/noise_sweep_matrix_cifar100_vgg16_T16_mode_rate_uniform_schedule_normal_seed_40.csv
cifar100,vgg16,calibrated_mne_a0p1,l2_calibrated_mne_alpha_0p1,calibrated_mne_l2,0.0005,none,0.0,41,16,0,16,rate_uniform,normal,pre_first_conv,gaussian,1,29.210000,/scratch/gs14/sl9144/qcfs_checkpoints/cifar100-checkpoints/vgg16_L[16]_mneablate_cifar100_calibrated_mne_a0p1_rc0p0005_seed41_L16_trainT0.pth,/home/595/sl9144/codes/snn_simulation/important_results/cifar100_vgg16_five_regs_pre_first_conv_sigma1_5_5seed/cifar100/mneablate_cifar100_calibrated_mne_a0p1_rc0p0005_seed41_L16_trainT0/noise_sweep_matrix_cifar100_vgg16_T16_mode_rate_uniform_schedule_normal_seed_41.csv
cifar100,vgg16,calibrated_mne_a0p1,l2_calibrated_mne_alpha_0p1,calibrated_mne_l2,0.0005,none,0.0,41,16,0,16,rate_uniform,normal,pre_first_conv,gaussian,1.25,22.220000,/scratch/gs14/sl9144/qcfs_checkpoints/cifar100-checkpoints/vgg16_L[16]_mneablate_cifar100_calibrated_mne_a0p1_rc0p0005_seed41_L16_trainT0.pth,/home/595/sl9144/codes/snn_simulation/important_results/cifar100_vgg16_five_regs_pre_first_conv_sigma1_5_5seed/cifar100/mneablate_cifar100_calibrated_mne_a0p1_rc0p0005_seed41_L16_trainT0/noise_sweep_matrix_cifar100_vgg16_T16_mode_rate_uniform_schedule_normal_seed_41.csv
cifar100,vgg16,calibrated_mne_a0p1,l2_calibrated_mne_alpha_0p1,calibrated_mne_l2,0.0005,none,0.0,41,16,0,16,rate_uniform,normal,pre_first_conv,gaussian,1.5,17.600000,/scratch/gs14/sl9144/qcfs_checkpoints/cifar100-checkpoints/vgg16_L[16]_mneablate_cifar100_calibrated_mne_a0p1_rc0p0005_seed41_L16_trainT0.pth,/home/595/sl9144/codes/snn_simulation/important_results/cifar100_vgg16_five_regs_pre_first_conv_sigma1_5_5seed/cifar100/mneablate_cifar100_calibrated_mne_a0p1_rc0p0005_seed41_L16_trainT0/noise_sweep_matrix_cifar100_vgg16_T16_mode_rate_uniform_schedule_normal_seed_41.csv
cifar100,vgg16,calibrated_mne_a0p1,l2_calibrated_mne_alpha_0p1,calibrated_mne_l2,0.0005,none,0.0,41,16,0,16,rate_uniform,normal,pre_first_conv,gaussian,1.75,13.150000,/scratch/gs14/sl9144/qcfs_checkpoints/cifar100-checkpoints/vgg16_L[16]_mneablate_cifar100_calibrated_mne_a0p1_rc0p0005_seed41_L16_trainT0.pth,/home/595/sl9144/codes/snn_simulation/important_results/cifar100_vgg16_five_regs_pre_first_conv_sigma1_5_5seed/cifar100/mneablate_cifar100_calibrated_mne_a0p1_rc0p0005_seed41_L16_trainT0/noise_sweep_matrix_cifar100_vgg16_T16_mode_rate_uniform_schedule_normal_seed_41.csv
cifar100,vgg16,calibrated_mne_a0p1,l2_calibrated_mne_alpha_0p1,calibrated_mne_l2,0.0005,none,0.0,41,16,0,16,rate_uniform,normal,pre_first_conv,gaussian,2,10.410000,/scratch/gs14/sl9144/qcfs_checkpoints/cifar100-checkpoints/vgg16_L[16]_mneablate_cifar100_calibrated_mne_a0p1_rc0p0005_seed41_L16_trainT0.pth,/home/595/sl9144/codes/snn_simulation/important_results/cifar100_vgg16_five_regs_pre_first_conv_sigma1_5_5seed/cifar100/mneablate_cifar100_calibrated_mne_a0p1_rc0p0005_seed41_L16_trainT0/noise_sweep_matrix_cifar100_vgg16_T16_mode_rate_uniform_schedule_normal_seed_41.csv
cifar100,vgg16,calibrated_mne_a0p1,l2_calibrated_mne_alpha_0p1,calibrated_mne_l2,0.0005,none,0.0,41,16,0,16,rate_uniform,normal,pre_first_conv,gaussian,2.25,8.130000,/scratch/gs14/sl9144/qcfs_checkpoints/cifar100-checkpoints/vgg16_L[16]_mneablate_cifar100_calibrated_mne_a0p1_rc0p0005_seed41_L16_trainT0.pth,/home/595/sl9144/codes/snn_simulation/important_results/cifar100_vgg16_five_regs_pre_first_conv_sigma1_5_5seed/cifar100/mneablate_cifar100_calibrated_mne_a0p1_rc0p0005_seed41_L16_trainT0/noise_sweep_matrix_cifar100_vgg16_T16_mode_rate_uniform_schedule_normal_seed_41.csv
cifar100,vgg16,calibrated_mne_a0p1,l2_calibrated_mne_alpha_0p1,calibrated_mne_l2,0.0005,none,0.0,41,16,0,16,rate_uniform,normal,pre_first_conv,gaussian,2.5,6.530000,/scratch/gs14/sl9144/qcfs_checkpoints/cifar100-checkpoints/vgg16_L[16]_mneablate_cifar100_calibrated_mne_a0p1_rc0p0005_seed41_L16_trainT0.pth,/home/595/sl9144/codes/snn_simulation/important_results/cifar100_vgg16_five_regs_pre_first_conv_sigma1_5_5seed/cifar100/mneablate_cifar100_calibrated_mne_a0p1_rc0p0005_seed41_L16_trainT0/noise_sweep_matrix_cifar100_vgg16_T16_mode_rate_uniform_schedule_normal_seed_41.csv
cifar100,vgg16,calibrated_mne_a0p1,l2_calibrated_mne_alpha_0p1,calibrated_mne_l2,0.0005,none,0.0,41,16,0,16,rate_uniform,normal,pre_first_conv,gaussian,2.75,5.430000,/scratch/gs14/sl9144/qcfs_checkpoints/cifar100-checkpoints/vgg16_L[16]_mneablate_cifar100_calibrated_mne_a0p1_rc0p0005_seed41_L16_trainT0.pth,/home/595/sl9144/codes/snn_simulation/important_results/cifar100_vgg16_five_regs_pre_first_conv_sigma1_5_5seed/cifar100/mneablate_cifar100_calibrated_mne_a0p1_rc0p0005_seed41_L16_trainT0/noise_sweep_matrix_cifar100_vgg16_T16_mode_rate_uniform_schedule_normal_seed_41.csv
cifar100,vgg16,calibrated_mne_a0p1,l2_calibrated_mne_alpha_0p1,calibrated_mne_l2,0.0005,none,0.0,41,16,0,16,rate_uniform,normal,pre_first_conv,gaussian,3,4.650000,/scratch/gs14/sl9144/qcfs_checkpoints/cifar100-checkpoints/vgg16_L[16]_mneablate_cifar100_calibrated_mne_a0p1_rc0p0005_seed41_L16_trainT0.pth,/home/595/sl9144/codes/snn_simulation/important_results/cifar100_vgg16_five_regs_pre_first_conv_sigma1_5_5seed/cifar100/mneablate_cifar100_calibrated_mne_a0p1_rc0p0005_seed41_L16_trainT0/noise_sweep_matrix_cifar100_vgg16_T16_mode_rate_uniform_schedule_normal_seed_41.csv
cifar100,vgg16,calibrated_mne_a0p1,l2_calibrated_mne_alpha_0p1,calibrated_mne_l2,0.0005,none,0.0,41,16,0,16,rate_uniform,normal,pre_first_conv,gaussian,3.25,3.800000,/scratch/gs14/sl9144/qcfs_checkpoints/cifar100-checkpoints/vgg16_L[16]_mneablate_cifar100_calibrated_mne_a0p1_rc0p0005_seed41_L16_trainT0.pth,/home/595/sl9144/codes/snn_simulation/important_results/cifar100_vgg16_five_regs_pre_first_conv_sigma1_5_5seed/cifar100/mneablate_cifar100_calibrated_mne_a0p1_rc0p0005_seed41_L16_trainT0/noise_sweep_matrix_cifar100_vgg16_T16_mode_rate_uniform_schedule_normal_seed_41.csv
cifar100,vgg16,calibrated_mne_a0p1,l2_calibrated_mne_alpha_0p1,calibrated_mne_l2,0.0005,none,0.0,41,16,0,16,rate_uniform,normal,pre_first_conv,gaussian,3.5,3.510000,/scratch/gs14/sl9144/qcfs_checkpoints/cifar100-checkpoints/vgg16_L[16]_mneablate_cifar100_calibrated_mne_a0p1_rc0p0005_seed41_L16_trainT0.pth,/home/595/sl9144/codes/snn_simulation/important_results/cifar100_vgg16_five_regs_pre_first_conv_sigma1_5_5seed/cifar100/mneablate_cifar100_calibrated_mne_a0p1_rc0p0005_seed41_L16_trainT0/noise_sweep_matrix_cifar100_vgg16_T16_mode_rate_uniform_schedule_normal_seed_41.csv
cifar100,vgg16,calibrated_mne_a0p1,l2_calibrated_mne_alpha_0p1,calibrated_mne_l2,0.0005,none,0.0,41,16,0,16,rate_uniform,normal,pre_first_conv,gaussian,3.75,2.900000,/scratch/gs14/sl9144/qcfs_checkpoints/cifar100-checkpoints/vgg16_L[16]_mneablate_cifar100_calibrated_mne_a0p1_rc0p0005_seed41_L16_trainT0.pth,/home/595/sl9144/codes/snn_simulation/important_results/cifar100_vgg16_five_regs_pre_first_conv_sigma1_5_5seed/cifar100/mneablate_cifar100_calibrated_mne_a0p1_rc0p0005_seed41_L16_trainT0/noise_sweep_matrix_cifar100_vgg16_T16_mode_rate_uniform_schedule_normal_seed_41.csv
cifar100,vgg16,calibrated_mne_a0p1,l2_calibrated_mne_alpha_0p1,calibrated_mne_l2,0.0005,none,0.0,41,16,0,16,rate_uniform,normal,pre_first_conv,gaussian,4,2.580000,/scratch/gs14/sl9144/qcfs_checkpoints/cifar100-checkpoints/vgg16_L[16]_mneablate_cifar100_calibrated_mne_a0p1_rc0p0005_seed41_L16_trainT0.pth,/home/595/sl9144/codes/snn_simulation/important_results/cifar100_vgg16_five_regs_pre_first_conv_sigma1_5_5seed/cifar100/mneablate_cifar100_calibrated_mne_a0p1_rc0p0005_seed41_L16_trainT0/noise_sweep_matrix_cifar100_vgg16_T16_mode_rate_uniform_schedule_normal_seed_41.csv
cifar100,vgg16,calibrated_mne_a0p1,l2_calibrated_mne_alpha_0p1,calibrated_mne_l2,0.0005,none,0.0,41,16,0,16,rate_uniform,normal,pre_first_conv,gaussian,4.25,2.400000,/scratch/gs14/sl9144/qcfs_checkpoints/cifar100-checkpoints/vgg16_L[16]_mneablate_cifar100_calibrated_mne_a0p1_rc0p0005_seed41_L16_trainT0.pth,/home/595/sl9144/codes/snn_simulation/important_results/cifar100_vgg16_five_regs_pre_first_conv_sigma1_5_5seed/cifar100/mneablate_cifar100_calibrated_mne_a0p1_rc0p0005_seed41_L16_trainT0/noise_sweep_matrix_cifar100_vgg16_T16_mode_rate_uniform_schedule_normal_seed_41.csv
cifar100,vgg16,calibrated_mne_a0p1,l2_calibrated_mne_alpha_0p1,calibrated_mne_l2,0.0005,none,0.0,41,16,0,16,rate_uniform,normal,pre_first_conv,gaussian,4.5,2.090000,/scratch/gs14/sl9144/qcfs_checkpoints/cifar100-checkpoints/vgg16_L[16]_mneablate_cifar100_calibrated_mne_a0p1_rc0p0005_seed41_L16_trainT0.pth,/home/595/sl9144/codes/snn_simulation/important_results/cifar100_vgg16_five_regs_pre_first_conv_sigma1_5_5seed/cifar100/mneablate_cifar100_calibrated_mne_a0p1_rc0p0005_seed41_L16_trainT0/noise_sweep_matrix_cifar100_vgg16_T16_mode_rate_uniform_schedule_normal_seed_41.csv
cifar100,vgg16,calibrated_mne_a0p1,l2_calibrated_mne_alpha_0p1,calibrated_mne_l2,0.0005,none,0.0,41,16,0,16,rate_uniform,normal,pre_first_conv,gaussian,4.75,2.090000,/scratch/gs14/sl9144/qcfs_checkpoints/cifar100-checkpoints/vgg16_L[16]_mneablate_cifar100_calibrated_mne_a0p1_rc0p0005_seed41_L16_trainT0.pth,/home/595/sl9144/codes/snn_simulation/important_results/cifar100_vgg16_five_regs_pre_first_conv_sigma1_5_5seed/cifar100/mneablate_cifar100_calibrated_mne_a0p1_rc0p0005_seed41_L16_trainT0/noise_sweep_matrix_cifar100_vgg16_T16_mode_rate_uniform_schedule_normal_seed_41.csv
cifar100,vgg16,calibrated_mne_a0p1,l2_calibrated_mne_alpha_0p1,calibrated_mne_l2,0.0005,none,0.0,41,16,0,16,rate_uniform,normal,pre_first_conv,gaussian,5,1.810000,/scratch/gs14/sl9144/qcfs_checkpoints/cifar100-checkpoints/vgg16_L[16]_mneablate_cifar100_calibrated_mne_a0p1_rc0p0005_seed41_L16_trainT0.pth,/home/595/sl9144/codes/snn_simulation/important_results/cifar100_vgg16_five_regs_pre_first_conv_sigma1_5_5seed/cifar100/mneablate_cifar100_calibrated_mne_a0p1_rc0p0005_seed41_L16_trainT0/noise_sweep_matrix_cifar100_vgg16_T16_mode_rate_uniform_schedule_normal_seed_41.csv
cifar100,vgg16,calibrated_mne_a0p1,l2_calibrated_mne_alpha_0p1,calibrated_mne_l2,0.0005,none,0.0,42,16,0,16,rate_uniform,normal,pre_first_conv,gaussian,1,28.960000,/scratch/gs14/sl9144/qcfs_checkpoints/cifar100-checkpoints/vgg16_L[16]_mneablate_cifar100_calibrated_mne_a0p1_rc0p0005_seed42_L16_trainT0.pth,/home/595/sl9144/codes/snn_simulation/important_results/cifar100_vgg16_five_regs_pre_first_conv_sigma1_5_5seed/cifar100/mneablate_cifar100_calibrated_mne_a0p1_rc0p0005_seed42_L16_trainT0/noise_sweep_matrix_cifar100_vgg16_T16_mode_rate_uniform_schedule_normal_seed_42.csv
cifar100,vgg16,calibrated_mne_a0p1,l2_calibrated_mne_alpha_0p1,calibrated_mne_l2,0.0005,none,0.0,42,16,0,16,rate_uniform,normal,pre_first_conv,gaussian,1.25,21.690000,/scratch/gs14/sl9144/qcfs_checkpoints/cifar100-checkpoints/vgg16_L[16]_mneablate_cifar100_calibrated_mne_a0p1_rc0p0005_seed42_L16_trainT0.pth,/home/595/sl9144/codes/snn_simulation/important_results/cifar100_vgg16_five_regs_pre_first_conv_sigma1_5_5seed/cifar100/mneablate_cifar100_calibrated_mne_a0p1_rc0p0005_seed42_L16_trainT0/noise_sweep_matrix_cifar100_vgg16_T16_mode_rate_uniform_schedule_normal_seed_42.csv
cifar100,vgg16,calibrated_mne_a0p1,l2_calibrated_mne_alpha_0p1,calibrated_mne_l2,0.0005,none,0.0,42,16,0,16,rate_uniform,normal,pre_first_conv,gaussian,1.5,16.560000,/scratch/gs14/sl9144/qcfs_checkpoints/cifar100-checkpoints/vgg16_L[16]_mneablate_cifar100_calibrated_mne_a0p1_rc0p0005_seed42_L16_trainT0.pth,/home/595/sl9144/codes/snn_simulation/important_results/cifar100_vgg16_five_regs_pre_first_conv_sigma1_5_5seed/cifar100/mneablate_cifar100_calibrated_mne_a0p1_rc0p0005_seed42_L16_trainT0/noise_sweep_matrix_cifar100_vgg16_T16_mode_rate_uniform_schedule_normal_seed_42.csv
cifar100,vgg16,calibrated_mne_a0p1,l2_calibrated_mne_alpha_0p1,calibrated_mne_l2,0.0005,none,0.0,42,16,0,16,rate_uniform,normal,pre_first_conv,gaussian,1.75,12.500000,/scratch/gs14/sl9144/qcfs_checkpoints/cifar100-checkpoints/vgg16_L[16]_mneablate_cifar100_calibrated_mne_a0p1_rc0p0005_seed42_L16_trainT0.pth,/home/595/sl9144/codes/snn_simulation/important_results/cifar100_vgg16_five_regs_pre_first_conv_sigma1_5_5seed/cifar100/mneablate_cifar100_calibrated_mne_a0p1_rc0p0005_seed42_L16_trainT0/noise_sweep_matrix_cifar100_vgg16_T16_mode_rate_uniform_schedule_normal_seed_42.csv
cifar100,vgg16,calibrated_mne_a0p1,l2_calibrated_mne_alpha_0p1,calibrated_mne_l2,0.0005,none,0.0,42,16,0,16,rate_uniform,normal,pre_first_conv,gaussian,2,9.440000,/scratch/gs14/sl9144/qcfs_checkpoints/cifar100-checkpoints/vgg16_L[16]_mneablate_cifar100_calibrated_mne_a0p1_rc0p0005_seed42_L16_trainT0.pth,/home/595/sl9144/codes/snn_simulation/important_results/cifar100_vgg16_five_regs_pre_first_conv_sigma1_5_5seed/cifar100/mneablate_cifar100_calibrated_mne_a0p1_rc0p0005_seed42_L16_trainT0/noise_sweep_matrix_cifar100_vgg16_T16_mode_rate_uniform_schedule_normal_seed_42.csv
cifar100,vgg16,calibrated_mne_a0p1,l2_calibrated_mne_alpha_0p1,calibrated_mne_l2,0.0005,none,0.0,42,16,0,16,rate_uniform,normal,pre_first_conv,gaussian,2.25,7.530000,/scratch/gs14/sl9144/qcfs_checkpoints/cifar100-checkpoints/vgg16_L[16]_mneablate_cifar100_calibrated_mne_a0p1_rc0p0005_seed42_L16_trainT0.pth,/home/595/sl9144/codes/snn_simulation/important_results/cifar100_vgg16_five_regs_pre_first_conv_sigma1_5_5seed/cifar100/mneablate_cifar100_calibrated_mne_a0p1_rc0p0005_seed42_L16_trainT0/noise_sweep_matrix_cifar100_vgg16_T16_mode_rate_uniform_schedule_normal_seed_42.csv
cifar100,vgg16,calibrated_mne_a0p1,l2_calibrated_mne_alpha_0p1,calibrated_mne_l2,0.0005,none,0.0,42,16,0,16,rate_uniform,normal,pre_first_conv,gaussian,2.5,5.990000,/scratch/gs14/sl9144/qcfs_checkpoints/cifar100-checkpoints/vgg16_L[16]_mneablate_cifar100_calibrated_mne_a0p1_rc0p0005_seed42_L16_trainT0.pth,/home/595/sl9144/codes/snn_simulation/important_results/cifar100_vgg16_five_regs_pre_first_conv_sigma1_5_5seed/cifar100/mneablate_cifar100_calibrated_mne_a0p1_rc0p0005_seed42_L16_trainT0/noise_sweep_matrix_cifar100_vgg16_T16_mode_rate_uniform_schedule_normal_seed_42.csv
cifar100,vgg16,calibrated_mne_a0p1,l2_calibrated_mne_alpha_0p1,calibrated_mne_l2,0.0005,none,0.0,42,16,0,16,rate_uniform,normal,pre_first_conv,gaussian,2.75,4.860000,/scratch/gs14/sl9144/qcfs_checkpoints/cifar100-checkpoints/vgg16_L[16]_mneablate_cifar100_calibrated_mne_a0p1_rc0p0005_seed42_L16_trainT0.pth,/home/595/sl9144/codes/snn_simulation/important_results/cifar100_vgg16_five_regs_pre_first_conv_sigma1_5_5seed/cifar100/mneablate_cifar100_calibrated_mne_a0p1_rc0p0005_seed42_L16_trainT0/noise_sweep_matrix_cifar100_vgg16_T16_mode_rate_uniform_schedule_normal_seed_42.csv
cifar100,vgg16,calibrated_mne_a0p1,l2_calibrated_mne_alpha_0p1,calibrated_mne_l2,0.0005,none,0.0,42,16,0,16,rate_uniform,normal,pre_first_conv,gaussian,3,4.020000,/scratch/gs14/sl9144/qcfs_checkpoints/cifar100-checkpoints/vgg16_L[16]_mneablate_cifar100_calibrated_mne_a0p1_rc0p0005_seed42_L16_trainT0.pth,/home/595/sl9144/codes/snn_simulation/important_results/cifar100_vgg16_five_regs_pre_first_conv_sigma1_5_5seed/cifar100/mneablate_cifar100_calibrated_mne_a0p1_rc0p0005_seed42_L16_trainT0/noise_sweep_matrix_cifar100_vgg16_T16_mode_rate_uniform_schedule_normal_seed_42.csv
cifar100,vgg16,calibrated_mne_a0p1,l2_calibrated_mne_alpha_0p1,calibrated_mne_l2,0.0005,none,0.0,42,16,0,16,rate_uniform,normal,pre_first_conv,gaussian,3.25,3.330000,/scratch/gs14/sl9144/qcfs_checkpoints/cifar100-checkpoints/vgg16_L[16]_mneablate_cifar100_calibrated_mne_a0p1_rc0p0005_seed42_L16_trainT0.pth,/home/595/sl9144/codes/snn_simulation/important_results/cifar100_vgg16_five_regs_pre_first_conv_sigma1_5_5seed/cifar100/mneablate_cifar100_calibrated_mne_a0p1_rc0p0005_seed42_L16_trainT0/noise_sweep_matrix_cifar100_vgg16_T16_mode_rate_uniform_schedule_normal_seed_42.csv
cifar100,vgg16,calibrated_mne_a0p1,l2_calibrated_mne_alpha_0p1,calibrated_mne_l2,0.0005,none,0.0,42,16,0,16,rate_uniform,normal,pre_first_conv,gaussian,3.5,2.840000,/scratch/gs14/sl9144/qcfs_checkpoints/cifar100-checkpoints/vgg16_L[16]_mneablate_cifar100_calibrated_mne_a0p1_rc0p0005_seed42_L16_trainT0.pth,/home/595/sl9144/codes/snn_simulation/important_results/cifar100_vgg16_five_regs_pre_first_conv_sigma1_5_5seed/cifar100/mneablate_cifar100_calibrated_mne_a0p1_rc0p0005_seed42_L16_trainT0/noise_sweep_matrix_cifar100_vgg16_T16_mode_rate_uniform_schedule_normal_seed_42.csv
cifar100,vgg16,calibrated_mne_a0p1,l2_calibrated_mne_alpha_0p1,calibrated_mne_l2,0.0005,none,0.0,42,16,0,16,rate_uniform,normal,pre_first_conv,gaussian,3.75,2.450000,/scratch/gs14/sl9144/qcfs_checkpoints/cifar100-checkpoints/vgg16_L[16]_mneablate_cifar100_calibrated_mne_a0p1_rc0p0005_seed42_L16_trainT0.pth,/home/595/sl9144/codes/snn_simulation/important_results/cifar100_vgg16_five_regs_pre_first_conv_sigma1_5_5seed/cifar100/mneablate_cifar100_calibrated_mne_a0p1_rc0p0005_seed42_L16_trainT0/noise_sweep_matrix_cifar100_vgg16_T16_mode_rate_uniform_schedule_normal_seed_42.csv
cifar100,vgg16,calibrated_mne_a0p1,l2_calibrated_mne_alpha_0p1,calibrated_mne_l2,0.0005,none,0.0,42,16,0,16,rate_uniform,normal,pre_first_conv,gaussian,4,2.180000,/scratch/gs14/sl9144/qcfs_checkpoints/cifar100-checkpoints/vgg16_L[16]_mneablate_cifar100_calibrated_mne_a0p1_rc0p0005_seed42_L16_trainT0.pth,/home/595/sl9144/codes/snn_simulation/important_results/cifar100_vgg16_five_regs_pre_first_conv_sigma1_5_5seed/cifar100/mneablate_cifar100_calibrated_mne_a0p1_rc0p0005_seed42_L16_trainT0/noise_sweep_matrix_cifar100_vgg16_T16_mode_rate_uniform_schedule_normal_seed_42.csv
cifar100,vgg16,calibrated_mne_a0p1,l2_calibrated_mne_alpha_0p1,calibrated_mne_l2,0.0005,none,0.0,42,16,0,16,rate_uniform,normal,pre_first_conv,gaussian,4.25,1.970000,/scratch/gs14/sl9144/qcfs_checkpoints/cifar100-checkpoints/vgg16_L[16]_mneablate_cifar100_calibrated_mne_a0p1_rc0p0005_seed42_L16_trainT0.pth,/home/595/sl9144/codes/snn_simulation/important_results/cifar100_vgg16_five_regs_pre_first_conv_sigma1_5_5seed/cifar100/mneablate_cifar100_calibrated_mne_a0p1_rc0p0005_seed42_L16_trainT0/noise_sweep_matrix_cifar100_vgg16_T16_mode_rate_uniform_schedule_normal_seed_42.csv
cifar100,vgg16,calibrated_mne_a0p1,l2_calibrated_mne_alpha_0p1,calibrated_mne_l2,0.0005,none,0.0,42,16,0,16,rate_uniform,normal,pre_first_conv,gaussian,4.5,1.860000,/scratch/gs14/sl9144/qcfs_checkpoints/cifar100-checkpoints/vgg16_L[16]_mneablate_cifar100_calibrated_mne_a0p1_rc0p0005_seed42_L16_trainT0.pth,/home/595/sl9144/codes/snn_simulation/important_results/cifar100_vgg16_five_regs_pre_first_conv_sigma1_5_5seed/cifar100/mneablate_cifar100_calibrated_mne_a0p1_rc0p0005_seed42_L16_trainT0/noise_sweep_matrix_cifar100_vgg16_T16_mode_rate_uniform_schedule_normal_seed_42.csv
cifar100,vgg16,calibrated_mne_a0p1,l2_calibrated_mne_alpha_0p1,calibrated_mne_l2,0.0005,none,0.0,42,16,0,16,rate_uniform,normal,pre_first_conv,gaussian,4.75,1.810000,/scratch/gs14/sl9144/qcfs_checkpoints/cifar100-checkpoints/vgg16_L[16]_mneablate_cifar100_calibrated_mne_a0p1_rc0p0005_seed42_L16_trainT0.pth,/home/595/sl9144/codes/snn_simulation/important_results/cifar100_vgg16_five_regs_pre_first_conv_sigma1_5_5seed/cifar100/mneablate_cifar100_calibrated_mne_a0p1_rc0p0005_seed42_L16_trainT0/noise_sweep_matrix_cifar100_vgg16_T16_mode_rate_uniform_schedule_normal_seed_42.csv
cifar100,vgg16,calibrated_mne_a0p1,l2_calibrated_mne_alpha_0p1,calibrated_mne_l2,0.0005,none,0.0,42,16,0,16,rate_uniform,normal,pre_first_conv,gaussian,5,1.860000,/scratch/gs14/sl9144/qcfs_checkpoints/cifar100-checkpoints/vgg16_L[16]_mneablate_cifar100_calibrated_mne_a0p1_rc0p0005_seed42_L16_trainT0.pth,/home/595/sl9144/codes/snn_simulation/important_results/cifar100_vgg16_five_regs_pre_first_conv_sigma1_5_5seed/cifar100/mneablate_cifar100_calibrated_mne_a0p1_rc0p0005_seed42_L16_trainT0/noise_sweep_matrix_cifar100_vgg16_T16_mode_rate_uniform_schedule_normal_seed_42.csv
cifar100,vgg16,calibrated_mne_a0p1,l2_calibrated_mne_alpha_0p1,calibrated_mne_l2,0.0005,none,0.0,43,16,0,16,rate_uniform,normal,pre_first_conv,gaussian,1,30.590000,/scratch/gs14/sl9144/qcfs_checkpoints/cifar100-checkpoints/vgg16_L[16]_mneablate_cifar100_calibrated_mne_a0p1_rc0p0005_seed43_L16_trainT0.pth,/home/595/sl9144/codes/snn_simulation/important_results/cifar100_vgg16_five_regs_pre_first_conv_sigma1_5_5seed/cifar100/mneablate_cifar100_calibrated_mne_a0p1_rc0p0005_seed43_L16_trainT0/noise_sweep_matrix_cifar100_vgg16_T16_mode_rate_uniform_schedule_normal_seed_43.csv
cifar100,vgg16,calibrated_mne_a0p1,l2_calibrated_mne_alpha_0p1,calibrated_mne_l2,0.0005,none,0.0,43,16,0,16,rate_uniform,normal,pre_first_conv,gaussian,1.25,22.980000,/scratch/gs14/sl9144/qcfs_checkpoints/cifar100-checkpoints/vgg16_L[16]_mneablate_cifar100_calibrated_mne_a0p1_rc0p0005_seed43_L16_trainT0.pth,/home/595/sl9144/codes/snn_simulation/important_results/cifar100_vgg16_five_regs_pre_first_conv_sigma1_5_5seed/cifar100/mneablate_cifar100_calibrated_mne_a0p1_rc0p0005_seed43_L16_trainT0/noise_sweep_matrix_cifar100_vgg16_T16_mode_rate_uniform_schedule_normal_seed_43.csv
cifar100,vgg16,calibrated_mne_a0p1,l2_calibrated_mne_alpha_0p1,calibrated_mne_l2,0.0005,none,0.0,43,16,0,16,rate_uniform,normal,pre_first_conv,gaussian,1.5,18.400000,/scratch/gs14/sl9144/qcfs_checkpoints/cifar100-checkpoints/vgg16_L[16]_mneablate_cifar100_calibrated_mne_a0p1_rc0p0005_seed43_L16_trainT0.pth,/home/595/sl9144/codes/snn_simulation/important_results/cifar100_vgg16_five_regs_pre_first_conv_sigma1_5_5seed/cifar100/mneablate_cifar100_calibrated_mne_a0p1_rc0p0005_seed43_L16_trainT0/noise_sweep_matrix_cifar100_vgg16_T16_mode_rate_uniform_schedule_normal_seed_43.csv
cifar100,vgg16,calibrated_mne_a0p1,l2_calibrated_mne_alpha_0p1,calibrated_mne_l2,0.0005,none,0.0,43,16,0,16,rate_uniform,normal,pre_first_conv,gaussian,1.75,14.520000,/scratch/gs14/sl9144/qcfs_checkpoints/cifar100-checkpoints/vgg16_L[16]_mneablate_cifar100_calibrated_mne_a0p1_rc0p0005_seed43_L16_trainT0.pth,/home/595/sl9144/codes/snn_simulation/important_results/cifar100_vgg16_five_regs_pre_first_conv_sigma1_5_5seed/cifar100/mneablate_cifar100_calibrated_mne_a0p1_rc0p0005_seed43_L16_trainT0/noise_sweep_matrix_cifar100_vgg16_T16_mode_rate_uniform_schedule_normal_seed_43.csv
cifar100,vgg16,calibrated_mne_a0p1,l2_calibrated_mne_alpha_0p1,calibrated_mne_l2,0.0005,none,0.0,43,16,0,16,rate_uniform,normal,pre_first_conv,gaussian,2,11.710000,/scratch/gs14/sl9144/qcfs_checkpoints/cifar100-checkpoints/vgg16_L[16]_mneablate_cifar100_calibrated_mne_a0p1_rc0p0005_seed43_L16_trainT0.pth,/home/595/sl9144/codes/snn_simulation/important_results/cifar100_vgg16_five_regs_pre_first_conv_sigma1_5_5seed/cifar100/mneablate_cifar100_calibrated_mne_a0p1_rc0p0005_seed43_L16_trainT0/noise_sweep_matrix_cifar100_vgg16_T16_mode_rate_uniform_schedule_normal_seed_43.csv
cifar100,vgg16,calibrated_mne_a0p1,l2_calibrated_mne_alpha_0p1,calibrated_mne_l2,0.0005,none,0.0,43,16,0,16,rate_uniform,normal,pre_first_conv,gaussian,2.25,9.170000,/scratch/gs14/sl9144/qcfs_checkpoints/cifar100-checkpoints/vgg16_L[16]_mneablate_cifar100_calibrated_mne_a0p1_rc0p0005_seed43_L16_trainT0.pth,/home/595/sl9144/codes/snn_simulation/important_results/cifar100_vgg16_five_regs_pre_first_conv_sigma1_5_5seed/cifar100/mneablate_cifar100_calibrated_mne_a0p1_rc0p0005_seed43_L16_trainT0/noise_sweep_matrix_cifar100_vgg16_T16_mode_rate_uniform_schedule_normal_seed_43.csv
cifar100,vgg16,calibrated_mne_a0p1,l2_calibrated_mne_alpha_0p1,calibrated_mne_l2,0.0005,none,0.0,43,16,0,16,rate_uniform,normal,pre_first_conv,gaussian,2.5,8.030000,/scratch/gs14/sl9144/qcfs_checkpoints/cifar100-checkpoints/vgg16_L[16]_mneablate_cifar100_calibrated_mne_a0p1_rc0p0005_seed43_L16_trainT0.pth,/home/595/sl9144/codes/snn_simulation/important_results/cifar100_vgg16_five_regs_pre_first_conv_sigma1_5_5seed/cifar100/mneablate_cifar100_calibrated_mne_a0p1_rc0p0005_seed43_L16_trainT0/noise_sweep_matrix_cifar100_vgg16_T16_mode_rate_uniform_schedule_normal_seed_43.csv
cifar100,vgg16,calibrated_mne_a0p1,l2_calibrated_mne_alpha_0p1,calibrated_mne_l2,0.0005,none,0.0,43,16,0,16,rate_uniform,normal,pre_first_conv,gaussian,2.75,6.990000,/scratch/gs14/sl9144/qcfs_checkpoints/cifar100-checkpoints/vgg16_L[16]_mneablate_cifar100_calibrated_mne_a0p1_rc0p0005_seed43_L16_trainT0.pth,/home/595/sl9144/codes/snn_simulation/important_results/cifar100_vgg16_five_regs_pre_first_conv_sigma1_5_5seed/cifar100/mneablate_cifar100_calibrated_mne_a0p1_rc0p0005_seed43_L16_trainT0/noise_sweep_matrix_cifar100_vgg16_T16_mode_rate_uniform_schedule_normal_seed_43.csv
cifar100,vgg16,calibrated_mne_a0p1,l2_calibrated_mne_alpha_0p1,calibrated_mne_l2,0.0005,none,0.0,43,16,0,16,rate_uniform,normal,pre_first_conv,gaussian,3,6.040000,/scratch/gs14/sl9144/qcfs_checkpoints/cifar100-checkpoints/vgg16_L[16]_mneablate_cifar100_calibrated_mne_a0p1_rc0p0005_seed43_L16_trainT0.pth,/home/595/sl9144/codes/snn_simulation/important_results/cifar100_vgg16_five_regs_pre_first_conv_sigma1_5_5seed/cifar100/mneablate_cifar100_calibrated_mne_a0p1_rc0p0005_seed43_L16_trainT0/noise_sweep_matrix_cifar100_vgg16_T16_mode_rate_uniform_schedule_normal_seed_43.csv
cifar100,vgg16,calibrated_mne_a0p1,l2_calibrated_mne_alpha_0p1,calibrated_mne_l2,0.0005,none,0.0,43,16,0,16,rate_uniform,normal,pre_first_conv,gaussian,3.25,5.250000,/scratch/gs14/sl9144/qcfs_checkpoints/cifar100-checkpoints/vgg16_L[16]_mneablate_cifar100_calibrated_mne_a0p1_rc0p0005_seed43_L16_trainT0.pth,/home/595/sl9144/codes/snn_simulation/important_results/cifar100_vgg16_five_regs_pre_first_conv_sigma1_5_5seed/cifar100/mneablate_cifar100_calibrated_mne_a0p1_rc0p0005_seed43_L16_trainT0/noise_sweep_matrix_cifar100_vgg16_T16_mode_rate_uniform_schedule_normal_seed_43.csv
cifar100,vgg16,calibrated_mne_a0p1,l2_calibrated_mne_alpha_0p1,calibrated_mne_l2,0.0005,none,0.0,43,16,0,16,rate_uniform,normal,pre_first_conv,gaussian,3.5,4.560000,/scratch/gs14/sl9144/qcfs_checkpoints/cifar100-checkpoints/vgg16_L[16]_mneablate_cifar100_calibrated_mne_a0p1_rc0p0005_seed43_L16_trainT0.pth,/home/595/sl9144/codes/snn_simulation/important_results/cifar100_vgg16_five_regs_pre_first_conv_sigma1_5_5seed/cifar100/mneablate_cifar100_calibrated_mne_a0p1_rc0p0005_seed43_L16_trainT0/noise_sweep_matrix_cifar100_vgg16_T16_mode_rate_uniform_schedule_normal_seed_43.csv
cifar100,vgg16,calibrated_mne_a0p1,l2_calibrated_mne_alpha_0p1,calibrated_mne_l2,0.0005,none,0.0,43,16,0,16,rate_uniform,normal,pre_first_conv,gaussian,3.75,3.940000,/scratch/gs14/sl9144/qcfs_checkpoints/cifar100-checkpoints/vgg16_L[16]_mneablate_cifar100_calibrated_mne_a0p1_rc0p0005_seed43_L16_trainT0.pth,/home/595/sl9144/codes/snn_simulation/important_results/cifar100_vgg16_five_regs_pre_first_conv_sigma1_5_5seed/cifar100/mneablate_cifar100_calibrated_mne_a0p1_rc0p0005_seed43_L16_trainT0/noise_sweep_matrix_cifar100_vgg16_T16_mode_rate_uniform_schedule_normal_seed_43.csv
cifar100,vgg16,calibrated_mne_a0p1,l2_calibrated_mne_alpha_0p1,calibrated_mne_l2,0.0005,none,0.0,43,16,0,16,rate_uniform,normal,pre_first_conv,gaussian,4,3.720000,/scratch/gs14/sl9144/qcfs_checkpoints/cifar100-checkpoints/vgg16_L[16]_mneablate_cifar100_calibrated_mne_a0p1_rc0p0005_seed43_L16_trainT0.pth,/home/595/sl9144/codes/snn_simulation/important_results/cifar100_vgg16_five_regs_pre_first_conv_sigma1_5_5seed/cifar100/mneablate_cifar100_calibrated_mne_a0p1_rc0p0005_seed43_L16_trainT0/noise_sweep_matrix_cifar100_vgg16_T16_mode_rate_uniform_schedule_normal_seed_43.csv
cifar100,vgg16,calibrated_mne_a0p1,l2_calibrated_mne_alpha_0p1,calibrated_mne_l2,0.0005,none,0.0,43,16,0,16,rate_uniform,normal,pre_first_conv,gaussian,4.25,3.110000,/scratch/gs14/sl9144/qcfs_checkpoints/cifar100-checkpoints/vgg16_L[16]_mneablate_cifar100_calibrated_mne_a0p1_rc0p0005_seed43_L16_trainT0.pth,/home/595/sl9144/codes/snn_simulation/important_results/cifar100_vgg16_five_regs_pre_first_conv_sigma1_5_5seed/cifar100/mneablate_cifar100_calibrated_mne_a0p1_rc0p0005_seed43_L16_trainT0/noise_sweep_matrix_cifar100_vgg16_T16_mode_rate_uniform_schedule_normal_seed_43.csv
cifar100,vgg16,calibrated_mne_a0p1,l2_calibrated_mne_alpha_0p1,calibrated_mne_l2,0.0005,none,0.0,43,16,0,16,rate_uniform,normal,pre_first_conv,gaussian,4.5,2.940000,/scratch/gs14/sl9144/qcfs_checkpoints/cifar100-checkpoints/vgg16_L[16]_mneablate_cifar100_calibrated_mne_a0p1_rc0p0005_seed43_L16_trainT0.pth,/home/595/sl9144/codes/snn_simulation/important_results/cifar100_vgg16_five_regs_pre_first_conv_sigma1_5_5seed/cifar100/mneablate_cifar100_calibrated_mne_a0p1_rc0p0005_seed43_L16_trainT0/noise_sweep_matrix_cifar100_vgg16_T16_mode_rate_uniform_schedule_normal_seed_43.csv
cifar100,vgg16,calibrated_mne_a0p1,l2_calibrated_mne_alpha_0p1,calibrated_mne_l2,0.0005,none,0.0,43,16,0,16,rate_uniform,normal,pre_first_conv,gaussian,4.75,2.650000,/scratch/gs14/sl9144/qcfs_checkpoints/cifar100-checkpoints/vgg16_L[16]_mneablate_cifar100_calibrated_mne_a0p1_rc0p0005_seed43_L16_trainT0.pth,/home/595/sl9144/codes/snn_simulation/important_results/cifar100_vgg16_five_regs_pre_first_conv_sigma1_5_5seed/cifar100/mneablate_cifar100_calibrated_mne_a0p1_rc0p0005_seed43_L16_trainT0/noise_sweep_matrix_cifar100_vgg16_T16_mode_rate_uniform_schedule_normal_seed_43.csv
cifar100,vgg16,calibrated_mne_a0p1,l2_calibrated_mne_alpha_0p1,calibrated_mne_l2,0.0005,none,0.0,43,16,0,16,rate_uniform,normal,pre_first_conv,gaussian,5,2.450000,/scratch/gs14/sl9144/qcfs_checkpoints/cifar100-checkpoints/vgg16_L[16]_mneablate_cifar100_calibrated_mne_a0p1_rc0p0005_seed43_L16_trainT0.pth,/home/595/sl9144/codes/snn_simulation/important_results/cifar100_vgg16_five_regs_pre_first_conv_sigma1_5_5seed/cifar100/mneablate_cifar100_calibrated_mne_a0p1_rc0p0005_seed43_L16_trainT0/noise_sweep_matrix_cifar100_vgg16_T16_mode_rate_uniform_schedule_normal_seed_43.csv
cifar100,vgg16,calibrated_mne_a0p1,l2_calibrated_mne_alpha_0p1,calibrated_mne_l2,0.0005,none,0.0,44,16,0,16,rate_uniform,normal,pre_first_conv,gaussian,1,29.090000,/scratch/gs14/sl9144/qcfs_checkpoints/cifar100-checkpoints/vgg16_L[16]_mneablate_cifar100_calibrated_mne_a0p1_rc0p0005_seed44_L16_trainT0.pth,/home/595/sl9144/codes/snn_simulation/important_results/cifar100_vgg16_five_regs_pre_first_conv_sigma1_5_5seed/cifar100/mneablate_cifar100_calibrated_mne_a0p1_rc0p0005_seed44_L16_trainT0/noise_sweep_matrix_cifar100_vgg16_T16_mode_rate_uniform_schedule_normal_seed_44.csv
cifar100,vgg16,calibrated_mne_a0p1,l2_calibrated_mne_alpha_0p1,calibrated_mne_l2,0.0005,none,0.0,44,16,0,16,rate_uniform,normal,pre_first_conv,gaussian,1.25,21.990000,/scratch/gs14/sl9144/qcfs_checkpoints/cifar100-checkpoints/vgg16_L[16]_mneablate_cifar100_calibrated_mne_a0p1_rc0p0005_seed44_L16_trainT0.pth,/home/595/sl9144/codes/snn_simulation/important_results/cifar100_vgg16_five_regs_pre_first_conv_sigma1_5_5seed/cifar100/mneablate_cifar100_calibrated_mne_a0p1_rc0p0005_seed44_L16_trainT0/noise_sweep_matrix_cifar100_vgg16_T16_mode_rate_uniform_schedule_normal_seed_44.csv
cifar100,vgg16,calibrated_mne_a0p1,l2_calibrated_mne_alpha_0p1,calibrated_mne_l2,0.0005,none,0.0,44,16,0,16,rate_uniform,normal,pre_first_conv,gaussian,1.5,16.920000,/scratch/gs14/sl9144/qcfs_checkpoints/cifar100-checkpoints/vgg16_L[16]_mneablate_cifar100_calibrated_mne_a0p1_rc0p0005_seed44_L16_trainT0.pth,/home/595/sl9144/codes/snn_simulation/important_results/cifar100_vgg16_five_regs_pre_first_conv_sigma1_5_5seed/cifar100/mneablate_cifar100_calibrated_mne_a0p1_rc0p0005_seed44_L16_trainT0/noise_sweep_matrix_cifar100_vgg16_T16_mode_rate_uniform_schedule_normal_seed_44.csv
cifar100,vgg16,calibrated_mne_a0p1,l2_calibrated_mne_alpha_0p1,calibrated_mne_l2,0.0005,none,0.0,44,16,0,16,rate_uniform,normal,pre_first_conv,gaussian,1.75,13.130000,/scratch/gs14/sl9144/qcfs_checkpoints/cifar100-checkpoints/vgg16_L[16]_mneablate_cifar100_calibrated_mne_a0p1_rc0p0005_seed44_L16_trainT0.pth,/home/595/sl9144/codes/snn_simulation/important_results/cifar100_vgg16_five_regs_pre_first_conv_sigma1_5_5seed/cifar100/mneablate_cifar100_calibrated_mne_a0p1_rc0p0005_seed44_L16_trainT0/noise_sweep_matrix_cifar100_vgg16_T16_mode_rate_uniform_schedule_normal_seed_44.csv
cifar100,vgg16,calibrated_mne_a0p1,l2_calibrated_mne_alpha_0p1,calibrated_mne_l2,0.0005,none,0.0,44,16,0,16,rate_uniform,normal,pre_first_conv,gaussian,2,10.310000,/scratch/gs14/sl9144/qcfs_checkpoints/cifar100-checkpoints/vgg16_L[16]_mneablate_cifar100_calibrated_mne_a0p1_rc0p0005_seed44_L16_trainT0.pth,/home/595/sl9144/codes/snn_simulation/important_results/cifar100_vgg16_five_regs_pre_first_conv_sigma1_5_5seed/cifar100/mneablate_cifar100_calibrated_mne_a0p1_rc0p0005_seed44_L16_trainT0/noise_sweep_matrix_cifar100_vgg16_T16_mode_rate_uniform_schedule_normal_seed_44.csv
cifar100,vgg16,calibrated_mne_a0p1,l2_calibrated_mne_alpha_0p1,calibrated_mne_l2,0.0005,none,0.0,44,16,0,16,rate_uniform,normal,pre_first_conv,gaussian,2.25,8.390000,/scratch/gs14/sl9144/qcfs_checkpoints/cifar100-checkpoints/vgg16_L[16]_mneablate_cifar100_calibrated_mne_a0p1_rc0p0005_seed44_L16_trainT0.pth,/home/595/sl9144/codes/snn_simulation/important_results/cifar100_vgg16_five_regs_pre_first_conv_sigma1_5_5seed/cifar100/mneablate_cifar100_calibrated_mne_a0p1_rc0p0005_seed44_L16_trainT0/noise_sweep_matrix_cifar100_vgg16_T16_mode_rate_uniform_schedule_normal_seed_44.csv
cifar100,vgg16,calibrated_mne_a0p1,l2_calibrated_mne_alpha_0p1,calibrated_mne_l2,0.0005,none,0.0,44,16,0,16,rate_uniform,normal,pre_first_conv,gaussian,2.5,6.860000,/scratch/gs14/sl9144/qcfs_checkpoints/cifar100-checkpoints/vgg16_L[16]_mneablate_cifar100_calibrated_mne_a0p1_rc0p0005_seed44_L16_trainT0.pth,/home/595/sl9144/codes/snn_simulation/important_results/cifar100_vgg16_five_regs_pre_first_conv_sigma1_5_5seed/cifar100/mneablate_cifar100_calibrated_mne_a0p1_rc0p0005_seed44_L16_trainT0/noise_sweep_matrix_cifar100_vgg16_T16_mode_rate_uniform_schedule_normal_seed_44.csv
cifar100,vgg16,calibrated_mne_a0p1,l2_calibrated_mne_alpha_0p1,calibrated_mne_l2,0.0005,none,0.0,44,16,0,16,rate_uniform,normal,pre_first_conv,gaussian,2.75,6.010000,/scratch/gs14/sl9144/qcfs_checkpoints/cifar100-checkpoints/vgg16_L[16]_mneablate_cifar100_calibrated_mne_a0p1_rc0p0005_seed44_L16_trainT0.pth,/home/595/sl9144/codes/snn_simulation/important_results/cifar100_vgg16_five_regs_pre_first_conv_sigma1_5_5seed/cifar100/mneablate_cifar100_calibrated_mne_a0p1_rc0p0005_seed44_L16_trainT0/noise_sweep_matrix_cifar100_vgg16_T16_mode_rate_uniform_schedule_normal_seed_44.csv
cifar100,vgg16,calibrated_mne_a0p1,l2_calibrated_mne_alpha_0p1,calibrated_mne_l2,0.0005,none,0.0,44,16,0,16,rate_uniform,normal,pre_first_conv,gaussian,3,5.380000,/scratch/gs14/sl9144/qcfs_checkpoints/cifar100-checkpoints/vgg16_L[16]_mneablate_cifar100_calibrated_mne_a0p1_rc0p0005_seed44_L16_trainT0.pth,/home/595/sl9144/codes/snn_simulation/important_results/cifar100_vgg16_five_regs_pre_first_conv_sigma1_5_5seed/cifar100/mneablate_cifar100_calibrated_mne_a0p1_rc0p0005_seed44_L16_trainT0/noise_sweep_matrix_cifar100_vgg16_T16_mode_rate_uniform_schedule_normal_seed_44.csv
cifar100,vgg16,calibrated_mne_a0p1,l2_calibrated_mne_alpha_0p1,calibrated_mne_l2,0.0005,none,0.0,44,16,0,16,rate_uniform,normal,pre_first_conv,gaussian,3.25,4.610000,/scratch/gs14/sl9144/qcfs_checkpoints/cifar100-checkpoints/vgg16_L[16]_mneablate_cifar100_calibrated_mne_a0p1_rc0p0005_seed44_L16_trainT0.pth,/home/595/sl9144/codes/snn_simulation/important_results/cifar100_vgg16_five_regs_pre_first_conv_sigma1_5_5seed/cifar100/mneablate_cifar100_calibrated_mne_a0p1_rc0p0005_seed44_L16_trainT0/noise_sweep_matrix_cifar100_vgg16_T16_mode_rate_uniform_schedule_normal_seed_44.csv
cifar100,vgg16,calibrated_mne_a0p1,l2_calibrated_mne_alpha_0p1,calibrated_mne_l2,0.0005,none,0.0,44,16,0,16,rate_uniform,normal,pre_first_conv,gaussian,3.5,4.030000,/scratch/gs14/sl9144/qcfs_checkpoints/cifar100-checkpoints/vgg16_L[16]_mneablate_cifar100_calibrated_mne_a0p1_rc0p0005_seed44_L16_trainT0.pth,/home/595/sl9144/codes/snn_simulation/important_results/cifar100_vgg16_five_regs_pre_first_conv_sigma1_5_5seed/cifar100/mneablate_cifar100_calibrated_mne_a0p1_rc0p0005_seed44_L16_trainT0/noise_sweep_matrix_cifar100_vgg16_T16_mode_rate_uniform_schedule_normal_seed_44.csv
cifar100,vgg16,calibrated_mne_a0p1,l2_calibrated_mne_alpha_0p1,calibrated_mne_l2,0.0005,none,0.0,44,16,0,16,rate_uniform,normal,pre_first_conv,gaussian,3.75,3.880000,/scratch/gs14/sl9144/qcfs_checkpoints/cifar100-checkpoints/vgg16_L[16]_mneablate_cifar100_calibrated_mne_a0p1_rc0p0005_seed44_L16_trainT0.pth,/home/595/sl9144/codes/snn_simulation/important_results/cifar100_vgg16_five_regs_pre_first_conv_sigma1_5_5seed/cifar100/mneablate_cifar100_calibrated_mne_a0p1_rc0p0005_seed44_L16_trainT0/noise_sweep_matrix_cifar100_vgg16_T16_mode_rate_uniform_schedule_normal_seed_44.csv
cifar100,vgg16,calibrated_mne_a0p1,l2_calibrated_mne_alpha_0p1,calibrated_mne_l2,0.0005,none,0.0,44,16,0,16,rate_uniform,normal,pre_first_conv,gaussian,4,3.320000,/scratch/gs14/sl9144/qcfs_checkpoints/cifar100-checkpoints/vgg16_L[16]_mneablate_cifar100_calibrated_mne_a0p1_rc0p0005_seed44_L16_trainT0.pth,/home/595/sl9144/codes/snn_simulation/important_results/cifar100_vgg16_five_regs_pre_first_conv_sigma1_5_5seed/cifar100/mneablate_cifar100_calibrated_mne_a0p1_rc0p0005_seed44_L16_trainT0/noise_sweep_matrix_cifar100_vgg16_T16_mode_rate_uniform_schedule_normal_seed_44.csv
cifar100,vgg16,calibrated_mne_a0p1,l2_calibrated_mne_alpha_0p1,calibrated_mne_l2,0.0005,none,0.0,44,16,0,16,rate_uniform,normal,pre_first_conv,gaussian,4.25,3.050000,/scratch/gs14/sl9144/qcfs_checkpoints/cifar100-checkpoints/vgg16_L[16]_mneablate_cifar100_calibrated_mne_a0p1_rc0p0005_seed44_L16_trainT0.pth,/home/595/sl9144/codes/snn_simulation/important_results/cifar100_vgg16_five_regs_pre_first_conv_sigma1_5_5seed/cifar100/mneablate_cifar100_calibrated_mne_a0p1_rc0p0005_seed44_L16_trainT0/noise_sweep_matrix_cifar100_vgg16_T16_mode_rate_uniform_schedule_normal_seed_44.csv
cifar100,vgg16,calibrated_mne_a0p1,l2_calibrated_mne_alpha_0p1,calibrated_mne_l2,0.0005,none,0.0,44,16,0,16,rate_uniform,normal,pre_first_conv,gaussian,4.5,3.000000,/scratch/gs14/sl9144/qcfs_checkpoints/cifar100-checkpoints/vgg16_L[16]_mneablate_cifar100_calibrated_mne_a0p1_rc0p0005_seed44_L16_trainT0.pth,/home/595/sl9144/codes/snn_simulation/important_results/cifar100_vgg16_five_regs_pre_first_conv_sigma1_5_5seed/cifar100/mneablate_cifar100_calibrated_mne_a0p1_rc0p0005_seed44_L16_trainT0/noise_sweep_matrix_cifar100_vgg16_T16_mode_rate_uniform_schedule_normal_seed_44.csv
cifar100,vgg16,calibrated_mne_a0p1,l2_calibrated_mne_alpha_0p1,calibrated_mne_l2,0.0005,none,0.0,44,16,0,16,rate_uniform,normal,pre_first_conv,gaussian,4.75,2.950000,/scratch/gs14/sl9144/qcfs_checkpoints/cifar100-checkpoints/vgg16_L[16]_mneablate_cifar100_calibrated_mne_a0p1_rc0p0005_seed44_L16_trainT0.pth,/home/595/sl9144/codes/snn_simulation/important_results/cifar100_vgg16_five_regs_pre_first_conv_sigma1_5_5seed/cifar100/mneablate_cifar100_calibrated_mne_a0p1_rc0p0005_seed44_L16_trainT0/noise_sweep_matrix_cifar100_vgg16_T16_mode_rate_uniform_schedule_normal_seed_44.csv
cifar100,vgg16,calibrated_mne_a0p1,l2_calibrated_mne_alpha_0p1,calibrated_mne_l2,0.0005,none,0.0,44,16,0,16,rate_uniform,normal,pre_first_conv,gaussian,5,2.680000,/scratch/gs14/sl9144/qcfs_checkpoints/cifar100-checkpoints/vgg16_L[16]_mneablate_cifar100_calibrated_mne_a0p1_rc0p0005_seed44_L16_trainT0.pth,/home/595/sl9144/codes/snn_simulation/important_results/cifar100_vgg16_five_regs_pre_first_conv_sigma1_5_5seed/cifar100/mneablate_cifar100_calibrated_mne_a0p1_rc0p0005_seed44_L16_trainT0/noise_sweep_matrix_cifar100_vgg16_T16_mode_rate_uniform_schedule_normal_seed_44.csv
