dataset,arch,method,label,reg_coeff,weight_decay,seed,L,T,if_mode,sigma,acc,checkpoint,matrix_csv
cifar100,vgg16,weight_decay,weight_decay,,0.0005,40,16,16,rate_uniform,0.0,64.27,/scratch/gs14/sl9144/qcfs_checkpoints/cifar100-checkpoints/vgg16_L[16]_strict_seed40_drs_last_epoch_schemeC_noout_wd_l16_vgg16.pth,/home/595/sl9144/codes/snn_simulation/important_results/cifar100_vgg16_three_regs_drs_last_epoch/weight_decay/seed_40/noise_sweep_matrix_cifar100_vgg16_T16_mode_rate_uniform_schedule_normal_seed_40.csv
cifar100,vgg16,weight_decay,weight_decay,,0.0005,40,16,16,rate_uniform,0.05,64.26,/scratch/gs14/sl9144/qcfs_checkpoints/cifar100-checkpoints/vgg16_L[16]_strict_seed40_drs_last_epoch_schemeC_noout_wd_l16_vgg16.pth,/home/595/sl9144/codes/snn_simulation/important_results/cifar100_vgg16_three_regs_drs_last_epoch/weight_decay/seed_40/noise_sweep_matrix_cifar100_vgg16_T16_mode_rate_uniform_schedule_normal_seed_40.csv
cifar100,vgg16,weight_decay,weight_decay,,0.0005,40,16,16,rate_uniform,0.1,64.42,/scratch/gs14/sl9144/qcfs_checkpoints/cifar100-checkpoints/vgg16_L[16]_strict_seed40_drs_last_epoch_schemeC_noout_wd_l16_vgg16.pth,/home/595/sl9144/codes/snn_simulation/important_results/cifar100_vgg16_three_regs_drs_last_epoch/weight_decay/seed_40/noise_sweep_matrix_cifar100_vgg16_T16_mode_rate_uniform_schedule_normal_seed_40.csv
cifar100,vgg16,weight_decay,weight_decay,,0.0005,40,16,16,rate_uniform,0.15,64.36,/scratch/gs14/sl9144/qcfs_checkpoints/cifar100-checkpoints/vgg16_L[16]_strict_seed40_drs_last_epoch_schemeC_noout_wd_l16_vgg16.pth,/home/595/sl9144/codes/snn_simulation/important_results/cifar100_vgg16_three_regs_drs_last_epoch/weight_decay/seed_40/noise_sweep_matrix_cifar100_vgg16_T16_mode_rate_uniform_schedule_normal_seed_40.csv
cifar100,vgg16,weight_decay,weight_decay,,0.0005,40,16,16,rate_uniform,0.2,64.31,/scratch/gs14/sl9144/qcfs_checkpoints/cifar100-checkpoints/vgg16_L[16]_strict_seed40_drs_last_epoch_schemeC_noout_wd_l16_vgg16.pth,/home/595/sl9144/codes/snn_simulation/important_results/cifar100_vgg16_three_regs_drs_last_epoch/weight_decay/seed_40/noise_sweep_matrix_cifar100_vgg16_T16_mode_rate_uniform_schedule_normal_seed_40.csv
cifar100,vgg16,weight_decay,weight_decay,,0.0005,40,16,16,rate_uniform,0.25,63.8,/scratch/gs14/sl9144/qcfs_checkpoints/cifar100-checkpoints/vgg16_L[16]_strict_seed40_drs_last_epoch_schemeC_noout_wd_l16_vgg16.pth,/home/595/sl9144/codes/snn_simulation/important_results/cifar100_vgg16_three_regs_drs_last_epoch/weight_decay/seed_40/noise_sweep_matrix_cifar100_vgg16_T16_mode_rate_uniform_schedule_normal_seed_40.csv
cifar100,vgg16,weight_decay,weight_decay,,0.0005,40,16,16,rate_uniform,0.3,63.45,/scratch/gs14/sl9144/qcfs_checkpoints/cifar100-checkpoints/vgg16_L[16]_strict_seed40_drs_last_epoch_schemeC_noout_wd_l16_vgg16.pth,/home/595/sl9144/codes/snn_simulation/important_results/cifar100_vgg16_three_regs_drs_last_epoch/weight_decay/seed_40/noise_sweep_matrix_cifar100_vgg16_T16_mode_rate_uniform_schedule_normal_seed_40.csv
cifar100,vgg16,weight_decay,weight_decay,,0.0005,40,16,16,rate_uniform,0.35,62.11,/scratch/gs14/sl9144/qcfs_checkpoints/cifar100-checkpoints/vgg16_L[16]_strict_seed40_drs_last_epoch_schemeC_noout_wd_l16_vgg16.pth,/home/595/sl9144/codes/snn_simulation/important_results/cifar100_vgg16_three_regs_drs_last_epoch/weight_decay/seed_40/noise_sweep_matrix_cifar100_vgg16_T16_mode_rate_uniform_schedule_normal_seed_40.csv
cifar100,vgg16,weight_decay,weight_decay,,0.0005,40,16,16,rate_uniform,0.4,60.17,/scratch/gs14/sl9144/qcfs_checkpoints/cifar100-checkpoints/vgg16_L[16]_strict_seed40_drs_last_epoch_schemeC_noout_wd_l16_vgg16.pth,/home/595/sl9144/codes/snn_simulation/important_results/cifar100_vgg16_three_regs_drs_last_epoch/weight_decay/seed_40/noise_sweep_matrix_cifar100_vgg16_T16_mode_rate_uniform_schedule_normal_seed_40.csv
cifar100,vgg16,weight_decay,weight_decay,,0.0005,40,16,16,rate_uniform,0.45,57.79,/scratch/gs14/sl9144/qcfs_checkpoints/cifar100-checkpoints/vgg16_L[16]_strict_seed40_drs_last_epoch_schemeC_noout_wd_l16_vgg16.pth,/home/595/sl9144/codes/snn_simulation/important_results/cifar100_vgg16_three_regs_drs_last_epoch/weight_decay/seed_40/noise_sweep_matrix_cifar100_vgg16_T16_mode_rate_uniform_schedule_normal_seed_40.csv
cifar100,vgg16,weight_decay,weight_decay,,0.0005,40,16,16,rate_uniform,0.5,54.22,/scratch/gs14/sl9144/qcfs_checkpoints/cifar100-checkpoints/vgg16_L[16]_strict_seed40_drs_last_epoch_schemeC_noout_wd_l16_vgg16.pth,/home/595/sl9144/codes/snn_simulation/important_results/cifar100_vgg16_three_regs_drs_last_epoch/weight_decay/seed_40/noise_sweep_matrix_cifar100_vgg16_T16_mode_rate_uniform_schedule_normal_seed_40.csv
cifar100,vgg16,weight_decay,weight_decay,,0.0005,40,16,16,rate_uniform,0.55,48.95,/scratch/gs14/sl9144/qcfs_checkpoints/cifar100-checkpoints/vgg16_L[16]_strict_seed40_drs_last_epoch_schemeC_noout_wd_l16_vgg16.pth,/home/595/sl9144/codes/snn_simulation/important_results/cifar100_vgg16_three_regs_drs_last_epoch/weight_decay/seed_40/noise_sweep_matrix_cifar100_vgg16_T16_mode_rate_uniform_schedule_normal_seed_40.csv
cifar100,vgg16,weight_decay,weight_decay,,0.0005,40,16,16,rate_uniform,0.6,42.96,/scratch/gs14/sl9144/qcfs_checkpoints/cifar100-checkpoints/vgg16_L[16]_strict_seed40_drs_last_epoch_schemeC_noout_wd_l16_vgg16.pth,/home/595/sl9144/codes/snn_simulation/important_results/cifar100_vgg16_three_regs_drs_last_epoch/weight_decay/seed_40/noise_sweep_matrix_cifar100_vgg16_T16_mode_rate_uniform_schedule_normal_seed_40.csv
cifar100,vgg16,weight_decay,weight_decay,,0.0005,40,16,16,rate_uniform,0.65,35.98,/scratch/gs14/sl9144/qcfs_checkpoints/cifar100-checkpoints/vgg16_L[16]_strict_seed40_drs_last_epoch_schemeC_noout_wd_l16_vgg16.pth,/home/595/sl9144/codes/snn_simulation/important_results/cifar100_vgg16_three_regs_drs_last_epoch/weight_decay/seed_40/noise_sweep_matrix_cifar100_vgg16_T16_mode_rate_uniform_schedule_normal_seed_40.csv
cifar100,vgg16,weight_decay,weight_decay,,0.0005,40,16,16,rate_uniform,0.7,28.87,/scratch/gs14/sl9144/qcfs_checkpoints/cifar100-checkpoints/vgg16_L[16]_strict_seed40_drs_last_epoch_schemeC_noout_wd_l16_vgg16.pth,/home/595/sl9144/codes/snn_simulation/important_results/cifar100_vgg16_three_regs_drs_last_epoch/weight_decay/seed_40/noise_sweep_matrix_cifar100_vgg16_T16_mode_rate_uniform_schedule_normal_seed_40.csv
cifar100,vgg16,weight_decay,weight_decay,,0.0005,40,16,16,rate_uniform,0.75,21.77,/scratch/gs14/sl9144/qcfs_checkpoints/cifar100-checkpoints/vgg16_L[16]_strict_seed40_drs_last_epoch_schemeC_noout_wd_l16_vgg16.pth,/home/595/sl9144/codes/snn_simulation/important_results/cifar100_vgg16_three_regs_drs_last_epoch/weight_decay/seed_40/noise_sweep_matrix_cifar100_vgg16_T16_mode_rate_uniform_schedule_normal_seed_40.csv
cifar100,vgg16,weight_decay,weight_decay,,0.0005,40,16,16,rate_uniform,0.8,16.0,/scratch/gs14/sl9144/qcfs_checkpoints/cifar100-checkpoints/vgg16_L[16]_strict_seed40_drs_last_epoch_schemeC_noout_wd_l16_vgg16.pth,/home/595/sl9144/codes/snn_simulation/important_results/cifar100_vgg16_three_regs_drs_last_epoch/weight_decay/seed_40/noise_sweep_matrix_cifar100_vgg16_T16_mode_rate_uniform_schedule_normal_seed_40.csv
cifar100,vgg16,weight_decay,weight_decay,,0.0005,40,16,16,rate_uniform,0.85,11.76,/scratch/gs14/sl9144/qcfs_checkpoints/cifar100-checkpoints/vgg16_L[16]_strict_seed40_drs_last_epoch_schemeC_noout_wd_l16_vgg16.pth,/home/595/sl9144/codes/snn_simulation/important_results/cifar100_vgg16_three_regs_drs_last_epoch/weight_decay/seed_40/noise_sweep_matrix_cifar100_vgg16_T16_mode_rate_uniform_schedule_normal_seed_40.csv
cifar100,vgg16,weight_decay,weight_decay,,0.0005,40,16,16,rate_uniform,0.9,9.01,/scratch/gs14/sl9144/qcfs_checkpoints/cifar100-checkpoints/vgg16_L[16]_strict_seed40_drs_last_epoch_schemeC_noout_wd_l16_vgg16.pth,/home/595/sl9144/codes/snn_simulation/important_results/cifar100_vgg16_three_regs_drs_last_epoch/weight_decay/seed_40/noise_sweep_matrix_cifar100_vgg16_T16_mode_rate_uniform_schedule_normal_seed_40.csv
cifar100,vgg16,weight_decay,weight_decay,,0.0005,40,16,16,rate_uniform,0.95,7.16,/scratch/gs14/sl9144/qcfs_checkpoints/cifar100-checkpoints/vgg16_L[16]_strict_seed40_drs_last_epoch_schemeC_noout_wd_l16_vgg16.pth,/home/595/sl9144/codes/snn_simulation/important_results/cifar100_vgg16_three_regs_drs_last_epoch/weight_decay/seed_40/noise_sweep_matrix_cifar100_vgg16_T16_mode_rate_uniform_schedule_normal_seed_40.csv
cifar100,vgg16,weight_decay,weight_decay,,0.0005,40,16,16,rate_uniform,1.0,5.57,/scratch/gs14/sl9144/qcfs_checkpoints/cifar100-checkpoints/vgg16_L[16]_strict_seed40_drs_last_epoch_schemeC_noout_wd_l16_vgg16.pth,/home/595/sl9144/codes/snn_simulation/important_results/cifar100_vgg16_three_regs_drs_last_epoch/weight_decay/seed_40/noise_sweep_matrix_cifar100_vgg16_T16_mode_rate_uniform_schedule_normal_seed_40.csv
cifar100,vgg16,weight_decay,weight_decay,,0.0005,41,16,16,rate_uniform,0.0,64.77,/scratch/gs14/sl9144/qcfs_checkpoints/cifar100-checkpoints/vgg16_L[16]_strict_seed41_drs_last_epoch_schemeC_noout_wd_l16_vgg16.pth,/home/595/sl9144/codes/snn_simulation/important_results/cifar100_vgg16_three_regs_drs_last_epoch/weight_decay/seed_41/noise_sweep_matrix_cifar100_vgg16_T16_mode_rate_uniform_schedule_normal_seed_41.csv
cifar100,vgg16,weight_decay,weight_decay,,0.0005,41,16,16,rate_uniform,0.05,64.89,/scratch/gs14/sl9144/qcfs_checkpoints/cifar100-checkpoints/vgg16_L[16]_strict_seed41_drs_last_epoch_schemeC_noout_wd_l16_vgg16.pth,/home/595/sl9144/codes/snn_simulation/important_results/cifar100_vgg16_three_regs_drs_last_epoch/weight_decay/seed_41/noise_sweep_matrix_cifar100_vgg16_T16_mode_rate_uniform_schedule_normal_seed_41.csv
cifar100,vgg16,weight_decay,weight_decay,,0.0005,41,16,16,rate_uniform,0.1,64.85,/scratch/gs14/sl9144/qcfs_checkpoints/cifar100-checkpoints/vgg16_L[16]_strict_seed41_drs_last_epoch_schemeC_noout_wd_l16_vgg16.pth,/home/595/sl9144/codes/snn_simulation/important_results/cifar100_vgg16_three_regs_drs_last_epoch/weight_decay/seed_41/noise_sweep_matrix_cifar100_vgg16_T16_mode_rate_uniform_schedule_normal_seed_41.csv
cifar100,vgg16,weight_decay,weight_decay,,0.0005,41,16,16,rate_uniform,0.15,64.96,/scratch/gs14/sl9144/qcfs_checkpoints/cifar100-checkpoints/vgg16_L[16]_strict_seed41_drs_last_epoch_schemeC_noout_wd_l16_vgg16.pth,/home/595/sl9144/codes/snn_simulation/important_results/cifar100_vgg16_three_regs_drs_last_epoch/weight_decay/seed_41/noise_sweep_matrix_cifar100_vgg16_T16_mode_rate_uniform_schedule_normal_seed_41.csv
cifar100,vgg16,weight_decay,weight_decay,,0.0005,41,16,16,rate_uniform,0.2,64.83,/scratch/gs14/sl9144/qcfs_checkpoints/cifar100-checkpoints/vgg16_L[16]_strict_seed41_drs_last_epoch_schemeC_noout_wd_l16_vgg16.pth,/home/595/sl9144/codes/snn_simulation/important_results/cifar100_vgg16_three_regs_drs_last_epoch/weight_decay/seed_41/noise_sweep_matrix_cifar100_vgg16_T16_mode_rate_uniform_schedule_normal_seed_41.csv
cifar100,vgg16,weight_decay,weight_decay,,0.0005,41,16,16,rate_uniform,0.25,64.54,/scratch/gs14/sl9144/qcfs_checkpoints/cifar100-checkpoints/vgg16_L[16]_strict_seed41_drs_last_epoch_schemeC_noout_wd_l16_vgg16.pth,/home/595/sl9144/codes/snn_simulation/important_results/cifar100_vgg16_three_regs_drs_last_epoch/weight_decay/seed_41/noise_sweep_matrix_cifar100_vgg16_T16_mode_rate_uniform_schedule_normal_seed_41.csv
cifar100,vgg16,weight_decay,weight_decay,,0.0005,41,16,16,rate_uniform,0.3,64.0,/scratch/gs14/sl9144/qcfs_checkpoints/cifar100-checkpoints/vgg16_L[16]_strict_seed41_drs_last_epoch_schemeC_noout_wd_l16_vgg16.pth,/home/595/sl9144/codes/snn_simulation/important_results/cifar100_vgg16_three_regs_drs_last_epoch/weight_decay/seed_41/noise_sweep_matrix_cifar100_vgg16_T16_mode_rate_uniform_schedule_normal_seed_41.csv
cifar100,vgg16,weight_decay,weight_decay,,0.0005,41,16,16,rate_uniform,0.35,63.03,/scratch/gs14/sl9144/qcfs_checkpoints/cifar100-checkpoints/vgg16_L[16]_strict_seed41_drs_last_epoch_schemeC_noout_wd_l16_vgg16.pth,/home/595/sl9144/codes/snn_simulation/important_results/cifar100_vgg16_three_regs_drs_last_epoch/weight_decay/seed_41/noise_sweep_matrix_cifar100_vgg16_T16_mode_rate_uniform_schedule_normal_seed_41.csv
cifar100,vgg16,weight_decay,weight_decay,,0.0005,41,16,16,rate_uniform,0.4,61.75,/scratch/gs14/sl9144/qcfs_checkpoints/cifar100-checkpoints/vgg16_L[16]_strict_seed41_drs_last_epoch_schemeC_noout_wd_l16_vgg16.pth,/home/595/sl9144/codes/snn_simulation/important_results/cifar100_vgg16_three_regs_drs_last_epoch/weight_decay/seed_41/noise_sweep_matrix_cifar100_vgg16_T16_mode_rate_uniform_schedule_normal_seed_41.csv
cifar100,vgg16,weight_decay,weight_decay,,0.0005,41,16,16,rate_uniform,0.45,59.67,/scratch/gs14/sl9144/qcfs_checkpoints/cifar100-checkpoints/vgg16_L[16]_strict_seed41_drs_last_epoch_schemeC_noout_wd_l16_vgg16.pth,/home/595/sl9144/codes/snn_simulation/important_results/cifar100_vgg16_three_regs_drs_last_epoch/weight_decay/seed_41/noise_sweep_matrix_cifar100_vgg16_T16_mode_rate_uniform_schedule_normal_seed_41.csv
cifar100,vgg16,weight_decay,weight_decay,,0.0005,41,16,16,rate_uniform,0.5,56.49,/scratch/gs14/sl9144/qcfs_checkpoints/cifar100-checkpoints/vgg16_L[16]_strict_seed41_drs_last_epoch_schemeC_noout_wd_l16_vgg16.pth,/home/595/sl9144/codes/snn_simulation/important_results/cifar100_vgg16_three_regs_drs_last_epoch/weight_decay/seed_41/noise_sweep_matrix_cifar100_vgg16_T16_mode_rate_uniform_schedule_normal_seed_41.csv
cifar100,vgg16,weight_decay,weight_decay,,0.0005,41,16,16,rate_uniform,0.55,53.52,/scratch/gs14/sl9144/qcfs_checkpoints/cifar100-checkpoints/vgg16_L[16]_strict_seed41_drs_last_epoch_schemeC_noout_wd_l16_vgg16.pth,/home/595/sl9144/codes/snn_simulation/important_results/cifar100_vgg16_three_regs_drs_last_epoch/weight_decay/seed_41/noise_sweep_matrix_cifar100_vgg16_T16_mode_rate_uniform_schedule_normal_seed_41.csv
cifar100,vgg16,weight_decay,weight_decay,,0.0005,41,16,16,rate_uniform,0.6,49.46,/scratch/gs14/sl9144/qcfs_checkpoints/cifar100-checkpoints/vgg16_L[16]_strict_seed41_drs_last_epoch_schemeC_noout_wd_l16_vgg16.pth,/home/595/sl9144/codes/snn_simulation/important_results/cifar100_vgg16_three_regs_drs_last_epoch/weight_decay/seed_41/noise_sweep_matrix_cifar100_vgg16_T16_mode_rate_uniform_schedule_normal_seed_41.csv
cifar100,vgg16,weight_decay,weight_decay,,0.0005,41,16,16,rate_uniform,0.65,43.6,/scratch/gs14/sl9144/qcfs_checkpoints/cifar100-checkpoints/vgg16_L[16]_strict_seed41_drs_last_epoch_schemeC_noout_wd_l16_vgg16.pth,/home/595/sl9144/codes/snn_simulation/important_results/cifar100_vgg16_three_regs_drs_last_epoch/weight_decay/seed_41/noise_sweep_matrix_cifar100_vgg16_T16_mode_rate_uniform_schedule_normal_seed_41.csv
cifar100,vgg16,weight_decay,weight_decay,,0.0005,41,16,16,rate_uniform,0.7,37.44,/scratch/gs14/sl9144/qcfs_checkpoints/cifar100-checkpoints/vgg16_L[16]_strict_seed41_drs_last_epoch_schemeC_noout_wd_l16_vgg16.pth,/home/595/sl9144/codes/snn_simulation/important_results/cifar100_vgg16_three_regs_drs_last_epoch/weight_decay/seed_41/noise_sweep_matrix_cifar100_vgg16_T16_mode_rate_uniform_schedule_normal_seed_41.csv
cifar100,vgg16,weight_decay,weight_decay,,0.0005,41,16,16,rate_uniform,0.75,31.29,/scratch/gs14/sl9144/qcfs_checkpoints/cifar100-checkpoints/vgg16_L[16]_strict_seed41_drs_last_epoch_schemeC_noout_wd_l16_vgg16.pth,/home/595/sl9144/codes/snn_simulation/important_results/cifar100_vgg16_three_regs_drs_last_epoch/weight_decay/seed_41/noise_sweep_matrix_cifar100_vgg16_T16_mode_rate_uniform_schedule_normal_seed_41.csv
cifar100,vgg16,weight_decay,weight_decay,,0.0005,41,16,16,rate_uniform,0.8,24.64,/scratch/gs14/sl9144/qcfs_checkpoints/cifar100-checkpoints/vgg16_L[16]_strict_seed41_drs_last_epoch_schemeC_noout_wd_l16_vgg16.pth,/home/595/sl9144/codes/snn_simulation/important_results/cifar100_vgg16_three_regs_drs_last_epoch/weight_decay/seed_41/noise_sweep_matrix_cifar100_vgg16_T16_mode_rate_uniform_schedule_normal_seed_41.csv
cifar100,vgg16,weight_decay,weight_decay,,0.0005,41,16,16,rate_uniform,0.85,19.17,/scratch/gs14/sl9144/qcfs_checkpoints/cifar100-checkpoints/vgg16_L[16]_strict_seed41_drs_last_epoch_schemeC_noout_wd_l16_vgg16.pth,/home/595/sl9144/codes/snn_simulation/important_results/cifar100_vgg16_three_regs_drs_last_epoch/weight_decay/seed_41/noise_sweep_matrix_cifar100_vgg16_T16_mode_rate_uniform_schedule_normal_seed_41.csv
cifar100,vgg16,weight_decay,weight_decay,,0.0005,41,16,16,rate_uniform,0.9,14.07,/scratch/gs14/sl9144/qcfs_checkpoints/cifar100-checkpoints/vgg16_L[16]_strict_seed41_drs_last_epoch_schemeC_noout_wd_l16_vgg16.pth,/home/595/sl9144/codes/snn_simulation/important_results/cifar100_vgg16_three_regs_drs_last_epoch/weight_decay/seed_41/noise_sweep_matrix_cifar100_vgg16_T16_mode_rate_uniform_schedule_normal_seed_41.csv
cifar100,vgg16,weight_decay,weight_decay,,0.0005,41,16,16,rate_uniform,0.95,10.33,/scratch/gs14/sl9144/qcfs_checkpoints/cifar100-checkpoints/vgg16_L[16]_strict_seed41_drs_last_epoch_schemeC_noout_wd_l16_vgg16.pth,/home/595/sl9144/codes/snn_simulation/important_results/cifar100_vgg16_three_regs_drs_last_epoch/weight_decay/seed_41/noise_sweep_matrix_cifar100_vgg16_T16_mode_rate_uniform_schedule_normal_seed_41.csv
cifar100,vgg16,weight_decay,weight_decay,,0.0005,41,16,16,rate_uniform,1.0,8.13,/scratch/gs14/sl9144/qcfs_checkpoints/cifar100-checkpoints/vgg16_L[16]_strict_seed41_drs_last_epoch_schemeC_noout_wd_l16_vgg16.pth,/home/595/sl9144/codes/snn_simulation/important_results/cifar100_vgg16_three_regs_drs_last_epoch/weight_decay/seed_41/noise_sweep_matrix_cifar100_vgg16_T16_mode_rate_uniform_schedule_normal_seed_41.csv
cifar100,vgg16,weight_decay,weight_decay,,0.0005,42,16,16,rate_uniform,0.0,64.75,/scratch/gs14/sl9144/qcfs_checkpoints/cifar100-checkpoints/vgg16_L[16]_strict_seed42_drs_last_epoch_schemeC_noout_wd_l16_vgg16.pth,/home/595/sl9144/codes/snn_simulation/important_results/cifar100_vgg16_three_regs_drs_last_epoch/weight_decay/seed_42/noise_sweep_matrix_cifar100_vgg16_T16_mode_rate_uniform_schedule_normal_seed_42.csv
cifar100,vgg16,weight_decay,weight_decay,,0.0005,42,16,16,rate_uniform,0.05,64.77,/scratch/gs14/sl9144/qcfs_checkpoints/cifar100-checkpoints/vgg16_L[16]_strict_seed42_drs_last_epoch_schemeC_noout_wd_l16_vgg16.pth,/home/595/sl9144/codes/snn_simulation/important_results/cifar100_vgg16_three_regs_drs_last_epoch/weight_decay/seed_42/noise_sweep_matrix_cifar100_vgg16_T16_mode_rate_uniform_schedule_normal_seed_42.csv
cifar100,vgg16,weight_decay,weight_decay,,0.0005,42,16,16,rate_uniform,0.1,64.37,/scratch/gs14/sl9144/qcfs_checkpoints/cifar100-checkpoints/vgg16_L[16]_strict_seed42_drs_last_epoch_schemeC_noout_wd_l16_vgg16.pth,/home/595/sl9144/codes/snn_simulation/important_results/cifar100_vgg16_three_regs_drs_last_epoch/weight_decay/seed_42/noise_sweep_matrix_cifar100_vgg16_T16_mode_rate_uniform_schedule_normal_seed_42.csv
cifar100,vgg16,weight_decay,weight_decay,,0.0005,42,16,16,rate_uniform,0.15,64.59,/scratch/gs14/sl9144/qcfs_checkpoints/cifar100-checkpoints/vgg16_L[16]_strict_seed42_drs_last_epoch_schemeC_noout_wd_l16_vgg16.pth,/home/595/sl9144/codes/snn_simulation/important_results/cifar100_vgg16_three_regs_drs_last_epoch/weight_decay/seed_42/noise_sweep_matrix_cifar100_vgg16_T16_mode_rate_uniform_schedule_normal_seed_42.csv
cifar100,vgg16,weight_decay,weight_decay,,0.0005,42,16,16,rate_uniform,0.2,64.42,/scratch/gs14/sl9144/qcfs_checkpoints/cifar100-checkpoints/vgg16_L[16]_strict_seed42_drs_last_epoch_schemeC_noout_wd_l16_vgg16.pth,/home/595/sl9144/codes/snn_simulation/important_results/cifar100_vgg16_three_regs_drs_last_epoch/weight_decay/seed_42/noise_sweep_matrix_cifar100_vgg16_T16_mode_rate_uniform_schedule_normal_seed_42.csv
cifar100,vgg16,weight_decay,weight_decay,,0.0005,42,16,16,rate_uniform,0.25,64.3,/scratch/gs14/sl9144/qcfs_checkpoints/cifar100-checkpoints/vgg16_L[16]_strict_seed42_drs_last_epoch_schemeC_noout_wd_l16_vgg16.pth,/home/595/sl9144/codes/snn_simulation/important_results/cifar100_vgg16_three_regs_drs_last_epoch/weight_decay/seed_42/noise_sweep_matrix_cifar100_vgg16_T16_mode_rate_uniform_schedule_normal_seed_42.csv
cifar100,vgg16,weight_decay,weight_decay,,0.0005,42,16,16,rate_uniform,0.3,63.82,/scratch/gs14/sl9144/qcfs_checkpoints/cifar100-checkpoints/vgg16_L[16]_strict_seed42_drs_last_epoch_schemeC_noout_wd_l16_vgg16.pth,/home/595/sl9144/codes/snn_simulation/important_results/cifar100_vgg16_three_regs_drs_last_epoch/weight_decay/seed_42/noise_sweep_matrix_cifar100_vgg16_T16_mode_rate_uniform_schedule_normal_seed_42.csv
cifar100,vgg16,weight_decay,weight_decay,,0.0005,42,16,16,rate_uniform,0.35,62.51,/scratch/gs14/sl9144/qcfs_checkpoints/cifar100-checkpoints/vgg16_L[16]_strict_seed42_drs_last_epoch_schemeC_noout_wd_l16_vgg16.pth,/home/595/sl9144/codes/snn_simulation/important_results/cifar100_vgg16_three_regs_drs_last_epoch/weight_decay/seed_42/noise_sweep_matrix_cifar100_vgg16_T16_mode_rate_uniform_schedule_normal_seed_42.csv
cifar100,vgg16,weight_decay,weight_decay,,0.0005,42,16,16,rate_uniform,0.4,61.11,/scratch/gs14/sl9144/qcfs_checkpoints/cifar100-checkpoints/vgg16_L[16]_strict_seed42_drs_last_epoch_schemeC_noout_wd_l16_vgg16.pth,/home/595/sl9144/codes/snn_simulation/important_results/cifar100_vgg16_three_regs_drs_last_epoch/weight_decay/seed_42/noise_sweep_matrix_cifar100_vgg16_T16_mode_rate_uniform_schedule_normal_seed_42.csv
cifar100,vgg16,weight_decay,weight_decay,,0.0005,42,16,16,rate_uniform,0.45,59.04,/scratch/gs14/sl9144/qcfs_checkpoints/cifar100-checkpoints/vgg16_L[16]_strict_seed42_drs_last_epoch_schemeC_noout_wd_l16_vgg16.pth,/home/595/sl9144/codes/snn_simulation/important_results/cifar100_vgg16_three_regs_drs_last_epoch/weight_decay/seed_42/noise_sweep_matrix_cifar100_vgg16_T16_mode_rate_uniform_schedule_normal_seed_42.csv
cifar100,vgg16,weight_decay,weight_decay,,0.0005,42,16,16,rate_uniform,0.5,56.6,/scratch/gs14/sl9144/qcfs_checkpoints/cifar100-checkpoints/vgg16_L[16]_strict_seed42_drs_last_epoch_schemeC_noout_wd_l16_vgg16.pth,/home/595/sl9144/codes/snn_simulation/important_results/cifar100_vgg16_three_regs_drs_last_epoch/weight_decay/seed_42/noise_sweep_matrix_cifar100_vgg16_T16_mode_rate_uniform_schedule_normal_seed_42.csv
cifar100,vgg16,weight_decay,weight_decay,,0.0005,42,16,16,rate_uniform,0.55,53.09,/scratch/gs14/sl9144/qcfs_checkpoints/cifar100-checkpoints/vgg16_L[16]_strict_seed42_drs_last_epoch_schemeC_noout_wd_l16_vgg16.pth,/home/595/sl9144/codes/snn_simulation/important_results/cifar100_vgg16_three_regs_drs_last_epoch/weight_decay/seed_42/noise_sweep_matrix_cifar100_vgg16_T16_mode_rate_uniform_schedule_normal_seed_42.csv
cifar100,vgg16,weight_decay,weight_decay,,0.0005,42,16,16,rate_uniform,0.6,48.55,/scratch/gs14/sl9144/qcfs_checkpoints/cifar100-checkpoints/vgg16_L[16]_strict_seed42_drs_last_epoch_schemeC_noout_wd_l16_vgg16.pth,/home/595/sl9144/codes/snn_simulation/important_results/cifar100_vgg16_three_regs_drs_last_epoch/weight_decay/seed_42/noise_sweep_matrix_cifar100_vgg16_T16_mode_rate_uniform_schedule_normal_seed_42.csv
cifar100,vgg16,weight_decay,weight_decay,,0.0005,42,16,16,rate_uniform,0.65,43.33,/scratch/gs14/sl9144/qcfs_checkpoints/cifar100-checkpoints/vgg16_L[16]_strict_seed42_drs_last_epoch_schemeC_noout_wd_l16_vgg16.pth,/home/595/sl9144/codes/snn_simulation/important_results/cifar100_vgg16_three_regs_drs_last_epoch/weight_decay/seed_42/noise_sweep_matrix_cifar100_vgg16_T16_mode_rate_uniform_schedule_normal_seed_42.csv
cifar100,vgg16,weight_decay,weight_decay,,0.0005,42,16,16,rate_uniform,0.7,37.37,/scratch/gs14/sl9144/qcfs_checkpoints/cifar100-checkpoints/vgg16_L[16]_strict_seed42_drs_last_epoch_schemeC_noout_wd_l16_vgg16.pth,/home/595/sl9144/codes/snn_simulation/important_results/cifar100_vgg16_three_regs_drs_last_epoch/weight_decay/seed_42/noise_sweep_matrix_cifar100_vgg16_T16_mode_rate_uniform_schedule_normal_seed_42.csv
cifar100,vgg16,weight_decay,weight_decay,,0.0005,42,16,16,rate_uniform,0.75,30.97,/scratch/gs14/sl9144/qcfs_checkpoints/cifar100-checkpoints/vgg16_L[16]_strict_seed42_drs_last_epoch_schemeC_noout_wd_l16_vgg16.pth,/home/595/sl9144/codes/snn_simulation/important_results/cifar100_vgg16_three_regs_drs_last_epoch/weight_decay/seed_42/noise_sweep_matrix_cifar100_vgg16_T16_mode_rate_uniform_schedule_normal_seed_42.csv
cifar100,vgg16,weight_decay,weight_decay,,0.0005,42,16,16,rate_uniform,0.8,24.77,/scratch/gs14/sl9144/qcfs_checkpoints/cifar100-checkpoints/vgg16_L[16]_strict_seed42_drs_last_epoch_schemeC_noout_wd_l16_vgg16.pth,/home/595/sl9144/codes/snn_simulation/important_results/cifar100_vgg16_three_regs_drs_last_epoch/weight_decay/seed_42/noise_sweep_matrix_cifar100_vgg16_T16_mode_rate_uniform_schedule_normal_seed_42.csv
cifar100,vgg16,weight_decay,weight_decay,,0.0005,42,16,16,rate_uniform,0.85,18.49,/scratch/gs14/sl9144/qcfs_checkpoints/cifar100-checkpoints/vgg16_L[16]_strict_seed42_drs_last_epoch_schemeC_noout_wd_l16_vgg16.pth,/home/595/sl9144/codes/snn_simulation/important_results/cifar100_vgg16_three_regs_drs_last_epoch/weight_decay/seed_42/noise_sweep_matrix_cifar100_vgg16_T16_mode_rate_uniform_schedule_normal_seed_42.csv
cifar100,vgg16,weight_decay,weight_decay,,0.0005,42,16,16,rate_uniform,0.9,13.48,/scratch/gs14/sl9144/qcfs_checkpoints/cifar100-checkpoints/vgg16_L[16]_strict_seed42_drs_last_epoch_schemeC_noout_wd_l16_vgg16.pth,/home/595/sl9144/codes/snn_simulation/important_results/cifar100_vgg16_three_regs_drs_last_epoch/weight_decay/seed_42/noise_sweep_matrix_cifar100_vgg16_T16_mode_rate_uniform_schedule_normal_seed_42.csv
cifar100,vgg16,weight_decay,weight_decay,,0.0005,42,16,16,rate_uniform,0.95,9.71,/scratch/gs14/sl9144/qcfs_checkpoints/cifar100-checkpoints/vgg16_L[16]_strict_seed42_drs_last_epoch_schemeC_noout_wd_l16_vgg16.pth,/home/595/sl9144/codes/snn_simulation/important_results/cifar100_vgg16_three_regs_drs_last_epoch/weight_decay/seed_42/noise_sweep_matrix_cifar100_vgg16_T16_mode_rate_uniform_schedule_normal_seed_42.csv
cifar100,vgg16,weight_decay,weight_decay,,0.0005,42,16,16,rate_uniform,1.0,7.05,/scratch/gs14/sl9144/qcfs_checkpoints/cifar100-checkpoints/vgg16_L[16]_strict_seed42_drs_last_epoch_schemeC_noout_wd_l16_vgg16.pth,/home/595/sl9144/codes/snn_simulation/important_results/cifar100_vgg16_three_regs_drs_last_epoch/weight_decay/seed_42/noise_sweep_matrix_cifar100_vgg16_T16_mode_rate_uniform_schedule_normal_seed_42.csv
cifar100,vgg16,weight_decay,weight_decay,,0.0005,43,16,16,rate_uniform,0.0,64.8,/scratch/gs14/sl9144/qcfs_checkpoints/cifar100-checkpoints/vgg16_L[16]_strict_seed43_drs_last_epoch_schemeC_noout_wd_l16_vgg16.pth,/home/595/sl9144/codes/snn_simulation/important_results/cifar100_vgg16_three_regs_drs_last_epoch/weight_decay/seed_43/noise_sweep_matrix_cifar100_vgg16_T16_mode_rate_uniform_schedule_normal_seed_43.csv
cifar100,vgg16,weight_decay,weight_decay,,0.0005,43,16,16,rate_uniform,0.05,64.81,/scratch/gs14/sl9144/qcfs_checkpoints/cifar100-checkpoints/vgg16_L[16]_strict_seed43_drs_last_epoch_schemeC_noout_wd_l16_vgg16.pth,/home/595/sl9144/codes/snn_simulation/important_results/cifar100_vgg16_three_regs_drs_last_epoch/weight_decay/seed_43/noise_sweep_matrix_cifar100_vgg16_T16_mode_rate_uniform_schedule_normal_seed_43.csv
cifar100,vgg16,weight_decay,weight_decay,,0.0005,43,16,16,rate_uniform,0.1,64.95,/scratch/gs14/sl9144/qcfs_checkpoints/cifar100-checkpoints/vgg16_L[16]_strict_seed43_drs_last_epoch_schemeC_noout_wd_l16_vgg16.pth,/home/595/sl9144/codes/snn_simulation/important_results/cifar100_vgg16_three_regs_drs_last_epoch/weight_decay/seed_43/noise_sweep_matrix_cifar100_vgg16_T16_mode_rate_uniform_schedule_normal_seed_43.csv
cifar100,vgg16,weight_decay,weight_decay,,0.0005,43,16,16,rate_uniform,0.15,64.75,/scratch/gs14/sl9144/qcfs_checkpoints/cifar100-checkpoints/vgg16_L[16]_strict_seed43_drs_last_epoch_schemeC_noout_wd_l16_vgg16.pth,/home/595/sl9144/codes/snn_simulation/important_results/cifar100_vgg16_three_regs_drs_last_epoch/weight_decay/seed_43/noise_sweep_matrix_cifar100_vgg16_T16_mode_rate_uniform_schedule_normal_seed_43.csv
cifar100,vgg16,weight_decay,weight_decay,,0.0005,43,16,16,rate_uniform,0.2,64.65,/scratch/gs14/sl9144/qcfs_checkpoints/cifar100-checkpoints/vgg16_L[16]_strict_seed43_drs_last_epoch_schemeC_noout_wd_l16_vgg16.pth,/home/595/sl9144/codes/snn_simulation/important_results/cifar100_vgg16_three_regs_drs_last_epoch/weight_decay/seed_43/noise_sweep_matrix_cifar100_vgg16_T16_mode_rate_uniform_schedule_normal_seed_43.csv
cifar100,vgg16,weight_decay,weight_decay,,0.0005,43,16,16,rate_uniform,0.25,64.57,/scratch/gs14/sl9144/qcfs_checkpoints/cifar100-checkpoints/vgg16_L[16]_strict_seed43_drs_last_epoch_schemeC_noout_wd_l16_vgg16.pth,/home/595/sl9144/codes/snn_simulation/important_results/cifar100_vgg16_three_regs_drs_last_epoch/weight_decay/seed_43/noise_sweep_matrix_cifar100_vgg16_T16_mode_rate_uniform_schedule_normal_seed_43.csv
cifar100,vgg16,weight_decay,weight_decay,,0.0005,43,16,16,rate_uniform,0.3,63.93,/scratch/gs14/sl9144/qcfs_checkpoints/cifar100-checkpoints/vgg16_L[16]_strict_seed43_drs_last_epoch_schemeC_noout_wd_l16_vgg16.pth,/home/595/sl9144/codes/snn_simulation/important_results/cifar100_vgg16_three_regs_drs_last_epoch/weight_decay/seed_43/noise_sweep_matrix_cifar100_vgg16_T16_mode_rate_uniform_schedule_normal_seed_43.csv
cifar100,vgg16,weight_decay,weight_decay,,0.0005,43,16,16,rate_uniform,0.35,62.89,/scratch/gs14/sl9144/qcfs_checkpoints/cifar100-checkpoints/vgg16_L[16]_strict_seed43_drs_last_epoch_schemeC_noout_wd_l16_vgg16.pth,/home/595/sl9144/codes/snn_simulation/important_results/cifar100_vgg16_three_regs_drs_last_epoch/weight_decay/seed_43/noise_sweep_matrix_cifar100_vgg16_T16_mode_rate_uniform_schedule_normal_seed_43.csv
cifar100,vgg16,weight_decay,weight_decay,,0.0005,43,16,16,rate_uniform,0.4,61.14,/scratch/gs14/sl9144/qcfs_checkpoints/cifar100-checkpoints/vgg16_L[16]_strict_seed43_drs_last_epoch_schemeC_noout_wd_l16_vgg16.pth,/home/595/sl9144/codes/snn_simulation/important_results/cifar100_vgg16_three_regs_drs_last_epoch/weight_decay/seed_43/noise_sweep_matrix_cifar100_vgg16_T16_mode_rate_uniform_schedule_normal_seed_43.csv
cifar100,vgg16,weight_decay,weight_decay,,0.0005,43,16,16,rate_uniform,0.45,59.13,/scratch/gs14/sl9144/qcfs_checkpoints/cifar100-checkpoints/vgg16_L[16]_strict_seed43_drs_last_epoch_schemeC_noout_wd_l16_vgg16.pth,/home/595/sl9144/codes/snn_simulation/important_results/cifar100_vgg16_three_regs_drs_last_epoch/weight_decay/seed_43/noise_sweep_matrix_cifar100_vgg16_T16_mode_rate_uniform_schedule_normal_seed_43.csv
cifar100,vgg16,weight_decay,weight_decay,,0.0005,43,16,16,rate_uniform,0.5,55.75,/scratch/gs14/sl9144/qcfs_checkpoints/cifar100-checkpoints/vgg16_L[16]_strict_seed43_drs_last_epoch_schemeC_noout_wd_l16_vgg16.pth,/home/595/sl9144/codes/snn_simulation/important_results/cifar100_vgg16_three_regs_drs_last_epoch/weight_decay/seed_43/noise_sweep_matrix_cifar100_vgg16_T16_mode_rate_uniform_schedule_normal_seed_43.csv
cifar100,vgg16,weight_decay,weight_decay,,0.0005,43,16,16,rate_uniform,0.55,51.52,/scratch/gs14/sl9144/qcfs_checkpoints/cifar100-checkpoints/vgg16_L[16]_strict_seed43_drs_last_epoch_schemeC_noout_wd_l16_vgg16.pth,/home/595/sl9144/codes/snn_simulation/important_results/cifar100_vgg16_three_regs_drs_last_epoch/weight_decay/seed_43/noise_sweep_matrix_cifar100_vgg16_T16_mode_rate_uniform_schedule_normal_seed_43.csv
cifar100,vgg16,weight_decay,weight_decay,,0.0005,43,16,16,rate_uniform,0.6,46.42,/scratch/gs14/sl9144/qcfs_checkpoints/cifar100-checkpoints/vgg16_L[16]_strict_seed43_drs_last_epoch_schemeC_noout_wd_l16_vgg16.pth,/home/595/sl9144/codes/snn_simulation/important_results/cifar100_vgg16_three_regs_drs_last_epoch/weight_decay/seed_43/noise_sweep_matrix_cifar100_vgg16_T16_mode_rate_uniform_schedule_normal_seed_43.csv
cifar100,vgg16,weight_decay,weight_decay,,0.0005,43,16,16,rate_uniform,0.65,40.64,/scratch/gs14/sl9144/qcfs_checkpoints/cifar100-checkpoints/vgg16_L[16]_strict_seed43_drs_last_epoch_schemeC_noout_wd_l16_vgg16.pth,/home/595/sl9144/codes/snn_simulation/important_results/cifar100_vgg16_three_regs_drs_last_epoch/weight_decay/seed_43/noise_sweep_matrix_cifar100_vgg16_T16_mode_rate_uniform_schedule_normal_seed_43.csv
cifar100,vgg16,weight_decay,weight_decay,,0.0005,43,16,16,rate_uniform,0.7,33.44,/scratch/gs14/sl9144/qcfs_checkpoints/cifar100-checkpoints/vgg16_L[16]_strict_seed43_drs_last_epoch_schemeC_noout_wd_l16_vgg16.pth,/home/595/sl9144/codes/snn_simulation/important_results/cifar100_vgg16_three_regs_drs_last_epoch/weight_decay/seed_43/noise_sweep_matrix_cifar100_vgg16_T16_mode_rate_uniform_schedule_normal_seed_43.csv
cifar100,vgg16,weight_decay,weight_decay,,0.0005,43,16,16,rate_uniform,0.75,26.29,/scratch/gs14/sl9144/qcfs_checkpoints/cifar100-checkpoints/vgg16_L[16]_strict_seed43_drs_last_epoch_schemeC_noout_wd_l16_vgg16.pth,/home/595/sl9144/codes/snn_simulation/important_results/cifar100_vgg16_three_regs_drs_last_epoch/weight_decay/seed_43/noise_sweep_matrix_cifar100_vgg16_T16_mode_rate_uniform_schedule_normal_seed_43.csv
cifar100,vgg16,weight_decay,weight_decay,,0.0005,43,16,16,rate_uniform,0.8,19.19,/scratch/gs14/sl9144/qcfs_checkpoints/cifar100-checkpoints/vgg16_L[16]_strict_seed43_drs_last_epoch_schemeC_noout_wd_l16_vgg16.pth,/home/595/sl9144/codes/snn_simulation/important_results/cifar100_vgg16_three_regs_drs_last_epoch/weight_decay/seed_43/noise_sweep_matrix_cifar100_vgg16_T16_mode_rate_uniform_schedule_normal_seed_43.csv
cifar100,vgg16,weight_decay,weight_decay,,0.0005,43,16,16,rate_uniform,0.85,14.22,/scratch/gs14/sl9144/qcfs_checkpoints/cifar100-checkpoints/vgg16_L[16]_strict_seed43_drs_last_epoch_schemeC_noout_wd_l16_vgg16.pth,/home/595/sl9144/codes/snn_simulation/important_results/cifar100_vgg16_three_regs_drs_last_epoch/weight_decay/seed_43/noise_sweep_matrix_cifar100_vgg16_T16_mode_rate_uniform_schedule_normal_seed_43.csv
cifar100,vgg16,weight_decay,weight_decay,,0.0005,43,16,16,rate_uniform,0.9,10.01,/scratch/gs14/sl9144/qcfs_checkpoints/cifar100-checkpoints/vgg16_L[16]_strict_seed43_drs_last_epoch_schemeC_noout_wd_l16_vgg16.pth,/home/595/sl9144/codes/snn_simulation/important_results/cifar100_vgg16_three_regs_drs_last_epoch/weight_decay/seed_43/noise_sweep_matrix_cifar100_vgg16_T16_mode_rate_uniform_schedule_normal_seed_43.csv
cifar100,vgg16,weight_decay,weight_decay,,0.0005,43,16,16,rate_uniform,0.95,7.29,/scratch/gs14/sl9144/qcfs_checkpoints/cifar100-checkpoints/vgg16_L[16]_strict_seed43_drs_last_epoch_schemeC_noout_wd_l16_vgg16.pth,/home/595/sl9144/codes/snn_simulation/important_results/cifar100_vgg16_three_regs_drs_last_epoch/weight_decay/seed_43/noise_sweep_matrix_cifar100_vgg16_T16_mode_rate_uniform_schedule_normal_seed_43.csv
cifar100,vgg16,weight_decay,weight_decay,,0.0005,43,16,16,rate_uniform,1.0,5.02,/scratch/gs14/sl9144/qcfs_checkpoints/cifar100-checkpoints/vgg16_L[16]_strict_seed43_drs_last_epoch_schemeC_noout_wd_l16_vgg16.pth,/home/595/sl9144/codes/snn_simulation/important_results/cifar100_vgg16_three_regs_drs_last_epoch/weight_decay/seed_43/noise_sweep_matrix_cifar100_vgg16_T16_mode_rate_uniform_schedule_normal_seed_43.csv
cifar100,vgg16,weight_decay,weight_decay,,0.0005,44,16,16,rate_uniform,0.0,64.61,/scratch/gs14/sl9144/qcfs_checkpoints/cifar100-checkpoints/vgg16_L[16]_strict_seed44_drs_last_epoch_schemeC_noout_wd_l16_vgg16.pth,/home/595/sl9144/codes/snn_simulation/important_results/cifar100_vgg16_three_regs_drs_last_epoch/weight_decay/seed_44/noise_sweep_matrix_cifar100_vgg16_T16_mode_rate_uniform_schedule_normal_seed_44.csv
cifar100,vgg16,weight_decay,weight_decay,,0.0005,44,16,16,rate_uniform,0.05,64.64,/scratch/gs14/sl9144/qcfs_checkpoints/cifar100-checkpoints/vgg16_L[16]_strict_seed44_drs_last_epoch_schemeC_noout_wd_l16_vgg16.pth,/home/595/sl9144/codes/snn_simulation/important_results/cifar100_vgg16_three_regs_drs_last_epoch/weight_decay/seed_44/noise_sweep_matrix_cifar100_vgg16_T16_mode_rate_uniform_schedule_normal_seed_44.csv
cifar100,vgg16,weight_decay,weight_decay,,0.0005,44,16,16,rate_uniform,0.1,64.56,/scratch/gs14/sl9144/qcfs_checkpoints/cifar100-checkpoints/vgg16_L[16]_strict_seed44_drs_last_epoch_schemeC_noout_wd_l16_vgg16.pth,/home/595/sl9144/codes/snn_simulation/important_results/cifar100_vgg16_three_regs_drs_last_epoch/weight_decay/seed_44/noise_sweep_matrix_cifar100_vgg16_T16_mode_rate_uniform_schedule_normal_seed_44.csv
cifar100,vgg16,weight_decay,weight_decay,,0.0005,44,16,16,rate_uniform,0.15,64.7,/scratch/gs14/sl9144/qcfs_checkpoints/cifar100-checkpoints/vgg16_L[16]_strict_seed44_drs_last_epoch_schemeC_noout_wd_l16_vgg16.pth,/home/595/sl9144/codes/snn_simulation/important_results/cifar100_vgg16_three_regs_drs_last_epoch/weight_decay/seed_44/noise_sweep_matrix_cifar100_vgg16_T16_mode_rate_uniform_schedule_normal_seed_44.csv
cifar100,vgg16,weight_decay,weight_decay,,0.0005,44,16,16,rate_uniform,0.2,64.3,/scratch/gs14/sl9144/qcfs_checkpoints/cifar100-checkpoints/vgg16_L[16]_strict_seed44_drs_last_epoch_schemeC_noout_wd_l16_vgg16.pth,/home/595/sl9144/codes/snn_simulation/important_results/cifar100_vgg16_three_regs_drs_last_epoch/weight_decay/seed_44/noise_sweep_matrix_cifar100_vgg16_T16_mode_rate_uniform_schedule_normal_seed_44.csv
cifar100,vgg16,weight_decay,weight_decay,,0.0005,44,16,16,rate_uniform,0.25,64.32,/scratch/gs14/sl9144/qcfs_checkpoints/cifar100-checkpoints/vgg16_L[16]_strict_seed44_drs_last_epoch_schemeC_noout_wd_l16_vgg16.pth,/home/595/sl9144/codes/snn_simulation/important_results/cifar100_vgg16_three_regs_drs_last_epoch/weight_decay/seed_44/noise_sweep_matrix_cifar100_vgg16_T16_mode_rate_uniform_schedule_normal_seed_44.csv
cifar100,vgg16,weight_decay,weight_decay,,0.0005,44,16,16,rate_uniform,0.3,63.52,/scratch/gs14/sl9144/qcfs_checkpoints/cifar100-checkpoints/vgg16_L[16]_strict_seed44_drs_last_epoch_schemeC_noout_wd_l16_vgg16.pth,/home/595/sl9144/codes/snn_simulation/important_results/cifar100_vgg16_three_regs_drs_last_epoch/weight_decay/seed_44/noise_sweep_matrix_cifar100_vgg16_T16_mode_rate_uniform_schedule_normal_seed_44.csv
cifar100,vgg16,weight_decay,weight_decay,,0.0005,44,16,16,rate_uniform,0.35,62.29,/scratch/gs14/sl9144/qcfs_checkpoints/cifar100-checkpoints/vgg16_L[16]_strict_seed44_drs_last_epoch_schemeC_noout_wd_l16_vgg16.pth,/home/595/sl9144/codes/snn_simulation/important_results/cifar100_vgg16_three_regs_drs_last_epoch/weight_decay/seed_44/noise_sweep_matrix_cifar100_vgg16_T16_mode_rate_uniform_schedule_normal_seed_44.csv
cifar100,vgg16,weight_decay,weight_decay,,0.0005,44,16,16,rate_uniform,0.4,61.13,/scratch/gs14/sl9144/qcfs_checkpoints/cifar100-checkpoints/vgg16_L[16]_strict_seed44_drs_last_epoch_schemeC_noout_wd_l16_vgg16.pth,/home/595/sl9144/codes/snn_simulation/important_results/cifar100_vgg16_three_regs_drs_last_epoch/weight_decay/seed_44/noise_sweep_matrix_cifar100_vgg16_T16_mode_rate_uniform_schedule_normal_seed_44.csv
cifar100,vgg16,weight_decay,weight_decay,,0.0005,44,16,16,rate_uniform,0.45,58.87,/scratch/gs14/sl9144/qcfs_checkpoints/cifar100-checkpoints/vgg16_L[16]_strict_seed44_drs_last_epoch_schemeC_noout_wd_l16_vgg16.pth,/home/595/sl9144/codes/snn_simulation/important_results/cifar100_vgg16_three_regs_drs_last_epoch/weight_decay/seed_44/noise_sweep_matrix_cifar100_vgg16_T16_mode_rate_uniform_schedule_normal_seed_44.csv
cifar100,vgg16,weight_decay,weight_decay,,0.0005,44,16,16,rate_uniform,0.5,54.94,/scratch/gs14/sl9144/qcfs_checkpoints/cifar100-checkpoints/vgg16_L[16]_strict_seed44_drs_last_epoch_schemeC_noout_wd_l16_vgg16.pth,/home/595/sl9144/codes/snn_simulation/important_results/cifar100_vgg16_three_regs_drs_last_epoch/weight_decay/seed_44/noise_sweep_matrix_cifar100_vgg16_T16_mode_rate_uniform_schedule_normal_seed_44.csv
cifar100,vgg16,weight_decay,weight_decay,,0.0005,44,16,16,rate_uniform,0.55,52.04,/scratch/gs14/sl9144/qcfs_checkpoints/cifar100-checkpoints/vgg16_L[16]_strict_seed44_drs_last_epoch_schemeC_noout_wd_l16_vgg16.pth,/home/595/sl9144/codes/snn_simulation/important_results/cifar100_vgg16_three_regs_drs_last_epoch/weight_decay/seed_44/noise_sweep_matrix_cifar100_vgg16_T16_mode_rate_uniform_schedule_normal_seed_44.csv
cifar100,vgg16,weight_decay,weight_decay,,0.0005,44,16,16,rate_uniform,0.6,47.28,/scratch/gs14/sl9144/qcfs_checkpoints/cifar100-checkpoints/vgg16_L[16]_strict_seed44_drs_last_epoch_schemeC_noout_wd_l16_vgg16.pth,/home/595/sl9144/codes/snn_simulation/important_results/cifar100_vgg16_three_regs_drs_last_epoch/weight_decay/seed_44/noise_sweep_matrix_cifar100_vgg16_T16_mode_rate_uniform_schedule_normal_seed_44.csv
cifar100,vgg16,weight_decay,weight_decay,,0.0005,44,16,16,rate_uniform,0.65,41.89,/scratch/gs14/sl9144/qcfs_checkpoints/cifar100-checkpoints/vgg16_L[16]_strict_seed44_drs_last_epoch_schemeC_noout_wd_l16_vgg16.pth,/home/595/sl9144/codes/snn_simulation/important_results/cifar100_vgg16_three_regs_drs_last_epoch/weight_decay/seed_44/noise_sweep_matrix_cifar100_vgg16_T16_mode_rate_uniform_schedule_normal_seed_44.csv
cifar100,vgg16,weight_decay,weight_decay,,0.0005,44,16,16,rate_uniform,0.7,36.48,/scratch/gs14/sl9144/qcfs_checkpoints/cifar100-checkpoints/vgg16_L[16]_strict_seed44_drs_last_epoch_schemeC_noout_wd_l16_vgg16.pth,/home/595/sl9144/codes/snn_simulation/important_results/cifar100_vgg16_three_regs_drs_last_epoch/weight_decay/seed_44/noise_sweep_matrix_cifar100_vgg16_T16_mode_rate_uniform_schedule_normal_seed_44.csv
cifar100,vgg16,weight_decay,weight_decay,,0.0005,44,16,16,rate_uniform,0.75,30.16,/scratch/gs14/sl9144/qcfs_checkpoints/cifar100-checkpoints/vgg16_L[16]_strict_seed44_drs_last_epoch_schemeC_noout_wd_l16_vgg16.pth,/home/595/sl9144/codes/snn_simulation/important_results/cifar100_vgg16_three_regs_drs_last_epoch/weight_decay/seed_44/noise_sweep_matrix_cifar100_vgg16_T16_mode_rate_uniform_schedule_normal_seed_44.csv
cifar100,vgg16,weight_decay,weight_decay,,0.0005,44,16,16,rate_uniform,0.8,23.95,/scratch/gs14/sl9144/qcfs_checkpoints/cifar100-checkpoints/vgg16_L[16]_strict_seed44_drs_last_epoch_schemeC_noout_wd_l16_vgg16.pth,/home/595/sl9144/codes/snn_simulation/important_results/cifar100_vgg16_three_regs_drs_last_epoch/weight_decay/seed_44/noise_sweep_matrix_cifar100_vgg16_T16_mode_rate_uniform_schedule_normal_seed_44.csv
cifar100,vgg16,weight_decay,weight_decay,,0.0005,44,16,16,rate_uniform,0.85,18.61,/scratch/gs14/sl9144/qcfs_checkpoints/cifar100-checkpoints/vgg16_L[16]_strict_seed44_drs_last_epoch_schemeC_noout_wd_l16_vgg16.pth,/home/595/sl9144/codes/snn_simulation/important_results/cifar100_vgg16_three_regs_drs_last_epoch/weight_decay/seed_44/noise_sweep_matrix_cifar100_vgg16_T16_mode_rate_uniform_schedule_normal_seed_44.csv
cifar100,vgg16,weight_decay,weight_decay,,0.0005,44,16,16,rate_uniform,0.9,14.04,/scratch/gs14/sl9144/qcfs_checkpoints/cifar100-checkpoints/vgg16_L[16]_strict_seed44_drs_last_epoch_schemeC_noout_wd_l16_vgg16.pth,/home/595/sl9144/codes/snn_simulation/important_results/cifar100_vgg16_three_regs_drs_last_epoch/weight_decay/seed_44/noise_sweep_matrix_cifar100_vgg16_T16_mode_rate_uniform_schedule_normal_seed_44.csv
cifar100,vgg16,weight_decay,weight_decay,,0.0005,44,16,16,rate_uniform,0.95,10.56,/scratch/gs14/sl9144/qcfs_checkpoints/cifar100-checkpoints/vgg16_L[16]_strict_seed44_drs_last_epoch_schemeC_noout_wd_l16_vgg16.pth,/home/595/sl9144/codes/snn_simulation/important_results/cifar100_vgg16_three_regs_drs_last_epoch/weight_decay/seed_44/noise_sweep_matrix_cifar100_vgg16_T16_mode_rate_uniform_schedule_normal_seed_44.csv
cifar100,vgg16,weight_decay,weight_decay,,0.0005,44,16,16,rate_uniform,1.0,8.22,/scratch/gs14/sl9144/qcfs_checkpoints/cifar100-checkpoints/vgg16_L[16]_strict_seed44_drs_last_epoch_schemeC_noout_wd_l16_vgg16.pth,/home/595/sl9144/codes/snn_simulation/important_results/cifar100_vgg16_three_regs_drs_last_epoch/weight_decay/seed_44/noise_sweep_matrix_cifar100_vgg16_T16_mode_rate_uniform_schedule_normal_seed_44.csv
cifar100,vgg16,mne_l2,mne_l2 rc=1e-4,0.0001,0.0,40,16,16,rate_uniform,0.0,60.12,/scratch/gs14/sl9144/qcfs_checkpoints/cifar100-checkpoints/vgg16_L[16]_strict_seed40_drs_last_epoch_schemeC_noout_mne_l2_l16_vgg16_rc1em04.pth,/home/595/sl9144/codes/snn_simulation/important_results/cifar100_vgg16_three_regs_drs_last_epoch/mne_l2_rc1e-4/seed_40/noise_sweep_matrix_cifar100_vgg16_T16_mode_rate_uniform_schedule_normal_seed_40.csv
cifar100,vgg16,mne_l2,mne_l2 rc=1e-4,0.0001,0.0,40,16,16,rate_uniform,0.05,60.1,/scratch/gs14/sl9144/qcfs_checkpoints/cifar100-checkpoints/vgg16_L[16]_strict_seed40_drs_last_epoch_schemeC_noout_mne_l2_l16_vgg16_rc1em04.pth,/home/595/sl9144/codes/snn_simulation/important_results/cifar100_vgg16_three_regs_drs_last_epoch/mne_l2_rc1e-4/seed_40/noise_sweep_matrix_cifar100_vgg16_T16_mode_rate_uniform_schedule_normal_seed_40.csv
cifar100,vgg16,mne_l2,mne_l2 rc=1e-4,0.0001,0.0,40,16,16,rate_uniform,0.1,60.11,/scratch/gs14/sl9144/qcfs_checkpoints/cifar100-checkpoints/vgg16_L[16]_strict_seed40_drs_last_epoch_schemeC_noout_mne_l2_l16_vgg16_rc1em04.pth,/home/595/sl9144/codes/snn_simulation/important_results/cifar100_vgg16_three_regs_drs_last_epoch/mne_l2_rc1e-4/seed_40/noise_sweep_matrix_cifar100_vgg16_T16_mode_rate_uniform_schedule_normal_seed_40.csv
cifar100,vgg16,mne_l2,mne_l2 rc=1e-4,0.0001,0.0,40,16,16,rate_uniform,0.15,60.36,/scratch/gs14/sl9144/qcfs_checkpoints/cifar100-checkpoints/vgg16_L[16]_strict_seed40_drs_last_epoch_schemeC_noout_mne_l2_l16_vgg16_rc1em04.pth,/home/595/sl9144/codes/snn_simulation/important_results/cifar100_vgg16_three_regs_drs_last_epoch/mne_l2_rc1e-4/seed_40/noise_sweep_matrix_cifar100_vgg16_T16_mode_rate_uniform_schedule_normal_seed_40.csv
cifar100,vgg16,mne_l2,mne_l2 rc=1e-4,0.0001,0.0,40,16,16,rate_uniform,0.2,60.19,/scratch/gs14/sl9144/qcfs_checkpoints/cifar100-checkpoints/vgg16_L[16]_strict_seed40_drs_last_epoch_schemeC_noout_mne_l2_l16_vgg16_rc1em04.pth,/home/595/sl9144/codes/snn_simulation/important_results/cifar100_vgg16_three_regs_drs_last_epoch/mne_l2_rc1e-4/seed_40/noise_sweep_matrix_cifar100_vgg16_T16_mode_rate_uniform_schedule_normal_seed_40.csv
cifar100,vgg16,mne_l2,mne_l2 rc=1e-4,0.0001,0.0,40,16,16,rate_uniform,0.25,60.07,/scratch/gs14/sl9144/qcfs_checkpoints/cifar100-checkpoints/vgg16_L[16]_strict_seed40_drs_last_epoch_schemeC_noout_mne_l2_l16_vgg16_rc1em04.pth,/home/595/sl9144/codes/snn_simulation/important_results/cifar100_vgg16_three_regs_drs_last_epoch/mne_l2_rc1e-4/seed_40/noise_sweep_matrix_cifar100_vgg16_T16_mode_rate_uniform_schedule_normal_seed_40.csv
cifar100,vgg16,mne_l2,mne_l2 rc=1e-4,0.0001,0.0,40,16,16,rate_uniform,0.3,60.02,/scratch/gs14/sl9144/qcfs_checkpoints/cifar100-checkpoints/vgg16_L[16]_strict_seed40_drs_last_epoch_schemeC_noout_mne_l2_l16_vgg16_rc1em04.pth,/home/595/sl9144/codes/snn_simulation/important_results/cifar100_vgg16_three_regs_drs_last_epoch/mne_l2_rc1e-4/seed_40/noise_sweep_matrix_cifar100_vgg16_T16_mode_rate_uniform_schedule_normal_seed_40.csv
cifar100,vgg16,mne_l2,mne_l2 rc=1e-4,0.0001,0.0,40,16,16,rate_uniform,0.35,60.24,/scratch/gs14/sl9144/qcfs_checkpoints/cifar100-checkpoints/vgg16_L[16]_strict_seed40_drs_last_epoch_schemeC_noout_mne_l2_l16_vgg16_rc1em04.pth,/home/595/sl9144/codes/snn_simulation/important_results/cifar100_vgg16_three_regs_drs_last_epoch/mne_l2_rc1e-4/seed_40/noise_sweep_matrix_cifar100_vgg16_T16_mode_rate_uniform_schedule_normal_seed_40.csv
cifar100,vgg16,mne_l2,mne_l2 rc=1e-4,0.0001,0.0,40,16,16,rate_uniform,0.4,60.15,/scratch/gs14/sl9144/qcfs_checkpoints/cifar100-checkpoints/vgg16_L[16]_strict_seed40_drs_last_epoch_schemeC_noout_mne_l2_l16_vgg16_rc1em04.pth,/home/595/sl9144/codes/snn_simulation/important_results/cifar100_vgg16_three_regs_drs_last_epoch/mne_l2_rc1e-4/seed_40/noise_sweep_matrix_cifar100_vgg16_T16_mode_rate_uniform_schedule_normal_seed_40.csv
cifar100,vgg16,mne_l2,mne_l2 rc=1e-4,0.0001,0.0,40,16,16,rate_uniform,0.45,59.95,/scratch/gs14/sl9144/qcfs_checkpoints/cifar100-checkpoints/vgg16_L[16]_strict_seed40_drs_last_epoch_schemeC_noout_mne_l2_l16_vgg16_rc1em04.pth,/home/595/sl9144/codes/snn_simulation/important_results/cifar100_vgg16_three_regs_drs_last_epoch/mne_l2_rc1e-4/seed_40/noise_sweep_matrix_cifar100_vgg16_T16_mode_rate_uniform_schedule_normal_seed_40.csv
cifar100,vgg16,mne_l2,mne_l2 rc=1e-4,0.0001,0.0,40,16,16,rate_uniform,0.5,60.08,/scratch/gs14/sl9144/qcfs_checkpoints/cifar100-checkpoints/vgg16_L[16]_strict_seed40_drs_last_epoch_schemeC_noout_mne_l2_l16_vgg16_rc1em04.pth,/home/595/sl9144/codes/snn_simulation/important_results/cifar100_vgg16_three_regs_drs_last_epoch/mne_l2_rc1e-4/seed_40/noise_sweep_matrix_cifar100_vgg16_T16_mode_rate_uniform_schedule_normal_seed_40.csv
cifar100,vgg16,mne_l2,mne_l2 rc=1e-4,0.0001,0.0,40,16,16,rate_uniform,0.55,60.04,/scratch/gs14/sl9144/qcfs_checkpoints/cifar100-checkpoints/vgg16_L[16]_strict_seed40_drs_last_epoch_schemeC_noout_mne_l2_l16_vgg16_rc1em04.pth,/home/595/sl9144/codes/snn_simulation/important_results/cifar100_vgg16_three_regs_drs_last_epoch/mne_l2_rc1e-4/seed_40/noise_sweep_matrix_cifar100_vgg16_T16_mode_rate_uniform_schedule_normal_seed_40.csv
cifar100,vgg16,mne_l2,mne_l2 rc=1e-4,0.0001,0.0,40,16,16,rate_uniform,0.6,60.07,/scratch/gs14/sl9144/qcfs_checkpoints/cifar100-checkpoints/vgg16_L[16]_strict_seed40_drs_last_epoch_schemeC_noout_mne_l2_l16_vgg16_rc1em04.pth,/home/595/sl9144/codes/snn_simulation/important_results/cifar100_vgg16_three_regs_drs_last_epoch/mne_l2_rc1e-4/seed_40/noise_sweep_matrix_cifar100_vgg16_T16_mode_rate_uniform_schedule_normal_seed_40.csv
cifar100,vgg16,mne_l2,mne_l2 rc=1e-4,0.0001,0.0,40,16,16,rate_uniform,0.65,60.08,/scratch/gs14/sl9144/qcfs_checkpoints/cifar100-checkpoints/vgg16_L[16]_strict_seed40_drs_last_epoch_schemeC_noout_mne_l2_l16_vgg16_rc1em04.pth,/home/595/sl9144/codes/snn_simulation/important_results/cifar100_vgg16_three_regs_drs_last_epoch/mne_l2_rc1e-4/seed_40/noise_sweep_matrix_cifar100_vgg16_T16_mode_rate_uniform_schedule_normal_seed_40.csv
cifar100,vgg16,mne_l2,mne_l2 rc=1e-4,0.0001,0.0,40,16,16,rate_uniform,0.7,60.1,/scratch/gs14/sl9144/qcfs_checkpoints/cifar100-checkpoints/vgg16_L[16]_strict_seed40_drs_last_epoch_schemeC_noout_mne_l2_l16_vgg16_rc1em04.pth,/home/595/sl9144/codes/snn_simulation/important_results/cifar100_vgg16_three_regs_drs_last_epoch/mne_l2_rc1e-4/seed_40/noise_sweep_matrix_cifar100_vgg16_T16_mode_rate_uniform_schedule_normal_seed_40.csv
cifar100,vgg16,mne_l2,mne_l2 rc=1e-4,0.0001,0.0,40,16,16,rate_uniform,0.75,59.75,/scratch/gs14/sl9144/qcfs_checkpoints/cifar100-checkpoints/vgg16_L[16]_strict_seed40_drs_last_epoch_schemeC_noout_mne_l2_l16_vgg16_rc1em04.pth,/home/595/sl9144/codes/snn_simulation/important_results/cifar100_vgg16_three_regs_drs_last_epoch/mne_l2_rc1e-4/seed_40/noise_sweep_matrix_cifar100_vgg16_T16_mode_rate_uniform_schedule_normal_seed_40.csv
cifar100,vgg16,mne_l2,mne_l2 rc=1e-4,0.0001,0.0,40,16,16,rate_uniform,0.8,59.78,/scratch/gs14/sl9144/qcfs_checkpoints/cifar100-checkpoints/vgg16_L[16]_strict_seed40_drs_last_epoch_schemeC_noout_mne_l2_l16_vgg16_rc1em04.pth,/home/595/sl9144/codes/snn_simulation/important_results/cifar100_vgg16_three_regs_drs_last_epoch/mne_l2_rc1e-4/seed_40/noise_sweep_matrix_cifar100_vgg16_T16_mode_rate_uniform_schedule_normal_seed_40.csv
cifar100,vgg16,mne_l2,mne_l2 rc=1e-4,0.0001,0.0,40,16,16,rate_uniform,0.85,59.79,/scratch/gs14/sl9144/qcfs_checkpoints/cifar100-checkpoints/vgg16_L[16]_strict_seed40_drs_last_epoch_schemeC_noout_mne_l2_l16_vgg16_rc1em04.pth,/home/595/sl9144/codes/snn_simulation/important_results/cifar100_vgg16_three_regs_drs_last_epoch/mne_l2_rc1e-4/seed_40/noise_sweep_matrix_cifar100_vgg16_T16_mode_rate_uniform_schedule_normal_seed_40.csv
cifar100,vgg16,mne_l2,mne_l2 rc=1e-4,0.0001,0.0,40,16,16,rate_uniform,0.9,59.81,/scratch/gs14/sl9144/qcfs_checkpoints/cifar100-checkpoints/vgg16_L[16]_strict_seed40_drs_last_epoch_schemeC_noout_mne_l2_l16_vgg16_rc1em04.pth,/home/595/sl9144/codes/snn_simulation/important_results/cifar100_vgg16_three_regs_drs_last_epoch/mne_l2_rc1e-4/seed_40/noise_sweep_matrix_cifar100_vgg16_T16_mode_rate_uniform_schedule_normal_seed_40.csv
cifar100,vgg16,mne_l2,mne_l2 rc=1e-4,0.0001,0.0,40,16,16,rate_uniform,0.95,59.7,/scratch/gs14/sl9144/qcfs_checkpoints/cifar100-checkpoints/vgg16_L[16]_strict_seed40_drs_last_epoch_schemeC_noout_mne_l2_l16_vgg16_rc1em04.pth,/home/595/sl9144/codes/snn_simulation/important_results/cifar100_vgg16_three_regs_drs_last_epoch/mne_l2_rc1e-4/seed_40/noise_sweep_matrix_cifar100_vgg16_T16_mode_rate_uniform_schedule_normal_seed_40.csv
cifar100,vgg16,mne_l2,mne_l2 rc=1e-4,0.0001,0.0,40,16,16,rate_uniform,1.0,59.4,/scratch/gs14/sl9144/qcfs_checkpoints/cifar100-checkpoints/vgg16_L[16]_strict_seed40_drs_last_epoch_schemeC_noout_mne_l2_l16_vgg16_rc1em04.pth,/home/595/sl9144/codes/snn_simulation/important_results/cifar100_vgg16_three_regs_drs_last_epoch/mne_l2_rc1e-4/seed_40/noise_sweep_matrix_cifar100_vgg16_T16_mode_rate_uniform_schedule_normal_seed_40.csv
cifar100,vgg16,mne_l2,mne_l2 rc=1e-4,0.0001,0.0,41,16,16,rate_uniform,0.0,59.81,/scratch/gs14/sl9144/qcfs_checkpoints/cifar100-checkpoints/vgg16_L[16]_strict_seed41_drs_last_epoch_schemeC_noout_mne_l2_l16_vgg16_rc1em04.pth,/home/595/sl9144/codes/snn_simulation/important_results/cifar100_vgg16_three_regs_drs_last_epoch/mne_l2_rc1e-4/seed_41/noise_sweep_matrix_cifar100_vgg16_T16_mode_rate_uniform_schedule_normal_seed_41.csv
cifar100,vgg16,mne_l2,mne_l2 rc=1e-4,0.0001,0.0,41,16,16,rate_uniform,0.05,60.01,/scratch/gs14/sl9144/qcfs_checkpoints/cifar100-checkpoints/vgg16_L[16]_strict_seed41_drs_last_epoch_schemeC_noout_mne_l2_l16_vgg16_rc1em04.pth,/home/595/sl9144/codes/snn_simulation/important_results/cifar100_vgg16_three_regs_drs_last_epoch/mne_l2_rc1e-4/seed_41/noise_sweep_matrix_cifar100_vgg16_T16_mode_rate_uniform_schedule_normal_seed_41.csv
cifar100,vgg16,mne_l2,mne_l2 rc=1e-4,0.0001,0.0,41,16,16,rate_uniform,0.1,59.93,/scratch/gs14/sl9144/qcfs_checkpoints/cifar100-checkpoints/vgg16_L[16]_strict_seed41_drs_last_epoch_schemeC_noout_mne_l2_l16_vgg16_rc1em04.pth,/home/595/sl9144/codes/snn_simulation/important_results/cifar100_vgg16_three_regs_drs_last_epoch/mne_l2_rc1e-4/seed_41/noise_sweep_matrix_cifar100_vgg16_T16_mode_rate_uniform_schedule_normal_seed_41.csv
cifar100,vgg16,mne_l2,mne_l2 rc=1e-4,0.0001,0.0,41,16,16,rate_uniform,0.15,59.81,/scratch/gs14/sl9144/qcfs_checkpoints/cifar100-checkpoints/vgg16_L[16]_strict_seed41_drs_last_epoch_schemeC_noout_mne_l2_l16_vgg16_rc1em04.pth,/home/595/sl9144/codes/snn_simulation/important_results/cifar100_vgg16_three_regs_drs_last_epoch/mne_l2_rc1e-4/seed_41/noise_sweep_matrix_cifar100_vgg16_T16_mode_rate_uniform_schedule_normal_seed_41.csv
cifar100,vgg16,mne_l2,mne_l2 rc=1e-4,0.0001,0.0,41,16,16,rate_uniform,0.2,59.88,/scratch/gs14/sl9144/qcfs_checkpoints/cifar100-checkpoints/vgg16_L[16]_strict_seed41_drs_last_epoch_schemeC_noout_mne_l2_l16_vgg16_rc1em04.pth,/home/595/sl9144/codes/snn_simulation/important_results/cifar100_vgg16_three_regs_drs_last_epoch/mne_l2_rc1e-4/seed_41/noise_sweep_matrix_cifar100_vgg16_T16_mode_rate_uniform_schedule_normal_seed_41.csv
cifar100,vgg16,mne_l2,mne_l2 rc=1e-4,0.0001,0.0,41,16,16,rate_uniform,0.25,59.67,/scratch/gs14/sl9144/qcfs_checkpoints/cifar100-checkpoints/vgg16_L[16]_strict_seed41_drs_last_epoch_schemeC_noout_mne_l2_l16_vgg16_rc1em04.pth,/home/595/sl9144/codes/snn_simulation/important_results/cifar100_vgg16_three_regs_drs_last_epoch/mne_l2_rc1e-4/seed_41/noise_sweep_matrix_cifar100_vgg16_T16_mode_rate_uniform_schedule_normal_seed_41.csv
cifar100,vgg16,mne_l2,mne_l2 rc=1e-4,0.0001,0.0,41,16,16,rate_uniform,0.3,59.74,/scratch/gs14/sl9144/qcfs_checkpoints/cifar100-checkpoints/vgg16_L[16]_strict_seed41_drs_last_epoch_schemeC_noout_mne_l2_l16_vgg16_rc1em04.pth,/home/595/sl9144/codes/snn_simulation/important_results/cifar100_vgg16_three_regs_drs_last_epoch/mne_l2_rc1e-4/seed_41/noise_sweep_matrix_cifar100_vgg16_T16_mode_rate_uniform_schedule_normal_seed_41.csv
cifar100,vgg16,mne_l2,mne_l2 rc=1e-4,0.0001,0.0,41,16,16,rate_uniform,0.35,59.71,/scratch/gs14/sl9144/qcfs_checkpoints/cifar100-checkpoints/vgg16_L[16]_strict_seed41_drs_last_epoch_schemeC_noout_mne_l2_l16_vgg16_rc1em04.pth,/home/595/sl9144/codes/snn_simulation/important_results/cifar100_vgg16_three_regs_drs_last_epoch/mne_l2_rc1e-4/seed_41/noise_sweep_matrix_cifar100_vgg16_T16_mode_rate_uniform_schedule_normal_seed_41.csv
cifar100,vgg16,mne_l2,mne_l2 rc=1e-4,0.0001,0.0,41,16,16,rate_uniform,0.4,59.9,/scratch/gs14/sl9144/qcfs_checkpoints/cifar100-checkpoints/vgg16_L[16]_strict_seed41_drs_last_epoch_schemeC_noout_mne_l2_l16_vgg16_rc1em04.pth,/home/595/sl9144/codes/snn_simulation/important_results/cifar100_vgg16_three_regs_drs_last_epoch/mne_l2_rc1e-4/seed_41/noise_sweep_matrix_cifar100_vgg16_T16_mode_rate_uniform_schedule_normal_seed_41.csv
cifar100,vgg16,mne_l2,mne_l2 rc=1e-4,0.0001,0.0,41,16,16,rate_uniform,0.45,59.78,/scratch/gs14/sl9144/qcfs_checkpoints/cifar100-checkpoints/vgg16_L[16]_strict_seed41_drs_last_epoch_schemeC_noout_mne_l2_l16_vgg16_rc1em04.pth,/home/595/sl9144/codes/snn_simulation/important_results/cifar100_vgg16_three_regs_drs_last_epoch/mne_l2_rc1e-4/seed_41/noise_sweep_matrix_cifar100_vgg16_T16_mode_rate_uniform_schedule_normal_seed_41.csv
cifar100,vgg16,mne_l2,mne_l2 rc=1e-4,0.0001,0.0,41,16,16,rate_uniform,0.5,59.7,/scratch/gs14/sl9144/qcfs_checkpoints/cifar100-checkpoints/vgg16_L[16]_strict_seed41_drs_last_epoch_schemeC_noout_mne_l2_l16_vgg16_rc1em04.pth,/home/595/sl9144/codes/snn_simulation/important_results/cifar100_vgg16_three_regs_drs_last_epoch/mne_l2_rc1e-4/seed_41/noise_sweep_matrix_cifar100_vgg16_T16_mode_rate_uniform_schedule_normal_seed_41.csv
cifar100,vgg16,mne_l2,mne_l2 rc=1e-4,0.0001,0.0,41,16,16,rate_uniform,0.55,59.78,/scratch/gs14/sl9144/qcfs_checkpoints/cifar100-checkpoints/vgg16_L[16]_strict_seed41_drs_last_epoch_schemeC_noout_mne_l2_l16_vgg16_rc1em04.pth,/home/595/sl9144/codes/snn_simulation/important_results/cifar100_vgg16_three_regs_drs_last_epoch/mne_l2_rc1e-4/seed_41/noise_sweep_matrix_cifar100_vgg16_T16_mode_rate_uniform_schedule_normal_seed_41.csv
cifar100,vgg16,mne_l2,mne_l2 rc=1e-4,0.0001,0.0,41,16,16,rate_uniform,0.6,59.9,/scratch/gs14/sl9144/qcfs_checkpoints/cifar100-checkpoints/vgg16_L[16]_strict_seed41_drs_last_epoch_schemeC_noout_mne_l2_l16_vgg16_rc1em04.pth,/home/595/sl9144/codes/snn_simulation/important_results/cifar100_vgg16_three_regs_drs_last_epoch/mne_l2_rc1e-4/seed_41/noise_sweep_matrix_cifar100_vgg16_T16_mode_rate_uniform_schedule_normal_seed_41.csv
cifar100,vgg16,mne_l2,mne_l2 rc=1e-4,0.0001,0.0,41,16,16,rate_uniform,0.65,59.78,/scratch/gs14/sl9144/qcfs_checkpoints/cifar100-checkpoints/vgg16_L[16]_strict_seed41_drs_last_epoch_schemeC_noout_mne_l2_l16_vgg16_rc1em04.pth,/home/595/sl9144/codes/snn_simulation/important_results/cifar100_vgg16_three_regs_drs_last_epoch/mne_l2_rc1e-4/seed_41/noise_sweep_matrix_cifar100_vgg16_T16_mode_rate_uniform_schedule_normal_seed_41.csv
cifar100,vgg16,mne_l2,mne_l2 rc=1e-4,0.0001,0.0,41,16,16,rate_uniform,0.7,59.84,/scratch/gs14/sl9144/qcfs_checkpoints/cifar100-checkpoints/vgg16_L[16]_strict_seed41_drs_last_epoch_schemeC_noout_mne_l2_l16_vgg16_rc1em04.pth,/home/595/sl9144/codes/snn_simulation/important_results/cifar100_vgg16_three_regs_drs_last_epoch/mne_l2_rc1e-4/seed_41/noise_sweep_matrix_cifar100_vgg16_T16_mode_rate_uniform_schedule_normal_seed_41.csv
cifar100,vgg16,mne_l2,mne_l2 rc=1e-4,0.0001,0.0,41,16,16,rate_uniform,0.75,59.75,/scratch/gs14/sl9144/qcfs_checkpoints/cifar100-checkpoints/vgg16_L[16]_strict_seed41_drs_last_epoch_schemeC_noout_mne_l2_l16_vgg16_rc1em04.pth,/home/595/sl9144/codes/snn_simulation/important_results/cifar100_vgg16_three_regs_drs_last_epoch/mne_l2_rc1e-4/seed_41/noise_sweep_matrix_cifar100_vgg16_T16_mode_rate_uniform_schedule_normal_seed_41.csv
cifar100,vgg16,mne_l2,mne_l2 rc=1e-4,0.0001,0.0,41,16,16,rate_uniform,0.8,59.72,/scratch/gs14/sl9144/qcfs_checkpoints/cifar100-checkpoints/vgg16_L[16]_strict_seed41_drs_last_epoch_schemeC_noout_mne_l2_l16_vgg16_rc1em04.pth,/home/595/sl9144/codes/snn_simulation/important_results/cifar100_vgg16_three_regs_drs_last_epoch/mne_l2_rc1e-4/seed_41/noise_sweep_matrix_cifar100_vgg16_T16_mode_rate_uniform_schedule_normal_seed_41.csv
cifar100,vgg16,mne_l2,mne_l2 rc=1e-4,0.0001,0.0,41,16,16,rate_uniform,0.85,59.61,/scratch/gs14/sl9144/qcfs_checkpoints/cifar100-checkpoints/vgg16_L[16]_strict_seed41_drs_last_epoch_schemeC_noout_mne_l2_l16_vgg16_rc1em04.pth,/home/595/sl9144/codes/snn_simulation/important_results/cifar100_vgg16_three_regs_drs_last_epoch/mne_l2_rc1e-4/seed_41/noise_sweep_matrix_cifar100_vgg16_T16_mode_rate_uniform_schedule_normal_seed_41.csv
cifar100,vgg16,mne_l2,mne_l2 rc=1e-4,0.0001,0.0,41,16,16,rate_uniform,0.9,59.48,/scratch/gs14/sl9144/qcfs_checkpoints/cifar100-checkpoints/vgg16_L[16]_strict_seed41_drs_last_epoch_schemeC_noout_mne_l2_l16_vgg16_rc1em04.pth,/home/595/sl9144/codes/snn_simulation/important_results/cifar100_vgg16_three_regs_drs_last_epoch/mne_l2_rc1e-4/seed_41/noise_sweep_matrix_cifar100_vgg16_T16_mode_rate_uniform_schedule_normal_seed_41.csv
cifar100,vgg16,mne_l2,mne_l2 rc=1e-4,0.0001,0.0,41,16,16,rate_uniform,0.95,59.48,/scratch/gs14/sl9144/qcfs_checkpoints/cifar100-checkpoints/vgg16_L[16]_strict_seed41_drs_last_epoch_schemeC_noout_mne_l2_l16_vgg16_rc1em04.pth,/home/595/sl9144/codes/snn_simulation/important_results/cifar100_vgg16_three_regs_drs_last_epoch/mne_l2_rc1e-4/seed_41/noise_sweep_matrix_cifar100_vgg16_T16_mode_rate_uniform_schedule_normal_seed_41.csv
cifar100,vgg16,mne_l2,mne_l2 rc=1e-4,0.0001,0.0,41,16,16,rate_uniform,1.0,59.44,/scratch/gs14/sl9144/qcfs_checkpoints/cifar100-checkpoints/vgg16_L[16]_strict_seed41_drs_last_epoch_schemeC_noout_mne_l2_l16_vgg16_rc1em04.pth,/home/595/sl9144/codes/snn_simulation/important_results/cifar100_vgg16_three_regs_drs_last_epoch/mne_l2_rc1e-4/seed_41/noise_sweep_matrix_cifar100_vgg16_T16_mode_rate_uniform_schedule_normal_seed_41.csv
cifar100,vgg16,mne_l2,mne_l2 rc=1e-4,0.0001,0.0,42,16,16,rate_uniform,0.0,59.59,/scratch/gs14/sl9144/qcfs_checkpoints/cifar100-checkpoints/vgg16_L[16]_strict_seed42_drs_last_epoch_schemeC_noout_mne_l2_l16_vgg16_rc1em04.pth,/home/595/sl9144/codes/snn_simulation/important_results/cifar100_vgg16_three_regs_drs_last_epoch/mne_l2_rc1e-4/seed_42/noise_sweep_matrix_cifar100_vgg16_T16_mode_rate_uniform_schedule_normal_seed_42.csv
cifar100,vgg16,mne_l2,mne_l2 rc=1e-4,0.0001,0.0,42,16,16,rate_uniform,0.05,59.56,/scratch/gs14/sl9144/qcfs_checkpoints/cifar100-checkpoints/vgg16_L[16]_strict_seed42_drs_last_epoch_schemeC_noout_mne_l2_l16_vgg16_rc1em04.pth,/home/595/sl9144/codes/snn_simulation/important_results/cifar100_vgg16_three_regs_drs_last_epoch/mne_l2_rc1e-4/seed_42/noise_sweep_matrix_cifar100_vgg16_T16_mode_rate_uniform_schedule_normal_seed_42.csv
cifar100,vgg16,mne_l2,mne_l2 rc=1e-4,0.0001,0.0,42,16,16,rate_uniform,0.1,59.46,/scratch/gs14/sl9144/qcfs_checkpoints/cifar100-checkpoints/vgg16_L[16]_strict_seed42_drs_last_epoch_schemeC_noout_mne_l2_l16_vgg16_rc1em04.pth,/home/595/sl9144/codes/snn_simulation/important_results/cifar100_vgg16_three_regs_drs_last_epoch/mne_l2_rc1e-4/seed_42/noise_sweep_matrix_cifar100_vgg16_T16_mode_rate_uniform_schedule_normal_seed_42.csv
cifar100,vgg16,mne_l2,mne_l2 rc=1e-4,0.0001,0.0,42,16,16,rate_uniform,0.15,59.61,/scratch/gs14/sl9144/qcfs_checkpoints/cifar100-checkpoints/vgg16_L[16]_strict_seed42_drs_last_epoch_schemeC_noout_mne_l2_l16_vgg16_rc1em04.pth,/home/595/sl9144/codes/snn_simulation/important_results/cifar100_vgg16_three_regs_drs_last_epoch/mne_l2_rc1e-4/seed_42/noise_sweep_matrix_cifar100_vgg16_T16_mode_rate_uniform_schedule_normal_seed_42.csv
cifar100,vgg16,mne_l2,mne_l2 rc=1e-4,0.0001,0.0,42,16,16,rate_uniform,0.2,59.46,/scratch/gs14/sl9144/qcfs_checkpoints/cifar100-checkpoints/vgg16_L[16]_strict_seed42_drs_last_epoch_schemeC_noout_mne_l2_l16_vgg16_rc1em04.pth,/home/595/sl9144/codes/snn_simulation/important_results/cifar100_vgg16_three_regs_drs_last_epoch/mne_l2_rc1e-4/seed_42/noise_sweep_matrix_cifar100_vgg16_T16_mode_rate_uniform_schedule_normal_seed_42.csv
cifar100,vgg16,mne_l2,mne_l2 rc=1e-4,0.0001,0.0,42,16,16,rate_uniform,0.25,59.68,/scratch/gs14/sl9144/qcfs_checkpoints/cifar100-checkpoints/vgg16_L[16]_strict_seed42_drs_last_epoch_schemeC_noout_mne_l2_l16_vgg16_rc1em04.pth,/home/595/sl9144/codes/snn_simulation/important_results/cifar100_vgg16_three_regs_drs_last_epoch/mne_l2_rc1e-4/seed_42/noise_sweep_matrix_cifar100_vgg16_T16_mode_rate_uniform_schedule_normal_seed_42.csv
cifar100,vgg16,mne_l2,mne_l2 rc=1e-4,0.0001,0.0,42,16,16,rate_uniform,0.3,59.65,/scratch/gs14/sl9144/qcfs_checkpoints/cifar100-checkpoints/vgg16_L[16]_strict_seed42_drs_last_epoch_schemeC_noout_mne_l2_l16_vgg16_rc1em04.pth,/home/595/sl9144/codes/snn_simulation/important_results/cifar100_vgg16_three_regs_drs_last_epoch/mne_l2_rc1e-4/seed_42/noise_sweep_matrix_cifar100_vgg16_T16_mode_rate_uniform_schedule_normal_seed_42.csv
cifar100,vgg16,mne_l2,mne_l2 rc=1e-4,0.0001,0.0,42,16,16,rate_uniform,0.35,59.52,/scratch/gs14/sl9144/qcfs_checkpoints/cifar100-checkpoints/vgg16_L[16]_strict_seed42_drs_last_epoch_schemeC_noout_mne_l2_l16_vgg16_rc1em04.pth,/home/595/sl9144/codes/snn_simulation/important_results/cifar100_vgg16_three_regs_drs_last_epoch/mne_l2_rc1e-4/seed_42/noise_sweep_matrix_cifar100_vgg16_T16_mode_rate_uniform_schedule_normal_seed_42.csv
cifar100,vgg16,mne_l2,mne_l2 rc=1e-4,0.0001,0.0,42,16,16,rate_uniform,0.4,59.54,/scratch/gs14/sl9144/qcfs_checkpoints/cifar100-checkpoints/vgg16_L[16]_strict_seed42_drs_last_epoch_schemeC_noout_mne_l2_l16_vgg16_rc1em04.pth,/home/595/sl9144/codes/snn_simulation/important_results/cifar100_vgg16_three_regs_drs_last_epoch/mne_l2_rc1e-4/seed_42/noise_sweep_matrix_cifar100_vgg16_T16_mode_rate_uniform_schedule_normal_seed_42.csv
cifar100,vgg16,mne_l2,mne_l2 rc=1e-4,0.0001,0.0,42,16,16,rate_uniform,0.45,59.64,/scratch/gs14/sl9144/qcfs_checkpoints/cifar100-checkpoints/vgg16_L[16]_strict_seed42_drs_last_epoch_schemeC_noout_mne_l2_l16_vgg16_rc1em04.pth,/home/595/sl9144/codes/snn_simulation/important_results/cifar100_vgg16_three_regs_drs_last_epoch/mne_l2_rc1e-4/seed_42/noise_sweep_matrix_cifar100_vgg16_T16_mode_rate_uniform_schedule_normal_seed_42.csv
cifar100,vgg16,mne_l2,mne_l2 rc=1e-4,0.0001,0.0,42,16,16,rate_uniform,0.5,59.73,/scratch/gs14/sl9144/qcfs_checkpoints/cifar100-checkpoints/vgg16_L[16]_strict_seed42_drs_last_epoch_schemeC_noout_mne_l2_l16_vgg16_rc1em04.pth,/home/595/sl9144/codes/snn_simulation/important_results/cifar100_vgg16_three_regs_drs_last_epoch/mne_l2_rc1e-4/seed_42/noise_sweep_matrix_cifar100_vgg16_T16_mode_rate_uniform_schedule_normal_seed_42.csv
cifar100,vgg16,mne_l2,mne_l2 rc=1e-4,0.0001,0.0,42,16,16,rate_uniform,0.55,59.63,/scratch/gs14/sl9144/qcfs_checkpoints/cifar100-checkpoints/vgg16_L[16]_strict_seed42_drs_last_epoch_schemeC_noout_mne_l2_l16_vgg16_rc1em04.pth,/home/595/sl9144/codes/snn_simulation/important_results/cifar100_vgg16_three_regs_drs_last_epoch/mne_l2_rc1e-4/seed_42/noise_sweep_matrix_cifar100_vgg16_T16_mode_rate_uniform_schedule_normal_seed_42.csv
cifar100,vgg16,mne_l2,mne_l2 rc=1e-4,0.0001,0.0,42,16,16,rate_uniform,0.6,59.62,/scratch/gs14/sl9144/qcfs_checkpoints/cifar100-checkpoints/vgg16_L[16]_strict_seed42_drs_last_epoch_schemeC_noout_mne_l2_l16_vgg16_rc1em04.pth,/home/595/sl9144/codes/snn_simulation/important_results/cifar100_vgg16_three_regs_drs_last_epoch/mne_l2_rc1e-4/seed_42/noise_sweep_matrix_cifar100_vgg16_T16_mode_rate_uniform_schedule_normal_seed_42.csv
cifar100,vgg16,mne_l2,mne_l2 rc=1e-4,0.0001,0.0,42,16,16,rate_uniform,0.65,59.58,/scratch/gs14/sl9144/qcfs_checkpoints/cifar100-checkpoints/vgg16_L[16]_strict_seed42_drs_last_epoch_schemeC_noout_mne_l2_l16_vgg16_rc1em04.pth,/home/595/sl9144/codes/snn_simulation/important_results/cifar100_vgg16_three_regs_drs_last_epoch/mne_l2_rc1e-4/seed_42/noise_sweep_matrix_cifar100_vgg16_T16_mode_rate_uniform_schedule_normal_seed_42.csv
cifar100,vgg16,mne_l2,mne_l2 rc=1e-4,0.0001,0.0,42,16,16,rate_uniform,0.7,59.56,/scratch/gs14/sl9144/qcfs_checkpoints/cifar100-checkpoints/vgg16_L[16]_strict_seed42_drs_last_epoch_schemeC_noout_mne_l2_l16_vgg16_rc1em04.pth,/home/595/sl9144/codes/snn_simulation/important_results/cifar100_vgg16_three_regs_drs_last_epoch/mne_l2_rc1e-4/seed_42/noise_sweep_matrix_cifar100_vgg16_T16_mode_rate_uniform_schedule_normal_seed_42.csv
cifar100,vgg16,mne_l2,mne_l2 rc=1e-4,0.0001,0.0,42,16,16,rate_uniform,0.75,59.65,/scratch/gs14/sl9144/qcfs_checkpoints/cifar100-checkpoints/vgg16_L[16]_strict_seed42_drs_last_epoch_schemeC_noout_mne_l2_l16_vgg16_rc1em04.pth,/home/595/sl9144/codes/snn_simulation/important_results/cifar100_vgg16_three_regs_drs_last_epoch/mne_l2_rc1e-4/seed_42/noise_sweep_matrix_cifar100_vgg16_T16_mode_rate_uniform_schedule_normal_seed_42.csv
cifar100,vgg16,mne_l2,mne_l2 rc=1e-4,0.0001,0.0,42,16,16,rate_uniform,0.8,59.64,/scratch/gs14/sl9144/qcfs_checkpoints/cifar100-checkpoints/vgg16_L[16]_strict_seed42_drs_last_epoch_schemeC_noout_mne_l2_l16_vgg16_rc1em04.pth,/home/595/sl9144/codes/snn_simulation/important_results/cifar100_vgg16_three_regs_drs_last_epoch/mne_l2_rc1e-4/seed_42/noise_sweep_matrix_cifar100_vgg16_T16_mode_rate_uniform_schedule_normal_seed_42.csv
cifar100,vgg16,mne_l2,mne_l2 rc=1e-4,0.0001,0.0,42,16,16,rate_uniform,0.85,59.34,/scratch/gs14/sl9144/qcfs_checkpoints/cifar100-checkpoints/vgg16_L[16]_strict_seed42_drs_last_epoch_schemeC_noout_mne_l2_l16_vgg16_rc1em04.pth,/home/595/sl9144/codes/snn_simulation/important_results/cifar100_vgg16_three_regs_drs_last_epoch/mne_l2_rc1e-4/seed_42/noise_sweep_matrix_cifar100_vgg16_T16_mode_rate_uniform_schedule_normal_seed_42.csv
cifar100,vgg16,mne_l2,mne_l2 rc=1e-4,0.0001,0.0,42,16,16,rate_uniform,0.9,59.3,/scratch/gs14/sl9144/qcfs_checkpoints/cifar100-checkpoints/vgg16_L[16]_strict_seed42_drs_last_epoch_schemeC_noout_mne_l2_l16_vgg16_rc1em04.pth,/home/595/sl9144/codes/snn_simulation/important_results/cifar100_vgg16_three_regs_drs_last_epoch/mne_l2_rc1e-4/seed_42/noise_sweep_matrix_cifar100_vgg16_T16_mode_rate_uniform_schedule_normal_seed_42.csv
cifar100,vgg16,mne_l2,mne_l2 rc=1e-4,0.0001,0.0,42,16,16,rate_uniform,0.95,59.46,/scratch/gs14/sl9144/qcfs_checkpoints/cifar100-checkpoints/vgg16_L[16]_strict_seed42_drs_last_epoch_schemeC_noout_mne_l2_l16_vgg16_rc1em04.pth,/home/595/sl9144/codes/snn_simulation/important_results/cifar100_vgg16_three_regs_drs_last_epoch/mne_l2_rc1e-4/seed_42/noise_sweep_matrix_cifar100_vgg16_T16_mode_rate_uniform_schedule_normal_seed_42.csv
cifar100,vgg16,mne_l2,mne_l2 rc=1e-4,0.0001,0.0,42,16,16,rate_uniform,1.0,59.17,/scratch/gs14/sl9144/qcfs_checkpoints/cifar100-checkpoints/vgg16_L[16]_strict_seed42_drs_last_epoch_schemeC_noout_mne_l2_l16_vgg16_rc1em04.pth,/home/595/sl9144/codes/snn_simulation/important_results/cifar100_vgg16_three_regs_drs_last_epoch/mne_l2_rc1e-4/seed_42/noise_sweep_matrix_cifar100_vgg16_T16_mode_rate_uniform_schedule_normal_seed_42.csv
cifar100,vgg16,mne_l2,mne_l2 rc=1e-4,0.0001,0.0,43,16,16,rate_uniform,0.0,59.68,/scratch/gs14/sl9144/qcfs_checkpoints/cifar100-checkpoints/vgg16_L[16]_strict_seed43_drs_last_epoch_schemeC_noout_mne_l2_l16_vgg16_rc1em04.pth,/home/595/sl9144/codes/snn_simulation/important_results/cifar100_vgg16_three_regs_drs_last_epoch/mne_l2_rc1e-4/seed_43/noise_sweep_matrix_cifar100_vgg16_T16_mode_rate_uniform_schedule_normal_seed_43.csv
cifar100,vgg16,mne_l2,mne_l2 rc=1e-4,0.0001,0.0,43,16,16,rate_uniform,0.05,59.66,/scratch/gs14/sl9144/qcfs_checkpoints/cifar100-checkpoints/vgg16_L[16]_strict_seed43_drs_last_epoch_schemeC_noout_mne_l2_l16_vgg16_rc1em04.pth,/home/595/sl9144/codes/snn_simulation/important_results/cifar100_vgg16_three_regs_drs_last_epoch/mne_l2_rc1e-4/seed_43/noise_sweep_matrix_cifar100_vgg16_T16_mode_rate_uniform_schedule_normal_seed_43.csv
cifar100,vgg16,mne_l2,mne_l2 rc=1e-4,0.0001,0.0,43,16,16,rate_uniform,0.1,59.56,/scratch/gs14/sl9144/qcfs_checkpoints/cifar100-checkpoints/vgg16_L[16]_strict_seed43_drs_last_epoch_schemeC_noout_mne_l2_l16_vgg16_rc1em04.pth,/home/595/sl9144/codes/snn_simulation/important_results/cifar100_vgg16_three_regs_drs_last_epoch/mne_l2_rc1e-4/seed_43/noise_sweep_matrix_cifar100_vgg16_T16_mode_rate_uniform_schedule_normal_seed_43.csv
cifar100,vgg16,mne_l2,mne_l2 rc=1e-4,0.0001,0.0,43,16,16,rate_uniform,0.15,59.66,/scratch/gs14/sl9144/qcfs_checkpoints/cifar100-checkpoints/vgg16_L[16]_strict_seed43_drs_last_epoch_schemeC_noout_mne_l2_l16_vgg16_rc1em04.pth,/home/595/sl9144/codes/snn_simulation/important_results/cifar100_vgg16_three_regs_drs_last_epoch/mne_l2_rc1e-4/seed_43/noise_sweep_matrix_cifar100_vgg16_T16_mode_rate_uniform_schedule_normal_seed_43.csv
cifar100,vgg16,mne_l2,mne_l2 rc=1e-4,0.0001,0.0,43,16,16,rate_uniform,0.2,59.56,/scratch/gs14/sl9144/qcfs_checkpoints/cifar100-checkpoints/vgg16_L[16]_strict_seed43_drs_last_epoch_schemeC_noout_mne_l2_l16_vgg16_rc1em04.pth,/home/595/sl9144/codes/snn_simulation/important_results/cifar100_vgg16_three_regs_drs_last_epoch/mne_l2_rc1e-4/seed_43/noise_sweep_matrix_cifar100_vgg16_T16_mode_rate_uniform_schedule_normal_seed_43.csv
cifar100,vgg16,mne_l2,mne_l2 rc=1e-4,0.0001,0.0,43,16,16,rate_uniform,0.25,59.61,/scratch/gs14/sl9144/qcfs_checkpoints/cifar100-checkpoints/vgg16_L[16]_strict_seed43_drs_last_epoch_schemeC_noout_mne_l2_l16_vgg16_rc1em04.pth,/home/595/sl9144/codes/snn_simulation/important_results/cifar100_vgg16_three_regs_drs_last_epoch/mne_l2_rc1e-4/seed_43/noise_sweep_matrix_cifar100_vgg16_T16_mode_rate_uniform_schedule_normal_seed_43.csv
cifar100,vgg16,mne_l2,mne_l2 rc=1e-4,0.0001,0.0,43,16,16,rate_uniform,0.3,59.62,/scratch/gs14/sl9144/qcfs_checkpoints/cifar100-checkpoints/vgg16_L[16]_strict_seed43_drs_last_epoch_schemeC_noout_mne_l2_l16_vgg16_rc1em04.pth,/home/595/sl9144/codes/snn_simulation/important_results/cifar100_vgg16_three_regs_drs_last_epoch/mne_l2_rc1e-4/seed_43/noise_sweep_matrix_cifar100_vgg16_T16_mode_rate_uniform_schedule_normal_seed_43.csv
cifar100,vgg16,mne_l2,mne_l2 rc=1e-4,0.0001,0.0,43,16,16,rate_uniform,0.35,59.55,/scratch/gs14/sl9144/qcfs_checkpoints/cifar100-checkpoints/vgg16_L[16]_strict_seed43_drs_last_epoch_schemeC_noout_mne_l2_l16_vgg16_rc1em04.pth,/home/595/sl9144/codes/snn_simulation/important_results/cifar100_vgg16_three_regs_drs_last_epoch/mne_l2_rc1e-4/seed_43/noise_sweep_matrix_cifar100_vgg16_T16_mode_rate_uniform_schedule_normal_seed_43.csv
cifar100,vgg16,mne_l2,mne_l2 rc=1e-4,0.0001,0.0,43,16,16,rate_uniform,0.4,59.48,/scratch/gs14/sl9144/qcfs_checkpoints/cifar100-checkpoints/vgg16_L[16]_strict_seed43_drs_last_epoch_schemeC_noout_mne_l2_l16_vgg16_rc1em04.pth,/home/595/sl9144/codes/snn_simulation/important_results/cifar100_vgg16_three_regs_drs_last_epoch/mne_l2_rc1e-4/seed_43/noise_sweep_matrix_cifar100_vgg16_T16_mode_rate_uniform_schedule_normal_seed_43.csv
cifar100,vgg16,mne_l2,mne_l2 rc=1e-4,0.0001,0.0,43,16,16,rate_uniform,0.45,59.66,/scratch/gs14/sl9144/qcfs_checkpoints/cifar100-checkpoints/vgg16_L[16]_strict_seed43_drs_last_epoch_schemeC_noout_mne_l2_l16_vgg16_rc1em04.pth,/home/595/sl9144/codes/snn_simulation/important_results/cifar100_vgg16_three_regs_drs_last_epoch/mne_l2_rc1e-4/seed_43/noise_sweep_matrix_cifar100_vgg16_T16_mode_rate_uniform_schedule_normal_seed_43.csv
cifar100,vgg16,mne_l2,mne_l2 rc=1e-4,0.0001,0.0,43,16,16,rate_uniform,0.5,59.41,/scratch/gs14/sl9144/qcfs_checkpoints/cifar100-checkpoints/vgg16_L[16]_strict_seed43_drs_last_epoch_schemeC_noout_mne_l2_l16_vgg16_rc1em04.pth,/home/595/sl9144/codes/snn_simulation/important_results/cifar100_vgg16_three_regs_drs_last_epoch/mne_l2_rc1e-4/seed_43/noise_sweep_matrix_cifar100_vgg16_T16_mode_rate_uniform_schedule_normal_seed_43.csv
cifar100,vgg16,mne_l2,mne_l2 rc=1e-4,0.0001,0.0,43,16,16,rate_uniform,0.55,59.6,/scratch/gs14/sl9144/qcfs_checkpoints/cifar100-checkpoints/vgg16_L[16]_strict_seed43_drs_last_epoch_schemeC_noout_mne_l2_l16_vgg16_rc1em04.pth,/home/595/sl9144/codes/snn_simulation/important_results/cifar100_vgg16_three_regs_drs_last_epoch/mne_l2_rc1e-4/seed_43/noise_sweep_matrix_cifar100_vgg16_T16_mode_rate_uniform_schedule_normal_seed_43.csv
cifar100,vgg16,mne_l2,mne_l2 rc=1e-4,0.0001,0.0,43,16,16,rate_uniform,0.6,59.41,/scratch/gs14/sl9144/qcfs_checkpoints/cifar100-checkpoints/vgg16_L[16]_strict_seed43_drs_last_epoch_schemeC_noout_mne_l2_l16_vgg16_rc1em04.pth,/home/595/sl9144/codes/snn_simulation/important_results/cifar100_vgg16_three_regs_drs_last_epoch/mne_l2_rc1e-4/seed_43/noise_sweep_matrix_cifar100_vgg16_T16_mode_rate_uniform_schedule_normal_seed_43.csv
cifar100,vgg16,mne_l2,mne_l2 rc=1e-4,0.0001,0.0,43,16,16,rate_uniform,0.65,59.31,/scratch/gs14/sl9144/qcfs_checkpoints/cifar100-checkpoints/vgg16_L[16]_strict_seed43_drs_last_epoch_schemeC_noout_mne_l2_l16_vgg16_rc1em04.pth,/home/595/sl9144/codes/snn_simulation/important_results/cifar100_vgg16_three_regs_drs_last_epoch/mne_l2_rc1e-4/seed_43/noise_sweep_matrix_cifar100_vgg16_T16_mode_rate_uniform_schedule_normal_seed_43.csv
cifar100,vgg16,mne_l2,mne_l2 rc=1e-4,0.0001,0.0,43,16,16,rate_uniform,0.7,59.34,/scratch/gs14/sl9144/qcfs_checkpoints/cifar100-checkpoints/vgg16_L[16]_strict_seed43_drs_last_epoch_schemeC_noout_mne_l2_l16_vgg16_rc1em04.pth,/home/595/sl9144/codes/snn_simulation/important_results/cifar100_vgg16_three_regs_drs_last_epoch/mne_l2_rc1e-4/seed_43/noise_sweep_matrix_cifar100_vgg16_T16_mode_rate_uniform_schedule_normal_seed_43.csv
cifar100,vgg16,mne_l2,mne_l2 rc=1e-4,0.0001,0.0,43,16,16,rate_uniform,0.75,59.43,/scratch/gs14/sl9144/qcfs_checkpoints/cifar100-checkpoints/vgg16_L[16]_strict_seed43_drs_last_epoch_schemeC_noout_mne_l2_l16_vgg16_rc1em04.pth,/home/595/sl9144/codes/snn_simulation/important_results/cifar100_vgg16_three_regs_drs_last_epoch/mne_l2_rc1e-4/seed_43/noise_sweep_matrix_cifar100_vgg16_T16_mode_rate_uniform_schedule_normal_seed_43.csv
cifar100,vgg16,mne_l2,mne_l2 rc=1e-4,0.0001,0.0,43,16,16,rate_uniform,0.8,59.65,/scratch/gs14/sl9144/qcfs_checkpoints/cifar100-checkpoints/vgg16_L[16]_strict_seed43_drs_last_epoch_schemeC_noout_mne_l2_l16_vgg16_rc1em04.pth,/home/595/sl9144/codes/snn_simulation/important_results/cifar100_vgg16_three_regs_drs_last_epoch/mne_l2_rc1e-4/seed_43/noise_sweep_matrix_cifar100_vgg16_T16_mode_rate_uniform_schedule_normal_seed_43.csv
cifar100,vgg16,mne_l2,mne_l2 rc=1e-4,0.0001,0.0,43,16,16,rate_uniform,0.85,59.32,/scratch/gs14/sl9144/qcfs_checkpoints/cifar100-checkpoints/vgg16_L[16]_strict_seed43_drs_last_epoch_schemeC_noout_mne_l2_l16_vgg16_rc1em04.pth,/home/595/sl9144/codes/snn_simulation/important_results/cifar100_vgg16_three_regs_drs_last_epoch/mne_l2_rc1e-4/seed_43/noise_sweep_matrix_cifar100_vgg16_T16_mode_rate_uniform_schedule_normal_seed_43.csv
cifar100,vgg16,mne_l2,mne_l2 rc=1e-4,0.0001,0.0,43,16,16,rate_uniform,0.9,59.1,/scratch/gs14/sl9144/qcfs_checkpoints/cifar100-checkpoints/vgg16_L[16]_strict_seed43_drs_last_epoch_schemeC_noout_mne_l2_l16_vgg16_rc1em04.pth,/home/595/sl9144/codes/snn_simulation/important_results/cifar100_vgg16_three_regs_drs_last_epoch/mne_l2_rc1e-4/seed_43/noise_sweep_matrix_cifar100_vgg16_T16_mode_rate_uniform_schedule_normal_seed_43.csv
cifar100,vgg16,mne_l2,mne_l2 rc=1e-4,0.0001,0.0,43,16,16,rate_uniform,0.95,59.34,/scratch/gs14/sl9144/qcfs_checkpoints/cifar100-checkpoints/vgg16_L[16]_strict_seed43_drs_last_epoch_schemeC_noout_mne_l2_l16_vgg16_rc1em04.pth,/home/595/sl9144/codes/snn_simulation/important_results/cifar100_vgg16_three_regs_drs_last_epoch/mne_l2_rc1e-4/seed_43/noise_sweep_matrix_cifar100_vgg16_T16_mode_rate_uniform_schedule_normal_seed_43.csv
cifar100,vgg16,mne_l2,mne_l2 rc=1e-4,0.0001,0.0,43,16,16,rate_uniform,1.0,59.49,/scratch/gs14/sl9144/qcfs_checkpoints/cifar100-checkpoints/vgg16_L[16]_strict_seed43_drs_last_epoch_schemeC_noout_mne_l2_l16_vgg16_rc1em04.pth,/home/595/sl9144/codes/snn_simulation/important_results/cifar100_vgg16_three_regs_drs_last_epoch/mne_l2_rc1e-4/seed_43/noise_sweep_matrix_cifar100_vgg16_T16_mode_rate_uniform_schedule_normal_seed_43.csv
cifar100,vgg16,mne_l2,mne_l2 rc=1e-4,0.0001,0.0,44,16,16,rate_uniform,0.0,59.45,/scratch/gs14/sl9144/qcfs_checkpoints/cifar100-checkpoints/vgg16_L[16]_strict_seed44_drs_last_epoch_schemeC_noout_mne_l2_l16_vgg16_rc1em04.pth,/home/595/sl9144/codes/snn_simulation/important_results/cifar100_vgg16_three_regs_drs_last_epoch/mne_l2_rc1e-4/seed_44/noise_sweep_matrix_cifar100_vgg16_T16_mode_rate_uniform_schedule_normal_seed_44.csv
cifar100,vgg16,mne_l2,mne_l2 rc=1e-4,0.0001,0.0,44,16,16,rate_uniform,0.05,59.72,/scratch/gs14/sl9144/qcfs_checkpoints/cifar100-checkpoints/vgg16_L[16]_strict_seed44_drs_last_epoch_schemeC_noout_mne_l2_l16_vgg16_rc1em04.pth,/home/595/sl9144/codes/snn_simulation/important_results/cifar100_vgg16_three_regs_drs_last_epoch/mne_l2_rc1e-4/seed_44/noise_sweep_matrix_cifar100_vgg16_T16_mode_rate_uniform_schedule_normal_seed_44.csv
cifar100,vgg16,mne_l2,mne_l2 rc=1e-4,0.0001,0.0,44,16,16,rate_uniform,0.1,59.6,/scratch/gs14/sl9144/qcfs_checkpoints/cifar100-checkpoints/vgg16_L[16]_strict_seed44_drs_last_epoch_schemeC_noout_mne_l2_l16_vgg16_rc1em04.pth,/home/595/sl9144/codes/snn_simulation/important_results/cifar100_vgg16_three_regs_drs_last_epoch/mne_l2_rc1e-4/seed_44/noise_sweep_matrix_cifar100_vgg16_T16_mode_rate_uniform_schedule_normal_seed_44.csv
cifar100,vgg16,mne_l2,mne_l2 rc=1e-4,0.0001,0.0,44,16,16,rate_uniform,0.15,59.65,/scratch/gs14/sl9144/qcfs_checkpoints/cifar100-checkpoints/vgg16_L[16]_strict_seed44_drs_last_epoch_schemeC_noout_mne_l2_l16_vgg16_rc1em04.pth,/home/595/sl9144/codes/snn_simulation/important_results/cifar100_vgg16_three_regs_drs_last_epoch/mne_l2_rc1e-4/seed_44/noise_sweep_matrix_cifar100_vgg16_T16_mode_rate_uniform_schedule_normal_seed_44.csv
cifar100,vgg16,mne_l2,mne_l2 rc=1e-4,0.0001,0.0,44,16,16,rate_uniform,0.2,59.59,/scratch/gs14/sl9144/qcfs_checkpoints/cifar100-checkpoints/vgg16_L[16]_strict_seed44_drs_last_epoch_schemeC_noout_mne_l2_l16_vgg16_rc1em04.pth,/home/595/sl9144/codes/snn_simulation/important_results/cifar100_vgg16_three_regs_drs_last_epoch/mne_l2_rc1e-4/seed_44/noise_sweep_matrix_cifar100_vgg16_T16_mode_rate_uniform_schedule_normal_seed_44.csv
cifar100,vgg16,mne_l2,mne_l2 rc=1e-4,0.0001,0.0,44,16,16,rate_uniform,0.25,59.51,/scratch/gs14/sl9144/qcfs_checkpoints/cifar100-checkpoints/vgg16_L[16]_strict_seed44_drs_last_epoch_schemeC_noout_mne_l2_l16_vgg16_rc1em04.pth,/home/595/sl9144/codes/snn_simulation/important_results/cifar100_vgg16_three_regs_drs_last_epoch/mne_l2_rc1e-4/seed_44/noise_sweep_matrix_cifar100_vgg16_T16_mode_rate_uniform_schedule_normal_seed_44.csv
cifar100,vgg16,mne_l2,mne_l2 rc=1e-4,0.0001,0.0,44,16,16,rate_uniform,0.3,59.53,/scratch/gs14/sl9144/qcfs_checkpoints/cifar100-checkpoints/vgg16_L[16]_strict_seed44_drs_last_epoch_schemeC_noout_mne_l2_l16_vgg16_rc1em04.pth,/home/595/sl9144/codes/snn_simulation/important_results/cifar100_vgg16_three_regs_drs_last_epoch/mne_l2_rc1e-4/seed_44/noise_sweep_matrix_cifar100_vgg16_T16_mode_rate_uniform_schedule_normal_seed_44.csv
cifar100,vgg16,mne_l2,mne_l2 rc=1e-4,0.0001,0.0,44,16,16,rate_uniform,0.35,59.54,/scratch/gs14/sl9144/qcfs_checkpoints/cifar100-checkpoints/vgg16_L[16]_strict_seed44_drs_last_epoch_schemeC_noout_mne_l2_l16_vgg16_rc1em04.pth,/home/595/sl9144/codes/snn_simulation/important_results/cifar100_vgg16_three_regs_drs_last_epoch/mne_l2_rc1e-4/seed_44/noise_sweep_matrix_cifar100_vgg16_T16_mode_rate_uniform_schedule_normal_seed_44.csv
cifar100,vgg16,mne_l2,mne_l2 rc=1e-4,0.0001,0.0,44,16,16,rate_uniform,0.4,59.64,/scratch/gs14/sl9144/qcfs_checkpoints/cifar100-checkpoints/vgg16_L[16]_strict_seed44_drs_last_epoch_schemeC_noout_mne_l2_l16_vgg16_rc1em04.pth,/home/595/sl9144/codes/snn_simulation/important_results/cifar100_vgg16_three_regs_drs_last_epoch/mne_l2_rc1e-4/seed_44/noise_sweep_matrix_cifar100_vgg16_T16_mode_rate_uniform_schedule_normal_seed_44.csv
cifar100,vgg16,mne_l2,mne_l2 rc=1e-4,0.0001,0.0,44,16,16,rate_uniform,0.45,59.55,/scratch/gs14/sl9144/qcfs_checkpoints/cifar100-checkpoints/vgg16_L[16]_strict_seed44_drs_last_epoch_schemeC_noout_mne_l2_l16_vgg16_rc1em04.pth,/home/595/sl9144/codes/snn_simulation/important_results/cifar100_vgg16_three_regs_drs_last_epoch/mne_l2_rc1e-4/seed_44/noise_sweep_matrix_cifar100_vgg16_T16_mode_rate_uniform_schedule_normal_seed_44.csv
cifar100,vgg16,mne_l2,mne_l2 rc=1e-4,0.0001,0.0,44,16,16,rate_uniform,0.5,59.48,/scratch/gs14/sl9144/qcfs_checkpoints/cifar100-checkpoints/vgg16_L[16]_strict_seed44_drs_last_epoch_schemeC_noout_mne_l2_l16_vgg16_rc1em04.pth,/home/595/sl9144/codes/snn_simulation/important_results/cifar100_vgg16_three_regs_drs_last_epoch/mne_l2_rc1e-4/seed_44/noise_sweep_matrix_cifar100_vgg16_T16_mode_rate_uniform_schedule_normal_seed_44.csv
cifar100,vgg16,mne_l2,mne_l2 rc=1e-4,0.0001,0.0,44,16,16,rate_uniform,0.55,59.45,/scratch/gs14/sl9144/qcfs_checkpoints/cifar100-checkpoints/vgg16_L[16]_strict_seed44_drs_last_epoch_schemeC_noout_mne_l2_l16_vgg16_rc1em04.pth,/home/595/sl9144/codes/snn_simulation/important_results/cifar100_vgg16_three_regs_drs_last_epoch/mne_l2_rc1e-4/seed_44/noise_sweep_matrix_cifar100_vgg16_T16_mode_rate_uniform_schedule_normal_seed_44.csv
cifar100,vgg16,mne_l2,mne_l2 rc=1e-4,0.0001,0.0,44,16,16,rate_uniform,0.6,59.51,/scratch/gs14/sl9144/qcfs_checkpoints/cifar100-checkpoints/vgg16_L[16]_strict_seed44_drs_last_epoch_schemeC_noout_mne_l2_l16_vgg16_rc1em04.pth,/home/595/sl9144/codes/snn_simulation/important_results/cifar100_vgg16_three_regs_drs_last_epoch/mne_l2_rc1e-4/seed_44/noise_sweep_matrix_cifar100_vgg16_T16_mode_rate_uniform_schedule_normal_seed_44.csv
cifar100,vgg16,mne_l2,mne_l2 rc=1e-4,0.0001,0.0,44,16,16,rate_uniform,0.65,59.26,/scratch/gs14/sl9144/qcfs_checkpoints/cifar100-checkpoints/vgg16_L[16]_strict_seed44_drs_last_epoch_schemeC_noout_mne_l2_l16_vgg16_rc1em04.pth,/home/595/sl9144/codes/snn_simulation/important_results/cifar100_vgg16_three_regs_drs_last_epoch/mne_l2_rc1e-4/seed_44/noise_sweep_matrix_cifar100_vgg16_T16_mode_rate_uniform_schedule_normal_seed_44.csv
cifar100,vgg16,mne_l2,mne_l2 rc=1e-4,0.0001,0.0,44,16,16,rate_uniform,0.7,59.34,/scratch/gs14/sl9144/qcfs_checkpoints/cifar100-checkpoints/vgg16_L[16]_strict_seed44_drs_last_epoch_schemeC_noout_mne_l2_l16_vgg16_rc1em04.pth,/home/595/sl9144/codes/snn_simulation/important_results/cifar100_vgg16_three_regs_drs_last_epoch/mne_l2_rc1e-4/seed_44/noise_sweep_matrix_cifar100_vgg16_T16_mode_rate_uniform_schedule_normal_seed_44.csv
cifar100,vgg16,mne_l2,mne_l2 rc=1e-4,0.0001,0.0,44,16,16,rate_uniform,0.75,59.11,/scratch/gs14/sl9144/qcfs_checkpoints/cifar100-checkpoints/vgg16_L[16]_strict_seed44_drs_last_epoch_schemeC_noout_mne_l2_l16_vgg16_rc1em04.pth,/home/595/sl9144/codes/snn_simulation/important_results/cifar100_vgg16_three_regs_drs_last_epoch/mne_l2_rc1e-4/seed_44/noise_sweep_matrix_cifar100_vgg16_T16_mode_rate_uniform_schedule_normal_seed_44.csv
cifar100,vgg16,mne_l2,mne_l2 rc=1e-4,0.0001,0.0,44,16,16,rate_uniform,0.8,59.32,/scratch/gs14/sl9144/qcfs_checkpoints/cifar100-checkpoints/vgg16_L[16]_strict_seed44_drs_last_epoch_schemeC_noout_mne_l2_l16_vgg16_rc1em04.pth,/home/595/sl9144/codes/snn_simulation/important_results/cifar100_vgg16_three_regs_drs_last_epoch/mne_l2_rc1e-4/seed_44/noise_sweep_matrix_cifar100_vgg16_T16_mode_rate_uniform_schedule_normal_seed_44.csv
cifar100,vgg16,mne_l2,mne_l2 rc=1e-4,0.0001,0.0,44,16,16,rate_uniform,0.85,59.12,/scratch/gs14/sl9144/qcfs_checkpoints/cifar100-checkpoints/vgg16_L[16]_strict_seed44_drs_last_epoch_schemeC_noout_mne_l2_l16_vgg16_rc1em04.pth,/home/595/sl9144/codes/snn_simulation/important_results/cifar100_vgg16_three_regs_drs_last_epoch/mne_l2_rc1e-4/seed_44/noise_sweep_matrix_cifar100_vgg16_T16_mode_rate_uniform_schedule_normal_seed_44.csv
cifar100,vgg16,mne_l2,mne_l2 rc=1e-4,0.0001,0.0,44,16,16,rate_uniform,0.9,59.01,/scratch/gs14/sl9144/qcfs_checkpoints/cifar100-checkpoints/vgg16_L[16]_strict_seed44_drs_last_epoch_schemeC_noout_mne_l2_l16_vgg16_rc1em04.pth,/home/595/sl9144/codes/snn_simulation/important_results/cifar100_vgg16_three_regs_drs_last_epoch/mne_l2_rc1e-4/seed_44/noise_sweep_matrix_cifar100_vgg16_T16_mode_rate_uniform_schedule_normal_seed_44.csv
cifar100,vgg16,mne_l2,mne_l2 rc=1e-4,0.0001,0.0,44,16,16,rate_uniform,0.95,58.85,/scratch/gs14/sl9144/qcfs_checkpoints/cifar100-checkpoints/vgg16_L[16]_strict_seed44_drs_last_epoch_schemeC_noout_mne_l2_l16_vgg16_rc1em04.pth,/home/595/sl9144/codes/snn_simulation/important_results/cifar100_vgg16_three_regs_drs_last_epoch/mne_l2_rc1e-4/seed_44/noise_sweep_matrix_cifar100_vgg16_T16_mode_rate_uniform_schedule_normal_seed_44.csv
cifar100,vgg16,mne_l2,mne_l2 rc=1e-4,0.0001,0.0,44,16,16,rate_uniform,1.0,59.06,/scratch/gs14/sl9144/qcfs_checkpoints/cifar100-checkpoints/vgg16_L[16]_strict_seed44_drs_last_epoch_schemeC_noout_mne_l2_l16_vgg16_rc1em04.pth,/home/595/sl9144/codes/snn_simulation/important_results/cifar100_vgg16_three_regs_drs_last_epoch/mne_l2_rc1e-4/seed_44/noise_sweep_matrix_cifar100_vgg16_T16_mode_rate_uniform_schedule_normal_seed_44.csv
cifar100,vgg16,no_regularization,no regularization,,0.0,40,16,16,rate_uniform,0.0,58.83,/scratch/gs14/sl9144/qcfs_checkpoints/cifar100-checkpoints/vgg16_L[16]_strict_seed40_drs_last_epoch_schemeC_noout_none_l16_vgg16.pth,/home/595/sl9144/codes/snn_simulation/important_results/cifar100_vgg16_three_regs_drs_last_epoch/no_regularization/seed_40/noise_sweep_matrix_cifar100_vgg16_T16_mode_rate_uniform_schedule_normal_seed_40.csv
cifar100,vgg16,no_regularization,no regularization,,0.0,40,16,16,rate_uniform,0.05,59.0,/scratch/gs14/sl9144/qcfs_checkpoints/cifar100-checkpoints/vgg16_L[16]_strict_seed40_drs_last_epoch_schemeC_noout_none_l16_vgg16.pth,/home/595/sl9144/codes/snn_simulation/important_results/cifar100_vgg16_three_regs_drs_last_epoch/no_regularization/seed_40/noise_sweep_matrix_cifar100_vgg16_T16_mode_rate_uniform_schedule_normal_seed_40.csv
cifar100,vgg16,no_regularization,no regularization,,0.0,40,16,16,rate_uniform,0.1,58.96,/scratch/gs14/sl9144/qcfs_checkpoints/cifar100-checkpoints/vgg16_L[16]_strict_seed40_drs_last_epoch_schemeC_noout_none_l16_vgg16.pth,/home/595/sl9144/codes/snn_simulation/important_results/cifar100_vgg16_three_regs_drs_last_epoch/no_regularization/seed_40/noise_sweep_matrix_cifar100_vgg16_T16_mode_rate_uniform_schedule_normal_seed_40.csv
cifar100,vgg16,no_regularization,no regularization,,0.0,40,16,16,rate_uniform,0.15,59.12,/scratch/gs14/sl9144/qcfs_checkpoints/cifar100-checkpoints/vgg16_L[16]_strict_seed40_drs_last_epoch_schemeC_noout_none_l16_vgg16.pth,/home/595/sl9144/codes/snn_simulation/important_results/cifar100_vgg16_three_regs_drs_last_epoch/no_regularization/seed_40/noise_sweep_matrix_cifar100_vgg16_T16_mode_rate_uniform_schedule_normal_seed_40.csv
cifar100,vgg16,no_regularization,no regularization,,0.0,40,16,16,rate_uniform,0.2,58.91,/scratch/gs14/sl9144/qcfs_checkpoints/cifar100-checkpoints/vgg16_L[16]_strict_seed40_drs_last_epoch_schemeC_noout_none_l16_vgg16.pth,/home/595/sl9144/codes/snn_simulation/important_results/cifar100_vgg16_three_regs_drs_last_epoch/no_regularization/seed_40/noise_sweep_matrix_cifar100_vgg16_T16_mode_rate_uniform_schedule_normal_seed_40.csv
cifar100,vgg16,no_regularization,no regularization,,0.0,40,16,16,rate_uniform,0.25,59.01,/scratch/gs14/sl9144/qcfs_checkpoints/cifar100-checkpoints/vgg16_L[16]_strict_seed40_drs_last_epoch_schemeC_noout_none_l16_vgg16.pth,/home/595/sl9144/codes/snn_simulation/important_results/cifar100_vgg16_three_regs_drs_last_epoch/no_regularization/seed_40/noise_sweep_matrix_cifar100_vgg16_T16_mode_rate_uniform_schedule_normal_seed_40.csv
cifar100,vgg16,no_regularization,no regularization,,0.0,40,16,16,rate_uniform,0.3,58.97,/scratch/gs14/sl9144/qcfs_checkpoints/cifar100-checkpoints/vgg16_L[16]_strict_seed40_drs_last_epoch_schemeC_noout_none_l16_vgg16.pth,/home/595/sl9144/codes/snn_simulation/important_results/cifar100_vgg16_three_regs_drs_last_epoch/no_regularization/seed_40/noise_sweep_matrix_cifar100_vgg16_T16_mode_rate_uniform_schedule_normal_seed_40.csv
cifar100,vgg16,no_regularization,no regularization,,0.0,40,16,16,rate_uniform,0.35,58.99,/scratch/gs14/sl9144/qcfs_checkpoints/cifar100-checkpoints/vgg16_L[16]_strict_seed40_drs_last_epoch_schemeC_noout_none_l16_vgg16.pth,/home/595/sl9144/codes/snn_simulation/important_results/cifar100_vgg16_three_regs_drs_last_epoch/no_regularization/seed_40/noise_sweep_matrix_cifar100_vgg16_T16_mode_rate_uniform_schedule_normal_seed_40.csv
cifar100,vgg16,no_regularization,no regularization,,0.0,40,16,16,rate_uniform,0.4,58.73,/scratch/gs14/sl9144/qcfs_checkpoints/cifar100-checkpoints/vgg16_L[16]_strict_seed40_drs_last_epoch_schemeC_noout_none_l16_vgg16.pth,/home/595/sl9144/codes/snn_simulation/important_results/cifar100_vgg16_three_regs_drs_last_epoch/no_regularization/seed_40/noise_sweep_matrix_cifar100_vgg16_T16_mode_rate_uniform_schedule_normal_seed_40.csv
cifar100,vgg16,no_regularization,no regularization,,0.0,40,16,16,rate_uniform,0.45,59.26,/scratch/gs14/sl9144/qcfs_checkpoints/cifar100-checkpoints/vgg16_L[16]_strict_seed40_drs_last_epoch_schemeC_noout_none_l16_vgg16.pth,/home/595/sl9144/codes/snn_simulation/important_results/cifar100_vgg16_three_regs_drs_last_epoch/no_regularization/seed_40/noise_sweep_matrix_cifar100_vgg16_T16_mode_rate_uniform_schedule_normal_seed_40.csv
cifar100,vgg16,no_regularization,no regularization,,0.0,40,16,16,rate_uniform,0.5,58.95,/scratch/gs14/sl9144/qcfs_checkpoints/cifar100-checkpoints/vgg16_L[16]_strict_seed40_drs_last_epoch_schemeC_noout_none_l16_vgg16.pth,/home/595/sl9144/codes/snn_simulation/important_results/cifar100_vgg16_three_regs_drs_last_epoch/no_regularization/seed_40/noise_sweep_matrix_cifar100_vgg16_T16_mode_rate_uniform_schedule_normal_seed_40.csv
cifar100,vgg16,no_regularization,no regularization,,0.0,40,16,16,rate_uniform,0.55,59.17,/scratch/gs14/sl9144/qcfs_checkpoints/cifar100-checkpoints/vgg16_L[16]_strict_seed40_drs_last_epoch_schemeC_noout_none_l16_vgg16.pth,/home/595/sl9144/codes/snn_simulation/important_results/cifar100_vgg16_three_regs_drs_last_epoch/no_regularization/seed_40/noise_sweep_matrix_cifar100_vgg16_T16_mode_rate_uniform_schedule_normal_seed_40.csv
cifar100,vgg16,no_regularization,no regularization,,0.0,40,16,16,rate_uniform,0.6,59.3,/scratch/gs14/sl9144/qcfs_checkpoints/cifar100-checkpoints/vgg16_L[16]_strict_seed40_drs_last_epoch_schemeC_noout_none_l16_vgg16.pth,/home/595/sl9144/codes/snn_simulation/important_results/cifar100_vgg16_three_regs_drs_last_epoch/no_regularization/seed_40/noise_sweep_matrix_cifar100_vgg16_T16_mode_rate_uniform_schedule_normal_seed_40.csv
cifar100,vgg16,no_regularization,no regularization,,0.0,40,16,16,rate_uniform,0.65,58.96,/scratch/gs14/sl9144/qcfs_checkpoints/cifar100-checkpoints/vgg16_L[16]_strict_seed40_drs_last_epoch_schemeC_noout_none_l16_vgg16.pth,/home/595/sl9144/codes/snn_simulation/important_results/cifar100_vgg16_three_regs_drs_last_epoch/no_regularization/seed_40/noise_sweep_matrix_cifar100_vgg16_T16_mode_rate_uniform_schedule_normal_seed_40.csv
cifar100,vgg16,no_regularization,no regularization,,0.0,40,16,16,rate_uniform,0.7,59.23,/scratch/gs14/sl9144/qcfs_checkpoints/cifar100-checkpoints/vgg16_L[16]_strict_seed40_drs_last_epoch_schemeC_noout_none_l16_vgg16.pth,/home/595/sl9144/codes/snn_simulation/important_results/cifar100_vgg16_three_regs_drs_last_epoch/no_regularization/seed_40/noise_sweep_matrix_cifar100_vgg16_T16_mode_rate_uniform_schedule_normal_seed_40.csv
cifar100,vgg16,no_regularization,no regularization,,0.0,40,16,16,rate_uniform,0.75,59.33,/scratch/gs14/sl9144/qcfs_checkpoints/cifar100-checkpoints/vgg16_L[16]_strict_seed40_drs_last_epoch_schemeC_noout_none_l16_vgg16.pth,/home/595/sl9144/codes/snn_simulation/important_results/cifar100_vgg16_three_regs_drs_last_epoch/no_regularization/seed_40/noise_sweep_matrix_cifar100_vgg16_T16_mode_rate_uniform_schedule_normal_seed_40.csv
cifar100,vgg16,no_regularization,no regularization,,0.0,40,16,16,rate_uniform,0.8,59.06,/scratch/gs14/sl9144/qcfs_checkpoints/cifar100-checkpoints/vgg16_L[16]_strict_seed40_drs_last_epoch_schemeC_noout_none_l16_vgg16.pth,/home/595/sl9144/codes/snn_simulation/important_results/cifar100_vgg16_three_regs_drs_last_epoch/no_regularization/seed_40/noise_sweep_matrix_cifar100_vgg16_T16_mode_rate_uniform_schedule_normal_seed_40.csv
cifar100,vgg16,no_regularization,no regularization,,0.0,40,16,16,rate_uniform,0.85,59.33,/scratch/gs14/sl9144/qcfs_checkpoints/cifar100-checkpoints/vgg16_L[16]_strict_seed40_drs_last_epoch_schemeC_noout_none_l16_vgg16.pth,/home/595/sl9144/codes/snn_simulation/important_results/cifar100_vgg16_three_regs_drs_last_epoch/no_regularization/seed_40/noise_sweep_matrix_cifar100_vgg16_T16_mode_rate_uniform_schedule_normal_seed_40.csv
cifar100,vgg16,no_regularization,no regularization,,0.0,40,16,16,rate_uniform,0.9,59.41,/scratch/gs14/sl9144/qcfs_checkpoints/cifar100-checkpoints/vgg16_L[16]_strict_seed40_drs_last_epoch_schemeC_noout_none_l16_vgg16.pth,/home/595/sl9144/codes/snn_simulation/important_results/cifar100_vgg16_three_regs_drs_last_epoch/no_regularization/seed_40/noise_sweep_matrix_cifar100_vgg16_T16_mode_rate_uniform_schedule_normal_seed_40.csv
cifar100,vgg16,no_regularization,no regularization,,0.0,40,16,16,rate_uniform,0.95,59.42,/scratch/gs14/sl9144/qcfs_checkpoints/cifar100-checkpoints/vgg16_L[16]_strict_seed40_drs_last_epoch_schemeC_noout_none_l16_vgg16.pth,/home/595/sl9144/codes/snn_simulation/important_results/cifar100_vgg16_three_regs_drs_last_epoch/no_regularization/seed_40/noise_sweep_matrix_cifar100_vgg16_T16_mode_rate_uniform_schedule_normal_seed_40.csv
cifar100,vgg16,no_regularization,no regularization,,0.0,40,16,16,rate_uniform,1.0,59.49,/scratch/gs14/sl9144/qcfs_checkpoints/cifar100-checkpoints/vgg16_L[16]_strict_seed40_drs_last_epoch_schemeC_noout_none_l16_vgg16.pth,/home/595/sl9144/codes/snn_simulation/important_results/cifar100_vgg16_three_regs_drs_last_epoch/no_regularization/seed_40/noise_sweep_matrix_cifar100_vgg16_T16_mode_rate_uniform_schedule_normal_seed_40.csv
cifar100,vgg16,no_regularization,no regularization,,0.0,41,16,16,rate_uniform,0.0,58.51,/scratch/gs14/sl9144/qcfs_checkpoints/cifar100-checkpoints/vgg16_L[16]_strict_seed41_drs_last_epoch_schemeC_noout_none_l16_vgg16.pth,/home/595/sl9144/codes/snn_simulation/important_results/cifar100_vgg16_three_regs_drs_last_epoch/no_regularization/seed_41/noise_sweep_matrix_cifar100_vgg16_T16_mode_rate_uniform_schedule_normal_seed_41.csv
cifar100,vgg16,no_regularization,no regularization,,0.0,41,16,16,rate_uniform,0.05,58.59,/scratch/gs14/sl9144/qcfs_checkpoints/cifar100-checkpoints/vgg16_L[16]_strict_seed41_drs_last_epoch_schemeC_noout_none_l16_vgg16.pth,/home/595/sl9144/codes/snn_simulation/important_results/cifar100_vgg16_three_regs_drs_last_epoch/no_regularization/seed_41/noise_sweep_matrix_cifar100_vgg16_T16_mode_rate_uniform_schedule_normal_seed_41.csv
cifar100,vgg16,no_regularization,no regularization,,0.0,41,16,16,rate_uniform,0.1,58.64,/scratch/gs14/sl9144/qcfs_checkpoints/cifar100-checkpoints/vgg16_L[16]_strict_seed41_drs_last_epoch_schemeC_noout_none_l16_vgg16.pth,/home/595/sl9144/codes/snn_simulation/important_results/cifar100_vgg16_three_regs_drs_last_epoch/no_regularization/seed_41/noise_sweep_matrix_cifar100_vgg16_T16_mode_rate_uniform_schedule_normal_seed_41.csv
cifar100,vgg16,no_regularization,no regularization,,0.0,41,16,16,rate_uniform,0.15,58.61,/scratch/gs14/sl9144/qcfs_checkpoints/cifar100-checkpoints/vgg16_L[16]_strict_seed41_drs_last_epoch_schemeC_noout_none_l16_vgg16.pth,/home/595/sl9144/codes/snn_simulation/important_results/cifar100_vgg16_three_regs_drs_last_epoch/no_regularization/seed_41/noise_sweep_matrix_cifar100_vgg16_T16_mode_rate_uniform_schedule_normal_seed_41.csv
cifar100,vgg16,no_regularization,no regularization,,0.0,41,16,16,rate_uniform,0.2,58.43,/scratch/gs14/sl9144/qcfs_checkpoints/cifar100-checkpoints/vgg16_L[16]_strict_seed41_drs_last_epoch_schemeC_noout_none_l16_vgg16.pth,/home/595/sl9144/codes/snn_simulation/important_results/cifar100_vgg16_three_regs_drs_last_epoch/no_regularization/seed_41/noise_sweep_matrix_cifar100_vgg16_T16_mode_rate_uniform_schedule_normal_seed_41.csv
cifar100,vgg16,no_regularization,no regularization,,0.0,41,16,16,rate_uniform,0.25,58.48,/scratch/gs14/sl9144/qcfs_checkpoints/cifar100-checkpoints/vgg16_L[16]_strict_seed41_drs_last_epoch_schemeC_noout_none_l16_vgg16.pth,/home/595/sl9144/codes/snn_simulation/important_results/cifar100_vgg16_three_regs_drs_last_epoch/no_regularization/seed_41/noise_sweep_matrix_cifar100_vgg16_T16_mode_rate_uniform_schedule_normal_seed_41.csv
cifar100,vgg16,no_regularization,no regularization,,0.0,41,16,16,rate_uniform,0.3,58.61,/scratch/gs14/sl9144/qcfs_checkpoints/cifar100-checkpoints/vgg16_L[16]_strict_seed41_drs_last_epoch_schemeC_noout_none_l16_vgg16.pth,/home/595/sl9144/codes/snn_simulation/important_results/cifar100_vgg16_three_regs_drs_last_epoch/no_regularization/seed_41/noise_sweep_matrix_cifar100_vgg16_T16_mode_rate_uniform_schedule_normal_seed_41.csv
cifar100,vgg16,no_regularization,no regularization,,0.0,41,16,16,rate_uniform,0.35,58.65,/scratch/gs14/sl9144/qcfs_checkpoints/cifar100-checkpoints/vgg16_L[16]_strict_seed41_drs_last_epoch_schemeC_noout_none_l16_vgg16.pth,/home/595/sl9144/codes/snn_simulation/important_results/cifar100_vgg16_three_regs_drs_last_epoch/no_regularization/seed_41/noise_sweep_matrix_cifar100_vgg16_T16_mode_rate_uniform_schedule_normal_seed_41.csv
cifar100,vgg16,no_regularization,no regularization,,0.0,41,16,16,rate_uniform,0.4,58.77,/scratch/gs14/sl9144/qcfs_checkpoints/cifar100-checkpoints/vgg16_L[16]_strict_seed41_drs_last_epoch_schemeC_noout_none_l16_vgg16.pth,/home/595/sl9144/codes/snn_simulation/important_results/cifar100_vgg16_three_regs_drs_last_epoch/no_regularization/seed_41/noise_sweep_matrix_cifar100_vgg16_T16_mode_rate_uniform_schedule_normal_seed_41.csv
cifar100,vgg16,no_regularization,no regularization,,0.0,41,16,16,rate_uniform,0.45,58.73,/scratch/gs14/sl9144/qcfs_checkpoints/cifar100-checkpoints/vgg16_L[16]_strict_seed41_drs_last_epoch_schemeC_noout_none_l16_vgg16.pth,/home/595/sl9144/codes/snn_simulation/important_results/cifar100_vgg16_three_regs_drs_last_epoch/no_regularization/seed_41/noise_sweep_matrix_cifar100_vgg16_T16_mode_rate_uniform_schedule_normal_seed_41.csv
cifar100,vgg16,no_regularization,no regularization,,0.0,41,16,16,rate_uniform,0.5,58.69,/scratch/gs14/sl9144/qcfs_checkpoints/cifar100-checkpoints/vgg16_L[16]_strict_seed41_drs_last_epoch_schemeC_noout_none_l16_vgg16.pth,/home/595/sl9144/codes/snn_simulation/important_results/cifar100_vgg16_three_regs_drs_last_epoch/no_regularization/seed_41/noise_sweep_matrix_cifar100_vgg16_T16_mode_rate_uniform_schedule_normal_seed_41.csv
cifar100,vgg16,no_regularization,no regularization,,0.0,41,16,16,rate_uniform,0.55,58.83,/scratch/gs14/sl9144/qcfs_checkpoints/cifar100-checkpoints/vgg16_L[16]_strict_seed41_drs_last_epoch_schemeC_noout_none_l16_vgg16.pth,/home/595/sl9144/codes/snn_simulation/important_results/cifar100_vgg16_three_regs_drs_last_epoch/no_regularization/seed_41/noise_sweep_matrix_cifar100_vgg16_T16_mode_rate_uniform_schedule_normal_seed_41.csv
cifar100,vgg16,no_regularization,no regularization,,0.0,41,16,16,rate_uniform,0.6,58.71,/scratch/gs14/sl9144/qcfs_checkpoints/cifar100-checkpoints/vgg16_L[16]_strict_seed41_drs_last_epoch_schemeC_noout_none_l16_vgg16.pth,/home/595/sl9144/codes/snn_simulation/important_results/cifar100_vgg16_three_regs_drs_last_epoch/no_regularization/seed_41/noise_sweep_matrix_cifar100_vgg16_T16_mode_rate_uniform_schedule_normal_seed_41.csv
cifar100,vgg16,no_regularization,no regularization,,0.0,41,16,16,rate_uniform,0.65,58.72,/scratch/gs14/sl9144/qcfs_checkpoints/cifar100-checkpoints/vgg16_L[16]_strict_seed41_drs_last_epoch_schemeC_noout_none_l16_vgg16.pth,/home/595/sl9144/codes/snn_simulation/important_results/cifar100_vgg16_three_regs_drs_last_epoch/no_regularization/seed_41/noise_sweep_matrix_cifar100_vgg16_T16_mode_rate_uniform_schedule_normal_seed_41.csv
cifar100,vgg16,no_regularization,no regularization,,0.0,41,16,16,rate_uniform,0.7,58.99,/scratch/gs14/sl9144/qcfs_checkpoints/cifar100-checkpoints/vgg16_L[16]_strict_seed41_drs_last_epoch_schemeC_noout_none_l16_vgg16.pth,/home/595/sl9144/codes/snn_simulation/important_results/cifar100_vgg16_three_regs_drs_last_epoch/no_regularization/seed_41/noise_sweep_matrix_cifar100_vgg16_T16_mode_rate_uniform_schedule_normal_seed_41.csv
cifar100,vgg16,no_regularization,no regularization,,0.0,41,16,16,rate_uniform,0.75,58.88,/scratch/gs14/sl9144/qcfs_checkpoints/cifar100-checkpoints/vgg16_L[16]_strict_seed41_drs_last_epoch_schemeC_noout_none_l16_vgg16.pth,/home/595/sl9144/codes/snn_simulation/important_results/cifar100_vgg16_three_regs_drs_last_epoch/no_regularization/seed_41/noise_sweep_matrix_cifar100_vgg16_T16_mode_rate_uniform_schedule_normal_seed_41.csv
cifar100,vgg16,no_regularization,no regularization,,0.0,41,16,16,rate_uniform,0.8,58.9,/scratch/gs14/sl9144/qcfs_checkpoints/cifar100-checkpoints/vgg16_L[16]_strict_seed41_drs_last_epoch_schemeC_noout_none_l16_vgg16.pth,/home/595/sl9144/codes/snn_simulation/important_results/cifar100_vgg16_three_regs_drs_last_epoch/no_regularization/seed_41/noise_sweep_matrix_cifar100_vgg16_T16_mode_rate_uniform_schedule_normal_seed_41.csv
cifar100,vgg16,no_regularization,no regularization,,0.0,41,16,16,rate_uniform,0.85,59.03,/scratch/gs14/sl9144/qcfs_checkpoints/cifar100-checkpoints/vgg16_L[16]_strict_seed41_drs_last_epoch_schemeC_noout_none_l16_vgg16.pth,/home/595/sl9144/codes/snn_simulation/important_results/cifar100_vgg16_three_regs_drs_last_epoch/no_regularization/seed_41/noise_sweep_matrix_cifar100_vgg16_T16_mode_rate_uniform_schedule_normal_seed_41.csv
cifar100,vgg16,no_regularization,no regularization,,0.0,41,16,16,rate_uniform,0.9,59.08,/scratch/gs14/sl9144/qcfs_checkpoints/cifar100-checkpoints/vgg16_L[16]_strict_seed41_drs_last_epoch_schemeC_noout_none_l16_vgg16.pth,/home/595/sl9144/codes/snn_simulation/important_results/cifar100_vgg16_three_regs_drs_last_epoch/no_regularization/seed_41/noise_sweep_matrix_cifar100_vgg16_T16_mode_rate_uniform_schedule_normal_seed_41.csv
cifar100,vgg16,no_regularization,no regularization,,0.0,41,16,16,rate_uniform,0.95,59.04,/scratch/gs14/sl9144/qcfs_checkpoints/cifar100-checkpoints/vgg16_L[16]_strict_seed41_drs_last_epoch_schemeC_noout_none_l16_vgg16.pth,/home/595/sl9144/codes/snn_simulation/important_results/cifar100_vgg16_three_regs_drs_last_epoch/no_regularization/seed_41/noise_sweep_matrix_cifar100_vgg16_T16_mode_rate_uniform_schedule_normal_seed_41.csv
cifar100,vgg16,no_regularization,no regularization,,0.0,41,16,16,rate_uniform,1.0,59.18,/scratch/gs14/sl9144/qcfs_checkpoints/cifar100-checkpoints/vgg16_L[16]_strict_seed41_drs_last_epoch_schemeC_noout_none_l16_vgg16.pth,/home/595/sl9144/codes/snn_simulation/important_results/cifar100_vgg16_three_regs_drs_last_epoch/no_regularization/seed_41/noise_sweep_matrix_cifar100_vgg16_T16_mode_rate_uniform_schedule_normal_seed_41.csv
cifar100,vgg16,no_regularization,no regularization,,0.0,42,16,16,rate_uniform,0.0,58.69,/scratch/gs14/sl9144/qcfs_checkpoints/cifar100-checkpoints/vgg16_L[16]_strict_seed42_drs_last_epoch_schemeC_noout_none_l16_vgg16.pth,/home/595/sl9144/codes/snn_simulation/important_results/cifar100_vgg16_three_regs_drs_last_epoch/no_regularization/seed_42/noise_sweep_matrix_cifar100_vgg16_T16_mode_rate_uniform_schedule_normal_seed_42.csv
cifar100,vgg16,no_regularization,no regularization,,0.0,42,16,16,rate_uniform,0.05,58.64,/scratch/gs14/sl9144/qcfs_checkpoints/cifar100-checkpoints/vgg16_L[16]_strict_seed42_drs_last_epoch_schemeC_noout_none_l16_vgg16.pth,/home/595/sl9144/codes/snn_simulation/important_results/cifar100_vgg16_three_regs_drs_last_epoch/no_regularization/seed_42/noise_sweep_matrix_cifar100_vgg16_T16_mode_rate_uniform_schedule_normal_seed_42.csv
cifar100,vgg16,no_regularization,no regularization,,0.0,42,16,16,rate_uniform,0.1,58.74,/scratch/gs14/sl9144/qcfs_checkpoints/cifar100-checkpoints/vgg16_L[16]_strict_seed42_drs_last_epoch_schemeC_noout_none_l16_vgg16.pth,/home/595/sl9144/codes/snn_simulation/important_results/cifar100_vgg16_three_regs_drs_last_epoch/no_regularization/seed_42/noise_sweep_matrix_cifar100_vgg16_T16_mode_rate_uniform_schedule_normal_seed_42.csv
cifar100,vgg16,no_regularization,no regularization,,0.0,42,16,16,rate_uniform,0.15,58.65,/scratch/gs14/sl9144/qcfs_checkpoints/cifar100-checkpoints/vgg16_L[16]_strict_seed42_drs_last_epoch_schemeC_noout_none_l16_vgg16.pth,/home/595/sl9144/codes/snn_simulation/important_results/cifar100_vgg16_three_regs_drs_last_epoch/no_regularization/seed_42/noise_sweep_matrix_cifar100_vgg16_T16_mode_rate_uniform_schedule_normal_seed_42.csv
cifar100,vgg16,no_regularization,no regularization,,0.0,42,16,16,rate_uniform,0.2,58.59,/scratch/gs14/sl9144/qcfs_checkpoints/cifar100-checkpoints/vgg16_L[16]_strict_seed42_drs_last_epoch_schemeC_noout_none_l16_vgg16.pth,/home/595/sl9144/codes/snn_simulation/important_results/cifar100_vgg16_three_regs_drs_last_epoch/no_regularization/seed_42/noise_sweep_matrix_cifar100_vgg16_T16_mode_rate_uniform_schedule_normal_seed_42.csv
cifar100,vgg16,no_regularization,no regularization,,0.0,42,16,16,rate_uniform,0.25,58.61,/scratch/gs14/sl9144/qcfs_checkpoints/cifar100-checkpoints/vgg16_L[16]_strict_seed42_drs_last_epoch_schemeC_noout_none_l16_vgg16.pth,/home/595/sl9144/codes/snn_simulation/important_results/cifar100_vgg16_three_regs_drs_last_epoch/no_regularization/seed_42/noise_sweep_matrix_cifar100_vgg16_T16_mode_rate_uniform_schedule_normal_seed_42.csv
cifar100,vgg16,no_regularization,no regularization,,0.0,42,16,16,rate_uniform,0.3,58.74,/scratch/gs14/sl9144/qcfs_checkpoints/cifar100-checkpoints/vgg16_L[16]_strict_seed42_drs_last_epoch_schemeC_noout_none_l16_vgg16.pth,/home/595/sl9144/codes/snn_simulation/important_results/cifar100_vgg16_three_regs_drs_last_epoch/no_regularization/seed_42/noise_sweep_matrix_cifar100_vgg16_T16_mode_rate_uniform_schedule_normal_seed_42.csv
cifar100,vgg16,no_regularization,no regularization,,0.0,42,16,16,rate_uniform,0.35,58.81,/scratch/gs14/sl9144/qcfs_checkpoints/cifar100-checkpoints/vgg16_L[16]_strict_seed42_drs_last_epoch_schemeC_noout_none_l16_vgg16.pth,/home/595/sl9144/codes/snn_simulation/important_results/cifar100_vgg16_three_regs_drs_last_epoch/no_regularization/seed_42/noise_sweep_matrix_cifar100_vgg16_T16_mode_rate_uniform_schedule_normal_seed_42.csv
cifar100,vgg16,no_regularization,no regularization,,0.0,42,16,16,rate_uniform,0.4,58.83,/scratch/gs14/sl9144/qcfs_checkpoints/cifar100-checkpoints/vgg16_L[16]_strict_seed42_drs_last_epoch_schemeC_noout_none_l16_vgg16.pth,/home/595/sl9144/codes/snn_simulation/important_results/cifar100_vgg16_three_regs_drs_last_epoch/no_regularization/seed_42/noise_sweep_matrix_cifar100_vgg16_T16_mode_rate_uniform_schedule_normal_seed_42.csv
cifar100,vgg16,no_regularization,no regularization,,0.0,42,16,16,rate_uniform,0.45,58.85,/scratch/gs14/sl9144/qcfs_checkpoints/cifar100-checkpoints/vgg16_L[16]_strict_seed42_drs_last_epoch_schemeC_noout_none_l16_vgg16.pth,/home/595/sl9144/codes/snn_simulation/important_results/cifar100_vgg16_three_regs_drs_last_epoch/no_regularization/seed_42/noise_sweep_matrix_cifar100_vgg16_T16_mode_rate_uniform_schedule_normal_seed_42.csv
cifar100,vgg16,no_regularization,no regularization,,0.0,42,16,16,rate_uniform,0.5,58.71,/scratch/gs14/sl9144/qcfs_checkpoints/cifar100-checkpoints/vgg16_L[16]_strict_seed42_drs_last_epoch_schemeC_noout_none_l16_vgg16.pth,/home/595/sl9144/codes/snn_simulation/important_results/cifar100_vgg16_three_regs_drs_last_epoch/no_regularization/seed_42/noise_sweep_matrix_cifar100_vgg16_T16_mode_rate_uniform_schedule_normal_seed_42.csv
cifar100,vgg16,no_regularization,no regularization,,0.0,42,16,16,rate_uniform,0.55,58.89,/scratch/gs14/sl9144/qcfs_checkpoints/cifar100-checkpoints/vgg16_L[16]_strict_seed42_drs_last_epoch_schemeC_noout_none_l16_vgg16.pth,/home/595/sl9144/codes/snn_simulation/important_results/cifar100_vgg16_three_regs_drs_last_epoch/no_regularization/seed_42/noise_sweep_matrix_cifar100_vgg16_T16_mode_rate_uniform_schedule_normal_seed_42.csv
cifar100,vgg16,no_regularization,no regularization,,0.0,42,16,16,rate_uniform,0.6,58.78,/scratch/gs14/sl9144/qcfs_checkpoints/cifar100-checkpoints/vgg16_L[16]_strict_seed42_drs_last_epoch_schemeC_noout_none_l16_vgg16.pth,/home/595/sl9144/codes/snn_simulation/important_results/cifar100_vgg16_three_regs_drs_last_epoch/no_regularization/seed_42/noise_sweep_matrix_cifar100_vgg16_T16_mode_rate_uniform_schedule_normal_seed_42.csv
cifar100,vgg16,no_regularization,no regularization,,0.0,42,16,16,rate_uniform,0.65,58.95,/scratch/gs14/sl9144/qcfs_checkpoints/cifar100-checkpoints/vgg16_L[16]_strict_seed42_drs_last_epoch_schemeC_noout_none_l16_vgg16.pth,/home/595/sl9144/codes/snn_simulation/important_results/cifar100_vgg16_three_regs_drs_last_epoch/no_regularization/seed_42/noise_sweep_matrix_cifar100_vgg16_T16_mode_rate_uniform_schedule_normal_seed_42.csv
cifar100,vgg16,no_regularization,no regularization,,0.0,42,16,16,rate_uniform,0.7,58.87,/scratch/gs14/sl9144/qcfs_checkpoints/cifar100-checkpoints/vgg16_L[16]_strict_seed42_drs_last_epoch_schemeC_noout_none_l16_vgg16.pth,/home/595/sl9144/codes/snn_simulation/important_results/cifar100_vgg16_three_regs_drs_last_epoch/no_regularization/seed_42/noise_sweep_matrix_cifar100_vgg16_T16_mode_rate_uniform_schedule_normal_seed_42.csv
cifar100,vgg16,no_regularization,no regularization,,0.0,42,16,16,rate_uniform,0.75,58.75,/scratch/gs14/sl9144/qcfs_checkpoints/cifar100-checkpoints/vgg16_L[16]_strict_seed42_drs_last_epoch_schemeC_noout_none_l16_vgg16.pth,/home/595/sl9144/codes/snn_simulation/important_results/cifar100_vgg16_three_regs_drs_last_epoch/no_regularization/seed_42/noise_sweep_matrix_cifar100_vgg16_T16_mode_rate_uniform_schedule_normal_seed_42.csv
cifar100,vgg16,no_regularization,no regularization,,0.0,42,16,16,rate_uniform,0.8,58.88,/scratch/gs14/sl9144/qcfs_checkpoints/cifar100-checkpoints/vgg16_L[16]_strict_seed42_drs_last_epoch_schemeC_noout_none_l16_vgg16.pth,/home/595/sl9144/codes/snn_simulation/important_results/cifar100_vgg16_three_regs_drs_last_epoch/no_regularization/seed_42/noise_sweep_matrix_cifar100_vgg16_T16_mode_rate_uniform_schedule_normal_seed_42.csv
cifar100,vgg16,no_regularization,no regularization,,0.0,42,16,16,rate_uniform,0.85,59.03,/scratch/gs14/sl9144/qcfs_checkpoints/cifar100-checkpoints/vgg16_L[16]_strict_seed42_drs_last_epoch_schemeC_noout_none_l16_vgg16.pth,/home/595/sl9144/codes/snn_simulation/important_results/cifar100_vgg16_three_regs_drs_last_epoch/no_regularization/seed_42/noise_sweep_matrix_cifar100_vgg16_T16_mode_rate_uniform_schedule_normal_seed_42.csv
cifar100,vgg16,no_regularization,no regularization,,0.0,42,16,16,rate_uniform,0.9,58.91,/scratch/gs14/sl9144/qcfs_checkpoints/cifar100-checkpoints/vgg16_L[16]_strict_seed42_drs_last_epoch_schemeC_noout_none_l16_vgg16.pth,/home/595/sl9144/codes/snn_simulation/important_results/cifar100_vgg16_three_regs_drs_last_epoch/no_regularization/seed_42/noise_sweep_matrix_cifar100_vgg16_T16_mode_rate_uniform_schedule_normal_seed_42.csv
cifar100,vgg16,no_regularization,no regularization,,0.0,42,16,16,rate_uniform,0.95,59.04,/scratch/gs14/sl9144/qcfs_checkpoints/cifar100-checkpoints/vgg16_L[16]_strict_seed42_drs_last_epoch_schemeC_noout_none_l16_vgg16.pth,/home/595/sl9144/codes/snn_simulation/important_results/cifar100_vgg16_three_regs_drs_last_epoch/no_regularization/seed_42/noise_sweep_matrix_cifar100_vgg16_T16_mode_rate_uniform_schedule_normal_seed_42.csv
cifar100,vgg16,no_regularization,no regularization,,0.0,42,16,16,rate_uniform,1.0,59.09,/scratch/gs14/sl9144/qcfs_checkpoints/cifar100-checkpoints/vgg16_L[16]_strict_seed42_drs_last_epoch_schemeC_noout_none_l16_vgg16.pth,/home/595/sl9144/codes/snn_simulation/important_results/cifar100_vgg16_three_regs_drs_last_epoch/no_regularization/seed_42/noise_sweep_matrix_cifar100_vgg16_T16_mode_rate_uniform_schedule_normal_seed_42.csv
cifar100,vgg16,no_regularization,no regularization,,0.0,43,16,16,rate_uniform,0.0,58.81,/scratch/gs14/sl9144/qcfs_checkpoints/cifar100-checkpoints/vgg16_L[16]_strict_seed43_drs_last_epoch_schemeC_noout_none_l16_vgg16.pth,/home/595/sl9144/codes/snn_simulation/important_results/cifar100_vgg16_three_regs_drs_last_epoch/no_regularization/seed_43/noise_sweep_matrix_cifar100_vgg16_T16_mode_rate_uniform_schedule_normal_seed_43.csv
cifar100,vgg16,no_regularization,no regularization,,0.0,43,16,16,rate_uniform,0.05,58.59,/scratch/gs14/sl9144/qcfs_checkpoints/cifar100-checkpoints/vgg16_L[16]_strict_seed43_drs_last_epoch_schemeC_noout_none_l16_vgg16.pth,/home/595/sl9144/codes/snn_simulation/important_results/cifar100_vgg16_three_regs_drs_last_epoch/no_regularization/seed_43/noise_sweep_matrix_cifar100_vgg16_T16_mode_rate_uniform_schedule_normal_seed_43.csv
cifar100,vgg16,no_regularization,no regularization,,0.0,43,16,16,rate_uniform,0.1,58.61,/scratch/gs14/sl9144/qcfs_checkpoints/cifar100-checkpoints/vgg16_L[16]_strict_seed43_drs_last_epoch_schemeC_noout_none_l16_vgg16.pth,/home/595/sl9144/codes/snn_simulation/important_results/cifar100_vgg16_three_regs_drs_last_epoch/no_regularization/seed_43/noise_sweep_matrix_cifar100_vgg16_T16_mode_rate_uniform_schedule_normal_seed_43.csv
cifar100,vgg16,no_regularization,no regularization,,0.0,43,16,16,rate_uniform,0.15,58.78,/scratch/gs14/sl9144/qcfs_checkpoints/cifar100-checkpoints/vgg16_L[16]_strict_seed43_drs_last_epoch_schemeC_noout_none_l16_vgg16.pth,/home/595/sl9144/codes/snn_simulation/important_results/cifar100_vgg16_three_regs_drs_last_epoch/no_regularization/seed_43/noise_sweep_matrix_cifar100_vgg16_T16_mode_rate_uniform_schedule_normal_seed_43.csv
cifar100,vgg16,no_regularization,no regularization,,0.0,43,16,16,rate_uniform,0.2,58.67,/scratch/gs14/sl9144/qcfs_checkpoints/cifar100-checkpoints/vgg16_L[16]_strict_seed43_drs_last_epoch_schemeC_noout_none_l16_vgg16.pth,/home/595/sl9144/codes/snn_simulation/important_results/cifar100_vgg16_three_regs_drs_last_epoch/no_regularization/seed_43/noise_sweep_matrix_cifar100_vgg16_T16_mode_rate_uniform_schedule_normal_seed_43.csv
cifar100,vgg16,no_regularization,no regularization,,0.0,43,16,16,rate_uniform,0.25,58.84,/scratch/gs14/sl9144/qcfs_checkpoints/cifar100-checkpoints/vgg16_L[16]_strict_seed43_drs_last_epoch_schemeC_noout_none_l16_vgg16.pth,/home/595/sl9144/codes/snn_simulation/important_results/cifar100_vgg16_three_regs_drs_last_epoch/no_regularization/seed_43/noise_sweep_matrix_cifar100_vgg16_T16_mode_rate_uniform_schedule_normal_seed_43.csv
cifar100,vgg16,no_regularization,no regularization,,0.0,43,16,16,rate_uniform,0.3,58.73,/scratch/gs14/sl9144/qcfs_checkpoints/cifar100-checkpoints/vgg16_L[16]_strict_seed43_drs_last_epoch_schemeC_noout_none_l16_vgg16.pth,/home/595/sl9144/codes/snn_simulation/important_results/cifar100_vgg16_three_regs_drs_last_epoch/no_regularization/seed_43/noise_sweep_matrix_cifar100_vgg16_T16_mode_rate_uniform_schedule_normal_seed_43.csv
cifar100,vgg16,no_regularization,no regularization,,0.0,43,16,16,rate_uniform,0.35,58.57,/scratch/gs14/sl9144/qcfs_checkpoints/cifar100-checkpoints/vgg16_L[16]_strict_seed43_drs_last_epoch_schemeC_noout_none_l16_vgg16.pth,/home/595/sl9144/codes/snn_simulation/important_results/cifar100_vgg16_three_regs_drs_last_epoch/no_regularization/seed_43/noise_sweep_matrix_cifar100_vgg16_T16_mode_rate_uniform_schedule_normal_seed_43.csv
cifar100,vgg16,no_regularization,no regularization,,0.0,43,16,16,rate_uniform,0.4,58.83,/scratch/gs14/sl9144/qcfs_checkpoints/cifar100-checkpoints/vgg16_L[16]_strict_seed43_drs_last_epoch_schemeC_noout_none_l16_vgg16.pth,/home/595/sl9144/codes/snn_simulation/important_results/cifar100_vgg16_three_regs_drs_last_epoch/no_regularization/seed_43/noise_sweep_matrix_cifar100_vgg16_T16_mode_rate_uniform_schedule_normal_seed_43.csv
cifar100,vgg16,no_regularization,no regularization,,0.0,43,16,16,rate_uniform,0.45,58.82,/scratch/gs14/sl9144/qcfs_checkpoints/cifar100-checkpoints/vgg16_L[16]_strict_seed43_drs_last_epoch_schemeC_noout_none_l16_vgg16.pth,/home/595/sl9144/codes/snn_simulation/important_results/cifar100_vgg16_three_regs_drs_last_epoch/no_regularization/seed_43/noise_sweep_matrix_cifar100_vgg16_T16_mode_rate_uniform_schedule_normal_seed_43.csv
cifar100,vgg16,no_regularization,no regularization,,0.0,43,16,16,rate_uniform,0.5,59.0,/scratch/gs14/sl9144/qcfs_checkpoints/cifar100-checkpoints/vgg16_L[16]_strict_seed43_drs_last_epoch_schemeC_noout_none_l16_vgg16.pth,/home/595/sl9144/codes/snn_simulation/important_results/cifar100_vgg16_three_regs_drs_last_epoch/no_regularization/seed_43/noise_sweep_matrix_cifar100_vgg16_T16_mode_rate_uniform_schedule_normal_seed_43.csv
cifar100,vgg16,no_regularization,no regularization,,0.0,43,16,16,rate_uniform,0.55,58.89,/scratch/gs14/sl9144/qcfs_checkpoints/cifar100-checkpoints/vgg16_L[16]_strict_seed43_drs_last_epoch_schemeC_noout_none_l16_vgg16.pth,/home/595/sl9144/codes/snn_simulation/important_results/cifar100_vgg16_three_regs_drs_last_epoch/no_regularization/seed_43/noise_sweep_matrix_cifar100_vgg16_T16_mode_rate_uniform_schedule_normal_seed_43.csv
cifar100,vgg16,no_regularization,no regularization,,0.0,43,16,16,rate_uniform,0.6,59.01,/scratch/gs14/sl9144/qcfs_checkpoints/cifar100-checkpoints/vgg16_L[16]_strict_seed43_drs_last_epoch_schemeC_noout_none_l16_vgg16.pth,/home/595/sl9144/codes/snn_simulation/important_results/cifar100_vgg16_three_regs_drs_last_epoch/no_regularization/seed_43/noise_sweep_matrix_cifar100_vgg16_T16_mode_rate_uniform_schedule_normal_seed_43.csv
cifar100,vgg16,no_regularization,no regularization,,0.0,43,16,16,rate_uniform,0.65,58.97,/scratch/gs14/sl9144/qcfs_checkpoints/cifar100-checkpoints/vgg16_L[16]_strict_seed43_drs_last_epoch_schemeC_noout_none_l16_vgg16.pth,/home/595/sl9144/codes/snn_simulation/important_results/cifar100_vgg16_three_regs_drs_last_epoch/no_regularization/seed_43/noise_sweep_matrix_cifar100_vgg16_T16_mode_rate_uniform_schedule_normal_seed_43.csv
cifar100,vgg16,no_regularization,no regularization,,0.0,43,16,16,rate_uniform,0.7,59.08,/scratch/gs14/sl9144/qcfs_checkpoints/cifar100-checkpoints/vgg16_L[16]_strict_seed43_drs_last_epoch_schemeC_noout_none_l16_vgg16.pth,/home/595/sl9144/codes/snn_simulation/important_results/cifar100_vgg16_three_regs_drs_last_epoch/no_regularization/seed_43/noise_sweep_matrix_cifar100_vgg16_T16_mode_rate_uniform_schedule_normal_seed_43.csv
cifar100,vgg16,no_regularization,no regularization,,0.0,43,16,16,rate_uniform,0.75,59.15,/scratch/gs14/sl9144/qcfs_checkpoints/cifar100-checkpoints/vgg16_L[16]_strict_seed43_drs_last_epoch_schemeC_noout_none_l16_vgg16.pth,/home/595/sl9144/codes/snn_simulation/important_results/cifar100_vgg16_three_regs_drs_last_epoch/no_regularization/seed_43/noise_sweep_matrix_cifar100_vgg16_T16_mode_rate_uniform_schedule_normal_seed_43.csv
cifar100,vgg16,no_regularization,no regularization,,0.0,43,16,16,rate_uniform,0.8,59.13,/scratch/gs14/sl9144/qcfs_checkpoints/cifar100-checkpoints/vgg16_L[16]_strict_seed43_drs_last_epoch_schemeC_noout_none_l16_vgg16.pth,/home/595/sl9144/codes/snn_simulation/important_results/cifar100_vgg16_three_regs_drs_last_epoch/no_regularization/seed_43/noise_sweep_matrix_cifar100_vgg16_T16_mode_rate_uniform_schedule_normal_seed_43.csv
cifar100,vgg16,no_regularization,no regularization,,0.0,43,16,16,rate_uniform,0.85,59.14,/scratch/gs14/sl9144/qcfs_checkpoints/cifar100-checkpoints/vgg16_L[16]_strict_seed43_drs_last_epoch_schemeC_noout_none_l16_vgg16.pth,/home/595/sl9144/codes/snn_simulation/important_results/cifar100_vgg16_three_regs_drs_last_epoch/no_regularization/seed_43/noise_sweep_matrix_cifar100_vgg16_T16_mode_rate_uniform_schedule_normal_seed_43.csv
cifar100,vgg16,no_regularization,no regularization,,0.0,43,16,16,rate_uniform,0.9,59.14,/scratch/gs14/sl9144/qcfs_checkpoints/cifar100-checkpoints/vgg16_L[16]_strict_seed43_drs_last_epoch_schemeC_noout_none_l16_vgg16.pth,/home/595/sl9144/codes/snn_simulation/important_results/cifar100_vgg16_three_regs_drs_last_epoch/no_regularization/seed_43/noise_sweep_matrix_cifar100_vgg16_T16_mode_rate_uniform_schedule_normal_seed_43.csv
cifar100,vgg16,no_regularization,no regularization,,0.0,43,16,16,rate_uniform,0.95,58.93,/scratch/gs14/sl9144/qcfs_checkpoints/cifar100-checkpoints/vgg16_L[16]_strict_seed43_drs_last_epoch_schemeC_noout_none_l16_vgg16.pth,/home/595/sl9144/codes/snn_simulation/important_results/cifar100_vgg16_three_regs_drs_last_epoch/no_regularization/seed_43/noise_sweep_matrix_cifar100_vgg16_T16_mode_rate_uniform_schedule_normal_seed_43.csv
cifar100,vgg16,no_regularization,no regularization,,0.0,43,16,16,rate_uniform,1.0,59.05,/scratch/gs14/sl9144/qcfs_checkpoints/cifar100-checkpoints/vgg16_L[16]_strict_seed43_drs_last_epoch_schemeC_noout_none_l16_vgg16.pth,/home/595/sl9144/codes/snn_simulation/important_results/cifar100_vgg16_three_regs_drs_last_epoch/no_regularization/seed_43/noise_sweep_matrix_cifar100_vgg16_T16_mode_rate_uniform_schedule_normal_seed_43.csv
cifar100,vgg16,no_regularization,no regularization,,0.0,44,16,16,rate_uniform,0.0,58.05,/scratch/gs14/sl9144/qcfs_checkpoints/cifar100-checkpoints/vgg16_L[16]_strict_seed44_drs_last_epoch_schemeC_noout_none_l16_vgg16.pth,/home/595/sl9144/codes/snn_simulation/important_results/cifar100_vgg16_three_regs_drs_last_epoch/no_regularization/seed_44/noise_sweep_matrix_cifar100_vgg16_T16_mode_rate_uniform_schedule_normal_seed_44.csv
cifar100,vgg16,no_regularization,no regularization,,0.0,44,16,16,rate_uniform,0.05,57.98,/scratch/gs14/sl9144/qcfs_checkpoints/cifar100-checkpoints/vgg16_L[16]_strict_seed44_drs_last_epoch_schemeC_noout_none_l16_vgg16.pth,/home/595/sl9144/codes/snn_simulation/important_results/cifar100_vgg16_three_regs_drs_last_epoch/no_regularization/seed_44/noise_sweep_matrix_cifar100_vgg16_T16_mode_rate_uniform_schedule_normal_seed_44.csv
cifar100,vgg16,no_regularization,no regularization,,0.0,44,16,16,rate_uniform,0.1,58.21,/scratch/gs14/sl9144/qcfs_checkpoints/cifar100-checkpoints/vgg16_L[16]_strict_seed44_drs_last_epoch_schemeC_noout_none_l16_vgg16.pth,/home/595/sl9144/codes/snn_simulation/important_results/cifar100_vgg16_three_regs_drs_last_epoch/no_regularization/seed_44/noise_sweep_matrix_cifar100_vgg16_T16_mode_rate_uniform_schedule_normal_seed_44.csv
cifar100,vgg16,no_regularization,no regularization,,0.0,44,16,16,rate_uniform,0.15,58.08,/scratch/gs14/sl9144/qcfs_checkpoints/cifar100-checkpoints/vgg16_L[16]_strict_seed44_drs_last_epoch_schemeC_noout_none_l16_vgg16.pth,/home/595/sl9144/codes/snn_simulation/important_results/cifar100_vgg16_three_regs_drs_last_epoch/no_regularization/seed_44/noise_sweep_matrix_cifar100_vgg16_T16_mode_rate_uniform_schedule_normal_seed_44.csv
cifar100,vgg16,no_regularization,no regularization,,0.0,44,16,16,rate_uniform,0.2,58.13,/scratch/gs14/sl9144/qcfs_checkpoints/cifar100-checkpoints/vgg16_L[16]_strict_seed44_drs_last_epoch_schemeC_noout_none_l16_vgg16.pth,/home/595/sl9144/codes/snn_simulation/important_results/cifar100_vgg16_three_regs_drs_last_epoch/no_regularization/seed_44/noise_sweep_matrix_cifar100_vgg16_T16_mode_rate_uniform_schedule_normal_seed_44.csv
cifar100,vgg16,no_regularization,no regularization,,0.0,44,16,16,rate_uniform,0.25,58.22,/scratch/gs14/sl9144/qcfs_checkpoints/cifar100-checkpoints/vgg16_L[16]_strict_seed44_drs_last_epoch_schemeC_noout_none_l16_vgg16.pth,/home/595/sl9144/codes/snn_simulation/important_results/cifar100_vgg16_three_regs_drs_last_epoch/no_regularization/seed_44/noise_sweep_matrix_cifar100_vgg16_T16_mode_rate_uniform_schedule_normal_seed_44.csv
cifar100,vgg16,no_regularization,no regularization,,0.0,44,16,16,rate_uniform,0.3,58.16,/scratch/gs14/sl9144/qcfs_checkpoints/cifar100-checkpoints/vgg16_L[16]_strict_seed44_drs_last_epoch_schemeC_noout_none_l16_vgg16.pth,/home/595/sl9144/codes/snn_simulation/important_results/cifar100_vgg16_three_regs_drs_last_epoch/no_regularization/seed_44/noise_sweep_matrix_cifar100_vgg16_T16_mode_rate_uniform_schedule_normal_seed_44.csv
cifar100,vgg16,no_regularization,no regularization,,0.0,44,16,16,rate_uniform,0.35,58.17,/scratch/gs14/sl9144/qcfs_checkpoints/cifar100-checkpoints/vgg16_L[16]_strict_seed44_drs_last_epoch_schemeC_noout_none_l16_vgg16.pth,/home/595/sl9144/codes/snn_simulation/important_results/cifar100_vgg16_three_regs_drs_last_epoch/no_regularization/seed_44/noise_sweep_matrix_cifar100_vgg16_T16_mode_rate_uniform_schedule_normal_seed_44.csv
cifar100,vgg16,no_regularization,no regularization,,0.0,44,16,16,rate_uniform,0.4,58.28,/scratch/gs14/sl9144/qcfs_checkpoints/cifar100-checkpoints/vgg16_L[16]_strict_seed44_drs_last_epoch_schemeC_noout_none_l16_vgg16.pth,/home/595/sl9144/codes/snn_simulation/important_results/cifar100_vgg16_three_regs_drs_last_epoch/no_regularization/seed_44/noise_sweep_matrix_cifar100_vgg16_T16_mode_rate_uniform_schedule_normal_seed_44.csv
cifar100,vgg16,no_regularization,no regularization,,0.0,44,16,16,rate_uniform,0.45,58.41,/scratch/gs14/sl9144/qcfs_checkpoints/cifar100-checkpoints/vgg16_L[16]_strict_seed44_drs_last_epoch_schemeC_noout_none_l16_vgg16.pth,/home/595/sl9144/codes/snn_simulation/important_results/cifar100_vgg16_three_regs_drs_last_epoch/no_regularization/seed_44/noise_sweep_matrix_cifar100_vgg16_T16_mode_rate_uniform_schedule_normal_seed_44.csv
cifar100,vgg16,no_regularization,no regularization,,0.0,44,16,16,rate_uniform,0.5,58.38,/scratch/gs14/sl9144/qcfs_checkpoints/cifar100-checkpoints/vgg16_L[16]_strict_seed44_drs_last_epoch_schemeC_noout_none_l16_vgg16.pth,/home/595/sl9144/codes/snn_simulation/important_results/cifar100_vgg16_three_regs_drs_last_epoch/no_regularization/seed_44/noise_sweep_matrix_cifar100_vgg16_T16_mode_rate_uniform_schedule_normal_seed_44.csv
cifar100,vgg16,no_regularization,no regularization,,0.0,44,16,16,rate_uniform,0.55,58.42,/scratch/gs14/sl9144/qcfs_checkpoints/cifar100-checkpoints/vgg16_L[16]_strict_seed44_drs_last_epoch_schemeC_noout_none_l16_vgg16.pth,/home/595/sl9144/codes/snn_simulation/important_results/cifar100_vgg16_three_regs_drs_last_epoch/no_regularization/seed_44/noise_sweep_matrix_cifar100_vgg16_T16_mode_rate_uniform_schedule_normal_seed_44.csv
cifar100,vgg16,no_regularization,no regularization,,0.0,44,16,16,rate_uniform,0.6,58.39,/scratch/gs14/sl9144/qcfs_checkpoints/cifar100-checkpoints/vgg16_L[16]_strict_seed44_drs_last_epoch_schemeC_noout_none_l16_vgg16.pth,/home/595/sl9144/codes/snn_simulation/important_results/cifar100_vgg16_three_regs_drs_last_epoch/no_regularization/seed_44/noise_sweep_matrix_cifar100_vgg16_T16_mode_rate_uniform_schedule_normal_seed_44.csv
cifar100,vgg16,no_regularization,no regularization,,0.0,44,16,16,rate_uniform,0.65,58.73,/scratch/gs14/sl9144/qcfs_checkpoints/cifar100-checkpoints/vgg16_L[16]_strict_seed44_drs_last_epoch_schemeC_noout_none_l16_vgg16.pth,/home/595/sl9144/codes/snn_simulation/important_results/cifar100_vgg16_three_regs_drs_last_epoch/no_regularization/seed_44/noise_sweep_matrix_cifar100_vgg16_T16_mode_rate_uniform_schedule_normal_seed_44.csv
cifar100,vgg16,no_regularization,no regularization,,0.0,44,16,16,rate_uniform,0.7,58.61,/scratch/gs14/sl9144/qcfs_checkpoints/cifar100-checkpoints/vgg16_L[16]_strict_seed44_drs_last_epoch_schemeC_noout_none_l16_vgg16.pth,/home/595/sl9144/codes/snn_simulation/important_results/cifar100_vgg16_three_regs_drs_last_epoch/no_regularization/seed_44/noise_sweep_matrix_cifar100_vgg16_T16_mode_rate_uniform_schedule_normal_seed_44.csv
cifar100,vgg16,no_regularization,no regularization,,0.0,44,16,16,rate_uniform,0.75,58.69,/scratch/gs14/sl9144/qcfs_checkpoints/cifar100-checkpoints/vgg16_L[16]_strict_seed44_drs_last_epoch_schemeC_noout_none_l16_vgg16.pth,/home/595/sl9144/codes/snn_simulation/important_results/cifar100_vgg16_three_regs_drs_last_epoch/no_regularization/seed_44/noise_sweep_matrix_cifar100_vgg16_T16_mode_rate_uniform_schedule_normal_seed_44.csv
cifar100,vgg16,no_regularization,no regularization,,0.0,44,16,16,rate_uniform,0.8,58.6,/scratch/gs14/sl9144/qcfs_checkpoints/cifar100-checkpoints/vgg16_L[16]_strict_seed44_drs_last_epoch_schemeC_noout_none_l16_vgg16.pth,/home/595/sl9144/codes/snn_simulation/important_results/cifar100_vgg16_three_regs_drs_last_epoch/no_regularization/seed_44/noise_sweep_matrix_cifar100_vgg16_T16_mode_rate_uniform_schedule_normal_seed_44.csv
cifar100,vgg16,no_regularization,no regularization,,0.0,44,16,16,rate_uniform,0.85,58.73,/scratch/gs14/sl9144/qcfs_checkpoints/cifar100-checkpoints/vgg16_L[16]_strict_seed44_drs_last_epoch_schemeC_noout_none_l16_vgg16.pth,/home/595/sl9144/codes/snn_simulation/important_results/cifar100_vgg16_three_regs_drs_last_epoch/no_regularization/seed_44/noise_sweep_matrix_cifar100_vgg16_T16_mode_rate_uniform_schedule_normal_seed_44.csv
cifar100,vgg16,no_regularization,no regularization,,0.0,44,16,16,rate_uniform,0.9,58.77,/scratch/gs14/sl9144/qcfs_checkpoints/cifar100-checkpoints/vgg16_L[16]_strict_seed44_drs_last_epoch_schemeC_noout_none_l16_vgg16.pth,/home/595/sl9144/codes/snn_simulation/important_results/cifar100_vgg16_three_regs_drs_last_epoch/no_regularization/seed_44/noise_sweep_matrix_cifar100_vgg16_T16_mode_rate_uniform_schedule_normal_seed_44.csv
cifar100,vgg16,no_regularization,no regularization,,0.0,44,16,16,rate_uniform,0.95,58.82,/scratch/gs14/sl9144/qcfs_checkpoints/cifar100-checkpoints/vgg16_L[16]_strict_seed44_drs_last_epoch_schemeC_noout_none_l16_vgg16.pth,/home/595/sl9144/codes/snn_simulation/important_results/cifar100_vgg16_three_regs_drs_last_epoch/no_regularization/seed_44/noise_sweep_matrix_cifar100_vgg16_T16_mode_rate_uniform_schedule_normal_seed_44.csv
cifar100,vgg16,no_regularization,no regularization,,0.0,44,16,16,rate_uniform,1.0,58.81,/scratch/gs14/sl9144/qcfs_checkpoints/cifar100-checkpoints/vgg16_L[16]_strict_seed44_drs_last_epoch_schemeC_noout_none_l16_vgg16.pth,/home/595/sl9144/codes/snn_simulation/important_results/cifar100_vgg16_three_regs_drs_last_epoch/no_regularization/seed_44/noise_sweep_matrix_cifar100_vgg16_T16_mode_rate_uniform_schedule_normal_seed_44.csv
