dataset,arch,method,label,reg_coeff,weight_decay,seed,L,T,if_mode,sigma,acc,checkpoint,matrix_csv
cifar10,vgg16,mne_l2,mne_l2 rc=1e-4,0.0001,0.0,40,16,16,rate_uniform,0.0,90.56,cifar10-checkpoints/vgg16_L[16]_strict_seed40_schemeC_noout_mne_l2_l16_vgg16_rc1em04.pth,/home/595/sl9144/codes/snn_simulation/important_results/cifar10_vgg16_three_regs_l1_l2_mne_post_input_if/mne_l2_rc1e-4/seed_40/noise_sweep_matrix_cifar10_vgg16_T16_mode_rate_uniform_schedule_normal_seed_40.csv
cifar10,vgg16,mne_l2,mne_l2 rc=1e-4,0.0001,0.0,40,16,16,rate_uniform,0.05,90.48,cifar10-checkpoints/vgg16_L[16]_strict_seed40_schemeC_noout_mne_l2_l16_vgg16_rc1em04.pth,/home/595/sl9144/codes/snn_simulation/important_results/cifar10_vgg16_three_regs_l1_l2_mne_post_input_if/mne_l2_rc1e-4/seed_40/noise_sweep_matrix_cifar10_vgg16_T16_mode_rate_uniform_schedule_normal_seed_40.csv
cifar10,vgg16,mne_l2,mne_l2 rc=1e-4,0.0001,0.0,40,16,16,rate_uniform,0.1,90.55,cifar10-checkpoints/vgg16_L[16]_strict_seed40_schemeC_noout_mne_l2_l16_vgg16_rc1em04.pth,/home/595/sl9144/codes/snn_simulation/important_results/cifar10_vgg16_three_regs_l1_l2_mne_post_input_if/mne_l2_rc1e-4/seed_40/noise_sweep_matrix_cifar10_vgg16_T16_mode_rate_uniform_schedule_normal_seed_40.csv
cifar10,vgg16,mne_l2,mne_l2 rc=1e-4,0.0001,0.0,40,16,16,rate_uniform,0.15,90.46,cifar10-checkpoints/vgg16_L[16]_strict_seed40_schemeC_noout_mne_l2_l16_vgg16_rc1em04.pth,/home/595/sl9144/codes/snn_simulation/important_results/cifar10_vgg16_three_regs_l1_l2_mne_post_input_if/mne_l2_rc1e-4/seed_40/noise_sweep_matrix_cifar10_vgg16_T16_mode_rate_uniform_schedule_normal_seed_40.csv
cifar10,vgg16,mne_l2,mne_l2 rc=1e-4,0.0001,0.0,40,16,16,rate_uniform,0.2,90.52,cifar10-checkpoints/vgg16_L[16]_strict_seed40_schemeC_noout_mne_l2_l16_vgg16_rc1em04.pth,/home/595/sl9144/codes/snn_simulation/important_results/cifar10_vgg16_three_regs_l1_l2_mne_post_input_if/mne_l2_rc1e-4/seed_40/noise_sweep_matrix_cifar10_vgg16_T16_mode_rate_uniform_schedule_normal_seed_40.csv
cifar10,vgg16,mne_l2,mne_l2 rc=1e-4,0.0001,0.0,40,16,16,rate_uniform,0.25,90.44,cifar10-checkpoints/vgg16_L[16]_strict_seed40_schemeC_noout_mne_l2_l16_vgg16_rc1em04.pth,/home/595/sl9144/codes/snn_simulation/important_results/cifar10_vgg16_three_regs_l1_l2_mne_post_input_if/mne_l2_rc1e-4/seed_40/noise_sweep_matrix_cifar10_vgg16_T16_mode_rate_uniform_schedule_normal_seed_40.csv
cifar10,vgg16,mne_l2,mne_l2 rc=1e-4,0.0001,0.0,40,16,16,rate_uniform,0.3,90.45,cifar10-checkpoints/vgg16_L[16]_strict_seed40_schemeC_noout_mne_l2_l16_vgg16_rc1em04.pth,/home/595/sl9144/codes/snn_simulation/important_results/cifar10_vgg16_three_regs_l1_l2_mne_post_input_if/mne_l2_rc1e-4/seed_40/noise_sweep_matrix_cifar10_vgg16_T16_mode_rate_uniform_schedule_normal_seed_40.csv
cifar10,vgg16,mne_l2,mne_l2 rc=1e-4,0.0001,0.0,40,16,16,rate_uniform,0.35,90.52,cifar10-checkpoints/vgg16_L[16]_strict_seed40_schemeC_noout_mne_l2_l16_vgg16_rc1em04.pth,/home/595/sl9144/codes/snn_simulation/important_results/cifar10_vgg16_three_regs_l1_l2_mne_post_input_if/mne_l2_rc1e-4/seed_40/noise_sweep_matrix_cifar10_vgg16_T16_mode_rate_uniform_schedule_normal_seed_40.csv
cifar10,vgg16,mne_l2,mne_l2 rc=1e-4,0.0001,0.0,40,16,16,rate_uniform,0.4,90.52,cifar10-checkpoints/vgg16_L[16]_strict_seed40_schemeC_noout_mne_l2_l16_vgg16_rc1em04.pth,/home/595/sl9144/codes/snn_simulation/important_results/cifar10_vgg16_three_regs_l1_l2_mne_post_input_if/mne_l2_rc1e-4/seed_40/noise_sweep_matrix_cifar10_vgg16_T16_mode_rate_uniform_schedule_normal_seed_40.csv
cifar10,vgg16,mne_l2,mne_l2 rc=1e-4,0.0001,0.0,40,16,16,rate_uniform,0.45,90.51,cifar10-checkpoints/vgg16_L[16]_strict_seed40_schemeC_noout_mne_l2_l16_vgg16_rc1em04.pth,/home/595/sl9144/codes/snn_simulation/important_results/cifar10_vgg16_three_regs_l1_l2_mne_post_input_if/mne_l2_rc1e-4/seed_40/noise_sweep_matrix_cifar10_vgg16_T16_mode_rate_uniform_schedule_normal_seed_40.csv
cifar10,vgg16,mne_l2,mne_l2 rc=1e-4,0.0001,0.0,40,16,16,rate_uniform,0.5,90.42,cifar10-checkpoints/vgg16_L[16]_strict_seed40_schemeC_noout_mne_l2_l16_vgg16_rc1em04.pth,/home/595/sl9144/codes/snn_simulation/important_results/cifar10_vgg16_three_regs_l1_l2_mne_post_input_if/mne_l2_rc1e-4/seed_40/noise_sweep_matrix_cifar10_vgg16_T16_mode_rate_uniform_schedule_normal_seed_40.csv
cifar10,vgg16,mne_l2,mne_l2 rc=1e-4,0.0001,0.0,40,16,16,rate_uniform,0.55,90.41,cifar10-checkpoints/vgg16_L[16]_strict_seed40_schemeC_noout_mne_l2_l16_vgg16_rc1em04.pth,/home/595/sl9144/codes/snn_simulation/important_results/cifar10_vgg16_three_regs_l1_l2_mne_post_input_if/mne_l2_rc1e-4/seed_40/noise_sweep_matrix_cifar10_vgg16_T16_mode_rate_uniform_schedule_normal_seed_40.csv
cifar10,vgg16,mne_l2,mne_l2 rc=1e-4,0.0001,0.0,40,16,16,rate_uniform,0.6,90.49,cifar10-checkpoints/vgg16_L[16]_strict_seed40_schemeC_noout_mne_l2_l16_vgg16_rc1em04.pth,/home/595/sl9144/codes/snn_simulation/important_results/cifar10_vgg16_three_regs_l1_l2_mne_post_input_if/mne_l2_rc1e-4/seed_40/noise_sweep_matrix_cifar10_vgg16_T16_mode_rate_uniform_schedule_normal_seed_40.csv
cifar10,vgg16,mne_l2,mne_l2 rc=1e-4,0.0001,0.0,40,16,16,rate_uniform,0.65,90.44,cifar10-checkpoints/vgg16_L[16]_strict_seed40_schemeC_noout_mne_l2_l16_vgg16_rc1em04.pth,/home/595/sl9144/codes/snn_simulation/important_results/cifar10_vgg16_three_regs_l1_l2_mne_post_input_if/mne_l2_rc1e-4/seed_40/noise_sweep_matrix_cifar10_vgg16_T16_mode_rate_uniform_schedule_normal_seed_40.csv
cifar10,vgg16,mne_l2,mne_l2 rc=1e-4,0.0001,0.0,40,16,16,rate_uniform,0.7,90.41,cifar10-checkpoints/vgg16_L[16]_strict_seed40_schemeC_noout_mne_l2_l16_vgg16_rc1em04.pth,/home/595/sl9144/codes/snn_simulation/important_results/cifar10_vgg16_three_regs_l1_l2_mne_post_input_if/mne_l2_rc1e-4/seed_40/noise_sweep_matrix_cifar10_vgg16_T16_mode_rate_uniform_schedule_normal_seed_40.csv
cifar10,vgg16,mne_l2,mne_l2 rc=1e-4,0.0001,0.0,40,16,16,rate_uniform,0.75,90.33,cifar10-checkpoints/vgg16_L[16]_strict_seed40_schemeC_noout_mne_l2_l16_vgg16_rc1em04.pth,/home/595/sl9144/codes/snn_simulation/important_results/cifar10_vgg16_three_regs_l1_l2_mne_post_input_if/mne_l2_rc1e-4/seed_40/noise_sweep_matrix_cifar10_vgg16_T16_mode_rate_uniform_schedule_normal_seed_40.csv
cifar10,vgg16,mne_l2,mne_l2 rc=1e-4,0.0001,0.0,40,16,16,rate_uniform,0.8,90.43,cifar10-checkpoints/vgg16_L[16]_strict_seed40_schemeC_noout_mne_l2_l16_vgg16_rc1em04.pth,/home/595/sl9144/codes/snn_simulation/important_results/cifar10_vgg16_three_regs_l1_l2_mne_post_input_if/mne_l2_rc1e-4/seed_40/noise_sweep_matrix_cifar10_vgg16_T16_mode_rate_uniform_schedule_normal_seed_40.csv
cifar10,vgg16,mne_l2,mne_l2 rc=1e-4,0.0001,0.0,40,16,16,rate_uniform,0.85,90.29,cifar10-checkpoints/vgg16_L[16]_strict_seed40_schemeC_noout_mne_l2_l16_vgg16_rc1em04.pth,/home/595/sl9144/codes/snn_simulation/important_results/cifar10_vgg16_three_regs_l1_l2_mne_post_input_if/mne_l2_rc1e-4/seed_40/noise_sweep_matrix_cifar10_vgg16_T16_mode_rate_uniform_schedule_normal_seed_40.csv
cifar10,vgg16,mne_l2,mne_l2 rc=1e-4,0.0001,0.0,40,16,16,rate_uniform,0.9,90.34,cifar10-checkpoints/vgg16_L[16]_strict_seed40_schemeC_noout_mne_l2_l16_vgg16_rc1em04.pth,/home/595/sl9144/codes/snn_simulation/important_results/cifar10_vgg16_three_regs_l1_l2_mne_post_input_if/mne_l2_rc1e-4/seed_40/noise_sweep_matrix_cifar10_vgg16_T16_mode_rate_uniform_schedule_normal_seed_40.csv
cifar10,vgg16,mne_l2,mne_l2 rc=1e-4,0.0001,0.0,40,16,16,rate_uniform,0.95,90.27,cifar10-checkpoints/vgg16_L[16]_strict_seed40_schemeC_noout_mne_l2_l16_vgg16_rc1em04.pth,/home/595/sl9144/codes/snn_simulation/important_results/cifar10_vgg16_three_regs_l1_l2_mne_post_input_if/mne_l2_rc1e-4/seed_40/noise_sweep_matrix_cifar10_vgg16_T16_mode_rate_uniform_schedule_normal_seed_40.csv
cifar10,vgg16,mne_l2,mne_l2 rc=1e-4,0.0001,0.0,40,16,16,rate_uniform,1.0,90.24,cifar10-checkpoints/vgg16_L[16]_strict_seed40_schemeC_noout_mne_l2_l16_vgg16_rc1em04.pth,/home/595/sl9144/codes/snn_simulation/important_results/cifar10_vgg16_three_regs_l1_l2_mne_post_input_if/mne_l2_rc1e-4/seed_40/noise_sweep_matrix_cifar10_vgg16_T16_mode_rate_uniform_schedule_normal_seed_40.csv
cifar10,vgg16,mne_l2,mne_l2 rc=1e-4,0.0001,0.0,41,16,16,rate_uniform,0.0,90.32,cifar10-checkpoints/vgg16_L[16]_strict_seed41_schemeC_noout_mne_l2_l16_vgg16_rc1em04.pth,/home/595/sl9144/codes/snn_simulation/important_results/cifar10_vgg16_three_regs_l1_l2_mne_post_input_if/mne_l2_rc1e-4/seed_41/noise_sweep_matrix_cifar10_vgg16_T16_mode_rate_uniform_schedule_normal_seed_41.csv
cifar10,vgg16,mne_l2,mne_l2 rc=1e-4,0.0001,0.0,41,16,16,rate_uniform,0.05,90.32,cifar10-checkpoints/vgg16_L[16]_strict_seed41_schemeC_noout_mne_l2_l16_vgg16_rc1em04.pth,/home/595/sl9144/codes/snn_simulation/important_results/cifar10_vgg16_three_regs_l1_l2_mne_post_input_if/mne_l2_rc1e-4/seed_41/noise_sweep_matrix_cifar10_vgg16_T16_mode_rate_uniform_schedule_normal_seed_41.csv
cifar10,vgg16,mne_l2,mne_l2 rc=1e-4,0.0001,0.0,41,16,16,rate_uniform,0.1,90.21,cifar10-checkpoints/vgg16_L[16]_strict_seed41_schemeC_noout_mne_l2_l16_vgg16_rc1em04.pth,/home/595/sl9144/codes/snn_simulation/important_results/cifar10_vgg16_three_regs_l1_l2_mne_post_input_if/mne_l2_rc1e-4/seed_41/noise_sweep_matrix_cifar10_vgg16_T16_mode_rate_uniform_schedule_normal_seed_41.csv
cifar10,vgg16,mne_l2,mne_l2 rc=1e-4,0.0001,0.0,41,16,16,rate_uniform,0.15,90.29,cifar10-checkpoints/vgg16_L[16]_strict_seed41_schemeC_noout_mne_l2_l16_vgg16_rc1em04.pth,/home/595/sl9144/codes/snn_simulation/important_results/cifar10_vgg16_three_regs_l1_l2_mne_post_input_if/mne_l2_rc1e-4/seed_41/noise_sweep_matrix_cifar10_vgg16_T16_mode_rate_uniform_schedule_normal_seed_41.csv
cifar10,vgg16,mne_l2,mne_l2 rc=1e-4,0.0001,0.0,41,16,16,rate_uniform,0.2,90.27,cifar10-checkpoints/vgg16_L[16]_strict_seed41_schemeC_noout_mne_l2_l16_vgg16_rc1em04.pth,/home/595/sl9144/codes/snn_simulation/important_results/cifar10_vgg16_three_regs_l1_l2_mne_post_input_if/mne_l2_rc1e-4/seed_41/noise_sweep_matrix_cifar10_vgg16_T16_mode_rate_uniform_schedule_normal_seed_41.csv
cifar10,vgg16,mne_l2,mne_l2 rc=1e-4,0.0001,0.0,41,16,16,rate_uniform,0.25,90.38,cifar10-checkpoints/vgg16_L[16]_strict_seed41_schemeC_noout_mne_l2_l16_vgg16_rc1em04.pth,/home/595/sl9144/codes/snn_simulation/important_results/cifar10_vgg16_three_regs_l1_l2_mne_post_input_if/mne_l2_rc1e-4/seed_41/noise_sweep_matrix_cifar10_vgg16_T16_mode_rate_uniform_schedule_normal_seed_41.csv
cifar10,vgg16,mne_l2,mne_l2 rc=1e-4,0.0001,0.0,41,16,16,rate_uniform,0.3,90.27,cifar10-checkpoints/vgg16_L[16]_strict_seed41_schemeC_noout_mne_l2_l16_vgg16_rc1em04.pth,/home/595/sl9144/codes/snn_simulation/important_results/cifar10_vgg16_three_regs_l1_l2_mne_post_input_if/mne_l2_rc1e-4/seed_41/noise_sweep_matrix_cifar10_vgg16_T16_mode_rate_uniform_schedule_normal_seed_41.csv
cifar10,vgg16,mne_l2,mne_l2 rc=1e-4,0.0001,0.0,41,16,16,rate_uniform,0.35,90.21,cifar10-checkpoints/vgg16_L[16]_strict_seed41_schemeC_noout_mne_l2_l16_vgg16_rc1em04.pth,/home/595/sl9144/codes/snn_simulation/important_results/cifar10_vgg16_three_regs_l1_l2_mne_post_input_if/mne_l2_rc1e-4/seed_41/noise_sweep_matrix_cifar10_vgg16_T16_mode_rate_uniform_schedule_normal_seed_41.csv
cifar10,vgg16,mne_l2,mne_l2 rc=1e-4,0.0001,0.0,41,16,16,rate_uniform,0.4,90.26,cifar10-checkpoints/vgg16_L[16]_strict_seed41_schemeC_noout_mne_l2_l16_vgg16_rc1em04.pth,/home/595/sl9144/codes/snn_simulation/important_results/cifar10_vgg16_three_regs_l1_l2_mne_post_input_if/mne_l2_rc1e-4/seed_41/noise_sweep_matrix_cifar10_vgg16_T16_mode_rate_uniform_schedule_normal_seed_41.csv
cifar10,vgg16,mne_l2,mne_l2 rc=1e-4,0.0001,0.0,41,16,16,rate_uniform,0.45,90.27,cifar10-checkpoints/vgg16_L[16]_strict_seed41_schemeC_noout_mne_l2_l16_vgg16_rc1em04.pth,/home/595/sl9144/codes/snn_simulation/important_results/cifar10_vgg16_three_regs_l1_l2_mne_post_input_if/mne_l2_rc1e-4/seed_41/noise_sweep_matrix_cifar10_vgg16_T16_mode_rate_uniform_schedule_normal_seed_41.csv
cifar10,vgg16,mne_l2,mne_l2 rc=1e-4,0.0001,0.0,41,16,16,rate_uniform,0.5,90.29,cifar10-checkpoints/vgg16_L[16]_strict_seed41_schemeC_noout_mne_l2_l16_vgg16_rc1em04.pth,/home/595/sl9144/codes/snn_simulation/important_results/cifar10_vgg16_three_regs_l1_l2_mne_post_input_if/mne_l2_rc1e-4/seed_41/noise_sweep_matrix_cifar10_vgg16_T16_mode_rate_uniform_schedule_normal_seed_41.csv
cifar10,vgg16,mne_l2,mne_l2 rc=1e-4,0.0001,0.0,41,16,16,rate_uniform,0.55,90.21,cifar10-checkpoints/vgg16_L[16]_strict_seed41_schemeC_noout_mne_l2_l16_vgg16_rc1em04.pth,/home/595/sl9144/codes/snn_simulation/important_results/cifar10_vgg16_three_regs_l1_l2_mne_post_input_if/mne_l2_rc1e-4/seed_41/noise_sweep_matrix_cifar10_vgg16_T16_mode_rate_uniform_schedule_normal_seed_41.csv
cifar10,vgg16,mne_l2,mne_l2 rc=1e-4,0.0001,0.0,41,16,16,rate_uniform,0.6,90.2,cifar10-checkpoints/vgg16_L[16]_strict_seed41_schemeC_noout_mne_l2_l16_vgg16_rc1em04.pth,/home/595/sl9144/codes/snn_simulation/important_results/cifar10_vgg16_three_regs_l1_l2_mne_post_input_if/mne_l2_rc1e-4/seed_41/noise_sweep_matrix_cifar10_vgg16_T16_mode_rate_uniform_schedule_normal_seed_41.csv
cifar10,vgg16,mne_l2,mne_l2 rc=1e-4,0.0001,0.0,41,16,16,rate_uniform,0.65,90.28,cifar10-checkpoints/vgg16_L[16]_strict_seed41_schemeC_noout_mne_l2_l16_vgg16_rc1em04.pth,/home/595/sl9144/codes/snn_simulation/important_results/cifar10_vgg16_three_regs_l1_l2_mne_post_input_if/mne_l2_rc1e-4/seed_41/noise_sweep_matrix_cifar10_vgg16_T16_mode_rate_uniform_schedule_normal_seed_41.csv
cifar10,vgg16,mne_l2,mne_l2 rc=1e-4,0.0001,0.0,41,16,16,rate_uniform,0.7,90.15,cifar10-checkpoints/vgg16_L[16]_strict_seed41_schemeC_noout_mne_l2_l16_vgg16_rc1em04.pth,/home/595/sl9144/codes/snn_simulation/important_results/cifar10_vgg16_three_regs_l1_l2_mne_post_input_if/mne_l2_rc1e-4/seed_41/noise_sweep_matrix_cifar10_vgg16_T16_mode_rate_uniform_schedule_normal_seed_41.csv
cifar10,vgg16,mne_l2,mne_l2 rc=1e-4,0.0001,0.0,41,16,16,rate_uniform,0.75,90.27,cifar10-checkpoints/vgg16_L[16]_strict_seed41_schemeC_noout_mne_l2_l16_vgg16_rc1em04.pth,/home/595/sl9144/codes/snn_simulation/important_results/cifar10_vgg16_three_regs_l1_l2_mne_post_input_if/mne_l2_rc1e-4/seed_41/noise_sweep_matrix_cifar10_vgg16_T16_mode_rate_uniform_schedule_normal_seed_41.csv
cifar10,vgg16,mne_l2,mne_l2 rc=1e-4,0.0001,0.0,41,16,16,rate_uniform,0.8,90.23,cifar10-checkpoints/vgg16_L[16]_strict_seed41_schemeC_noout_mne_l2_l16_vgg16_rc1em04.pth,/home/595/sl9144/codes/snn_simulation/important_results/cifar10_vgg16_three_regs_l1_l2_mne_post_input_if/mne_l2_rc1e-4/seed_41/noise_sweep_matrix_cifar10_vgg16_T16_mode_rate_uniform_schedule_normal_seed_41.csv
cifar10,vgg16,mne_l2,mne_l2 rc=1e-4,0.0001,0.0,41,16,16,rate_uniform,0.85,90.1,cifar10-checkpoints/vgg16_L[16]_strict_seed41_schemeC_noout_mne_l2_l16_vgg16_rc1em04.pth,/home/595/sl9144/codes/snn_simulation/important_results/cifar10_vgg16_three_regs_l1_l2_mne_post_input_if/mne_l2_rc1e-4/seed_41/noise_sweep_matrix_cifar10_vgg16_T16_mode_rate_uniform_schedule_normal_seed_41.csv
cifar10,vgg16,mne_l2,mne_l2 rc=1e-4,0.0001,0.0,41,16,16,rate_uniform,0.9,89.98,cifar10-checkpoints/vgg16_L[16]_strict_seed41_schemeC_noout_mne_l2_l16_vgg16_rc1em04.pth,/home/595/sl9144/codes/snn_simulation/important_results/cifar10_vgg16_three_regs_l1_l2_mne_post_input_if/mne_l2_rc1e-4/seed_41/noise_sweep_matrix_cifar10_vgg16_T16_mode_rate_uniform_schedule_normal_seed_41.csv
cifar10,vgg16,mne_l2,mne_l2 rc=1e-4,0.0001,0.0,41,16,16,rate_uniform,0.95,90.1,cifar10-checkpoints/vgg16_L[16]_strict_seed41_schemeC_noout_mne_l2_l16_vgg16_rc1em04.pth,/home/595/sl9144/codes/snn_simulation/important_results/cifar10_vgg16_three_regs_l1_l2_mne_post_input_if/mne_l2_rc1e-4/seed_41/noise_sweep_matrix_cifar10_vgg16_T16_mode_rate_uniform_schedule_normal_seed_41.csv
cifar10,vgg16,mne_l2,mne_l2 rc=1e-4,0.0001,0.0,41,16,16,rate_uniform,1.0,90.08,cifar10-checkpoints/vgg16_L[16]_strict_seed41_schemeC_noout_mne_l2_l16_vgg16_rc1em04.pth,/home/595/sl9144/codes/snn_simulation/important_results/cifar10_vgg16_three_regs_l1_l2_mne_post_input_if/mne_l2_rc1e-4/seed_41/noise_sweep_matrix_cifar10_vgg16_T16_mode_rate_uniform_schedule_normal_seed_41.csv
cifar10,vgg16,mne_l2,mne_l2 rc=1e-4,0.0001,0.0,42,16,16,rate_uniform,0.0,90.5,cifar10-checkpoints/vgg16_L[16]_strict_seed42_schemeC_noout_mne_l2_l16_vgg16_rc1em04.pth,/home/595/sl9144/codes/snn_simulation/important_results/cifar10_vgg16_three_regs_l1_l2_mne_post_input_if/mne_l2_rc1e-4/seed_42/noise_sweep_matrix_cifar10_vgg16_T16_mode_rate_uniform_schedule_normal_seed_42.csv
cifar10,vgg16,mne_l2,mne_l2 rc=1e-4,0.0001,0.0,42,16,16,rate_uniform,0.05,90.51,cifar10-checkpoints/vgg16_L[16]_strict_seed42_schemeC_noout_mne_l2_l16_vgg16_rc1em04.pth,/home/595/sl9144/codes/snn_simulation/important_results/cifar10_vgg16_three_regs_l1_l2_mne_post_input_if/mne_l2_rc1e-4/seed_42/noise_sweep_matrix_cifar10_vgg16_T16_mode_rate_uniform_schedule_normal_seed_42.csv
cifar10,vgg16,mne_l2,mne_l2 rc=1e-4,0.0001,0.0,42,16,16,rate_uniform,0.1,90.48,cifar10-checkpoints/vgg16_L[16]_strict_seed42_schemeC_noout_mne_l2_l16_vgg16_rc1em04.pth,/home/595/sl9144/codes/snn_simulation/important_results/cifar10_vgg16_three_regs_l1_l2_mne_post_input_if/mne_l2_rc1e-4/seed_42/noise_sweep_matrix_cifar10_vgg16_T16_mode_rate_uniform_schedule_normal_seed_42.csv
cifar10,vgg16,mne_l2,mne_l2 rc=1e-4,0.0001,0.0,42,16,16,rate_uniform,0.15,90.37,cifar10-checkpoints/vgg16_L[16]_strict_seed42_schemeC_noout_mne_l2_l16_vgg16_rc1em04.pth,/home/595/sl9144/codes/snn_simulation/important_results/cifar10_vgg16_three_regs_l1_l2_mne_post_input_if/mne_l2_rc1e-4/seed_42/noise_sweep_matrix_cifar10_vgg16_T16_mode_rate_uniform_schedule_normal_seed_42.csv
cifar10,vgg16,mne_l2,mne_l2 rc=1e-4,0.0001,0.0,42,16,16,rate_uniform,0.2,90.49,cifar10-checkpoints/vgg16_L[16]_strict_seed42_schemeC_noout_mne_l2_l16_vgg16_rc1em04.pth,/home/595/sl9144/codes/snn_simulation/important_results/cifar10_vgg16_three_regs_l1_l2_mne_post_input_if/mne_l2_rc1e-4/seed_42/noise_sweep_matrix_cifar10_vgg16_T16_mode_rate_uniform_schedule_normal_seed_42.csv
cifar10,vgg16,mne_l2,mne_l2 rc=1e-4,0.0001,0.0,42,16,16,rate_uniform,0.25,90.42,cifar10-checkpoints/vgg16_L[16]_strict_seed42_schemeC_noout_mne_l2_l16_vgg16_rc1em04.pth,/home/595/sl9144/codes/snn_simulation/important_results/cifar10_vgg16_three_regs_l1_l2_mne_post_input_if/mne_l2_rc1e-4/seed_42/noise_sweep_matrix_cifar10_vgg16_T16_mode_rate_uniform_schedule_normal_seed_42.csv
cifar10,vgg16,mne_l2,mne_l2 rc=1e-4,0.0001,0.0,42,16,16,rate_uniform,0.3,90.43,cifar10-checkpoints/vgg16_L[16]_strict_seed42_schemeC_noout_mne_l2_l16_vgg16_rc1em04.pth,/home/595/sl9144/codes/snn_simulation/important_results/cifar10_vgg16_three_regs_l1_l2_mne_post_input_if/mne_l2_rc1e-4/seed_42/noise_sweep_matrix_cifar10_vgg16_T16_mode_rate_uniform_schedule_normal_seed_42.csv
cifar10,vgg16,mne_l2,mne_l2 rc=1e-4,0.0001,0.0,42,16,16,rate_uniform,0.35,90.46,cifar10-checkpoints/vgg16_L[16]_strict_seed42_schemeC_noout_mne_l2_l16_vgg16_rc1em04.pth,/home/595/sl9144/codes/snn_simulation/important_results/cifar10_vgg16_three_regs_l1_l2_mne_post_input_if/mne_l2_rc1e-4/seed_42/noise_sweep_matrix_cifar10_vgg16_T16_mode_rate_uniform_schedule_normal_seed_42.csv
cifar10,vgg16,mne_l2,mne_l2 rc=1e-4,0.0001,0.0,42,16,16,rate_uniform,0.4,90.47,cifar10-checkpoints/vgg16_L[16]_strict_seed42_schemeC_noout_mne_l2_l16_vgg16_rc1em04.pth,/home/595/sl9144/codes/snn_simulation/important_results/cifar10_vgg16_three_regs_l1_l2_mne_post_input_if/mne_l2_rc1e-4/seed_42/noise_sweep_matrix_cifar10_vgg16_T16_mode_rate_uniform_schedule_normal_seed_42.csv
cifar10,vgg16,mne_l2,mne_l2 rc=1e-4,0.0001,0.0,42,16,16,rate_uniform,0.45,90.47,cifar10-checkpoints/vgg16_L[16]_strict_seed42_schemeC_noout_mne_l2_l16_vgg16_rc1em04.pth,/home/595/sl9144/codes/snn_simulation/important_results/cifar10_vgg16_three_regs_l1_l2_mne_post_input_if/mne_l2_rc1e-4/seed_42/noise_sweep_matrix_cifar10_vgg16_T16_mode_rate_uniform_schedule_normal_seed_42.csv
cifar10,vgg16,mne_l2,mne_l2 rc=1e-4,0.0001,0.0,42,16,16,rate_uniform,0.5,90.45,cifar10-checkpoints/vgg16_L[16]_strict_seed42_schemeC_noout_mne_l2_l16_vgg16_rc1em04.pth,/home/595/sl9144/codes/snn_simulation/important_results/cifar10_vgg16_three_regs_l1_l2_mne_post_input_if/mne_l2_rc1e-4/seed_42/noise_sweep_matrix_cifar10_vgg16_T16_mode_rate_uniform_schedule_normal_seed_42.csv
cifar10,vgg16,mne_l2,mne_l2 rc=1e-4,0.0001,0.0,42,16,16,rate_uniform,0.55,90.48,cifar10-checkpoints/vgg16_L[16]_strict_seed42_schemeC_noout_mne_l2_l16_vgg16_rc1em04.pth,/home/595/sl9144/codes/snn_simulation/important_results/cifar10_vgg16_three_regs_l1_l2_mne_post_input_if/mne_l2_rc1e-4/seed_42/noise_sweep_matrix_cifar10_vgg16_T16_mode_rate_uniform_schedule_normal_seed_42.csv
cifar10,vgg16,mne_l2,mne_l2 rc=1e-4,0.0001,0.0,42,16,16,rate_uniform,0.6,90.33,cifar10-checkpoints/vgg16_L[16]_strict_seed42_schemeC_noout_mne_l2_l16_vgg16_rc1em04.pth,/home/595/sl9144/codes/snn_simulation/important_results/cifar10_vgg16_three_regs_l1_l2_mne_post_input_if/mne_l2_rc1e-4/seed_42/noise_sweep_matrix_cifar10_vgg16_T16_mode_rate_uniform_schedule_normal_seed_42.csv
cifar10,vgg16,mne_l2,mne_l2 rc=1e-4,0.0001,0.0,42,16,16,rate_uniform,0.65,90.38,cifar10-checkpoints/vgg16_L[16]_strict_seed42_schemeC_noout_mne_l2_l16_vgg16_rc1em04.pth,/home/595/sl9144/codes/snn_simulation/important_results/cifar10_vgg16_three_regs_l1_l2_mne_post_input_if/mne_l2_rc1e-4/seed_42/noise_sweep_matrix_cifar10_vgg16_T16_mode_rate_uniform_schedule_normal_seed_42.csv
cifar10,vgg16,mne_l2,mne_l2 rc=1e-4,0.0001,0.0,42,16,16,rate_uniform,0.7,90.39,cifar10-checkpoints/vgg16_L[16]_strict_seed42_schemeC_noout_mne_l2_l16_vgg16_rc1em04.pth,/home/595/sl9144/codes/snn_simulation/important_results/cifar10_vgg16_three_regs_l1_l2_mne_post_input_if/mne_l2_rc1e-4/seed_42/noise_sweep_matrix_cifar10_vgg16_T16_mode_rate_uniform_schedule_normal_seed_42.csv
cifar10,vgg16,mne_l2,mne_l2 rc=1e-4,0.0001,0.0,42,16,16,rate_uniform,0.75,90.36,cifar10-checkpoints/vgg16_L[16]_strict_seed42_schemeC_noout_mne_l2_l16_vgg16_rc1em04.pth,/home/595/sl9144/codes/snn_simulation/important_results/cifar10_vgg16_three_regs_l1_l2_mne_post_input_if/mne_l2_rc1e-4/seed_42/noise_sweep_matrix_cifar10_vgg16_T16_mode_rate_uniform_schedule_normal_seed_42.csv
cifar10,vgg16,mne_l2,mne_l2 rc=1e-4,0.0001,0.0,42,16,16,rate_uniform,0.8,90.46,cifar10-checkpoints/vgg16_L[16]_strict_seed42_schemeC_noout_mne_l2_l16_vgg16_rc1em04.pth,/home/595/sl9144/codes/snn_simulation/important_results/cifar10_vgg16_three_regs_l1_l2_mne_post_input_if/mne_l2_rc1e-4/seed_42/noise_sweep_matrix_cifar10_vgg16_T16_mode_rate_uniform_schedule_normal_seed_42.csv
cifar10,vgg16,mne_l2,mne_l2 rc=1e-4,0.0001,0.0,42,16,16,rate_uniform,0.85,90.44,cifar10-checkpoints/vgg16_L[16]_strict_seed42_schemeC_noout_mne_l2_l16_vgg16_rc1em04.pth,/home/595/sl9144/codes/snn_simulation/important_results/cifar10_vgg16_three_regs_l1_l2_mne_post_input_if/mne_l2_rc1e-4/seed_42/noise_sweep_matrix_cifar10_vgg16_T16_mode_rate_uniform_schedule_normal_seed_42.csv
cifar10,vgg16,mne_l2,mne_l2 rc=1e-4,0.0001,0.0,42,16,16,rate_uniform,0.9,90.53,cifar10-checkpoints/vgg16_L[16]_strict_seed42_schemeC_noout_mne_l2_l16_vgg16_rc1em04.pth,/home/595/sl9144/codes/snn_simulation/important_results/cifar10_vgg16_three_regs_l1_l2_mne_post_input_if/mne_l2_rc1e-4/seed_42/noise_sweep_matrix_cifar10_vgg16_T16_mode_rate_uniform_schedule_normal_seed_42.csv
cifar10,vgg16,mne_l2,mne_l2 rc=1e-4,0.0001,0.0,42,16,16,rate_uniform,0.95,90.35,cifar10-checkpoints/vgg16_L[16]_strict_seed42_schemeC_noout_mne_l2_l16_vgg16_rc1em04.pth,/home/595/sl9144/codes/snn_simulation/important_results/cifar10_vgg16_three_regs_l1_l2_mne_post_input_if/mne_l2_rc1e-4/seed_42/noise_sweep_matrix_cifar10_vgg16_T16_mode_rate_uniform_schedule_normal_seed_42.csv
cifar10,vgg16,mne_l2,mne_l2 rc=1e-4,0.0001,0.0,42,16,16,rate_uniform,1.0,90.32,cifar10-checkpoints/vgg16_L[16]_strict_seed42_schemeC_noout_mne_l2_l16_vgg16_rc1em04.pth,/home/595/sl9144/codes/snn_simulation/important_results/cifar10_vgg16_three_regs_l1_l2_mne_post_input_if/mne_l2_rc1e-4/seed_42/noise_sweep_matrix_cifar10_vgg16_T16_mode_rate_uniform_schedule_normal_seed_42.csv
cifar10,vgg16,mne_l2,mne_l2 rc=1e-4,0.0001,0.0,43,16,16,rate_uniform,0.0,90.22,cifar10-checkpoints/vgg16_L[16]_strict_seed43_schemeC_noout_mne_l2_l16_vgg16_rc1em04.pth,/home/595/sl9144/codes/snn_simulation/important_results/cifar10_vgg16_three_regs_l1_l2_mne_post_input_if/mne_l2_rc1e-4/seed_43/noise_sweep_matrix_cifar10_vgg16_T16_mode_rate_uniform_schedule_normal_seed_43.csv
cifar10,vgg16,mne_l2,mne_l2 rc=1e-4,0.0001,0.0,43,16,16,rate_uniform,0.05,90.13,cifar10-checkpoints/vgg16_L[16]_strict_seed43_schemeC_noout_mne_l2_l16_vgg16_rc1em04.pth,/home/595/sl9144/codes/snn_simulation/important_results/cifar10_vgg16_three_regs_l1_l2_mne_post_input_if/mne_l2_rc1e-4/seed_43/noise_sweep_matrix_cifar10_vgg16_T16_mode_rate_uniform_schedule_normal_seed_43.csv
cifar10,vgg16,mne_l2,mne_l2 rc=1e-4,0.0001,0.0,43,16,16,rate_uniform,0.1,90.18,cifar10-checkpoints/vgg16_L[16]_strict_seed43_schemeC_noout_mne_l2_l16_vgg16_rc1em04.pth,/home/595/sl9144/codes/snn_simulation/important_results/cifar10_vgg16_three_regs_l1_l2_mne_post_input_if/mne_l2_rc1e-4/seed_43/noise_sweep_matrix_cifar10_vgg16_T16_mode_rate_uniform_schedule_normal_seed_43.csv
cifar10,vgg16,mne_l2,mne_l2 rc=1e-4,0.0001,0.0,43,16,16,rate_uniform,0.15,90.12,cifar10-checkpoints/vgg16_L[16]_strict_seed43_schemeC_noout_mne_l2_l16_vgg16_rc1em04.pth,/home/595/sl9144/codes/snn_simulation/important_results/cifar10_vgg16_three_regs_l1_l2_mne_post_input_if/mne_l2_rc1e-4/seed_43/noise_sweep_matrix_cifar10_vgg16_T16_mode_rate_uniform_schedule_normal_seed_43.csv
cifar10,vgg16,mne_l2,mne_l2 rc=1e-4,0.0001,0.0,43,16,16,rate_uniform,0.2,90.11,cifar10-checkpoints/vgg16_L[16]_strict_seed43_schemeC_noout_mne_l2_l16_vgg16_rc1em04.pth,/home/595/sl9144/codes/snn_simulation/important_results/cifar10_vgg16_three_regs_l1_l2_mne_post_input_if/mne_l2_rc1e-4/seed_43/noise_sweep_matrix_cifar10_vgg16_T16_mode_rate_uniform_schedule_normal_seed_43.csv
cifar10,vgg16,mne_l2,mne_l2 rc=1e-4,0.0001,0.0,43,16,16,rate_uniform,0.25,90.15,cifar10-checkpoints/vgg16_L[16]_strict_seed43_schemeC_noout_mne_l2_l16_vgg16_rc1em04.pth,/home/595/sl9144/codes/snn_simulation/important_results/cifar10_vgg16_three_regs_l1_l2_mne_post_input_if/mne_l2_rc1e-4/seed_43/noise_sweep_matrix_cifar10_vgg16_T16_mode_rate_uniform_schedule_normal_seed_43.csv
cifar10,vgg16,mne_l2,mne_l2 rc=1e-4,0.0001,0.0,43,16,16,rate_uniform,0.3,90.15,cifar10-checkpoints/vgg16_L[16]_strict_seed43_schemeC_noout_mne_l2_l16_vgg16_rc1em04.pth,/home/595/sl9144/codes/snn_simulation/important_results/cifar10_vgg16_three_regs_l1_l2_mne_post_input_if/mne_l2_rc1e-4/seed_43/noise_sweep_matrix_cifar10_vgg16_T16_mode_rate_uniform_schedule_normal_seed_43.csv
cifar10,vgg16,mne_l2,mne_l2 rc=1e-4,0.0001,0.0,43,16,16,rate_uniform,0.35,90.26,cifar10-checkpoints/vgg16_L[16]_strict_seed43_schemeC_noout_mne_l2_l16_vgg16_rc1em04.pth,/home/595/sl9144/codes/snn_simulation/important_results/cifar10_vgg16_three_regs_l1_l2_mne_post_input_if/mne_l2_rc1e-4/seed_43/noise_sweep_matrix_cifar10_vgg16_T16_mode_rate_uniform_schedule_normal_seed_43.csv
cifar10,vgg16,mne_l2,mne_l2 rc=1e-4,0.0001,0.0,43,16,16,rate_uniform,0.4,90.07,cifar10-checkpoints/vgg16_L[16]_strict_seed43_schemeC_noout_mne_l2_l16_vgg16_rc1em04.pth,/home/595/sl9144/codes/snn_simulation/important_results/cifar10_vgg16_three_regs_l1_l2_mne_post_input_if/mne_l2_rc1e-4/seed_43/noise_sweep_matrix_cifar10_vgg16_T16_mode_rate_uniform_schedule_normal_seed_43.csv
cifar10,vgg16,mne_l2,mne_l2 rc=1e-4,0.0001,0.0,43,16,16,rate_uniform,0.45,90.14,cifar10-checkpoints/vgg16_L[16]_strict_seed43_schemeC_noout_mne_l2_l16_vgg16_rc1em04.pth,/home/595/sl9144/codes/snn_simulation/important_results/cifar10_vgg16_three_regs_l1_l2_mne_post_input_if/mne_l2_rc1e-4/seed_43/noise_sweep_matrix_cifar10_vgg16_T16_mode_rate_uniform_schedule_normal_seed_43.csv
cifar10,vgg16,mne_l2,mne_l2 rc=1e-4,0.0001,0.0,43,16,16,rate_uniform,0.5,90.14,cifar10-checkpoints/vgg16_L[16]_strict_seed43_schemeC_noout_mne_l2_l16_vgg16_rc1em04.pth,/home/595/sl9144/codes/snn_simulation/important_results/cifar10_vgg16_three_regs_l1_l2_mne_post_input_if/mne_l2_rc1e-4/seed_43/noise_sweep_matrix_cifar10_vgg16_T16_mode_rate_uniform_schedule_normal_seed_43.csv
cifar10,vgg16,mne_l2,mne_l2 rc=1e-4,0.0001,0.0,43,16,16,rate_uniform,0.55,90.07,cifar10-checkpoints/vgg16_L[16]_strict_seed43_schemeC_noout_mne_l2_l16_vgg16_rc1em04.pth,/home/595/sl9144/codes/snn_simulation/important_results/cifar10_vgg16_three_regs_l1_l2_mne_post_input_if/mne_l2_rc1e-4/seed_43/noise_sweep_matrix_cifar10_vgg16_T16_mode_rate_uniform_schedule_normal_seed_43.csv
cifar10,vgg16,mne_l2,mne_l2 rc=1e-4,0.0001,0.0,43,16,16,rate_uniform,0.6,90.13,cifar10-checkpoints/vgg16_L[16]_strict_seed43_schemeC_noout_mne_l2_l16_vgg16_rc1em04.pth,/home/595/sl9144/codes/snn_simulation/important_results/cifar10_vgg16_three_regs_l1_l2_mne_post_input_if/mne_l2_rc1e-4/seed_43/noise_sweep_matrix_cifar10_vgg16_T16_mode_rate_uniform_schedule_normal_seed_43.csv
cifar10,vgg16,mne_l2,mne_l2 rc=1e-4,0.0001,0.0,43,16,16,rate_uniform,0.65,90.17,cifar10-checkpoints/vgg16_L[16]_strict_seed43_schemeC_noout_mne_l2_l16_vgg16_rc1em04.pth,/home/595/sl9144/codes/snn_simulation/important_results/cifar10_vgg16_three_regs_l1_l2_mne_post_input_if/mne_l2_rc1e-4/seed_43/noise_sweep_matrix_cifar10_vgg16_T16_mode_rate_uniform_schedule_normal_seed_43.csv
cifar10,vgg16,mne_l2,mne_l2 rc=1e-4,0.0001,0.0,43,16,16,rate_uniform,0.7,90.2,cifar10-checkpoints/vgg16_L[16]_strict_seed43_schemeC_noout_mne_l2_l16_vgg16_rc1em04.pth,/home/595/sl9144/codes/snn_simulation/important_results/cifar10_vgg16_three_regs_l1_l2_mne_post_input_if/mne_l2_rc1e-4/seed_43/noise_sweep_matrix_cifar10_vgg16_T16_mode_rate_uniform_schedule_normal_seed_43.csv
cifar10,vgg16,mne_l2,mne_l2 rc=1e-4,0.0001,0.0,43,16,16,rate_uniform,0.75,90.02,cifar10-checkpoints/vgg16_L[16]_strict_seed43_schemeC_noout_mne_l2_l16_vgg16_rc1em04.pth,/home/595/sl9144/codes/snn_simulation/important_results/cifar10_vgg16_three_regs_l1_l2_mne_post_input_if/mne_l2_rc1e-4/seed_43/noise_sweep_matrix_cifar10_vgg16_T16_mode_rate_uniform_schedule_normal_seed_43.csv
cifar10,vgg16,mne_l2,mne_l2 rc=1e-4,0.0001,0.0,43,16,16,rate_uniform,0.8,90.3,cifar10-checkpoints/vgg16_L[16]_strict_seed43_schemeC_noout_mne_l2_l16_vgg16_rc1em04.pth,/home/595/sl9144/codes/snn_simulation/important_results/cifar10_vgg16_three_regs_l1_l2_mne_post_input_if/mne_l2_rc1e-4/seed_43/noise_sweep_matrix_cifar10_vgg16_T16_mode_rate_uniform_schedule_normal_seed_43.csv
cifar10,vgg16,mne_l2,mne_l2 rc=1e-4,0.0001,0.0,43,16,16,rate_uniform,0.85,90.25,cifar10-checkpoints/vgg16_L[16]_strict_seed43_schemeC_noout_mne_l2_l16_vgg16_rc1em04.pth,/home/595/sl9144/codes/snn_simulation/important_results/cifar10_vgg16_three_regs_l1_l2_mne_post_input_if/mne_l2_rc1e-4/seed_43/noise_sweep_matrix_cifar10_vgg16_T16_mode_rate_uniform_schedule_normal_seed_43.csv
cifar10,vgg16,mne_l2,mne_l2 rc=1e-4,0.0001,0.0,43,16,16,rate_uniform,0.9,90.13,cifar10-checkpoints/vgg16_L[16]_strict_seed43_schemeC_noout_mne_l2_l16_vgg16_rc1em04.pth,/home/595/sl9144/codes/snn_simulation/important_results/cifar10_vgg16_three_regs_l1_l2_mne_post_input_if/mne_l2_rc1e-4/seed_43/noise_sweep_matrix_cifar10_vgg16_T16_mode_rate_uniform_schedule_normal_seed_43.csv
cifar10,vgg16,mne_l2,mne_l2 rc=1e-4,0.0001,0.0,43,16,16,rate_uniform,0.95,90.14,cifar10-checkpoints/vgg16_L[16]_strict_seed43_schemeC_noout_mne_l2_l16_vgg16_rc1em04.pth,/home/595/sl9144/codes/snn_simulation/important_results/cifar10_vgg16_three_regs_l1_l2_mne_post_input_if/mne_l2_rc1e-4/seed_43/noise_sweep_matrix_cifar10_vgg16_T16_mode_rate_uniform_schedule_normal_seed_43.csv
cifar10,vgg16,mne_l2,mne_l2 rc=1e-4,0.0001,0.0,43,16,16,rate_uniform,1.0,90.12,cifar10-checkpoints/vgg16_L[16]_strict_seed43_schemeC_noout_mne_l2_l16_vgg16_rc1em04.pth,/home/595/sl9144/codes/snn_simulation/important_results/cifar10_vgg16_three_regs_l1_l2_mne_post_input_if/mne_l2_rc1e-4/seed_43/noise_sweep_matrix_cifar10_vgg16_T16_mode_rate_uniform_schedule_normal_seed_43.csv
cifar10,vgg16,mne_l2,mne_l2 rc=1e-4,0.0001,0.0,44,16,16,rate_uniform,0.0,90.29,cifar10-checkpoints/vgg16_L[16]_strict_seed44_schemeC_noout_mne_l2_l16_vgg16_rc1em04.pth,/home/595/sl9144/codes/snn_simulation/important_results/cifar10_vgg16_three_regs_l1_l2_mne_post_input_if/mne_l2_rc1e-4/seed_44/noise_sweep_matrix_cifar10_vgg16_T16_mode_rate_uniform_schedule_normal_seed_44.csv
cifar10,vgg16,mne_l2,mne_l2 rc=1e-4,0.0001,0.0,44,16,16,rate_uniform,0.05,90.26,cifar10-checkpoints/vgg16_L[16]_strict_seed44_schemeC_noout_mne_l2_l16_vgg16_rc1em04.pth,/home/595/sl9144/codes/snn_simulation/important_results/cifar10_vgg16_three_regs_l1_l2_mne_post_input_if/mne_l2_rc1e-4/seed_44/noise_sweep_matrix_cifar10_vgg16_T16_mode_rate_uniform_schedule_normal_seed_44.csv
cifar10,vgg16,mne_l2,mne_l2 rc=1e-4,0.0001,0.0,44,16,16,rate_uniform,0.1,90.31,cifar10-checkpoints/vgg16_L[16]_strict_seed44_schemeC_noout_mne_l2_l16_vgg16_rc1em04.pth,/home/595/sl9144/codes/snn_simulation/important_results/cifar10_vgg16_three_regs_l1_l2_mne_post_input_if/mne_l2_rc1e-4/seed_44/noise_sweep_matrix_cifar10_vgg16_T16_mode_rate_uniform_schedule_normal_seed_44.csv
cifar10,vgg16,mne_l2,mne_l2 rc=1e-4,0.0001,0.0,44,16,16,rate_uniform,0.15,90.2,cifar10-checkpoints/vgg16_L[16]_strict_seed44_schemeC_noout_mne_l2_l16_vgg16_rc1em04.pth,/home/595/sl9144/codes/snn_simulation/important_results/cifar10_vgg16_three_regs_l1_l2_mne_post_input_if/mne_l2_rc1e-4/seed_44/noise_sweep_matrix_cifar10_vgg16_T16_mode_rate_uniform_schedule_normal_seed_44.csv
cifar10,vgg16,mne_l2,mne_l2 rc=1e-4,0.0001,0.0,44,16,16,rate_uniform,0.2,90.28,cifar10-checkpoints/vgg16_L[16]_strict_seed44_schemeC_noout_mne_l2_l16_vgg16_rc1em04.pth,/home/595/sl9144/codes/snn_simulation/important_results/cifar10_vgg16_three_regs_l1_l2_mne_post_input_if/mne_l2_rc1e-4/seed_44/noise_sweep_matrix_cifar10_vgg16_T16_mode_rate_uniform_schedule_normal_seed_44.csv
cifar10,vgg16,mne_l2,mne_l2 rc=1e-4,0.0001,0.0,44,16,16,rate_uniform,0.25,90.35,cifar10-checkpoints/vgg16_L[16]_strict_seed44_schemeC_noout_mne_l2_l16_vgg16_rc1em04.pth,/home/595/sl9144/codes/snn_simulation/important_results/cifar10_vgg16_three_regs_l1_l2_mne_post_input_if/mne_l2_rc1e-4/seed_44/noise_sweep_matrix_cifar10_vgg16_T16_mode_rate_uniform_schedule_normal_seed_44.csv
cifar10,vgg16,mne_l2,mne_l2 rc=1e-4,0.0001,0.0,44,16,16,rate_uniform,0.3,90.22,cifar10-checkpoints/vgg16_L[16]_strict_seed44_schemeC_noout_mne_l2_l16_vgg16_rc1em04.pth,/home/595/sl9144/codes/snn_simulation/important_results/cifar10_vgg16_three_regs_l1_l2_mne_post_input_if/mne_l2_rc1e-4/seed_44/noise_sweep_matrix_cifar10_vgg16_T16_mode_rate_uniform_schedule_normal_seed_44.csv
cifar10,vgg16,mne_l2,mne_l2 rc=1e-4,0.0001,0.0,44,16,16,rate_uniform,0.35,90.19,cifar10-checkpoints/vgg16_L[16]_strict_seed44_schemeC_noout_mne_l2_l16_vgg16_rc1em04.pth,/home/595/sl9144/codes/snn_simulation/important_results/cifar10_vgg16_three_regs_l1_l2_mne_post_input_if/mne_l2_rc1e-4/seed_44/noise_sweep_matrix_cifar10_vgg16_T16_mode_rate_uniform_schedule_normal_seed_44.csv
cifar10,vgg16,mne_l2,mne_l2 rc=1e-4,0.0001,0.0,44,16,16,rate_uniform,0.4,90.19,cifar10-checkpoints/vgg16_L[16]_strict_seed44_schemeC_noout_mne_l2_l16_vgg16_rc1em04.pth,/home/595/sl9144/codes/snn_simulation/important_results/cifar10_vgg16_three_regs_l1_l2_mne_post_input_if/mne_l2_rc1e-4/seed_44/noise_sweep_matrix_cifar10_vgg16_T16_mode_rate_uniform_schedule_normal_seed_44.csv
cifar10,vgg16,mne_l2,mne_l2 rc=1e-4,0.0001,0.0,44,16,16,rate_uniform,0.45,90.25,cifar10-checkpoints/vgg16_L[16]_strict_seed44_schemeC_noout_mne_l2_l16_vgg16_rc1em04.pth,/home/595/sl9144/codes/snn_simulation/important_results/cifar10_vgg16_three_regs_l1_l2_mne_post_input_if/mne_l2_rc1e-4/seed_44/noise_sweep_matrix_cifar10_vgg16_T16_mode_rate_uniform_schedule_normal_seed_44.csv
cifar10,vgg16,mne_l2,mne_l2 rc=1e-4,0.0001,0.0,44,16,16,rate_uniform,0.5,90.22,cifar10-checkpoints/vgg16_L[16]_strict_seed44_schemeC_noout_mne_l2_l16_vgg16_rc1em04.pth,/home/595/sl9144/codes/snn_simulation/important_results/cifar10_vgg16_three_regs_l1_l2_mne_post_input_if/mne_l2_rc1e-4/seed_44/noise_sweep_matrix_cifar10_vgg16_T16_mode_rate_uniform_schedule_normal_seed_44.csv
cifar10,vgg16,mne_l2,mne_l2 rc=1e-4,0.0001,0.0,44,16,16,rate_uniform,0.55,90.16,cifar10-checkpoints/vgg16_L[16]_strict_seed44_schemeC_noout_mne_l2_l16_vgg16_rc1em04.pth,/home/595/sl9144/codes/snn_simulation/important_results/cifar10_vgg16_three_regs_l1_l2_mne_post_input_if/mne_l2_rc1e-4/seed_44/noise_sweep_matrix_cifar10_vgg16_T16_mode_rate_uniform_schedule_normal_seed_44.csv
cifar10,vgg16,mne_l2,mne_l2 rc=1e-4,0.0001,0.0,44,16,16,rate_uniform,0.6,90.11,cifar10-checkpoints/vgg16_L[16]_strict_seed44_schemeC_noout_mne_l2_l16_vgg16_rc1em04.pth,/home/595/sl9144/codes/snn_simulation/important_results/cifar10_vgg16_three_regs_l1_l2_mne_post_input_if/mne_l2_rc1e-4/seed_44/noise_sweep_matrix_cifar10_vgg16_T16_mode_rate_uniform_schedule_normal_seed_44.csv
cifar10,vgg16,mne_l2,mne_l2 rc=1e-4,0.0001,0.0,44,16,16,rate_uniform,0.65,90.23,cifar10-checkpoints/vgg16_L[16]_strict_seed44_schemeC_noout_mne_l2_l16_vgg16_rc1em04.pth,/home/595/sl9144/codes/snn_simulation/important_results/cifar10_vgg16_three_regs_l1_l2_mne_post_input_if/mne_l2_rc1e-4/seed_44/noise_sweep_matrix_cifar10_vgg16_T16_mode_rate_uniform_schedule_normal_seed_44.csv
cifar10,vgg16,mne_l2,mne_l2 rc=1e-4,0.0001,0.0,44,16,16,rate_uniform,0.7,90.15,cifar10-checkpoints/vgg16_L[16]_strict_seed44_schemeC_noout_mne_l2_l16_vgg16_rc1em04.pth,/home/595/sl9144/codes/snn_simulation/important_results/cifar10_vgg16_three_regs_l1_l2_mne_post_input_if/mne_l2_rc1e-4/seed_44/noise_sweep_matrix_cifar10_vgg16_T16_mode_rate_uniform_schedule_normal_seed_44.csv
cifar10,vgg16,mne_l2,mne_l2 rc=1e-4,0.0001,0.0,44,16,16,rate_uniform,0.75,90.03,cifar10-checkpoints/vgg16_L[16]_strict_seed44_schemeC_noout_mne_l2_l16_vgg16_rc1em04.pth,/home/595/sl9144/codes/snn_simulation/important_results/cifar10_vgg16_three_regs_l1_l2_mne_post_input_if/mne_l2_rc1e-4/seed_44/noise_sweep_matrix_cifar10_vgg16_T16_mode_rate_uniform_schedule_normal_seed_44.csv
cifar10,vgg16,mne_l2,mne_l2 rc=1e-4,0.0001,0.0,44,16,16,rate_uniform,0.8,89.97,cifar10-checkpoints/vgg16_L[16]_strict_seed44_schemeC_noout_mne_l2_l16_vgg16_rc1em04.pth,/home/595/sl9144/codes/snn_simulation/important_results/cifar10_vgg16_three_regs_l1_l2_mne_post_input_if/mne_l2_rc1e-4/seed_44/noise_sweep_matrix_cifar10_vgg16_T16_mode_rate_uniform_schedule_normal_seed_44.csv
cifar10,vgg16,mne_l2,mne_l2 rc=1e-4,0.0001,0.0,44,16,16,rate_uniform,0.85,90.06,cifar10-checkpoints/vgg16_L[16]_strict_seed44_schemeC_noout_mne_l2_l16_vgg16_rc1em04.pth,/home/595/sl9144/codes/snn_simulation/important_results/cifar10_vgg16_three_regs_l1_l2_mne_post_input_if/mne_l2_rc1e-4/seed_44/noise_sweep_matrix_cifar10_vgg16_T16_mode_rate_uniform_schedule_normal_seed_44.csv
cifar10,vgg16,mne_l2,mne_l2 rc=1e-4,0.0001,0.0,44,16,16,rate_uniform,0.9,89.99,cifar10-checkpoints/vgg16_L[16]_strict_seed44_schemeC_noout_mne_l2_l16_vgg16_rc1em04.pth,/home/595/sl9144/codes/snn_simulation/important_results/cifar10_vgg16_three_regs_l1_l2_mne_post_input_if/mne_l2_rc1e-4/seed_44/noise_sweep_matrix_cifar10_vgg16_T16_mode_rate_uniform_schedule_normal_seed_44.csv
cifar10,vgg16,mne_l2,mne_l2 rc=1e-4,0.0001,0.0,44,16,16,rate_uniform,0.95,89.99,cifar10-checkpoints/vgg16_L[16]_strict_seed44_schemeC_noout_mne_l2_l16_vgg16_rc1em04.pth,/home/595/sl9144/codes/snn_simulation/important_results/cifar10_vgg16_three_regs_l1_l2_mne_post_input_if/mne_l2_rc1e-4/seed_44/noise_sweep_matrix_cifar10_vgg16_T16_mode_rate_uniform_schedule_normal_seed_44.csv
cifar10,vgg16,mne_l2,mne_l2 rc=1e-4,0.0001,0.0,44,16,16,rate_uniform,1.0,89.84,cifar10-checkpoints/vgg16_L[16]_strict_seed44_schemeC_noout_mne_l2_l16_vgg16_rc1em04.pth,/home/595/sl9144/codes/snn_simulation/important_results/cifar10_vgg16_three_regs_l1_l2_mne_post_input_if/mne_l2_rc1e-4/seed_44/noise_sweep_matrix_cifar10_vgg16_T16_mode_rate_uniform_schedule_normal_seed_44.csv
cifar10,vgg16,weight_decay,weight_decay,,0.0005,40,16,16,rate_uniform,0.0,90.79,cifar10-checkpoints/vgg16_L[16]_strict_seed40_schemeC_noout_wd_l16_vgg16.pth,/home/595/sl9144/codes/snn_simulation/important_results/cifar10_vgg16_three_regs_l1_l2_mne_post_input_if/weight_decay/seed_40/noise_sweep_matrix_cifar10_vgg16_T16_mode_rate_uniform_schedule_normal_seed_40.csv
cifar10,vgg16,weight_decay,weight_decay,,0.0005,40,16,16,rate_uniform,0.05,90.76,cifar10-checkpoints/vgg16_L[16]_strict_seed40_schemeC_noout_wd_l16_vgg16.pth,/home/595/sl9144/codes/snn_simulation/important_results/cifar10_vgg16_three_regs_l1_l2_mne_post_input_if/weight_decay/seed_40/noise_sweep_matrix_cifar10_vgg16_T16_mode_rate_uniform_schedule_normal_seed_40.csv
cifar10,vgg16,weight_decay,weight_decay,,0.0005,40,16,16,rate_uniform,0.1,90.79,cifar10-checkpoints/vgg16_L[16]_strict_seed40_schemeC_noout_wd_l16_vgg16.pth,/home/595/sl9144/codes/snn_simulation/important_results/cifar10_vgg16_three_regs_l1_l2_mne_post_input_if/weight_decay/seed_40/noise_sweep_matrix_cifar10_vgg16_T16_mode_rate_uniform_schedule_normal_seed_40.csv
cifar10,vgg16,weight_decay,weight_decay,,0.0005,40,16,16,rate_uniform,0.15,90.65,cifar10-checkpoints/vgg16_L[16]_strict_seed40_schemeC_noout_wd_l16_vgg16.pth,/home/595/sl9144/codes/snn_simulation/important_results/cifar10_vgg16_three_regs_l1_l2_mne_post_input_if/weight_decay/seed_40/noise_sweep_matrix_cifar10_vgg16_T16_mode_rate_uniform_schedule_normal_seed_40.csv
cifar10,vgg16,weight_decay,weight_decay,,0.0005,40,16,16,rate_uniform,0.2,90.47,cifar10-checkpoints/vgg16_L[16]_strict_seed40_schemeC_noout_wd_l16_vgg16.pth,/home/595/sl9144/codes/snn_simulation/important_results/cifar10_vgg16_three_regs_l1_l2_mne_post_input_if/weight_decay/seed_40/noise_sweep_matrix_cifar10_vgg16_T16_mode_rate_uniform_schedule_normal_seed_40.csv
cifar10,vgg16,weight_decay,weight_decay,,0.0005,40,16,16,rate_uniform,0.25,90.29,cifar10-checkpoints/vgg16_L[16]_strict_seed40_schemeC_noout_wd_l16_vgg16.pth,/home/595/sl9144/codes/snn_simulation/important_results/cifar10_vgg16_three_regs_l1_l2_mne_post_input_if/weight_decay/seed_40/noise_sweep_matrix_cifar10_vgg16_T16_mode_rate_uniform_schedule_normal_seed_40.csv
cifar10,vgg16,weight_decay,weight_decay,,0.0005,40,16,16,rate_uniform,0.3,89.94,cifar10-checkpoints/vgg16_L[16]_strict_seed40_schemeC_noout_wd_l16_vgg16.pth,/home/595/sl9144/codes/snn_simulation/important_results/cifar10_vgg16_three_regs_l1_l2_mne_post_input_if/weight_decay/seed_40/noise_sweep_matrix_cifar10_vgg16_T16_mode_rate_uniform_schedule_normal_seed_40.csv
cifar10,vgg16,weight_decay,weight_decay,,0.0005,40,16,16,rate_uniform,0.35,89.32,cifar10-checkpoints/vgg16_L[16]_strict_seed40_schemeC_noout_wd_l16_vgg16.pth,/home/595/sl9144/codes/snn_simulation/important_results/cifar10_vgg16_three_regs_l1_l2_mne_post_input_if/weight_decay/seed_40/noise_sweep_matrix_cifar10_vgg16_T16_mode_rate_uniform_schedule_normal_seed_40.csv
cifar10,vgg16,weight_decay,weight_decay,,0.0005,40,16,16,rate_uniform,0.4,88.19,cifar10-checkpoints/vgg16_L[16]_strict_seed40_schemeC_noout_wd_l16_vgg16.pth,/home/595/sl9144/codes/snn_simulation/important_results/cifar10_vgg16_three_regs_l1_l2_mne_post_input_if/weight_decay/seed_40/noise_sweep_matrix_cifar10_vgg16_T16_mode_rate_uniform_schedule_normal_seed_40.csv
cifar10,vgg16,weight_decay,weight_decay,,0.0005,40,16,16,rate_uniform,0.45,86.78,cifar10-checkpoints/vgg16_L[16]_strict_seed40_schemeC_noout_wd_l16_vgg16.pth,/home/595/sl9144/codes/snn_simulation/important_results/cifar10_vgg16_three_regs_l1_l2_mne_post_input_if/weight_decay/seed_40/noise_sweep_matrix_cifar10_vgg16_T16_mode_rate_uniform_schedule_normal_seed_40.csv
cifar10,vgg16,weight_decay,weight_decay,,0.0005,40,16,16,rate_uniform,0.5,85.04,cifar10-checkpoints/vgg16_L[16]_strict_seed40_schemeC_noout_wd_l16_vgg16.pth,/home/595/sl9144/codes/snn_simulation/important_results/cifar10_vgg16_three_regs_l1_l2_mne_post_input_if/weight_decay/seed_40/noise_sweep_matrix_cifar10_vgg16_T16_mode_rate_uniform_schedule_normal_seed_40.csv
cifar10,vgg16,weight_decay,weight_decay,,0.0005,40,16,16,rate_uniform,0.55,81.77,cifar10-checkpoints/vgg16_L[16]_strict_seed40_schemeC_noout_wd_l16_vgg16.pth,/home/595/sl9144/codes/snn_simulation/important_results/cifar10_vgg16_three_regs_l1_l2_mne_post_input_if/weight_decay/seed_40/noise_sweep_matrix_cifar10_vgg16_T16_mode_rate_uniform_schedule_normal_seed_40.csv
cifar10,vgg16,weight_decay,weight_decay,,0.0005,40,16,16,rate_uniform,0.6,77.7,cifar10-checkpoints/vgg16_L[16]_strict_seed40_schemeC_noout_wd_l16_vgg16.pth,/home/595/sl9144/codes/snn_simulation/important_results/cifar10_vgg16_three_regs_l1_l2_mne_post_input_if/weight_decay/seed_40/noise_sweep_matrix_cifar10_vgg16_T16_mode_rate_uniform_schedule_normal_seed_40.csv
cifar10,vgg16,weight_decay,weight_decay,,0.0005,40,16,16,rate_uniform,0.65,71.87,cifar10-checkpoints/vgg16_L[16]_strict_seed40_schemeC_noout_wd_l16_vgg16.pth,/home/595/sl9144/codes/snn_simulation/important_results/cifar10_vgg16_three_regs_l1_l2_mne_post_input_if/weight_decay/seed_40/noise_sweep_matrix_cifar10_vgg16_T16_mode_rate_uniform_schedule_normal_seed_40.csv
cifar10,vgg16,weight_decay,weight_decay,,0.0005,40,16,16,rate_uniform,0.7,64.09,cifar10-checkpoints/vgg16_L[16]_strict_seed40_schemeC_noout_wd_l16_vgg16.pth,/home/595/sl9144/codes/snn_simulation/important_results/cifar10_vgg16_three_regs_l1_l2_mne_post_input_if/weight_decay/seed_40/noise_sweep_matrix_cifar10_vgg16_T16_mode_rate_uniform_schedule_normal_seed_40.csv
cifar10,vgg16,weight_decay,weight_decay,,0.0005,40,16,16,rate_uniform,0.75,54.94,cifar10-checkpoints/vgg16_L[16]_strict_seed40_schemeC_noout_wd_l16_vgg16.pth,/home/595/sl9144/codes/snn_simulation/important_results/cifar10_vgg16_three_regs_l1_l2_mne_post_input_if/weight_decay/seed_40/noise_sweep_matrix_cifar10_vgg16_T16_mode_rate_uniform_schedule_normal_seed_40.csv
cifar10,vgg16,weight_decay,weight_decay,,0.0005,40,16,16,rate_uniform,0.8,44.64,cifar10-checkpoints/vgg16_L[16]_strict_seed40_schemeC_noout_wd_l16_vgg16.pth,/home/595/sl9144/codes/snn_simulation/important_results/cifar10_vgg16_three_regs_l1_l2_mne_post_input_if/weight_decay/seed_40/noise_sweep_matrix_cifar10_vgg16_T16_mode_rate_uniform_schedule_normal_seed_40.csv
cifar10,vgg16,weight_decay,weight_decay,,0.0005,40,16,16,rate_uniform,0.85,34.33,cifar10-checkpoints/vgg16_L[16]_strict_seed40_schemeC_noout_wd_l16_vgg16.pth,/home/595/sl9144/codes/snn_simulation/important_results/cifar10_vgg16_three_regs_l1_l2_mne_post_input_if/weight_decay/seed_40/noise_sweep_matrix_cifar10_vgg16_T16_mode_rate_uniform_schedule_normal_seed_40.csv
cifar10,vgg16,weight_decay,weight_decay,,0.0005,40,16,16,rate_uniform,0.9,26.68,cifar10-checkpoints/vgg16_L[16]_strict_seed40_schemeC_noout_wd_l16_vgg16.pth,/home/595/sl9144/codes/snn_simulation/important_results/cifar10_vgg16_three_regs_l1_l2_mne_post_input_if/weight_decay/seed_40/noise_sweep_matrix_cifar10_vgg16_T16_mode_rate_uniform_schedule_normal_seed_40.csv
cifar10,vgg16,weight_decay,weight_decay,,0.0005,40,16,16,rate_uniform,0.95,21.17,cifar10-checkpoints/vgg16_L[16]_strict_seed40_schemeC_noout_wd_l16_vgg16.pth,/home/595/sl9144/codes/snn_simulation/important_results/cifar10_vgg16_three_regs_l1_l2_mne_post_input_if/weight_decay/seed_40/noise_sweep_matrix_cifar10_vgg16_T16_mode_rate_uniform_schedule_normal_seed_40.csv
cifar10,vgg16,weight_decay,weight_decay,,0.0005,40,16,16,rate_uniform,1.0,17.76,cifar10-checkpoints/vgg16_L[16]_strict_seed40_schemeC_noout_wd_l16_vgg16.pth,/home/595/sl9144/codes/snn_simulation/important_results/cifar10_vgg16_three_regs_l1_l2_mne_post_input_if/weight_decay/seed_40/noise_sweep_matrix_cifar10_vgg16_T16_mode_rate_uniform_schedule_normal_seed_40.csv
cifar10,vgg16,weight_decay,weight_decay,,0.0005,41,16,16,rate_uniform,0.0,90.45,cifar10-checkpoints/vgg16_L[16]_strict_seed41_schemeC_noout_wd_l16_vgg16.pth,/home/595/sl9144/codes/snn_simulation/important_results/cifar10_vgg16_three_regs_l1_l2_mne_post_input_if/weight_decay/seed_41/noise_sweep_matrix_cifar10_vgg16_T16_mode_rate_uniform_schedule_normal_seed_41.csv
cifar10,vgg16,weight_decay,weight_decay,,0.0005,41,16,16,rate_uniform,0.05,90.39,cifar10-checkpoints/vgg16_L[16]_strict_seed41_schemeC_noout_wd_l16_vgg16.pth,/home/595/sl9144/codes/snn_simulation/important_results/cifar10_vgg16_three_regs_l1_l2_mne_post_input_if/weight_decay/seed_41/noise_sweep_matrix_cifar10_vgg16_T16_mode_rate_uniform_schedule_normal_seed_41.csv
cifar10,vgg16,weight_decay,weight_decay,,0.0005,41,16,16,rate_uniform,0.1,90.34,cifar10-checkpoints/vgg16_L[16]_strict_seed41_schemeC_noout_wd_l16_vgg16.pth,/home/595/sl9144/codes/snn_simulation/important_results/cifar10_vgg16_three_regs_l1_l2_mne_post_input_if/weight_decay/seed_41/noise_sweep_matrix_cifar10_vgg16_T16_mode_rate_uniform_schedule_normal_seed_41.csv
cifar10,vgg16,weight_decay,weight_decay,,0.0005,41,16,16,rate_uniform,0.15,90.37,cifar10-checkpoints/vgg16_L[16]_strict_seed41_schemeC_noout_wd_l16_vgg16.pth,/home/595/sl9144/codes/snn_simulation/important_results/cifar10_vgg16_three_regs_l1_l2_mne_post_input_if/weight_decay/seed_41/noise_sweep_matrix_cifar10_vgg16_T16_mode_rate_uniform_schedule_normal_seed_41.csv
cifar10,vgg16,weight_decay,weight_decay,,0.0005,41,16,16,rate_uniform,0.2,90.31,cifar10-checkpoints/vgg16_L[16]_strict_seed41_schemeC_noout_wd_l16_vgg16.pth,/home/595/sl9144/codes/snn_simulation/important_results/cifar10_vgg16_three_regs_l1_l2_mne_post_input_if/weight_decay/seed_41/noise_sweep_matrix_cifar10_vgg16_T16_mode_rate_uniform_schedule_normal_seed_41.csv
cifar10,vgg16,weight_decay,weight_decay,,0.0005,41,16,16,rate_uniform,0.25,90.03,cifar10-checkpoints/vgg16_L[16]_strict_seed41_schemeC_noout_wd_l16_vgg16.pth,/home/595/sl9144/codes/snn_simulation/important_results/cifar10_vgg16_three_regs_l1_l2_mne_post_input_if/weight_decay/seed_41/noise_sweep_matrix_cifar10_vgg16_T16_mode_rate_uniform_schedule_normal_seed_41.csv
cifar10,vgg16,weight_decay,weight_decay,,0.0005,41,16,16,rate_uniform,0.3,89.58,cifar10-checkpoints/vgg16_L[16]_strict_seed41_schemeC_noout_wd_l16_vgg16.pth,/home/595/sl9144/codes/snn_simulation/important_results/cifar10_vgg16_three_regs_l1_l2_mne_post_input_if/weight_decay/seed_41/noise_sweep_matrix_cifar10_vgg16_T16_mode_rate_uniform_schedule_normal_seed_41.csv
cifar10,vgg16,weight_decay,weight_decay,,0.0005,41,16,16,rate_uniform,0.35,89.28,cifar10-checkpoints/vgg16_L[16]_strict_seed41_schemeC_noout_wd_l16_vgg16.pth,/home/595/sl9144/codes/snn_simulation/important_results/cifar10_vgg16_three_regs_l1_l2_mne_post_input_if/weight_decay/seed_41/noise_sweep_matrix_cifar10_vgg16_T16_mode_rate_uniform_schedule_normal_seed_41.csv
cifar10,vgg16,weight_decay,weight_decay,,0.0005,41,16,16,rate_uniform,0.4,88.21,cifar10-checkpoints/vgg16_L[16]_strict_seed41_schemeC_noout_wd_l16_vgg16.pth,/home/595/sl9144/codes/snn_simulation/important_results/cifar10_vgg16_three_regs_l1_l2_mne_post_input_if/weight_decay/seed_41/noise_sweep_matrix_cifar10_vgg16_T16_mode_rate_uniform_schedule_normal_seed_41.csv
cifar10,vgg16,weight_decay,weight_decay,,0.0005,41,16,16,rate_uniform,0.45,87.19,cifar10-checkpoints/vgg16_L[16]_strict_seed41_schemeC_noout_wd_l16_vgg16.pth,/home/595/sl9144/codes/snn_simulation/important_results/cifar10_vgg16_three_regs_l1_l2_mne_post_input_if/weight_decay/seed_41/noise_sweep_matrix_cifar10_vgg16_T16_mode_rate_uniform_schedule_normal_seed_41.csv
cifar10,vgg16,weight_decay,weight_decay,,0.0005,41,16,16,rate_uniform,0.5,85.71,cifar10-checkpoints/vgg16_L[16]_strict_seed41_schemeC_noout_wd_l16_vgg16.pth,/home/595/sl9144/codes/snn_simulation/important_results/cifar10_vgg16_three_regs_l1_l2_mne_post_input_if/weight_decay/seed_41/noise_sweep_matrix_cifar10_vgg16_T16_mode_rate_uniform_schedule_normal_seed_41.csv
cifar10,vgg16,weight_decay,weight_decay,,0.0005,41,16,16,rate_uniform,0.55,83.89,cifar10-checkpoints/vgg16_L[16]_strict_seed41_schemeC_noout_wd_l16_vgg16.pth,/home/595/sl9144/codes/snn_simulation/important_results/cifar10_vgg16_three_regs_l1_l2_mne_post_input_if/weight_decay/seed_41/noise_sweep_matrix_cifar10_vgg16_T16_mode_rate_uniform_schedule_normal_seed_41.csv
cifar10,vgg16,weight_decay,weight_decay,,0.0005,41,16,16,rate_uniform,0.6,80.24,cifar10-checkpoints/vgg16_L[16]_strict_seed41_schemeC_noout_wd_l16_vgg16.pth,/home/595/sl9144/codes/snn_simulation/important_results/cifar10_vgg16_three_regs_l1_l2_mne_post_input_if/weight_decay/seed_41/noise_sweep_matrix_cifar10_vgg16_T16_mode_rate_uniform_schedule_normal_seed_41.csv
cifar10,vgg16,weight_decay,weight_decay,,0.0005,41,16,16,rate_uniform,0.65,76.93,cifar10-checkpoints/vgg16_L[16]_strict_seed41_schemeC_noout_wd_l16_vgg16.pth,/home/595/sl9144/codes/snn_simulation/important_results/cifar10_vgg16_three_regs_l1_l2_mne_post_input_if/weight_decay/seed_41/noise_sweep_matrix_cifar10_vgg16_T16_mode_rate_uniform_schedule_normal_seed_41.csv
cifar10,vgg16,weight_decay,weight_decay,,0.0005,41,16,16,rate_uniform,0.7,71.46,cifar10-checkpoints/vgg16_L[16]_strict_seed41_schemeC_noout_wd_l16_vgg16.pth,/home/595/sl9144/codes/snn_simulation/important_results/cifar10_vgg16_three_regs_l1_l2_mne_post_input_if/weight_decay/seed_41/noise_sweep_matrix_cifar10_vgg16_T16_mode_rate_uniform_schedule_normal_seed_41.csv
cifar10,vgg16,weight_decay,weight_decay,,0.0005,41,16,16,rate_uniform,0.75,65.25,cifar10-checkpoints/vgg16_L[16]_strict_seed41_schemeC_noout_wd_l16_vgg16.pth,/home/595/sl9144/codes/snn_simulation/important_results/cifar10_vgg16_three_regs_l1_l2_mne_post_input_if/weight_decay/seed_41/noise_sweep_matrix_cifar10_vgg16_T16_mode_rate_uniform_schedule_normal_seed_41.csv
cifar10,vgg16,weight_decay,weight_decay,,0.0005,41,16,16,rate_uniform,0.8,57.12,cifar10-checkpoints/vgg16_L[16]_strict_seed41_schemeC_noout_wd_l16_vgg16.pth,/home/595/sl9144/codes/snn_simulation/important_results/cifar10_vgg16_three_regs_l1_l2_mne_post_input_if/weight_decay/seed_41/noise_sweep_matrix_cifar10_vgg16_T16_mode_rate_uniform_schedule_normal_seed_41.csv
cifar10,vgg16,weight_decay,weight_decay,,0.0005,41,16,16,rate_uniform,0.85,48.05,cifar10-checkpoints/vgg16_L[16]_strict_seed41_schemeC_noout_wd_l16_vgg16.pth,/home/595/sl9144/codes/snn_simulation/important_results/cifar10_vgg16_three_regs_l1_l2_mne_post_input_if/weight_decay/seed_41/noise_sweep_matrix_cifar10_vgg16_T16_mode_rate_uniform_schedule_normal_seed_41.csv
cifar10,vgg16,weight_decay,weight_decay,,0.0005,41,16,16,rate_uniform,0.9,38.5,cifar10-checkpoints/vgg16_L[16]_strict_seed41_schemeC_noout_wd_l16_vgg16.pth,/home/595/sl9144/codes/snn_simulation/important_results/cifar10_vgg16_three_regs_l1_l2_mne_post_input_if/weight_decay/seed_41/noise_sweep_matrix_cifar10_vgg16_T16_mode_rate_uniform_schedule_normal_seed_41.csv
cifar10,vgg16,weight_decay,weight_decay,,0.0005,41,16,16,rate_uniform,0.95,30.55,cifar10-checkpoints/vgg16_L[16]_strict_seed41_schemeC_noout_wd_l16_vgg16.pth,/home/595/sl9144/codes/snn_simulation/important_results/cifar10_vgg16_three_regs_l1_l2_mne_post_input_if/weight_decay/seed_41/noise_sweep_matrix_cifar10_vgg16_T16_mode_rate_uniform_schedule_normal_seed_41.csv
cifar10,vgg16,weight_decay,weight_decay,,0.0005,41,16,16,rate_uniform,1.0,24.24,cifar10-checkpoints/vgg16_L[16]_strict_seed41_schemeC_noout_wd_l16_vgg16.pth,/home/595/sl9144/codes/snn_simulation/important_results/cifar10_vgg16_three_regs_l1_l2_mne_post_input_if/weight_decay/seed_41/noise_sweep_matrix_cifar10_vgg16_T16_mode_rate_uniform_schedule_normal_seed_41.csv
cifar10,vgg16,weight_decay,weight_decay,,0.0005,42,16,16,rate_uniform,0.0,90.5,cifar10-checkpoints/vgg16_L[16]_strict_seed42_schemeC_noout_wd_l16_vgg16.pth,/home/595/sl9144/codes/snn_simulation/important_results/cifar10_vgg16_three_regs_l1_l2_mne_post_input_if/weight_decay/seed_42/noise_sweep_matrix_cifar10_vgg16_T16_mode_rate_uniform_schedule_normal_seed_42.csv
cifar10,vgg16,weight_decay,weight_decay,,0.0005,42,16,16,rate_uniform,0.05,90.36,cifar10-checkpoints/vgg16_L[16]_strict_seed42_schemeC_noout_wd_l16_vgg16.pth,/home/595/sl9144/codes/snn_simulation/important_results/cifar10_vgg16_three_regs_l1_l2_mne_post_input_if/weight_decay/seed_42/noise_sweep_matrix_cifar10_vgg16_T16_mode_rate_uniform_schedule_normal_seed_42.csv
cifar10,vgg16,weight_decay,weight_decay,,0.0005,42,16,16,rate_uniform,0.1,90.39,cifar10-checkpoints/vgg16_L[16]_strict_seed42_schemeC_noout_wd_l16_vgg16.pth,/home/595/sl9144/codes/snn_simulation/important_results/cifar10_vgg16_three_regs_l1_l2_mne_post_input_if/weight_decay/seed_42/noise_sweep_matrix_cifar10_vgg16_T16_mode_rate_uniform_schedule_normal_seed_42.csv
cifar10,vgg16,weight_decay,weight_decay,,0.0005,42,16,16,rate_uniform,0.15,90.4,cifar10-checkpoints/vgg16_L[16]_strict_seed42_schemeC_noout_wd_l16_vgg16.pth,/home/595/sl9144/codes/snn_simulation/important_results/cifar10_vgg16_three_regs_l1_l2_mne_post_input_if/weight_decay/seed_42/noise_sweep_matrix_cifar10_vgg16_T16_mode_rate_uniform_schedule_normal_seed_42.csv
cifar10,vgg16,weight_decay,weight_decay,,0.0005,42,16,16,rate_uniform,0.2,90.15,cifar10-checkpoints/vgg16_L[16]_strict_seed42_schemeC_noout_wd_l16_vgg16.pth,/home/595/sl9144/codes/snn_simulation/important_results/cifar10_vgg16_three_regs_l1_l2_mne_post_input_if/weight_decay/seed_42/noise_sweep_matrix_cifar10_vgg16_T16_mode_rate_uniform_schedule_normal_seed_42.csv
cifar10,vgg16,weight_decay,weight_decay,,0.0005,42,16,16,rate_uniform,0.25,89.86,cifar10-checkpoints/vgg16_L[16]_strict_seed42_schemeC_noout_wd_l16_vgg16.pth,/home/595/sl9144/codes/snn_simulation/important_results/cifar10_vgg16_three_regs_l1_l2_mne_post_input_if/weight_decay/seed_42/noise_sweep_matrix_cifar10_vgg16_T16_mode_rate_uniform_schedule_normal_seed_42.csv
cifar10,vgg16,weight_decay,weight_decay,,0.0005,42,16,16,rate_uniform,0.3,89.64,cifar10-checkpoints/vgg16_L[16]_strict_seed42_schemeC_noout_wd_l16_vgg16.pth,/home/595/sl9144/codes/snn_simulation/important_results/cifar10_vgg16_three_regs_l1_l2_mne_post_input_if/weight_decay/seed_42/noise_sweep_matrix_cifar10_vgg16_T16_mode_rate_uniform_schedule_normal_seed_42.csv
cifar10,vgg16,weight_decay,weight_decay,,0.0005,42,16,16,rate_uniform,0.35,88.95,cifar10-checkpoints/vgg16_L[16]_strict_seed42_schemeC_noout_wd_l16_vgg16.pth,/home/595/sl9144/codes/snn_simulation/important_results/cifar10_vgg16_three_regs_l1_l2_mne_post_input_if/weight_decay/seed_42/noise_sweep_matrix_cifar10_vgg16_T16_mode_rate_uniform_schedule_normal_seed_42.csv
cifar10,vgg16,weight_decay,weight_decay,,0.0005,42,16,16,rate_uniform,0.4,88.45,cifar10-checkpoints/vgg16_L[16]_strict_seed42_schemeC_noout_wd_l16_vgg16.pth,/home/595/sl9144/codes/snn_simulation/important_results/cifar10_vgg16_three_regs_l1_l2_mne_post_input_if/weight_decay/seed_42/noise_sweep_matrix_cifar10_vgg16_T16_mode_rate_uniform_schedule_normal_seed_42.csv
cifar10,vgg16,weight_decay,weight_decay,,0.0005,42,16,16,rate_uniform,0.45,87.77,cifar10-checkpoints/vgg16_L[16]_strict_seed42_schemeC_noout_wd_l16_vgg16.pth,/home/595/sl9144/codes/snn_simulation/important_results/cifar10_vgg16_three_regs_l1_l2_mne_post_input_if/weight_decay/seed_42/noise_sweep_matrix_cifar10_vgg16_T16_mode_rate_uniform_schedule_normal_seed_42.csv
cifar10,vgg16,weight_decay,weight_decay,,0.0005,42,16,16,rate_uniform,0.5,85.98,cifar10-checkpoints/vgg16_L[16]_strict_seed42_schemeC_noout_wd_l16_vgg16.pth,/home/595/sl9144/codes/snn_simulation/important_results/cifar10_vgg16_three_regs_l1_l2_mne_post_input_if/weight_decay/seed_42/noise_sweep_matrix_cifar10_vgg16_T16_mode_rate_uniform_schedule_normal_seed_42.csv
cifar10,vgg16,weight_decay,weight_decay,,0.0005,42,16,16,rate_uniform,0.55,84.03,cifar10-checkpoints/vgg16_L[16]_strict_seed42_schemeC_noout_wd_l16_vgg16.pth,/home/595/sl9144/codes/snn_simulation/important_results/cifar10_vgg16_three_regs_l1_l2_mne_post_input_if/weight_decay/seed_42/noise_sweep_matrix_cifar10_vgg16_T16_mode_rate_uniform_schedule_normal_seed_42.csv
cifar10,vgg16,weight_decay,weight_decay,,0.0005,42,16,16,rate_uniform,0.6,81.38,cifar10-checkpoints/vgg16_L[16]_strict_seed42_schemeC_noout_wd_l16_vgg16.pth,/home/595/sl9144/codes/snn_simulation/important_results/cifar10_vgg16_three_regs_l1_l2_mne_post_input_if/weight_decay/seed_42/noise_sweep_matrix_cifar10_vgg16_T16_mode_rate_uniform_schedule_normal_seed_42.csv
cifar10,vgg16,weight_decay,weight_decay,,0.0005,42,16,16,rate_uniform,0.65,78.23,cifar10-checkpoints/vgg16_L[16]_strict_seed42_schemeC_noout_wd_l16_vgg16.pth,/home/595/sl9144/codes/snn_simulation/important_results/cifar10_vgg16_three_regs_l1_l2_mne_post_input_if/weight_decay/seed_42/noise_sweep_matrix_cifar10_vgg16_T16_mode_rate_uniform_schedule_normal_seed_42.csv
cifar10,vgg16,weight_decay,weight_decay,,0.0005,42,16,16,rate_uniform,0.7,74.07,cifar10-checkpoints/vgg16_L[16]_strict_seed42_schemeC_noout_wd_l16_vgg16.pth,/home/595/sl9144/codes/snn_simulation/important_results/cifar10_vgg16_three_regs_l1_l2_mne_post_input_if/weight_decay/seed_42/noise_sweep_matrix_cifar10_vgg16_T16_mode_rate_uniform_schedule_normal_seed_42.csv
cifar10,vgg16,weight_decay,weight_decay,,0.0005,42,16,16,rate_uniform,0.75,68.67,cifar10-checkpoints/vgg16_L[16]_strict_seed42_schemeC_noout_wd_l16_vgg16.pth,/home/595/sl9144/codes/snn_simulation/important_results/cifar10_vgg16_three_regs_l1_l2_mne_post_input_if/weight_decay/seed_42/noise_sweep_matrix_cifar10_vgg16_T16_mode_rate_uniform_schedule_normal_seed_42.csv
cifar10,vgg16,weight_decay,weight_decay,,0.0005,42,16,16,rate_uniform,0.8,62.37,cifar10-checkpoints/vgg16_L[16]_strict_seed42_schemeC_noout_wd_l16_vgg16.pth,/home/595/sl9144/codes/snn_simulation/important_results/cifar10_vgg16_three_regs_l1_l2_mne_post_input_if/weight_decay/seed_42/noise_sweep_matrix_cifar10_vgg16_T16_mode_rate_uniform_schedule_normal_seed_42.csv
cifar10,vgg16,weight_decay,weight_decay,,0.0005,42,16,16,rate_uniform,0.85,55.26,cifar10-checkpoints/vgg16_L[16]_strict_seed42_schemeC_noout_wd_l16_vgg16.pth,/home/595/sl9144/codes/snn_simulation/important_results/cifar10_vgg16_three_regs_l1_l2_mne_post_input_if/weight_decay/seed_42/noise_sweep_matrix_cifar10_vgg16_T16_mode_rate_uniform_schedule_normal_seed_42.csv
cifar10,vgg16,weight_decay,weight_decay,,0.0005,42,16,16,rate_uniform,0.9,48.11,cifar10-checkpoints/vgg16_L[16]_strict_seed42_schemeC_noout_wd_l16_vgg16.pth,/home/595/sl9144/codes/snn_simulation/important_results/cifar10_vgg16_three_regs_l1_l2_mne_post_input_if/weight_decay/seed_42/noise_sweep_matrix_cifar10_vgg16_T16_mode_rate_uniform_schedule_normal_seed_42.csv
cifar10,vgg16,weight_decay,weight_decay,,0.0005,42,16,16,rate_uniform,0.95,40.96,cifar10-checkpoints/vgg16_L[16]_strict_seed42_schemeC_noout_wd_l16_vgg16.pth,/home/595/sl9144/codes/snn_simulation/important_results/cifar10_vgg16_three_regs_l1_l2_mne_post_input_if/weight_decay/seed_42/noise_sweep_matrix_cifar10_vgg16_T16_mode_rate_uniform_schedule_normal_seed_42.csv
cifar10,vgg16,weight_decay,weight_decay,,0.0005,42,16,16,rate_uniform,1.0,33.63,cifar10-checkpoints/vgg16_L[16]_strict_seed42_schemeC_noout_wd_l16_vgg16.pth,/home/595/sl9144/codes/snn_simulation/important_results/cifar10_vgg16_three_regs_l1_l2_mne_post_input_if/weight_decay/seed_42/noise_sweep_matrix_cifar10_vgg16_T16_mode_rate_uniform_schedule_normal_seed_42.csv
cifar10,vgg16,weight_decay,weight_decay,,0.0005,43,16,16,rate_uniform,0.0,90.59,cifar10-checkpoints/vgg16_L[16]_strict_seed43_schemeC_noout_wd_l16_vgg16.pth,/home/595/sl9144/codes/snn_simulation/important_results/cifar10_vgg16_three_regs_l1_l2_mne_post_input_if/weight_decay/seed_43/noise_sweep_matrix_cifar10_vgg16_T16_mode_rate_uniform_schedule_normal_seed_43.csv
cifar10,vgg16,weight_decay,weight_decay,,0.0005,43,16,16,rate_uniform,0.05,90.65,cifar10-checkpoints/vgg16_L[16]_strict_seed43_schemeC_noout_wd_l16_vgg16.pth,/home/595/sl9144/codes/snn_simulation/important_results/cifar10_vgg16_three_regs_l1_l2_mne_post_input_if/weight_decay/seed_43/noise_sweep_matrix_cifar10_vgg16_T16_mode_rate_uniform_schedule_normal_seed_43.csv
cifar10,vgg16,weight_decay,weight_decay,,0.0005,43,16,16,rate_uniform,0.1,90.6,cifar10-checkpoints/vgg16_L[16]_strict_seed43_schemeC_noout_wd_l16_vgg16.pth,/home/595/sl9144/codes/snn_simulation/important_results/cifar10_vgg16_three_regs_l1_l2_mne_post_input_if/weight_decay/seed_43/noise_sweep_matrix_cifar10_vgg16_T16_mode_rate_uniform_schedule_normal_seed_43.csv
cifar10,vgg16,weight_decay,weight_decay,,0.0005,43,16,16,rate_uniform,0.15,90.45,cifar10-checkpoints/vgg16_L[16]_strict_seed43_schemeC_noout_wd_l16_vgg16.pth,/home/595/sl9144/codes/snn_simulation/important_results/cifar10_vgg16_three_regs_l1_l2_mne_post_input_if/weight_decay/seed_43/noise_sweep_matrix_cifar10_vgg16_T16_mode_rate_uniform_schedule_normal_seed_43.csv
cifar10,vgg16,weight_decay,weight_decay,,0.0005,43,16,16,rate_uniform,0.2,90.24,cifar10-checkpoints/vgg16_L[16]_strict_seed43_schemeC_noout_wd_l16_vgg16.pth,/home/595/sl9144/codes/snn_simulation/important_results/cifar10_vgg16_three_regs_l1_l2_mne_post_input_if/weight_decay/seed_43/noise_sweep_matrix_cifar10_vgg16_T16_mode_rate_uniform_schedule_normal_seed_43.csv
cifar10,vgg16,weight_decay,weight_decay,,0.0005,43,16,16,rate_uniform,0.25,90.02,cifar10-checkpoints/vgg16_L[16]_strict_seed43_schemeC_noout_wd_l16_vgg16.pth,/home/595/sl9144/codes/snn_simulation/important_results/cifar10_vgg16_three_regs_l1_l2_mne_post_input_if/weight_decay/seed_43/noise_sweep_matrix_cifar10_vgg16_T16_mode_rate_uniform_schedule_normal_seed_43.csv
cifar10,vgg16,weight_decay,weight_decay,,0.0005,43,16,16,rate_uniform,0.3,89.57,cifar10-checkpoints/vgg16_L[16]_strict_seed43_schemeC_noout_wd_l16_vgg16.pth,/home/595/sl9144/codes/snn_simulation/important_results/cifar10_vgg16_three_regs_l1_l2_mne_post_input_if/weight_decay/seed_43/noise_sweep_matrix_cifar10_vgg16_T16_mode_rate_uniform_schedule_normal_seed_43.csv
cifar10,vgg16,weight_decay,weight_decay,,0.0005,43,16,16,rate_uniform,0.35,89.11,cifar10-checkpoints/vgg16_L[16]_strict_seed43_schemeC_noout_wd_l16_vgg16.pth,/home/595/sl9144/codes/snn_simulation/important_results/cifar10_vgg16_three_regs_l1_l2_mne_post_input_if/weight_decay/seed_43/noise_sweep_matrix_cifar10_vgg16_T16_mode_rate_uniform_schedule_normal_seed_43.csv
cifar10,vgg16,weight_decay,weight_decay,,0.0005,43,16,16,rate_uniform,0.4,87.95,cifar10-checkpoints/vgg16_L[16]_strict_seed43_schemeC_noout_wd_l16_vgg16.pth,/home/595/sl9144/codes/snn_simulation/important_results/cifar10_vgg16_three_regs_l1_l2_mne_post_input_if/weight_decay/seed_43/noise_sweep_matrix_cifar10_vgg16_T16_mode_rate_uniform_schedule_normal_seed_43.csv
cifar10,vgg16,weight_decay,weight_decay,,0.0005,43,16,16,rate_uniform,0.45,86.74,cifar10-checkpoints/vgg16_L[16]_strict_seed43_schemeC_noout_wd_l16_vgg16.pth,/home/595/sl9144/codes/snn_simulation/important_results/cifar10_vgg16_three_regs_l1_l2_mne_post_input_if/weight_decay/seed_43/noise_sweep_matrix_cifar10_vgg16_T16_mode_rate_uniform_schedule_normal_seed_43.csv
cifar10,vgg16,weight_decay,weight_decay,,0.0005,43,16,16,rate_uniform,0.5,84.54,cifar10-checkpoints/vgg16_L[16]_strict_seed43_schemeC_noout_wd_l16_vgg16.pth,/home/595/sl9144/codes/snn_simulation/important_results/cifar10_vgg16_three_regs_l1_l2_mne_post_input_if/weight_decay/seed_43/noise_sweep_matrix_cifar10_vgg16_T16_mode_rate_uniform_schedule_normal_seed_43.csv
cifar10,vgg16,weight_decay,weight_decay,,0.0005,43,16,16,rate_uniform,0.55,81.96,cifar10-checkpoints/vgg16_L[16]_strict_seed43_schemeC_noout_wd_l16_vgg16.pth,/home/595/sl9144/codes/snn_simulation/important_results/cifar10_vgg16_three_regs_l1_l2_mne_post_input_if/weight_decay/seed_43/noise_sweep_matrix_cifar10_vgg16_T16_mode_rate_uniform_schedule_normal_seed_43.csv
cifar10,vgg16,weight_decay,weight_decay,,0.0005,43,16,16,rate_uniform,0.6,78.09,cifar10-checkpoints/vgg16_L[16]_strict_seed43_schemeC_noout_wd_l16_vgg16.pth,/home/595/sl9144/codes/snn_simulation/important_results/cifar10_vgg16_three_regs_l1_l2_mne_post_input_if/weight_decay/seed_43/noise_sweep_matrix_cifar10_vgg16_T16_mode_rate_uniform_schedule_normal_seed_43.csv
cifar10,vgg16,weight_decay,weight_decay,,0.0005,43,16,16,rate_uniform,0.65,73.68,cifar10-checkpoints/vgg16_L[16]_strict_seed43_schemeC_noout_wd_l16_vgg16.pth,/home/595/sl9144/codes/snn_simulation/important_results/cifar10_vgg16_three_regs_l1_l2_mne_post_input_if/weight_decay/seed_43/noise_sweep_matrix_cifar10_vgg16_T16_mode_rate_uniform_schedule_normal_seed_43.csv
cifar10,vgg16,weight_decay,weight_decay,,0.0005,43,16,16,rate_uniform,0.7,68.14,cifar10-checkpoints/vgg16_L[16]_strict_seed43_schemeC_noout_wd_l16_vgg16.pth,/home/595/sl9144/codes/snn_simulation/important_results/cifar10_vgg16_three_regs_l1_l2_mne_post_input_if/weight_decay/seed_43/noise_sweep_matrix_cifar10_vgg16_T16_mode_rate_uniform_schedule_normal_seed_43.csv
cifar10,vgg16,weight_decay,weight_decay,,0.0005,43,16,16,rate_uniform,0.75,61.39,cifar10-checkpoints/vgg16_L[16]_strict_seed43_schemeC_noout_wd_l16_vgg16.pth,/home/595/sl9144/codes/snn_simulation/important_results/cifar10_vgg16_three_regs_l1_l2_mne_post_input_if/weight_decay/seed_43/noise_sweep_matrix_cifar10_vgg16_T16_mode_rate_uniform_schedule_normal_seed_43.csv
cifar10,vgg16,weight_decay,weight_decay,,0.0005,43,16,16,rate_uniform,0.8,53.56,cifar10-checkpoints/vgg16_L[16]_strict_seed43_schemeC_noout_wd_l16_vgg16.pth,/home/595/sl9144/codes/snn_simulation/important_results/cifar10_vgg16_three_regs_l1_l2_mne_post_input_if/weight_decay/seed_43/noise_sweep_matrix_cifar10_vgg16_T16_mode_rate_uniform_schedule_normal_seed_43.csv
cifar10,vgg16,weight_decay,weight_decay,,0.0005,43,16,16,rate_uniform,0.85,44.57,cifar10-checkpoints/vgg16_L[16]_strict_seed43_schemeC_noout_wd_l16_vgg16.pth,/home/595/sl9144/codes/snn_simulation/important_results/cifar10_vgg16_three_regs_l1_l2_mne_post_input_if/weight_decay/seed_43/noise_sweep_matrix_cifar10_vgg16_T16_mode_rate_uniform_schedule_normal_seed_43.csv
cifar10,vgg16,weight_decay,weight_decay,,0.0005,43,16,16,rate_uniform,0.9,35.81,cifar10-checkpoints/vgg16_L[16]_strict_seed43_schemeC_noout_wd_l16_vgg16.pth,/home/595/sl9144/codes/snn_simulation/important_results/cifar10_vgg16_three_regs_l1_l2_mne_post_input_if/weight_decay/seed_43/noise_sweep_matrix_cifar10_vgg16_T16_mode_rate_uniform_schedule_normal_seed_43.csv
cifar10,vgg16,weight_decay,weight_decay,,0.0005,43,16,16,rate_uniform,0.95,28.23,cifar10-checkpoints/vgg16_L[16]_strict_seed43_schemeC_noout_wd_l16_vgg16.pth,/home/595/sl9144/codes/snn_simulation/important_results/cifar10_vgg16_three_regs_l1_l2_mne_post_input_if/weight_decay/seed_43/noise_sweep_matrix_cifar10_vgg16_T16_mode_rate_uniform_schedule_normal_seed_43.csv
cifar10,vgg16,weight_decay,weight_decay,,0.0005,43,16,16,rate_uniform,1.0,22.21,cifar10-checkpoints/vgg16_L[16]_strict_seed43_schemeC_noout_wd_l16_vgg16.pth,/home/595/sl9144/codes/snn_simulation/important_results/cifar10_vgg16_three_regs_l1_l2_mne_post_input_if/weight_decay/seed_43/noise_sweep_matrix_cifar10_vgg16_T16_mode_rate_uniform_schedule_normal_seed_43.csv
cifar10,vgg16,weight_decay,weight_decay,,0.0005,44,16,16,rate_uniform,0.0,90.64,cifar10-checkpoints/vgg16_L[16]_strict_seed44_schemeC_noout_wd_l16_vgg16.pth,/home/595/sl9144/codes/snn_simulation/important_results/cifar10_vgg16_three_regs_l1_l2_mne_post_input_if/weight_decay/seed_44/noise_sweep_matrix_cifar10_vgg16_T16_mode_rate_uniform_schedule_normal_seed_44.csv
cifar10,vgg16,weight_decay,weight_decay,,0.0005,44,16,16,rate_uniform,0.05,90.44,cifar10-checkpoints/vgg16_L[16]_strict_seed44_schemeC_noout_wd_l16_vgg16.pth,/home/595/sl9144/codes/snn_simulation/important_results/cifar10_vgg16_three_regs_l1_l2_mne_post_input_if/weight_decay/seed_44/noise_sweep_matrix_cifar10_vgg16_T16_mode_rate_uniform_schedule_normal_seed_44.csv
cifar10,vgg16,weight_decay,weight_decay,,0.0005,44,16,16,rate_uniform,0.1,90.33,cifar10-checkpoints/vgg16_L[16]_strict_seed44_schemeC_noout_wd_l16_vgg16.pth,/home/595/sl9144/codes/snn_simulation/important_results/cifar10_vgg16_three_regs_l1_l2_mne_post_input_if/weight_decay/seed_44/noise_sweep_matrix_cifar10_vgg16_T16_mode_rate_uniform_schedule_normal_seed_44.csv
cifar10,vgg16,weight_decay,weight_decay,,0.0005,44,16,16,rate_uniform,0.15,90.2,cifar10-checkpoints/vgg16_L[16]_strict_seed44_schemeC_noout_wd_l16_vgg16.pth,/home/595/sl9144/codes/snn_simulation/important_results/cifar10_vgg16_three_regs_l1_l2_mne_post_input_if/weight_decay/seed_44/noise_sweep_matrix_cifar10_vgg16_T16_mode_rate_uniform_schedule_normal_seed_44.csv
cifar10,vgg16,weight_decay,weight_decay,,0.0005,44,16,16,rate_uniform,0.2,90.19,cifar10-checkpoints/vgg16_L[16]_strict_seed44_schemeC_noout_wd_l16_vgg16.pth,/home/595/sl9144/codes/snn_simulation/important_results/cifar10_vgg16_three_regs_l1_l2_mne_post_input_if/weight_decay/seed_44/noise_sweep_matrix_cifar10_vgg16_T16_mode_rate_uniform_schedule_normal_seed_44.csv
cifar10,vgg16,weight_decay,weight_decay,,0.0005,44,16,16,rate_uniform,0.25,90.03,cifar10-checkpoints/vgg16_L[16]_strict_seed44_schemeC_noout_wd_l16_vgg16.pth,/home/595/sl9144/codes/snn_simulation/important_results/cifar10_vgg16_three_regs_l1_l2_mne_post_input_if/weight_decay/seed_44/noise_sweep_matrix_cifar10_vgg16_T16_mode_rate_uniform_schedule_normal_seed_44.csv
cifar10,vgg16,weight_decay,weight_decay,,0.0005,44,16,16,rate_uniform,0.3,89.78,cifar10-checkpoints/vgg16_L[16]_strict_seed44_schemeC_noout_wd_l16_vgg16.pth,/home/595/sl9144/codes/snn_simulation/important_results/cifar10_vgg16_three_regs_l1_l2_mne_post_input_if/weight_decay/seed_44/noise_sweep_matrix_cifar10_vgg16_T16_mode_rate_uniform_schedule_normal_seed_44.csv
cifar10,vgg16,weight_decay,weight_decay,,0.0005,44,16,16,rate_uniform,0.35,88.86,cifar10-checkpoints/vgg16_L[16]_strict_seed44_schemeC_noout_wd_l16_vgg16.pth,/home/595/sl9144/codes/snn_simulation/important_results/cifar10_vgg16_three_regs_l1_l2_mne_post_input_if/weight_decay/seed_44/noise_sweep_matrix_cifar10_vgg16_T16_mode_rate_uniform_schedule_normal_seed_44.csv
cifar10,vgg16,weight_decay,weight_decay,,0.0005,44,16,16,rate_uniform,0.4,87.59,cifar10-checkpoints/vgg16_L[16]_strict_seed44_schemeC_noout_wd_l16_vgg16.pth,/home/595/sl9144/codes/snn_simulation/important_results/cifar10_vgg16_three_regs_l1_l2_mne_post_input_if/weight_decay/seed_44/noise_sweep_matrix_cifar10_vgg16_T16_mode_rate_uniform_schedule_normal_seed_44.csv
cifar10,vgg16,weight_decay,weight_decay,,0.0005,44,16,16,rate_uniform,0.45,86.14,cifar10-checkpoints/vgg16_L[16]_strict_seed44_schemeC_noout_wd_l16_vgg16.pth,/home/595/sl9144/codes/snn_simulation/important_results/cifar10_vgg16_three_regs_l1_l2_mne_post_input_if/weight_decay/seed_44/noise_sweep_matrix_cifar10_vgg16_T16_mode_rate_uniform_schedule_normal_seed_44.csv
cifar10,vgg16,weight_decay,weight_decay,,0.0005,44,16,16,rate_uniform,0.5,84.13,cifar10-checkpoints/vgg16_L[16]_strict_seed44_schemeC_noout_wd_l16_vgg16.pth,/home/595/sl9144/codes/snn_simulation/important_results/cifar10_vgg16_three_regs_l1_l2_mne_post_input_if/weight_decay/seed_44/noise_sweep_matrix_cifar10_vgg16_T16_mode_rate_uniform_schedule_normal_seed_44.csv
cifar10,vgg16,weight_decay,weight_decay,,0.0005,44,16,16,rate_uniform,0.55,81.77,cifar10-checkpoints/vgg16_L[16]_strict_seed44_schemeC_noout_wd_l16_vgg16.pth,/home/595/sl9144/codes/snn_simulation/important_results/cifar10_vgg16_three_regs_l1_l2_mne_post_input_if/weight_decay/seed_44/noise_sweep_matrix_cifar10_vgg16_T16_mode_rate_uniform_schedule_normal_seed_44.csv
cifar10,vgg16,weight_decay,weight_decay,,0.0005,44,16,16,rate_uniform,0.6,77.68,cifar10-checkpoints/vgg16_L[16]_strict_seed44_schemeC_noout_wd_l16_vgg16.pth,/home/595/sl9144/codes/snn_simulation/important_results/cifar10_vgg16_three_regs_l1_l2_mne_post_input_if/weight_decay/seed_44/noise_sweep_matrix_cifar10_vgg16_T16_mode_rate_uniform_schedule_normal_seed_44.csv
cifar10,vgg16,weight_decay,weight_decay,,0.0005,44,16,16,rate_uniform,0.65,72.91,cifar10-checkpoints/vgg16_L[16]_strict_seed44_schemeC_noout_wd_l16_vgg16.pth,/home/595/sl9144/codes/snn_simulation/important_results/cifar10_vgg16_three_regs_l1_l2_mne_post_input_if/weight_decay/seed_44/noise_sweep_matrix_cifar10_vgg16_T16_mode_rate_uniform_schedule_normal_seed_44.csv
cifar10,vgg16,weight_decay,weight_decay,,0.0005,44,16,16,rate_uniform,0.7,66.6,cifar10-checkpoints/vgg16_L[16]_strict_seed44_schemeC_noout_wd_l16_vgg16.pth,/home/595/sl9144/codes/snn_simulation/important_results/cifar10_vgg16_three_regs_l1_l2_mne_post_input_if/weight_decay/seed_44/noise_sweep_matrix_cifar10_vgg16_T16_mode_rate_uniform_schedule_normal_seed_44.csv
cifar10,vgg16,weight_decay,weight_decay,,0.0005,44,16,16,rate_uniform,0.75,57.56,cifar10-checkpoints/vgg16_L[16]_strict_seed44_schemeC_noout_wd_l16_vgg16.pth,/home/595/sl9144/codes/snn_simulation/important_results/cifar10_vgg16_three_regs_l1_l2_mne_post_input_if/weight_decay/seed_44/noise_sweep_matrix_cifar10_vgg16_T16_mode_rate_uniform_schedule_normal_seed_44.csv
cifar10,vgg16,weight_decay,weight_decay,,0.0005,44,16,16,rate_uniform,0.8,48.18,cifar10-checkpoints/vgg16_L[16]_strict_seed44_schemeC_noout_wd_l16_vgg16.pth,/home/595/sl9144/codes/snn_simulation/important_results/cifar10_vgg16_three_regs_l1_l2_mne_post_input_if/weight_decay/seed_44/noise_sweep_matrix_cifar10_vgg16_T16_mode_rate_uniform_schedule_normal_seed_44.csv
cifar10,vgg16,weight_decay,weight_decay,,0.0005,44,16,16,rate_uniform,0.85,38.6,cifar10-checkpoints/vgg16_L[16]_strict_seed44_schemeC_noout_wd_l16_vgg16.pth,/home/595/sl9144/codes/snn_simulation/important_results/cifar10_vgg16_three_regs_l1_l2_mne_post_input_if/weight_decay/seed_44/noise_sweep_matrix_cifar10_vgg16_T16_mode_rate_uniform_schedule_normal_seed_44.csv
cifar10,vgg16,weight_decay,weight_decay,,0.0005,44,16,16,rate_uniform,0.9,29.68,cifar10-checkpoints/vgg16_L[16]_strict_seed44_schemeC_noout_wd_l16_vgg16.pth,/home/595/sl9144/codes/snn_simulation/important_results/cifar10_vgg16_three_regs_l1_l2_mne_post_input_if/weight_decay/seed_44/noise_sweep_matrix_cifar10_vgg16_T16_mode_rate_uniform_schedule_normal_seed_44.csv
cifar10,vgg16,weight_decay,weight_decay,,0.0005,44,16,16,rate_uniform,0.95,22.85,cifar10-checkpoints/vgg16_L[16]_strict_seed44_schemeC_noout_wd_l16_vgg16.pth,/home/595/sl9144/codes/snn_simulation/important_results/cifar10_vgg16_three_regs_l1_l2_mne_post_input_if/weight_decay/seed_44/noise_sweep_matrix_cifar10_vgg16_T16_mode_rate_uniform_schedule_normal_seed_44.csv
cifar10,vgg16,weight_decay,weight_decay,,0.0005,44,16,16,rate_uniform,1.0,18.16,cifar10-checkpoints/vgg16_L[16]_strict_seed44_schemeC_noout_wd_l16_vgg16.pth,/home/595/sl9144/codes/snn_simulation/important_results/cifar10_vgg16_three_regs_l1_l2_mne_post_input_if/weight_decay/seed_44/noise_sweep_matrix_cifar10_vgg16_T16_mode_rate_uniform_schedule_normal_seed_44.csv
cifar10,vgg16,l1,l1 rc=1e-5,1e-05,0.0,40,16,16,rate_uniform,0.0,90.07,cifar10-checkpoints/vgg16_L[16]_strict_seed40_schemeC_noout_l1_l16_vgg16_rc1em05.pth,/home/595/sl9144/codes/snn_simulation/important_results/cifar10_vgg16_three_regs_l1_l2_mne_post_input_if/l1_rc1e-5/seed_40/noise_sweep_matrix_cifar10_vgg16_T16_mode_rate_uniform_schedule_normal_seed_40.csv
cifar10,vgg16,l1,l1 rc=1e-5,1e-05,0.0,40,16,16,rate_uniform,0.05,90.09,cifar10-checkpoints/vgg16_L[16]_strict_seed40_schemeC_noout_l1_l16_vgg16_rc1em05.pth,/home/595/sl9144/codes/snn_simulation/important_results/cifar10_vgg16_three_regs_l1_l2_mne_post_input_if/l1_rc1e-5/seed_40/noise_sweep_matrix_cifar10_vgg16_T16_mode_rate_uniform_schedule_normal_seed_40.csv
cifar10,vgg16,l1,l1 rc=1e-5,1e-05,0.0,40,16,16,rate_uniform,0.1,89.9,cifar10-checkpoints/vgg16_L[16]_strict_seed40_schemeC_noout_l1_l16_vgg16_rc1em05.pth,/home/595/sl9144/codes/snn_simulation/important_results/cifar10_vgg16_three_regs_l1_l2_mne_post_input_if/l1_rc1e-5/seed_40/noise_sweep_matrix_cifar10_vgg16_T16_mode_rate_uniform_schedule_normal_seed_40.csv
cifar10,vgg16,l1,l1 rc=1e-5,1e-05,0.0,40,16,16,rate_uniform,0.15,90.09,cifar10-checkpoints/vgg16_L[16]_strict_seed40_schemeC_noout_l1_l16_vgg16_rc1em05.pth,/home/595/sl9144/codes/snn_simulation/important_results/cifar10_vgg16_three_regs_l1_l2_mne_post_input_if/l1_rc1e-5/seed_40/noise_sweep_matrix_cifar10_vgg16_T16_mode_rate_uniform_schedule_normal_seed_40.csv
cifar10,vgg16,l1,l1 rc=1e-5,1e-05,0.0,40,16,16,rate_uniform,0.2,90.1,cifar10-checkpoints/vgg16_L[16]_strict_seed40_schemeC_noout_l1_l16_vgg16_rc1em05.pth,/home/595/sl9144/codes/snn_simulation/important_results/cifar10_vgg16_three_regs_l1_l2_mne_post_input_if/l1_rc1e-5/seed_40/noise_sweep_matrix_cifar10_vgg16_T16_mode_rate_uniform_schedule_normal_seed_40.csv
cifar10,vgg16,l1,l1 rc=1e-5,1e-05,0.0,40,16,16,rate_uniform,0.25,90.03,cifar10-checkpoints/vgg16_L[16]_strict_seed40_schemeC_noout_l1_l16_vgg16_rc1em05.pth,/home/595/sl9144/codes/snn_simulation/important_results/cifar10_vgg16_three_regs_l1_l2_mne_post_input_if/l1_rc1e-5/seed_40/noise_sweep_matrix_cifar10_vgg16_T16_mode_rate_uniform_schedule_normal_seed_40.csv
cifar10,vgg16,l1,l1 rc=1e-5,1e-05,0.0,40,16,16,rate_uniform,0.3,89.97,cifar10-checkpoints/vgg16_L[16]_strict_seed40_schemeC_noout_l1_l16_vgg16_rc1em05.pth,/home/595/sl9144/codes/snn_simulation/important_results/cifar10_vgg16_three_regs_l1_l2_mne_post_input_if/l1_rc1e-5/seed_40/noise_sweep_matrix_cifar10_vgg16_T16_mode_rate_uniform_schedule_normal_seed_40.csv
cifar10,vgg16,l1,l1 rc=1e-5,1e-05,0.0,40,16,16,rate_uniform,0.35,90.04,cifar10-checkpoints/vgg16_L[16]_strict_seed40_schemeC_noout_l1_l16_vgg16_rc1em05.pth,/home/595/sl9144/codes/snn_simulation/important_results/cifar10_vgg16_three_regs_l1_l2_mne_post_input_if/l1_rc1e-5/seed_40/noise_sweep_matrix_cifar10_vgg16_T16_mode_rate_uniform_schedule_normal_seed_40.csv
cifar10,vgg16,l1,l1 rc=1e-5,1e-05,0.0,40,16,16,rate_uniform,0.4,89.96,cifar10-checkpoints/vgg16_L[16]_strict_seed40_schemeC_noout_l1_l16_vgg16_rc1em05.pth,/home/595/sl9144/codes/snn_simulation/important_results/cifar10_vgg16_three_regs_l1_l2_mne_post_input_if/l1_rc1e-5/seed_40/noise_sweep_matrix_cifar10_vgg16_T16_mode_rate_uniform_schedule_normal_seed_40.csv
cifar10,vgg16,l1,l1 rc=1e-5,1e-05,0.0,40,16,16,rate_uniform,0.45,89.97,cifar10-checkpoints/vgg16_L[16]_strict_seed40_schemeC_noout_l1_l16_vgg16_rc1em05.pth,/home/595/sl9144/codes/snn_simulation/important_results/cifar10_vgg16_three_regs_l1_l2_mne_post_input_if/l1_rc1e-5/seed_40/noise_sweep_matrix_cifar10_vgg16_T16_mode_rate_uniform_schedule_normal_seed_40.csv
cifar10,vgg16,l1,l1 rc=1e-5,1e-05,0.0,40,16,16,rate_uniform,0.5,89.94,cifar10-checkpoints/vgg16_L[16]_strict_seed40_schemeC_noout_l1_l16_vgg16_rc1em05.pth,/home/595/sl9144/codes/snn_simulation/important_results/cifar10_vgg16_three_regs_l1_l2_mne_post_input_if/l1_rc1e-5/seed_40/noise_sweep_matrix_cifar10_vgg16_T16_mode_rate_uniform_schedule_normal_seed_40.csv
cifar10,vgg16,l1,l1 rc=1e-5,1e-05,0.0,40,16,16,rate_uniform,0.55,89.84,cifar10-checkpoints/vgg16_L[16]_strict_seed40_schemeC_noout_l1_l16_vgg16_rc1em05.pth,/home/595/sl9144/codes/snn_simulation/important_results/cifar10_vgg16_three_regs_l1_l2_mne_post_input_if/l1_rc1e-5/seed_40/noise_sweep_matrix_cifar10_vgg16_T16_mode_rate_uniform_schedule_normal_seed_40.csv
cifar10,vgg16,l1,l1 rc=1e-5,1e-05,0.0,40,16,16,rate_uniform,0.6,89.94,cifar10-checkpoints/vgg16_L[16]_strict_seed40_schemeC_noout_l1_l16_vgg16_rc1em05.pth,/home/595/sl9144/codes/snn_simulation/important_results/cifar10_vgg16_three_regs_l1_l2_mne_post_input_if/l1_rc1e-5/seed_40/noise_sweep_matrix_cifar10_vgg16_T16_mode_rate_uniform_schedule_normal_seed_40.csv
cifar10,vgg16,l1,l1 rc=1e-5,1e-05,0.0,40,16,16,rate_uniform,0.65,89.84,cifar10-checkpoints/vgg16_L[16]_strict_seed40_schemeC_noout_l1_l16_vgg16_rc1em05.pth,/home/595/sl9144/codes/snn_simulation/important_results/cifar10_vgg16_three_regs_l1_l2_mne_post_input_if/l1_rc1e-5/seed_40/noise_sweep_matrix_cifar10_vgg16_T16_mode_rate_uniform_schedule_normal_seed_40.csv
cifar10,vgg16,l1,l1 rc=1e-5,1e-05,0.0,40,16,16,rate_uniform,0.7,89.87,cifar10-checkpoints/vgg16_L[16]_strict_seed40_schemeC_noout_l1_l16_vgg16_rc1em05.pth,/home/595/sl9144/codes/snn_simulation/important_results/cifar10_vgg16_three_regs_l1_l2_mne_post_input_if/l1_rc1e-5/seed_40/noise_sweep_matrix_cifar10_vgg16_T16_mode_rate_uniform_schedule_normal_seed_40.csv
cifar10,vgg16,l1,l1 rc=1e-5,1e-05,0.0,40,16,16,rate_uniform,0.75,90.14,cifar10-checkpoints/vgg16_L[16]_strict_seed40_schemeC_noout_l1_l16_vgg16_rc1em05.pth,/home/595/sl9144/codes/snn_simulation/important_results/cifar10_vgg16_three_regs_l1_l2_mne_post_input_if/l1_rc1e-5/seed_40/noise_sweep_matrix_cifar10_vgg16_T16_mode_rate_uniform_schedule_normal_seed_40.csv
cifar10,vgg16,l1,l1 rc=1e-5,1e-05,0.0,40,16,16,rate_uniform,0.8,89.85,cifar10-checkpoints/vgg16_L[16]_strict_seed40_schemeC_noout_l1_l16_vgg16_rc1em05.pth,/home/595/sl9144/codes/snn_simulation/important_results/cifar10_vgg16_three_regs_l1_l2_mne_post_input_if/l1_rc1e-5/seed_40/noise_sweep_matrix_cifar10_vgg16_T16_mode_rate_uniform_schedule_normal_seed_40.csv
cifar10,vgg16,l1,l1 rc=1e-5,1e-05,0.0,40,16,16,rate_uniform,0.85,89.89,cifar10-checkpoints/vgg16_L[16]_strict_seed40_schemeC_noout_l1_l16_vgg16_rc1em05.pth,/home/595/sl9144/codes/snn_simulation/important_results/cifar10_vgg16_three_regs_l1_l2_mne_post_input_if/l1_rc1e-5/seed_40/noise_sweep_matrix_cifar10_vgg16_T16_mode_rate_uniform_schedule_normal_seed_40.csv
cifar10,vgg16,l1,l1 rc=1e-5,1e-05,0.0,40,16,16,rate_uniform,0.9,89.78,cifar10-checkpoints/vgg16_L[16]_strict_seed40_schemeC_noout_l1_l16_vgg16_rc1em05.pth,/home/595/sl9144/codes/snn_simulation/important_results/cifar10_vgg16_three_regs_l1_l2_mne_post_input_if/l1_rc1e-5/seed_40/noise_sweep_matrix_cifar10_vgg16_T16_mode_rate_uniform_schedule_normal_seed_40.csv
cifar10,vgg16,l1,l1 rc=1e-5,1e-05,0.0,40,16,16,rate_uniform,0.95,89.64,cifar10-checkpoints/vgg16_L[16]_strict_seed40_schemeC_noout_l1_l16_vgg16_rc1em05.pth,/home/595/sl9144/codes/snn_simulation/important_results/cifar10_vgg16_three_regs_l1_l2_mne_post_input_if/l1_rc1e-5/seed_40/noise_sweep_matrix_cifar10_vgg16_T16_mode_rate_uniform_schedule_normal_seed_40.csv
cifar10,vgg16,l1,l1 rc=1e-5,1e-05,0.0,40,16,16,rate_uniform,1.0,89.63,cifar10-checkpoints/vgg16_L[16]_strict_seed40_schemeC_noout_l1_l16_vgg16_rc1em05.pth,/home/595/sl9144/codes/snn_simulation/important_results/cifar10_vgg16_three_regs_l1_l2_mne_post_input_if/l1_rc1e-5/seed_40/noise_sweep_matrix_cifar10_vgg16_T16_mode_rate_uniform_schedule_normal_seed_40.csv
cifar10,vgg16,l1,l1 rc=1e-5,1e-05,0.0,41,16,16,rate_uniform,0.0,89.69,cifar10-checkpoints/vgg16_L[16]_strict_seed41_schemeC_noout_l1_l16_vgg16_rc1em05.pth,/home/595/sl9144/codes/snn_simulation/important_results/cifar10_vgg16_three_regs_l1_l2_mne_post_input_if/l1_rc1e-5/seed_41/noise_sweep_matrix_cifar10_vgg16_T16_mode_rate_uniform_schedule_normal_seed_41.csv
cifar10,vgg16,l1,l1 rc=1e-5,1e-05,0.0,41,16,16,rate_uniform,0.05,89.69,cifar10-checkpoints/vgg16_L[16]_strict_seed41_schemeC_noout_l1_l16_vgg16_rc1em05.pth,/home/595/sl9144/codes/snn_simulation/important_results/cifar10_vgg16_three_regs_l1_l2_mne_post_input_if/l1_rc1e-5/seed_41/noise_sweep_matrix_cifar10_vgg16_T16_mode_rate_uniform_schedule_normal_seed_41.csv
cifar10,vgg16,l1,l1 rc=1e-5,1e-05,0.0,41,16,16,rate_uniform,0.1,89.64,cifar10-checkpoints/vgg16_L[16]_strict_seed41_schemeC_noout_l1_l16_vgg16_rc1em05.pth,/home/595/sl9144/codes/snn_simulation/important_results/cifar10_vgg16_three_regs_l1_l2_mne_post_input_if/l1_rc1e-5/seed_41/noise_sweep_matrix_cifar10_vgg16_T16_mode_rate_uniform_schedule_normal_seed_41.csv
cifar10,vgg16,l1,l1 rc=1e-5,1e-05,0.0,41,16,16,rate_uniform,0.15,89.59,cifar10-checkpoints/vgg16_L[16]_strict_seed41_schemeC_noout_l1_l16_vgg16_rc1em05.pth,/home/595/sl9144/codes/snn_simulation/important_results/cifar10_vgg16_three_regs_l1_l2_mne_post_input_if/l1_rc1e-5/seed_41/noise_sweep_matrix_cifar10_vgg16_T16_mode_rate_uniform_schedule_normal_seed_41.csv
cifar10,vgg16,l1,l1 rc=1e-5,1e-05,0.0,41,16,16,rate_uniform,0.2,89.68,cifar10-checkpoints/vgg16_L[16]_strict_seed41_schemeC_noout_l1_l16_vgg16_rc1em05.pth,/home/595/sl9144/codes/snn_simulation/important_results/cifar10_vgg16_three_regs_l1_l2_mne_post_input_if/l1_rc1e-5/seed_41/noise_sweep_matrix_cifar10_vgg16_T16_mode_rate_uniform_schedule_normal_seed_41.csv
cifar10,vgg16,l1,l1 rc=1e-5,1e-05,0.0,41,16,16,rate_uniform,0.25,89.62,cifar10-checkpoints/vgg16_L[16]_strict_seed41_schemeC_noout_l1_l16_vgg16_rc1em05.pth,/home/595/sl9144/codes/snn_simulation/important_results/cifar10_vgg16_three_regs_l1_l2_mne_post_input_if/l1_rc1e-5/seed_41/noise_sweep_matrix_cifar10_vgg16_T16_mode_rate_uniform_schedule_normal_seed_41.csv
cifar10,vgg16,l1,l1 rc=1e-5,1e-05,0.0,41,16,16,rate_uniform,0.3,89.63,cifar10-checkpoints/vgg16_L[16]_strict_seed41_schemeC_noout_l1_l16_vgg16_rc1em05.pth,/home/595/sl9144/codes/snn_simulation/important_results/cifar10_vgg16_three_regs_l1_l2_mne_post_input_if/l1_rc1e-5/seed_41/noise_sweep_matrix_cifar10_vgg16_T16_mode_rate_uniform_schedule_normal_seed_41.csv
cifar10,vgg16,l1,l1 rc=1e-5,1e-05,0.0,41,16,16,rate_uniform,0.35,89.65,cifar10-checkpoints/vgg16_L[16]_strict_seed41_schemeC_noout_l1_l16_vgg16_rc1em05.pth,/home/595/sl9144/codes/snn_simulation/important_results/cifar10_vgg16_three_regs_l1_l2_mne_post_input_if/l1_rc1e-5/seed_41/noise_sweep_matrix_cifar10_vgg16_T16_mode_rate_uniform_schedule_normal_seed_41.csv
cifar10,vgg16,l1,l1 rc=1e-5,1e-05,0.0,41,16,16,rate_uniform,0.4,89.62,cifar10-checkpoints/vgg16_L[16]_strict_seed41_schemeC_noout_l1_l16_vgg16_rc1em05.pth,/home/595/sl9144/codes/snn_simulation/important_results/cifar10_vgg16_three_regs_l1_l2_mne_post_input_if/l1_rc1e-5/seed_41/noise_sweep_matrix_cifar10_vgg16_T16_mode_rate_uniform_schedule_normal_seed_41.csv
cifar10,vgg16,l1,l1 rc=1e-5,1e-05,0.0,41,16,16,rate_uniform,0.45,89.72,cifar10-checkpoints/vgg16_L[16]_strict_seed41_schemeC_noout_l1_l16_vgg16_rc1em05.pth,/home/595/sl9144/codes/snn_simulation/important_results/cifar10_vgg16_three_regs_l1_l2_mne_post_input_if/l1_rc1e-5/seed_41/noise_sweep_matrix_cifar10_vgg16_T16_mode_rate_uniform_schedule_normal_seed_41.csv
cifar10,vgg16,l1,l1 rc=1e-5,1e-05,0.0,41,16,16,rate_uniform,0.5,89.62,cifar10-checkpoints/vgg16_L[16]_strict_seed41_schemeC_noout_l1_l16_vgg16_rc1em05.pth,/home/595/sl9144/codes/snn_simulation/important_results/cifar10_vgg16_three_regs_l1_l2_mne_post_input_if/l1_rc1e-5/seed_41/noise_sweep_matrix_cifar10_vgg16_T16_mode_rate_uniform_schedule_normal_seed_41.csv
cifar10,vgg16,l1,l1 rc=1e-5,1e-05,0.0,41,16,16,rate_uniform,0.55,89.55,cifar10-checkpoints/vgg16_L[16]_strict_seed41_schemeC_noout_l1_l16_vgg16_rc1em05.pth,/home/595/sl9144/codes/snn_simulation/important_results/cifar10_vgg16_three_regs_l1_l2_mne_post_input_if/l1_rc1e-5/seed_41/noise_sweep_matrix_cifar10_vgg16_T16_mode_rate_uniform_schedule_normal_seed_41.csv
cifar10,vgg16,l1,l1 rc=1e-5,1e-05,0.0,41,16,16,rate_uniform,0.6,89.67,cifar10-checkpoints/vgg16_L[16]_strict_seed41_schemeC_noout_l1_l16_vgg16_rc1em05.pth,/home/595/sl9144/codes/snn_simulation/important_results/cifar10_vgg16_three_regs_l1_l2_mne_post_input_if/l1_rc1e-5/seed_41/noise_sweep_matrix_cifar10_vgg16_T16_mode_rate_uniform_schedule_normal_seed_41.csv
cifar10,vgg16,l1,l1 rc=1e-5,1e-05,0.0,41,16,16,rate_uniform,0.65,89.75,cifar10-checkpoints/vgg16_L[16]_strict_seed41_schemeC_noout_l1_l16_vgg16_rc1em05.pth,/home/595/sl9144/codes/snn_simulation/important_results/cifar10_vgg16_three_regs_l1_l2_mne_post_input_if/l1_rc1e-5/seed_41/noise_sweep_matrix_cifar10_vgg16_T16_mode_rate_uniform_schedule_normal_seed_41.csv
cifar10,vgg16,l1,l1 rc=1e-5,1e-05,0.0,41,16,16,rate_uniform,0.7,89.48,cifar10-checkpoints/vgg16_L[16]_strict_seed41_schemeC_noout_l1_l16_vgg16_rc1em05.pth,/home/595/sl9144/codes/snn_simulation/important_results/cifar10_vgg16_three_regs_l1_l2_mne_post_input_if/l1_rc1e-5/seed_41/noise_sweep_matrix_cifar10_vgg16_T16_mode_rate_uniform_schedule_normal_seed_41.csv
cifar10,vgg16,l1,l1 rc=1e-5,1e-05,0.0,41,16,16,rate_uniform,0.75,89.44,cifar10-checkpoints/vgg16_L[16]_strict_seed41_schemeC_noout_l1_l16_vgg16_rc1em05.pth,/home/595/sl9144/codes/snn_simulation/important_results/cifar10_vgg16_three_regs_l1_l2_mne_post_input_if/l1_rc1e-5/seed_41/noise_sweep_matrix_cifar10_vgg16_T16_mode_rate_uniform_schedule_normal_seed_41.csv
cifar10,vgg16,l1,l1 rc=1e-5,1e-05,0.0,41,16,16,rate_uniform,0.8,89.66,cifar10-checkpoints/vgg16_L[16]_strict_seed41_schemeC_noout_l1_l16_vgg16_rc1em05.pth,/home/595/sl9144/codes/snn_simulation/important_results/cifar10_vgg16_three_regs_l1_l2_mne_post_input_if/l1_rc1e-5/seed_41/noise_sweep_matrix_cifar10_vgg16_T16_mode_rate_uniform_schedule_normal_seed_41.csv
cifar10,vgg16,l1,l1 rc=1e-5,1e-05,0.0,41,16,16,rate_uniform,0.85,89.55,cifar10-checkpoints/vgg16_L[16]_strict_seed41_schemeC_noout_l1_l16_vgg16_rc1em05.pth,/home/595/sl9144/codes/snn_simulation/important_results/cifar10_vgg16_three_regs_l1_l2_mne_post_input_if/l1_rc1e-5/seed_41/noise_sweep_matrix_cifar10_vgg16_T16_mode_rate_uniform_schedule_normal_seed_41.csv
cifar10,vgg16,l1,l1 rc=1e-5,1e-05,0.0,41,16,16,rate_uniform,0.9,89.39,cifar10-checkpoints/vgg16_L[16]_strict_seed41_schemeC_noout_l1_l16_vgg16_rc1em05.pth,/home/595/sl9144/codes/snn_simulation/important_results/cifar10_vgg16_three_regs_l1_l2_mne_post_input_if/l1_rc1e-5/seed_41/noise_sweep_matrix_cifar10_vgg16_T16_mode_rate_uniform_schedule_normal_seed_41.csv
cifar10,vgg16,l1,l1 rc=1e-5,1e-05,0.0,41,16,16,rate_uniform,0.95,89.61,cifar10-checkpoints/vgg16_L[16]_strict_seed41_schemeC_noout_l1_l16_vgg16_rc1em05.pth,/home/595/sl9144/codes/snn_simulation/important_results/cifar10_vgg16_three_regs_l1_l2_mne_post_input_if/l1_rc1e-5/seed_41/noise_sweep_matrix_cifar10_vgg16_T16_mode_rate_uniform_schedule_normal_seed_41.csv
cifar10,vgg16,l1,l1 rc=1e-5,1e-05,0.0,41,16,16,rate_uniform,1.0,89.38,cifar10-checkpoints/vgg16_L[16]_strict_seed41_schemeC_noout_l1_l16_vgg16_rc1em05.pth,/home/595/sl9144/codes/snn_simulation/important_results/cifar10_vgg16_three_regs_l1_l2_mne_post_input_if/l1_rc1e-5/seed_41/noise_sweep_matrix_cifar10_vgg16_T16_mode_rate_uniform_schedule_normal_seed_41.csv
cifar10,vgg16,l1,l1 rc=1e-5,1e-05,0.0,42,16,16,rate_uniform,0.0,89.73,cifar10-checkpoints/vgg16_L[16]_strict_seed42_schemeC_noout_l1_l16_vgg16_rc1em05.pth,/home/595/sl9144/codes/snn_simulation/important_results/cifar10_vgg16_three_regs_l1_l2_mne_post_input_if/l1_rc1e-5/seed_42/noise_sweep_matrix_cifar10_vgg16_T16_mode_rate_uniform_schedule_normal_seed_42.csv
cifar10,vgg16,l1,l1 rc=1e-5,1e-05,0.0,42,16,16,rate_uniform,0.05,89.71,cifar10-checkpoints/vgg16_L[16]_strict_seed42_schemeC_noout_l1_l16_vgg16_rc1em05.pth,/home/595/sl9144/codes/snn_simulation/important_results/cifar10_vgg16_three_regs_l1_l2_mne_post_input_if/l1_rc1e-5/seed_42/noise_sweep_matrix_cifar10_vgg16_T16_mode_rate_uniform_schedule_normal_seed_42.csv
cifar10,vgg16,l1,l1 rc=1e-5,1e-05,0.0,42,16,16,rate_uniform,0.1,89.65,cifar10-checkpoints/vgg16_L[16]_strict_seed42_schemeC_noout_l1_l16_vgg16_rc1em05.pth,/home/595/sl9144/codes/snn_simulation/important_results/cifar10_vgg16_three_regs_l1_l2_mne_post_input_if/l1_rc1e-5/seed_42/noise_sweep_matrix_cifar10_vgg16_T16_mode_rate_uniform_schedule_normal_seed_42.csv
cifar10,vgg16,l1,l1 rc=1e-5,1e-05,0.0,42,16,16,rate_uniform,0.15,89.67,cifar10-checkpoints/vgg16_L[16]_strict_seed42_schemeC_noout_l1_l16_vgg16_rc1em05.pth,/home/595/sl9144/codes/snn_simulation/important_results/cifar10_vgg16_three_regs_l1_l2_mne_post_input_if/l1_rc1e-5/seed_42/noise_sweep_matrix_cifar10_vgg16_T16_mode_rate_uniform_schedule_normal_seed_42.csv
cifar10,vgg16,l1,l1 rc=1e-5,1e-05,0.0,42,16,16,rate_uniform,0.2,89.57,cifar10-checkpoints/vgg16_L[16]_strict_seed42_schemeC_noout_l1_l16_vgg16_rc1em05.pth,/home/595/sl9144/codes/snn_simulation/important_results/cifar10_vgg16_three_regs_l1_l2_mne_post_input_if/l1_rc1e-5/seed_42/noise_sweep_matrix_cifar10_vgg16_T16_mode_rate_uniform_schedule_normal_seed_42.csv
cifar10,vgg16,l1,l1 rc=1e-5,1e-05,0.0,42,16,16,rate_uniform,0.25,89.68,cifar10-checkpoints/vgg16_L[16]_strict_seed42_schemeC_noout_l1_l16_vgg16_rc1em05.pth,/home/595/sl9144/codes/snn_simulation/important_results/cifar10_vgg16_three_regs_l1_l2_mne_post_input_if/l1_rc1e-5/seed_42/noise_sweep_matrix_cifar10_vgg16_T16_mode_rate_uniform_schedule_normal_seed_42.csv
cifar10,vgg16,l1,l1 rc=1e-5,1e-05,0.0,42,16,16,rate_uniform,0.3,89.57,cifar10-checkpoints/vgg16_L[16]_strict_seed42_schemeC_noout_l1_l16_vgg16_rc1em05.pth,/home/595/sl9144/codes/snn_simulation/important_results/cifar10_vgg16_three_regs_l1_l2_mne_post_input_if/l1_rc1e-5/seed_42/noise_sweep_matrix_cifar10_vgg16_T16_mode_rate_uniform_schedule_normal_seed_42.csv
cifar10,vgg16,l1,l1 rc=1e-5,1e-05,0.0,42,16,16,rate_uniform,0.35,89.63,cifar10-checkpoints/vgg16_L[16]_strict_seed42_schemeC_noout_l1_l16_vgg16_rc1em05.pth,/home/595/sl9144/codes/snn_simulation/important_results/cifar10_vgg16_three_regs_l1_l2_mne_post_input_if/l1_rc1e-5/seed_42/noise_sweep_matrix_cifar10_vgg16_T16_mode_rate_uniform_schedule_normal_seed_42.csv
cifar10,vgg16,l1,l1 rc=1e-5,1e-05,0.0,42,16,16,rate_uniform,0.4,89.6,cifar10-checkpoints/vgg16_L[16]_strict_seed42_schemeC_noout_l1_l16_vgg16_rc1em05.pth,/home/595/sl9144/codes/snn_simulation/important_results/cifar10_vgg16_three_regs_l1_l2_mne_post_input_if/l1_rc1e-5/seed_42/noise_sweep_matrix_cifar10_vgg16_T16_mode_rate_uniform_schedule_normal_seed_42.csv
cifar10,vgg16,l1,l1 rc=1e-5,1e-05,0.0,42,16,16,rate_uniform,0.45,89.61,cifar10-checkpoints/vgg16_L[16]_strict_seed42_schemeC_noout_l1_l16_vgg16_rc1em05.pth,/home/595/sl9144/codes/snn_simulation/important_results/cifar10_vgg16_three_regs_l1_l2_mne_post_input_if/l1_rc1e-5/seed_42/noise_sweep_matrix_cifar10_vgg16_T16_mode_rate_uniform_schedule_normal_seed_42.csv
cifar10,vgg16,l1,l1 rc=1e-5,1e-05,0.0,42,16,16,rate_uniform,0.5,89.48,cifar10-checkpoints/vgg16_L[16]_strict_seed42_schemeC_noout_l1_l16_vgg16_rc1em05.pth,/home/595/sl9144/codes/snn_simulation/important_results/cifar10_vgg16_three_regs_l1_l2_mne_post_input_if/l1_rc1e-5/seed_42/noise_sweep_matrix_cifar10_vgg16_T16_mode_rate_uniform_schedule_normal_seed_42.csv
cifar10,vgg16,l1,l1 rc=1e-5,1e-05,0.0,42,16,16,rate_uniform,0.55,89.54,cifar10-checkpoints/vgg16_L[16]_strict_seed42_schemeC_noout_l1_l16_vgg16_rc1em05.pth,/home/595/sl9144/codes/snn_simulation/important_results/cifar10_vgg16_three_regs_l1_l2_mne_post_input_if/l1_rc1e-5/seed_42/noise_sweep_matrix_cifar10_vgg16_T16_mode_rate_uniform_schedule_normal_seed_42.csv
cifar10,vgg16,l1,l1 rc=1e-5,1e-05,0.0,42,16,16,rate_uniform,0.6,89.59,cifar10-checkpoints/vgg16_L[16]_strict_seed42_schemeC_noout_l1_l16_vgg16_rc1em05.pth,/home/595/sl9144/codes/snn_simulation/important_results/cifar10_vgg16_three_regs_l1_l2_mne_post_input_if/l1_rc1e-5/seed_42/noise_sweep_matrix_cifar10_vgg16_T16_mode_rate_uniform_schedule_normal_seed_42.csv
cifar10,vgg16,l1,l1 rc=1e-5,1e-05,0.0,42,16,16,rate_uniform,0.65,89.54,cifar10-checkpoints/vgg16_L[16]_strict_seed42_schemeC_noout_l1_l16_vgg16_rc1em05.pth,/home/595/sl9144/codes/snn_simulation/important_results/cifar10_vgg16_three_regs_l1_l2_mne_post_input_if/l1_rc1e-5/seed_42/noise_sweep_matrix_cifar10_vgg16_T16_mode_rate_uniform_schedule_normal_seed_42.csv
cifar10,vgg16,l1,l1 rc=1e-5,1e-05,0.0,42,16,16,rate_uniform,0.7,89.41,cifar10-checkpoints/vgg16_L[16]_strict_seed42_schemeC_noout_l1_l16_vgg16_rc1em05.pth,/home/595/sl9144/codes/snn_simulation/important_results/cifar10_vgg16_three_regs_l1_l2_mne_post_input_if/l1_rc1e-5/seed_42/noise_sweep_matrix_cifar10_vgg16_T16_mode_rate_uniform_schedule_normal_seed_42.csv
cifar10,vgg16,l1,l1 rc=1e-5,1e-05,0.0,42,16,16,rate_uniform,0.75,89.45,cifar10-checkpoints/vgg16_L[16]_strict_seed42_schemeC_noout_l1_l16_vgg16_rc1em05.pth,/home/595/sl9144/codes/snn_simulation/important_results/cifar10_vgg16_three_regs_l1_l2_mne_post_input_if/l1_rc1e-5/seed_42/noise_sweep_matrix_cifar10_vgg16_T16_mode_rate_uniform_schedule_normal_seed_42.csv
cifar10,vgg16,l1,l1 rc=1e-5,1e-05,0.0,42,16,16,rate_uniform,0.8,89.45,cifar10-checkpoints/vgg16_L[16]_strict_seed42_schemeC_noout_l1_l16_vgg16_rc1em05.pth,/home/595/sl9144/codes/snn_simulation/important_results/cifar10_vgg16_three_regs_l1_l2_mne_post_input_if/l1_rc1e-5/seed_42/noise_sweep_matrix_cifar10_vgg16_T16_mode_rate_uniform_schedule_normal_seed_42.csv
cifar10,vgg16,l1,l1 rc=1e-5,1e-05,0.0,42,16,16,rate_uniform,0.85,89.55,cifar10-checkpoints/vgg16_L[16]_strict_seed42_schemeC_noout_l1_l16_vgg16_rc1em05.pth,/home/595/sl9144/codes/snn_simulation/important_results/cifar10_vgg16_three_regs_l1_l2_mne_post_input_if/l1_rc1e-5/seed_42/noise_sweep_matrix_cifar10_vgg16_T16_mode_rate_uniform_schedule_normal_seed_42.csv
cifar10,vgg16,l1,l1 rc=1e-5,1e-05,0.0,42,16,16,rate_uniform,0.9,89.49,cifar10-checkpoints/vgg16_L[16]_strict_seed42_schemeC_noout_l1_l16_vgg16_rc1em05.pth,/home/595/sl9144/codes/snn_simulation/important_results/cifar10_vgg16_three_regs_l1_l2_mne_post_input_if/l1_rc1e-5/seed_42/noise_sweep_matrix_cifar10_vgg16_T16_mode_rate_uniform_schedule_normal_seed_42.csv
cifar10,vgg16,l1,l1 rc=1e-5,1e-05,0.0,42,16,16,rate_uniform,0.95,89.42,cifar10-checkpoints/vgg16_L[16]_strict_seed42_schemeC_noout_l1_l16_vgg16_rc1em05.pth,/home/595/sl9144/codes/snn_simulation/important_results/cifar10_vgg16_three_regs_l1_l2_mne_post_input_if/l1_rc1e-5/seed_42/noise_sweep_matrix_cifar10_vgg16_T16_mode_rate_uniform_schedule_normal_seed_42.csv
cifar10,vgg16,l1,l1 rc=1e-5,1e-05,0.0,42,16,16,rate_uniform,1.0,89.3,cifar10-checkpoints/vgg16_L[16]_strict_seed42_schemeC_noout_l1_l16_vgg16_rc1em05.pth,/home/595/sl9144/codes/snn_simulation/important_results/cifar10_vgg16_three_regs_l1_l2_mne_post_input_if/l1_rc1e-5/seed_42/noise_sweep_matrix_cifar10_vgg16_T16_mode_rate_uniform_schedule_normal_seed_42.csv
cifar10,vgg16,l1,l1 rc=1e-5,1e-05,0.0,43,16,16,rate_uniform,0.0,89.77,cifar10-checkpoints/vgg16_L[16]_strict_seed43_schemeC_noout_l1_l16_vgg16_rc1em05.pth,/home/595/sl9144/codes/snn_simulation/important_results/cifar10_vgg16_three_regs_l1_l2_mne_post_input_if/l1_rc1e-5/seed_43/noise_sweep_matrix_cifar10_vgg16_T16_mode_rate_uniform_schedule_normal_seed_43.csv
cifar10,vgg16,l1,l1 rc=1e-5,1e-05,0.0,43,16,16,rate_uniform,0.05,89.78,cifar10-checkpoints/vgg16_L[16]_strict_seed43_schemeC_noout_l1_l16_vgg16_rc1em05.pth,/home/595/sl9144/codes/snn_simulation/important_results/cifar10_vgg16_three_regs_l1_l2_mne_post_input_if/l1_rc1e-5/seed_43/noise_sweep_matrix_cifar10_vgg16_T16_mode_rate_uniform_schedule_normal_seed_43.csv
cifar10,vgg16,l1,l1 rc=1e-5,1e-05,0.0,43,16,16,rate_uniform,0.1,89.79,cifar10-checkpoints/vgg16_L[16]_strict_seed43_schemeC_noout_l1_l16_vgg16_rc1em05.pth,/home/595/sl9144/codes/snn_simulation/important_results/cifar10_vgg16_three_regs_l1_l2_mne_post_input_if/l1_rc1e-5/seed_43/noise_sweep_matrix_cifar10_vgg16_T16_mode_rate_uniform_schedule_normal_seed_43.csv
cifar10,vgg16,l1,l1 rc=1e-5,1e-05,0.0,43,16,16,rate_uniform,0.15,89.71,cifar10-checkpoints/vgg16_L[16]_strict_seed43_schemeC_noout_l1_l16_vgg16_rc1em05.pth,/home/595/sl9144/codes/snn_simulation/important_results/cifar10_vgg16_three_regs_l1_l2_mne_post_input_if/l1_rc1e-5/seed_43/noise_sweep_matrix_cifar10_vgg16_T16_mode_rate_uniform_schedule_normal_seed_43.csv
cifar10,vgg16,l1,l1 rc=1e-5,1e-05,0.0,43,16,16,rate_uniform,0.2,89.82,cifar10-checkpoints/vgg16_L[16]_strict_seed43_schemeC_noout_l1_l16_vgg16_rc1em05.pth,/home/595/sl9144/codes/snn_simulation/important_results/cifar10_vgg16_three_regs_l1_l2_mne_post_input_if/l1_rc1e-5/seed_43/noise_sweep_matrix_cifar10_vgg16_T16_mode_rate_uniform_schedule_normal_seed_43.csv
cifar10,vgg16,l1,l1 rc=1e-5,1e-05,0.0,43,16,16,rate_uniform,0.25,89.7,cifar10-checkpoints/vgg16_L[16]_strict_seed43_schemeC_noout_l1_l16_vgg16_rc1em05.pth,/home/595/sl9144/codes/snn_simulation/important_results/cifar10_vgg16_three_regs_l1_l2_mne_post_input_if/l1_rc1e-5/seed_43/noise_sweep_matrix_cifar10_vgg16_T16_mode_rate_uniform_schedule_normal_seed_43.csv
cifar10,vgg16,l1,l1 rc=1e-5,1e-05,0.0,43,16,16,rate_uniform,0.3,89.74,cifar10-checkpoints/vgg16_L[16]_strict_seed43_schemeC_noout_l1_l16_vgg16_rc1em05.pth,/home/595/sl9144/codes/snn_simulation/important_results/cifar10_vgg16_three_regs_l1_l2_mne_post_input_if/l1_rc1e-5/seed_43/noise_sweep_matrix_cifar10_vgg16_T16_mode_rate_uniform_schedule_normal_seed_43.csv
cifar10,vgg16,l1,l1 rc=1e-5,1e-05,0.0,43,16,16,rate_uniform,0.35,89.73,cifar10-checkpoints/vgg16_L[16]_strict_seed43_schemeC_noout_l1_l16_vgg16_rc1em05.pth,/home/595/sl9144/codes/snn_simulation/important_results/cifar10_vgg16_three_regs_l1_l2_mne_post_input_if/l1_rc1e-5/seed_43/noise_sweep_matrix_cifar10_vgg16_T16_mode_rate_uniform_schedule_normal_seed_43.csv
cifar10,vgg16,l1,l1 rc=1e-5,1e-05,0.0,43,16,16,rate_uniform,0.4,89.62,cifar10-checkpoints/vgg16_L[16]_strict_seed43_schemeC_noout_l1_l16_vgg16_rc1em05.pth,/home/595/sl9144/codes/snn_simulation/important_results/cifar10_vgg16_three_regs_l1_l2_mne_post_input_if/l1_rc1e-5/seed_43/noise_sweep_matrix_cifar10_vgg16_T16_mode_rate_uniform_schedule_normal_seed_43.csv
cifar10,vgg16,l1,l1 rc=1e-5,1e-05,0.0,43,16,16,rate_uniform,0.45,89.71,cifar10-checkpoints/vgg16_L[16]_strict_seed43_schemeC_noout_l1_l16_vgg16_rc1em05.pth,/home/595/sl9144/codes/snn_simulation/important_results/cifar10_vgg16_three_regs_l1_l2_mne_post_input_if/l1_rc1e-5/seed_43/noise_sweep_matrix_cifar10_vgg16_T16_mode_rate_uniform_schedule_normal_seed_43.csv
cifar10,vgg16,l1,l1 rc=1e-5,1e-05,0.0,43,16,16,rate_uniform,0.5,89.65,cifar10-checkpoints/vgg16_L[16]_strict_seed43_schemeC_noout_l1_l16_vgg16_rc1em05.pth,/home/595/sl9144/codes/snn_simulation/important_results/cifar10_vgg16_three_regs_l1_l2_mne_post_input_if/l1_rc1e-5/seed_43/noise_sweep_matrix_cifar10_vgg16_T16_mode_rate_uniform_schedule_normal_seed_43.csv
cifar10,vgg16,l1,l1 rc=1e-5,1e-05,0.0,43,16,16,rate_uniform,0.55,89.64,cifar10-checkpoints/vgg16_L[16]_strict_seed43_schemeC_noout_l1_l16_vgg16_rc1em05.pth,/home/595/sl9144/codes/snn_simulation/important_results/cifar10_vgg16_three_regs_l1_l2_mne_post_input_if/l1_rc1e-5/seed_43/noise_sweep_matrix_cifar10_vgg16_T16_mode_rate_uniform_schedule_normal_seed_43.csv
cifar10,vgg16,l1,l1 rc=1e-5,1e-05,0.0,43,16,16,rate_uniform,0.6,89.64,cifar10-checkpoints/vgg16_L[16]_strict_seed43_schemeC_noout_l1_l16_vgg16_rc1em05.pth,/home/595/sl9144/codes/snn_simulation/important_results/cifar10_vgg16_three_regs_l1_l2_mne_post_input_if/l1_rc1e-5/seed_43/noise_sweep_matrix_cifar10_vgg16_T16_mode_rate_uniform_schedule_normal_seed_43.csv
cifar10,vgg16,l1,l1 rc=1e-5,1e-05,0.0,43,16,16,rate_uniform,0.65,89.75,cifar10-checkpoints/vgg16_L[16]_strict_seed43_schemeC_noout_l1_l16_vgg16_rc1em05.pth,/home/595/sl9144/codes/snn_simulation/important_results/cifar10_vgg16_three_regs_l1_l2_mne_post_input_if/l1_rc1e-5/seed_43/noise_sweep_matrix_cifar10_vgg16_T16_mode_rate_uniform_schedule_normal_seed_43.csv
cifar10,vgg16,l1,l1 rc=1e-5,1e-05,0.0,43,16,16,rate_uniform,0.7,89.49,cifar10-checkpoints/vgg16_L[16]_strict_seed43_schemeC_noout_l1_l16_vgg16_rc1em05.pth,/home/595/sl9144/codes/snn_simulation/important_results/cifar10_vgg16_three_regs_l1_l2_mne_post_input_if/l1_rc1e-5/seed_43/noise_sweep_matrix_cifar10_vgg16_T16_mode_rate_uniform_schedule_normal_seed_43.csv
cifar10,vgg16,l1,l1 rc=1e-5,1e-05,0.0,43,16,16,rate_uniform,0.75,89.59,cifar10-checkpoints/vgg16_L[16]_strict_seed43_schemeC_noout_l1_l16_vgg16_rc1em05.pth,/home/595/sl9144/codes/snn_simulation/important_results/cifar10_vgg16_three_regs_l1_l2_mne_post_input_if/l1_rc1e-5/seed_43/noise_sweep_matrix_cifar10_vgg16_T16_mode_rate_uniform_schedule_normal_seed_43.csv
cifar10,vgg16,l1,l1 rc=1e-5,1e-05,0.0,43,16,16,rate_uniform,0.8,89.88,cifar10-checkpoints/vgg16_L[16]_strict_seed43_schemeC_noout_l1_l16_vgg16_rc1em05.pth,/home/595/sl9144/codes/snn_simulation/important_results/cifar10_vgg16_three_regs_l1_l2_mne_post_input_if/l1_rc1e-5/seed_43/noise_sweep_matrix_cifar10_vgg16_T16_mode_rate_uniform_schedule_normal_seed_43.csv
cifar10,vgg16,l1,l1 rc=1e-5,1e-05,0.0,43,16,16,rate_uniform,0.85,89.58,cifar10-checkpoints/vgg16_L[16]_strict_seed43_schemeC_noout_l1_l16_vgg16_rc1em05.pth,/home/595/sl9144/codes/snn_simulation/important_results/cifar10_vgg16_three_regs_l1_l2_mne_post_input_if/l1_rc1e-5/seed_43/noise_sweep_matrix_cifar10_vgg16_T16_mode_rate_uniform_schedule_normal_seed_43.csv
cifar10,vgg16,l1,l1 rc=1e-5,1e-05,0.0,43,16,16,rate_uniform,0.9,89.58,cifar10-checkpoints/vgg16_L[16]_strict_seed43_schemeC_noout_l1_l16_vgg16_rc1em05.pth,/home/595/sl9144/codes/snn_simulation/important_results/cifar10_vgg16_three_regs_l1_l2_mne_post_input_if/l1_rc1e-5/seed_43/noise_sweep_matrix_cifar10_vgg16_T16_mode_rate_uniform_schedule_normal_seed_43.csv
cifar10,vgg16,l1,l1 rc=1e-5,1e-05,0.0,43,16,16,rate_uniform,0.95,89.59,cifar10-checkpoints/vgg16_L[16]_strict_seed43_schemeC_noout_l1_l16_vgg16_rc1em05.pth,/home/595/sl9144/codes/snn_simulation/important_results/cifar10_vgg16_three_regs_l1_l2_mne_post_input_if/l1_rc1e-5/seed_43/noise_sweep_matrix_cifar10_vgg16_T16_mode_rate_uniform_schedule_normal_seed_43.csv
cifar10,vgg16,l1,l1 rc=1e-5,1e-05,0.0,43,16,16,rate_uniform,1.0,89.45,cifar10-checkpoints/vgg16_L[16]_strict_seed43_schemeC_noout_l1_l16_vgg16_rc1em05.pth,/home/595/sl9144/codes/snn_simulation/important_results/cifar10_vgg16_three_regs_l1_l2_mne_post_input_if/l1_rc1e-5/seed_43/noise_sweep_matrix_cifar10_vgg16_T16_mode_rate_uniform_schedule_normal_seed_43.csv
cifar10,vgg16,l1,l1 rc=1e-5,1e-05,0.0,44,16,16,rate_uniform,0.0,90.11,cifar10-checkpoints/vgg16_L[16]_strict_seed44_schemeC_noout_l1_l16_vgg16_rc1em05.pth,/home/595/sl9144/codes/snn_simulation/important_results/cifar10_vgg16_three_regs_l1_l2_mne_post_input_if/l1_rc1e-5/seed_44/noise_sweep_matrix_cifar10_vgg16_T16_mode_rate_uniform_schedule_normal_seed_44.csv
cifar10,vgg16,l1,l1 rc=1e-5,1e-05,0.0,44,16,16,rate_uniform,0.05,89.99,cifar10-checkpoints/vgg16_L[16]_strict_seed44_schemeC_noout_l1_l16_vgg16_rc1em05.pth,/home/595/sl9144/codes/snn_simulation/important_results/cifar10_vgg16_three_regs_l1_l2_mne_post_input_if/l1_rc1e-5/seed_44/noise_sweep_matrix_cifar10_vgg16_T16_mode_rate_uniform_schedule_normal_seed_44.csv
cifar10,vgg16,l1,l1 rc=1e-5,1e-05,0.0,44,16,16,rate_uniform,0.1,90.05,cifar10-checkpoints/vgg16_L[16]_strict_seed44_schemeC_noout_l1_l16_vgg16_rc1em05.pth,/home/595/sl9144/codes/snn_simulation/important_results/cifar10_vgg16_three_regs_l1_l2_mne_post_input_if/l1_rc1e-5/seed_44/noise_sweep_matrix_cifar10_vgg16_T16_mode_rate_uniform_schedule_normal_seed_44.csv
cifar10,vgg16,l1,l1 rc=1e-5,1e-05,0.0,44,16,16,rate_uniform,0.15,90.06,cifar10-checkpoints/vgg16_L[16]_strict_seed44_schemeC_noout_l1_l16_vgg16_rc1em05.pth,/home/595/sl9144/codes/snn_simulation/important_results/cifar10_vgg16_three_regs_l1_l2_mne_post_input_if/l1_rc1e-5/seed_44/noise_sweep_matrix_cifar10_vgg16_T16_mode_rate_uniform_schedule_normal_seed_44.csv
cifar10,vgg16,l1,l1 rc=1e-5,1e-05,0.0,44,16,16,rate_uniform,0.2,90.07,cifar10-checkpoints/vgg16_L[16]_strict_seed44_schemeC_noout_l1_l16_vgg16_rc1em05.pth,/home/595/sl9144/codes/snn_simulation/important_results/cifar10_vgg16_three_regs_l1_l2_mne_post_input_if/l1_rc1e-5/seed_44/noise_sweep_matrix_cifar10_vgg16_T16_mode_rate_uniform_schedule_normal_seed_44.csv
cifar10,vgg16,l1,l1 rc=1e-5,1e-05,0.0,44,16,16,rate_uniform,0.25,90.0,cifar10-checkpoints/vgg16_L[16]_strict_seed44_schemeC_noout_l1_l16_vgg16_rc1em05.pth,/home/595/sl9144/codes/snn_simulation/important_results/cifar10_vgg16_three_regs_l1_l2_mne_post_input_if/l1_rc1e-5/seed_44/noise_sweep_matrix_cifar10_vgg16_T16_mode_rate_uniform_schedule_normal_seed_44.csv
cifar10,vgg16,l1,l1 rc=1e-5,1e-05,0.0,44,16,16,rate_uniform,0.3,90.0,cifar10-checkpoints/vgg16_L[16]_strict_seed44_schemeC_noout_l1_l16_vgg16_rc1em05.pth,/home/595/sl9144/codes/snn_simulation/important_results/cifar10_vgg16_three_regs_l1_l2_mne_post_input_if/l1_rc1e-5/seed_44/noise_sweep_matrix_cifar10_vgg16_T16_mode_rate_uniform_schedule_normal_seed_44.csv
cifar10,vgg16,l1,l1 rc=1e-5,1e-05,0.0,44,16,16,rate_uniform,0.35,90.11,cifar10-checkpoints/vgg16_L[16]_strict_seed44_schemeC_noout_l1_l16_vgg16_rc1em05.pth,/home/595/sl9144/codes/snn_simulation/important_results/cifar10_vgg16_three_regs_l1_l2_mne_post_input_if/l1_rc1e-5/seed_44/noise_sweep_matrix_cifar10_vgg16_T16_mode_rate_uniform_schedule_normal_seed_44.csv
cifar10,vgg16,l1,l1 rc=1e-5,1e-05,0.0,44,16,16,rate_uniform,0.4,89.95,cifar10-checkpoints/vgg16_L[16]_strict_seed44_schemeC_noout_l1_l16_vgg16_rc1em05.pth,/home/595/sl9144/codes/snn_simulation/important_results/cifar10_vgg16_three_regs_l1_l2_mne_post_input_if/l1_rc1e-5/seed_44/noise_sweep_matrix_cifar10_vgg16_T16_mode_rate_uniform_schedule_normal_seed_44.csv
cifar10,vgg16,l1,l1 rc=1e-5,1e-05,0.0,44,16,16,rate_uniform,0.45,89.96,cifar10-checkpoints/vgg16_L[16]_strict_seed44_schemeC_noout_l1_l16_vgg16_rc1em05.pth,/home/595/sl9144/codes/snn_simulation/important_results/cifar10_vgg16_three_regs_l1_l2_mne_post_input_if/l1_rc1e-5/seed_44/noise_sweep_matrix_cifar10_vgg16_T16_mode_rate_uniform_schedule_normal_seed_44.csv
cifar10,vgg16,l1,l1 rc=1e-5,1e-05,0.0,44,16,16,rate_uniform,0.5,90.01,cifar10-checkpoints/vgg16_L[16]_strict_seed44_schemeC_noout_l1_l16_vgg16_rc1em05.pth,/home/595/sl9144/codes/snn_simulation/important_results/cifar10_vgg16_three_regs_l1_l2_mne_post_input_if/l1_rc1e-5/seed_44/noise_sweep_matrix_cifar10_vgg16_T16_mode_rate_uniform_schedule_normal_seed_44.csv
cifar10,vgg16,l1,l1 rc=1e-5,1e-05,0.0,44,16,16,rate_uniform,0.55,89.92,cifar10-checkpoints/vgg16_L[16]_strict_seed44_schemeC_noout_l1_l16_vgg16_rc1em05.pth,/home/595/sl9144/codes/snn_simulation/important_results/cifar10_vgg16_three_regs_l1_l2_mne_post_input_if/l1_rc1e-5/seed_44/noise_sweep_matrix_cifar10_vgg16_T16_mode_rate_uniform_schedule_normal_seed_44.csv
cifar10,vgg16,l1,l1 rc=1e-5,1e-05,0.0,44,16,16,rate_uniform,0.6,89.94,cifar10-checkpoints/vgg16_L[16]_strict_seed44_schemeC_noout_l1_l16_vgg16_rc1em05.pth,/home/595/sl9144/codes/snn_simulation/important_results/cifar10_vgg16_three_regs_l1_l2_mne_post_input_if/l1_rc1e-5/seed_44/noise_sweep_matrix_cifar10_vgg16_T16_mode_rate_uniform_schedule_normal_seed_44.csv
cifar10,vgg16,l1,l1 rc=1e-5,1e-05,0.0,44,16,16,rate_uniform,0.65,89.97,cifar10-checkpoints/vgg16_L[16]_strict_seed44_schemeC_noout_l1_l16_vgg16_rc1em05.pth,/home/595/sl9144/codes/snn_simulation/important_results/cifar10_vgg16_three_regs_l1_l2_mne_post_input_if/l1_rc1e-5/seed_44/noise_sweep_matrix_cifar10_vgg16_T16_mode_rate_uniform_schedule_normal_seed_44.csv
cifar10,vgg16,l1,l1 rc=1e-5,1e-05,0.0,44,16,16,rate_uniform,0.7,89.97,cifar10-checkpoints/vgg16_L[16]_strict_seed44_schemeC_noout_l1_l16_vgg16_rc1em05.pth,/home/595/sl9144/codes/snn_simulation/important_results/cifar10_vgg16_three_regs_l1_l2_mne_post_input_if/l1_rc1e-5/seed_44/noise_sweep_matrix_cifar10_vgg16_T16_mode_rate_uniform_schedule_normal_seed_44.csv
cifar10,vgg16,l1,l1 rc=1e-5,1e-05,0.0,44,16,16,rate_uniform,0.75,89.93,cifar10-checkpoints/vgg16_L[16]_strict_seed44_schemeC_noout_l1_l16_vgg16_rc1em05.pth,/home/595/sl9144/codes/snn_simulation/important_results/cifar10_vgg16_three_regs_l1_l2_mne_post_input_if/l1_rc1e-5/seed_44/noise_sweep_matrix_cifar10_vgg16_T16_mode_rate_uniform_schedule_normal_seed_44.csv
cifar10,vgg16,l1,l1 rc=1e-5,1e-05,0.0,44,16,16,rate_uniform,0.8,89.86,cifar10-checkpoints/vgg16_L[16]_strict_seed44_schemeC_noout_l1_l16_vgg16_rc1em05.pth,/home/595/sl9144/codes/snn_simulation/important_results/cifar10_vgg16_three_regs_l1_l2_mne_post_input_if/l1_rc1e-5/seed_44/noise_sweep_matrix_cifar10_vgg16_T16_mode_rate_uniform_schedule_normal_seed_44.csv
cifar10,vgg16,l1,l1 rc=1e-5,1e-05,0.0,44,16,16,rate_uniform,0.85,89.92,cifar10-checkpoints/vgg16_L[16]_strict_seed44_schemeC_noout_l1_l16_vgg16_rc1em05.pth,/home/595/sl9144/codes/snn_simulation/important_results/cifar10_vgg16_three_regs_l1_l2_mne_post_input_if/l1_rc1e-5/seed_44/noise_sweep_matrix_cifar10_vgg16_T16_mode_rate_uniform_schedule_normal_seed_44.csv
cifar10,vgg16,l1,l1 rc=1e-5,1e-05,0.0,44,16,16,rate_uniform,0.9,89.73,cifar10-checkpoints/vgg16_L[16]_strict_seed44_schemeC_noout_l1_l16_vgg16_rc1em05.pth,/home/595/sl9144/codes/snn_simulation/important_results/cifar10_vgg16_three_regs_l1_l2_mne_post_input_if/l1_rc1e-5/seed_44/noise_sweep_matrix_cifar10_vgg16_T16_mode_rate_uniform_schedule_normal_seed_44.csv
cifar10,vgg16,l1,l1 rc=1e-5,1e-05,0.0,44,16,16,rate_uniform,0.95,89.76,cifar10-checkpoints/vgg16_L[16]_strict_seed44_schemeC_noout_l1_l16_vgg16_rc1em05.pth,/home/595/sl9144/codes/snn_simulation/important_results/cifar10_vgg16_three_regs_l1_l2_mne_post_input_if/l1_rc1e-5/seed_44/noise_sweep_matrix_cifar10_vgg16_T16_mode_rate_uniform_schedule_normal_seed_44.csv
cifar10,vgg16,l1,l1 rc=1e-5,1e-05,0.0,44,16,16,rate_uniform,1.0,89.78,cifar10-checkpoints/vgg16_L[16]_strict_seed44_schemeC_noout_l1_l16_vgg16_rc1em05.pth,/home/595/sl9144/codes/snn_simulation/important_results/cifar10_vgg16_three_regs_l1_l2_mne_post_input_if/l1_rc1e-5/seed_44/noise_sweep_matrix_cifar10_vgg16_T16_mode_rate_uniform_schedule_normal_seed_44.csv
