arch,hidden_size,regularizer,seed,L,T,if_mode,sigma,acc,checkpoint,matrix_csv
fc3_h4,4,mne_l2,40,16,16,rate_uniform,0.0,86.26,mnist-checkpoints/fc3_h4_L[16]_strict_seed40_ablation_mne_l2_l16_fc3_h4_rc5em02.pth,noise3_exp/ablation_mne_l2_vs_weight_decay_l16_fc3_h4_h8_h16_h32_h64_h128/strict_seed_train_rate_uniform_L16_T16/fc3_h4/mne_l2/seed_40/noise_sweep_matrix_mnist_fc3_h4_T16_mode_rate_uniform_schedule_normal_seed_40.csv
fc3_h4,4,mne_l2,40,16,16,rate_uniform,0.05,86.22,mnist-checkpoints/fc3_h4_L[16]_strict_seed40_ablation_mne_l2_l16_fc3_h4_rc5em02.pth,noise3_exp/ablation_mne_l2_vs_weight_decay_l16_fc3_h4_h8_h16_h32_h64_h128/strict_seed_train_rate_uniform_L16_T16/fc3_h4/mne_l2/seed_40/noise_sweep_matrix_mnist_fc3_h4_T16_mode_rate_uniform_schedule_normal_seed_40.csv
fc3_h4,4,mne_l2,40,16,16,rate_uniform,0.1,86.19,mnist-checkpoints/fc3_h4_L[16]_strict_seed40_ablation_mne_l2_l16_fc3_h4_rc5em02.pth,noise3_exp/ablation_mne_l2_vs_weight_decay_l16_fc3_h4_h8_h16_h32_h64_h128/strict_seed_train_rate_uniform_L16_T16/fc3_h4/mne_l2/seed_40/noise_sweep_matrix_mnist_fc3_h4_T16_mode_rate_uniform_schedule_normal_seed_40.csv
fc3_h4,4,mne_l2,40,16,16,rate_uniform,0.15,86.2,mnist-checkpoints/fc3_h4_L[16]_strict_seed40_ablation_mne_l2_l16_fc3_h4_rc5em02.pth,noise3_exp/ablation_mne_l2_vs_weight_decay_l16_fc3_h4_h8_h16_h32_h64_h128/strict_seed_train_rate_uniform_L16_T16/fc3_h4/mne_l2/seed_40/noise_sweep_matrix_mnist_fc3_h4_T16_mode_rate_uniform_schedule_normal_seed_40.csv
fc3_h4,4,mne_l2,40,16,16,rate_uniform,0.2,86.36,mnist-checkpoints/fc3_h4_L[16]_strict_seed40_ablation_mne_l2_l16_fc3_h4_rc5em02.pth,noise3_exp/ablation_mne_l2_vs_weight_decay_l16_fc3_h4_h8_h16_h32_h64_h128/strict_seed_train_rate_uniform_L16_T16/fc3_h4/mne_l2/seed_40/noise_sweep_matrix_mnist_fc3_h4_T16_mode_rate_uniform_schedule_normal_seed_40.csv
fc3_h4,4,mne_l2,40,16,16,rate_uniform,0.25,86.21,mnist-checkpoints/fc3_h4_L[16]_strict_seed40_ablation_mne_l2_l16_fc3_h4_rc5em02.pth,noise3_exp/ablation_mne_l2_vs_weight_decay_l16_fc3_h4_h8_h16_h32_h64_h128/strict_seed_train_rate_uniform_L16_T16/fc3_h4/mne_l2/seed_40/noise_sweep_matrix_mnist_fc3_h4_T16_mode_rate_uniform_schedule_normal_seed_40.csv
fc3_h4,4,mne_l2,40,16,16,rate_uniform,0.3,85.97,mnist-checkpoints/fc3_h4_L[16]_strict_seed40_ablation_mne_l2_l16_fc3_h4_rc5em02.pth,noise3_exp/ablation_mne_l2_vs_weight_decay_l16_fc3_h4_h8_h16_h32_h64_h128/strict_seed_train_rate_uniform_L16_T16/fc3_h4/mne_l2/seed_40/noise_sweep_matrix_mnist_fc3_h4_T16_mode_rate_uniform_schedule_normal_seed_40.csv
fc3_h4,4,mne_l2,40,16,16,rate_uniform,0.35,85.87,mnist-checkpoints/fc3_h4_L[16]_strict_seed40_ablation_mne_l2_l16_fc3_h4_rc5em02.pth,noise3_exp/ablation_mne_l2_vs_weight_decay_l16_fc3_h4_h8_h16_h32_h64_h128/strict_seed_train_rate_uniform_L16_T16/fc3_h4/mne_l2/seed_40/noise_sweep_matrix_mnist_fc3_h4_T16_mode_rate_uniform_schedule_normal_seed_40.csv
fc3_h4,4,mne_l2,40,16,16,rate_uniform,0.4,85.58,mnist-checkpoints/fc3_h4_L[16]_strict_seed40_ablation_mne_l2_l16_fc3_h4_rc5em02.pth,noise3_exp/ablation_mne_l2_vs_weight_decay_l16_fc3_h4_h8_h16_h32_h64_h128/strict_seed_train_rate_uniform_L16_T16/fc3_h4/mne_l2/seed_40/noise_sweep_matrix_mnist_fc3_h4_T16_mode_rate_uniform_schedule_normal_seed_40.csv
fc3_h4,4,mne_l2,40,16,16,rate_uniform,0.45,84.96,mnist-checkpoints/fc3_h4_L[16]_strict_seed40_ablation_mne_l2_l16_fc3_h4_rc5em02.pth,noise3_exp/ablation_mne_l2_vs_weight_decay_l16_fc3_h4_h8_h16_h32_h64_h128/strict_seed_train_rate_uniform_L16_T16/fc3_h4/mne_l2/seed_40/noise_sweep_matrix_mnist_fc3_h4_T16_mode_rate_uniform_schedule_normal_seed_40.csv
fc3_h4,4,mne_l2,40,16,16,rate_uniform,0.5,85.19,mnist-checkpoints/fc3_h4_L[16]_strict_seed40_ablation_mne_l2_l16_fc3_h4_rc5em02.pth,noise3_exp/ablation_mne_l2_vs_weight_decay_l16_fc3_h4_h8_h16_h32_h64_h128/strict_seed_train_rate_uniform_L16_T16/fc3_h4/mne_l2/seed_40/noise_sweep_matrix_mnist_fc3_h4_T16_mode_rate_uniform_schedule_normal_seed_40.csv
fc3_h4,4,mne_l2,40,16,16,rate_uniform,0.55,84.2,mnist-checkpoints/fc3_h4_L[16]_strict_seed40_ablation_mne_l2_l16_fc3_h4_rc5em02.pth,noise3_exp/ablation_mne_l2_vs_weight_decay_l16_fc3_h4_h8_h16_h32_h64_h128/strict_seed_train_rate_uniform_L16_T16/fc3_h4/mne_l2/seed_40/noise_sweep_matrix_mnist_fc3_h4_T16_mode_rate_uniform_schedule_normal_seed_40.csv
fc3_h4,4,mne_l2,40,16,16,rate_uniform,0.6,83.31,mnist-checkpoints/fc3_h4_L[16]_strict_seed40_ablation_mne_l2_l16_fc3_h4_rc5em02.pth,noise3_exp/ablation_mne_l2_vs_weight_decay_l16_fc3_h4_h8_h16_h32_h64_h128/strict_seed_train_rate_uniform_L16_T16/fc3_h4/mne_l2/seed_40/noise_sweep_matrix_mnist_fc3_h4_T16_mode_rate_uniform_schedule_normal_seed_40.csv
fc3_h4,4,mne_l2,40,16,16,rate_uniform,0.65,82.11,mnist-checkpoints/fc3_h4_L[16]_strict_seed40_ablation_mne_l2_l16_fc3_h4_rc5em02.pth,noise3_exp/ablation_mne_l2_vs_weight_decay_l16_fc3_h4_h8_h16_h32_h64_h128/strict_seed_train_rate_uniform_L16_T16/fc3_h4/mne_l2/seed_40/noise_sweep_matrix_mnist_fc3_h4_T16_mode_rate_uniform_schedule_normal_seed_40.csv
fc3_h4,4,mne_l2,40,16,16,rate_uniform,0.7,80.99,mnist-checkpoints/fc3_h4_L[16]_strict_seed40_ablation_mne_l2_l16_fc3_h4_rc5em02.pth,noise3_exp/ablation_mne_l2_vs_weight_decay_l16_fc3_h4_h8_h16_h32_h64_h128/strict_seed_train_rate_uniform_L16_T16/fc3_h4/mne_l2/seed_40/noise_sweep_matrix_mnist_fc3_h4_T16_mode_rate_uniform_schedule_normal_seed_40.csv
fc3_h4,4,mne_l2,40,16,16,rate_uniform,0.75,79.08,mnist-checkpoints/fc3_h4_L[16]_strict_seed40_ablation_mne_l2_l16_fc3_h4_rc5em02.pth,noise3_exp/ablation_mne_l2_vs_weight_decay_l16_fc3_h4_h8_h16_h32_h64_h128/strict_seed_train_rate_uniform_L16_T16/fc3_h4/mne_l2/seed_40/noise_sweep_matrix_mnist_fc3_h4_T16_mode_rate_uniform_schedule_normal_seed_40.csv
fc3_h4,4,mne_l2,40,16,16,rate_uniform,0.8,77.13,mnist-checkpoints/fc3_h4_L[16]_strict_seed40_ablation_mne_l2_l16_fc3_h4_rc5em02.pth,noise3_exp/ablation_mne_l2_vs_weight_decay_l16_fc3_h4_h8_h16_h32_h64_h128/strict_seed_train_rate_uniform_L16_T16/fc3_h4/mne_l2/seed_40/noise_sweep_matrix_mnist_fc3_h4_T16_mode_rate_uniform_schedule_normal_seed_40.csv
fc3_h4,4,mne_l2,40,16,16,rate_uniform,0.85,74.54,mnist-checkpoints/fc3_h4_L[16]_strict_seed40_ablation_mne_l2_l16_fc3_h4_rc5em02.pth,noise3_exp/ablation_mne_l2_vs_weight_decay_l16_fc3_h4_h8_h16_h32_h64_h128/strict_seed_train_rate_uniform_L16_T16/fc3_h4/mne_l2/seed_40/noise_sweep_matrix_mnist_fc3_h4_T16_mode_rate_uniform_schedule_normal_seed_40.csv
fc3_h4,4,mne_l2,40,16,16,rate_uniform,0.9,72.58,mnist-checkpoints/fc3_h4_L[16]_strict_seed40_ablation_mne_l2_l16_fc3_h4_rc5em02.pth,noise3_exp/ablation_mne_l2_vs_weight_decay_l16_fc3_h4_h8_h16_h32_h64_h128/strict_seed_train_rate_uniform_L16_T16/fc3_h4/mne_l2/seed_40/noise_sweep_matrix_mnist_fc3_h4_T16_mode_rate_uniform_schedule_normal_seed_40.csv
fc3_h4,4,mne_l2,40,16,16,rate_uniform,0.95,69.32,mnist-checkpoints/fc3_h4_L[16]_strict_seed40_ablation_mne_l2_l16_fc3_h4_rc5em02.pth,noise3_exp/ablation_mne_l2_vs_weight_decay_l16_fc3_h4_h8_h16_h32_h64_h128/strict_seed_train_rate_uniform_L16_T16/fc3_h4/mne_l2/seed_40/noise_sweep_matrix_mnist_fc3_h4_T16_mode_rate_uniform_schedule_normal_seed_40.csv
fc3_h4,4,mne_l2,40,16,16,rate_uniform,1.0,66.24,mnist-checkpoints/fc3_h4_L[16]_strict_seed40_ablation_mne_l2_l16_fc3_h4_rc5em02.pth,noise3_exp/ablation_mne_l2_vs_weight_decay_l16_fc3_h4_h8_h16_h32_h64_h128/strict_seed_train_rate_uniform_L16_T16/fc3_h4/mne_l2/seed_40/noise_sweep_matrix_mnist_fc3_h4_T16_mode_rate_uniform_schedule_normal_seed_40.csv
fc3_h4,4,mne_l2,41,16,16,rate_uniform,0.0,68.51,mnist-checkpoints/fc3_h4_L[16]_strict_seed41_ablation_mne_l2_l16_fc3_h4_rc5em02.pth,noise3_exp/ablation_mne_l2_vs_weight_decay_l16_fc3_h4_h8_h16_h32_h64_h128/strict_seed_train_rate_uniform_L16_T16/fc3_h4/mne_l2/seed_41/noise_sweep_matrix_mnist_fc3_h4_T16_mode_rate_uniform_schedule_normal_seed_41.csv
fc3_h4,4,mne_l2,41,16,16,rate_uniform,0.05,68.53,mnist-checkpoints/fc3_h4_L[16]_strict_seed41_ablation_mne_l2_l16_fc3_h4_rc5em02.pth,noise3_exp/ablation_mne_l2_vs_weight_decay_l16_fc3_h4_h8_h16_h32_h64_h128/strict_seed_train_rate_uniform_L16_T16/fc3_h4/mne_l2/seed_41/noise_sweep_matrix_mnist_fc3_h4_T16_mode_rate_uniform_schedule_normal_seed_41.csv
fc3_h4,4,mne_l2,41,16,16,rate_uniform,0.1,68.48,mnist-checkpoints/fc3_h4_L[16]_strict_seed41_ablation_mne_l2_l16_fc3_h4_rc5em02.pth,noise3_exp/ablation_mne_l2_vs_weight_decay_l16_fc3_h4_h8_h16_h32_h64_h128/strict_seed_train_rate_uniform_L16_T16/fc3_h4/mne_l2/seed_41/noise_sweep_matrix_mnist_fc3_h4_T16_mode_rate_uniform_schedule_normal_seed_41.csv
fc3_h4,4,mne_l2,41,16,16,rate_uniform,0.15,68.48,mnist-checkpoints/fc3_h4_L[16]_strict_seed41_ablation_mne_l2_l16_fc3_h4_rc5em02.pth,noise3_exp/ablation_mne_l2_vs_weight_decay_l16_fc3_h4_h8_h16_h32_h64_h128/strict_seed_train_rate_uniform_L16_T16/fc3_h4/mne_l2/seed_41/noise_sweep_matrix_mnist_fc3_h4_T16_mode_rate_uniform_schedule_normal_seed_41.csv
fc3_h4,4,mne_l2,41,16,16,rate_uniform,0.2,68.42,mnist-checkpoints/fc3_h4_L[16]_strict_seed41_ablation_mne_l2_l16_fc3_h4_rc5em02.pth,noise3_exp/ablation_mne_l2_vs_weight_decay_l16_fc3_h4_h8_h16_h32_h64_h128/strict_seed_train_rate_uniform_L16_T16/fc3_h4/mne_l2/seed_41/noise_sweep_matrix_mnist_fc3_h4_T16_mode_rate_uniform_schedule_normal_seed_41.csv
fc3_h4,4,mne_l2,41,16,16,rate_uniform,0.25,68.08,mnist-checkpoints/fc3_h4_L[16]_strict_seed41_ablation_mne_l2_l16_fc3_h4_rc5em02.pth,noise3_exp/ablation_mne_l2_vs_weight_decay_l16_fc3_h4_h8_h16_h32_h64_h128/strict_seed_train_rate_uniform_L16_T16/fc3_h4/mne_l2/seed_41/noise_sweep_matrix_mnist_fc3_h4_T16_mode_rate_uniform_schedule_normal_seed_41.csv
fc3_h4,4,mne_l2,41,16,16,rate_uniform,0.3,68.07,mnist-checkpoints/fc3_h4_L[16]_strict_seed41_ablation_mne_l2_l16_fc3_h4_rc5em02.pth,noise3_exp/ablation_mne_l2_vs_weight_decay_l16_fc3_h4_h8_h16_h32_h64_h128/strict_seed_train_rate_uniform_L16_T16/fc3_h4/mne_l2/seed_41/noise_sweep_matrix_mnist_fc3_h4_T16_mode_rate_uniform_schedule_normal_seed_41.csv
fc3_h4,4,mne_l2,41,16,16,rate_uniform,0.35,68.09,mnist-checkpoints/fc3_h4_L[16]_strict_seed41_ablation_mne_l2_l16_fc3_h4_rc5em02.pth,noise3_exp/ablation_mne_l2_vs_weight_decay_l16_fc3_h4_h8_h16_h32_h64_h128/strict_seed_train_rate_uniform_L16_T16/fc3_h4/mne_l2/seed_41/noise_sweep_matrix_mnist_fc3_h4_T16_mode_rate_uniform_schedule_normal_seed_41.csv
fc3_h4,4,mne_l2,41,16,16,rate_uniform,0.4,67.48,mnist-checkpoints/fc3_h4_L[16]_strict_seed41_ablation_mne_l2_l16_fc3_h4_rc5em02.pth,noise3_exp/ablation_mne_l2_vs_weight_decay_l16_fc3_h4_h8_h16_h32_h64_h128/strict_seed_train_rate_uniform_L16_T16/fc3_h4/mne_l2/seed_41/noise_sweep_matrix_mnist_fc3_h4_T16_mode_rate_uniform_schedule_normal_seed_41.csv
fc3_h4,4,mne_l2,41,16,16,rate_uniform,0.45,67.66,mnist-checkpoints/fc3_h4_L[16]_strict_seed41_ablation_mne_l2_l16_fc3_h4_rc5em02.pth,noise3_exp/ablation_mne_l2_vs_weight_decay_l16_fc3_h4_h8_h16_h32_h64_h128/strict_seed_train_rate_uniform_L16_T16/fc3_h4/mne_l2/seed_41/noise_sweep_matrix_mnist_fc3_h4_T16_mode_rate_uniform_schedule_normal_seed_41.csv
fc3_h4,4,mne_l2,41,16,16,rate_uniform,0.5,66.67,mnist-checkpoints/fc3_h4_L[16]_strict_seed41_ablation_mne_l2_l16_fc3_h4_rc5em02.pth,noise3_exp/ablation_mne_l2_vs_weight_decay_l16_fc3_h4_h8_h16_h32_h64_h128/strict_seed_train_rate_uniform_L16_T16/fc3_h4/mne_l2/seed_41/noise_sweep_matrix_mnist_fc3_h4_T16_mode_rate_uniform_schedule_normal_seed_41.csv
fc3_h4,4,mne_l2,41,16,16,rate_uniform,0.55,66.63,mnist-checkpoints/fc3_h4_L[16]_strict_seed41_ablation_mne_l2_l16_fc3_h4_rc5em02.pth,noise3_exp/ablation_mne_l2_vs_weight_decay_l16_fc3_h4_h8_h16_h32_h64_h128/strict_seed_train_rate_uniform_L16_T16/fc3_h4/mne_l2/seed_41/noise_sweep_matrix_mnist_fc3_h4_T16_mode_rate_uniform_schedule_normal_seed_41.csv
fc3_h4,4,mne_l2,41,16,16,rate_uniform,0.6,65.95,mnist-checkpoints/fc3_h4_L[16]_strict_seed41_ablation_mne_l2_l16_fc3_h4_rc5em02.pth,noise3_exp/ablation_mne_l2_vs_weight_decay_l16_fc3_h4_h8_h16_h32_h64_h128/strict_seed_train_rate_uniform_L16_T16/fc3_h4/mne_l2/seed_41/noise_sweep_matrix_mnist_fc3_h4_T16_mode_rate_uniform_schedule_normal_seed_41.csv
fc3_h4,4,mne_l2,41,16,16,rate_uniform,0.65,64.89,mnist-checkpoints/fc3_h4_L[16]_strict_seed41_ablation_mne_l2_l16_fc3_h4_rc5em02.pth,noise3_exp/ablation_mne_l2_vs_weight_decay_l16_fc3_h4_h8_h16_h32_h64_h128/strict_seed_train_rate_uniform_L16_T16/fc3_h4/mne_l2/seed_41/noise_sweep_matrix_mnist_fc3_h4_T16_mode_rate_uniform_schedule_normal_seed_41.csv
fc3_h4,4,mne_l2,41,16,16,rate_uniform,0.7,63.68,mnist-checkpoints/fc3_h4_L[16]_strict_seed41_ablation_mne_l2_l16_fc3_h4_rc5em02.pth,noise3_exp/ablation_mne_l2_vs_weight_decay_l16_fc3_h4_h8_h16_h32_h64_h128/strict_seed_train_rate_uniform_L16_T16/fc3_h4/mne_l2/seed_41/noise_sweep_matrix_mnist_fc3_h4_T16_mode_rate_uniform_schedule_normal_seed_41.csv
fc3_h4,4,mne_l2,41,16,16,rate_uniform,0.75,62.81,mnist-checkpoints/fc3_h4_L[16]_strict_seed41_ablation_mne_l2_l16_fc3_h4_rc5em02.pth,noise3_exp/ablation_mne_l2_vs_weight_decay_l16_fc3_h4_h8_h16_h32_h64_h128/strict_seed_train_rate_uniform_L16_T16/fc3_h4/mne_l2/seed_41/noise_sweep_matrix_mnist_fc3_h4_T16_mode_rate_uniform_schedule_normal_seed_41.csv
fc3_h4,4,mne_l2,41,16,16,rate_uniform,0.8,60.73,mnist-checkpoints/fc3_h4_L[16]_strict_seed41_ablation_mne_l2_l16_fc3_h4_rc5em02.pth,noise3_exp/ablation_mne_l2_vs_weight_decay_l16_fc3_h4_h8_h16_h32_h64_h128/strict_seed_train_rate_uniform_L16_T16/fc3_h4/mne_l2/seed_41/noise_sweep_matrix_mnist_fc3_h4_T16_mode_rate_uniform_schedule_normal_seed_41.csv
fc3_h4,4,mne_l2,41,16,16,rate_uniform,0.85,59.3,mnist-checkpoints/fc3_h4_L[16]_strict_seed41_ablation_mne_l2_l16_fc3_h4_rc5em02.pth,noise3_exp/ablation_mne_l2_vs_weight_decay_l16_fc3_h4_h8_h16_h32_h64_h128/strict_seed_train_rate_uniform_L16_T16/fc3_h4/mne_l2/seed_41/noise_sweep_matrix_mnist_fc3_h4_T16_mode_rate_uniform_schedule_normal_seed_41.csv
fc3_h4,4,mne_l2,41,16,16,rate_uniform,0.9,57.88,mnist-checkpoints/fc3_h4_L[16]_strict_seed41_ablation_mne_l2_l16_fc3_h4_rc5em02.pth,noise3_exp/ablation_mne_l2_vs_weight_decay_l16_fc3_h4_h8_h16_h32_h64_h128/strict_seed_train_rate_uniform_L16_T16/fc3_h4/mne_l2/seed_41/noise_sweep_matrix_mnist_fc3_h4_T16_mode_rate_uniform_schedule_normal_seed_41.csv
fc3_h4,4,mne_l2,41,16,16,rate_uniform,0.95,55.48,mnist-checkpoints/fc3_h4_L[16]_strict_seed41_ablation_mne_l2_l16_fc3_h4_rc5em02.pth,noise3_exp/ablation_mne_l2_vs_weight_decay_l16_fc3_h4_h8_h16_h32_h64_h128/strict_seed_train_rate_uniform_L16_T16/fc3_h4/mne_l2/seed_41/noise_sweep_matrix_mnist_fc3_h4_T16_mode_rate_uniform_schedule_normal_seed_41.csv
fc3_h4,4,mne_l2,41,16,16,rate_uniform,1.0,54.25,mnist-checkpoints/fc3_h4_L[16]_strict_seed41_ablation_mne_l2_l16_fc3_h4_rc5em02.pth,noise3_exp/ablation_mne_l2_vs_weight_decay_l16_fc3_h4_h8_h16_h32_h64_h128/strict_seed_train_rate_uniform_L16_T16/fc3_h4/mne_l2/seed_41/noise_sweep_matrix_mnist_fc3_h4_T16_mode_rate_uniform_schedule_normal_seed_41.csv
fc3_h4,4,mne_l2,42,16,16,rate_uniform,0.0,60.32,mnist-checkpoints/fc3_h4_L[16]_strict_seed42_ablation_mne_l2_l16_fc3_h4_rc5em02.pth,noise3_exp/ablation_mne_l2_vs_weight_decay_l16_fc3_h4_h8_h16_h32_h64_h128/strict_seed_train_rate_uniform_L16_T16/fc3_h4/mne_l2/seed_42/noise_sweep_matrix_mnist_fc3_h4_T16_mode_rate_uniform_schedule_normal_seed_42.csv
fc3_h4,4,mne_l2,42,16,16,rate_uniform,0.05,60.25,mnist-checkpoints/fc3_h4_L[16]_strict_seed42_ablation_mne_l2_l16_fc3_h4_rc5em02.pth,noise3_exp/ablation_mne_l2_vs_weight_decay_l16_fc3_h4_h8_h16_h32_h64_h128/strict_seed_train_rate_uniform_L16_T16/fc3_h4/mne_l2/seed_42/noise_sweep_matrix_mnist_fc3_h4_T16_mode_rate_uniform_schedule_normal_seed_42.csv
fc3_h4,4,mne_l2,42,16,16,rate_uniform,0.1,60.38,mnist-checkpoints/fc3_h4_L[16]_strict_seed42_ablation_mne_l2_l16_fc3_h4_rc5em02.pth,noise3_exp/ablation_mne_l2_vs_weight_decay_l16_fc3_h4_h8_h16_h32_h64_h128/strict_seed_train_rate_uniform_L16_T16/fc3_h4/mne_l2/seed_42/noise_sweep_matrix_mnist_fc3_h4_T16_mode_rate_uniform_schedule_normal_seed_42.csv
fc3_h4,4,mne_l2,42,16,16,rate_uniform,0.15,60.35,mnist-checkpoints/fc3_h4_L[16]_strict_seed42_ablation_mne_l2_l16_fc3_h4_rc5em02.pth,noise3_exp/ablation_mne_l2_vs_weight_decay_l16_fc3_h4_h8_h16_h32_h64_h128/strict_seed_train_rate_uniform_L16_T16/fc3_h4/mne_l2/seed_42/noise_sweep_matrix_mnist_fc3_h4_T16_mode_rate_uniform_schedule_normal_seed_42.csv
fc3_h4,4,mne_l2,42,16,16,rate_uniform,0.2,60.16,mnist-checkpoints/fc3_h4_L[16]_strict_seed42_ablation_mne_l2_l16_fc3_h4_rc5em02.pth,noise3_exp/ablation_mne_l2_vs_weight_decay_l16_fc3_h4_h8_h16_h32_h64_h128/strict_seed_train_rate_uniform_L16_T16/fc3_h4/mne_l2/seed_42/noise_sweep_matrix_mnist_fc3_h4_T16_mode_rate_uniform_schedule_normal_seed_42.csv
fc3_h4,4,mne_l2,42,16,16,rate_uniform,0.25,60.18,mnist-checkpoints/fc3_h4_L[16]_strict_seed42_ablation_mne_l2_l16_fc3_h4_rc5em02.pth,noise3_exp/ablation_mne_l2_vs_weight_decay_l16_fc3_h4_h8_h16_h32_h64_h128/strict_seed_train_rate_uniform_L16_T16/fc3_h4/mne_l2/seed_42/noise_sweep_matrix_mnist_fc3_h4_T16_mode_rate_uniform_schedule_normal_seed_42.csv
fc3_h4,4,mne_l2,42,16,16,rate_uniform,0.3,60.05,mnist-checkpoints/fc3_h4_L[16]_strict_seed42_ablation_mne_l2_l16_fc3_h4_rc5em02.pth,noise3_exp/ablation_mne_l2_vs_weight_decay_l16_fc3_h4_h8_h16_h32_h64_h128/strict_seed_train_rate_uniform_L16_T16/fc3_h4/mne_l2/seed_42/noise_sweep_matrix_mnist_fc3_h4_T16_mode_rate_uniform_schedule_normal_seed_42.csv
fc3_h4,4,mne_l2,42,16,16,rate_uniform,0.35,59.86,mnist-checkpoints/fc3_h4_L[16]_strict_seed42_ablation_mne_l2_l16_fc3_h4_rc5em02.pth,noise3_exp/ablation_mne_l2_vs_weight_decay_l16_fc3_h4_h8_h16_h32_h64_h128/strict_seed_train_rate_uniform_L16_T16/fc3_h4/mne_l2/seed_42/noise_sweep_matrix_mnist_fc3_h4_T16_mode_rate_uniform_schedule_normal_seed_42.csv
fc3_h4,4,mne_l2,42,16,16,rate_uniform,0.4,59.58,mnist-checkpoints/fc3_h4_L[16]_strict_seed42_ablation_mne_l2_l16_fc3_h4_rc5em02.pth,noise3_exp/ablation_mne_l2_vs_weight_decay_l16_fc3_h4_h8_h16_h32_h64_h128/strict_seed_train_rate_uniform_L16_T16/fc3_h4/mne_l2/seed_42/noise_sweep_matrix_mnist_fc3_h4_T16_mode_rate_uniform_schedule_normal_seed_42.csv
fc3_h4,4,mne_l2,42,16,16,rate_uniform,0.45,59.11,mnist-checkpoints/fc3_h4_L[16]_strict_seed42_ablation_mne_l2_l16_fc3_h4_rc5em02.pth,noise3_exp/ablation_mne_l2_vs_weight_decay_l16_fc3_h4_h8_h16_h32_h64_h128/strict_seed_train_rate_uniform_L16_T16/fc3_h4/mne_l2/seed_42/noise_sweep_matrix_mnist_fc3_h4_T16_mode_rate_uniform_schedule_normal_seed_42.csv
fc3_h4,4,mne_l2,42,16,16,rate_uniform,0.5,58.91,mnist-checkpoints/fc3_h4_L[16]_strict_seed42_ablation_mne_l2_l16_fc3_h4_rc5em02.pth,noise3_exp/ablation_mne_l2_vs_weight_decay_l16_fc3_h4_h8_h16_h32_h64_h128/strict_seed_train_rate_uniform_L16_T16/fc3_h4/mne_l2/seed_42/noise_sweep_matrix_mnist_fc3_h4_T16_mode_rate_uniform_schedule_normal_seed_42.csv
fc3_h4,4,mne_l2,42,16,16,rate_uniform,0.55,58.11,mnist-checkpoints/fc3_h4_L[16]_strict_seed42_ablation_mne_l2_l16_fc3_h4_rc5em02.pth,noise3_exp/ablation_mne_l2_vs_weight_decay_l16_fc3_h4_h8_h16_h32_h64_h128/strict_seed_train_rate_uniform_L16_T16/fc3_h4/mne_l2/seed_42/noise_sweep_matrix_mnist_fc3_h4_T16_mode_rate_uniform_schedule_normal_seed_42.csv
fc3_h4,4,mne_l2,42,16,16,rate_uniform,0.6,57.17,mnist-checkpoints/fc3_h4_L[16]_strict_seed42_ablation_mne_l2_l16_fc3_h4_rc5em02.pth,noise3_exp/ablation_mne_l2_vs_weight_decay_l16_fc3_h4_h8_h16_h32_h64_h128/strict_seed_train_rate_uniform_L16_T16/fc3_h4/mne_l2/seed_42/noise_sweep_matrix_mnist_fc3_h4_T16_mode_rate_uniform_schedule_normal_seed_42.csv
fc3_h4,4,mne_l2,42,16,16,rate_uniform,0.65,56.58,mnist-checkpoints/fc3_h4_L[16]_strict_seed42_ablation_mne_l2_l16_fc3_h4_rc5em02.pth,noise3_exp/ablation_mne_l2_vs_weight_decay_l16_fc3_h4_h8_h16_h32_h64_h128/strict_seed_train_rate_uniform_L16_T16/fc3_h4/mne_l2/seed_42/noise_sweep_matrix_mnist_fc3_h4_T16_mode_rate_uniform_schedule_normal_seed_42.csv
fc3_h4,4,mne_l2,42,16,16,rate_uniform,0.7,55.41,mnist-checkpoints/fc3_h4_L[16]_strict_seed42_ablation_mne_l2_l16_fc3_h4_rc5em02.pth,noise3_exp/ablation_mne_l2_vs_weight_decay_l16_fc3_h4_h8_h16_h32_h64_h128/strict_seed_train_rate_uniform_L16_T16/fc3_h4/mne_l2/seed_42/noise_sweep_matrix_mnist_fc3_h4_T16_mode_rate_uniform_schedule_normal_seed_42.csv
fc3_h4,4,mne_l2,42,16,16,rate_uniform,0.75,53.96,mnist-checkpoints/fc3_h4_L[16]_strict_seed42_ablation_mne_l2_l16_fc3_h4_rc5em02.pth,noise3_exp/ablation_mne_l2_vs_weight_decay_l16_fc3_h4_h8_h16_h32_h64_h128/strict_seed_train_rate_uniform_L16_T16/fc3_h4/mne_l2/seed_42/noise_sweep_matrix_mnist_fc3_h4_T16_mode_rate_uniform_schedule_normal_seed_42.csv
fc3_h4,4,mne_l2,42,16,16,rate_uniform,0.8,51.99,mnist-checkpoints/fc3_h4_L[16]_strict_seed42_ablation_mne_l2_l16_fc3_h4_rc5em02.pth,noise3_exp/ablation_mne_l2_vs_weight_decay_l16_fc3_h4_h8_h16_h32_h64_h128/strict_seed_train_rate_uniform_L16_T16/fc3_h4/mne_l2/seed_42/noise_sweep_matrix_mnist_fc3_h4_T16_mode_rate_uniform_schedule_normal_seed_42.csv
fc3_h4,4,mne_l2,42,16,16,rate_uniform,0.85,50.59,mnist-checkpoints/fc3_h4_L[16]_strict_seed42_ablation_mne_l2_l16_fc3_h4_rc5em02.pth,noise3_exp/ablation_mne_l2_vs_weight_decay_l16_fc3_h4_h8_h16_h32_h64_h128/strict_seed_train_rate_uniform_L16_T16/fc3_h4/mne_l2/seed_42/noise_sweep_matrix_mnist_fc3_h4_T16_mode_rate_uniform_schedule_normal_seed_42.csv
fc3_h4,4,mne_l2,42,16,16,rate_uniform,0.9,47.81,mnist-checkpoints/fc3_h4_L[16]_strict_seed42_ablation_mne_l2_l16_fc3_h4_rc5em02.pth,noise3_exp/ablation_mne_l2_vs_weight_decay_l16_fc3_h4_h8_h16_h32_h64_h128/strict_seed_train_rate_uniform_L16_T16/fc3_h4/mne_l2/seed_42/noise_sweep_matrix_mnist_fc3_h4_T16_mode_rate_uniform_schedule_normal_seed_42.csv
fc3_h4,4,mne_l2,42,16,16,rate_uniform,0.95,45.67,mnist-checkpoints/fc3_h4_L[16]_strict_seed42_ablation_mne_l2_l16_fc3_h4_rc5em02.pth,noise3_exp/ablation_mne_l2_vs_weight_decay_l16_fc3_h4_h8_h16_h32_h64_h128/strict_seed_train_rate_uniform_L16_T16/fc3_h4/mne_l2/seed_42/noise_sweep_matrix_mnist_fc3_h4_T16_mode_rate_uniform_schedule_normal_seed_42.csv
fc3_h4,4,mne_l2,42,16,16,rate_uniform,1.0,43.72,mnist-checkpoints/fc3_h4_L[16]_strict_seed42_ablation_mne_l2_l16_fc3_h4_rc5em02.pth,noise3_exp/ablation_mne_l2_vs_weight_decay_l16_fc3_h4_h8_h16_h32_h64_h128/strict_seed_train_rate_uniform_L16_T16/fc3_h4/mne_l2/seed_42/noise_sweep_matrix_mnist_fc3_h4_T16_mode_rate_uniform_schedule_normal_seed_42.csv
fc3_h4,4,mne_l2,43,16,16,rate_uniform,0.0,80.22,mnist-checkpoints/fc3_h4_L[16]_strict_seed43_ablation_mne_l2_l16_fc3_h4_rc5em02.pth,noise3_exp/ablation_mne_l2_vs_weight_decay_l16_fc3_h4_h8_h16_h32_h64_h128/strict_seed_train_rate_uniform_L16_T16/fc3_h4/mne_l2/seed_43/noise_sweep_matrix_mnist_fc3_h4_T16_mode_rate_uniform_schedule_normal_seed_43.csv
fc3_h4,4,mne_l2,43,16,16,rate_uniform,0.05,80.32,mnist-checkpoints/fc3_h4_L[16]_strict_seed43_ablation_mne_l2_l16_fc3_h4_rc5em02.pth,noise3_exp/ablation_mne_l2_vs_weight_decay_l16_fc3_h4_h8_h16_h32_h64_h128/strict_seed_train_rate_uniform_L16_T16/fc3_h4/mne_l2/seed_43/noise_sweep_matrix_mnist_fc3_h4_T16_mode_rate_uniform_schedule_normal_seed_43.csv
fc3_h4,4,mne_l2,43,16,16,rate_uniform,0.1,80.15,mnist-checkpoints/fc3_h4_L[16]_strict_seed43_ablation_mne_l2_l16_fc3_h4_rc5em02.pth,noise3_exp/ablation_mne_l2_vs_weight_decay_l16_fc3_h4_h8_h16_h32_h64_h128/strict_seed_train_rate_uniform_L16_T16/fc3_h4/mne_l2/seed_43/noise_sweep_matrix_mnist_fc3_h4_T16_mode_rate_uniform_schedule_normal_seed_43.csv
fc3_h4,4,mne_l2,43,16,16,rate_uniform,0.15,80.16,mnist-checkpoints/fc3_h4_L[16]_strict_seed43_ablation_mne_l2_l16_fc3_h4_rc5em02.pth,noise3_exp/ablation_mne_l2_vs_weight_decay_l16_fc3_h4_h8_h16_h32_h64_h128/strict_seed_train_rate_uniform_L16_T16/fc3_h4/mne_l2/seed_43/noise_sweep_matrix_mnist_fc3_h4_T16_mode_rate_uniform_schedule_normal_seed_43.csv
fc3_h4,4,mne_l2,43,16,16,rate_uniform,0.2,80.19,mnist-checkpoints/fc3_h4_L[16]_strict_seed43_ablation_mne_l2_l16_fc3_h4_rc5em02.pth,noise3_exp/ablation_mne_l2_vs_weight_decay_l16_fc3_h4_h8_h16_h32_h64_h128/strict_seed_train_rate_uniform_L16_T16/fc3_h4/mne_l2/seed_43/noise_sweep_matrix_mnist_fc3_h4_T16_mode_rate_uniform_schedule_normal_seed_43.csv
fc3_h4,4,mne_l2,43,16,16,rate_uniform,0.25,80.36,mnist-checkpoints/fc3_h4_L[16]_strict_seed43_ablation_mne_l2_l16_fc3_h4_rc5em02.pth,noise3_exp/ablation_mne_l2_vs_weight_decay_l16_fc3_h4_h8_h16_h32_h64_h128/strict_seed_train_rate_uniform_L16_T16/fc3_h4/mne_l2/seed_43/noise_sweep_matrix_mnist_fc3_h4_T16_mode_rate_uniform_schedule_normal_seed_43.csv
fc3_h4,4,mne_l2,43,16,16,rate_uniform,0.3,80.08,mnist-checkpoints/fc3_h4_L[16]_strict_seed43_ablation_mne_l2_l16_fc3_h4_rc5em02.pth,noise3_exp/ablation_mne_l2_vs_weight_decay_l16_fc3_h4_h8_h16_h32_h64_h128/strict_seed_train_rate_uniform_L16_T16/fc3_h4/mne_l2/seed_43/noise_sweep_matrix_mnist_fc3_h4_T16_mode_rate_uniform_schedule_normal_seed_43.csv
fc3_h4,4,mne_l2,43,16,16,rate_uniform,0.35,80.04,mnist-checkpoints/fc3_h4_L[16]_strict_seed43_ablation_mne_l2_l16_fc3_h4_rc5em02.pth,noise3_exp/ablation_mne_l2_vs_weight_decay_l16_fc3_h4_h8_h16_h32_h64_h128/strict_seed_train_rate_uniform_L16_T16/fc3_h4/mne_l2/seed_43/noise_sweep_matrix_mnist_fc3_h4_T16_mode_rate_uniform_schedule_normal_seed_43.csv
fc3_h4,4,mne_l2,43,16,16,rate_uniform,0.4,79.65,mnist-checkpoints/fc3_h4_L[16]_strict_seed43_ablation_mne_l2_l16_fc3_h4_rc5em02.pth,noise3_exp/ablation_mne_l2_vs_weight_decay_l16_fc3_h4_h8_h16_h32_h64_h128/strict_seed_train_rate_uniform_L16_T16/fc3_h4/mne_l2/seed_43/noise_sweep_matrix_mnist_fc3_h4_T16_mode_rate_uniform_schedule_normal_seed_43.csv
fc3_h4,4,mne_l2,43,16,16,rate_uniform,0.45,79.31,mnist-checkpoints/fc3_h4_L[16]_strict_seed43_ablation_mne_l2_l16_fc3_h4_rc5em02.pth,noise3_exp/ablation_mne_l2_vs_weight_decay_l16_fc3_h4_h8_h16_h32_h64_h128/strict_seed_train_rate_uniform_L16_T16/fc3_h4/mne_l2/seed_43/noise_sweep_matrix_mnist_fc3_h4_T16_mode_rate_uniform_schedule_normal_seed_43.csv
fc3_h4,4,mne_l2,43,16,16,rate_uniform,0.5,79.02,mnist-checkpoints/fc3_h4_L[16]_strict_seed43_ablation_mne_l2_l16_fc3_h4_rc5em02.pth,noise3_exp/ablation_mne_l2_vs_weight_decay_l16_fc3_h4_h8_h16_h32_h64_h128/strict_seed_train_rate_uniform_L16_T16/fc3_h4/mne_l2/seed_43/noise_sweep_matrix_mnist_fc3_h4_T16_mode_rate_uniform_schedule_normal_seed_43.csv
fc3_h4,4,mne_l2,43,16,16,rate_uniform,0.55,78.42,mnist-checkpoints/fc3_h4_L[16]_strict_seed43_ablation_mne_l2_l16_fc3_h4_rc5em02.pth,noise3_exp/ablation_mne_l2_vs_weight_decay_l16_fc3_h4_h8_h16_h32_h64_h128/strict_seed_train_rate_uniform_L16_T16/fc3_h4/mne_l2/seed_43/noise_sweep_matrix_mnist_fc3_h4_T16_mode_rate_uniform_schedule_normal_seed_43.csv
fc3_h4,4,mne_l2,43,16,16,rate_uniform,0.6,77.41,mnist-checkpoints/fc3_h4_L[16]_strict_seed43_ablation_mne_l2_l16_fc3_h4_rc5em02.pth,noise3_exp/ablation_mne_l2_vs_weight_decay_l16_fc3_h4_h8_h16_h32_h64_h128/strict_seed_train_rate_uniform_L16_T16/fc3_h4/mne_l2/seed_43/noise_sweep_matrix_mnist_fc3_h4_T16_mode_rate_uniform_schedule_normal_seed_43.csv
fc3_h4,4,mne_l2,43,16,16,rate_uniform,0.65,76.16,mnist-checkpoints/fc3_h4_L[16]_strict_seed43_ablation_mne_l2_l16_fc3_h4_rc5em02.pth,noise3_exp/ablation_mne_l2_vs_weight_decay_l16_fc3_h4_h8_h16_h32_h64_h128/strict_seed_train_rate_uniform_L16_T16/fc3_h4/mne_l2/seed_43/noise_sweep_matrix_mnist_fc3_h4_T16_mode_rate_uniform_schedule_normal_seed_43.csv
fc3_h4,4,mne_l2,43,16,16,rate_uniform,0.7,74.35,mnist-checkpoints/fc3_h4_L[16]_strict_seed43_ablation_mne_l2_l16_fc3_h4_rc5em02.pth,noise3_exp/ablation_mne_l2_vs_weight_decay_l16_fc3_h4_h8_h16_h32_h64_h128/strict_seed_train_rate_uniform_L16_T16/fc3_h4/mne_l2/seed_43/noise_sweep_matrix_mnist_fc3_h4_T16_mode_rate_uniform_schedule_normal_seed_43.csv
fc3_h4,4,mne_l2,43,16,16,rate_uniform,0.75,72.65,mnist-checkpoints/fc3_h4_L[16]_strict_seed43_ablation_mne_l2_l16_fc3_h4_rc5em02.pth,noise3_exp/ablation_mne_l2_vs_weight_decay_l16_fc3_h4_h8_h16_h32_h64_h128/strict_seed_train_rate_uniform_L16_T16/fc3_h4/mne_l2/seed_43/noise_sweep_matrix_mnist_fc3_h4_T16_mode_rate_uniform_schedule_normal_seed_43.csv
fc3_h4,4,mne_l2,43,16,16,rate_uniform,0.8,70.1,mnist-checkpoints/fc3_h4_L[16]_strict_seed43_ablation_mne_l2_l16_fc3_h4_rc5em02.pth,noise3_exp/ablation_mne_l2_vs_weight_decay_l16_fc3_h4_h8_h16_h32_h64_h128/strict_seed_train_rate_uniform_L16_T16/fc3_h4/mne_l2/seed_43/noise_sweep_matrix_mnist_fc3_h4_T16_mode_rate_uniform_schedule_normal_seed_43.csv
fc3_h4,4,mne_l2,43,16,16,rate_uniform,0.85,68.01,mnist-checkpoints/fc3_h4_L[16]_strict_seed43_ablation_mne_l2_l16_fc3_h4_rc5em02.pth,noise3_exp/ablation_mne_l2_vs_weight_decay_l16_fc3_h4_h8_h16_h32_h64_h128/strict_seed_train_rate_uniform_L16_T16/fc3_h4/mne_l2/seed_43/noise_sweep_matrix_mnist_fc3_h4_T16_mode_rate_uniform_schedule_normal_seed_43.csv
fc3_h4,4,mne_l2,43,16,16,rate_uniform,0.9,63.74,mnist-checkpoints/fc3_h4_L[16]_strict_seed43_ablation_mne_l2_l16_fc3_h4_rc5em02.pth,noise3_exp/ablation_mne_l2_vs_weight_decay_l16_fc3_h4_h8_h16_h32_h64_h128/strict_seed_train_rate_uniform_L16_T16/fc3_h4/mne_l2/seed_43/noise_sweep_matrix_mnist_fc3_h4_T16_mode_rate_uniform_schedule_normal_seed_43.csv
fc3_h4,4,mne_l2,43,16,16,rate_uniform,0.95,61.43,mnist-checkpoints/fc3_h4_L[16]_strict_seed43_ablation_mne_l2_l16_fc3_h4_rc5em02.pth,noise3_exp/ablation_mne_l2_vs_weight_decay_l16_fc3_h4_h8_h16_h32_h64_h128/strict_seed_train_rate_uniform_L16_T16/fc3_h4/mne_l2/seed_43/noise_sweep_matrix_mnist_fc3_h4_T16_mode_rate_uniform_schedule_normal_seed_43.csv
fc3_h4,4,mne_l2,43,16,16,rate_uniform,1.0,57.56,mnist-checkpoints/fc3_h4_L[16]_strict_seed43_ablation_mne_l2_l16_fc3_h4_rc5em02.pth,noise3_exp/ablation_mne_l2_vs_weight_decay_l16_fc3_h4_h8_h16_h32_h64_h128/strict_seed_train_rate_uniform_L16_T16/fc3_h4/mne_l2/seed_43/noise_sweep_matrix_mnist_fc3_h4_T16_mode_rate_uniform_schedule_normal_seed_43.csv
fc3_h4,4,mne_l2,44,16,16,rate_uniform,0.0,40.06,mnist-checkpoints/fc3_h4_L[16]_strict_seed44_ablation_mne_l2_l16_fc3_h4_rc5em02.pth,noise3_exp/ablation_mne_l2_vs_weight_decay_l16_fc3_h4_h8_h16_h32_h64_h128/strict_seed_train_rate_uniform_L16_T16/fc3_h4/mne_l2/seed_44/noise_sweep_matrix_mnist_fc3_h4_T16_mode_rate_uniform_schedule_normal_seed_44.csv
fc3_h4,4,mne_l2,44,16,16,rate_uniform,0.05,40.03,mnist-checkpoints/fc3_h4_L[16]_strict_seed44_ablation_mne_l2_l16_fc3_h4_rc5em02.pth,noise3_exp/ablation_mne_l2_vs_weight_decay_l16_fc3_h4_h8_h16_h32_h64_h128/strict_seed_train_rate_uniform_L16_T16/fc3_h4/mne_l2/seed_44/noise_sweep_matrix_mnist_fc3_h4_T16_mode_rate_uniform_schedule_normal_seed_44.csv
fc3_h4,4,mne_l2,44,16,16,rate_uniform,0.1,39.87,mnist-checkpoints/fc3_h4_L[16]_strict_seed44_ablation_mne_l2_l16_fc3_h4_rc5em02.pth,noise3_exp/ablation_mne_l2_vs_weight_decay_l16_fc3_h4_h8_h16_h32_h64_h128/strict_seed_train_rate_uniform_L16_T16/fc3_h4/mne_l2/seed_44/noise_sweep_matrix_mnist_fc3_h4_T16_mode_rate_uniform_schedule_normal_seed_44.csv
fc3_h4,4,mne_l2,44,16,16,rate_uniform,0.15,40.07,mnist-checkpoints/fc3_h4_L[16]_strict_seed44_ablation_mne_l2_l16_fc3_h4_rc5em02.pth,noise3_exp/ablation_mne_l2_vs_weight_decay_l16_fc3_h4_h8_h16_h32_h64_h128/strict_seed_train_rate_uniform_L16_T16/fc3_h4/mne_l2/seed_44/noise_sweep_matrix_mnist_fc3_h4_T16_mode_rate_uniform_schedule_normal_seed_44.csv
fc3_h4,4,mne_l2,44,16,16,rate_uniform,0.2,39.63,mnist-checkpoints/fc3_h4_L[16]_strict_seed44_ablation_mne_l2_l16_fc3_h4_rc5em02.pth,noise3_exp/ablation_mne_l2_vs_weight_decay_l16_fc3_h4_h8_h16_h32_h64_h128/strict_seed_train_rate_uniform_L16_T16/fc3_h4/mne_l2/seed_44/noise_sweep_matrix_mnist_fc3_h4_T16_mode_rate_uniform_schedule_normal_seed_44.csv
fc3_h4,4,mne_l2,44,16,16,rate_uniform,0.25,39.6,mnist-checkpoints/fc3_h4_L[16]_strict_seed44_ablation_mne_l2_l16_fc3_h4_rc5em02.pth,noise3_exp/ablation_mne_l2_vs_weight_decay_l16_fc3_h4_h8_h16_h32_h64_h128/strict_seed_train_rate_uniform_L16_T16/fc3_h4/mne_l2/seed_44/noise_sweep_matrix_mnist_fc3_h4_T16_mode_rate_uniform_schedule_normal_seed_44.csv
fc3_h4,4,mne_l2,44,16,16,rate_uniform,0.3,39.09,mnist-checkpoints/fc3_h4_L[16]_strict_seed44_ablation_mne_l2_l16_fc3_h4_rc5em02.pth,noise3_exp/ablation_mne_l2_vs_weight_decay_l16_fc3_h4_h8_h16_h32_h64_h128/strict_seed_train_rate_uniform_L16_T16/fc3_h4/mne_l2/seed_44/noise_sweep_matrix_mnist_fc3_h4_T16_mode_rate_uniform_schedule_normal_seed_44.csv
fc3_h4,4,mne_l2,44,16,16,rate_uniform,0.35,38.46,mnist-checkpoints/fc3_h4_L[16]_strict_seed44_ablation_mne_l2_l16_fc3_h4_rc5em02.pth,noise3_exp/ablation_mne_l2_vs_weight_decay_l16_fc3_h4_h8_h16_h32_h64_h128/strict_seed_train_rate_uniform_L16_T16/fc3_h4/mne_l2/seed_44/noise_sweep_matrix_mnist_fc3_h4_T16_mode_rate_uniform_schedule_normal_seed_44.csv
fc3_h4,4,mne_l2,44,16,16,rate_uniform,0.4,37.29,mnist-checkpoints/fc3_h4_L[16]_strict_seed44_ablation_mne_l2_l16_fc3_h4_rc5em02.pth,noise3_exp/ablation_mne_l2_vs_weight_decay_l16_fc3_h4_h8_h16_h32_h64_h128/strict_seed_train_rate_uniform_L16_T16/fc3_h4/mne_l2/seed_44/noise_sweep_matrix_mnist_fc3_h4_T16_mode_rate_uniform_schedule_normal_seed_44.csv
fc3_h4,4,mne_l2,44,16,16,rate_uniform,0.45,36.16,mnist-checkpoints/fc3_h4_L[16]_strict_seed44_ablation_mne_l2_l16_fc3_h4_rc5em02.pth,noise3_exp/ablation_mne_l2_vs_weight_decay_l16_fc3_h4_h8_h16_h32_h64_h128/strict_seed_train_rate_uniform_L16_T16/fc3_h4/mne_l2/seed_44/noise_sweep_matrix_mnist_fc3_h4_T16_mode_rate_uniform_schedule_normal_seed_44.csv
fc3_h4,4,mne_l2,44,16,16,rate_uniform,0.5,34.16,mnist-checkpoints/fc3_h4_L[16]_strict_seed44_ablation_mne_l2_l16_fc3_h4_rc5em02.pth,noise3_exp/ablation_mne_l2_vs_weight_decay_l16_fc3_h4_h8_h16_h32_h64_h128/strict_seed_train_rate_uniform_L16_T16/fc3_h4/mne_l2/seed_44/noise_sweep_matrix_mnist_fc3_h4_T16_mode_rate_uniform_schedule_normal_seed_44.csv
fc3_h4,4,mne_l2,44,16,16,rate_uniform,0.55,32.18,mnist-checkpoints/fc3_h4_L[16]_strict_seed44_ablation_mne_l2_l16_fc3_h4_rc5em02.pth,noise3_exp/ablation_mne_l2_vs_weight_decay_l16_fc3_h4_h8_h16_h32_h64_h128/strict_seed_train_rate_uniform_L16_T16/fc3_h4/mne_l2/seed_44/noise_sweep_matrix_mnist_fc3_h4_T16_mode_rate_uniform_schedule_normal_seed_44.csv
fc3_h4,4,mne_l2,44,16,16,rate_uniform,0.6,30.06,mnist-checkpoints/fc3_h4_L[16]_strict_seed44_ablation_mne_l2_l16_fc3_h4_rc5em02.pth,noise3_exp/ablation_mne_l2_vs_weight_decay_l16_fc3_h4_h8_h16_h32_h64_h128/strict_seed_train_rate_uniform_L16_T16/fc3_h4/mne_l2/seed_44/noise_sweep_matrix_mnist_fc3_h4_T16_mode_rate_uniform_schedule_normal_seed_44.csv
fc3_h4,4,mne_l2,44,16,16,rate_uniform,0.65,27.85,mnist-checkpoints/fc3_h4_L[16]_strict_seed44_ablation_mne_l2_l16_fc3_h4_rc5em02.pth,noise3_exp/ablation_mne_l2_vs_weight_decay_l16_fc3_h4_h8_h16_h32_h64_h128/strict_seed_train_rate_uniform_L16_T16/fc3_h4/mne_l2/seed_44/noise_sweep_matrix_mnist_fc3_h4_T16_mode_rate_uniform_schedule_normal_seed_44.csv
fc3_h4,4,mne_l2,44,16,16,rate_uniform,0.7,25.92,mnist-checkpoints/fc3_h4_L[16]_strict_seed44_ablation_mne_l2_l16_fc3_h4_rc5em02.pth,noise3_exp/ablation_mne_l2_vs_weight_decay_l16_fc3_h4_h8_h16_h32_h64_h128/strict_seed_train_rate_uniform_L16_T16/fc3_h4/mne_l2/seed_44/noise_sweep_matrix_mnist_fc3_h4_T16_mode_rate_uniform_schedule_normal_seed_44.csv
fc3_h4,4,mne_l2,44,16,16,rate_uniform,0.75,23.75,mnist-checkpoints/fc3_h4_L[16]_strict_seed44_ablation_mne_l2_l16_fc3_h4_rc5em02.pth,noise3_exp/ablation_mne_l2_vs_weight_decay_l16_fc3_h4_h8_h16_h32_h64_h128/strict_seed_train_rate_uniform_L16_T16/fc3_h4/mne_l2/seed_44/noise_sweep_matrix_mnist_fc3_h4_T16_mode_rate_uniform_schedule_normal_seed_44.csv
fc3_h4,4,mne_l2,44,16,16,rate_uniform,0.8,21.98,mnist-checkpoints/fc3_h4_L[16]_strict_seed44_ablation_mne_l2_l16_fc3_h4_rc5em02.pth,noise3_exp/ablation_mne_l2_vs_weight_decay_l16_fc3_h4_h8_h16_h32_h64_h128/strict_seed_train_rate_uniform_L16_T16/fc3_h4/mne_l2/seed_44/noise_sweep_matrix_mnist_fc3_h4_T16_mode_rate_uniform_schedule_normal_seed_44.csv
fc3_h4,4,mne_l2,44,16,16,rate_uniform,0.85,20.34,mnist-checkpoints/fc3_h4_L[16]_strict_seed44_ablation_mne_l2_l16_fc3_h4_rc5em02.pth,noise3_exp/ablation_mne_l2_vs_weight_decay_l16_fc3_h4_h8_h16_h32_h64_h128/strict_seed_train_rate_uniform_L16_T16/fc3_h4/mne_l2/seed_44/noise_sweep_matrix_mnist_fc3_h4_T16_mode_rate_uniform_schedule_normal_seed_44.csv
fc3_h4,4,mne_l2,44,16,16,rate_uniform,0.9,18.85,mnist-checkpoints/fc3_h4_L[16]_strict_seed44_ablation_mne_l2_l16_fc3_h4_rc5em02.pth,noise3_exp/ablation_mne_l2_vs_weight_decay_l16_fc3_h4_h8_h16_h32_h64_h128/strict_seed_train_rate_uniform_L16_T16/fc3_h4/mne_l2/seed_44/noise_sweep_matrix_mnist_fc3_h4_T16_mode_rate_uniform_schedule_normal_seed_44.csv
fc3_h4,4,mne_l2,44,16,16,rate_uniform,0.95,17.48,mnist-checkpoints/fc3_h4_L[16]_strict_seed44_ablation_mne_l2_l16_fc3_h4_rc5em02.pth,noise3_exp/ablation_mne_l2_vs_weight_decay_l16_fc3_h4_h8_h16_h32_h64_h128/strict_seed_train_rate_uniform_L16_T16/fc3_h4/mne_l2/seed_44/noise_sweep_matrix_mnist_fc3_h4_T16_mode_rate_uniform_schedule_normal_seed_44.csv
fc3_h4,4,mne_l2,44,16,16,rate_uniform,1.0,16.1,mnist-checkpoints/fc3_h4_L[16]_strict_seed44_ablation_mne_l2_l16_fc3_h4_rc5em02.pth,noise3_exp/ablation_mne_l2_vs_weight_decay_l16_fc3_h4_h8_h16_h32_h64_h128/strict_seed_train_rate_uniform_L16_T16/fc3_h4/mne_l2/seed_44/noise_sweep_matrix_mnist_fc3_h4_T16_mode_rate_uniform_schedule_normal_seed_44.csv
fc3_h4,4,weight_decay,40,16,16,rate_uniform,0.0,81.42,mnist-checkpoints/fc3_h4_L[16]_strict_seed40_ablation_wd_l16_fc3_h4.pth,noise3_exp/ablation_mne_l2_vs_weight_decay_l16_fc3_h4_h8_h16_h32_h64_h128/strict_seed_train_rate_uniform_L16_T16/fc3_h4/weight_decay/seed_40/noise_sweep_matrix_mnist_fc3_h4_T16_mode_rate_uniform_schedule_normal_seed_40.csv
fc3_h4,4,weight_decay,40,16,16,rate_uniform,0.05,81.39,mnist-checkpoints/fc3_h4_L[16]_strict_seed40_ablation_wd_l16_fc3_h4.pth,noise3_exp/ablation_mne_l2_vs_weight_decay_l16_fc3_h4_h8_h16_h32_h64_h128/strict_seed_train_rate_uniform_L16_T16/fc3_h4/weight_decay/seed_40/noise_sweep_matrix_mnist_fc3_h4_T16_mode_rate_uniform_schedule_normal_seed_40.csv
fc3_h4,4,weight_decay,40,16,16,rate_uniform,0.1,81.41,mnist-checkpoints/fc3_h4_L[16]_strict_seed40_ablation_wd_l16_fc3_h4.pth,noise3_exp/ablation_mne_l2_vs_weight_decay_l16_fc3_h4_h8_h16_h32_h64_h128/strict_seed_train_rate_uniform_L16_T16/fc3_h4/weight_decay/seed_40/noise_sweep_matrix_mnist_fc3_h4_T16_mode_rate_uniform_schedule_normal_seed_40.csv
fc3_h4,4,weight_decay,40,16,16,rate_uniform,0.15,81.13,mnist-checkpoints/fc3_h4_L[16]_strict_seed40_ablation_wd_l16_fc3_h4.pth,noise3_exp/ablation_mne_l2_vs_weight_decay_l16_fc3_h4_h8_h16_h32_h64_h128/strict_seed_train_rate_uniform_L16_T16/fc3_h4/weight_decay/seed_40/noise_sweep_matrix_mnist_fc3_h4_T16_mode_rate_uniform_schedule_normal_seed_40.csv
fc3_h4,4,weight_decay,40,16,16,rate_uniform,0.2,81.23,mnist-checkpoints/fc3_h4_L[16]_strict_seed40_ablation_wd_l16_fc3_h4.pth,noise3_exp/ablation_mne_l2_vs_weight_decay_l16_fc3_h4_h8_h16_h32_h64_h128/strict_seed_train_rate_uniform_L16_T16/fc3_h4/weight_decay/seed_40/noise_sweep_matrix_mnist_fc3_h4_T16_mode_rate_uniform_schedule_normal_seed_40.csv
fc3_h4,4,weight_decay,40,16,16,rate_uniform,0.25,80.72,mnist-checkpoints/fc3_h4_L[16]_strict_seed40_ablation_wd_l16_fc3_h4.pth,noise3_exp/ablation_mne_l2_vs_weight_decay_l16_fc3_h4_h8_h16_h32_h64_h128/strict_seed_train_rate_uniform_L16_T16/fc3_h4/weight_decay/seed_40/noise_sweep_matrix_mnist_fc3_h4_T16_mode_rate_uniform_schedule_normal_seed_40.csv
fc3_h4,4,weight_decay,40,16,16,rate_uniform,0.3,79.25,mnist-checkpoints/fc3_h4_L[16]_strict_seed40_ablation_wd_l16_fc3_h4.pth,noise3_exp/ablation_mne_l2_vs_weight_decay_l16_fc3_h4_h8_h16_h32_h64_h128/strict_seed_train_rate_uniform_L16_T16/fc3_h4/weight_decay/seed_40/noise_sweep_matrix_mnist_fc3_h4_T16_mode_rate_uniform_schedule_normal_seed_40.csv
fc3_h4,4,weight_decay,40,16,16,rate_uniform,0.35,75.43,mnist-checkpoints/fc3_h4_L[16]_strict_seed40_ablation_wd_l16_fc3_h4.pth,noise3_exp/ablation_mne_l2_vs_weight_decay_l16_fc3_h4_h8_h16_h32_h64_h128/strict_seed_train_rate_uniform_L16_T16/fc3_h4/weight_decay/seed_40/noise_sweep_matrix_mnist_fc3_h4_T16_mode_rate_uniform_schedule_normal_seed_40.csv
fc3_h4,4,weight_decay,40,16,16,rate_uniform,0.4,68.42,mnist-checkpoints/fc3_h4_L[16]_strict_seed40_ablation_wd_l16_fc3_h4.pth,noise3_exp/ablation_mne_l2_vs_weight_decay_l16_fc3_h4_h8_h16_h32_h64_h128/strict_seed_train_rate_uniform_L16_T16/fc3_h4/weight_decay/seed_40/noise_sweep_matrix_mnist_fc3_h4_T16_mode_rate_uniform_schedule_normal_seed_40.csv
fc3_h4,4,weight_decay,40,16,16,rate_uniform,0.45,60.4,mnist-checkpoints/fc3_h4_L[16]_strict_seed40_ablation_wd_l16_fc3_h4.pth,noise3_exp/ablation_mne_l2_vs_weight_decay_l16_fc3_h4_h8_h16_h32_h64_h128/strict_seed_train_rate_uniform_L16_T16/fc3_h4/weight_decay/seed_40/noise_sweep_matrix_mnist_fc3_h4_T16_mode_rate_uniform_schedule_normal_seed_40.csv
fc3_h4,4,weight_decay,40,16,16,rate_uniform,0.5,51.92,mnist-checkpoints/fc3_h4_L[16]_strict_seed40_ablation_wd_l16_fc3_h4.pth,noise3_exp/ablation_mne_l2_vs_weight_decay_l16_fc3_h4_h8_h16_h32_h64_h128/strict_seed_train_rate_uniform_L16_T16/fc3_h4/weight_decay/seed_40/noise_sweep_matrix_mnist_fc3_h4_T16_mode_rate_uniform_schedule_normal_seed_40.csv
fc3_h4,4,weight_decay,40,16,16,rate_uniform,0.55,45.47,mnist-checkpoints/fc3_h4_L[16]_strict_seed40_ablation_wd_l16_fc3_h4.pth,noise3_exp/ablation_mne_l2_vs_weight_decay_l16_fc3_h4_h8_h16_h32_h64_h128/strict_seed_train_rate_uniform_L16_T16/fc3_h4/weight_decay/seed_40/noise_sweep_matrix_mnist_fc3_h4_T16_mode_rate_uniform_schedule_normal_seed_40.csv
fc3_h4,4,weight_decay,40,16,16,rate_uniform,0.6,40.39,mnist-checkpoints/fc3_h4_L[16]_strict_seed40_ablation_wd_l16_fc3_h4.pth,noise3_exp/ablation_mne_l2_vs_weight_decay_l16_fc3_h4_h8_h16_h32_h64_h128/strict_seed_train_rate_uniform_L16_T16/fc3_h4/weight_decay/seed_40/noise_sweep_matrix_mnist_fc3_h4_T16_mode_rate_uniform_schedule_normal_seed_40.csv
fc3_h4,4,weight_decay,40,16,16,rate_uniform,0.65,37.76,mnist-checkpoints/fc3_h4_L[16]_strict_seed40_ablation_wd_l16_fc3_h4.pth,noise3_exp/ablation_mne_l2_vs_weight_decay_l16_fc3_h4_h8_h16_h32_h64_h128/strict_seed_train_rate_uniform_L16_T16/fc3_h4/weight_decay/seed_40/noise_sweep_matrix_mnist_fc3_h4_T16_mode_rate_uniform_schedule_normal_seed_40.csv
fc3_h4,4,weight_decay,40,16,16,rate_uniform,0.7,35.81,mnist-checkpoints/fc3_h4_L[16]_strict_seed40_ablation_wd_l16_fc3_h4.pth,noise3_exp/ablation_mne_l2_vs_weight_decay_l16_fc3_h4_h8_h16_h32_h64_h128/strict_seed_train_rate_uniform_L16_T16/fc3_h4/weight_decay/seed_40/noise_sweep_matrix_mnist_fc3_h4_T16_mode_rate_uniform_schedule_normal_seed_40.csv
fc3_h4,4,weight_decay,40,16,16,rate_uniform,0.75,33.42,mnist-checkpoints/fc3_h4_L[16]_strict_seed40_ablation_wd_l16_fc3_h4.pth,noise3_exp/ablation_mne_l2_vs_weight_decay_l16_fc3_h4_h8_h16_h32_h64_h128/strict_seed_train_rate_uniform_L16_T16/fc3_h4/weight_decay/seed_40/noise_sweep_matrix_mnist_fc3_h4_T16_mode_rate_uniform_schedule_normal_seed_40.csv
fc3_h4,4,weight_decay,40,16,16,rate_uniform,0.8,31.0,mnist-checkpoints/fc3_h4_L[16]_strict_seed40_ablation_wd_l16_fc3_h4.pth,noise3_exp/ablation_mne_l2_vs_weight_decay_l16_fc3_h4_h8_h16_h32_h64_h128/strict_seed_train_rate_uniform_L16_T16/fc3_h4/weight_decay/seed_40/noise_sweep_matrix_mnist_fc3_h4_T16_mode_rate_uniform_schedule_normal_seed_40.csv
fc3_h4,4,weight_decay,40,16,16,rate_uniform,0.85,29.58,mnist-checkpoints/fc3_h4_L[16]_strict_seed40_ablation_wd_l16_fc3_h4.pth,noise3_exp/ablation_mne_l2_vs_weight_decay_l16_fc3_h4_h8_h16_h32_h64_h128/strict_seed_train_rate_uniform_L16_T16/fc3_h4/weight_decay/seed_40/noise_sweep_matrix_mnist_fc3_h4_T16_mode_rate_uniform_schedule_normal_seed_40.csv
fc3_h4,4,weight_decay,40,16,16,rate_uniform,0.9,28.25,mnist-checkpoints/fc3_h4_L[16]_strict_seed40_ablation_wd_l16_fc3_h4.pth,noise3_exp/ablation_mne_l2_vs_weight_decay_l16_fc3_h4_h8_h16_h32_h64_h128/strict_seed_train_rate_uniform_L16_T16/fc3_h4/weight_decay/seed_40/noise_sweep_matrix_mnist_fc3_h4_T16_mode_rate_uniform_schedule_normal_seed_40.csv
fc3_h4,4,weight_decay,40,16,16,rate_uniform,0.95,27.22,mnist-checkpoints/fc3_h4_L[16]_strict_seed40_ablation_wd_l16_fc3_h4.pth,noise3_exp/ablation_mne_l2_vs_weight_decay_l16_fc3_h4_h8_h16_h32_h64_h128/strict_seed_train_rate_uniform_L16_T16/fc3_h4/weight_decay/seed_40/noise_sweep_matrix_mnist_fc3_h4_T16_mode_rate_uniform_schedule_normal_seed_40.csv
fc3_h4,4,weight_decay,40,16,16,rate_uniform,1.0,26.17,mnist-checkpoints/fc3_h4_L[16]_strict_seed40_ablation_wd_l16_fc3_h4.pth,noise3_exp/ablation_mne_l2_vs_weight_decay_l16_fc3_h4_h8_h16_h32_h64_h128/strict_seed_train_rate_uniform_L16_T16/fc3_h4/weight_decay/seed_40/noise_sweep_matrix_mnist_fc3_h4_T16_mode_rate_uniform_schedule_normal_seed_40.csv
fc3_h4,4,weight_decay,41,16,16,rate_uniform,0.0,52.63,mnist-checkpoints/fc3_h4_L[16]_strict_seed41_ablation_wd_l16_fc3_h4.pth,noise3_exp/ablation_mne_l2_vs_weight_decay_l16_fc3_h4_h8_h16_h32_h64_h128/strict_seed_train_rate_uniform_L16_T16/fc3_h4/weight_decay/seed_41/noise_sweep_matrix_mnist_fc3_h4_T16_mode_rate_uniform_schedule_normal_seed_41.csv
fc3_h4,4,weight_decay,41,16,16,rate_uniform,0.05,52.41,mnist-checkpoints/fc3_h4_L[16]_strict_seed41_ablation_wd_l16_fc3_h4.pth,noise3_exp/ablation_mne_l2_vs_weight_decay_l16_fc3_h4_h8_h16_h32_h64_h128/strict_seed_train_rate_uniform_L16_T16/fc3_h4/weight_decay/seed_41/noise_sweep_matrix_mnist_fc3_h4_T16_mode_rate_uniform_schedule_normal_seed_41.csv
fc3_h4,4,weight_decay,41,16,16,rate_uniform,0.1,52.5,mnist-checkpoints/fc3_h4_L[16]_strict_seed41_ablation_wd_l16_fc3_h4.pth,noise3_exp/ablation_mne_l2_vs_weight_decay_l16_fc3_h4_h8_h16_h32_h64_h128/strict_seed_train_rate_uniform_L16_T16/fc3_h4/weight_decay/seed_41/noise_sweep_matrix_mnist_fc3_h4_T16_mode_rate_uniform_schedule_normal_seed_41.csv
fc3_h4,4,weight_decay,41,16,16,rate_uniform,0.15,52.4,mnist-checkpoints/fc3_h4_L[16]_strict_seed41_ablation_wd_l16_fc3_h4.pth,noise3_exp/ablation_mne_l2_vs_weight_decay_l16_fc3_h4_h8_h16_h32_h64_h128/strict_seed_train_rate_uniform_L16_T16/fc3_h4/weight_decay/seed_41/noise_sweep_matrix_mnist_fc3_h4_T16_mode_rate_uniform_schedule_normal_seed_41.csv
fc3_h4,4,weight_decay,41,16,16,rate_uniform,0.2,50.92,mnist-checkpoints/fc3_h4_L[16]_strict_seed41_ablation_wd_l16_fc3_h4.pth,noise3_exp/ablation_mne_l2_vs_weight_decay_l16_fc3_h4_h8_h16_h32_h64_h128/strict_seed_train_rate_uniform_L16_T16/fc3_h4/weight_decay/seed_41/noise_sweep_matrix_mnist_fc3_h4_T16_mode_rate_uniform_schedule_normal_seed_41.csv
fc3_h4,4,weight_decay,41,16,16,rate_uniform,0.25,46.52,mnist-checkpoints/fc3_h4_L[16]_strict_seed41_ablation_wd_l16_fc3_h4.pth,noise3_exp/ablation_mne_l2_vs_weight_decay_l16_fc3_h4_h8_h16_h32_h64_h128/strict_seed_train_rate_uniform_L16_T16/fc3_h4/weight_decay/seed_41/noise_sweep_matrix_mnist_fc3_h4_T16_mode_rate_uniform_schedule_normal_seed_41.csv
fc3_h4,4,weight_decay,41,16,16,rate_uniform,0.3,39.83,mnist-checkpoints/fc3_h4_L[16]_strict_seed41_ablation_wd_l16_fc3_h4.pth,noise3_exp/ablation_mne_l2_vs_weight_decay_l16_fc3_h4_h8_h16_h32_h64_h128/strict_seed_train_rate_uniform_L16_T16/fc3_h4/weight_decay/seed_41/noise_sweep_matrix_mnist_fc3_h4_T16_mode_rate_uniform_schedule_normal_seed_41.csv
fc3_h4,4,weight_decay,41,16,16,rate_uniform,0.35,33.69,mnist-checkpoints/fc3_h4_L[16]_strict_seed41_ablation_wd_l16_fc3_h4.pth,noise3_exp/ablation_mne_l2_vs_weight_decay_l16_fc3_h4_h8_h16_h32_h64_h128/strict_seed_train_rate_uniform_L16_T16/fc3_h4/weight_decay/seed_41/noise_sweep_matrix_mnist_fc3_h4_T16_mode_rate_uniform_schedule_normal_seed_41.csv
fc3_h4,4,weight_decay,41,16,16,rate_uniform,0.4,27.65,mnist-checkpoints/fc3_h4_L[16]_strict_seed41_ablation_wd_l16_fc3_h4.pth,noise3_exp/ablation_mne_l2_vs_weight_decay_l16_fc3_h4_h8_h16_h32_h64_h128/strict_seed_train_rate_uniform_L16_T16/fc3_h4/weight_decay/seed_41/noise_sweep_matrix_mnist_fc3_h4_T16_mode_rate_uniform_schedule_normal_seed_41.csv
fc3_h4,4,weight_decay,41,16,16,rate_uniform,0.45,24.16,mnist-checkpoints/fc3_h4_L[16]_strict_seed41_ablation_wd_l16_fc3_h4.pth,noise3_exp/ablation_mne_l2_vs_weight_decay_l16_fc3_h4_h8_h16_h32_h64_h128/strict_seed_train_rate_uniform_L16_T16/fc3_h4/weight_decay/seed_41/noise_sweep_matrix_mnist_fc3_h4_T16_mode_rate_uniform_schedule_normal_seed_41.csv
fc3_h4,4,weight_decay,41,16,16,rate_uniform,0.5,20.19,mnist-checkpoints/fc3_h4_L[16]_strict_seed41_ablation_wd_l16_fc3_h4.pth,noise3_exp/ablation_mne_l2_vs_weight_decay_l16_fc3_h4_h8_h16_h32_h64_h128/strict_seed_train_rate_uniform_L16_T16/fc3_h4/weight_decay/seed_41/noise_sweep_matrix_mnist_fc3_h4_T16_mode_rate_uniform_schedule_normal_seed_41.csv
fc3_h4,4,weight_decay,41,16,16,rate_uniform,0.55,18.11,mnist-checkpoints/fc3_h4_L[16]_strict_seed41_ablation_wd_l16_fc3_h4.pth,noise3_exp/ablation_mne_l2_vs_weight_decay_l16_fc3_h4_h8_h16_h32_h64_h128/strict_seed_train_rate_uniform_L16_T16/fc3_h4/weight_decay/seed_41/noise_sweep_matrix_mnist_fc3_h4_T16_mode_rate_uniform_schedule_normal_seed_41.csv
fc3_h4,4,weight_decay,41,16,16,rate_uniform,0.6,16.6,mnist-checkpoints/fc3_h4_L[16]_strict_seed41_ablation_wd_l16_fc3_h4.pth,noise3_exp/ablation_mne_l2_vs_weight_decay_l16_fc3_h4_h8_h16_h32_h64_h128/strict_seed_train_rate_uniform_L16_T16/fc3_h4/weight_decay/seed_41/noise_sweep_matrix_mnist_fc3_h4_T16_mode_rate_uniform_schedule_normal_seed_41.csv
fc3_h4,4,weight_decay,41,16,16,rate_uniform,0.65,15.5,mnist-checkpoints/fc3_h4_L[16]_strict_seed41_ablation_wd_l16_fc3_h4.pth,noise3_exp/ablation_mne_l2_vs_weight_decay_l16_fc3_h4_h8_h16_h32_h64_h128/strict_seed_train_rate_uniform_L16_T16/fc3_h4/weight_decay/seed_41/noise_sweep_matrix_mnist_fc3_h4_T16_mode_rate_uniform_schedule_normal_seed_41.csv
fc3_h4,4,weight_decay,41,16,16,rate_uniform,0.7,14.27,mnist-checkpoints/fc3_h4_L[16]_strict_seed41_ablation_wd_l16_fc3_h4.pth,noise3_exp/ablation_mne_l2_vs_weight_decay_l16_fc3_h4_h8_h16_h32_h64_h128/strict_seed_train_rate_uniform_L16_T16/fc3_h4/weight_decay/seed_41/noise_sweep_matrix_mnist_fc3_h4_T16_mode_rate_uniform_schedule_normal_seed_41.csv
fc3_h4,4,weight_decay,41,16,16,rate_uniform,0.75,13.39,mnist-checkpoints/fc3_h4_L[16]_strict_seed41_ablation_wd_l16_fc3_h4.pth,noise3_exp/ablation_mne_l2_vs_weight_decay_l16_fc3_h4_h8_h16_h32_h64_h128/strict_seed_train_rate_uniform_L16_T16/fc3_h4/weight_decay/seed_41/noise_sweep_matrix_mnist_fc3_h4_T16_mode_rate_uniform_schedule_normal_seed_41.csv
fc3_h4,4,weight_decay,41,16,16,rate_uniform,0.8,12.74,mnist-checkpoints/fc3_h4_L[16]_strict_seed41_ablation_wd_l16_fc3_h4.pth,noise3_exp/ablation_mne_l2_vs_weight_decay_l16_fc3_h4_h8_h16_h32_h64_h128/strict_seed_train_rate_uniform_L16_T16/fc3_h4/weight_decay/seed_41/noise_sweep_matrix_mnist_fc3_h4_T16_mode_rate_uniform_schedule_normal_seed_41.csv
fc3_h4,4,weight_decay,41,16,16,rate_uniform,0.85,12.44,mnist-checkpoints/fc3_h4_L[16]_strict_seed41_ablation_wd_l16_fc3_h4.pth,noise3_exp/ablation_mne_l2_vs_weight_decay_l16_fc3_h4_h8_h16_h32_h64_h128/strict_seed_train_rate_uniform_L16_T16/fc3_h4/weight_decay/seed_41/noise_sweep_matrix_mnist_fc3_h4_T16_mode_rate_uniform_schedule_normal_seed_41.csv
fc3_h4,4,weight_decay,41,16,16,rate_uniform,0.9,12.26,mnist-checkpoints/fc3_h4_L[16]_strict_seed41_ablation_wd_l16_fc3_h4.pth,noise3_exp/ablation_mne_l2_vs_weight_decay_l16_fc3_h4_h8_h16_h32_h64_h128/strict_seed_train_rate_uniform_L16_T16/fc3_h4/weight_decay/seed_41/noise_sweep_matrix_mnist_fc3_h4_T16_mode_rate_uniform_schedule_normal_seed_41.csv
fc3_h4,4,weight_decay,41,16,16,rate_uniform,0.95,11.86,mnist-checkpoints/fc3_h4_L[16]_strict_seed41_ablation_wd_l16_fc3_h4.pth,noise3_exp/ablation_mne_l2_vs_weight_decay_l16_fc3_h4_h8_h16_h32_h64_h128/strict_seed_train_rate_uniform_L16_T16/fc3_h4/weight_decay/seed_41/noise_sweep_matrix_mnist_fc3_h4_T16_mode_rate_uniform_schedule_normal_seed_41.csv
fc3_h4,4,weight_decay,41,16,16,rate_uniform,1.0,11.39,mnist-checkpoints/fc3_h4_L[16]_strict_seed41_ablation_wd_l16_fc3_h4.pth,noise3_exp/ablation_mne_l2_vs_weight_decay_l16_fc3_h4_h8_h16_h32_h64_h128/strict_seed_train_rate_uniform_L16_T16/fc3_h4/weight_decay/seed_41/noise_sweep_matrix_mnist_fc3_h4_T16_mode_rate_uniform_schedule_normal_seed_41.csv
fc3_h4,4,weight_decay,42,16,16,rate_uniform,0.0,49.53,mnist-checkpoints/fc3_h4_L[16]_strict_seed42_ablation_wd_l16_fc3_h4.pth,noise3_exp/ablation_mne_l2_vs_weight_decay_l16_fc3_h4_h8_h16_h32_h64_h128/strict_seed_train_rate_uniform_L16_T16/fc3_h4/weight_decay/seed_42/noise_sweep_matrix_mnist_fc3_h4_T16_mode_rate_uniform_schedule_normal_seed_42.csv
fc3_h4,4,weight_decay,42,16,16,rate_uniform,0.05,49.45,mnist-checkpoints/fc3_h4_L[16]_strict_seed42_ablation_wd_l16_fc3_h4.pth,noise3_exp/ablation_mne_l2_vs_weight_decay_l16_fc3_h4_h8_h16_h32_h64_h128/strict_seed_train_rate_uniform_L16_T16/fc3_h4/weight_decay/seed_42/noise_sweep_matrix_mnist_fc3_h4_T16_mode_rate_uniform_schedule_normal_seed_42.csv
fc3_h4,4,weight_decay,42,16,16,rate_uniform,0.1,49.65,mnist-checkpoints/fc3_h4_L[16]_strict_seed42_ablation_wd_l16_fc3_h4.pth,noise3_exp/ablation_mne_l2_vs_weight_decay_l16_fc3_h4_h8_h16_h32_h64_h128/strict_seed_train_rate_uniform_L16_T16/fc3_h4/weight_decay/seed_42/noise_sweep_matrix_mnist_fc3_h4_T16_mode_rate_uniform_schedule_normal_seed_42.csv
fc3_h4,4,weight_decay,42,16,16,rate_uniform,0.15,49.27,mnist-checkpoints/fc3_h4_L[16]_strict_seed42_ablation_wd_l16_fc3_h4.pth,noise3_exp/ablation_mne_l2_vs_weight_decay_l16_fc3_h4_h8_h16_h32_h64_h128/strict_seed_train_rate_uniform_L16_T16/fc3_h4/weight_decay/seed_42/noise_sweep_matrix_mnist_fc3_h4_T16_mode_rate_uniform_schedule_normal_seed_42.csv
fc3_h4,4,weight_decay,42,16,16,rate_uniform,0.2,48.25,mnist-checkpoints/fc3_h4_L[16]_strict_seed42_ablation_wd_l16_fc3_h4.pth,noise3_exp/ablation_mne_l2_vs_weight_decay_l16_fc3_h4_h8_h16_h32_h64_h128/strict_seed_train_rate_uniform_L16_T16/fc3_h4/weight_decay/seed_42/noise_sweep_matrix_mnist_fc3_h4_T16_mode_rate_uniform_schedule_normal_seed_42.csv
fc3_h4,4,weight_decay,42,16,16,rate_uniform,0.25,43.25,mnist-checkpoints/fc3_h4_L[16]_strict_seed42_ablation_wd_l16_fc3_h4.pth,noise3_exp/ablation_mne_l2_vs_weight_decay_l16_fc3_h4_h8_h16_h32_h64_h128/strict_seed_train_rate_uniform_L16_T16/fc3_h4/weight_decay/seed_42/noise_sweep_matrix_mnist_fc3_h4_T16_mode_rate_uniform_schedule_normal_seed_42.csv
fc3_h4,4,weight_decay,42,16,16,rate_uniform,0.3,34.18,mnist-checkpoints/fc3_h4_L[16]_strict_seed42_ablation_wd_l16_fc3_h4.pth,noise3_exp/ablation_mne_l2_vs_weight_decay_l16_fc3_h4_h8_h16_h32_h64_h128/strict_seed_train_rate_uniform_L16_T16/fc3_h4/weight_decay/seed_42/noise_sweep_matrix_mnist_fc3_h4_T16_mode_rate_uniform_schedule_normal_seed_42.csv
fc3_h4,4,weight_decay,42,16,16,rate_uniform,0.35,24.92,mnist-checkpoints/fc3_h4_L[16]_strict_seed42_ablation_wd_l16_fc3_h4.pth,noise3_exp/ablation_mne_l2_vs_weight_decay_l16_fc3_h4_h8_h16_h32_h64_h128/strict_seed_train_rate_uniform_L16_T16/fc3_h4/weight_decay/seed_42/noise_sweep_matrix_mnist_fc3_h4_T16_mode_rate_uniform_schedule_normal_seed_42.csv
fc3_h4,4,weight_decay,42,16,16,rate_uniform,0.4,18.02,mnist-checkpoints/fc3_h4_L[16]_strict_seed42_ablation_wd_l16_fc3_h4.pth,noise3_exp/ablation_mne_l2_vs_weight_decay_l16_fc3_h4_h8_h16_h32_h64_h128/strict_seed_train_rate_uniform_L16_T16/fc3_h4/weight_decay/seed_42/noise_sweep_matrix_mnist_fc3_h4_T16_mode_rate_uniform_schedule_normal_seed_42.csv
fc3_h4,4,weight_decay,42,16,16,rate_uniform,0.45,14.06,mnist-checkpoints/fc3_h4_L[16]_strict_seed42_ablation_wd_l16_fc3_h4.pth,noise3_exp/ablation_mne_l2_vs_weight_decay_l16_fc3_h4_h8_h16_h32_h64_h128/strict_seed_train_rate_uniform_L16_T16/fc3_h4/weight_decay/seed_42/noise_sweep_matrix_mnist_fc3_h4_T16_mode_rate_uniform_schedule_normal_seed_42.csv
fc3_h4,4,weight_decay,42,16,16,rate_uniform,0.5,12.1,mnist-checkpoints/fc3_h4_L[16]_strict_seed42_ablation_wd_l16_fc3_h4.pth,noise3_exp/ablation_mne_l2_vs_weight_decay_l16_fc3_h4_h8_h16_h32_h64_h128/strict_seed_train_rate_uniform_L16_T16/fc3_h4/weight_decay/seed_42/noise_sweep_matrix_mnist_fc3_h4_T16_mode_rate_uniform_schedule_normal_seed_42.csv
fc3_h4,4,weight_decay,42,16,16,rate_uniform,0.55,10.94,mnist-checkpoints/fc3_h4_L[16]_strict_seed42_ablation_wd_l16_fc3_h4.pth,noise3_exp/ablation_mne_l2_vs_weight_decay_l16_fc3_h4_h8_h16_h32_h64_h128/strict_seed_train_rate_uniform_L16_T16/fc3_h4/weight_decay/seed_42/noise_sweep_matrix_mnist_fc3_h4_T16_mode_rate_uniform_schedule_normal_seed_42.csv
fc3_h4,4,weight_decay,42,16,16,rate_uniform,0.6,10.32,mnist-checkpoints/fc3_h4_L[16]_strict_seed42_ablation_wd_l16_fc3_h4.pth,noise3_exp/ablation_mne_l2_vs_weight_decay_l16_fc3_h4_h8_h16_h32_h64_h128/strict_seed_train_rate_uniform_L16_T16/fc3_h4/weight_decay/seed_42/noise_sweep_matrix_mnist_fc3_h4_T16_mode_rate_uniform_schedule_normal_seed_42.csv
fc3_h4,4,weight_decay,42,16,16,rate_uniform,0.65,9.98,mnist-checkpoints/fc3_h4_L[16]_strict_seed42_ablation_wd_l16_fc3_h4.pth,noise3_exp/ablation_mne_l2_vs_weight_decay_l16_fc3_h4_h8_h16_h32_h64_h128/strict_seed_train_rate_uniform_L16_T16/fc3_h4/weight_decay/seed_42/noise_sweep_matrix_mnist_fc3_h4_T16_mode_rate_uniform_schedule_normal_seed_42.csv
fc3_h4,4,weight_decay,42,16,16,rate_uniform,0.7,9.73,mnist-checkpoints/fc3_h4_L[16]_strict_seed42_ablation_wd_l16_fc3_h4.pth,noise3_exp/ablation_mne_l2_vs_weight_decay_l16_fc3_h4_h8_h16_h32_h64_h128/strict_seed_train_rate_uniform_L16_T16/fc3_h4/weight_decay/seed_42/noise_sweep_matrix_mnist_fc3_h4_T16_mode_rate_uniform_schedule_normal_seed_42.csv
fc3_h4,4,weight_decay,42,16,16,rate_uniform,0.75,9.79,mnist-checkpoints/fc3_h4_L[16]_strict_seed42_ablation_wd_l16_fc3_h4.pth,noise3_exp/ablation_mne_l2_vs_weight_decay_l16_fc3_h4_h8_h16_h32_h64_h128/strict_seed_train_rate_uniform_L16_T16/fc3_h4/weight_decay/seed_42/noise_sweep_matrix_mnist_fc3_h4_T16_mode_rate_uniform_schedule_normal_seed_42.csv
fc3_h4,4,weight_decay,42,16,16,rate_uniform,0.8,9.7,mnist-checkpoints/fc3_h4_L[16]_strict_seed42_ablation_wd_l16_fc3_h4.pth,noise3_exp/ablation_mne_l2_vs_weight_decay_l16_fc3_h4_h8_h16_h32_h64_h128/strict_seed_train_rate_uniform_L16_T16/fc3_h4/weight_decay/seed_42/noise_sweep_matrix_mnist_fc3_h4_T16_mode_rate_uniform_schedule_normal_seed_42.csv
fc3_h4,4,weight_decay,42,16,16,rate_uniform,0.85,9.69,mnist-checkpoints/fc3_h4_L[16]_strict_seed42_ablation_wd_l16_fc3_h4.pth,noise3_exp/ablation_mne_l2_vs_weight_decay_l16_fc3_h4_h8_h16_h32_h64_h128/strict_seed_train_rate_uniform_L16_T16/fc3_h4/weight_decay/seed_42/noise_sweep_matrix_mnist_fc3_h4_T16_mode_rate_uniform_schedule_normal_seed_42.csv
fc3_h4,4,weight_decay,42,16,16,rate_uniform,0.9,9.63,mnist-checkpoints/fc3_h4_L[16]_strict_seed42_ablation_wd_l16_fc3_h4.pth,noise3_exp/ablation_mne_l2_vs_weight_decay_l16_fc3_h4_h8_h16_h32_h64_h128/strict_seed_train_rate_uniform_L16_T16/fc3_h4/weight_decay/seed_42/noise_sweep_matrix_mnist_fc3_h4_T16_mode_rate_uniform_schedule_normal_seed_42.csv
fc3_h4,4,weight_decay,42,16,16,rate_uniform,0.95,9.59,mnist-checkpoints/fc3_h4_L[16]_strict_seed42_ablation_wd_l16_fc3_h4.pth,noise3_exp/ablation_mne_l2_vs_weight_decay_l16_fc3_h4_h8_h16_h32_h64_h128/strict_seed_train_rate_uniform_L16_T16/fc3_h4/weight_decay/seed_42/noise_sweep_matrix_mnist_fc3_h4_T16_mode_rate_uniform_schedule_normal_seed_42.csv
fc3_h4,4,weight_decay,42,16,16,rate_uniform,1.0,9.6,mnist-checkpoints/fc3_h4_L[16]_strict_seed42_ablation_wd_l16_fc3_h4.pth,noise3_exp/ablation_mne_l2_vs_weight_decay_l16_fc3_h4_h8_h16_h32_h64_h128/strict_seed_train_rate_uniform_L16_T16/fc3_h4/weight_decay/seed_42/noise_sweep_matrix_mnist_fc3_h4_T16_mode_rate_uniform_schedule_normal_seed_42.csv
fc3_h4,4,weight_decay,43,16,16,rate_uniform,0.0,82.77,mnist-checkpoints/fc3_h4_L[16]_strict_seed43_ablation_wd_l16_fc3_h4.pth,noise3_exp/ablation_mne_l2_vs_weight_decay_l16_fc3_h4_h8_h16_h32_h64_h128/strict_seed_train_rate_uniform_L16_T16/fc3_h4/weight_decay/seed_43/noise_sweep_matrix_mnist_fc3_h4_T16_mode_rate_uniform_schedule_normal_seed_43.csv
fc3_h4,4,weight_decay,43,16,16,rate_uniform,0.05,82.66,mnist-checkpoints/fc3_h4_L[16]_strict_seed43_ablation_wd_l16_fc3_h4.pth,noise3_exp/ablation_mne_l2_vs_weight_decay_l16_fc3_h4_h8_h16_h32_h64_h128/strict_seed_train_rate_uniform_L16_T16/fc3_h4/weight_decay/seed_43/noise_sweep_matrix_mnist_fc3_h4_T16_mode_rate_uniform_schedule_normal_seed_43.csv
fc3_h4,4,weight_decay,43,16,16,rate_uniform,0.1,82.77,mnist-checkpoints/fc3_h4_L[16]_strict_seed43_ablation_wd_l16_fc3_h4.pth,noise3_exp/ablation_mne_l2_vs_weight_decay_l16_fc3_h4_h8_h16_h32_h64_h128/strict_seed_train_rate_uniform_L16_T16/fc3_h4/weight_decay/seed_43/noise_sweep_matrix_mnist_fc3_h4_T16_mode_rate_uniform_schedule_normal_seed_43.csv
fc3_h4,4,weight_decay,43,16,16,rate_uniform,0.15,82.73,mnist-checkpoints/fc3_h4_L[16]_strict_seed43_ablation_wd_l16_fc3_h4.pth,noise3_exp/ablation_mne_l2_vs_weight_decay_l16_fc3_h4_h8_h16_h32_h64_h128/strict_seed_train_rate_uniform_L16_T16/fc3_h4/weight_decay/seed_43/noise_sweep_matrix_mnist_fc3_h4_T16_mode_rate_uniform_schedule_normal_seed_43.csv
fc3_h4,4,weight_decay,43,16,16,rate_uniform,0.2,82.54,mnist-checkpoints/fc3_h4_L[16]_strict_seed43_ablation_wd_l16_fc3_h4.pth,noise3_exp/ablation_mne_l2_vs_weight_decay_l16_fc3_h4_h8_h16_h32_h64_h128/strict_seed_train_rate_uniform_L16_T16/fc3_h4/weight_decay/seed_43/noise_sweep_matrix_mnist_fc3_h4_T16_mode_rate_uniform_schedule_normal_seed_43.csv
fc3_h4,4,weight_decay,43,16,16,rate_uniform,0.25,81.87,mnist-checkpoints/fc3_h4_L[16]_strict_seed43_ablation_wd_l16_fc3_h4.pth,noise3_exp/ablation_mne_l2_vs_weight_decay_l16_fc3_h4_h8_h16_h32_h64_h128/strict_seed_train_rate_uniform_L16_T16/fc3_h4/weight_decay/seed_43/noise_sweep_matrix_mnist_fc3_h4_T16_mode_rate_uniform_schedule_normal_seed_43.csv
fc3_h4,4,weight_decay,43,16,16,rate_uniform,0.3,79.59,mnist-checkpoints/fc3_h4_L[16]_strict_seed43_ablation_wd_l16_fc3_h4.pth,noise3_exp/ablation_mne_l2_vs_weight_decay_l16_fc3_h4_h8_h16_h32_h64_h128/strict_seed_train_rate_uniform_L16_T16/fc3_h4/weight_decay/seed_43/noise_sweep_matrix_mnist_fc3_h4_T16_mode_rate_uniform_schedule_normal_seed_43.csv
fc3_h4,4,weight_decay,43,16,16,rate_uniform,0.35,73.98,mnist-checkpoints/fc3_h4_L[16]_strict_seed43_ablation_wd_l16_fc3_h4.pth,noise3_exp/ablation_mne_l2_vs_weight_decay_l16_fc3_h4_h8_h16_h32_h64_h128/strict_seed_train_rate_uniform_L16_T16/fc3_h4/weight_decay/seed_43/noise_sweep_matrix_mnist_fc3_h4_T16_mode_rate_uniform_schedule_normal_seed_43.csv
fc3_h4,4,weight_decay,43,16,16,rate_uniform,0.4,64.46,mnist-checkpoints/fc3_h4_L[16]_strict_seed43_ablation_wd_l16_fc3_h4.pth,noise3_exp/ablation_mne_l2_vs_weight_decay_l16_fc3_h4_h8_h16_h32_h64_h128/strict_seed_train_rate_uniform_L16_T16/fc3_h4/weight_decay/seed_43/noise_sweep_matrix_mnist_fc3_h4_T16_mode_rate_uniform_schedule_normal_seed_43.csv
fc3_h4,4,weight_decay,43,16,16,rate_uniform,0.45,53.72,mnist-checkpoints/fc3_h4_L[16]_strict_seed43_ablation_wd_l16_fc3_h4.pth,noise3_exp/ablation_mne_l2_vs_weight_decay_l16_fc3_h4_h8_h16_h32_h64_h128/strict_seed_train_rate_uniform_L16_T16/fc3_h4/weight_decay/seed_43/noise_sweep_matrix_mnist_fc3_h4_T16_mode_rate_uniform_schedule_normal_seed_43.csv
fc3_h4,4,weight_decay,43,16,16,rate_uniform,0.5,42.08,mnist-checkpoints/fc3_h4_L[16]_strict_seed43_ablation_wd_l16_fc3_h4.pth,noise3_exp/ablation_mne_l2_vs_weight_decay_l16_fc3_h4_h8_h16_h32_h64_h128/strict_seed_train_rate_uniform_L16_T16/fc3_h4/weight_decay/seed_43/noise_sweep_matrix_mnist_fc3_h4_T16_mode_rate_uniform_schedule_normal_seed_43.csv
fc3_h4,4,weight_decay,43,16,16,rate_uniform,0.55,33.5,mnist-checkpoints/fc3_h4_L[16]_strict_seed43_ablation_wd_l16_fc3_h4.pth,noise3_exp/ablation_mne_l2_vs_weight_decay_l16_fc3_h4_h8_h16_h32_h64_h128/strict_seed_train_rate_uniform_L16_T16/fc3_h4/weight_decay/seed_43/noise_sweep_matrix_mnist_fc3_h4_T16_mode_rate_uniform_schedule_normal_seed_43.csv
fc3_h4,4,weight_decay,43,16,16,rate_uniform,0.6,26.71,mnist-checkpoints/fc3_h4_L[16]_strict_seed43_ablation_wd_l16_fc3_h4.pth,noise3_exp/ablation_mne_l2_vs_weight_decay_l16_fc3_h4_h8_h16_h32_h64_h128/strict_seed_train_rate_uniform_L16_T16/fc3_h4/weight_decay/seed_43/noise_sweep_matrix_mnist_fc3_h4_T16_mode_rate_uniform_schedule_normal_seed_43.csv
fc3_h4,4,weight_decay,43,16,16,rate_uniform,0.65,21.65,mnist-checkpoints/fc3_h4_L[16]_strict_seed43_ablation_wd_l16_fc3_h4.pth,noise3_exp/ablation_mne_l2_vs_weight_decay_l16_fc3_h4_h8_h16_h32_h64_h128/strict_seed_train_rate_uniform_L16_T16/fc3_h4/weight_decay/seed_43/noise_sweep_matrix_mnist_fc3_h4_T16_mode_rate_uniform_schedule_normal_seed_43.csv
fc3_h4,4,weight_decay,43,16,16,rate_uniform,0.7,18.79,mnist-checkpoints/fc3_h4_L[16]_strict_seed43_ablation_wd_l16_fc3_h4.pth,noise3_exp/ablation_mne_l2_vs_weight_decay_l16_fc3_h4_h8_h16_h32_h64_h128/strict_seed_train_rate_uniform_L16_T16/fc3_h4/weight_decay/seed_43/noise_sweep_matrix_mnist_fc3_h4_T16_mode_rate_uniform_schedule_normal_seed_43.csv
fc3_h4,4,weight_decay,43,16,16,rate_uniform,0.75,16.63,mnist-checkpoints/fc3_h4_L[16]_strict_seed43_ablation_wd_l16_fc3_h4.pth,noise3_exp/ablation_mne_l2_vs_weight_decay_l16_fc3_h4_h8_h16_h32_h64_h128/strict_seed_train_rate_uniform_L16_T16/fc3_h4/weight_decay/seed_43/noise_sweep_matrix_mnist_fc3_h4_T16_mode_rate_uniform_schedule_normal_seed_43.csv
fc3_h4,4,weight_decay,43,16,16,rate_uniform,0.8,15.45,mnist-checkpoints/fc3_h4_L[16]_strict_seed43_ablation_wd_l16_fc3_h4.pth,noise3_exp/ablation_mne_l2_vs_weight_decay_l16_fc3_h4_h8_h16_h32_h64_h128/strict_seed_train_rate_uniform_L16_T16/fc3_h4/weight_decay/seed_43/noise_sweep_matrix_mnist_fc3_h4_T16_mode_rate_uniform_schedule_normal_seed_43.csv
fc3_h4,4,weight_decay,43,16,16,rate_uniform,0.85,14.36,mnist-checkpoints/fc3_h4_L[16]_strict_seed43_ablation_wd_l16_fc3_h4.pth,noise3_exp/ablation_mne_l2_vs_weight_decay_l16_fc3_h4_h8_h16_h32_h64_h128/strict_seed_train_rate_uniform_L16_T16/fc3_h4/weight_decay/seed_43/noise_sweep_matrix_mnist_fc3_h4_T16_mode_rate_uniform_schedule_normal_seed_43.csv
fc3_h4,4,weight_decay,43,16,16,rate_uniform,0.9,13.55,mnist-checkpoints/fc3_h4_L[16]_strict_seed43_ablation_wd_l16_fc3_h4.pth,noise3_exp/ablation_mne_l2_vs_weight_decay_l16_fc3_h4_h8_h16_h32_h64_h128/strict_seed_train_rate_uniform_L16_T16/fc3_h4/weight_decay/seed_43/noise_sweep_matrix_mnist_fc3_h4_T16_mode_rate_uniform_schedule_normal_seed_43.csv
fc3_h4,4,weight_decay,43,16,16,rate_uniform,0.95,13.01,mnist-checkpoints/fc3_h4_L[16]_strict_seed43_ablation_wd_l16_fc3_h4.pth,noise3_exp/ablation_mne_l2_vs_weight_decay_l16_fc3_h4_h8_h16_h32_h64_h128/strict_seed_train_rate_uniform_L16_T16/fc3_h4/weight_decay/seed_43/noise_sweep_matrix_mnist_fc3_h4_T16_mode_rate_uniform_schedule_normal_seed_43.csv
fc3_h4,4,weight_decay,43,16,16,rate_uniform,1.0,12.38,mnist-checkpoints/fc3_h4_L[16]_strict_seed43_ablation_wd_l16_fc3_h4.pth,noise3_exp/ablation_mne_l2_vs_weight_decay_l16_fc3_h4_h8_h16_h32_h64_h128/strict_seed_train_rate_uniform_L16_T16/fc3_h4/weight_decay/seed_43/noise_sweep_matrix_mnist_fc3_h4_T16_mode_rate_uniform_schedule_normal_seed_43.csv
fc3_h4,4,weight_decay,44,16,16,rate_uniform,0.0,69.47,mnist-checkpoints/fc3_h4_L[16]_strict_seed44_ablation_wd_l16_fc3_h4.pth,noise3_exp/ablation_mne_l2_vs_weight_decay_l16_fc3_h4_h8_h16_h32_h64_h128/strict_seed_train_rate_uniform_L16_T16/fc3_h4/weight_decay/seed_44/noise_sweep_matrix_mnist_fc3_h4_T16_mode_rate_uniform_schedule_normal_seed_44.csv
fc3_h4,4,weight_decay,44,16,16,rate_uniform,0.05,69.44,mnist-checkpoints/fc3_h4_L[16]_strict_seed44_ablation_wd_l16_fc3_h4.pth,noise3_exp/ablation_mne_l2_vs_weight_decay_l16_fc3_h4_h8_h16_h32_h64_h128/strict_seed_train_rate_uniform_L16_T16/fc3_h4/weight_decay/seed_44/noise_sweep_matrix_mnist_fc3_h4_T16_mode_rate_uniform_schedule_normal_seed_44.csv
fc3_h4,4,weight_decay,44,16,16,rate_uniform,0.1,69.58,mnist-checkpoints/fc3_h4_L[16]_strict_seed44_ablation_wd_l16_fc3_h4.pth,noise3_exp/ablation_mne_l2_vs_weight_decay_l16_fc3_h4_h8_h16_h32_h64_h128/strict_seed_train_rate_uniform_L16_T16/fc3_h4/weight_decay/seed_44/noise_sweep_matrix_mnist_fc3_h4_T16_mode_rate_uniform_schedule_normal_seed_44.csv
fc3_h4,4,weight_decay,44,16,16,rate_uniform,0.15,69.44,mnist-checkpoints/fc3_h4_L[16]_strict_seed44_ablation_wd_l16_fc3_h4.pth,noise3_exp/ablation_mne_l2_vs_weight_decay_l16_fc3_h4_h8_h16_h32_h64_h128/strict_seed_train_rate_uniform_L16_T16/fc3_h4/weight_decay/seed_44/noise_sweep_matrix_mnist_fc3_h4_T16_mode_rate_uniform_schedule_normal_seed_44.csv
fc3_h4,4,weight_decay,44,16,16,rate_uniform,0.2,68.74,mnist-checkpoints/fc3_h4_L[16]_strict_seed44_ablation_wd_l16_fc3_h4.pth,noise3_exp/ablation_mne_l2_vs_weight_decay_l16_fc3_h4_h8_h16_h32_h64_h128/strict_seed_train_rate_uniform_L16_T16/fc3_h4/weight_decay/seed_44/noise_sweep_matrix_mnist_fc3_h4_T16_mode_rate_uniform_schedule_normal_seed_44.csv
fc3_h4,4,weight_decay,44,16,16,rate_uniform,0.25,65.98,mnist-checkpoints/fc3_h4_L[16]_strict_seed44_ablation_wd_l16_fc3_h4.pth,noise3_exp/ablation_mne_l2_vs_weight_decay_l16_fc3_h4_h8_h16_h32_h64_h128/strict_seed_train_rate_uniform_L16_T16/fc3_h4/weight_decay/seed_44/noise_sweep_matrix_mnist_fc3_h4_T16_mode_rate_uniform_schedule_normal_seed_44.csv
fc3_h4,4,weight_decay,44,16,16,rate_uniform,0.3,58.41,mnist-checkpoints/fc3_h4_L[16]_strict_seed44_ablation_wd_l16_fc3_h4.pth,noise3_exp/ablation_mne_l2_vs_weight_decay_l16_fc3_h4_h8_h16_h32_h64_h128/strict_seed_train_rate_uniform_L16_T16/fc3_h4/weight_decay/seed_44/noise_sweep_matrix_mnist_fc3_h4_T16_mode_rate_uniform_schedule_normal_seed_44.csv
fc3_h4,4,weight_decay,44,16,16,rate_uniform,0.35,46.79,mnist-checkpoints/fc3_h4_L[16]_strict_seed44_ablation_wd_l16_fc3_h4.pth,noise3_exp/ablation_mne_l2_vs_weight_decay_l16_fc3_h4_h8_h16_h32_h64_h128/strict_seed_train_rate_uniform_L16_T16/fc3_h4/weight_decay/seed_44/noise_sweep_matrix_mnist_fc3_h4_T16_mode_rate_uniform_schedule_normal_seed_44.csv
fc3_h4,4,weight_decay,44,16,16,rate_uniform,0.4,36.84,mnist-checkpoints/fc3_h4_L[16]_strict_seed44_ablation_wd_l16_fc3_h4.pth,noise3_exp/ablation_mne_l2_vs_weight_decay_l16_fc3_h4_h8_h16_h32_h64_h128/strict_seed_train_rate_uniform_L16_T16/fc3_h4/weight_decay/seed_44/noise_sweep_matrix_mnist_fc3_h4_T16_mode_rate_uniform_schedule_normal_seed_44.csv
fc3_h4,4,weight_decay,44,16,16,rate_uniform,0.45,28.9,mnist-checkpoints/fc3_h4_L[16]_strict_seed44_ablation_wd_l16_fc3_h4.pth,noise3_exp/ablation_mne_l2_vs_weight_decay_l16_fc3_h4_h8_h16_h32_h64_h128/strict_seed_train_rate_uniform_L16_T16/fc3_h4/weight_decay/seed_44/noise_sweep_matrix_mnist_fc3_h4_T16_mode_rate_uniform_schedule_normal_seed_44.csv
fc3_h4,4,weight_decay,44,16,16,rate_uniform,0.5,23.93,mnist-checkpoints/fc3_h4_L[16]_strict_seed44_ablation_wd_l16_fc3_h4.pth,noise3_exp/ablation_mne_l2_vs_weight_decay_l16_fc3_h4_h8_h16_h32_h64_h128/strict_seed_train_rate_uniform_L16_T16/fc3_h4/weight_decay/seed_44/noise_sweep_matrix_mnist_fc3_h4_T16_mode_rate_uniform_schedule_normal_seed_44.csv
fc3_h4,4,weight_decay,44,16,16,rate_uniform,0.55,20.5,mnist-checkpoints/fc3_h4_L[16]_strict_seed44_ablation_wd_l16_fc3_h4.pth,noise3_exp/ablation_mne_l2_vs_weight_decay_l16_fc3_h4_h8_h16_h32_h64_h128/strict_seed_train_rate_uniform_L16_T16/fc3_h4/weight_decay/seed_44/noise_sweep_matrix_mnist_fc3_h4_T16_mode_rate_uniform_schedule_normal_seed_44.csv
fc3_h4,4,weight_decay,44,16,16,rate_uniform,0.6,17.71,mnist-checkpoints/fc3_h4_L[16]_strict_seed44_ablation_wd_l16_fc3_h4.pth,noise3_exp/ablation_mne_l2_vs_weight_decay_l16_fc3_h4_h8_h16_h32_h64_h128/strict_seed_train_rate_uniform_L16_T16/fc3_h4/weight_decay/seed_44/noise_sweep_matrix_mnist_fc3_h4_T16_mode_rate_uniform_schedule_normal_seed_44.csv
fc3_h4,4,weight_decay,44,16,16,rate_uniform,0.65,16.6,mnist-checkpoints/fc3_h4_L[16]_strict_seed44_ablation_wd_l16_fc3_h4.pth,noise3_exp/ablation_mne_l2_vs_weight_decay_l16_fc3_h4_h8_h16_h32_h64_h128/strict_seed_train_rate_uniform_L16_T16/fc3_h4/weight_decay/seed_44/noise_sweep_matrix_mnist_fc3_h4_T16_mode_rate_uniform_schedule_normal_seed_44.csv
fc3_h4,4,weight_decay,44,16,16,rate_uniform,0.7,15.7,mnist-checkpoints/fc3_h4_L[16]_strict_seed44_ablation_wd_l16_fc3_h4.pth,noise3_exp/ablation_mne_l2_vs_weight_decay_l16_fc3_h4_h8_h16_h32_h64_h128/strict_seed_train_rate_uniform_L16_T16/fc3_h4/weight_decay/seed_44/noise_sweep_matrix_mnist_fc3_h4_T16_mode_rate_uniform_schedule_normal_seed_44.csv
fc3_h4,4,weight_decay,44,16,16,rate_uniform,0.75,14.73,mnist-checkpoints/fc3_h4_L[16]_strict_seed44_ablation_wd_l16_fc3_h4.pth,noise3_exp/ablation_mne_l2_vs_weight_decay_l16_fc3_h4_h8_h16_h32_h64_h128/strict_seed_train_rate_uniform_L16_T16/fc3_h4/weight_decay/seed_44/noise_sweep_matrix_mnist_fc3_h4_T16_mode_rate_uniform_schedule_normal_seed_44.csv
fc3_h4,4,weight_decay,44,16,16,rate_uniform,0.8,14.03,mnist-checkpoints/fc3_h4_L[16]_strict_seed44_ablation_wd_l16_fc3_h4.pth,noise3_exp/ablation_mne_l2_vs_weight_decay_l16_fc3_h4_h8_h16_h32_h64_h128/strict_seed_train_rate_uniform_L16_T16/fc3_h4/weight_decay/seed_44/noise_sweep_matrix_mnist_fc3_h4_T16_mode_rate_uniform_schedule_normal_seed_44.csv
fc3_h4,4,weight_decay,44,16,16,rate_uniform,0.85,13.16,mnist-checkpoints/fc3_h4_L[16]_strict_seed44_ablation_wd_l16_fc3_h4.pth,noise3_exp/ablation_mne_l2_vs_weight_decay_l16_fc3_h4_h8_h16_h32_h64_h128/strict_seed_train_rate_uniform_L16_T16/fc3_h4/weight_decay/seed_44/noise_sweep_matrix_mnist_fc3_h4_T16_mode_rate_uniform_schedule_normal_seed_44.csv
fc3_h4,4,weight_decay,44,16,16,rate_uniform,0.9,13.04,mnist-checkpoints/fc3_h4_L[16]_strict_seed44_ablation_wd_l16_fc3_h4.pth,noise3_exp/ablation_mne_l2_vs_weight_decay_l16_fc3_h4_h8_h16_h32_h64_h128/strict_seed_train_rate_uniform_L16_T16/fc3_h4/weight_decay/seed_44/noise_sweep_matrix_mnist_fc3_h4_T16_mode_rate_uniform_schedule_normal_seed_44.csv
fc3_h4,4,weight_decay,44,16,16,rate_uniform,0.95,12.69,mnist-checkpoints/fc3_h4_L[16]_strict_seed44_ablation_wd_l16_fc3_h4.pth,noise3_exp/ablation_mne_l2_vs_weight_decay_l16_fc3_h4_h8_h16_h32_h64_h128/strict_seed_train_rate_uniform_L16_T16/fc3_h4/weight_decay/seed_44/noise_sweep_matrix_mnist_fc3_h4_T16_mode_rate_uniform_schedule_normal_seed_44.csv
fc3_h4,4,weight_decay,44,16,16,rate_uniform,1.0,12.16,mnist-checkpoints/fc3_h4_L[16]_strict_seed44_ablation_wd_l16_fc3_h4.pth,noise3_exp/ablation_mne_l2_vs_weight_decay_l16_fc3_h4_h8_h16_h32_h64_h128/strict_seed_train_rate_uniform_L16_T16/fc3_h4/weight_decay/seed_44/noise_sweep_matrix_mnist_fc3_h4_T16_mode_rate_uniform_schedule_normal_seed_44.csv
fc3_h4,4,no_regularization,40,16,16,rate_uniform,0.0,81.21,mnist-checkpoints/fc3_h4_L[16]_strict_seed40_ablation_none_l16_fc3_h4.pth,noise3_exp/ablation_mne_l2_vs_weight_decay_l16_fc3_h4_h8_h16_h32_h64_h128/strict_seed_train_rate_uniform_L16_T16/fc3_h4/no_regularization/seed_40/noise_sweep_matrix_mnist_fc3_h4_T16_mode_rate_uniform_schedule_normal_seed_40.csv
fc3_h4,4,no_regularization,40,16,16,rate_uniform,0.05,80.83,mnist-checkpoints/fc3_h4_L[16]_strict_seed40_ablation_none_l16_fc3_h4.pth,noise3_exp/ablation_mne_l2_vs_weight_decay_l16_fc3_h4_h8_h16_h32_h64_h128/strict_seed_train_rate_uniform_L16_T16/fc3_h4/no_regularization/seed_40/noise_sweep_matrix_mnist_fc3_h4_T16_mode_rate_uniform_schedule_normal_seed_40.csv
fc3_h4,4,no_regularization,40,16,16,rate_uniform,0.1,80.57,mnist-checkpoints/fc3_h4_L[16]_strict_seed40_ablation_none_l16_fc3_h4.pth,noise3_exp/ablation_mne_l2_vs_weight_decay_l16_fc3_h4_h8_h16_h32_h64_h128/strict_seed_train_rate_uniform_L16_T16/fc3_h4/no_regularization/seed_40/noise_sweep_matrix_mnist_fc3_h4_T16_mode_rate_uniform_schedule_normal_seed_40.csv
fc3_h4,4,no_regularization,40,16,16,rate_uniform,0.15,80.8,mnist-checkpoints/fc3_h4_L[16]_strict_seed40_ablation_none_l16_fc3_h4.pth,noise3_exp/ablation_mne_l2_vs_weight_decay_l16_fc3_h4_h8_h16_h32_h64_h128/strict_seed_train_rate_uniform_L16_T16/fc3_h4/no_regularization/seed_40/noise_sweep_matrix_mnist_fc3_h4_T16_mode_rate_uniform_schedule_normal_seed_40.csv
fc3_h4,4,no_regularization,40,16,16,rate_uniform,0.2,80.63,mnist-checkpoints/fc3_h4_L[16]_strict_seed40_ablation_none_l16_fc3_h4.pth,noise3_exp/ablation_mne_l2_vs_weight_decay_l16_fc3_h4_h8_h16_h32_h64_h128/strict_seed_train_rate_uniform_L16_T16/fc3_h4/no_regularization/seed_40/noise_sweep_matrix_mnist_fc3_h4_T16_mode_rate_uniform_schedule_normal_seed_40.csv
fc3_h4,4,no_regularization,40,16,16,rate_uniform,0.25,79.34,mnist-checkpoints/fc3_h4_L[16]_strict_seed40_ablation_none_l16_fc3_h4.pth,noise3_exp/ablation_mne_l2_vs_weight_decay_l16_fc3_h4_h8_h16_h32_h64_h128/strict_seed_train_rate_uniform_L16_T16/fc3_h4/no_regularization/seed_40/noise_sweep_matrix_mnist_fc3_h4_T16_mode_rate_uniform_schedule_normal_seed_40.csv
fc3_h4,4,no_regularization,40,16,16,rate_uniform,0.3,75.26,mnist-checkpoints/fc3_h4_L[16]_strict_seed40_ablation_none_l16_fc3_h4.pth,noise3_exp/ablation_mne_l2_vs_weight_decay_l16_fc3_h4_h8_h16_h32_h64_h128/strict_seed_train_rate_uniform_L16_T16/fc3_h4/no_regularization/seed_40/noise_sweep_matrix_mnist_fc3_h4_T16_mode_rate_uniform_schedule_normal_seed_40.csv
fc3_h4,4,no_regularization,40,16,16,rate_uniform,0.35,68.55,mnist-checkpoints/fc3_h4_L[16]_strict_seed40_ablation_none_l16_fc3_h4.pth,noise3_exp/ablation_mne_l2_vs_weight_decay_l16_fc3_h4_h8_h16_h32_h64_h128/strict_seed_train_rate_uniform_L16_T16/fc3_h4/no_regularization/seed_40/noise_sweep_matrix_mnist_fc3_h4_T16_mode_rate_uniform_schedule_normal_seed_40.csv
fc3_h4,4,no_regularization,40,16,16,rate_uniform,0.4,61.72,mnist-checkpoints/fc3_h4_L[16]_strict_seed40_ablation_none_l16_fc3_h4.pth,noise3_exp/ablation_mne_l2_vs_weight_decay_l16_fc3_h4_h8_h16_h32_h64_h128/strict_seed_train_rate_uniform_L16_T16/fc3_h4/no_regularization/seed_40/noise_sweep_matrix_mnist_fc3_h4_T16_mode_rate_uniform_schedule_normal_seed_40.csv
fc3_h4,4,no_regularization,40,16,16,rate_uniform,0.45,54.8,mnist-checkpoints/fc3_h4_L[16]_strict_seed40_ablation_none_l16_fc3_h4.pth,noise3_exp/ablation_mne_l2_vs_weight_decay_l16_fc3_h4_h8_h16_h32_h64_h128/strict_seed_train_rate_uniform_L16_T16/fc3_h4/no_regularization/seed_40/noise_sweep_matrix_mnist_fc3_h4_T16_mode_rate_uniform_schedule_normal_seed_40.csv
fc3_h4,4,no_regularization,40,16,16,rate_uniform,0.5,47.74,mnist-checkpoints/fc3_h4_L[16]_strict_seed40_ablation_none_l16_fc3_h4.pth,noise3_exp/ablation_mne_l2_vs_weight_decay_l16_fc3_h4_h8_h16_h32_h64_h128/strict_seed_train_rate_uniform_L16_T16/fc3_h4/no_regularization/seed_40/noise_sweep_matrix_mnist_fc3_h4_T16_mode_rate_uniform_schedule_normal_seed_40.csv
fc3_h4,4,no_regularization,40,16,16,rate_uniform,0.55,43.13,mnist-checkpoints/fc3_h4_L[16]_strict_seed40_ablation_none_l16_fc3_h4.pth,noise3_exp/ablation_mne_l2_vs_weight_decay_l16_fc3_h4_h8_h16_h32_h64_h128/strict_seed_train_rate_uniform_L16_T16/fc3_h4/no_regularization/seed_40/noise_sweep_matrix_mnist_fc3_h4_T16_mode_rate_uniform_schedule_normal_seed_40.csv
fc3_h4,4,no_regularization,40,16,16,rate_uniform,0.6,38.81,mnist-checkpoints/fc3_h4_L[16]_strict_seed40_ablation_none_l16_fc3_h4.pth,noise3_exp/ablation_mne_l2_vs_weight_decay_l16_fc3_h4_h8_h16_h32_h64_h128/strict_seed_train_rate_uniform_L16_T16/fc3_h4/no_regularization/seed_40/noise_sweep_matrix_mnist_fc3_h4_T16_mode_rate_uniform_schedule_normal_seed_40.csv
fc3_h4,4,no_regularization,40,16,16,rate_uniform,0.65,34.65,mnist-checkpoints/fc3_h4_L[16]_strict_seed40_ablation_none_l16_fc3_h4.pth,noise3_exp/ablation_mne_l2_vs_weight_decay_l16_fc3_h4_h8_h16_h32_h64_h128/strict_seed_train_rate_uniform_L16_T16/fc3_h4/no_regularization/seed_40/noise_sweep_matrix_mnist_fc3_h4_T16_mode_rate_uniform_schedule_normal_seed_40.csv
fc3_h4,4,no_regularization,40,16,16,rate_uniform,0.7,32.32,mnist-checkpoints/fc3_h4_L[16]_strict_seed40_ablation_none_l16_fc3_h4.pth,noise3_exp/ablation_mne_l2_vs_weight_decay_l16_fc3_h4_h8_h16_h32_h64_h128/strict_seed_train_rate_uniform_L16_T16/fc3_h4/no_regularization/seed_40/noise_sweep_matrix_mnist_fc3_h4_T16_mode_rate_uniform_schedule_normal_seed_40.csv
fc3_h4,4,no_regularization,40,16,16,rate_uniform,0.75,29.51,mnist-checkpoints/fc3_h4_L[16]_strict_seed40_ablation_none_l16_fc3_h4.pth,noise3_exp/ablation_mne_l2_vs_weight_decay_l16_fc3_h4_h8_h16_h32_h64_h128/strict_seed_train_rate_uniform_L16_T16/fc3_h4/no_regularization/seed_40/noise_sweep_matrix_mnist_fc3_h4_T16_mode_rate_uniform_schedule_normal_seed_40.csv
fc3_h4,4,no_regularization,40,16,16,rate_uniform,0.8,27.45,mnist-checkpoints/fc3_h4_L[16]_strict_seed40_ablation_none_l16_fc3_h4.pth,noise3_exp/ablation_mne_l2_vs_weight_decay_l16_fc3_h4_h8_h16_h32_h64_h128/strict_seed_train_rate_uniform_L16_T16/fc3_h4/no_regularization/seed_40/noise_sweep_matrix_mnist_fc3_h4_T16_mode_rate_uniform_schedule_normal_seed_40.csv
fc3_h4,4,no_regularization,40,16,16,rate_uniform,0.85,27.12,mnist-checkpoints/fc3_h4_L[16]_strict_seed40_ablation_none_l16_fc3_h4.pth,noise3_exp/ablation_mne_l2_vs_weight_decay_l16_fc3_h4_h8_h16_h32_h64_h128/strict_seed_train_rate_uniform_L16_T16/fc3_h4/no_regularization/seed_40/noise_sweep_matrix_mnist_fc3_h4_T16_mode_rate_uniform_schedule_normal_seed_40.csv
fc3_h4,4,no_regularization,40,16,16,rate_uniform,0.9,24.96,mnist-checkpoints/fc3_h4_L[16]_strict_seed40_ablation_none_l16_fc3_h4.pth,noise3_exp/ablation_mne_l2_vs_weight_decay_l16_fc3_h4_h8_h16_h32_h64_h128/strict_seed_train_rate_uniform_L16_T16/fc3_h4/no_regularization/seed_40/noise_sweep_matrix_mnist_fc3_h4_T16_mode_rate_uniform_schedule_normal_seed_40.csv
fc3_h4,4,no_regularization,40,16,16,rate_uniform,0.95,23.27,mnist-checkpoints/fc3_h4_L[16]_strict_seed40_ablation_none_l16_fc3_h4.pth,noise3_exp/ablation_mne_l2_vs_weight_decay_l16_fc3_h4_h8_h16_h32_h64_h128/strict_seed_train_rate_uniform_L16_T16/fc3_h4/no_regularization/seed_40/noise_sweep_matrix_mnist_fc3_h4_T16_mode_rate_uniform_schedule_normal_seed_40.csv
fc3_h4,4,no_regularization,40,16,16,rate_uniform,1.0,22.7,mnist-checkpoints/fc3_h4_L[16]_strict_seed40_ablation_none_l16_fc3_h4.pth,noise3_exp/ablation_mne_l2_vs_weight_decay_l16_fc3_h4_h8_h16_h32_h64_h128/strict_seed_train_rate_uniform_L16_T16/fc3_h4/no_regularization/seed_40/noise_sweep_matrix_mnist_fc3_h4_T16_mode_rate_uniform_schedule_normal_seed_40.csv
fc3_h4,4,no_regularization,41,16,16,rate_uniform,0.0,51.51,mnist-checkpoints/fc3_h4_L[16]_strict_seed41_ablation_none_l16_fc3_h4.pth,noise3_exp/ablation_mne_l2_vs_weight_decay_l16_fc3_h4_h8_h16_h32_h64_h128/strict_seed_train_rate_uniform_L16_T16/fc3_h4/no_regularization/seed_41/noise_sweep_matrix_mnist_fc3_h4_T16_mode_rate_uniform_schedule_normal_seed_41.csv
fc3_h4,4,no_regularization,41,16,16,rate_uniform,0.05,51.4,mnist-checkpoints/fc3_h4_L[16]_strict_seed41_ablation_none_l16_fc3_h4.pth,noise3_exp/ablation_mne_l2_vs_weight_decay_l16_fc3_h4_h8_h16_h32_h64_h128/strict_seed_train_rate_uniform_L16_T16/fc3_h4/no_regularization/seed_41/noise_sweep_matrix_mnist_fc3_h4_T16_mode_rate_uniform_schedule_normal_seed_41.csv
fc3_h4,4,no_regularization,41,16,16,rate_uniform,0.1,51.25,mnist-checkpoints/fc3_h4_L[16]_strict_seed41_ablation_none_l16_fc3_h4.pth,noise3_exp/ablation_mne_l2_vs_weight_decay_l16_fc3_h4_h8_h16_h32_h64_h128/strict_seed_train_rate_uniform_L16_T16/fc3_h4/no_regularization/seed_41/noise_sweep_matrix_mnist_fc3_h4_T16_mode_rate_uniform_schedule_normal_seed_41.csv
fc3_h4,4,no_regularization,41,16,16,rate_uniform,0.15,51.18,mnist-checkpoints/fc3_h4_L[16]_strict_seed41_ablation_none_l16_fc3_h4.pth,noise3_exp/ablation_mne_l2_vs_weight_decay_l16_fc3_h4_h8_h16_h32_h64_h128/strict_seed_train_rate_uniform_L16_T16/fc3_h4/no_regularization/seed_41/noise_sweep_matrix_mnist_fc3_h4_T16_mode_rate_uniform_schedule_normal_seed_41.csv
fc3_h4,4,no_regularization,41,16,16,rate_uniform,0.2,50.41,mnist-checkpoints/fc3_h4_L[16]_strict_seed41_ablation_none_l16_fc3_h4.pth,noise3_exp/ablation_mne_l2_vs_weight_decay_l16_fc3_h4_h8_h16_h32_h64_h128/strict_seed_train_rate_uniform_L16_T16/fc3_h4/no_regularization/seed_41/noise_sweep_matrix_mnist_fc3_h4_T16_mode_rate_uniform_schedule_normal_seed_41.csv
fc3_h4,4,no_regularization,41,16,16,rate_uniform,0.25,46.5,mnist-checkpoints/fc3_h4_L[16]_strict_seed41_ablation_none_l16_fc3_h4.pth,noise3_exp/ablation_mne_l2_vs_weight_decay_l16_fc3_h4_h8_h16_h32_h64_h128/strict_seed_train_rate_uniform_L16_T16/fc3_h4/no_regularization/seed_41/noise_sweep_matrix_mnist_fc3_h4_T16_mode_rate_uniform_schedule_normal_seed_41.csv
fc3_h4,4,no_regularization,41,16,16,rate_uniform,0.3,39.36,mnist-checkpoints/fc3_h4_L[16]_strict_seed41_ablation_none_l16_fc3_h4.pth,noise3_exp/ablation_mne_l2_vs_weight_decay_l16_fc3_h4_h8_h16_h32_h64_h128/strict_seed_train_rate_uniform_L16_T16/fc3_h4/no_regularization/seed_41/noise_sweep_matrix_mnist_fc3_h4_T16_mode_rate_uniform_schedule_normal_seed_41.csv
fc3_h4,4,no_regularization,41,16,16,rate_uniform,0.35,31.63,mnist-checkpoints/fc3_h4_L[16]_strict_seed41_ablation_none_l16_fc3_h4.pth,noise3_exp/ablation_mne_l2_vs_weight_decay_l16_fc3_h4_h8_h16_h32_h64_h128/strict_seed_train_rate_uniform_L16_T16/fc3_h4/no_regularization/seed_41/noise_sweep_matrix_mnist_fc3_h4_T16_mode_rate_uniform_schedule_normal_seed_41.csv
fc3_h4,4,no_regularization,41,16,16,rate_uniform,0.4,24.89,mnist-checkpoints/fc3_h4_L[16]_strict_seed41_ablation_none_l16_fc3_h4.pth,noise3_exp/ablation_mne_l2_vs_weight_decay_l16_fc3_h4_h8_h16_h32_h64_h128/strict_seed_train_rate_uniform_L16_T16/fc3_h4/no_regularization/seed_41/noise_sweep_matrix_mnist_fc3_h4_T16_mode_rate_uniform_schedule_normal_seed_41.csv
fc3_h4,4,no_regularization,41,16,16,rate_uniform,0.45,20.17,mnist-checkpoints/fc3_h4_L[16]_strict_seed41_ablation_none_l16_fc3_h4.pth,noise3_exp/ablation_mne_l2_vs_weight_decay_l16_fc3_h4_h8_h16_h32_h64_h128/strict_seed_train_rate_uniform_L16_T16/fc3_h4/no_regularization/seed_41/noise_sweep_matrix_mnist_fc3_h4_T16_mode_rate_uniform_schedule_normal_seed_41.csv
fc3_h4,4,no_regularization,41,16,16,rate_uniform,0.5,16.91,mnist-checkpoints/fc3_h4_L[16]_strict_seed41_ablation_none_l16_fc3_h4.pth,noise3_exp/ablation_mne_l2_vs_weight_decay_l16_fc3_h4_h8_h16_h32_h64_h128/strict_seed_train_rate_uniform_L16_T16/fc3_h4/no_regularization/seed_41/noise_sweep_matrix_mnist_fc3_h4_T16_mode_rate_uniform_schedule_normal_seed_41.csv
fc3_h4,4,no_regularization,41,16,16,rate_uniform,0.55,14.59,mnist-checkpoints/fc3_h4_L[16]_strict_seed41_ablation_none_l16_fc3_h4.pth,noise3_exp/ablation_mne_l2_vs_weight_decay_l16_fc3_h4_h8_h16_h32_h64_h128/strict_seed_train_rate_uniform_L16_T16/fc3_h4/no_regularization/seed_41/noise_sweep_matrix_mnist_fc3_h4_T16_mode_rate_uniform_schedule_normal_seed_41.csv
fc3_h4,4,no_regularization,41,16,16,rate_uniform,0.6,13.34,mnist-checkpoints/fc3_h4_L[16]_strict_seed41_ablation_none_l16_fc3_h4.pth,noise3_exp/ablation_mne_l2_vs_weight_decay_l16_fc3_h4_h8_h16_h32_h64_h128/strict_seed_train_rate_uniform_L16_T16/fc3_h4/no_regularization/seed_41/noise_sweep_matrix_mnist_fc3_h4_T16_mode_rate_uniform_schedule_normal_seed_41.csv
fc3_h4,4,no_regularization,41,16,16,rate_uniform,0.65,12.31,mnist-checkpoints/fc3_h4_L[16]_strict_seed41_ablation_none_l16_fc3_h4.pth,noise3_exp/ablation_mne_l2_vs_weight_decay_l16_fc3_h4_h8_h16_h32_h64_h128/strict_seed_train_rate_uniform_L16_T16/fc3_h4/no_regularization/seed_41/noise_sweep_matrix_mnist_fc3_h4_T16_mode_rate_uniform_schedule_normal_seed_41.csv
fc3_h4,4,no_regularization,41,16,16,rate_uniform,0.7,11.59,mnist-checkpoints/fc3_h4_L[16]_strict_seed41_ablation_none_l16_fc3_h4.pth,noise3_exp/ablation_mne_l2_vs_weight_decay_l16_fc3_h4_h8_h16_h32_h64_h128/strict_seed_train_rate_uniform_L16_T16/fc3_h4/no_regularization/seed_41/noise_sweep_matrix_mnist_fc3_h4_T16_mode_rate_uniform_schedule_normal_seed_41.csv
fc3_h4,4,no_regularization,41,16,16,rate_uniform,0.75,11.07,mnist-checkpoints/fc3_h4_L[16]_strict_seed41_ablation_none_l16_fc3_h4.pth,noise3_exp/ablation_mne_l2_vs_weight_decay_l16_fc3_h4_h8_h16_h32_h64_h128/strict_seed_train_rate_uniform_L16_T16/fc3_h4/no_regularization/seed_41/noise_sweep_matrix_mnist_fc3_h4_T16_mode_rate_uniform_schedule_normal_seed_41.csv
fc3_h4,4,no_regularization,41,16,16,rate_uniform,0.8,10.93,mnist-checkpoints/fc3_h4_L[16]_strict_seed41_ablation_none_l16_fc3_h4.pth,noise3_exp/ablation_mne_l2_vs_weight_decay_l16_fc3_h4_h8_h16_h32_h64_h128/strict_seed_train_rate_uniform_L16_T16/fc3_h4/no_regularization/seed_41/noise_sweep_matrix_mnist_fc3_h4_T16_mode_rate_uniform_schedule_normal_seed_41.csv
fc3_h4,4,no_regularization,41,16,16,rate_uniform,0.85,10.58,mnist-checkpoints/fc3_h4_L[16]_strict_seed41_ablation_none_l16_fc3_h4.pth,noise3_exp/ablation_mne_l2_vs_weight_decay_l16_fc3_h4_h8_h16_h32_h64_h128/strict_seed_train_rate_uniform_L16_T16/fc3_h4/no_regularization/seed_41/noise_sweep_matrix_mnist_fc3_h4_T16_mode_rate_uniform_schedule_normal_seed_41.csv
fc3_h4,4,no_regularization,41,16,16,rate_uniform,0.9,10.26,mnist-checkpoints/fc3_h4_L[16]_strict_seed41_ablation_none_l16_fc3_h4.pth,noise3_exp/ablation_mne_l2_vs_weight_decay_l16_fc3_h4_h8_h16_h32_h64_h128/strict_seed_train_rate_uniform_L16_T16/fc3_h4/no_regularization/seed_41/noise_sweep_matrix_mnist_fc3_h4_T16_mode_rate_uniform_schedule_normal_seed_41.csv
fc3_h4,4,no_regularization,41,16,16,rate_uniform,0.95,10.27,mnist-checkpoints/fc3_h4_L[16]_strict_seed41_ablation_none_l16_fc3_h4.pth,noise3_exp/ablation_mne_l2_vs_weight_decay_l16_fc3_h4_h8_h16_h32_h64_h128/strict_seed_train_rate_uniform_L16_T16/fc3_h4/no_regularization/seed_41/noise_sweep_matrix_mnist_fc3_h4_T16_mode_rate_uniform_schedule_normal_seed_41.csv
fc3_h4,4,no_regularization,41,16,16,rate_uniform,1.0,10.17,mnist-checkpoints/fc3_h4_L[16]_strict_seed41_ablation_none_l16_fc3_h4.pth,noise3_exp/ablation_mne_l2_vs_weight_decay_l16_fc3_h4_h8_h16_h32_h64_h128/strict_seed_train_rate_uniform_L16_T16/fc3_h4/no_regularization/seed_41/noise_sweep_matrix_mnist_fc3_h4_T16_mode_rate_uniform_schedule_normal_seed_41.csv
fc3_h4,4,no_regularization,42,16,16,rate_uniform,0.0,51.3,mnist-checkpoints/fc3_h4_L[16]_strict_seed42_ablation_none_l16_fc3_h4.pth,noise3_exp/ablation_mne_l2_vs_weight_decay_l16_fc3_h4_h8_h16_h32_h64_h128/strict_seed_train_rate_uniform_L16_T16/fc3_h4/no_regularization/seed_42/noise_sweep_matrix_mnist_fc3_h4_T16_mode_rate_uniform_schedule_normal_seed_42.csv
fc3_h4,4,no_regularization,42,16,16,rate_uniform,0.05,51.03,mnist-checkpoints/fc3_h4_L[16]_strict_seed42_ablation_none_l16_fc3_h4.pth,noise3_exp/ablation_mne_l2_vs_weight_decay_l16_fc3_h4_h8_h16_h32_h64_h128/strict_seed_train_rate_uniform_L16_T16/fc3_h4/no_regularization/seed_42/noise_sweep_matrix_mnist_fc3_h4_T16_mode_rate_uniform_schedule_normal_seed_42.csv
fc3_h4,4,no_regularization,42,16,16,rate_uniform,0.1,50.96,mnist-checkpoints/fc3_h4_L[16]_strict_seed42_ablation_none_l16_fc3_h4.pth,noise3_exp/ablation_mne_l2_vs_weight_decay_l16_fc3_h4_h8_h16_h32_h64_h128/strict_seed_train_rate_uniform_L16_T16/fc3_h4/no_regularization/seed_42/noise_sweep_matrix_mnist_fc3_h4_T16_mode_rate_uniform_schedule_normal_seed_42.csv
fc3_h4,4,no_regularization,42,16,16,rate_uniform,0.15,50.8,mnist-checkpoints/fc3_h4_L[16]_strict_seed42_ablation_none_l16_fc3_h4.pth,noise3_exp/ablation_mne_l2_vs_weight_decay_l16_fc3_h4_h8_h16_h32_h64_h128/strict_seed_train_rate_uniform_L16_T16/fc3_h4/no_regularization/seed_42/noise_sweep_matrix_mnist_fc3_h4_T16_mode_rate_uniform_schedule_normal_seed_42.csv
fc3_h4,4,no_regularization,42,16,16,rate_uniform,0.2,49.26,mnist-checkpoints/fc3_h4_L[16]_strict_seed42_ablation_none_l16_fc3_h4.pth,noise3_exp/ablation_mne_l2_vs_weight_decay_l16_fc3_h4_h8_h16_h32_h64_h128/strict_seed_train_rate_uniform_L16_T16/fc3_h4/no_regularization/seed_42/noise_sweep_matrix_mnist_fc3_h4_T16_mode_rate_uniform_schedule_normal_seed_42.csv
fc3_h4,4,no_regularization,42,16,16,rate_uniform,0.25,43.28,mnist-checkpoints/fc3_h4_L[16]_strict_seed42_ablation_none_l16_fc3_h4.pth,noise3_exp/ablation_mne_l2_vs_weight_decay_l16_fc3_h4_h8_h16_h32_h64_h128/strict_seed_train_rate_uniform_L16_T16/fc3_h4/no_regularization/seed_42/noise_sweep_matrix_mnist_fc3_h4_T16_mode_rate_uniform_schedule_normal_seed_42.csv
fc3_h4,4,no_regularization,42,16,16,rate_uniform,0.3,36.59,mnist-checkpoints/fc3_h4_L[16]_strict_seed42_ablation_none_l16_fc3_h4.pth,noise3_exp/ablation_mne_l2_vs_weight_decay_l16_fc3_h4_h8_h16_h32_h64_h128/strict_seed_train_rate_uniform_L16_T16/fc3_h4/no_regularization/seed_42/noise_sweep_matrix_mnist_fc3_h4_T16_mode_rate_uniform_schedule_normal_seed_42.csv
fc3_h4,4,no_regularization,42,16,16,rate_uniform,0.35,31.51,mnist-checkpoints/fc3_h4_L[16]_strict_seed42_ablation_none_l16_fc3_h4.pth,noise3_exp/ablation_mne_l2_vs_weight_decay_l16_fc3_h4_h8_h16_h32_h64_h128/strict_seed_train_rate_uniform_L16_T16/fc3_h4/no_regularization/seed_42/noise_sweep_matrix_mnist_fc3_h4_T16_mode_rate_uniform_schedule_normal_seed_42.csv
fc3_h4,4,no_regularization,42,16,16,rate_uniform,0.4,27.21,mnist-checkpoints/fc3_h4_L[16]_strict_seed42_ablation_none_l16_fc3_h4.pth,noise3_exp/ablation_mne_l2_vs_weight_decay_l16_fc3_h4_h8_h16_h32_h64_h128/strict_seed_train_rate_uniform_L16_T16/fc3_h4/no_regularization/seed_42/noise_sweep_matrix_mnist_fc3_h4_T16_mode_rate_uniform_schedule_normal_seed_42.csv
fc3_h4,4,no_regularization,42,16,16,rate_uniform,0.45,24.73,mnist-checkpoints/fc3_h4_L[16]_strict_seed42_ablation_none_l16_fc3_h4.pth,noise3_exp/ablation_mne_l2_vs_weight_decay_l16_fc3_h4_h8_h16_h32_h64_h128/strict_seed_train_rate_uniform_L16_T16/fc3_h4/no_regularization/seed_42/noise_sweep_matrix_mnist_fc3_h4_T16_mode_rate_uniform_schedule_normal_seed_42.csv
fc3_h4,4,no_regularization,42,16,16,rate_uniform,0.5,22.8,mnist-checkpoints/fc3_h4_L[16]_strict_seed42_ablation_none_l16_fc3_h4.pth,noise3_exp/ablation_mne_l2_vs_weight_decay_l16_fc3_h4_h8_h16_h32_h64_h128/strict_seed_train_rate_uniform_L16_T16/fc3_h4/no_regularization/seed_42/noise_sweep_matrix_mnist_fc3_h4_T16_mode_rate_uniform_schedule_normal_seed_42.csv
fc3_h4,4,no_regularization,42,16,16,rate_uniform,0.55,21.02,mnist-checkpoints/fc3_h4_L[16]_strict_seed42_ablation_none_l16_fc3_h4.pth,noise3_exp/ablation_mne_l2_vs_weight_decay_l16_fc3_h4_h8_h16_h32_h64_h128/strict_seed_train_rate_uniform_L16_T16/fc3_h4/no_regularization/seed_42/noise_sweep_matrix_mnist_fc3_h4_T16_mode_rate_uniform_schedule_normal_seed_42.csv
fc3_h4,4,no_regularization,42,16,16,rate_uniform,0.6,20.45,mnist-checkpoints/fc3_h4_L[16]_strict_seed42_ablation_none_l16_fc3_h4.pth,noise3_exp/ablation_mne_l2_vs_weight_decay_l16_fc3_h4_h8_h16_h32_h64_h128/strict_seed_train_rate_uniform_L16_T16/fc3_h4/no_regularization/seed_42/noise_sweep_matrix_mnist_fc3_h4_T16_mode_rate_uniform_schedule_normal_seed_42.csv
fc3_h4,4,no_regularization,42,16,16,rate_uniform,0.65,19.35,mnist-checkpoints/fc3_h4_L[16]_strict_seed42_ablation_none_l16_fc3_h4.pth,noise3_exp/ablation_mne_l2_vs_weight_decay_l16_fc3_h4_h8_h16_h32_h64_h128/strict_seed_train_rate_uniform_L16_T16/fc3_h4/no_regularization/seed_42/noise_sweep_matrix_mnist_fc3_h4_T16_mode_rate_uniform_schedule_normal_seed_42.csv
fc3_h4,4,no_regularization,42,16,16,rate_uniform,0.7,18.19,mnist-checkpoints/fc3_h4_L[16]_strict_seed42_ablation_none_l16_fc3_h4.pth,noise3_exp/ablation_mne_l2_vs_weight_decay_l16_fc3_h4_h8_h16_h32_h64_h128/strict_seed_train_rate_uniform_L16_T16/fc3_h4/no_regularization/seed_42/noise_sweep_matrix_mnist_fc3_h4_T16_mode_rate_uniform_schedule_normal_seed_42.csv
fc3_h4,4,no_regularization,42,16,16,rate_uniform,0.75,17.86,mnist-checkpoints/fc3_h4_L[16]_strict_seed42_ablation_none_l16_fc3_h4.pth,noise3_exp/ablation_mne_l2_vs_weight_decay_l16_fc3_h4_h8_h16_h32_h64_h128/strict_seed_train_rate_uniform_L16_T16/fc3_h4/no_regularization/seed_42/noise_sweep_matrix_mnist_fc3_h4_T16_mode_rate_uniform_schedule_normal_seed_42.csv
fc3_h4,4,no_regularization,42,16,16,rate_uniform,0.8,17.71,mnist-checkpoints/fc3_h4_L[16]_strict_seed42_ablation_none_l16_fc3_h4.pth,noise3_exp/ablation_mne_l2_vs_weight_decay_l16_fc3_h4_h8_h16_h32_h64_h128/strict_seed_train_rate_uniform_L16_T16/fc3_h4/no_regularization/seed_42/noise_sweep_matrix_mnist_fc3_h4_T16_mode_rate_uniform_schedule_normal_seed_42.csv
fc3_h4,4,no_regularization,42,16,16,rate_uniform,0.85,17.15,mnist-checkpoints/fc3_h4_L[16]_strict_seed42_ablation_none_l16_fc3_h4.pth,noise3_exp/ablation_mne_l2_vs_weight_decay_l16_fc3_h4_h8_h16_h32_h64_h128/strict_seed_train_rate_uniform_L16_T16/fc3_h4/no_regularization/seed_42/noise_sweep_matrix_mnist_fc3_h4_T16_mode_rate_uniform_schedule_normal_seed_42.csv
fc3_h4,4,no_regularization,42,16,16,rate_uniform,0.9,16.29,mnist-checkpoints/fc3_h4_L[16]_strict_seed42_ablation_none_l16_fc3_h4.pth,noise3_exp/ablation_mne_l2_vs_weight_decay_l16_fc3_h4_h8_h16_h32_h64_h128/strict_seed_train_rate_uniform_L16_T16/fc3_h4/no_regularization/seed_42/noise_sweep_matrix_mnist_fc3_h4_T16_mode_rate_uniform_schedule_normal_seed_42.csv
fc3_h4,4,no_regularization,42,16,16,rate_uniform,0.95,15.42,mnist-checkpoints/fc3_h4_L[16]_strict_seed42_ablation_none_l16_fc3_h4.pth,noise3_exp/ablation_mne_l2_vs_weight_decay_l16_fc3_h4_h8_h16_h32_h64_h128/strict_seed_train_rate_uniform_L16_T16/fc3_h4/no_regularization/seed_42/noise_sweep_matrix_mnist_fc3_h4_T16_mode_rate_uniform_schedule_normal_seed_42.csv
fc3_h4,4,no_regularization,42,16,16,rate_uniform,1.0,15.74,mnist-checkpoints/fc3_h4_L[16]_strict_seed42_ablation_none_l16_fc3_h4.pth,noise3_exp/ablation_mne_l2_vs_weight_decay_l16_fc3_h4_h8_h16_h32_h64_h128/strict_seed_train_rate_uniform_L16_T16/fc3_h4/no_regularization/seed_42/noise_sweep_matrix_mnist_fc3_h4_T16_mode_rate_uniform_schedule_normal_seed_42.csv
fc3_h4,4,no_regularization,43,16,16,rate_uniform,0.0,81.84,mnist-checkpoints/fc3_h4_L[16]_strict_seed43_ablation_none_l16_fc3_h4.pth,noise3_exp/ablation_mne_l2_vs_weight_decay_l16_fc3_h4_h8_h16_h32_h64_h128/strict_seed_train_rate_uniform_L16_T16/fc3_h4/no_regularization/seed_43/noise_sweep_matrix_mnist_fc3_h4_T16_mode_rate_uniform_schedule_normal_seed_43.csv
fc3_h4,4,no_regularization,43,16,16,rate_uniform,0.05,81.9,mnist-checkpoints/fc3_h4_L[16]_strict_seed43_ablation_none_l16_fc3_h4.pth,noise3_exp/ablation_mne_l2_vs_weight_decay_l16_fc3_h4_h8_h16_h32_h64_h128/strict_seed_train_rate_uniform_L16_T16/fc3_h4/no_regularization/seed_43/noise_sweep_matrix_mnist_fc3_h4_T16_mode_rate_uniform_schedule_normal_seed_43.csv
fc3_h4,4,no_regularization,43,16,16,rate_uniform,0.1,81.55,mnist-checkpoints/fc3_h4_L[16]_strict_seed43_ablation_none_l16_fc3_h4.pth,noise3_exp/ablation_mne_l2_vs_weight_decay_l16_fc3_h4_h8_h16_h32_h64_h128/strict_seed_train_rate_uniform_L16_T16/fc3_h4/no_regularization/seed_43/noise_sweep_matrix_mnist_fc3_h4_T16_mode_rate_uniform_schedule_normal_seed_43.csv
fc3_h4,4,no_regularization,43,16,16,rate_uniform,0.15,81.59,mnist-checkpoints/fc3_h4_L[16]_strict_seed43_ablation_none_l16_fc3_h4.pth,noise3_exp/ablation_mne_l2_vs_weight_decay_l16_fc3_h4_h8_h16_h32_h64_h128/strict_seed_train_rate_uniform_L16_T16/fc3_h4/no_regularization/seed_43/noise_sweep_matrix_mnist_fc3_h4_T16_mode_rate_uniform_schedule_normal_seed_43.csv
fc3_h4,4,no_regularization,43,16,16,rate_uniform,0.2,80.94,mnist-checkpoints/fc3_h4_L[16]_strict_seed43_ablation_none_l16_fc3_h4.pth,noise3_exp/ablation_mne_l2_vs_weight_decay_l16_fc3_h4_h8_h16_h32_h64_h128/strict_seed_train_rate_uniform_L16_T16/fc3_h4/no_regularization/seed_43/noise_sweep_matrix_mnist_fc3_h4_T16_mode_rate_uniform_schedule_normal_seed_43.csv
fc3_h4,4,no_regularization,43,16,16,rate_uniform,0.25,79.1,mnist-checkpoints/fc3_h4_L[16]_strict_seed43_ablation_none_l16_fc3_h4.pth,noise3_exp/ablation_mne_l2_vs_weight_decay_l16_fc3_h4_h8_h16_h32_h64_h128/strict_seed_train_rate_uniform_L16_T16/fc3_h4/no_regularization/seed_43/noise_sweep_matrix_mnist_fc3_h4_T16_mode_rate_uniform_schedule_normal_seed_43.csv
fc3_h4,4,no_regularization,43,16,16,rate_uniform,0.3,74.01,mnist-checkpoints/fc3_h4_L[16]_strict_seed43_ablation_none_l16_fc3_h4.pth,noise3_exp/ablation_mne_l2_vs_weight_decay_l16_fc3_h4_h8_h16_h32_h64_h128/strict_seed_train_rate_uniform_L16_T16/fc3_h4/no_regularization/seed_43/noise_sweep_matrix_mnist_fc3_h4_T16_mode_rate_uniform_schedule_normal_seed_43.csv
fc3_h4,4,no_regularization,43,16,16,rate_uniform,0.35,63.99,mnist-checkpoints/fc3_h4_L[16]_strict_seed43_ablation_none_l16_fc3_h4.pth,noise3_exp/ablation_mne_l2_vs_weight_decay_l16_fc3_h4_h8_h16_h32_h64_h128/strict_seed_train_rate_uniform_L16_T16/fc3_h4/no_regularization/seed_43/noise_sweep_matrix_mnist_fc3_h4_T16_mode_rate_uniform_schedule_normal_seed_43.csv
fc3_h4,4,no_regularization,43,16,16,rate_uniform,0.4,53.71,mnist-checkpoints/fc3_h4_L[16]_strict_seed43_ablation_none_l16_fc3_h4.pth,noise3_exp/ablation_mne_l2_vs_weight_decay_l16_fc3_h4_h8_h16_h32_h64_h128/strict_seed_train_rate_uniform_L16_T16/fc3_h4/no_regularization/seed_43/noise_sweep_matrix_mnist_fc3_h4_T16_mode_rate_uniform_schedule_normal_seed_43.csv
fc3_h4,4,no_regularization,43,16,16,rate_uniform,0.45,44.55,mnist-checkpoints/fc3_h4_L[16]_strict_seed43_ablation_none_l16_fc3_h4.pth,noise3_exp/ablation_mne_l2_vs_weight_decay_l16_fc3_h4_h8_h16_h32_h64_h128/strict_seed_train_rate_uniform_L16_T16/fc3_h4/no_regularization/seed_43/noise_sweep_matrix_mnist_fc3_h4_T16_mode_rate_uniform_schedule_normal_seed_43.csv
fc3_h4,4,no_regularization,43,16,16,rate_uniform,0.5,37.15,mnist-checkpoints/fc3_h4_L[16]_strict_seed43_ablation_none_l16_fc3_h4.pth,noise3_exp/ablation_mne_l2_vs_weight_decay_l16_fc3_h4_h8_h16_h32_h64_h128/strict_seed_train_rate_uniform_L16_T16/fc3_h4/no_regularization/seed_43/noise_sweep_matrix_mnist_fc3_h4_T16_mode_rate_uniform_schedule_normal_seed_43.csv
fc3_h4,4,no_regularization,43,16,16,rate_uniform,0.55,31.66,mnist-checkpoints/fc3_h4_L[16]_strict_seed43_ablation_none_l16_fc3_h4.pth,noise3_exp/ablation_mne_l2_vs_weight_decay_l16_fc3_h4_h8_h16_h32_h64_h128/strict_seed_train_rate_uniform_L16_T16/fc3_h4/no_regularization/seed_43/noise_sweep_matrix_mnist_fc3_h4_T16_mode_rate_uniform_schedule_normal_seed_43.csv
fc3_h4,4,no_regularization,43,16,16,rate_uniform,0.6,27.32,mnist-checkpoints/fc3_h4_L[16]_strict_seed43_ablation_none_l16_fc3_h4.pth,noise3_exp/ablation_mne_l2_vs_weight_decay_l16_fc3_h4_h8_h16_h32_h64_h128/strict_seed_train_rate_uniform_L16_T16/fc3_h4/no_regularization/seed_43/noise_sweep_matrix_mnist_fc3_h4_T16_mode_rate_uniform_schedule_normal_seed_43.csv
fc3_h4,4,no_regularization,43,16,16,rate_uniform,0.65,23.75,mnist-checkpoints/fc3_h4_L[16]_strict_seed43_ablation_none_l16_fc3_h4.pth,noise3_exp/ablation_mne_l2_vs_weight_decay_l16_fc3_h4_h8_h16_h32_h64_h128/strict_seed_train_rate_uniform_L16_T16/fc3_h4/no_regularization/seed_43/noise_sweep_matrix_mnist_fc3_h4_T16_mode_rate_uniform_schedule_normal_seed_43.csv
fc3_h4,4,no_regularization,43,16,16,rate_uniform,0.7,21.54,mnist-checkpoints/fc3_h4_L[16]_strict_seed43_ablation_none_l16_fc3_h4.pth,noise3_exp/ablation_mne_l2_vs_weight_decay_l16_fc3_h4_h8_h16_h32_h64_h128/strict_seed_train_rate_uniform_L16_T16/fc3_h4/no_regularization/seed_43/noise_sweep_matrix_mnist_fc3_h4_T16_mode_rate_uniform_schedule_normal_seed_43.csv
fc3_h4,4,no_regularization,43,16,16,rate_uniform,0.75,19.2,mnist-checkpoints/fc3_h4_L[16]_strict_seed43_ablation_none_l16_fc3_h4.pth,noise3_exp/ablation_mne_l2_vs_weight_decay_l16_fc3_h4_h8_h16_h32_h64_h128/strict_seed_train_rate_uniform_L16_T16/fc3_h4/no_regularization/seed_43/noise_sweep_matrix_mnist_fc3_h4_T16_mode_rate_uniform_schedule_normal_seed_43.csv
fc3_h4,4,no_regularization,43,16,16,rate_uniform,0.8,18.35,mnist-checkpoints/fc3_h4_L[16]_strict_seed43_ablation_none_l16_fc3_h4.pth,noise3_exp/ablation_mne_l2_vs_weight_decay_l16_fc3_h4_h8_h16_h32_h64_h128/strict_seed_train_rate_uniform_L16_T16/fc3_h4/no_regularization/seed_43/noise_sweep_matrix_mnist_fc3_h4_T16_mode_rate_uniform_schedule_normal_seed_43.csv
fc3_h4,4,no_regularization,43,16,16,rate_uniform,0.85,17.23,mnist-checkpoints/fc3_h4_L[16]_strict_seed43_ablation_none_l16_fc3_h4.pth,noise3_exp/ablation_mne_l2_vs_weight_decay_l16_fc3_h4_h8_h16_h32_h64_h128/strict_seed_train_rate_uniform_L16_T16/fc3_h4/no_regularization/seed_43/noise_sweep_matrix_mnist_fc3_h4_T16_mode_rate_uniform_schedule_normal_seed_43.csv
fc3_h4,4,no_regularization,43,16,16,rate_uniform,0.9,16.15,mnist-checkpoints/fc3_h4_L[16]_strict_seed43_ablation_none_l16_fc3_h4.pth,noise3_exp/ablation_mne_l2_vs_weight_decay_l16_fc3_h4_h8_h16_h32_h64_h128/strict_seed_train_rate_uniform_L16_T16/fc3_h4/no_regularization/seed_43/noise_sweep_matrix_mnist_fc3_h4_T16_mode_rate_uniform_schedule_normal_seed_43.csv
fc3_h4,4,no_regularization,43,16,16,rate_uniform,0.95,15.48,mnist-checkpoints/fc3_h4_L[16]_strict_seed43_ablation_none_l16_fc3_h4.pth,noise3_exp/ablation_mne_l2_vs_weight_decay_l16_fc3_h4_h8_h16_h32_h64_h128/strict_seed_train_rate_uniform_L16_T16/fc3_h4/no_regularization/seed_43/noise_sweep_matrix_mnist_fc3_h4_T16_mode_rate_uniform_schedule_normal_seed_43.csv
fc3_h4,4,no_regularization,43,16,16,rate_uniform,1.0,15.5,mnist-checkpoints/fc3_h4_L[16]_strict_seed43_ablation_none_l16_fc3_h4.pth,noise3_exp/ablation_mne_l2_vs_weight_decay_l16_fc3_h4_h8_h16_h32_h64_h128/strict_seed_train_rate_uniform_L16_T16/fc3_h4/no_regularization/seed_43/noise_sweep_matrix_mnist_fc3_h4_T16_mode_rate_uniform_schedule_normal_seed_43.csv
fc3_h4,4,no_regularization,44,16,16,rate_uniform,0.0,46.94,mnist-checkpoints/fc3_h4_L[16]_strict_seed44_ablation_none_l16_fc3_h4.pth,noise3_exp/ablation_mne_l2_vs_weight_decay_l16_fc3_h4_h8_h16_h32_h64_h128/strict_seed_train_rate_uniform_L16_T16/fc3_h4/no_regularization/seed_44/noise_sweep_matrix_mnist_fc3_h4_T16_mode_rate_uniform_schedule_normal_seed_44.csv
fc3_h4,4,no_regularization,44,16,16,rate_uniform,0.05,46.93,mnist-checkpoints/fc3_h4_L[16]_strict_seed44_ablation_none_l16_fc3_h4.pth,noise3_exp/ablation_mne_l2_vs_weight_decay_l16_fc3_h4_h8_h16_h32_h64_h128/strict_seed_train_rate_uniform_L16_T16/fc3_h4/no_regularization/seed_44/noise_sweep_matrix_mnist_fc3_h4_T16_mode_rate_uniform_schedule_normal_seed_44.csv
fc3_h4,4,no_regularization,44,16,16,rate_uniform,0.1,46.81,mnist-checkpoints/fc3_h4_L[16]_strict_seed44_ablation_none_l16_fc3_h4.pth,noise3_exp/ablation_mne_l2_vs_weight_decay_l16_fc3_h4_h8_h16_h32_h64_h128/strict_seed_train_rate_uniform_L16_T16/fc3_h4/no_regularization/seed_44/noise_sweep_matrix_mnist_fc3_h4_T16_mode_rate_uniform_schedule_normal_seed_44.csv
fc3_h4,4,no_regularization,44,16,16,rate_uniform,0.15,46.85,mnist-checkpoints/fc3_h4_L[16]_strict_seed44_ablation_none_l16_fc3_h4.pth,noise3_exp/ablation_mne_l2_vs_weight_decay_l16_fc3_h4_h8_h16_h32_h64_h128/strict_seed_train_rate_uniform_L16_T16/fc3_h4/no_regularization/seed_44/noise_sweep_matrix_mnist_fc3_h4_T16_mode_rate_uniform_schedule_normal_seed_44.csv
fc3_h4,4,no_regularization,44,16,16,rate_uniform,0.2,46.08,mnist-checkpoints/fc3_h4_L[16]_strict_seed44_ablation_none_l16_fc3_h4.pth,noise3_exp/ablation_mne_l2_vs_weight_decay_l16_fc3_h4_h8_h16_h32_h64_h128/strict_seed_train_rate_uniform_L16_T16/fc3_h4/no_regularization/seed_44/noise_sweep_matrix_mnist_fc3_h4_T16_mode_rate_uniform_schedule_normal_seed_44.csv
fc3_h4,4,no_regularization,44,16,16,rate_uniform,0.25,42.84,mnist-checkpoints/fc3_h4_L[16]_strict_seed44_ablation_none_l16_fc3_h4.pth,noise3_exp/ablation_mne_l2_vs_weight_decay_l16_fc3_h4_h8_h16_h32_h64_h128/strict_seed_train_rate_uniform_L16_T16/fc3_h4/no_regularization/seed_44/noise_sweep_matrix_mnist_fc3_h4_T16_mode_rate_uniform_schedule_normal_seed_44.csv
fc3_h4,4,no_regularization,44,16,16,rate_uniform,0.3,37.73,mnist-checkpoints/fc3_h4_L[16]_strict_seed44_ablation_none_l16_fc3_h4.pth,noise3_exp/ablation_mne_l2_vs_weight_decay_l16_fc3_h4_h8_h16_h32_h64_h128/strict_seed_train_rate_uniform_L16_T16/fc3_h4/no_regularization/seed_44/noise_sweep_matrix_mnist_fc3_h4_T16_mode_rate_uniform_schedule_normal_seed_44.csv
fc3_h4,4,no_regularization,44,16,16,rate_uniform,0.35,33.15,mnist-checkpoints/fc3_h4_L[16]_strict_seed44_ablation_none_l16_fc3_h4.pth,noise3_exp/ablation_mne_l2_vs_weight_decay_l16_fc3_h4_h8_h16_h32_h64_h128/strict_seed_train_rate_uniform_L16_T16/fc3_h4/no_regularization/seed_44/noise_sweep_matrix_mnist_fc3_h4_T16_mode_rate_uniform_schedule_normal_seed_44.csv
fc3_h4,4,no_regularization,44,16,16,rate_uniform,0.4,30.34,mnist-checkpoints/fc3_h4_L[16]_strict_seed44_ablation_none_l16_fc3_h4.pth,noise3_exp/ablation_mne_l2_vs_weight_decay_l16_fc3_h4_h8_h16_h32_h64_h128/strict_seed_train_rate_uniform_L16_T16/fc3_h4/no_regularization/seed_44/noise_sweep_matrix_mnist_fc3_h4_T16_mode_rate_uniform_schedule_normal_seed_44.csv
fc3_h4,4,no_regularization,44,16,16,rate_uniform,0.45,28.33,mnist-checkpoints/fc3_h4_L[16]_strict_seed44_ablation_none_l16_fc3_h4.pth,noise3_exp/ablation_mne_l2_vs_weight_decay_l16_fc3_h4_h8_h16_h32_h64_h128/strict_seed_train_rate_uniform_L16_T16/fc3_h4/no_regularization/seed_44/noise_sweep_matrix_mnist_fc3_h4_T16_mode_rate_uniform_schedule_normal_seed_44.csv
fc3_h4,4,no_regularization,44,16,16,rate_uniform,0.5,26.17,mnist-checkpoints/fc3_h4_L[16]_strict_seed44_ablation_none_l16_fc3_h4.pth,noise3_exp/ablation_mne_l2_vs_weight_decay_l16_fc3_h4_h8_h16_h32_h64_h128/strict_seed_train_rate_uniform_L16_T16/fc3_h4/no_regularization/seed_44/noise_sweep_matrix_mnist_fc3_h4_T16_mode_rate_uniform_schedule_normal_seed_44.csv
fc3_h4,4,no_regularization,44,16,16,rate_uniform,0.55,24.42,mnist-checkpoints/fc3_h4_L[16]_strict_seed44_ablation_none_l16_fc3_h4.pth,noise3_exp/ablation_mne_l2_vs_weight_decay_l16_fc3_h4_h8_h16_h32_h64_h128/strict_seed_train_rate_uniform_L16_T16/fc3_h4/no_regularization/seed_44/noise_sweep_matrix_mnist_fc3_h4_T16_mode_rate_uniform_schedule_normal_seed_44.csv
fc3_h4,4,no_regularization,44,16,16,rate_uniform,0.6,23.05,mnist-checkpoints/fc3_h4_L[16]_strict_seed44_ablation_none_l16_fc3_h4.pth,noise3_exp/ablation_mne_l2_vs_weight_decay_l16_fc3_h4_h8_h16_h32_h64_h128/strict_seed_train_rate_uniform_L16_T16/fc3_h4/no_regularization/seed_44/noise_sweep_matrix_mnist_fc3_h4_T16_mode_rate_uniform_schedule_normal_seed_44.csv
fc3_h4,4,no_regularization,44,16,16,rate_uniform,0.65,22.26,mnist-checkpoints/fc3_h4_L[16]_strict_seed44_ablation_none_l16_fc3_h4.pth,noise3_exp/ablation_mne_l2_vs_weight_decay_l16_fc3_h4_h8_h16_h32_h64_h128/strict_seed_train_rate_uniform_L16_T16/fc3_h4/no_regularization/seed_44/noise_sweep_matrix_mnist_fc3_h4_T16_mode_rate_uniform_schedule_normal_seed_44.csv
fc3_h4,4,no_regularization,44,16,16,rate_uniform,0.7,21.26,mnist-checkpoints/fc3_h4_L[16]_strict_seed44_ablation_none_l16_fc3_h4.pth,noise3_exp/ablation_mne_l2_vs_weight_decay_l16_fc3_h4_h8_h16_h32_h64_h128/strict_seed_train_rate_uniform_L16_T16/fc3_h4/no_regularization/seed_44/noise_sweep_matrix_mnist_fc3_h4_T16_mode_rate_uniform_schedule_normal_seed_44.csv
fc3_h4,4,no_regularization,44,16,16,rate_uniform,0.75,20.78,mnist-checkpoints/fc3_h4_L[16]_strict_seed44_ablation_none_l16_fc3_h4.pth,noise3_exp/ablation_mne_l2_vs_weight_decay_l16_fc3_h4_h8_h16_h32_h64_h128/strict_seed_train_rate_uniform_L16_T16/fc3_h4/no_regularization/seed_44/noise_sweep_matrix_mnist_fc3_h4_T16_mode_rate_uniform_schedule_normal_seed_44.csv
fc3_h4,4,no_regularization,44,16,16,rate_uniform,0.8,19.66,mnist-checkpoints/fc3_h4_L[16]_strict_seed44_ablation_none_l16_fc3_h4.pth,noise3_exp/ablation_mne_l2_vs_weight_decay_l16_fc3_h4_h8_h16_h32_h64_h128/strict_seed_train_rate_uniform_L16_T16/fc3_h4/no_regularization/seed_44/noise_sweep_matrix_mnist_fc3_h4_T16_mode_rate_uniform_schedule_normal_seed_44.csv
fc3_h4,4,no_regularization,44,16,16,rate_uniform,0.85,19.18,mnist-checkpoints/fc3_h4_L[16]_strict_seed44_ablation_none_l16_fc3_h4.pth,noise3_exp/ablation_mne_l2_vs_weight_decay_l16_fc3_h4_h8_h16_h32_h64_h128/strict_seed_train_rate_uniform_L16_T16/fc3_h4/no_regularization/seed_44/noise_sweep_matrix_mnist_fc3_h4_T16_mode_rate_uniform_schedule_normal_seed_44.csv
fc3_h4,4,no_regularization,44,16,16,rate_uniform,0.9,19.43,mnist-checkpoints/fc3_h4_L[16]_strict_seed44_ablation_none_l16_fc3_h4.pth,noise3_exp/ablation_mne_l2_vs_weight_decay_l16_fc3_h4_h8_h16_h32_h64_h128/strict_seed_train_rate_uniform_L16_T16/fc3_h4/no_regularization/seed_44/noise_sweep_matrix_mnist_fc3_h4_T16_mode_rate_uniform_schedule_normal_seed_44.csv
fc3_h4,4,no_regularization,44,16,16,rate_uniform,0.95,18.38,mnist-checkpoints/fc3_h4_L[16]_strict_seed44_ablation_none_l16_fc3_h4.pth,noise3_exp/ablation_mne_l2_vs_weight_decay_l16_fc3_h4_h8_h16_h32_h64_h128/strict_seed_train_rate_uniform_L16_T16/fc3_h4/no_regularization/seed_44/noise_sweep_matrix_mnist_fc3_h4_T16_mode_rate_uniform_schedule_normal_seed_44.csv
fc3_h4,4,no_regularization,44,16,16,rate_uniform,1.0,17.74,mnist-checkpoints/fc3_h4_L[16]_strict_seed44_ablation_none_l16_fc3_h4.pth,noise3_exp/ablation_mne_l2_vs_weight_decay_l16_fc3_h4_h8_h16_h32_h64_h128/strict_seed_train_rate_uniform_L16_T16/fc3_h4/no_regularization/seed_44/noise_sweep_matrix_mnist_fc3_h4_T16_mode_rate_uniform_schedule_normal_seed_44.csv
fc3_h8,8,mne_l2,40,16,16,rate_uniform,0.0,91.59,mnist-checkpoints/fc3_h8_L[16]_strict_seed40_ablation_mne_l2_l16_fc3_h8_rc5em02.pth,noise3_exp/ablation_mne_l2_vs_weight_decay_l16_fc3_h4_h8_h16_h32_h64_h128/strict_seed_train_rate_uniform_L16_T16/fc3_h8/mne_l2/seed_40/noise_sweep_matrix_mnist_fc3_h8_T16_mode_rate_uniform_schedule_normal_seed_40.csv
fc3_h8,8,mne_l2,40,16,16,rate_uniform,0.05,91.49,mnist-checkpoints/fc3_h8_L[16]_strict_seed40_ablation_mne_l2_l16_fc3_h8_rc5em02.pth,noise3_exp/ablation_mne_l2_vs_weight_decay_l16_fc3_h4_h8_h16_h32_h64_h128/strict_seed_train_rate_uniform_L16_T16/fc3_h8/mne_l2/seed_40/noise_sweep_matrix_mnist_fc3_h8_T16_mode_rate_uniform_schedule_normal_seed_40.csv
fc3_h8,8,mne_l2,40,16,16,rate_uniform,0.1,91.52,mnist-checkpoints/fc3_h8_L[16]_strict_seed40_ablation_mne_l2_l16_fc3_h8_rc5em02.pth,noise3_exp/ablation_mne_l2_vs_weight_decay_l16_fc3_h4_h8_h16_h32_h64_h128/strict_seed_train_rate_uniform_L16_T16/fc3_h8/mne_l2/seed_40/noise_sweep_matrix_mnist_fc3_h8_T16_mode_rate_uniform_schedule_normal_seed_40.csv
fc3_h8,8,mne_l2,40,16,16,rate_uniform,0.15,91.5,mnist-checkpoints/fc3_h8_L[16]_strict_seed40_ablation_mne_l2_l16_fc3_h8_rc5em02.pth,noise3_exp/ablation_mne_l2_vs_weight_decay_l16_fc3_h4_h8_h16_h32_h64_h128/strict_seed_train_rate_uniform_L16_T16/fc3_h8/mne_l2/seed_40/noise_sweep_matrix_mnist_fc3_h8_T16_mode_rate_uniform_schedule_normal_seed_40.csv
fc3_h8,8,mne_l2,40,16,16,rate_uniform,0.2,91.47,mnist-checkpoints/fc3_h8_L[16]_strict_seed40_ablation_mne_l2_l16_fc3_h8_rc5em02.pth,noise3_exp/ablation_mne_l2_vs_weight_decay_l16_fc3_h4_h8_h16_h32_h64_h128/strict_seed_train_rate_uniform_L16_T16/fc3_h8/mne_l2/seed_40/noise_sweep_matrix_mnist_fc3_h8_T16_mode_rate_uniform_schedule_normal_seed_40.csv
fc3_h8,8,mne_l2,40,16,16,rate_uniform,0.25,91.32,mnist-checkpoints/fc3_h8_L[16]_strict_seed40_ablation_mne_l2_l16_fc3_h8_rc5em02.pth,noise3_exp/ablation_mne_l2_vs_weight_decay_l16_fc3_h4_h8_h16_h32_h64_h128/strict_seed_train_rate_uniform_L16_T16/fc3_h8/mne_l2/seed_40/noise_sweep_matrix_mnist_fc3_h8_T16_mode_rate_uniform_schedule_normal_seed_40.csv
fc3_h8,8,mne_l2,40,16,16,rate_uniform,0.3,91.33,mnist-checkpoints/fc3_h8_L[16]_strict_seed40_ablation_mne_l2_l16_fc3_h8_rc5em02.pth,noise3_exp/ablation_mne_l2_vs_weight_decay_l16_fc3_h4_h8_h16_h32_h64_h128/strict_seed_train_rate_uniform_L16_T16/fc3_h8/mne_l2/seed_40/noise_sweep_matrix_mnist_fc3_h8_T16_mode_rate_uniform_schedule_normal_seed_40.csv
fc3_h8,8,mne_l2,40,16,16,rate_uniform,0.35,91.1,mnist-checkpoints/fc3_h8_L[16]_strict_seed40_ablation_mne_l2_l16_fc3_h8_rc5em02.pth,noise3_exp/ablation_mne_l2_vs_weight_decay_l16_fc3_h4_h8_h16_h32_h64_h128/strict_seed_train_rate_uniform_L16_T16/fc3_h8/mne_l2/seed_40/noise_sweep_matrix_mnist_fc3_h8_T16_mode_rate_uniform_schedule_normal_seed_40.csv
fc3_h8,8,mne_l2,40,16,16,rate_uniform,0.4,91.05,mnist-checkpoints/fc3_h8_L[16]_strict_seed40_ablation_mne_l2_l16_fc3_h8_rc5em02.pth,noise3_exp/ablation_mne_l2_vs_weight_decay_l16_fc3_h4_h8_h16_h32_h64_h128/strict_seed_train_rate_uniform_L16_T16/fc3_h8/mne_l2/seed_40/noise_sweep_matrix_mnist_fc3_h8_T16_mode_rate_uniform_schedule_normal_seed_40.csv
fc3_h8,8,mne_l2,40,16,16,rate_uniform,0.45,90.86,mnist-checkpoints/fc3_h8_L[16]_strict_seed40_ablation_mne_l2_l16_fc3_h8_rc5em02.pth,noise3_exp/ablation_mne_l2_vs_weight_decay_l16_fc3_h4_h8_h16_h32_h64_h128/strict_seed_train_rate_uniform_L16_T16/fc3_h8/mne_l2/seed_40/noise_sweep_matrix_mnist_fc3_h8_T16_mode_rate_uniform_schedule_normal_seed_40.csv
fc3_h8,8,mne_l2,40,16,16,rate_uniform,0.5,90.11,mnist-checkpoints/fc3_h8_L[16]_strict_seed40_ablation_mne_l2_l16_fc3_h8_rc5em02.pth,noise3_exp/ablation_mne_l2_vs_weight_decay_l16_fc3_h4_h8_h16_h32_h64_h128/strict_seed_train_rate_uniform_L16_T16/fc3_h8/mne_l2/seed_40/noise_sweep_matrix_mnist_fc3_h8_T16_mode_rate_uniform_schedule_normal_seed_40.csv
fc3_h8,8,mne_l2,40,16,16,rate_uniform,0.55,89.67,mnist-checkpoints/fc3_h8_L[16]_strict_seed40_ablation_mne_l2_l16_fc3_h8_rc5em02.pth,noise3_exp/ablation_mne_l2_vs_weight_decay_l16_fc3_h4_h8_h16_h32_h64_h128/strict_seed_train_rate_uniform_L16_T16/fc3_h8/mne_l2/seed_40/noise_sweep_matrix_mnist_fc3_h8_T16_mode_rate_uniform_schedule_normal_seed_40.csv
fc3_h8,8,mne_l2,40,16,16,rate_uniform,0.6,88.77,mnist-checkpoints/fc3_h8_L[16]_strict_seed40_ablation_mne_l2_l16_fc3_h8_rc5em02.pth,noise3_exp/ablation_mne_l2_vs_weight_decay_l16_fc3_h4_h8_h16_h32_h64_h128/strict_seed_train_rate_uniform_L16_T16/fc3_h8/mne_l2/seed_40/noise_sweep_matrix_mnist_fc3_h8_T16_mode_rate_uniform_schedule_normal_seed_40.csv
fc3_h8,8,mne_l2,40,16,16,rate_uniform,0.65,88.04,mnist-checkpoints/fc3_h8_L[16]_strict_seed40_ablation_mne_l2_l16_fc3_h8_rc5em02.pth,noise3_exp/ablation_mne_l2_vs_weight_decay_l16_fc3_h4_h8_h16_h32_h64_h128/strict_seed_train_rate_uniform_L16_T16/fc3_h8/mne_l2/seed_40/noise_sweep_matrix_mnist_fc3_h8_T16_mode_rate_uniform_schedule_normal_seed_40.csv
fc3_h8,8,mne_l2,40,16,16,rate_uniform,0.7,86.19,mnist-checkpoints/fc3_h8_L[16]_strict_seed40_ablation_mne_l2_l16_fc3_h8_rc5em02.pth,noise3_exp/ablation_mne_l2_vs_weight_decay_l16_fc3_h4_h8_h16_h32_h64_h128/strict_seed_train_rate_uniform_L16_T16/fc3_h8/mne_l2/seed_40/noise_sweep_matrix_mnist_fc3_h8_T16_mode_rate_uniform_schedule_normal_seed_40.csv
fc3_h8,8,mne_l2,40,16,16,rate_uniform,0.75,84.76,mnist-checkpoints/fc3_h8_L[16]_strict_seed40_ablation_mne_l2_l16_fc3_h8_rc5em02.pth,noise3_exp/ablation_mne_l2_vs_weight_decay_l16_fc3_h4_h8_h16_h32_h64_h128/strict_seed_train_rate_uniform_L16_T16/fc3_h8/mne_l2/seed_40/noise_sweep_matrix_mnist_fc3_h8_T16_mode_rate_uniform_schedule_normal_seed_40.csv
fc3_h8,8,mne_l2,40,16,16,rate_uniform,0.8,82.81,mnist-checkpoints/fc3_h8_L[16]_strict_seed40_ablation_mne_l2_l16_fc3_h8_rc5em02.pth,noise3_exp/ablation_mne_l2_vs_weight_decay_l16_fc3_h4_h8_h16_h32_h64_h128/strict_seed_train_rate_uniform_L16_T16/fc3_h8/mne_l2/seed_40/noise_sweep_matrix_mnist_fc3_h8_T16_mode_rate_uniform_schedule_normal_seed_40.csv
fc3_h8,8,mne_l2,40,16,16,rate_uniform,0.85,81.0,mnist-checkpoints/fc3_h8_L[16]_strict_seed40_ablation_mne_l2_l16_fc3_h8_rc5em02.pth,noise3_exp/ablation_mne_l2_vs_weight_decay_l16_fc3_h4_h8_h16_h32_h64_h128/strict_seed_train_rate_uniform_L16_T16/fc3_h8/mne_l2/seed_40/noise_sweep_matrix_mnist_fc3_h8_T16_mode_rate_uniform_schedule_normal_seed_40.csv
fc3_h8,8,mne_l2,40,16,16,rate_uniform,0.9,78.25,mnist-checkpoints/fc3_h8_L[16]_strict_seed40_ablation_mne_l2_l16_fc3_h8_rc5em02.pth,noise3_exp/ablation_mne_l2_vs_weight_decay_l16_fc3_h4_h8_h16_h32_h64_h128/strict_seed_train_rate_uniform_L16_T16/fc3_h8/mne_l2/seed_40/noise_sweep_matrix_mnist_fc3_h8_T16_mode_rate_uniform_schedule_normal_seed_40.csv
fc3_h8,8,mne_l2,40,16,16,rate_uniform,0.95,74.68,mnist-checkpoints/fc3_h8_L[16]_strict_seed40_ablation_mne_l2_l16_fc3_h8_rc5em02.pth,noise3_exp/ablation_mne_l2_vs_weight_decay_l16_fc3_h4_h8_h16_h32_h64_h128/strict_seed_train_rate_uniform_L16_T16/fc3_h8/mne_l2/seed_40/noise_sweep_matrix_mnist_fc3_h8_T16_mode_rate_uniform_schedule_normal_seed_40.csv
fc3_h8,8,mne_l2,40,16,16,rate_uniform,1.0,71.73,mnist-checkpoints/fc3_h8_L[16]_strict_seed40_ablation_mne_l2_l16_fc3_h8_rc5em02.pth,noise3_exp/ablation_mne_l2_vs_weight_decay_l16_fc3_h4_h8_h16_h32_h64_h128/strict_seed_train_rate_uniform_L16_T16/fc3_h8/mne_l2/seed_40/noise_sweep_matrix_mnist_fc3_h8_T16_mode_rate_uniform_schedule_normal_seed_40.csv
fc3_h8,8,mne_l2,41,16,16,rate_uniform,0.0,69.37,mnist-checkpoints/fc3_h8_L[16]_strict_seed41_ablation_mne_l2_l16_fc3_h8_rc5em02.pth,noise3_exp/ablation_mne_l2_vs_weight_decay_l16_fc3_h4_h8_h16_h32_h64_h128/strict_seed_train_rate_uniform_L16_T16/fc3_h8/mne_l2/seed_41/noise_sweep_matrix_mnist_fc3_h8_T16_mode_rate_uniform_schedule_normal_seed_41.csv
fc3_h8,8,mne_l2,41,16,16,rate_uniform,0.05,69.22,mnist-checkpoints/fc3_h8_L[16]_strict_seed41_ablation_mne_l2_l16_fc3_h8_rc5em02.pth,noise3_exp/ablation_mne_l2_vs_weight_decay_l16_fc3_h4_h8_h16_h32_h64_h128/strict_seed_train_rate_uniform_L16_T16/fc3_h8/mne_l2/seed_41/noise_sweep_matrix_mnist_fc3_h8_T16_mode_rate_uniform_schedule_normal_seed_41.csv
fc3_h8,8,mne_l2,41,16,16,rate_uniform,0.1,69.46,mnist-checkpoints/fc3_h8_L[16]_strict_seed41_ablation_mne_l2_l16_fc3_h8_rc5em02.pth,noise3_exp/ablation_mne_l2_vs_weight_decay_l16_fc3_h4_h8_h16_h32_h64_h128/strict_seed_train_rate_uniform_L16_T16/fc3_h8/mne_l2/seed_41/noise_sweep_matrix_mnist_fc3_h8_T16_mode_rate_uniform_schedule_normal_seed_41.csv
fc3_h8,8,mne_l2,41,16,16,rate_uniform,0.15,69.37,mnist-checkpoints/fc3_h8_L[16]_strict_seed41_ablation_mne_l2_l16_fc3_h8_rc5em02.pth,noise3_exp/ablation_mne_l2_vs_weight_decay_l16_fc3_h4_h8_h16_h32_h64_h128/strict_seed_train_rate_uniform_L16_T16/fc3_h8/mne_l2/seed_41/noise_sweep_matrix_mnist_fc3_h8_T16_mode_rate_uniform_schedule_normal_seed_41.csv
fc3_h8,8,mne_l2,41,16,16,rate_uniform,0.2,69.23,mnist-checkpoints/fc3_h8_L[16]_strict_seed41_ablation_mne_l2_l16_fc3_h8_rc5em02.pth,noise3_exp/ablation_mne_l2_vs_weight_decay_l16_fc3_h4_h8_h16_h32_h64_h128/strict_seed_train_rate_uniform_L16_T16/fc3_h8/mne_l2/seed_41/noise_sweep_matrix_mnist_fc3_h8_T16_mode_rate_uniform_schedule_normal_seed_41.csv
fc3_h8,8,mne_l2,41,16,16,rate_uniform,0.25,69.34,mnist-checkpoints/fc3_h8_L[16]_strict_seed41_ablation_mne_l2_l16_fc3_h8_rc5em02.pth,noise3_exp/ablation_mne_l2_vs_weight_decay_l16_fc3_h4_h8_h16_h32_h64_h128/strict_seed_train_rate_uniform_L16_T16/fc3_h8/mne_l2/seed_41/noise_sweep_matrix_mnist_fc3_h8_T16_mode_rate_uniform_schedule_normal_seed_41.csv
fc3_h8,8,mne_l2,41,16,16,rate_uniform,0.3,69.15,mnist-checkpoints/fc3_h8_L[16]_strict_seed41_ablation_mne_l2_l16_fc3_h8_rc5em02.pth,noise3_exp/ablation_mne_l2_vs_weight_decay_l16_fc3_h4_h8_h16_h32_h64_h128/strict_seed_train_rate_uniform_L16_T16/fc3_h8/mne_l2/seed_41/noise_sweep_matrix_mnist_fc3_h8_T16_mode_rate_uniform_schedule_normal_seed_41.csv
fc3_h8,8,mne_l2,41,16,16,rate_uniform,0.35,68.76,mnist-checkpoints/fc3_h8_L[16]_strict_seed41_ablation_mne_l2_l16_fc3_h8_rc5em02.pth,noise3_exp/ablation_mne_l2_vs_weight_decay_l16_fc3_h4_h8_h16_h32_h64_h128/strict_seed_train_rate_uniform_L16_T16/fc3_h8/mne_l2/seed_41/noise_sweep_matrix_mnist_fc3_h8_T16_mode_rate_uniform_schedule_normal_seed_41.csv
fc3_h8,8,mne_l2,41,16,16,rate_uniform,0.4,68.77,mnist-checkpoints/fc3_h8_L[16]_strict_seed41_ablation_mne_l2_l16_fc3_h8_rc5em02.pth,noise3_exp/ablation_mne_l2_vs_weight_decay_l16_fc3_h4_h8_h16_h32_h64_h128/strict_seed_train_rate_uniform_L16_T16/fc3_h8/mne_l2/seed_41/noise_sweep_matrix_mnist_fc3_h8_T16_mode_rate_uniform_schedule_normal_seed_41.csv
fc3_h8,8,mne_l2,41,16,16,rate_uniform,0.45,68.01,mnist-checkpoints/fc3_h8_L[16]_strict_seed41_ablation_mne_l2_l16_fc3_h8_rc5em02.pth,noise3_exp/ablation_mne_l2_vs_weight_decay_l16_fc3_h4_h8_h16_h32_h64_h128/strict_seed_train_rate_uniform_L16_T16/fc3_h8/mne_l2/seed_41/noise_sweep_matrix_mnist_fc3_h8_T16_mode_rate_uniform_schedule_normal_seed_41.csv
fc3_h8,8,mne_l2,41,16,16,rate_uniform,0.5,67.65,mnist-checkpoints/fc3_h8_L[16]_strict_seed41_ablation_mne_l2_l16_fc3_h8_rc5em02.pth,noise3_exp/ablation_mne_l2_vs_weight_decay_l16_fc3_h4_h8_h16_h32_h64_h128/strict_seed_train_rate_uniform_L16_T16/fc3_h8/mne_l2/seed_41/noise_sweep_matrix_mnist_fc3_h8_T16_mode_rate_uniform_schedule_normal_seed_41.csv
fc3_h8,8,mne_l2,41,16,16,rate_uniform,0.55,67.15,mnist-checkpoints/fc3_h8_L[16]_strict_seed41_ablation_mne_l2_l16_fc3_h8_rc5em02.pth,noise3_exp/ablation_mne_l2_vs_weight_decay_l16_fc3_h4_h8_h16_h32_h64_h128/strict_seed_train_rate_uniform_L16_T16/fc3_h8/mne_l2/seed_41/noise_sweep_matrix_mnist_fc3_h8_T16_mode_rate_uniform_schedule_normal_seed_41.csv
fc3_h8,8,mne_l2,41,16,16,rate_uniform,0.6,66.07,mnist-checkpoints/fc3_h8_L[16]_strict_seed41_ablation_mne_l2_l16_fc3_h8_rc5em02.pth,noise3_exp/ablation_mne_l2_vs_weight_decay_l16_fc3_h4_h8_h16_h32_h64_h128/strict_seed_train_rate_uniform_L16_T16/fc3_h8/mne_l2/seed_41/noise_sweep_matrix_mnist_fc3_h8_T16_mode_rate_uniform_schedule_normal_seed_41.csv
fc3_h8,8,mne_l2,41,16,16,rate_uniform,0.65,65.22,mnist-checkpoints/fc3_h8_L[16]_strict_seed41_ablation_mne_l2_l16_fc3_h8_rc5em02.pth,noise3_exp/ablation_mne_l2_vs_weight_decay_l16_fc3_h4_h8_h16_h32_h64_h128/strict_seed_train_rate_uniform_L16_T16/fc3_h8/mne_l2/seed_41/noise_sweep_matrix_mnist_fc3_h8_T16_mode_rate_uniform_schedule_normal_seed_41.csv
fc3_h8,8,mne_l2,41,16,16,rate_uniform,0.7,63.53,mnist-checkpoints/fc3_h8_L[16]_strict_seed41_ablation_mne_l2_l16_fc3_h8_rc5em02.pth,noise3_exp/ablation_mne_l2_vs_weight_decay_l16_fc3_h4_h8_h16_h32_h64_h128/strict_seed_train_rate_uniform_L16_T16/fc3_h8/mne_l2/seed_41/noise_sweep_matrix_mnist_fc3_h8_T16_mode_rate_uniform_schedule_normal_seed_41.csv
fc3_h8,8,mne_l2,41,16,16,rate_uniform,0.75,62.03,mnist-checkpoints/fc3_h8_L[16]_strict_seed41_ablation_mne_l2_l16_fc3_h8_rc5em02.pth,noise3_exp/ablation_mne_l2_vs_weight_decay_l16_fc3_h4_h8_h16_h32_h64_h128/strict_seed_train_rate_uniform_L16_T16/fc3_h8/mne_l2/seed_41/noise_sweep_matrix_mnist_fc3_h8_T16_mode_rate_uniform_schedule_normal_seed_41.csv
fc3_h8,8,mne_l2,41,16,16,rate_uniform,0.8,60.14,mnist-checkpoints/fc3_h8_L[16]_strict_seed41_ablation_mne_l2_l16_fc3_h8_rc5em02.pth,noise3_exp/ablation_mne_l2_vs_weight_decay_l16_fc3_h4_h8_h16_h32_h64_h128/strict_seed_train_rate_uniform_L16_T16/fc3_h8/mne_l2/seed_41/noise_sweep_matrix_mnist_fc3_h8_T16_mode_rate_uniform_schedule_normal_seed_41.csv
fc3_h8,8,mne_l2,41,16,16,rate_uniform,0.85,58.56,mnist-checkpoints/fc3_h8_L[16]_strict_seed41_ablation_mne_l2_l16_fc3_h8_rc5em02.pth,noise3_exp/ablation_mne_l2_vs_weight_decay_l16_fc3_h4_h8_h16_h32_h64_h128/strict_seed_train_rate_uniform_L16_T16/fc3_h8/mne_l2/seed_41/noise_sweep_matrix_mnist_fc3_h8_T16_mode_rate_uniform_schedule_normal_seed_41.csv
fc3_h8,8,mne_l2,41,16,16,rate_uniform,0.9,55.99,mnist-checkpoints/fc3_h8_L[16]_strict_seed41_ablation_mne_l2_l16_fc3_h8_rc5em02.pth,noise3_exp/ablation_mne_l2_vs_weight_decay_l16_fc3_h4_h8_h16_h32_h64_h128/strict_seed_train_rate_uniform_L16_T16/fc3_h8/mne_l2/seed_41/noise_sweep_matrix_mnist_fc3_h8_T16_mode_rate_uniform_schedule_normal_seed_41.csv
fc3_h8,8,mne_l2,41,16,16,rate_uniform,0.95,53.74,mnist-checkpoints/fc3_h8_L[16]_strict_seed41_ablation_mne_l2_l16_fc3_h8_rc5em02.pth,noise3_exp/ablation_mne_l2_vs_weight_decay_l16_fc3_h4_h8_h16_h32_h64_h128/strict_seed_train_rate_uniform_L16_T16/fc3_h8/mne_l2/seed_41/noise_sweep_matrix_mnist_fc3_h8_T16_mode_rate_uniform_schedule_normal_seed_41.csv
fc3_h8,8,mne_l2,41,16,16,rate_uniform,1.0,51.33,mnist-checkpoints/fc3_h8_L[16]_strict_seed41_ablation_mne_l2_l16_fc3_h8_rc5em02.pth,noise3_exp/ablation_mne_l2_vs_weight_decay_l16_fc3_h4_h8_h16_h32_h64_h128/strict_seed_train_rate_uniform_L16_T16/fc3_h8/mne_l2/seed_41/noise_sweep_matrix_mnist_fc3_h8_T16_mode_rate_uniform_schedule_normal_seed_41.csv
fc3_h8,8,mne_l2,42,16,16,rate_uniform,0.0,89.79,mnist-checkpoints/fc3_h8_L[16]_strict_seed42_ablation_mne_l2_l16_fc3_h8_rc5em02.pth,noise3_exp/ablation_mne_l2_vs_weight_decay_l16_fc3_h4_h8_h16_h32_h64_h128/strict_seed_train_rate_uniform_L16_T16/fc3_h8/mne_l2/seed_42/noise_sweep_matrix_mnist_fc3_h8_T16_mode_rate_uniform_schedule_normal_seed_42.csv
fc3_h8,8,mne_l2,42,16,16,rate_uniform,0.05,89.66,mnist-checkpoints/fc3_h8_L[16]_strict_seed42_ablation_mne_l2_l16_fc3_h8_rc5em02.pth,noise3_exp/ablation_mne_l2_vs_weight_decay_l16_fc3_h4_h8_h16_h32_h64_h128/strict_seed_train_rate_uniform_L16_T16/fc3_h8/mne_l2/seed_42/noise_sweep_matrix_mnist_fc3_h8_T16_mode_rate_uniform_schedule_normal_seed_42.csv
fc3_h8,8,mne_l2,42,16,16,rate_uniform,0.1,89.71,mnist-checkpoints/fc3_h8_L[16]_strict_seed42_ablation_mne_l2_l16_fc3_h8_rc5em02.pth,noise3_exp/ablation_mne_l2_vs_weight_decay_l16_fc3_h4_h8_h16_h32_h64_h128/strict_seed_train_rate_uniform_L16_T16/fc3_h8/mne_l2/seed_42/noise_sweep_matrix_mnist_fc3_h8_T16_mode_rate_uniform_schedule_normal_seed_42.csv
fc3_h8,8,mne_l2,42,16,16,rate_uniform,0.15,89.75,mnist-checkpoints/fc3_h8_L[16]_strict_seed42_ablation_mne_l2_l16_fc3_h8_rc5em02.pth,noise3_exp/ablation_mne_l2_vs_weight_decay_l16_fc3_h4_h8_h16_h32_h64_h128/strict_seed_train_rate_uniform_L16_T16/fc3_h8/mne_l2/seed_42/noise_sweep_matrix_mnist_fc3_h8_T16_mode_rate_uniform_schedule_normal_seed_42.csv
fc3_h8,8,mne_l2,42,16,16,rate_uniform,0.2,89.87,mnist-checkpoints/fc3_h8_L[16]_strict_seed42_ablation_mne_l2_l16_fc3_h8_rc5em02.pth,noise3_exp/ablation_mne_l2_vs_weight_decay_l16_fc3_h4_h8_h16_h32_h64_h128/strict_seed_train_rate_uniform_L16_T16/fc3_h8/mne_l2/seed_42/noise_sweep_matrix_mnist_fc3_h8_T16_mode_rate_uniform_schedule_normal_seed_42.csv
fc3_h8,8,mne_l2,42,16,16,rate_uniform,0.25,89.71,mnist-checkpoints/fc3_h8_L[16]_strict_seed42_ablation_mne_l2_l16_fc3_h8_rc5em02.pth,noise3_exp/ablation_mne_l2_vs_weight_decay_l16_fc3_h4_h8_h16_h32_h64_h128/strict_seed_train_rate_uniform_L16_T16/fc3_h8/mne_l2/seed_42/noise_sweep_matrix_mnist_fc3_h8_T16_mode_rate_uniform_schedule_normal_seed_42.csv
fc3_h8,8,mne_l2,42,16,16,rate_uniform,0.3,89.67,mnist-checkpoints/fc3_h8_L[16]_strict_seed42_ablation_mne_l2_l16_fc3_h8_rc5em02.pth,noise3_exp/ablation_mne_l2_vs_weight_decay_l16_fc3_h4_h8_h16_h32_h64_h128/strict_seed_train_rate_uniform_L16_T16/fc3_h8/mne_l2/seed_42/noise_sweep_matrix_mnist_fc3_h8_T16_mode_rate_uniform_schedule_normal_seed_42.csv
fc3_h8,8,mne_l2,42,16,16,rate_uniform,0.35,89.4,mnist-checkpoints/fc3_h8_L[16]_strict_seed42_ablation_mne_l2_l16_fc3_h8_rc5em02.pth,noise3_exp/ablation_mne_l2_vs_weight_decay_l16_fc3_h4_h8_h16_h32_h64_h128/strict_seed_train_rate_uniform_L16_T16/fc3_h8/mne_l2/seed_42/noise_sweep_matrix_mnist_fc3_h8_T16_mode_rate_uniform_schedule_normal_seed_42.csv
fc3_h8,8,mne_l2,42,16,16,rate_uniform,0.4,89.35,mnist-checkpoints/fc3_h8_L[16]_strict_seed42_ablation_mne_l2_l16_fc3_h8_rc5em02.pth,noise3_exp/ablation_mne_l2_vs_weight_decay_l16_fc3_h4_h8_h16_h32_h64_h128/strict_seed_train_rate_uniform_L16_T16/fc3_h8/mne_l2/seed_42/noise_sweep_matrix_mnist_fc3_h8_T16_mode_rate_uniform_schedule_normal_seed_42.csv
fc3_h8,8,mne_l2,42,16,16,rate_uniform,0.45,89.27,mnist-checkpoints/fc3_h8_L[16]_strict_seed42_ablation_mne_l2_l16_fc3_h8_rc5em02.pth,noise3_exp/ablation_mne_l2_vs_weight_decay_l16_fc3_h4_h8_h16_h32_h64_h128/strict_seed_train_rate_uniform_L16_T16/fc3_h8/mne_l2/seed_42/noise_sweep_matrix_mnist_fc3_h8_T16_mode_rate_uniform_schedule_normal_seed_42.csv
fc3_h8,8,mne_l2,42,16,16,rate_uniform,0.5,88.57,mnist-checkpoints/fc3_h8_L[16]_strict_seed42_ablation_mne_l2_l16_fc3_h8_rc5em02.pth,noise3_exp/ablation_mne_l2_vs_weight_decay_l16_fc3_h4_h8_h16_h32_h64_h128/strict_seed_train_rate_uniform_L16_T16/fc3_h8/mne_l2/seed_42/noise_sweep_matrix_mnist_fc3_h8_T16_mode_rate_uniform_schedule_normal_seed_42.csv
fc3_h8,8,mne_l2,42,16,16,rate_uniform,0.55,88.31,mnist-checkpoints/fc3_h8_L[16]_strict_seed42_ablation_mne_l2_l16_fc3_h8_rc5em02.pth,noise3_exp/ablation_mne_l2_vs_weight_decay_l16_fc3_h4_h8_h16_h32_h64_h128/strict_seed_train_rate_uniform_L16_T16/fc3_h8/mne_l2/seed_42/noise_sweep_matrix_mnist_fc3_h8_T16_mode_rate_uniform_schedule_normal_seed_42.csv
fc3_h8,8,mne_l2,42,16,16,rate_uniform,0.6,87.32,mnist-checkpoints/fc3_h8_L[16]_strict_seed42_ablation_mne_l2_l16_fc3_h8_rc5em02.pth,noise3_exp/ablation_mne_l2_vs_weight_decay_l16_fc3_h4_h8_h16_h32_h64_h128/strict_seed_train_rate_uniform_L16_T16/fc3_h8/mne_l2/seed_42/noise_sweep_matrix_mnist_fc3_h8_T16_mode_rate_uniform_schedule_normal_seed_42.csv
fc3_h8,8,mne_l2,42,16,16,rate_uniform,0.65,86.24,mnist-checkpoints/fc3_h8_L[16]_strict_seed42_ablation_mne_l2_l16_fc3_h8_rc5em02.pth,noise3_exp/ablation_mne_l2_vs_weight_decay_l16_fc3_h4_h8_h16_h32_h64_h128/strict_seed_train_rate_uniform_L16_T16/fc3_h8/mne_l2/seed_42/noise_sweep_matrix_mnist_fc3_h8_T16_mode_rate_uniform_schedule_normal_seed_42.csv
fc3_h8,8,mne_l2,42,16,16,rate_uniform,0.7,84.89,mnist-checkpoints/fc3_h8_L[16]_strict_seed42_ablation_mne_l2_l16_fc3_h8_rc5em02.pth,noise3_exp/ablation_mne_l2_vs_weight_decay_l16_fc3_h4_h8_h16_h32_h64_h128/strict_seed_train_rate_uniform_L16_T16/fc3_h8/mne_l2/seed_42/noise_sweep_matrix_mnist_fc3_h8_T16_mode_rate_uniform_schedule_normal_seed_42.csv
fc3_h8,8,mne_l2,42,16,16,rate_uniform,0.75,82.95,mnist-checkpoints/fc3_h8_L[16]_strict_seed42_ablation_mne_l2_l16_fc3_h8_rc5em02.pth,noise3_exp/ablation_mne_l2_vs_weight_decay_l16_fc3_h4_h8_h16_h32_h64_h128/strict_seed_train_rate_uniform_L16_T16/fc3_h8/mne_l2/seed_42/noise_sweep_matrix_mnist_fc3_h8_T16_mode_rate_uniform_schedule_normal_seed_42.csv
fc3_h8,8,mne_l2,42,16,16,rate_uniform,0.8,80.54,mnist-checkpoints/fc3_h8_L[16]_strict_seed42_ablation_mne_l2_l16_fc3_h8_rc5em02.pth,noise3_exp/ablation_mne_l2_vs_weight_decay_l16_fc3_h4_h8_h16_h32_h64_h128/strict_seed_train_rate_uniform_L16_T16/fc3_h8/mne_l2/seed_42/noise_sweep_matrix_mnist_fc3_h8_T16_mode_rate_uniform_schedule_normal_seed_42.csv
fc3_h8,8,mne_l2,42,16,16,rate_uniform,0.85,78.18,mnist-checkpoints/fc3_h8_L[16]_strict_seed42_ablation_mne_l2_l16_fc3_h8_rc5em02.pth,noise3_exp/ablation_mne_l2_vs_weight_decay_l16_fc3_h4_h8_h16_h32_h64_h128/strict_seed_train_rate_uniform_L16_T16/fc3_h8/mne_l2/seed_42/noise_sweep_matrix_mnist_fc3_h8_T16_mode_rate_uniform_schedule_normal_seed_42.csv
fc3_h8,8,mne_l2,42,16,16,rate_uniform,0.9,75.69,mnist-checkpoints/fc3_h8_L[16]_strict_seed42_ablation_mne_l2_l16_fc3_h8_rc5em02.pth,noise3_exp/ablation_mne_l2_vs_weight_decay_l16_fc3_h4_h8_h16_h32_h64_h128/strict_seed_train_rate_uniform_L16_T16/fc3_h8/mne_l2/seed_42/noise_sweep_matrix_mnist_fc3_h8_T16_mode_rate_uniform_schedule_normal_seed_42.csv
fc3_h8,8,mne_l2,42,16,16,rate_uniform,0.95,72.33,mnist-checkpoints/fc3_h8_L[16]_strict_seed42_ablation_mne_l2_l16_fc3_h8_rc5em02.pth,noise3_exp/ablation_mne_l2_vs_weight_decay_l16_fc3_h4_h8_h16_h32_h64_h128/strict_seed_train_rate_uniform_L16_T16/fc3_h8/mne_l2/seed_42/noise_sweep_matrix_mnist_fc3_h8_T16_mode_rate_uniform_schedule_normal_seed_42.csv
fc3_h8,8,mne_l2,42,16,16,rate_uniform,1.0,68.7,mnist-checkpoints/fc3_h8_L[16]_strict_seed42_ablation_mne_l2_l16_fc3_h8_rc5em02.pth,noise3_exp/ablation_mne_l2_vs_weight_decay_l16_fc3_h4_h8_h16_h32_h64_h128/strict_seed_train_rate_uniform_L16_T16/fc3_h8/mne_l2/seed_42/noise_sweep_matrix_mnist_fc3_h8_T16_mode_rate_uniform_schedule_normal_seed_42.csv
fc3_h8,8,mne_l2,43,16,16,rate_uniform,0.0,87.19,mnist-checkpoints/fc3_h8_L[16]_strict_seed43_ablation_mne_l2_l16_fc3_h8_rc5em02.pth,noise3_exp/ablation_mne_l2_vs_weight_decay_l16_fc3_h4_h8_h16_h32_h64_h128/strict_seed_train_rate_uniform_L16_T16/fc3_h8/mne_l2/seed_43/noise_sweep_matrix_mnist_fc3_h8_T16_mode_rate_uniform_schedule_normal_seed_43.csv
fc3_h8,8,mne_l2,43,16,16,rate_uniform,0.05,87.04,mnist-checkpoints/fc3_h8_L[16]_strict_seed43_ablation_mne_l2_l16_fc3_h8_rc5em02.pth,noise3_exp/ablation_mne_l2_vs_weight_decay_l16_fc3_h4_h8_h16_h32_h64_h128/strict_seed_train_rate_uniform_L16_T16/fc3_h8/mne_l2/seed_43/noise_sweep_matrix_mnist_fc3_h8_T16_mode_rate_uniform_schedule_normal_seed_43.csv
fc3_h8,8,mne_l2,43,16,16,rate_uniform,0.1,87.04,mnist-checkpoints/fc3_h8_L[16]_strict_seed43_ablation_mne_l2_l16_fc3_h8_rc5em02.pth,noise3_exp/ablation_mne_l2_vs_weight_decay_l16_fc3_h4_h8_h16_h32_h64_h128/strict_seed_train_rate_uniform_L16_T16/fc3_h8/mne_l2/seed_43/noise_sweep_matrix_mnist_fc3_h8_T16_mode_rate_uniform_schedule_normal_seed_43.csv
fc3_h8,8,mne_l2,43,16,16,rate_uniform,0.15,86.92,mnist-checkpoints/fc3_h8_L[16]_strict_seed43_ablation_mne_l2_l16_fc3_h8_rc5em02.pth,noise3_exp/ablation_mne_l2_vs_weight_decay_l16_fc3_h4_h8_h16_h32_h64_h128/strict_seed_train_rate_uniform_L16_T16/fc3_h8/mne_l2/seed_43/noise_sweep_matrix_mnist_fc3_h8_T16_mode_rate_uniform_schedule_normal_seed_43.csv
fc3_h8,8,mne_l2,43,16,16,rate_uniform,0.2,86.81,mnist-checkpoints/fc3_h8_L[16]_strict_seed43_ablation_mne_l2_l16_fc3_h8_rc5em02.pth,noise3_exp/ablation_mne_l2_vs_weight_decay_l16_fc3_h4_h8_h16_h32_h64_h128/strict_seed_train_rate_uniform_L16_T16/fc3_h8/mne_l2/seed_43/noise_sweep_matrix_mnist_fc3_h8_T16_mode_rate_uniform_schedule_normal_seed_43.csv
fc3_h8,8,mne_l2,43,16,16,rate_uniform,0.25,87.1,mnist-checkpoints/fc3_h8_L[16]_strict_seed43_ablation_mne_l2_l16_fc3_h8_rc5em02.pth,noise3_exp/ablation_mne_l2_vs_weight_decay_l16_fc3_h4_h8_h16_h32_h64_h128/strict_seed_train_rate_uniform_L16_T16/fc3_h8/mne_l2/seed_43/noise_sweep_matrix_mnist_fc3_h8_T16_mode_rate_uniform_schedule_normal_seed_43.csv
fc3_h8,8,mne_l2,43,16,16,rate_uniform,0.3,87.03,mnist-checkpoints/fc3_h8_L[16]_strict_seed43_ablation_mne_l2_l16_fc3_h8_rc5em02.pth,noise3_exp/ablation_mne_l2_vs_weight_decay_l16_fc3_h4_h8_h16_h32_h64_h128/strict_seed_train_rate_uniform_L16_T16/fc3_h8/mne_l2/seed_43/noise_sweep_matrix_mnist_fc3_h8_T16_mode_rate_uniform_schedule_normal_seed_43.csv
fc3_h8,8,mne_l2,43,16,16,rate_uniform,0.35,86.52,mnist-checkpoints/fc3_h8_L[16]_strict_seed43_ablation_mne_l2_l16_fc3_h8_rc5em02.pth,noise3_exp/ablation_mne_l2_vs_weight_decay_l16_fc3_h4_h8_h16_h32_h64_h128/strict_seed_train_rate_uniform_L16_T16/fc3_h8/mne_l2/seed_43/noise_sweep_matrix_mnist_fc3_h8_T16_mode_rate_uniform_schedule_normal_seed_43.csv
fc3_h8,8,mne_l2,43,16,16,rate_uniform,0.4,86.31,mnist-checkpoints/fc3_h8_L[16]_strict_seed43_ablation_mne_l2_l16_fc3_h8_rc5em02.pth,noise3_exp/ablation_mne_l2_vs_weight_decay_l16_fc3_h4_h8_h16_h32_h64_h128/strict_seed_train_rate_uniform_L16_T16/fc3_h8/mne_l2/seed_43/noise_sweep_matrix_mnist_fc3_h8_T16_mode_rate_uniform_schedule_normal_seed_43.csv
fc3_h8,8,mne_l2,43,16,16,rate_uniform,0.45,86.05,mnist-checkpoints/fc3_h8_L[16]_strict_seed43_ablation_mne_l2_l16_fc3_h8_rc5em02.pth,noise3_exp/ablation_mne_l2_vs_weight_decay_l16_fc3_h4_h8_h16_h32_h64_h128/strict_seed_train_rate_uniform_L16_T16/fc3_h8/mne_l2/seed_43/noise_sweep_matrix_mnist_fc3_h8_T16_mode_rate_uniform_schedule_normal_seed_43.csv
fc3_h8,8,mne_l2,43,16,16,rate_uniform,0.5,85.49,mnist-checkpoints/fc3_h8_L[16]_strict_seed43_ablation_mne_l2_l16_fc3_h8_rc5em02.pth,noise3_exp/ablation_mne_l2_vs_weight_decay_l16_fc3_h4_h8_h16_h32_h64_h128/strict_seed_train_rate_uniform_L16_T16/fc3_h8/mne_l2/seed_43/noise_sweep_matrix_mnist_fc3_h8_T16_mode_rate_uniform_schedule_normal_seed_43.csv
fc3_h8,8,mne_l2,43,16,16,rate_uniform,0.55,84.37,mnist-checkpoints/fc3_h8_L[16]_strict_seed43_ablation_mne_l2_l16_fc3_h8_rc5em02.pth,noise3_exp/ablation_mne_l2_vs_weight_decay_l16_fc3_h4_h8_h16_h32_h64_h128/strict_seed_train_rate_uniform_L16_T16/fc3_h8/mne_l2/seed_43/noise_sweep_matrix_mnist_fc3_h8_T16_mode_rate_uniform_schedule_normal_seed_43.csv
fc3_h8,8,mne_l2,43,16,16,rate_uniform,0.6,83.06,mnist-checkpoints/fc3_h8_L[16]_strict_seed43_ablation_mne_l2_l16_fc3_h8_rc5em02.pth,noise3_exp/ablation_mne_l2_vs_weight_decay_l16_fc3_h4_h8_h16_h32_h64_h128/strict_seed_train_rate_uniform_L16_T16/fc3_h8/mne_l2/seed_43/noise_sweep_matrix_mnist_fc3_h8_T16_mode_rate_uniform_schedule_normal_seed_43.csv
fc3_h8,8,mne_l2,43,16,16,rate_uniform,0.65,81.37,mnist-checkpoints/fc3_h8_L[16]_strict_seed43_ablation_mne_l2_l16_fc3_h8_rc5em02.pth,noise3_exp/ablation_mne_l2_vs_weight_decay_l16_fc3_h4_h8_h16_h32_h64_h128/strict_seed_train_rate_uniform_L16_T16/fc3_h8/mne_l2/seed_43/noise_sweep_matrix_mnist_fc3_h8_T16_mode_rate_uniform_schedule_normal_seed_43.csv
fc3_h8,8,mne_l2,43,16,16,rate_uniform,0.7,79.34,mnist-checkpoints/fc3_h8_L[16]_strict_seed43_ablation_mne_l2_l16_fc3_h8_rc5em02.pth,noise3_exp/ablation_mne_l2_vs_weight_decay_l16_fc3_h4_h8_h16_h32_h64_h128/strict_seed_train_rate_uniform_L16_T16/fc3_h8/mne_l2/seed_43/noise_sweep_matrix_mnist_fc3_h8_T16_mode_rate_uniform_schedule_normal_seed_43.csv
fc3_h8,8,mne_l2,43,16,16,rate_uniform,0.75,77.01,mnist-checkpoints/fc3_h8_L[16]_strict_seed43_ablation_mne_l2_l16_fc3_h8_rc5em02.pth,noise3_exp/ablation_mne_l2_vs_weight_decay_l16_fc3_h4_h8_h16_h32_h64_h128/strict_seed_train_rate_uniform_L16_T16/fc3_h8/mne_l2/seed_43/noise_sweep_matrix_mnist_fc3_h8_T16_mode_rate_uniform_schedule_normal_seed_43.csv
fc3_h8,8,mne_l2,43,16,16,rate_uniform,0.8,74.06,mnist-checkpoints/fc3_h8_L[16]_strict_seed43_ablation_mne_l2_l16_fc3_h8_rc5em02.pth,noise3_exp/ablation_mne_l2_vs_weight_decay_l16_fc3_h4_h8_h16_h32_h64_h128/strict_seed_train_rate_uniform_L16_T16/fc3_h8/mne_l2/seed_43/noise_sweep_matrix_mnist_fc3_h8_T16_mode_rate_uniform_schedule_normal_seed_43.csv
fc3_h8,8,mne_l2,43,16,16,rate_uniform,0.85,70.88,mnist-checkpoints/fc3_h8_L[16]_strict_seed43_ablation_mne_l2_l16_fc3_h8_rc5em02.pth,noise3_exp/ablation_mne_l2_vs_weight_decay_l16_fc3_h4_h8_h16_h32_h64_h128/strict_seed_train_rate_uniform_L16_T16/fc3_h8/mne_l2/seed_43/noise_sweep_matrix_mnist_fc3_h8_T16_mode_rate_uniform_schedule_normal_seed_43.csv
fc3_h8,8,mne_l2,43,16,16,rate_uniform,0.9,66.45,mnist-checkpoints/fc3_h8_L[16]_strict_seed43_ablation_mne_l2_l16_fc3_h8_rc5em02.pth,noise3_exp/ablation_mne_l2_vs_weight_decay_l16_fc3_h4_h8_h16_h32_h64_h128/strict_seed_train_rate_uniform_L16_T16/fc3_h8/mne_l2/seed_43/noise_sweep_matrix_mnist_fc3_h8_T16_mode_rate_uniform_schedule_normal_seed_43.csv
fc3_h8,8,mne_l2,43,16,16,rate_uniform,0.95,63.12,mnist-checkpoints/fc3_h8_L[16]_strict_seed43_ablation_mne_l2_l16_fc3_h8_rc5em02.pth,noise3_exp/ablation_mne_l2_vs_weight_decay_l16_fc3_h4_h8_h16_h32_h64_h128/strict_seed_train_rate_uniform_L16_T16/fc3_h8/mne_l2/seed_43/noise_sweep_matrix_mnist_fc3_h8_T16_mode_rate_uniform_schedule_normal_seed_43.csv
fc3_h8,8,mne_l2,43,16,16,rate_uniform,1.0,58.37,mnist-checkpoints/fc3_h8_L[16]_strict_seed43_ablation_mne_l2_l16_fc3_h8_rc5em02.pth,noise3_exp/ablation_mne_l2_vs_weight_decay_l16_fc3_h4_h8_h16_h32_h64_h128/strict_seed_train_rate_uniform_L16_T16/fc3_h8/mne_l2/seed_43/noise_sweep_matrix_mnist_fc3_h8_T16_mode_rate_uniform_schedule_normal_seed_43.csv
fc3_h8,8,mne_l2,44,16,16,rate_uniform,0.0,69.03,mnist-checkpoints/fc3_h8_L[16]_strict_seed44_ablation_mne_l2_l16_fc3_h8_rc5em02.pth,noise3_exp/ablation_mne_l2_vs_weight_decay_l16_fc3_h4_h8_h16_h32_h64_h128/strict_seed_train_rate_uniform_L16_T16/fc3_h8/mne_l2/seed_44/noise_sweep_matrix_mnist_fc3_h8_T16_mode_rate_uniform_schedule_normal_seed_44.csv
fc3_h8,8,mne_l2,44,16,16,rate_uniform,0.05,68.92,mnist-checkpoints/fc3_h8_L[16]_strict_seed44_ablation_mne_l2_l16_fc3_h8_rc5em02.pth,noise3_exp/ablation_mne_l2_vs_weight_decay_l16_fc3_h4_h8_h16_h32_h64_h128/strict_seed_train_rate_uniform_L16_T16/fc3_h8/mne_l2/seed_44/noise_sweep_matrix_mnist_fc3_h8_T16_mode_rate_uniform_schedule_normal_seed_44.csv
fc3_h8,8,mne_l2,44,16,16,rate_uniform,0.1,68.87,mnist-checkpoints/fc3_h8_L[16]_strict_seed44_ablation_mne_l2_l16_fc3_h8_rc5em02.pth,noise3_exp/ablation_mne_l2_vs_weight_decay_l16_fc3_h4_h8_h16_h32_h64_h128/strict_seed_train_rate_uniform_L16_T16/fc3_h8/mne_l2/seed_44/noise_sweep_matrix_mnist_fc3_h8_T16_mode_rate_uniform_schedule_normal_seed_44.csv
fc3_h8,8,mne_l2,44,16,16,rate_uniform,0.15,68.86,mnist-checkpoints/fc3_h8_L[16]_strict_seed44_ablation_mne_l2_l16_fc3_h8_rc5em02.pth,noise3_exp/ablation_mne_l2_vs_weight_decay_l16_fc3_h4_h8_h16_h32_h64_h128/strict_seed_train_rate_uniform_L16_T16/fc3_h8/mne_l2/seed_44/noise_sweep_matrix_mnist_fc3_h8_T16_mode_rate_uniform_schedule_normal_seed_44.csv
fc3_h8,8,mne_l2,44,16,16,rate_uniform,0.2,68.86,mnist-checkpoints/fc3_h8_L[16]_strict_seed44_ablation_mne_l2_l16_fc3_h8_rc5em02.pth,noise3_exp/ablation_mne_l2_vs_weight_decay_l16_fc3_h4_h8_h16_h32_h64_h128/strict_seed_train_rate_uniform_L16_T16/fc3_h8/mne_l2/seed_44/noise_sweep_matrix_mnist_fc3_h8_T16_mode_rate_uniform_schedule_normal_seed_44.csv
fc3_h8,8,mne_l2,44,16,16,rate_uniform,0.25,68.89,mnist-checkpoints/fc3_h8_L[16]_strict_seed44_ablation_mne_l2_l16_fc3_h8_rc5em02.pth,noise3_exp/ablation_mne_l2_vs_weight_decay_l16_fc3_h4_h8_h16_h32_h64_h128/strict_seed_train_rate_uniform_L16_T16/fc3_h8/mne_l2/seed_44/noise_sweep_matrix_mnist_fc3_h8_T16_mode_rate_uniform_schedule_normal_seed_44.csv
fc3_h8,8,mne_l2,44,16,16,rate_uniform,0.3,68.6,mnist-checkpoints/fc3_h8_L[16]_strict_seed44_ablation_mne_l2_l16_fc3_h8_rc5em02.pth,noise3_exp/ablation_mne_l2_vs_weight_decay_l16_fc3_h4_h8_h16_h32_h64_h128/strict_seed_train_rate_uniform_L16_T16/fc3_h8/mne_l2/seed_44/noise_sweep_matrix_mnist_fc3_h8_T16_mode_rate_uniform_schedule_normal_seed_44.csv
fc3_h8,8,mne_l2,44,16,16,rate_uniform,0.35,68.54,mnist-checkpoints/fc3_h8_L[16]_strict_seed44_ablation_mne_l2_l16_fc3_h8_rc5em02.pth,noise3_exp/ablation_mne_l2_vs_weight_decay_l16_fc3_h4_h8_h16_h32_h64_h128/strict_seed_train_rate_uniform_L16_T16/fc3_h8/mne_l2/seed_44/noise_sweep_matrix_mnist_fc3_h8_T16_mode_rate_uniform_schedule_normal_seed_44.csv
fc3_h8,8,mne_l2,44,16,16,rate_uniform,0.4,68.3,mnist-checkpoints/fc3_h8_L[16]_strict_seed44_ablation_mne_l2_l16_fc3_h8_rc5em02.pth,noise3_exp/ablation_mne_l2_vs_weight_decay_l16_fc3_h4_h8_h16_h32_h64_h128/strict_seed_train_rate_uniform_L16_T16/fc3_h8/mne_l2/seed_44/noise_sweep_matrix_mnist_fc3_h8_T16_mode_rate_uniform_schedule_normal_seed_44.csv
fc3_h8,8,mne_l2,44,16,16,rate_uniform,0.45,67.44,mnist-checkpoints/fc3_h8_L[16]_strict_seed44_ablation_mne_l2_l16_fc3_h8_rc5em02.pth,noise3_exp/ablation_mne_l2_vs_weight_decay_l16_fc3_h4_h8_h16_h32_h64_h128/strict_seed_train_rate_uniform_L16_T16/fc3_h8/mne_l2/seed_44/noise_sweep_matrix_mnist_fc3_h8_T16_mode_rate_uniform_schedule_normal_seed_44.csv
fc3_h8,8,mne_l2,44,16,16,rate_uniform,0.5,66.26,mnist-checkpoints/fc3_h8_L[16]_strict_seed44_ablation_mne_l2_l16_fc3_h8_rc5em02.pth,noise3_exp/ablation_mne_l2_vs_weight_decay_l16_fc3_h4_h8_h16_h32_h64_h128/strict_seed_train_rate_uniform_L16_T16/fc3_h8/mne_l2/seed_44/noise_sweep_matrix_mnist_fc3_h8_T16_mode_rate_uniform_schedule_normal_seed_44.csv
fc3_h8,8,mne_l2,44,16,16,rate_uniform,0.55,64.75,mnist-checkpoints/fc3_h8_L[16]_strict_seed44_ablation_mne_l2_l16_fc3_h8_rc5em02.pth,noise3_exp/ablation_mne_l2_vs_weight_decay_l16_fc3_h4_h8_h16_h32_h64_h128/strict_seed_train_rate_uniform_L16_T16/fc3_h8/mne_l2/seed_44/noise_sweep_matrix_mnist_fc3_h8_T16_mode_rate_uniform_schedule_normal_seed_44.csv
fc3_h8,8,mne_l2,44,16,16,rate_uniform,0.6,62.69,mnist-checkpoints/fc3_h8_L[16]_strict_seed44_ablation_mne_l2_l16_fc3_h8_rc5em02.pth,noise3_exp/ablation_mne_l2_vs_weight_decay_l16_fc3_h4_h8_h16_h32_h64_h128/strict_seed_train_rate_uniform_L16_T16/fc3_h8/mne_l2/seed_44/noise_sweep_matrix_mnist_fc3_h8_T16_mode_rate_uniform_schedule_normal_seed_44.csv
fc3_h8,8,mne_l2,44,16,16,rate_uniform,0.65,60.7,mnist-checkpoints/fc3_h8_L[16]_strict_seed44_ablation_mne_l2_l16_fc3_h8_rc5em02.pth,noise3_exp/ablation_mne_l2_vs_weight_decay_l16_fc3_h4_h8_h16_h32_h64_h128/strict_seed_train_rate_uniform_L16_T16/fc3_h8/mne_l2/seed_44/noise_sweep_matrix_mnist_fc3_h8_T16_mode_rate_uniform_schedule_normal_seed_44.csv
fc3_h8,8,mne_l2,44,16,16,rate_uniform,0.7,56.89,mnist-checkpoints/fc3_h8_L[16]_strict_seed44_ablation_mne_l2_l16_fc3_h8_rc5em02.pth,noise3_exp/ablation_mne_l2_vs_weight_decay_l16_fc3_h4_h8_h16_h32_h64_h128/strict_seed_train_rate_uniform_L16_T16/fc3_h8/mne_l2/seed_44/noise_sweep_matrix_mnist_fc3_h8_T16_mode_rate_uniform_schedule_normal_seed_44.csv
fc3_h8,8,mne_l2,44,16,16,rate_uniform,0.75,54.06,mnist-checkpoints/fc3_h8_L[16]_strict_seed44_ablation_mne_l2_l16_fc3_h8_rc5em02.pth,noise3_exp/ablation_mne_l2_vs_weight_decay_l16_fc3_h4_h8_h16_h32_h64_h128/strict_seed_train_rate_uniform_L16_T16/fc3_h8/mne_l2/seed_44/noise_sweep_matrix_mnist_fc3_h8_T16_mode_rate_uniform_schedule_normal_seed_44.csv
fc3_h8,8,mne_l2,44,16,16,rate_uniform,0.8,49.88,mnist-checkpoints/fc3_h8_L[16]_strict_seed44_ablation_mne_l2_l16_fc3_h8_rc5em02.pth,noise3_exp/ablation_mne_l2_vs_weight_decay_l16_fc3_h4_h8_h16_h32_h64_h128/strict_seed_train_rate_uniform_L16_T16/fc3_h8/mne_l2/seed_44/noise_sweep_matrix_mnist_fc3_h8_T16_mode_rate_uniform_schedule_normal_seed_44.csv
fc3_h8,8,mne_l2,44,16,16,rate_uniform,0.85,46.58,mnist-checkpoints/fc3_h8_L[16]_strict_seed44_ablation_mne_l2_l16_fc3_h8_rc5em02.pth,noise3_exp/ablation_mne_l2_vs_weight_decay_l16_fc3_h4_h8_h16_h32_h64_h128/strict_seed_train_rate_uniform_L16_T16/fc3_h8/mne_l2/seed_44/noise_sweep_matrix_mnist_fc3_h8_T16_mode_rate_uniform_schedule_normal_seed_44.csv
fc3_h8,8,mne_l2,44,16,16,rate_uniform,0.9,43.79,mnist-checkpoints/fc3_h8_L[16]_strict_seed44_ablation_mne_l2_l16_fc3_h8_rc5em02.pth,noise3_exp/ablation_mne_l2_vs_weight_decay_l16_fc3_h4_h8_h16_h32_h64_h128/strict_seed_train_rate_uniform_L16_T16/fc3_h8/mne_l2/seed_44/noise_sweep_matrix_mnist_fc3_h8_T16_mode_rate_uniform_schedule_normal_seed_44.csv
fc3_h8,8,mne_l2,44,16,16,rate_uniform,0.95,40.47,mnist-checkpoints/fc3_h8_L[16]_strict_seed44_ablation_mne_l2_l16_fc3_h8_rc5em02.pth,noise3_exp/ablation_mne_l2_vs_weight_decay_l16_fc3_h4_h8_h16_h32_h64_h128/strict_seed_train_rate_uniform_L16_T16/fc3_h8/mne_l2/seed_44/noise_sweep_matrix_mnist_fc3_h8_T16_mode_rate_uniform_schedule_normal_seed_44.csv
fc3_h8,8,mne_l2,44,16,16,rate_uniform,1.0,37.66,mnist-checkpoints/fc3_h8_L[16]_strict_seed44_ablation_mne_l2_l16_fc3_h8_rc5em02.pth,noise3_exp/ablation_mne_l2_vs_weight_decay_l16_fc3_h4_h8_h16_h32_h64_h128/strict_seed_train_rate_uniform_L16_T16/fc3_h8/mne_l2/seed_44/noise_sweep_matrix_mnist_fc3_h8_T16_mode_rate_uniform_schedule_normal_seed_44.csv
fc3_h8,8,weight_decay,40,16,16,rate_uniform,0.0,92.3,mnist-checkpoints/fc3_h8_L[16]_strict_seed40_ablation_wd_l16_fc3_h8.pth,noise3_exp/ablation_mne_l2_vs_weight_decay_l16_fc3_h4_h8_h16_h32_h64_h128/strict_seed_train_rate_uniform_L16_T16/fc3_h8/weight_decay/seed_40/noise_sweep_matrix_mnist_fc3_h8_T16_mode_rate_uniform_schedule_normal_seed_40.csv
fc3_h8,8,weight_decay,40,16,16,rate_uniform,0.05,92.33,mnist-checkpoints/fc3_h8_L[16]_strict_seed40_ablation_wd_l16_fc3_h8.pth,noise3_exp/ablation_mne_l2_vs_weight_decay_l16_fc3_h4_h8_h16_h32_h64_h128/strict_seed_train_rate_uniform_L16_T16/fc3_h8/weight_decay/seed_40/noise_sweep_matrix_mnist_fc3_h8_T16_mode_rate_uniform_schedule_normal_seed_40.csv
fc3_h8,8,weight_decay,40,16,16,rate_uniform,0.1,92.29,mnist-checkpoints/fc3_h8_L[16]_strict_seed40_ablation_wd_l16_fc3_h8.pth,noise3_exp/ablation_mne_l2_vs_weight_decay_l16_fc3_h4_h8_h16_h32_h64_h128/strict_seed_train_rate_uniform_L16_T16/fc3_h8/weight_decay/seed_40/noise_sweep_matrix_mnist_fc3_h8_T16_mode_rate_uniform_schedule_normal_seed_40.csv
fc3_h8,8,weight_decay,40,16,16,rate_uniform,0.15,92.34,mnist-checkpoints/fc3_h8_L[16]_strict_seed40_ablation_wd_l16_fc3_h8.pth,noise3_exp/ablation_mne_l2_vs_weight_decay_l16_fc3_h4_h8_h16_h32_h64_h128/strict_seed_train_rate_uniform_L16_T16/fc3_h8/weight_decay/seed_40/noise_sweep_matrix_mnist_fc3_h8_T16_mode_rate_uniform_schedule_normal_seed_40.csv
fc3_h8,8,weight_decay,40,16,16,rate_uniform,0.2,92.31,mnist-checkpoints/fc3_h8_L[16]_strict_seed40_ablation_wd_l16_fc3_h8.pth,noise3_exp/ablation_mne_l2_vs_weight_decay_l16_fc3_h4_h8_h16_h32_h64_h128/strict_seed_train_rate_uniform_L16_T16/fc3_h8/weight_decay/seed_40/noise_sweep_matrix_mnist_fc3_h8_T16_mode_rate_uniform_schedule_normal_seed_40.csv
fc3_h8,8,weight_decay,40,16,16,rate_uniform,0.25,91.99,mnist-checkpoints/fc3_h8_L[16]_strict_seed40_ablation_wd_l16_fc3_h8.pth,noise3_exp/ablation_mne_l2_vs_weight_decay_l16_fc3_h4_h8_h16_h32_h64_h128/strict_seed_train_rate_uniform_L16_T16/fc3_h8/weight_decay/seed_40/noise_sweep_matrix_mnist_fc3_h8_T16_mode_rate_uniform_schedule_normal_seed_40.csv
fc3_h8,8,weight_decay,40,16,16,rate_uniform,0.3,91.7,mnist-checkpoints/fc3_h8_L[16]_strict_seed40_ablation_wd_l16_fc3_h8.pth,noise3_exp/ablation_mne_l2_vs_weight_decay_l16_fc3_h4_h8_h16_h32_h64_h128/strict_seed_train_rate_uniform_L16_T16/fc3_h8/weight_decay/seed_40/noise_sweep_matrix_mnist_fc3_h8_T16_mode_rate_uniform_schedule_normal_seed_40.csv
fc3_h8,8,weight_decay,40,16,16,rate_uniform,0.35,90.86,mnist-checkpoints/fc3_h8_L[16]_strict_seed40_ablation_wd_l16_fc3_h8.pth,noise3_exp/ablation_mne_l2_vs_weight_decay_l16_fc3_h4_h8_h16_h32_h64_h128/strict_seed_train_rate_uniform_L16_T16/fc3_h8/weight_decay/seed_40/noise_sweep_matrix_mnist_fc3_h8_T16_mode_rate_uniform_schedule_normal_seed_40.csv
fc3_h8,8,weight_decay,40,16,16,rate_uniform,0.4,89.37,mnist-checkpoints/fc3_h8_L[16]_strict_seed40_ablation_wd_l16_fc3_h8.pth,noise3_exp/ablation_mne_l2_vs_weight_decay_l16_fc3_h4_h8_h16_h32_h64_h128/strict_seed_train_rate_uniform_L16_T16/fc3_h8/weight_decay/seed_40/noise_sweep_matrix_mnist_fc3_h8_T16_mode_rate_uniform_schedule_normal_seed_40.csv
fc3_h8,8,weight_decay,40,16,16,rate_uniform,0.45,85.72,mnist-checkpoints/fc3_h8_L[16]_strict_seed40_ablation_wd_l16_fc3_h8.pth,noise3_exp/ablation_mne_l2_vs_weight_decay_l16_fc3_h4_h8_h16_h32_h64_h128/strict_seed_train_rate_uniform_L16_T16/fc3_h8/weight_decay/seed_40/noise_sweep_matrix_mnist_fc3_h8_T16_mode_rate_uniform_schedule_normal_seed_40.csv
fc3_h8,8,weight_decay,40,16,16,rate_uniform,0.5,81.35,mnist-checkpoints/fc3_h8_L[16]_strict_seed40_ablation_wd_l16_fc3_h8.pth,noise3_exp/ablation_mne_l2_vs_weight_decay_l16_fc3_h4_h8_h16_h32_h64_h128/strict_seed_train_rate_uniform_L16_T16/fc3_h8/weight_decay/seed_40/noise_sweep_matrix_mnist_fc3_h8_T16_mode_rate_uniform_schedule_normal_seed_40.csv
fc3_h8,8,weight_decay,40,16,16,rate_uniform,0.55,75.0,mnist-checkpoints/fc3_h8_L[16]_strict_seed40_ablation_wd_l16_fc3_h8.pth,noise3_exp/ablation_mne_l2_vs_weight_decay_l16_fc3_h4_h8_h16_h32_h64_h128/strict_seed_train_rate_uniform_L16_T16/fc3_h8/weight_decay/seed_40/noise_sweep_matrix_mnist_fc3_h8_T16_mode_rate_uniform_schedule_normal_seed_40.csv
fc3_h8,8,weight_decay,40,16,16,rate_uniform,0.6,68.26,mnist-checkpoints/fc3_h8_L[16]_strict_seed40_ablation_wd_l16_fc3_h8.pth,noise3_exp/ablation_mne_l2_vs_weight_decay_l16_fc3_h4_h8_h16_h32_h64_h128/strict_seed_train_rate_uniform_L16_T16/fc3_h8/weight_decay/seed_40/noise_sweep_matrix_mnist_fc3_h8_T16_mode_rate_uniform_schedule_normal_seed_40.csv
fc3_h8,8,weight_decay,40,16,16,rate_uniform,0.65,62.09,mnist-checkpoints/fc3_h8_L[16]_strict_seed40_ablation_wd_l16_fc3_h8.pth,noise3_exp/ablation_mne_l2_vs_weight_decay_l16_fc3_h4_h8_h16_h32_h64_h128/strict_seed_train_rate_uniform_L16_T16/fc3_h8/weight_decay/seed_40/noise_sweep_matrix_mnist_fc3_h8_T16_mode_rate_uniform_schedule_normal_seed_40.csv
fc3_h8,8,weight_decay,40,16,16,rate_uniform,0.7,57.86,mnist-checkpoints/fc3_h8_L[16]_strict_seed40_ablation_wd_l16_fc3_h8.pth,noise3_exp/ablation_mne_l2_vs_weight_decay_l16_fc3_h4_h8_h16_h32_h64_h128/strict_seed_train_rate_uniform_L16_T16/fc3_h8/weight_decay/seed_40/noise_sweep_matrix_mnist_fc3_h8_T16_mode_rate_uniform_schedule_normal_seed_40.csv
fc3_h8,8,weight_decay,40,16,16,rate_uniform,0.75,53.46,mnist-checkpoints/fc3_h8_L[16]_strict_seed40_ablation_wd_l16_fc3_h8.pth,noise3_exp/ablation_mne_l2_vs_weight_decay_l16_fc3_h4_h8_h16_h32_h64_h128/strict_seed_train_rate_uniform_L16_T16/fc3_h8/weight_decay/seed_40/noise_sweep_matrix_mnist_fc3_h8_T16_mode_rate_uniform_schedule_normal_seed_40.csv
fc3_h8,8,weight_decay,40,16,16,rate_uniform,0.8,51.02,mnist-checkpoints/fc3_h8_L[16]_strict_seed40_ablation_wd_l16_fc3_h8.pth,noise3_exp/ablation_mne_l2_vs_weight_decay_l16_fc3_h4_h8_h16_h32_h64_h128/strict_seed_train_rate_uniform_L16_T16/fc3_h8/weight_decay/seed_40/noise_sweep_matrix_mnist_fc3_h8_T16_mode_rate_uniform_schedule_normal_seed_40.csv
fc3_h8,8,weight_decay,40,16,16,rate_uniform,0.85,48.44,mnist-checkpoints/fc3_h8_L[16]_strict_seed40_ablation_wd_l16_fc3_h8.pth,noise3_exp/ablation_mne_l2_vs_weight_decay_l16_fc3_h4_h8_h16_h32_h64_h128/strict_seed_train_rate_uniform_L16_T16/fc3_h8/weight_decay/seed_40/noise_sweep_matrix_mnist_fc3_h8_T16_mode_rate_uniform_schedule_normal_seed_40.csv
fc3_h8,8,weight_decay,40,16,16,rate_uniform,0.9,46.11,mnist-checkpoints/fc3_h8_L[16]_strict_seed40_ablation_wd_l16_fc3_h8.pth,noise3_exp/ablation_mne_l2_vs_weight_decay_l16_fc3_h4_h8_h16_h32_h64_h128/strict_seed_train_rate_uniform_L16_T16/fc3_h8/weight_decay/seed_40/noise_sweep_matrix_mnist_fc3_h8_T16_mode_rate_uniform_schedule_normal_seed_40.csv
fc3_h8,8,weight_decay,40,16,16,rate_uniform,0.95,44.49,mnist-checkpoints/fc3_h8_L[16]_strict_seed40_ablation_wd_l16_fc3_h8.pth,noise3_exp/ablation_mne_l2_vs_weight_decay_l16_fc3_h4_h8_h16_h32_h64_h128/strict_seed_train_rate_uniform_L16_T16/fc3_h8/weight_decay/seed_40/noise_sweep_matrix_mnist_fc3_h8_T16_mode_rate_uniform_schedule_normal_seed_40.csv
fc3_h8,8,weight_decay,40,16,16,rate_uniform,1.0,42.39,mnist-checkpoints/fc3_h8_L[16]_strict_seed40_ablation_wd_l16_fc3_h8.pth,noise3_exp/ablation_mne_l2_vs_weight_decay_l16_fc3_h4_h8_h16_h32_h64_h128/strict_seed_train_rate_uniform_L16_T16/fc3_h8/weight_decay/seed_40/noise_sweep_matrix_mnist_fc3_h8_T16_mode_rate_uniform_schedule_normal_seed_40.csv
fc3_h8,8,weight_decay,41,16,16,rate_uniform,0.0,45.18,mnist-checkpoints/fc3_h8_L[16]_strict_seed41_ablation_wd_l16_fc3_h8.pth,noise3_exp/ablation_mne_l2_vs_weight_decay_l16_fc3_h4_h8_h16_h32_h64_h128/strict_seed_train_rate_uniform_L16_T16/fc3_h8/weight_decay/seed_41/noise_sweep_matrix_mnist_fc3_h8_T16_mode_rate_uniform_schedule_normal_seed_41.csv
fc3_h8,8,weight_decay,41,16,16,rate_uniform,0.05,44.96,mnist-checkpoints/fc3_h8_L[16]_strict_seed41_ablation_wd_l16_fc3_h8.pth,noise3_exp/ablation_mne_l2_vs_weight_decay_l16_fc3_h4_h8_h16_h32_h64_h128/strict_seed_train_rate_uniform_L16_T16/fc3_h8/weight_decay/seed_41/noise_sweep_matrix_mnist_fc3_h8_T16_mode_rate_uniform_schedule_normal_seed_41.csv
fc3_h8,8,weight_decay,41,16,16,rate_uniform,0.1,44.91,mnist-checkpoints/fc3_h8_L[16]_strict_seed41_ablation_wd_l16_fc3_h8.pth,noise3_exp/ablation_mne_l2_vs_weight_decay_l16_fc3_h4_h8_h16_h32_h64_h128/strict_seed_train_rate_uniform_L16_T16/fc3_h8/weight_decay/seed_41/noise_sweep_matrix_mnist_fc3_h8_T16_mode_rate_uniform_schedule_normal_seed_41.csv
fc3_h8,8,weight_decay,41,16,16,rate_uniform,0.15,44.94,mnist-checkpoints/fc3_h8_L[16]_strict_seed41_ablation_wd_l16_fc3_h8.pth,noise3_exp/ablation_mne_l2_vs_weight_decay_l16_fc3_h4_h8_h16_h32_h64_h128/strict_seed_train_rate_uniform_L16_T16/fc3_h8/weight_decay/seed_41/noise_sweep_matrix_mnist_fc3_h8_T16_mode_rate_uniform_schedule_normal_seed_41.csv
fc3_h8,8,weight_decay,41,16,16,rate_uniform,0.2,44.33,mnist-checkpoints/fc3_h8_L[16]_strict_seed41_ablation_wd_l16_fc3_h8.pth,noise3_exp/ablation_mne_l2_vs_weight_decay_l16_fc3_h4_h8_h16_h32_h64_h128/strict_seed_train_rate_uniform_L16_T16/fc3_h8/weight_decay/seed_41/noise_sweep_matrix_mnist_fc3_h8_T16_mode_rate_uniform_schedule_normal_seed_41.csv
fc3_h8,8,weight_decay,41,16,16,rate_uniform,0.25,41.04,mnist-checkpoints/fc3_h8_L[16]_strict_seed41_ablation_wd_l16_fc3_h8.pth,noise3_exp/ablation_mne_l2_vs_weight_decay_l16_fc3_h4_h8_h16_h32_h64_h128/strict_seed_train_rate_uniform_L16_T16/fc3_h8/weight_decay/seed_41/noise_sweep_matrix_mnist_fc3_h8_T16_mode_rate_uniform_schedule_normal_seed_41.csv
fc3_h8,8,weight_decay,41,16,16,rate_uniform,0.3,37.27,mnist-checkpoints/fc3_h8_L[16]_strict_seed41_ablation_wd_l16_fc3_h8.pth,noise3_exp/ablation_mne_l2_vs_weight_decay_l16_fc3_h4_h8_h16_h32_h64_h128/strict_seed_train_rate_uniform_L16_T16/fc3_h8/weight_decay/seed_41/noise_sweep_matrix_mnist_fc3_h8_T16_mode_rate_uniform_schedule_normal_seed_41.csv
fc3_h8,8,weight_decay,41,16,16,rate_uniform,0.35,32.5,mnist-checkpoints/fc3_h8_L[16]_strict_seed41_ablation_wd_l16_fc3_h8.pth,noise3_exp/ablation_mne_l2_vs_weight_decay_l16_fc3_h4_h8_h16_h32_h64_h128/strict_seed_train_rate_uniform_L16_T16/fc3_h8/weight_decay/seed_41/noise_sweep_matrix_mnist_fc3_h8_T16_mode_rate_uniform_schedule_normal_seed_41.csv
fc3_h8,8,weight_decay,41,16,16,rate_uniform,0.4,29.02,mnist-checkpoints/fc3_h8_L[16]_strict_seed41_ablation_wd_l16_fc3_h8.pth,noise3_exp/ablation_mne_l2_vs_weight_decay_l16_fc3_h4_h8_h16_h32_h64_h128/strict_seed_train_rate_uniform_L16_T16/fc3_h8/weight_decay/seed_41/noise_sweep_matrix_mnist_fc3_h8_T16_mode_rate_uniform_schedule_normal_seed_41.csv
fc3_h8,8,weight_decay,41,16,16,rate_uniform,0.45,26.32,mnist-checkpoints/fc3_h8_L[16]_strict_seed41_ablation_wd_l16_fc3_h8.pth,noise3_exp/ablation_mne_l2_vs_weight_decay_l16_fc3_h4_h8_h16_h32_h64_h128/strict_seed_train_rate_uniform_L16_T16/fc3_h8/weight_decay/seed_41/noise_sweep_matrix_mnist_fc3_h8_T16_mode_rate_uniform_schedule_normal_seed_41.csv
fc3_h8,8,weight_decay,41,16,16,rate_uniform,0.5,23.46,mnist-checkpoints/fc3_h8_L[16]_strict_seed41_ablation_wd_l16_fc3_h8.pth,noise3_exp/ablation_mne_l2_vs_weight_decay_l16_fc3_h4_h8_h16_h32_h64_h128/strict_seed_train_rate_uniform_L16_T16/fc3_h8/weight_decay/seed_41/noise_sweep_matrix_mnist_fc3_h8_T16_mode_rate_uniform_schedule_normal_seed_41.csv
fc3_h8,8,weight_decay,41,16,16,rate_uniform,0.55,20.97,mnist-checkpoints/fc3_h8_L[16]_strict_seed41_ablation_wd_l16_fc3_h8.pth,noise3_exp/ablation_mne_l2_vs_weight_decay_l16_fc3_h4_h8_h16_h32_h64_h128/strict_seed_train_rate_uniform_L16_T16/fc3_h8/weight_decay/seed_41/noise_sweep_matrix_mnist_fc3_h8_T16_mode_rate_uniform_schedule_normal_seed_41.csv
fc3_h8,8,weight_decay,41,16,16,rate_uniform,0.6,20.15,mnist-checkpoints/fc3_h8_L[16]_strict_seed41_ablation_wd_l16_fc3_h8.pth,noise3_exp/ablation_mne_l2_vs_weight_decay_l16_fc3_h4_h8_h16_h32_h64_h128/strict_seed_train_rate_uniform_L16_T16/fc3_h8/weight_decay/seed_41/noise_sweep_matrix_mnist_fc3_h8_T16_mode_rate_uniform_schedule_normal_seed_41.csv
fc3_h8,8,weight_decay,41,16,16,rate_uniform,0.65,18.83,mnist-checkpoints/fc3_h8_L[16]_strict_seed41_ablation_wd_l16_fc3_h8.pth,noise3_exp/ablation_mne_l2_vs_weight_decay_l16_fc3_h4_h8_h16_h32_h64_h128/strict_seed_train_rate_uniform_L16_T16/fc3_h8/weight_decay/seed_41/noise_sweep_matrix_mnist_fc3_h8_T16_mode_rate_uniform_schedule_normal_seed_41.csv
fc3_h8,8,weight_decay,41,16,16,rate_uniform,0.7,17.56,mnist-checkpoints/fc3_h8_L[16]_strict_seed41_ablation_wd_l16_fc3_h8.pth,noise3_exp/ablation_mne_l2_vs_weight_decay_l16_fc3_h4_h8_h16_h32_h64_h128/strict_seed_train_rate_uniform_L16_T16/fc3_h8/weight_decay/seed_41/noise_sweep_matrix_mnist_fc3_h8_T16_mode_rate_uniform_schedule_normal_seed_41.csv
fc3_h8,8,weight_decay,41,16,16,rate_uniform,0.75,17.15,mnist-checkpoints/fc3_h8_L[16]_strict_seed41_ablation_wd_l16_fc3_h8.pth,noise3_exp/ablation_mne_l2_vs_weight_decay_l16_fc3_h4_h8_h16_h32_h64_h128/strict_seed_train_rate_uniform_L16_T16/fc3_h8/weight_decay/seed_41/noise_sweep_matrix_mnist_fc3_h8_T16_mode_rate_uniform_schedule_normal_seed_41.csv
fc3_h8,8,weight_decay,41,16,16,rate_uniform,0.8,16.28,mnist-checkpoints/fc3_h8_L[16]_strict_seed41_ablation_wd_l16_fc3_h8.pth,noise3_exp/ablation_mne_l2_vs_weight_decay_l16_fc3_h4_h8_h16_h32_h64_h128/strict_seed_train_rate_uniform_L16_T16/fc3_h8/weight_decay/seed_41/noise_sweep_matrix_mnist_fc3_h8_T16_mode_rate_uniform_schedule_normal_seed_41.csv
fc3_h8,8,weight_decay,41,16,16,rate_uniform,0.85,16.02,mnist-checkpoints/fc3_h8_L[16]_strict_seed41_ablation_wd_l16_fc3_h8.pth,noise3_exp/ablation_mne_l2_vs_weight_decay_l16_fc3_h4_h8_h16_h32_h64_h128/strict_seed_train_rate_uniform_L16_T16/fc3_h8/weight_decay/seed_41/noise_sweep_matrix_mnist_fc3_h8_T16_mode_rate_uniform_schedule_normal_seed_41.csv
fc3_h8,8,weight_decay,41,16,16,rate_uniform,0.9,15.48,mnist-checkpoints/fc3_h8_L[16]_strict_seed41_ablation_wd_l16_fc3_h8.pth,noise3_exp/ablation_mne_l2_vs_weight_decay_l16_fc3_h4_h8_h16_h32_h64_h128/strict_seed_train_rate_uniform_L16_T16/fc3_h8/weight_decay/seed_41/noise_sweep_matrix_mnist_fc3_h8_T16_mode_rate_uniform_schedule_normal_seed_41.csv
fc3_h8,8,weight_decay,41,16,16,rate_uniform,0.95,14.7,mnist-checkpoints/fc3_h8_L[16]_strict_seed41_ablation_wd_l16_fc3_h8.pth,noise3_exp/ablation_mne_l2_vs_weight_decay_l16_fc3_h4_h8_h16_h32_h64_h128/strict_seed_train_rate_uniform_L16_T16/fc3_h8/weight_decay/seed_41/noise_sweep_matrix_mnist_fc3_h8_T16_mode_rate_uniform_schedule_normal_seed_41.csv
fc3_h8,8,weight_decay,41,16,16,rate_uniform,1.0,14.8,mnist-checkpoints/fc3_h8_L[16]_strict_seed41_ablation_wd_l16_fc3_h8.pth,noise3_exp/ablation_mne_l2_vs_weight_decay_l16_fc3_h4_h8_h16_h32_h64_h128/strict_seed_train_rate_uniform_L16_T16/fc3_h8/weight_decay/seed_41/noise_sweep_matrix_mnist_fc3_h8_T16_mode_rate_uniform_schedule_normal_seed_41.csv
fc3_h8,8,weight_decay,42,16,16,rate_uniform,0.0,83.02,mnist-checkpoints/fc3_h8_L[16]_strict_seed42_ablation_wd_l16_fc3_h8.pth,noise3_exp/ablation_mne_l2_vs_weight_decay_l16_fc3_h4_h8_h16_h32_h64_h128/strict_seed_train_rate_uniform_L16_T16/fc3_h8/weight_decay/seed_42/noise_sweep_matrix_mnist_fc3_h8_T16_mode_rate_uniform_schedule_normal_seed_42.csv
fc3_h8,8,weight_decay,42,16,16,rate_uniform,0.05,82.98,mnist-checkpoints/fc3_h8_L[16]_strict_seed42_ablation_wd_l16_fc3_h8.pth,noise3_exp/ablation_mne_l2_vs_weight_decay_l16_fc3_h4_h8_h16_h32_h64_h128/strict_seed_train_rate_uniform_L16_T16/fc3_h8/weight_decay/seed_42/noise_sweep_matrix_mnist_fc3_h8_T16_mode_rate_uniform_schedule_normal_seed_42.csv
fc3_h8,8,weight_decay,42,16,16,rate_uniform,0.1,83.19,mnist-checkpoints/fc3_h8_L[16]_strict_seed42_ablation_wd_l16_fc3_h8.pth,noise3_exp/ablation_mne_l2_vs_weight_decay_l16_fc3_h4_h8_h16_h32_h64_h128/strict_seed_train_rate_uniform_L16_T16/fc3_h8/weight_decay/seed_42/noise_sweep_matrix_mnist_fc3_h8_T16_mode_rate_uniform_schedule_normal_seed_42.csv
fc3_h8,8,weight_decay,42,16,16,rate_uniform,0.15,82.89,mnist-checkpoints/fc3_h8_L[16]_strict_seed42_ablation_wd_l16_fc3_h8.pth,noise3_exp/ablation_mne_l2_vs_weight_decay_l16_fc3_h4_h8_h16_h32_h64_h128/strict_seed_train_rate_uniform_L16_T16/fc3_h8/weight_decay/seed_42/noise_sweep_matrix_mnist_fc3_h8_T16_mode_rate_uniform_schedule_normal_seed_42.csv
fc3_h8,8,weight_decay,42,16,16,rate_uniform,0.2,82.97,mnist-checkpoints/fc3_h8_L[16]_strict_seed42_ablation_wd_l16_fc3_h8.pth,noise3_exp/ablation_mne_l2_vs_weight_decay_l16_fc3_h4_h8_h16_h32_h64_h128/strict_seed_train_rate_uniform_L16_T16/fc3_h8/weight_decay/seed_42/noise_sweep_matrix_mnist_fc3_h8_T16_mode_rate_uniform_schedule_normal_seed_42.csv
fc3_h8,8,weight_decay,42,16,16,rate_uniform,0.25,82.18,mnist-checkpoints/fc3_h8_L[16]_strict_seed42_ablation_wd_l16_fc3_h8.pth,noise3_exp/ablation_mne_l2_vs_weight_decay_l16_fc3_h4_h8_h16_h32_h64_h128/strict_seed_train_rate_uniform_L16_T16/fc3_h8/weight_decay/seed_42/noise_sweep_matrix_mnist_fc3_h8_T16_mode_rate_uniform_schedule_normal_seed_42.csv
fc3_h8,8,weight_decay,42,16,16,rate_uniform,0.3,79.14,mnist-checkpoints/fc3_h8_L[16]_strict_seed42_ablation_wd_l16_fc3_h8.pth,noise3_exp/ablation_mne_l2_vs_weight_decay_l16_fc3_h4_h8_h16_h32_h64_h128/strict_seed_train_rate_uniform_L16_T16/fc3_h8/weight_decay/seed_42/noise_sweep_matrix_mnist_fc3_h8_T16_mode_rate_uniform_schedule_normal_seed_42.csv
fc3_h8,8,weight_decay,42,16,16,rate_uniform,0.35,72.49,mnist-checkpoints/fc3_h8_L[16]_strict_seed42_ablation_wd_l16_fc3_h8.pth,noise3_exp/ablation_mne_l2_vs_weight_decay_l16_fc3_h4_h8_h16_h32_h64_h128/strict_seed_train_rate_uniform_L16_T16/fc3_h8/weight_decay/seed_42/noise_sweep_matrix_mnist_fc3_h8_T16_mode_rate_uniform_schedule_normal_seed_42.csv
fc3_h8,8,weight_decay,42,16,16,rate_uniform,0.4,60.93,mnist-checkpoints/fc3_h8_L[16]_strict_seed42_ablation_wd_l16_fc3_h8.pth,noise3_exp/ablation_mne_l2_vs_weight_decay_l16_fc3_h4_h8_h16_h32_h64_h128/strict_seed_train_rate_uniform_L16_T16/fc3_h8/weight_decay/seed_42/noise_sweep_matrix_mnist_fc3_h8_T16_mode_rate_uniform_schedule_normal_seed_42.csv
fc3_h8,8,weight_decay,42,16,16,rate_uniform,0.45,49.27,mnist-checkpoints/fc3_h8_L[16]_strict_seed42_ablation_wd_l16_fc3_h8.pth,noise3_exp/ablation_mne_l2_vs_weight_decay_l16_fc3_h4_h8_h16_h32_h64_h128/strict_seed_train_rate_uniform_L16_T16/fc3_h8/weight_decay/seed_42/noise_sweep_matrix_mnist_fc3_h8_T16_mode_rate_uniform_schedule_normal_seed_42.csv
fc3_h8,8,weight_decay,42,16,16,rate_uniform,0.5,40.43,mnist-checkpoints/fc3_h8_L[16]_strict_seed42_ablation_wd_l16_fc3_h8.pth,noise3_exp/ablation_mne_l2_vs_weight_decay_l16_fc3_h4_h8_h16_h32_h64_h128/strict_seed_train_rate_uniform_L16_T16/fc3_h8/weight_decay/seed_42/noise_sweep_matrix_mnist_fc3_h8_T16_mode_rate_uniform_schedule_normal_seed_42.csv
fc3_h8,8,weight_decay,42,16,16,rate_uniform,0.55,33.93,mnist-checkpoints/fc3_h8_L[16]_strict_seed42_ablation_wd_l16_fc3_h8.pth,noise3_exp/ablation_mne_l2_vs_weight_decay_l16_fc3_h4_h8_h16_h32_h64_h128/strict_seed_train_rate_uniform_L16_T16/fc3_h8/weight_decay/seed_42/noise_sweep_matrix_mnist_fc3_h8_T16_mode_rate_uniform_schedule_normal_seed_42.csv
fc3_h8,8,weight_decay,42,16,16,rate_uniform,0.6,29.75,mnist-checkpoints/fc3_h8_L[16]_strict_seed42_ablation_wd_l16_fc3_h8.pth,noise3_exp/ablation_mne_l2_vs_weight_decay_l16_fc3_h4_h8_h16_h32_h64_h128/strict_seed_train_rate_uniform_L16_T16/fc3_h8/weight_decay/seed_42/noise_sweep_matrix_mnist_fc3_h8_T16_mode_rate_uniform_schedule_normal_seed_42.csv
fc3_h8,8,weight_decay,42,16,16,rate_uniform,0.65,26.67,mnist-checkpoints/fc3_h8_L[16]_strict_seed42_ablation_wd_l16_fc3_h8.pth,noise3_exp/ablation_mne_l2_vs_weight_decay_l16_fc3_h4_h8_h16_h32_h64_h128/strict_seed_train_rate_uniform_L16_T16/fc3_h8/weight_decay/seed_42/noise_sweep_matrix_mnist_fc3_h8_T16_mode_rate_uniform_schedule_normal_seed_42.csv
fc3_h8,8,weight_decay,42,16,16,rate_uniform,0.7,24.53,mnist-checkpoints/fc3_h8_L[16]_strict_seed42_ablation_wd_l16_fc3_h8.pth,noise3_exp/ablation_mne_l2_vs_weight_decay_l16_fc3_h4_h8_h16_h32_h64_h128/strict_seed_train_rate_uniform_L16_T16/fc3_h8/weight_decay/seed_42/noise_sweep_matrix_mnist_fc3_h8_T16_mode_rate_uniform_schedule_normal_seed_42.csv
fc3_h8,8,weight_decay,42,16,16,rate_uniform,0.75,22.66,mnist-checkpoints/fc3_h8_L[16]_strict_seed42_ablation_wd_l16_fc3_h8.pth,noise3_exp/ablation_mne_l2_vs_weight_decay_l16_fc3_h4_h8_h16_h32_h64_h128/strict_seed_train_rate_uniform_L16_T16/fc3_h8/weight_decay/seed_42/noise_sweep_matrix_mnist_fc3_h8_T16_mode_rate_uniform_schedule_normal_seed_42.csv
fc3_h8,8,weight_decay,42,16,16,rate_uniform,0.8,21.28,mnist-checkpoints/fc3_h8_L[16]_strict_seed42_ablation_wd_l16_fc3_h8.pth,noise3_exp/ablation_mne_l2_vs_weight_decay_l16_fc3_h4_h8_h16_h32_h64_h128/strict_seed_train_rate_uniform_L16_T16/fc3_h8/weight_decay/seed_42/noise_sweep_matrix_mnist_fc3_h8_T16_mode_rate_uniform_schedule_normal_seed_42.csv
fc3_h8,8,weight_decay,42,16,16,rate_uniform,0.85,20.27,mnist-checkpoints/fc3_h8_L[16]_strict_seed42_ablation_wd_l16_fc3_h8.pth,noise3_exp/ablation_mne_l2_vs_weight_decay_l16_fc3_h4_h8_h16_h32_h64_h128/strict_seed_train_rate_uniform_L16_T16/fc3_h8/weight_decay/seed_42/noise_sweep_matrix_mnist_fc3_h8_T16_mode_rate_uniform_schedule_normal_seed_42.csv
fc3_h8,8,weight_decay,42,16,16,rate_uniform,0.9,18.81,mnist-checkpoints/fc3_h8_L[16]_strict_seed42_ablation_wd_l16_fc3_h8.pth,noise3_exp/ablation_mne_l2_vs_weight_decay_l16_fc3_h4_h8_h16_h32_h64_h128/strict_seed_train_rate_uniform_L16_T16/fc3_h8/weight_decay/seed_42/noise_sweep_matrix_mnist_fc3_h8_T16_mode_rate_uniform_schedule_normal_seed_42.csv
fc3_h8,8,weight_decay,42,16,16,rate_uniform,0.95,18.1,mnist-checkpoints/fc3_h8_L[16]_strict_seed42_ablation_wd_l16_fc3_h8.pth,noise3_exp/ablation_mne_l2_vs_weight_decay_l16_fc3_h4_h8_h16_h32_h64_h128/strict_seed_train_rate_uniform_L16_T16/fc3_h8/weight_decay/seed_42/noise_sweep_matrix_mnist_fc3_h8_T16_mode_rate_uniform_schedule_normal_seed_42.csv
fc3_h8,8,weight_decay,42,16,16,rate_uniform,1.0,17.12,mnist-checkpoints/fc3_h8_L[16]_strict_seed42_ablation_wd_l16_fc3_h8.pth,noise3_exp/ablation_mne_l2_vs_weight_decay_l16_fc3_h4_h8_h16_h32_h64_h128/strict_seed_train_rate_uniform_L16_T16/fc3_h8/weight_decay/seed_42/noise_sweep_matrix_mnist_fc3_h8_T16_mode_rate_uniform_schedule_normal_seed_42.csv
fc3_h8,8,weight_decay,43,16,16,rate_uniform,0.0,83.35,mnist-checkpoints/fc3_h8_L[16]_strict_seed43_ablation_wd_l16_fc3_h8.pth,noise3_exp/ablation_mne_l2_vs_weight_decay_l16_fc3_h4_h8_h16_h32_h64_h128/strict_seed_train_rate_uniform_L16_T16/fc3_h8/weight_decay/seed_43/noise_sweep_matrix_mnist_fc3_h8_T16_mode_rate_uniform_schedule_normal_seed_43.csv
fc3_h8,8,weight_decay,43,16,16,rate_uniform,0.05,83.28,mnist-checkpoints/fc3_h8_L[16]_strict_seed43_ablation_wd_l16_fc3_h8.pth,noise3_exp/ablation_mne_l2_vs_weight_decay_l16_fc3_h4_h8_h16_h32_h64_h128/strict_seed_train_rate_uniform_L16_T16/fc3_h8/weight_decay/seed_43/noise_sweep_matrix_mnist_fc3_h8_T16_mode_rate_uniform_schedule_normal_seed_43.csv
fc3_h8,8,weight_decay,43,16,16,rate_uniform,0.1,83.27,mnist-checkpoints/fc3_h8_L[16]_strict_seed43_ablation_wd_l16_fc3_h8.pth,noise3_exp/ablation_mne_l2_vs_weight_decay_l16_fc3_h4_h8_h16_h32_h64_h128/strict_seed_train_rate_uniform_L16_T16/fc3_h8/weight_decay/seed_43/noise_sweep_matrix_mnist_fc3_h8_T16_mode_rate_uniform_schedule_normal_seed_43.csv
fc3_h8,8,weight_decay,43,16,16,rate_uniform,0.15,83.23,mnist-checkpoints/fc3_h8_L[16]_strict_seed43_ablation_wd_l16_fc3_h8.pth,noise3_exp/ablation_mne_l2_vs_weight_decay_l16_fc3_h4_h8_h16_h32_h64_h128/strict_seed_train_rate_uniform_L16_T16/fc3_h8/weight_decay/seed_43/noise_sweep_matrix_mnist_fc3_h8_T16_mode_rate_uniform_schedule_normal_seed_43.csv
fc3_h8,8,weight_decay,43,16,16,rate_uniform,0.2,83.01,mnist-checkpoints/fc3_h8_L[16]_strict_seed43_ablation_wd_l16_fc3_h8.pth,noise3_exp/ablation_mne_l2_vs_weight_decay_l16_fc3_h4_h8_h16_h32_h64_h128/strict_seed_train_rate_uniform_L16_T16/fc3_h8/weight_decay/seed_43/noise_sweep_matrix_mnist_fc3_h8_T16_mode_rate_uniform_schedule_normal_seed_43.csv
fc3_h8,8,weight_decay,43,16,16,rate_uniform,0.25,82.9,mnist-checkpoints/fc3_h8_L[16]_strict_seed43_ablation_wd_l16_fc3_h8.pth,noise3_exp/ablation_mne_l2_vs_weight_decay_l16_fc3_h4_h8_h16_h32_h64_h128/strict_seed_train_rate_uniform_L16_T16/fc3_h8/weight_decay/seed_43/noise_sweep_matrix_mnist_fc3_h8_T16_mode_rate_uniform_schedule_normal_seed_43.csv
fc3_h8,8,weight_decay,43,16,16,rate_uniform,0.3,80.34,mnist-checkpoints/fc3_h8_L[16]_strict_seed43_ablation_wd_l16_fc3_h8.pth,noise3_exp/ablation_mne_l2_vs_weight_decay_l16_fc3_h4_h8_h16_h32_h64_h128/strict_seed_train_rate_uniform_L16_T16/fc3_h8/weight_decay/seed_43/noise_sweep_matrix_mnist_fc3_h8_T16_mode_rate_uniform_schedule_normal_seed_43.csv
fc3_h8,8,weight_decay,43,16,16,rate_uniform,0.35,74.21,mnist-checkpoints/fc3_h8_L[16]_strict_seed43_ablation_wd_l16_fc3_h8.pth,noise3_exp/ablation_mne_l2_vs_weight_decay_l16_fc3_h4_h8_h16_h32_h64_h128/strict_seed_train_rate_uniform_L16_T16/fc3_h8/weight_decay/seed_43/noise_sweep_matrix_mnist_fc3_h8_T16_mode_rate_uniform_schedule_normal_seed_43.csv
fc3_h8,8,weight_decay,43,16,16,rate_uniform,0.4,62.98,mnist-checkpoints/fc3_h8_L[16]_strict_seed43_ablation_wd_l16_fc3_h8.pth,noise3_exp/ablation_mne_l2_vs_weight_decay_l16_fc3_h4_h8_h16_h32_h64_h128/strict_seed_train_rate_uniform_L16_T16/fc3_h8/weight_decay/seed_43/noise_sweep_matrix_mnist_fc3_h8_T16_mode_rate_uniform_schedule_normal_seed_43.csv
fc3_h8,8,weight_decay,43,16,16,rate_uniform,0.45,51.0,mnist-checkpoints/fc3_h8_L[16]_strict_seed43_ablation_wd_l16_fc3_h8.pth,noise3_exp/ablation_mne_l2_vs_weight_decay_l16_fc3_h4_h8_h16_h32_h64_h128/strict_seed_train_rate_uniform_L16_T16/fc3_h8/weight_decay/seed_43/noise_sweep_matrix_mnist_fc3_h8_T16_mode_rate_uniform_schedule_normal_seed_43.csv
fc3_h8,8,weight_decay,43,16,16,rate_uniform,0.5,42.45,mnist-checkpoints/fc3_h8_L[16]_strict_seed43_ablation_wd_l16_fc3_h8.pth,noise3_exp/ablation_mne_l2_vs_weight_decay_l16_fc3_h4_h8_h16_h32_h64_h128/strict_seed_train_rate_uniform_L16_T16/fc3_h8/weight_decay/seed_43/noise_sweep_matrix_mnist_fc3_h8_T16_mode_rate_uniform_schedule_normal_seed_43.csv
fc3_h8,8,weight_decay,43,16,16,rate_uniform,0.55,35.4,mnist-checkpoints/fc3_h8_L[16]_strict_seed43_ablation_wd_l16_fc3_h8.pth,noise3_exp/ablation_mne_l2_vs_weight_decay_l16_fc3_h4_h8_h16_h32_h64_h128/strict_seed_train_rate_uniform_L16_T16/fc3_h8/weight_decay/seed_43/noise_sweep_matrix_mnist_fc3_h8_T16_mode_rate_uniform_schedule_normal_seed_43.csv
fc3_h8,8,weight_decay,43,16,16,rate_uniform,0.6,30.83,mnist-checkpoints/fc3_h8_L[16]_strict_seed43_ablation_wd_l16_fc3_h8.pth,noise3_exp/ablation_mne_l2_vs_weight_decay_l16_fc3_h4_h8_h16_h32_h64_h128/strict_seed_train_rate_uniform_L16_T16/fc3_h8/weight_decay/seed_43/noise_sweep_matrix_mnist_fc3_h8_T16_mode_rate_uniform_schedule_normal_seed_43.csv
fc3_h8,8,weight_decay,43,16,16,rate_uniform,0.65,27.8,mnist-checkpoints/fc3_h8_L[16]_strict_seed43_ablation_wd_l16_fc3_h8.pth,noise3_exp/ablation_mne_l2_vs_weight_decay_l16_fc3_h4_h8_h16_h32_h64_h128/strict_seed_train_rate_uniform_L16_T16/fc3_h8/weight_decay/seed_43/noise_sweep_matrix_mnist_fc3_h8_T16_mode_rate_uniform_schedule_normal_seed_43.csv
fc3_h8,8,weight_decay,43,16,16,rate_uniform,0.7,25.63,mnist-checkpoints/fc3_h8_L[16]_strict_seed43_ablation_wd_l16_fc3_h8.pth,noise3_exp/ablation_mne_l2_vs_weight_decay_l16_fc3_h4_h8_h16_h32_h64_h128/strict_seed_train_rate_uniform_L16_T16/fc3_h8/weight_decay/seed_43/noise_sweep_matrix_mnist_fc3_h8_T16_mode_rate_uniform_schedule_normal_seed_43.csv
fc3_h8,8,weight_decay,43,16,16,rate_uniform,0.75,24.02,mnist-checkpoints/fc3_h8_L[16]_strict_seed43_ablation_wd_l16_fc3_h8.pth,noise3_exp/ablation_mne_l2_vs_weight_decay_l16_fc3_h4_h8_h16_h32_h64_h128/strict_seed_train_rate_uniform_L16_T16/fc3_h8/weight_decay/seed_43/noise_sweep_matrix_mnist_fc3_h8_T16_mode_rate_uniform_schedule_normal_seed_43.csv
fc3_h8,8,weight_decay,43,16,16,rate_uniform,0.8,22.58,mnist-checkpoints/fc3_h8_L[16]_strict_seed43_ablation_wd_l16_fc3_h8.pth,noise3_exp/ablation_mne_l2_vs_weight_decay_l16_fc3_h4_h8_h16_h32_h64_h128/strict_seed_train_rate_uniform_L16_T16/fc3_h8/weight_decay/seed_43/noise_sweep_matrix_mnist_fc3_h8_T16_mode_rate_uniform_schedule_normal_seed_43.csv
fc3_h8,8,weight_decay,43,16,16,rate_uniform,0.85,21.05,mnist-checkpoints/fc3_h8_L[16]_strict_seed43_ablation_wd_l16_fc3_h8.pth,noise3_exp/ablation_mne_l2_vs_weight_decay_l16_fc3_h4_h8_h16_h32_h64_h128/strict_seed_train_rate_uniform_L16_T16/fc3_h8/weight_decay/seed_43/noise_sweep_matrix_mnist_fc3_h8_T16_mode_rate_uniform_schedule_normal_seed_43.csv
fc3_h8,8,weight_decay,43,16,16,rate_uniform,0.9,20.0,mnist-checkpoints/fc3_h8_L[16]_strict_seed43_ablation_wd_l16_fc3_h8.pth,noise3_exp/ablation_mne_l2_vs_weight_decay_l16_fc3_h4_h8_h16_h32_h64_h128/strict_seed_train_rate_uniform_L16_T16/fc3_h8/weight_decay/seed_43/noise_sweep_matrix_mnist_fc3_h8_T16_mode_rate_uniform_schedule_normal_seed_43.csv
fc3_h8,8,weight_decay,43,16,16,rate_uniform,0.95,19.18,mnist-checkpoints/fc3_h8_L[16]_strict_seed43_ablation_wd_l16_fc3_h8.pth,noise3_exp/ablation_mne_l2_vs_weight_decay_l16_fc3_h4_h8_h16_h32_h64_h128/strict_seed_train_rate_uniform_L16_T16/fc3_h8/weight_decay/seed_43/noise_sweep_matrix_mnist_fc3_h8_T16_mode_rate_uniform_schedule_normal_seed_43.csv
fc3_h8,8,weight_decay,43,16,16,rate_uniform,1.0,18.09,mnist-checkpoints/fc3_h8_L[16]_strict_seed43_ablation_wd_l16_fc3_h8.pth,noise3_exp/ablation_mne_l2_vs_weight_decay_l16_fc3_h4_h8_h16_h32_h64_h128/strict_seed_train_rate_uniform_L16_T16/fc3_h8/weight_decay/seed_43/noise_sweep_matrix_mnist_fc3_h8_T16_mode_rate_uniform_schedule_normal_seed_43.csv
fc3_h8,8,weight_decay,44,16,16,rate_uniform,0.0,83.21,mnist-checkpoints/fc3_h8_L[16]_strict_seed44_ablation_wd_l16_fc3_h8.pth,noise3_exp/ablation_mne_l2_vs_weight_decay_l16_fc3_h4_h8_h16_h32_h64_h128/strict_seed_train_rate_uniform_L16_T16/fc3_h8/weight_decay/seed_44/noise_sweep_matrix_mnist_fc3_h8_T16_mode_rate_uniform_schedule_normal_seed_44.csv
fc3_h8,8,weight_decay,44,16,16,rate_uniform,0.05,83.16,mnist-checkpoints/fc3_h8_L[16]_strict_seed44_ablation_wd_l16_fc3_h8.pth,noise3_exp/ablation_mne_l2_vs_weight_decay_l16_fc3_h4_h8_h16_h32_h64_h128/strict_seed_train_rate_uniform_L16_T16/fc3_h8/weight_decay/seed_44/noise_sweep_matrix_mnist_fc3_h8_T16_mode_rate_uniform_schedule_normal_seed_44.csv
fc3_h8,8,weight_decay,44,16,16,rate_uniform,0.1,83.01,mnist-checkpoints/fc3_h8_L[16]_strict_seed44_ablation_wd_l16_fc3_h8.pth,noise3_exp/ablation_mne_l2_vs_weight_decay_l16_fc3_h4_h8_h16_h32_h64_h128/strict_seed_train_rate_uniform_L16_T16/fc3_h8/weight_decay/seed_44/noise_sweep_matrix_mnist_fc3_h8_T16_mode_rate_uniform_schedule_normal_seed_44.csv
fc3_h8,8,weight_decay,44,16,16,rate_uniform,0.15,83.24,mnist-checkpoints/fc3_h8_L[16]_strict_seed44_ablation_wd_l16_fc3_h8.pth,noise3_exp/ablation_mne_l2_vs_weight_decay_l16_fc3_h4_h8_h16_h32_h64_h128/strict_seed_train_rate_uniform_L16_T16/fc3_h8/weight_decay/seed_44/noise_sweep_matrix_mnist_fc3_h8_T16_mode_rate_uniform_schedule_normal_seed_44.csv
fc3_h8,8,weight_decay,44,16,16,rate_uniform,0.2,83.0,mnist-checkpoints/fc3_h8_L[16]_strict_seed44_ablation_wd_l16_fc3_h8.pth,noise3_exp/ablation_mne_l2_vs_weight_decay_l16_fc3_h4_h8_h16_h32_h64_h128/strict_seed_train_rate_uniform_L16_T16/fc3_h8/weight_decay/seed_44/noise_sweep_matrix_mnist_fc3_h8_T16_mode_rate_uniform_schedule_normal_seed_44.csv
fc3_h8,8,weight_decay,44,16,16,rate_uniform,0.25,82.36,mnist-checkpoints/fc3_h8_L[16]_strict_seed44_ablation_wd_l16_fc3_h8.pth,noise3_exp/ablation_mne_l2_vs_weight_decay_l16_fc3_h4_h8_h16_h32_h64_h128/strict_seed_train_rate_uniform_L16_T16/fc3_h8/weight_decay/seed_44/noise_sweep_matrix_mnist_fc3_h8_T16_mode_rate_uniform_schedule_normal_seed_44.csv
fc3_h8,8,weight_decay,44,16,16,rate_uniform,0.3,79.56,mnist-checkpoints/fc3_h8_L[16]_strict_seed44_ablation_wd_l16_fc3_h8.pth,noise3_exp/ablation_mne_l2_vs_weight_decay_l16_fc3_h4_h8_h16_h32_h64_h128/strict_seed_train_rate_uniform_L16_T16/fc3_h8/weight_decay/seed_44/noise_sweep_matrix_mnist_fc3_h8_T16_mode_rate_uniform_schedule_normal_seed_44.csv
fc3_h8,8,weight_decay,44,16,16,rate_uniform,0.35,71.84,mnist-checkpoints/fc3_h8_L[16]_strict_seed44_ablation_wd_l16_fc3_h8.pth,noise3_exp/ablation_mne_l2_vs_weight_decay_l16_fc3_h4_h8_h16_h32_h64_h128/strict_seed_train_rate_uniform_L16_T16/fc3_h8/weight_decay/seed_44/noise_sweep_matrix_mnist_fc3_h8_T16_mode_rate_uniform_schedule_normal_seed_44.csv
fc3_h8,8,weight_decay,44,16,16,rate_uniform,0.4,61.01,mnist-checkpoints/fc3_h8_L[16]_strict_seed44_ablation_wd_l16_fc3_h8.pth,noise3_exp/ablation_mne_l2_vs_weight_decay_l16_fc3_h4_h8_h16_h32_h64_h128/strict_seed_train_rate_uniform_L16_T16/fc3_h8/weight_decay/seed_44/noise_sweep_matrix_mnist_fc3_h8_T16_mode_rate_uniform_schedule_normal_seed_44.csv
fc3_h8,8,weight_decay,44,16,16,rate_uniform,0.45,50.54,mnist-checkpoints/fc3_h8_L[16]_strict_seed44_ablation_wd_l16_fc3_h8.pth,noise3_exp/ablation_mne_l2_vs_weight_decay_l16_fc3_h4_h8_h16_h32_h64_h128/strict_seed_train_rate_uniform_L16_T16/fc3_h8/weight_decay/seed_44/noise_sweep_matrix_mnist_fc3_h8_T16_mode_rate_uniform_schedule_normal_seed_44.csv
fc3_h8,8,weight_decay,44,16,16,rate_uniform,0.5,42.22,mnist-checkpoints/fc3_h8_L[16]_strict_seed44_ablation_wd_l16_fc3_h8.pth,noise3_exp/ablation_mne_l2_vs_weight_decay_l16_fc3_h4_h8_h16_h32_h64_h128/strict_seed_train_rate_uniform_L16_T16/fc3_h8/weight_decay/seed_44/noise_sweep_matrix_mnist_fc3_h8_T16_mode_rate_uniform_schedule_normal_seed_44.csv
fc3_h8,8,weight_decay,44,16,16,rate_uniform,0.55,35.07,mnist-checkpoints/fc3_h8_L[16]_strict_seed44_ablation_wd_l16_fc3_h8.pth,noise3_exp/ablation_mne_l2_vs_weight_decay_l16_fc3_h4_h8_h16_h32_h64_h128/strict_seed_train_rate_uniform_L16_T16/fc3_h8/weight_decay/seed_44/noise_sweep_matrix_mnist_fc3_h8_T16_mode_rate_uniform_schedule_normal_seed_44.csv
fc3_h8,8,weight_decay,44,16,16,rate_uniform,0.6,31.17,mnist-checkpoints/fc3_h8_L[16]_strict_seed44_ablation_wd_l16_fc3_h8.pth,noise3_exp/ablation_mne_l2_vs_weight_decay_l16_fc3_h4_h8_h16_h32_h64_h128/strict_seed_train_rate_uniform_L16_T16/fc3_h8/weight_decay/seed_44/noise_sweep_matrix_mnist_fc3_h8_T16_mode_rate_uniform_schedule_normal_seed_44.csv
fc3_h8,8,weight_decay,44,16,16,rate_uniform,0.65,28.24,mnist-checkpoints/fc3_h8_L[16]_strict_seed44_ablation_wd_l16_fc3_h8.pth,noise3_exp/ablation_mne_l2_vs_weight_decay_l16_fc3_h4_h8_h16_h32_h64_h128/strict_seed_train_rate_uniform_L16_T16/fc3_h8/weight_decay/seed_44/noise_sweep_matrix_mnist_fc3_h8_T16_mode_rate_uniform_schedule_normal_seed_44.csv
fc3_h8,8,weight_decay,44,16,16,rate_uniform,0.7,25.64,mnist-checkpoints/fc3_h8_L[16]_strict_seed44_ablation_wd_l16_fc3_h8.pth,noise3_exp/ablation_mne_l2_vs_weight_decay_l16_fc3_h4_h8_h16_h32_h64_h128/strict_seed_train_rate_uniform_L16_T16/fc3_h8/weight_decay/seed_44/noise_sweep_matrix_mnist_fc3_h8_T16_mode_rate_uniform_schedule_normal_seed_44.csv
fc3_h8,8,weight_decay,44,16,16,rate_uniform,0.75,24.6,mnist-checkpoints/fc3_h8_L[16]_strict_seed44_ablation_wd_l16_fc3_h8.pth,noise3_exp/ablation_mne_l2_vs_weight_decay_l16_fc3_h4_h8_h16_h32_h64_h128/strict_seed_train_rate_uniform_L16_T16/fc3_h8/weight_decay/seed_44/noise_sweep_matrix_mnist_fc3_h8_T16_mode_rate_uniform_schedule_normal_seed_44.csv
fc3_h8,8,weight_decay,44,16,16,rate_uniform,0.8,23.04,mnist-checkpoints/fc3_h8_L[16]_strict_seed44_ablation_wd_l16_fc3_h8.pth,noise3_exp/ablation_mne_l2_vs_weight_decay_l16_fc3_h4_h8_h16_h32_h64_h128/strict_seed_train_rate_uniform_L16_T16/fc3_h8/weight_decay/seed_44/noise_sweep_matrix_mnist_fc3_h8_T16_mode_rate_uniform_schedule_normal_seed_44.csv
fc3_h8,8,weight_decay,44,16,16,rate_uniform,0.85,21.86,mnist-checkpoints/fc3_h8_L[16]_strict_seed44_ablation_wd_l16_fc3_h8.pth,noise3_exp/ablation_mne_l2_vs_weight_decay_l16_fc3_h4_h8_h16_h32_h64_h128/strict_seed_train_rate_uniform_L16_T16/fc3_h8/weight_decay/seed_44/noise_sweep_matrix_mnist_fc3_h8_T16_mode_rate_uniform_schedule_normal_seed_44.csv
fc3_h8,8,weight_decay,44,16,16,rate_uniform,0.9,21.38,mnist-checkpoints/fc3_h8_L[16]_strict_seed44_ablation_wd_l16_fc3_h8.pth,noise3_exp/ablation_mne_l2_vs_weight_decay_l16_fc3_h4_h8_h16_h32_h64_h128/strict_seed_train_rate_uniform_L16_T16/fc3_h8/weight_decay/seed_44/noise_sweep_matrix_mnist_fc3_h8_T16_mode_rate_uniform_schedule_normal_seed_44.csv
fc3_h8,8,weight_decay,44,16,16,rate_uniform,0.95,20.42,mnist-checkpoints/fc3_h8_L[16]_strict_seed44_ablation_wd_l16_fc3_h8.pth,noise3_exp/ablation_mne_l2_vs_weight_decay_l16_fc3_h4_h8_h16_h32_h64_h128/strict_seed_train_rate_uniform_L16_T16/fc3_h8/weight_decay/seed_44/noise_sweep_matrix_mnist_fc3_h8_T16_mode_rate_uniform_schedule_normal_seed_44.csv
fc3_h8,8,weight_decay,44,16,16,rate_uniform,1.0,19.59,mnist-checkpoints/fc3_h8_L[16]_strict_seed44_ablation_wd_l16_fc3_h8.pth,noise3_exp/ablation_mne_l2_vs_weight_decay_l16_fc3_h4_h8_h16_h32_h64_h128/strict_seed_train_rate_uniform_L16_T16/fc3_h8/weight_decay/seed_44/noise_sweep_matrix_mnist_fc3_h8_T16_mode_rate_uniform_schedule_normal_seed_44.csv
fc3_h8,8,no_regularization,40,16,16,rate_uniform,0.0,92.49,mnist-checkpoints/fc3_h8_L[16]_strict_seed40_ablation_none_l16_fc3_h8.pth,noise3_exp/ablation_mne_l2_vs_weight_decay_l16_fc3_h4_h8_h16_h32_h64_h128/strict_seed_train_rate_uniform_L16_T16/fc3_h8/no_regularization/seed_40/noise_sweep_matrix_mnist_fc3_h8_T16_mode_rate_uniform_schedule_normal_seed_40.csv
fc3_h8,8,no_regularization,40,16,16,rate_uniform,0.05,92.39,mnist-checkpoints/fc3_h8_L[16]_strict_seed40_ablation_none_l16_fc3_h8.pth,noise3_exp/ablation_mne_l2_vs_weight_decay_l16_fc3_h4_h8_h16_h32_h64_h128/strict_seed_train_rate_uniform_L16_T16/fc3_h8/no_regularization/seed_40/noise_sweep_matrix_mnist_fc3_h8_T16_mode_rate_uniform_schedule_normal_seed_40.csv
fc3_h8,8,no_regularization,40,16,16,rate_uniform,0.1,92.31,mnist-checkpoints/fc3_h8_L[16]_strict_seed40_ablation_none_l16_fc3_h8.pth,noise3_exp/ablation_mne_l2_vs_weight_decay_l16_fc3_h4_h8_h16_h32_h64_h128/strict_seed_train_rate_uniform_L16_T16/fc3_h8/no_regularization/seed_40/noise_sweep_matrix_mnist_fc3_h8_T16_mode_rate_uniform_schedule_normal_seed_40.csv
fc3_h8,8,no_regularization,40,16,16,rate_uniform,0.15,92.36,mnist-checkpoints/fc3_h8_L[16]_strict_seed40_ablation_none_l16_fc3_h8.pth,noise3_exp/ablation_mne_l2_vs_weight_decay_l16_fc3_h4_h8_h16_h32_h64_h128/strict_seed_train_rate_uniform_L16_T16/fc3_h8/no_regularization/seed_40/noise_sweep_matrix_mnist_fc3_h8_T16_mode_rate_uniform_schedule_normal_seed_40.csv
fc3_h8,8,no_regularization,40,16,16,rate_uniform,0.2,92.03,mnist-checkpoints/fc3_h8_L[16]_strict_seed40_ablation_none_l16_fc3_h8.pth,noise3_exp/ablation_mne_l2_vs_weight_decay_l16_fc3_h4_h8_h16_h32_h64_h128/strict_seed_train_rate_uniform_L16_T16/fc3_h8/no_regularization/seed_40/noise_sweep_matrix_mnist_fc3_h8_T16_mode_rate_uniform_schedule_normal_seed_40.csv
fc3_h8,8,no_regularization,40,16,16,rate_uniform,0.25,91.68,mnist-checkpoints/fc3_h8_L[16]_strict_seed40_ablation_none_l16_fc3_h8.pth,noise3_exp/ablation_mne_l2_vs_weight_decay_l16_fc3_h4_h8_h16_h32_h64_h128/strict_seed_train_rate_uniform_L16_T16/fc3_h8/no_regularization/seed_40/noise_sweep_matrix_mnist_fc3_h8_T16_mode_rate_uniform_schedule_normal_seed_40.csv
fc3_h8,8,no_regularization,40,16,16,rate_uniform,0.3,90.25,mnist-checkpoints/fc3_h8_L[16]_strict_seed40_ablation_none_l16_fc3_h8.pth,noise3_exp/ablation_mne_l2_vs_weight_decay_l16_fc3_h4_h8_h16_h32_h64_h128/strict_seed_train_rate_uniform_L16_T16/fc3_h8/no_regularization/seed_40/noise_sweep_matrix_mnist_fc3_h8_T16_mode_rate_uniform_schedule_normal_seed_40.csv
fc3_h8,8,no_regularization,40,16,16,rate_uniform,0.35,87.27,mnist-checkpoints/fc3_h8_L[16]_strict_seed40_ablation_none_l16_fc3_h8.pth,noise3_exp/ablation_mne_l2_vs_weight_decay_l16_fc3_h4_h8_h16_h32_h64_h128/strict_seed_train_rate_uniform_L16_T16/fc3_h8/no_regularization/seed_40/noise_sweep_matrix_mnist_fc3_h8_T16_mode_rate_uniform_schedule_normal_seed_40.csv
fc3_h8,8,no_regularization,40,16,16,rate_uniform,0.4,81.59,mnist-checkpoints/fc3_h8_L[16]_strict_seed40_ablation_none_l16_fc3_h8.pth,noise3_exp/ablation_mne_l2_vs_weight_decay_l16_fc3_h4_h8_h16_h32_h64_h128/strict_seed_train_rate_uniform_L16_T16/fc3_h8/no_regularization/seed_40/noise_sweep_matrix_mnist_fc3_h8_T16_mode_rate_uniform_schedule_normal_seed_40.csv
fc3_h8,8,no_regularization,40,16,16,rate_uniform,0.45,73.06,mnist-checkpoints/fc3_h8_L[16]_strict_seed40_ablation_none_l16_fc3_h8.pth,noise3_exp/ablation_mne_l2_vs_weight_decay_l16_fc3_h4_h8_h16_h32_h64_h128/strict_seed_train_rate_uniform_L16_T16/fc3_h8/no_regularization/seed_40/noise_sweep_matrix_mnist_fc3_h8_T16_mode_rate_uniform_schedule_normal_seed_40.csv
fc3_h8,8,no_regularization,40,16,16,rate_uniform,0.5,63.09,mnist-checkpoints/fc3_h8_L[16]_strict_seed40_ablation_none_l16_fc3_h8.pth,noise3_exp/ablation_mne_l2_vs_weight_decay_l16_fc3_h4_h8_h16_h32_h64_h128/strict_seed_train_rate_uniform_L16_T16/fc3_h8/no_regularization/seed_40/noise_sweep_matrix_mnist_fc3_h8_T16_mode_rate_uniform_schedule_normal_seed_40.csv
fc3_h8,8,no_regularization,40,16,16,rate_uniform,0.55,55.3,mnist-checkpoints/fc3_h8_L[16]_strict_seed40_ablation_none_l16_fc3_h8.pth,noise3_exp/ablation_mne_l2_vs_weight_decay_l16_fc3_h4_h8_h16_h32_h64_h128/strict_seed_train_rate_uniform_L16_T16/fc3_h8/no_regularization/seed_40/noise_sweep_matrix_mnist_fc3_h8_T16_mode_rate_uniform_schedule_normal_seed_40.csv
fc3_h8,8,no_regularization,40,16,16,rate_uniform,0.6,48.1,mnist-checkpoints/fc3_h8_L[16]_strict_seed40_ablation_none_l16_fc3_h8.pth,noise3_exp/ablation_mne_l2_vs_weight_decay_l16_fc3_h4_h8_h16_h32_h64_h128/strict_seed_train_rate_uniform_L16_T16/fc3_h8/no_regularization/seed_40/noise_sweep_matrix_mnist_fc3_h8_T16_mode_rate_uniform_schedule_normal_seed_40.csv
fc3_h8,8,no_regularization,40,16,16,rate_uniform,0.65,41.76,mnist-checkpoints/fc3_h8_L[16]_strict_seed40_ablation_none_l16_fc3_h8.pth,noise3_exp/ablation_mne_l2_vs_weight_decay_l16_fc3_h4_h8_h16_h32_h64_h128/strict_seed_train_rate_uniform_L16_T16/fc3_h8/no_regularization/seed_40/noise_sweep_matrix_mnist_fc3_h8_T16_mode_rate_uniform_schedule_normal_seed_40.csv
fc3_h8,8,no_regularization,40,16,16,rate_uniform,0.7,37.4,mnist-checkpoints/fc3_h8_L[16]_strict_seed40_ablation_none_l16_fc3_h8.pth,noise3_exp/ablation_mne_l2_vs_weight_decay_l16_fc3_h4_h8_h16_h32_h64_h128/strict_seed_train_rate_uniform_L16_T16/fc3_h8/no_regularization/seed_40/noise_sweep_matrix_mnist_fc3_h8_T16_mode_rate_uniform_schedule_normal_seed_40.csv
fc3_h8,8,no_regularization,40,16,16,rate_uniform,0.75,33.08,mnist-checkpoints/fc3_h8_L[16]_strict_seed40_ablation_none_l16_fc3_h8.pth,noise3_exp/ablation_mne_l2_vs_weight_decay_l16_fc3_h4_h8_h16_h32_h64_h128/strict_seed_train_rate_uniform_L16_T16/fc3_h8/no_regularization/seed_40/noise_sweep_matrix_mnist_fc3_h8_T16_mode_rate_uniform_schedule_normal_seed_40.csv
fc3_h8,8,no_regularization,40,16,16,rate_uniform,0.8,30.03,mnist-checkpoints/fc3_h8_L[16]_strict_seed40_ablation_none_l16_fc3_h8.pth,noise3_exp/ablation_mne_l2_vs_weight_decay_l16_fc3_h4_h8_h16_h32_h64_h128/strict_seed_train_rate_uniform_L16_T16/fc3_h8/no_regularization/seed_40/noise_sweep_matrix_mnist_fc3_h8_T16_mode_rate_uniform_schedule_normal_seed_40.csv
fc3_h8,8,no_regularization,40,16,16,rate_uniform,0.85,27.77,mnist-checkpoints/fc3_h8_L[16]_strict_seed40_ablation_none_l16_fc3_h8.pth,noise3_exp/ablation_mne_l2_vs_weight_decay_l16_fc3_h4_h8_h16_h32_h64_h128/strict_seed_train_rate_uniform_L16_T16/fc3_h8/no_regularization/seed_40/noise_sweep_matrix_mnist_fc3_h8_T16_mode_rate_uniform_schedule_normal_seed_40.csv
fc3_h8,8,no_regularization,40,16,16,rate_uniform,0.9,26.41,mnist-checkpoints/fc3_h8_L[16]_strict_seed40_ablation_none_l16_fc3_h8.pth,noise3_exp/ablation_mne_l2_vs_weight_decay_l16_fc3_h4_h8_h16_h32_h64_h128/strict_seed_train_rate_uniform_L16_T16/fc3_h8/no_regularization/seed_40/noise_sweep_matrix_mnist_fc3_h8_T16_mode_rate_uniform_schedule_normal_seed_40.csv
fc3_h8,8,no_regularization,40,16,16,rate_uniform,0.95,24.73,mnist-checkpoints/fc3_h8_L[16]_strict_seed40_ablation_none_l16_fc3_h8.pth,noise3_exp/ablation_mne_l2_vs_weight_decay_l16_fc3_h4_h8_h16_h32_h64_h128/strict_seed_train_rate_uniform_L16_T16/fc3_h8/no_regularization/seed_40/noise_sweep_matrix_mnist_fc3_h8_T16_mode_rate_uniform_schedule_normal_seed_40.csv
fc3_h8,8,no_regularization,40,16,16,rate_uniform,1.0,23.39,mnist-checkpoints/fc3_h8_L[16]_strict_seed40_ablation_none_l16_fc3_h8.pth,noise3_exp/ablation_mne_l2_vs_weight_decay_l16_fc3_h4_h8_h16_h32_h64_h128/strict_seed_train_rate_uniform_L16_T16/fc3_h8/no_regularization/seed_40/noise_sweep_matrix_mnist_fc3_h8_T16_mode_rate_uniform_schedule_normal_seed_40.csv
fc3_h8,8,no_regularization,41,16,16,rate_uniform,0.0,46.0,mnist-checkpoints/fc3_h8_L[16]_strict_seed41_ablation_none_l16_fc3_h8.pth,noise3_exp/ablation_mne_l2_vs_weight_decay_l16_fc3_h4_h8_h16_h32_h64_h128/strict_seed_train_rate_uniform_L16_T16/fc3_h8/no_regularization/seed_41/noise_sweep_matrix_mnist_fc3_h8_T16_mode_rate_uniform_schedule_normal_seed_41.csv
fc3_h8,8,no_regularization,41,16,16,rate_uniform,0.05,46.04,mnist-checkpoints/fc3_h8_L[16]_strict_seed41_ablation_none_l16_fc3_h8.pth,noise3_exp/ablation_mne_l2_vs_weight_decay_l16_fc3_h4_h8_h16_h32_h64_h128/strict_seed_train_rate_uniform_L16_T16/fc3_h8/no_regularization/seed_41/noise_sweep_matrix_mnist_fc3_h8_T16_mode_rate_uniform_schedule_normal_seed_41.csv
fc3_h8,8,no_regularization,41,16,16,rate_uniform,0.1,45.65,mnist-checkpoints/fc3_h8_L[16]_strict_seed41_ablation_none_l16_fc3_h8.pth,noise3_exp/ablation_mne_l2_vs_weight_decay_l16_fc3_h4_h8_h16_h32_h64_h128/strict_seed_train_rate_uniform_L16_T16/fc3_h8/no_regularization/seed_41/noise_sweep_matrix_mnist_fc3_h8_T16_mode_rate_uniform_schedule_normal_seed_41.csv
fc3_h8,8,no_regularization,41,16,16,rate_uniform,0.15,45.55,mnist-checkpoints/fc3_h8_L[16]_strict_seed41_ablation_none_l16_fc3_h8.pth,noise3_exp/ablation_mne_l2_vs_weight_decay_l16_fc3_h4_h8_h16_h32_h64_h128/strict_seed_train_rate_uniform_L16_T16/fc3_h8/no_regularization/seed_41/noise_sweep_matrix_mnist_fc3_h8_T16_mode_rate_uniform_schedule_normal_seed_41.csv
fc3_h8,8,no_regularization,41,16,16,rate_uniform,0.2,45.11,mnist-checkpoints/fc3_h8_L[16]_strict_seed41_ablation_none_l16_fc3_h8.pth,noise3_exp/ablation_mne_l2_vs_weight_decay_l16_fc3_h4_h8_h16_h32_h64_h128/strict_seed_train_rate_uniform_L16_T16/fc3_h8/no_regularization/seed_41/noise_sweep_matrix_mnist_fc3_h8_T16_mode_rate_uniform_schedule_normal_seed_41.csv
fc3_h8,8,no_regularization,41,16,16,rate_uniform,0.25,41.13,mnist-checkpoints/fc3_h8_L[16]_strict_seed41_ablation_none_l16_fc3_h8.pth,noise3_exp/ablation_mne_l2_vs_weight_decay_l16_fc3_h4_h8_h16_h32_h64_h128/strict_seed_train_rate_uniform_L16_T16/fc3_h8/no_regularization/seed_41/noise_sweep_matrix_mnist_fc3_h8_T16_mode_rate_uniform_schedule_normal_seed_41.csv
fc3_h8,8,no_regularization,41,16,16,rate_uniform,0.3,35.42,mnist-checkpoints/fc3_h8_L[16]_strict_seed41_ablation_none_l16_fc3_h8.pth,noise3_exp/ablation_mne_l2_vs_weight_decay_l16_fc3_h4_h8_h16_h32_h64_h128/strict_seed_train_rate_uniform_L16_T16/fc3_h8/no_regularization/seed_41/noise_sweep_matrix_mnist_fc3_h8_T16_mode_rate_uniform_schedule_normal_seed_41.csv
fc3_h8,8,no_regularization,41,16,16,rate_uniform,0.35,29.88,mnist-checkpoints/fc3_h8_L[16]_strict_seed41_ablation_none_l16_fc3_h8.pth,noise3_exp/ablation_mne_l2_vs_weight_decay_l16_fc3_h4_h8_h16_h32_h64_h128/strict_seed_train_rate_uniform_L16_T16/fc3_h8/no_regularization/seed_41/noise_sweep_matrix_mnist_fc3_h8_T16_mode_rate_uniform_schedule_normal_seed_41.csv
fc3_h8,8,no_regularization,41,16,16,rate_uniform,0.4,25.53,mnist-checkpoints/fc3_h8_L[16]_strict_seed41_ablation_none_l16_fc3_h8.pth,noise3_exp/ablation_mne_l2_vs_weight_decay_l16_fc3_h4_h8_h16_h32_h64_h128/strict_seed_train_rate_uniform_L16_T16/fc3_h8/no_regularization/seed_41/noise_sweep_matrix_mnist_fc3_h8_T16_mode_rate_uniform_schedule_normal_seed_41.csv
fc3_h8,8,no_regularization,41,16,16,rate_uniform,0.45,22.14,mnist-checkpoints/fc3_h8_L[16]_strict_seed41_ablation_none_l16_fc3_h8.pth,noise3_exp/ablation_mne_l2_vs_weight_decay_l16_fc3_h4_h8_h16_h32_h64_h128/strict_seed_train_rate_uniform_L16_T16/fc3_h8/no_regularization/seed_41/noise_sweep_matrix_mnist_fc3_h8_T16_mode_rate_uniform_schedule_normal_seed_41.csv
fc3_h8,8,no_regularization,41,16,16,rate_uniform,0.5,20.15,mnist-checkpoints/fc3_h8_L[16]_strict_seed41_ablation_none_l16_fc3_h8.pth,noise3_exp/ablation_mne_l2_vs_weight_decay_l16_fc3_h4_h8_h16_h32_h64_h128/strict_seed_train_rate_uniform_L16_T16/fc3_h8/no_regularization/seed_41/noise_sweep_matrix_mnist_fc3_h8_T16_mode_rate_uniform_schedule_normal_seed_41.csv
fc3_h8,8,no_regularization,41,16,16,rate_uniform,0.55,18.07,mnist-checkpoints/fc3_h8_L[16]_strict_seed41_ablation_none_l16_fc3_h8.pth,noise3_exp/ablation_mne_l2_vs_weight_decay_l16_fc3_h4_h8_h16_h32_h64_h128/strict_seed_train_rate_uniform_L16_T16/fc3_h8/no_regularization/seed_41/noise_sweep_matrix_mnist_fc3_h8_T16_mode_rate_uniform_schedule_normal_seed_41.csv
fc3_h8,8,no_regularization,41,16,16,rate_uniform,0.6,16.62,mnist-checkpoints/fc3_h8_L[16]_strict_seed41_ablation_none_l16_fc3_h8.pth,noise3_exp/ablation_mne_l2_vs_weight_decay_l16_fc3_h4_h8_h16_h32_h64_h128/strict_seed_train_rate_uniform_L16_T16/fc3_h8/no_regularization/seed_41/noise_sweep_matrix_mnist_fc3_h8_T16_mode_rate_uniform_schedule_normal_seed_41.csv
fc3_h8,8,no_regularization,41,16,16,rate_uniform,0.65,15.51,mnist-checkpoints/fc3_h8_L[16]_strict_seed41_ablation_none_l16_fc3_h8.pth,noise3_exp/ablation_mne_l2_vs_weight_decay_l16_fc3_h4_h8_h16_h32_h64_h128/strict_seed_train_rate_uniform_L16_T16/fc3_h8/no_regularization/seed_41/noise_sweep_matrix_mnist_fc3_h8_T16_mode_rate_uniform_schedule_normal_seed_41.csv
fc3_h8,8,no_regularization,41,16,16,rate_uniform,0.7,14.74,mnist-checkpoints/fc3_h8_L[16]_strict_seed41_ablation_none_l16_fc3_h8.pth,noise3_exp/ablation_mne_l2_vs_weight_decay_l16_fc3_h4_h8_h16_h32_h64_h128/strict_seed_train_rate_uniform_L16_T16/fc3_h8/no_regularization/seed_41/noise_sweep_matrix_mnist_fc3_h8_T16_mode_rate_uniform_schedule_normal_seed_41.csv
fc3_h8,8,no_regularization,41,16,16,rate_uniform,0.75,13.95,mnist-checkpoints/fc3_h8_L[16]_strict_seed41_ablation_none_l16_fc3_h8.pth,noise3_exp/ablation_mne_l2_vs_weight_decay_l16_fc3_h4_h8_h16_h32_h64_h128/strict_seed_train_rate_uniform_L16_T16/fc3_h8/no_regularization/seed_41/noise_sweep_matrix_mnist_fc3_h8_T16_mode_rate_uniform_schedule_normal_seed_41.csv
fc3_h8,8,no_regularization,41,16,16,rate_uniform,0.8,13.46,mnist-checkpoints/fc3_h8_L[16]_strict_seed41_ablation_none_l16_fc3_h8.pth,noise3_exp/ablation_mne_l2_vs_weight_decay_l16_fc3_h4_h8_h16_h32_h64_h128/strict_seed_train_rate_uniform_L16_T16/fc3_h8/no_regularization/seed_41/noise_sweep_matrix_mnist_fc3_h8_T16_mode_rate_uniform_schedule_normal_seed_41.csv
fc3_h8,8,no_regularization,41,16,16,rate_uniform,0.85,13.43,mnist-checkpoints/fc3_h8_L[16]_strict_seed41_ablation_none_l16_fc3_h8.pth,noise3_exp/ablation_mne_l2_vs_weight_decay_l16_fc3_h4_h8_h16_h32_h64_h128/strict_seed_train_rate_uniform_L16_T16/fc3_h8/no_regularization/seed_41/noise_sweep_matrix_mnist_fc3_h8_T16_mode_rate_uniform_schedule_normal_seed_41.csv
fc3_h8,8,no_regularization,41,16,16,rate_uniform,0.9,12.92,mnist-checkpoints/fc3_h8_L[16]_strict_seed41_ablation_none_l16_fc3_h8.pth,noise3_exp/ablation_mne_l2_vs_weight_decay_l16_fc3_h4_h8_h16_h32_h64_h128/strict_seed_train_rate_uniform_L16_T16/fc3_h8/no_regularization/seed_41/noise_sweep_matrix_mnist_fc3_h8_T16_mode_rate_uniform_schedule_normal_seed_41.csv
fc3_h8,8,no_regularization,41,16,16,rate_uniform,0.95,12.84,mnist-checkpoints/fc3_h8_L[16]_strict_seed41_ablation_none_l16_fc3_h8.pth,noise3_exp/ablation_mne_l2_vs_weight_decay_l16_fc3_h4_h8_h16_h32_h64_h128/strict_seed_train_rate_uniform_L16_T16/fc3_h8/no_regularization/seed_41/noise_sweep_matrix_mnist_fc3_h8_T16_mode_rate_uniform_schedule_normal_seed_41.csv
fc3_h8,8,no_regularization,41,16,16,rate_uniform,1.0,12.27,mnist-checkpoints/fc3_h8_L[16]_strict_seed41_ablation_none_l16_fc3_h8.pth,noise3_exp/ablation_mne_l2_vs_weight_decay_l16_fc3_h4_h8_h16_h32_h64_h128/strict_seed_train_rate_uniform_L16_T16/fc3_h8/no_regularization/seed_41/noise_sweep_matrix_mnist_fc3_h8_T16_mode_rate_uniform_schedule_normal_seed_41.csv
fc3_h8,8,no_regularization,42,16,16,rate_uniform,0.0,78.07,mnist-checkpoints/fc3_h8_L[16]_strict_seed42_ablation_none_l16_fc3_h8.pth,noise3_exp/ablation_mne_l2_vs_weight_decay_l16_fc3_h4_h8_h16_h32_h64_h128/strict_seed_train_rate_uniform_L16_T16/fc3_h8/no_regularization/seed_42/noise_sweep_matrix_mnist_fc3_h8_T16_mode_rate_uniform_schedule_normal_seed_42.csv
fc3_h8,8,no_regularization,42,16,16,rate_uniform,0.05,77.84,mnist-checkpoints/fc3_h8_L[16]_strict_seed42_ablation_none_l16_fc3_h8.pth,noise3_exp/ablation_mne_l2_vs_weight_decay_l16_fc3_h4_h8_h16_h32_h64_h128/strict_seed_train_rate_uniform_L16_T16/fc3_h8/no_regularization/seed_42/noise_sweep_matrix_mnist_fc3_h8_T16_mode_rate_uniform_schedule_normal_seed_42.csv
fc3_h8,8,no_regularization,42,16,16,rate_uniform,0.1,77.81,mnist-checkpoints/fc3_h8_L[16]_strict_seed42_ablation_none_l16_fc3_h8.pth,noise3_exp/ablation_mne_l2_vs_weight_decay_l16_fc3_h4_h8_h16_h32_h64_h128/strict_seed_train_rate_uniform_L16_T16/fc3_h8/no_regularization/seed_42/noise_sweep_matrix_mnist_fc3_h8_T16_mode_rate_uniform_schedule_normal_seed_42.csv
fc3_h8,8,no_regularization,42,16,16,rate_uniform,0.15,77.58,mnist-checkpoints/fc3_h8_L[16]_strict_seed42_ablation_none_l16_fc3_h8.pth,noise3_exp/ablation_mne_l2_vs_weight_decay_l16_fc3_h4_h8_h16_h32_h64_h128/strict_seed_train_rate_uniform_L16_T16/fc3_h8/no_regularization/seed_42/noise_sweep_matrix_mnist_fc3_h8_T16_mode_rate_uniform_schedule_normal_seed_42.csv
fc3_h8,8,no_regularization,42,16,16,rate_uniform,0.2,76.83,mnist-checkpoints/fc3_h8_L[16]_strict_seed42_ablation_none_l16_fc3_h8.pth,noise3_exp/ablation_mne_l2_vs_weight_decay_l16_fc3_h4_h8_h16_h32_h64_h128/strict_seed_train_rate_uniform_L16_T16/fc3_h8/no_regularization/seed_42/noise_sweep_matrix_mnist_fc3_h8_T16_mode_rate_uniform_schedule_normal_seed_42.csv
fc3_h8,8,no_regularization,42,16,16,rate_uniform,0.25,73.3,mnist-checkpoints/fc3_h8_L[16]_strict_seed42_ablation_none_l16_fc3_h8.pth,noise3_exp/ablation_mne_l2_vs_weight_decay_l16_fc3_h4_h8_h16_h32_h64_h128/strict_seed_train_rate_uniform_L16_T16/fc3_h8/no_regularization/seed_42/noise_sweep_matrix_mnist_fc3_h8_T16_mode_rate_uniform_schedule_normal_seed_42.csv
fc3_h8,8,no_regularization,42,16,16,rate_uniform,0.3,65.83,mnist-checkpoints/fc3_h8_L[16]_strict_seed42_ablation_none_l16_fc3_h8.pth,noise3_exp/ablation_mne_l2_vs_weight_decay_l16_fc3_h4_h8_h16_h32_h64_h128/strict_seed_train_rate_uniform_L16_T16/fc3_h8/no_regularization/seed_42/noise_sweep_matrix_mnist_fc3_h8_T16_mode_rate_uniform_schedule_normal_seed_42.csv
fc3_h8,8,no_regularization,42,16,16,rate_uniform,0.35,57.81,mnist-checkpoints/fc3_h8_L[16]_strict_seed42_ablation_none_l16_fc3_h8.pth,noise3_exp/ablation_mne_l2_vs_weight_decay_l16_fc3_h4_h8_h16_h32_h64_h128/strict_seed_train_rate_uniform_L16_T16/fc3_h8/no_regularization/seed_42/noise_sweep_matrix_mnist_fc3_h8_T16_mode_rate_uniform_schedule_normal_seed_42.csv
fc3_h8,8,no_regularization,42,16,16,rate_uniform,0.4,49.93,mnist-checkpoints/fc3_h8_L[16]_strict_seed42_ablation_none_l16_fc3_h8.pth,noise3_exp/ablation_mne_l2_vs_weight_decay_l16_fc3_h4_h8_h16_h32_h64_h128/strict_seed_train_rate_uniform_L16_T16/fc3_h8/no_regularization/seed_42/noise_sweep_matrix_mnist_fc3_h8_T16_mode_rate_uniform_schedule_normal_seed_42.csv
fc3_h8,8,no_regularization,42,16,16,rate_uniform,0.45,42.71,mnist-checkpoints/fc3_h8_L[16]_strict_seed42_ablation_none_l16_fc3_h8.pth,noise3_exp/ablation_mne_l2_vs_weight_decay_l16_fc3_h4_h8_h16_h32_h64_h128/strict_seed_train_rate_uniform_L16_T16/fc3_h8/no_regularization/seed_42/noise_sweep_matrix_mnist_fc3_h8_T16_mode_rate_uniform_schedule_normal_seed_42.csv
fc3_h8,8,no_regularization,42,16,16,rate_uniform,0.5,37.03,mnist-checkpoints/fc3_h8_L[16]_strict_seed42_ablation_none_l16_fc3_h8.pth,noise3_exp/ablation_mne_l2_vs_weight_decay_l16_fc3_h4_h8_h16_h32_h64_h128/strict_seed_train_rate_uniform_L16_T16/fc3_h8/no_regularization/seed_42/noise_sweep_matrix_mnist_fc3_h8_T16_mode_rate_uniform_schedule_normal_seed_42.csv
fc3_h8,8,no_regularization,42,16,16,rate_uniform,0.55,33.56,mnist-checkpoints/fc3_h8_L[16]_strict_seed42_ablation_none_l16_fc3_h8.pth,noise3_exp/ablation_mne_l2_vs_weight_decay_l16_fc3_h4_h8_h16_h32_h64_h128/strict_seed_train_rate_uniform_L16_T16/fc3_h8/no_regularization/seed_42/noise_sweep_matrix_mnist_fc3_h8_T16_mode_rate_uniform_schedule_normal_seed_42.csv
fc3_h8,8,no_regularization,42,16,16,rate_uniform,0.6,29.39,mnist-checkpoints/fc3_h8_L[16]_strict_seed42_ablation_none_l16_fc3_h8.pth,noise3_exp/ablation_mne_l2_vs_weight_decay_l16_fc3_h4_h8_h16_h32_h64_h128/strict_seed_train_rate_uniform_L16_T16/fc3_h8/no_regularization/seed_42/noise_sweep_matrix_mnist_fc3_h8_T16_mode_rate_uniform_schedule_normal_seed_42.csv
fc3_h8,8,no_regularization,42,16,16,rate_uniform,0.65,27.09,mnist-checkpoints/fc3_h8_L[16]_strict_seed42_ablation_none_l16_fc3_h8.pth,noise3_exp/ablation_mne_l2_vs_weight_decay_l16_fc3_h4_h8_h16_h32_h64_h128/strict_seed_train_rate_uniform_L16_T16/fc3_h8/no_regularization/seed_42/noise_sweep_matrix_mnist_fc3_h8_T16_mode_rate_uniform_schedule_normal_seed_42.csv
fc3_h8,8,no_regularization,42,16,16,rate_uniform,0.7,24.77,mnist-checkpoints/fc3_h8_L[16]_strict_seed42_ablation_none_l16_fc3_h8.pth,noise3_exp/ablation_mne_l2_vs_weight_decay_l16_fc3_h4_h8_h16_h32_h64_h128/strict_seed_train_rate_uniform_L16_T16/fc3_h8/no_regularization/seed_42/noise_sweep_matrix_mnist_fc3_h8_T16_mode_rate_uniform_schedule_normal_seed_42.csv
fc3_h8,8,no_regularization,42,16,16,rate_uniform,0.75,22.68,mnist-checkpoints/fc3_h8_L[16]_strict_seed42_ablation_none_l16_fc3_h8.pth,noise3_exp/ablation_mne_l2_vs_weight_decay_l16_fc3_h4_h8_h16_h32_h64_h128/strict_seed_train_rate_uniform_L16_T16/fc3_h8/no_regularization/seed_42/noise_sweep_matrix_mnist_fc3_h8_T16_mode_rate_uniform_schedule_normal_seed_42.csv
fc3_h8,8,no_regularization,42,16,16,rate_uniform,0.8,21.59,mnist-checkpoints/fc3_h8_L[16]_strict_seed42_ablation_none_l16_fc3_h8.pth,noise3_exp/ablation_mne_l2_vs_weight_decay_l16_fc3_h4_h8_h16_h32_h64_h128/strict_seed_train_rate_uniform_L16_T16/fc3_h8/no_regularization/seed_42/noise_sweep_matrix_mnist_fc3_h8_T16_mode_rate_uniform_schedule_normal_seed_42.csv
fc3_h8,8,no_regularization,42,16,16,rate_uniform,0.85,20.34,mnist-checkpoints/fc3_h8_L[16]_strict_seed42_ablation_none_l16_fc3_h8.pth,noise3_exp/ablation_mne_l2_vs_weight_decay_l16_fc3_h4_h8_h16_h32_h64_h128/strict_seed_train_rate_uniform_L16_T16/fc3_h8/no_regularization/seed_42/noise_sweep_matrix_mnist_fc3_h8_T16_mode_rate_uniform_schedule_normal_seed_42.csv
fc3_h8,8,no_regularization,42,16,16,rate_uniform,0.9,18.71,mnist-checkpoints/fc3_h8_L[16]_strict_seed42_ablation_none_l16_fc3_h8.pth,noise3_exp/ablation_mne_l2_vs_weight_decay_l16_fc3_h4_h8_h16_h32_h64_h128/strict_seed_train_rate_uniform_L16_T16/fc3_h8/no_regularization/seed_42/noise_sweep_matrix_mnist_fc3_h8_T16_mode_rate_uniform_schedule_normal_seed_42.csv
fc3_h8,8,no_regularization,42,16,16,rate_uniform,0.95,18.43,mnist-checkpoints/fc3_h8_L[16]_strict_seed42_ablation_none_l16_fc3_h8.pth,noise3_exp/ablation_mne_l2_vs_weight_decay_l16_fc3_h4_h8_h16_h32_h64_h128/strict_seed_train_rate_uniform_L16_T16/fc3_h8/no_regularization/seed_42/noise_sweep_matrix_mnist_fc3_h8_T16_mode_rate_uniform_schedule_normal_seed_42.csv
fc3_h8,8,no_regularization,42,16,16,rate_uniform,1.0,17.6,mnist-checkpoints/fc3_h8_L[16]_strict_seed42_ablation_none_l16_fc3_h8.pth,noise3_exp/ablation_mne_l2_vs_weight_decay_l16_fc3_h4_h8_h16_h32_h64_h128/strict_seed_train_rate_uniform_L16_T16/fc3_h8/no_regularization/seed_42/noise_sweep_matrix_mnist_fc3_h8_T16_mode_rate_uniform_schedule_normal_seed_42.csv
fc3_h8,8,no_regularization,43,16,16,rate_uniform,0.0,73.91,mnist-checkpoints/fc3_h8_L[16]_strict_seed43_ablation_none_l16_fc3_h8.pth,noise3_exp/ablation_mne_l2_vs_weight_decay_l16_fc3_h4_h8_h16_h32_h64_h128/strict_seed_train_rate_uniform_L16_T16/fc3_h8/no_regularization/seed_43/noise_sweep_matrix_mnist_fc3_h8_T16_mode_rate_uniform_schedule_normal_seed_43.csv
fc3_h8,8,no_regularization,43,16,16,rate_uniform,0.05,73.92,mnist-checkpoints/fc3_h8_L[16]_strict_seed43_ablation_none_l16_fc3_h8.pth,noise3_exp/ablation_mne_l2_vs_weight_decay_l16_fc3_h4_h8_h16_h32_h64_h128/strict_seed_train_rate_uniform_L16_T16/fc3_h8/no_regularization/seed_43/noise_sweep_matrix_mnist_fc3_h8_T16_mode_rate_uniform_schedule_normal_seed_43.csv
fc3_h8,8,no_regularization,43,16,16,rate_uniform,0.1,73.61,mnist-checkpoints/fc3_h8_L[16]_strict_seed43_ablation_none_l16_fc3_h8.pth,noise3_exp/ablation_mne_l2_vs_weight_decay_l16_fc3_h4_h8_h16_h32_h64_h128/strict_seed_train_rate_uniform_L16_T16/fc3_h8/no_regularization/seed_43/noise_sweep_matrix_mnist_fc3_h8_T16_mode_rate_uniform_schedule_normal_seed_43.csv
fc3_h8,8,no_regularization,43,16,16,rate_uniform,0.15,73.49,mnist-checkpoints/fc3_h8_L[16]_strict_seed43_ablation_none_l16_fc3_h8.pth,noise3_exp/ablation_mne_l2_vs_weight_decay_l16_fc3_h4_h8_h16_h32_h64_h128/strict_seed_train_rate_uniform_L16_T16/fc3_h8/no_regularization/seed_43/noise_sweep_matrix_mnist_fc3_h8_T16_mode_rate_uniform_schedule_normal_seed_43.csv
fc3_h8,8,no_regularization,43,16,16,rate_uniform,0.2,72.59,mnist-checkpoints/fc3_h8_L[16]_strict_seed43_ablation_none_l16_fc3_h8.pth,noise3_exp/ablation_mne_l2_vs_weight_decay_l16_fc3_h4_h8_h16_h32_h64_h128/strict_seed_train_rate_uniform_L16_T16/fc3_h8/no_regularization/seed_43/noise_sweep_matrix_mnist_fc3_h8_T16_mode_rate_uniform_schedule_normal_seed_43.csv
fc3_h8,8,no_regularization,43,16,16,rate_uniform,0.25,67.99,mnist-checkpoints/fc3_h8_L[16]_strict_seed43_ablation_none_l16_fc3_h8.pth,noise3_exp/ablation_mne_l2_vs_weight_decay_l16_fc3_h4_h8_h16_h32_h64_h128/strict_seed_train_rate_uniform_L16_T16/fc3_h8/no_regularization/seed_43/noise_sweep_matrix_mnist_fc3_h8_T16_mode_rate_uniform_schedule_normal_seed_43.csv
fc3_h8,8,no_regularization,43,16,16,rate_uniform,0.3,58.69,mnist-checkpoints/fc3_h8_L[16]_strict_seed43_ablation_none_l16_fc3_h8.pth,noise3_exp/ablation_mne_l2_vs_weight_decay_l16_fc3_h4_h8_h16_h32_h64_h128/strict_seed_train_rate_uniform_L16_T16/fc3_h8/no_regularization/seed_43/noise_sweep_matrix_mnist_fc3_h8_T16_mode_rate_uniform_schedule_normal_seed_43.csv
fc3_h8,8,no_regularization,43,16,16,rate_uniform,0.35,48.0,mnist-checkpoints/fc3_h8_L[16]_strict_seed43_ablation_none_l16_fc3_h8.pth,noise3_exp/ablation_mne_l2_vs_weight_decay_l16_fc3_h4_h8_h16_h32_h64_h128/strict_seed_train_rate_uniform_L16_T16/fc3_h8/no_regularization/seed_43/noise_sweep_matrix_mnist_fc3_h8_T16_mode_rate_uniform_schedule_normal_seed_43.csv
fc3_h8,8,no_regularization,43,16,16,rate_uniform,0.4,38.34,mnist-checkpoints/fc3_h8_L[16]_strict_seed43_ablation_none_l16_fc3_h8.pth,noise3_exp/ablation_mne_l2_vs_weight_decay_l16_fc3_h4_h8_h16_h32_h64_h128/strict_seed_train_rate_uniform_L16_T16/fc3_h8/no_regularization/seed_43/noise_sweep_matrix_mnist_fc3_h8_T16_mode_rate_uniform_schedule_normal_seed_43.csv
fc3_h8,8,no_regularization,43,16,16,rate_uniform,0.45,30.65,mnist-checkpoints/fc3_h8_L[16]_strict_seed43_ablation_none_l16_fc3_h8.pth,noise3_exp/ablation_mne_l2_vs_weight_decay_l16_fc3_h4_h8_h16_h32_h64_h128/strict_seed_train_rate_uniform_L16_T16/fc3_h8/no_regularization/seed_43/noise_sweep_matrix_mnist_fc3_h8_T16_mode_rate_uniform_schedule_normal_seed_43.csv
fc3_h8,8,no_regularization,43,16,16,rate_uniform,0.5,25.3,mnist-checkpoints/fc3_h8_L[16]_strict_seed43_ablation_none_l16_fc3_h8.pth,noise3_exp/ablation_mne_l2_vs_weight_decay_l16_fc3_h4_h8_h16_h32_h64_h128/strict_seed_train_rate_uniform_L16_T16/fc3_h8/no_regularization/seed_43/noise_sweep_matrix_mnist_fc3_h8_T16_mode_rate_uniform_schedule_normal_seed_43.csv
fc3_h8,8,no_regularization,43,16,16,rate_uniform,0.55,20.97,mnist-checkpoints/fc3_h8_L[16]_strict_seed43_ablation_none_l16_fc3_h8.pth,noise3_exp/ablation_mne_l2_vs_weight_decay_l16_fc3_h4_h8_h16_h32_h64_h128/strict_seed_train_rate_uniform_L16_T16/fc3_h8/no_regularization/seed_43/noise_sweep_matrix_mnist_fc3_h8_T16_mode_rate_uniform_schedule_normal_seed_43.csv
fc3_h8,8,no_regularization,43,16,16,rate_uniform,0.6,18.03,mnist-checkpoints/fc3_h8_L[16]_strict_seed43_ablation_none_l16_fc3_h8.pth,noise3_exp/ablation_mne_l2_vs_weight_decay_l16_fc3_h4_h8_h16_h32_h64_h128/strict_seed_train_rate_uniform_L16_T16/fc3_h8/no_regularization/seed_43/noise_sweep_matrix_mnist_fc3_h8_T16_mode_rate_uniform_schedule_normal_seed_43.csv
fc3_h8,8,no_regularization,43,16,16,rate_uniform,0.65,16.03,mnist-checkpoints/fc3_h8_L[16]_strict_seed43_ablation_none_l16_fc3_h8.pth,noise3_exp/ablation_mne_l2_vs_weight_decay_l16_fc3_h4_h8_h16_h32_h64_h128/strict_seed_train_rate_uniform_L16_T16/fc3_h8/no_regularization/seed_43/noise_sweep_matrix_mnist_fc3_h8_T16_mode_rate_uniform_schedule_normal_seed_43.csv
fc3_h8,8,no_regularization,43,16,16,rate_uniform,0.7,14.42,mnist-checkpoints/fc3_h8_L[16]_strict_seed43_ablation_none_l16_fc3_h8.pth,noise3_exp/ablation_mne_l2_vs_weight_decay_l16_fc3_h4_h8_h16_h32_h64_h128/strict_seed_train_rate_uniform_L16_T16/fc3_h8/no_regularization/seed_43/noise_sweep_matrix_mnist_fc3_h8_T16_mode_rate_uniform_schedule_normal_seed_43.csv
fc3_h8,8,no_regularization,43,16,16,rate_uniform,0.75,12.93,mnist-checkpoints/fc3_h8_L[16]_strict_seed43_ablation_none_l16_fc3_h8.pth,noise3_exp/ablation_mne_l2_vs_weight_decay_l16_fc3_h4_h8_h16_h32_h64_h128/strict_seed_train_rate_uniform_L16_T16/fc3_h8/no_regularization/seed_43/noise_sweep_matrix_mnist_fc3_h8_T16_mode_rate_uniform_schedule_normal_seed_43.csv
fc3_h8,8,no_regularization,43,16,16,rate_uniform,0.8,12.62,mnist-checkpoints/fc3_h8_L[16]_strict_seed43_ablation_none_l16_fc3_h8.pth,noise3_exp/ablation_mne_l2_vs_weight_decay_l16_fc3_h4_h8_h16_h32_h64_h128/strict_seed_train_rate_uniform_L16_T16/fc3_h8/no_regularization/seed_43/noise_sweep_matrix_mnist_fc3_h8_T16_mode_rate_uniform_schedule_normal_seed_43.csv
fc3_h8,8,no_regularization,43,16,16,rate_uniform,0.85,11.85,mnist-checkpoints/fc3_h8_L[16]_strict_seed43_ablation_none_l16_fc3_h8.pth,noise3_exp/ablation_mne_l2_vs_weight_decay_l16_fc3_h4_h8_h16_h32_h64_h128/strict_seed_train_rate_uniform_L16_T16/fc3_h8/no_regularization/seed_43/noise_sweep_matrix_mnist_fc3_h8_T16_mode_rate_uniform_schedule_normal_seed_43.csv
fc3_h8,8,no_regularization,43,16,16,rate_uniform,0.9,11.63,mnist-checkpoints/fc3_h8_L[16]_strict_seed43_ablation_none_l16_fc3_h8.pth,noise3_exp/ablation_mne_l2_vs_weight_decay_l16_fc3_h4_h8_h16_h32_h64_h128/strict_seed_train_rate_uniform_L16_T16/fc3_h8/no_regularization/seed_43/noise_sweep_matrix_mnist_fc3_h8_T16_mode_rate_uniform_schedule_normal_seed_43.csv
fc3_h8,8,no_regularization,43,16,16,rate_uniform,0.95,11.35,mnist-checkpoints/fc3_h8_L[16]_strict_seed43_ablation_none_l16_fc3_h8.pth,noise3_exp/ablation_mne_l2_vs_weight_decay_l16_fc3_h4_h8_h16_h32_h64_h128/strict_seed_train_rate_uniform_L16_T16/fc3_h8/no_regularization/seed_43/noise_sweep_matrix_mnist_fc3_h8_T16_mode_rate_uniform_schedule_normal_seed_43.csv
fc3_h8,8,no_regularization,43,16,16,rate_uniform,1.0,10.97,mnist-checkpoints/fc3_h8_L[16]_strict_seed43_ablation_none_l16_fc3_h8.pth,noise3_exp/ablation_mne_l2_vs_weight_decay_l16_fc3_h4_h8_h16_h32_h64_h128/strict_seed_train_rate_uniform_L16_T16/fc3_h8/no_regularization/seed_43/noise_sweep_matrix_mnist_fc3_h8_T16_mode_rate_uniform_schedule_normal_seed_43.csv
fc3_h8,8,no_regularization,44,16,16,rate_uniform,0.0,51.07,mnist-checkpoints/fc3_h8_L[16]_strict_seed44_ablation_none_l16_fc3_h8.pth,noise3_exp/ablation_mne_l2_vs_weight_decay_l16_fc3_h4_h8_h16_h32_h64_h128/strict_seed_train_rate_uniform_L16_T16/fc3_h8/no_regularization/seed_44/noise_sweep_matrix_mnist_fc3_h8_T16_mode_rate_uniform_schedule_normal_seed_44.csv
fc3_h8,8,no_regularization,44,16,16,rate_uniform,0.05,50.93,mnist-checkpoints/fc3_h8_L[16]_strict_seed44_ablation_none_l16_fc3_h8.pth,noise3_exp/ablation_mne_l2_vs_weight_decay_l16_fc3_h4_h8_h16_h32_h64_h128/strict_seed_train_rate_uniform_L16_T16/fc3_h8/no_regularization/seed_44/noise_sweep_matrix_mnist_fc3_h8_T16_mode_rate_uniform_schedule_normal_seed_44.csv
fc3_h8,8,no_regularization,44,16,16,rate_uniform,0.1,50.99,mnist-checkpoints/fc3_h8_L[16]_strict_seed44_ablation_none_l16_fc3_h8.pth,noise3_exp/ablation_mne_l2_vs_weight_decay_l16_fc3_h4_h8_h16_h32_h64_h128/strict_seed_train_rate_uniform_L16_T16/fc3_h8/no_regularization/seed_44/noise_sweep_matrix_mnist_fc3_h8_T16_mode_rate_uniform_schedule_normal_seed_44.csv
fc3_h8,8,no_regularization,44,16,16,rate_uniform,0.15,50.47,mnist-checkpoints/fc3_h8_L[16]_strict_seed44_ablation_none_l16_fc3_h8.pth,noise3_exp/ablation_mne_l2_vs_weight_decay_l16_fc3_h4_h8_h16_h32_h64_h128/strict_seed_train_rate_uniform_L16_T16/fc3_h8/no_regularization/seed_44/noise_sweep_matrix_mnist_fc3_h8_T16_mode_rate_uniform_schedule_normal_seed_44.csv
fc3_h8,8,no_regularization,44,16,16,rate_uniform,0.2,49.26,mnist-checkpoints/fc3_h8_L[16]_strict_seed44_ablation_none_l16_fc3_h8.pth,noise3_exp/ablation_mne_l2_vs_weight_decay_l16_fc3_h4_h8_h16_h32_h64_h128/strict_seed_train_rate_uniform_L16_T16/fc3_h8/no_regularization/seed_44/noise_sweep_matrix_mnist_fc3_h8_T16_mode_rate_uniform_schedule_normal_seed_44.csv
fc3_h8,8,no_regularization,44,16,16,rate_uniform,0.25,44.02,mnist-checkpoints/fc3_h8_L[16]_strict_seed44_ablation_none_l16_fc3_h8.pth,noise3_exp/ablation_mne_l2_vs_weight_decay_l16_fc3_h4_h8_h16_h32_h64_h128/strict_seed_train_rate_uniform_L16_T16/fc3_h8/no_regularization/seed_44/noise_sweep_matrix_mnist_fc3_h8_T16_mode_rate_uniform_schedule_normal_seed_44.csv
fc3_h8,8,no_regularization,44,16,16,rate_uniform,0.3,33.36,mnist-checkpoints/fc3_h8_L[16]_strict_seed44_ablation_none_l16_fc3_h8.pth,noise3_exp/ablation_mne_l2_vs_weight_decay_l16_fc3_h4_h8_h16_h32_h64_h128/strict_seed_train_rate_uniform_L16_T16/fc3_h8/no_regularization/seed_44/noise_sweep_matrix_mnist_fc3_h8_T16_mode_rate_uniform_schedule_normal_seed_44.csv
fc3_h8,8,no_regularization,44,16,16,rate_uniform,0.35,23.91,mnist-checkpoints/fc3_h8_L[16]_strict_seed44_ablation_none_l16_fc3_h8.pth,noise3_exp/ablation_mne_l2_vs_weight_decay_l16_fc3_h4_h8_h16_h32_h64_h128/strict_seed_train_rate_uniform_L16_T16/fc3_h8/no_regularization/seed_44/noise_sweep_matrix_mnist_fc3_h8_T16_mode_rate_uniform_schedule_normal_seed_44.csv
fc3_h8,8,no_regularization,44,16,16,rate_uniform,0.4,17.23,mnist-checkpoints/fc3_h8_L[16]_strict_seed44_ablation_none_l16_fc3_h8.pth,noise3_exp/ablation_mne_l2_vs_weight_decay_l16_fc3_h4_h8_h16_h32_h64_h128/strict_seed_train_rate_uniform_L16_T16/fc3_h8/no_regularization/seed_44/noise_sweep_matrix_mnist_fc3_h8_T16_mode_rate_uniform_schedule_normal_seed_44.csv
fc3_h8,8,no_regularization,44,16,16,rate_uniform,0.45,13.62,mnist-checkpoints/fc3_h8_L[16]_strict_seed44_ablation_none_l16_fc3_h8.pth,noise3_exp/ablation_mne_l2_vs_weight_decay_l16_fc3_h4_h8_h16_h32_h64_h128/strict_seed_train_rate_uniform_L16_T16/fc3_h8/no_regularization/seed_44/noise_sweep_matrix_mnist_fc3_h8_T16_mode_rate_uniform_schedule_normal_seed_44.csv
fc3_h8,8,no_regularization,44,16,16,rate_uniform,0.5,11.47,mnist-checkpoints/fc3_h8_L[16]_strict_seed44_ablation_none_l16_fc3_h8.pth,noise3_exp/ablation_mne_l2_vs_weight_decay_l16_fc3_h4_h8_h16_h32_h64_h128/strict_seed_train_rate_uniform_L16_T16/fc3_h8/no_regularization/seed_44/noise_sweep_matrix_mnist_fc3_h8_T16_mode_rate_uniform_schedule_normal_seed_44.csv
fc3_h8,8,no_regularization,44,16,16,rate_uniform,0.55,10.47,mnist-checkpoints/fc3_h8_L[16]_strict_seed44_ablation_none_l16_fc3_h8.pth,noise3_exp/ablation_mne_l2_vs_weight_decay_l16_fc3_h4_h8_h16_h32_h64_h128/strict_seed_train_rate_uniform_L16_T16/fc3_h8/no_regularization/seed_44/noise_sweep_matrix_mnist_fc3_h8_T16_mode_rate_uniform_schedule_normal_seed_44.csv
fc3_h8,8,no_regularization,44,16,16,rate_uniform,0.6,10.03,mnist-checkpoints/fc3_h8_L[16]_strict_seed44_ablation_none_l16_fc3_h8.pth,noise3_exp/ablation_mne_l2_vs_weight_decay_l16_fc3_h4_h8_h16_h32_h64_h128/strict_seed_train_rate_uniform_L16_T16/fc3_h8/no_regularization/seed_44/noise_sweep_matrix_mnist_fc3_h8_T16_mode_rate_uniform_schedule_normal_seed_44.csv
fc3_h8,8,no_regularization,44,16,16,rate_uniform,0.65,9.72,mnist-checkpoints/fc3_h8_L[16]_strict_seed44_ablation_none_l16_fc3_h8.pth,noise3_exp/ablation_mne_l2_vs_weight_decay_l16_fc3_h4_h8_h16_h32_h64_h128/strict_seed_train_rate_uniform_L16_T16/fc3_h8/no_regularization/seed_44/noise_sweep_matrix_mnist_fc3_h8_T16_mode_rate_uniform_schedule_normal_seed_44.csv
fc3_h8,8,no_regularization,44,16,16,rate_uniform,0.7,9.68,mnist-checkpoints/fc3_h8_L[16]_strict_seed44_ablation_none_l16_fc3_h8.pth,noise3_exp/ablation_mne_l2_vs_weight_decay_l16_fc3_h4_h8_h16_h32_h64_h128/strict_seed_train_rate_uniform_L16_T16/fc3_h8/no_regularization/seed_44/noise_sweep_matrix_mnist_fc3_h8_T16_mode_rate_uniform_schedule_normal_seed_44.csv
fc3_h8,8,no_regularization,44,16,16,rate_uniform,0.75,9.67,mnist-checkpoints/fc3_h8_L[16]_strict_seed44_ablation_none_l16_fc3_h8.pth,noise3_exp/ablation_mne_l2_vs_weight_decay_l16_fc3_h4_h8_h16_h32_h64_h128/strict_seed_train_rate_uniform_L16_T16/fc3_h8/no_regularization/seed_44/noise_sweep_matrix_mnist_fc3_h8_T16_mode_rate_uniform_schedule_normal_seed_44.csv
fc3_h8,8,no_regularization,44,16,16,rate_uniform,0.8,9.57,mnist-checkpoints/fc3_h8_L[16]_strict_seed44_ablation_none_l16_fc3_h8.pth,noise3_exp/ablation_mne_l2_vs_weight_decay_l16_fc3_h4_h8_h16_h32_h64_h128/strict_seed_train_rate_uniform_L16_T16/fc3_h8/no_regularization/seed_44/noise_sweep_matrix_mnist_fc3_h8_T16_mode_rate_uniform_schedule_normal_seed_44.csv
fc3_h8,8,no_regularization,44,16,16,rate_uniform,0.85,9.59,mnist-checkpoints/fc3_h8_L[16]_strict_seed44_ablation_none_l16_fc3_h8.pth,noise3_exp/ablation_mne_l2_vs_weight_decay_l16_fc3_h4_h8_h16_h32_h64_h128/strict_seed_train_rate_uniform_L16_T16/fc3_h8/no_regularization/seed_44/noise_sweep_matrix_mnist_fc3_h8_T16_mode_rate_uniform_schedule_normal_seed_44.csv
fc3_h8,8,no_regularization,44,16,16,rate_uniform,0.9,9.62,mnist-checkpoints/fc3_h8_L[16]_strict_seed44_ablation_none_l16_fc3_h8.pth,noise3_exp/ablation_mne_l2_vs_weight_decay_l16_fc3_h4_h8_h16_h32_h64_h128/strict_seed_train_rate_uniform_L16_T16/fc3_h8/no_regularization/seed_44/noise_sweep_matrix_mnist_fc3_h8_T16_mode_rate_uniform_schedule_normal_seed_44.csv
fc3_h8,8,no_regularization,44,16,16,rate_uniform,0.95,9.58,mnist-checkpoints/fc3_h8_L[16]_strict_seed44_ablation_none_l16_fc3_h8.pth,noise3_exp/ablation_mne_l2_vs_weight_decay_l16_fc3_h4_h8_h16_h32_h64_h128/strict_seed_train_rate_uniform_L16_T16/fc3_h8/no_regularization/seed_44/noise_sweep_matrix_mnist_fc3_h8_T16_mode_rate_uniform_schedule_normal_seed_44.csv
fc3_h8,8,no_regularization,44,16,16,rate_uniform,1.0,9.59,mnist-checkpoints/fc3_h8_L[16]_strict_seed44_ablation_none_l16_fc3_h8.pth,noise3_exp/ablation_mne_l2_vs_weight_decay_l16_fc3_h4_h8_h16_h32_h64_h128/strict_seed_train_rate_uniform_L16_T16/fc3_h8/no_regularization/seed_44/noise_sweep_matrix_mnist_fc3_h8_T16_mode_rate_uniform_schedule_normal_seed_44.csv
fc3_h16,16,mne_l2,40,16,16,rate_uniform,0.0,93.06,mnist-checkpoints/fc3_h16_L[16]_strict_seed40_ablation_mne_l2_l16_fc3_h16_rc5em02.pth,noise3_exp/ablation_mne_l2_vs_weight_decay_l16_fc3_h4_h8_h16_h32_h64_h128/strict_seed_train_rate_uniform_L16_T16/fc3_h16/mne_l2/seed_40/noise_sweep_matrix_mnist_fc3_h16_T16_mode_rate_uniform_schedule_normal_seed_40.csv
fc3_h16,16,mne_l2,40,16,16,rate_uniform,0.05,92.89,mnist-checkpoints/fc3_h16_L[16]_strict_seed40_ablation_mne_l2_l16_fc3_h16_rc5em02.pth,noise3_exp/ablation_mne_l2_vs_weight_decay_l16_fc3_h4_h8_h16_h32_h64_h128/strict_seed_train_rate_uniform_L16_T16/fc3_h16/mne_l2/seed_40/noise_sweep_matrix_mnist_fc3_h16_T16_mode_rate_uniform_schedule_normal_seed_40.csv
fc3_h16,16,mne_l2,40,16,16,rate_uniform,0.1,92.9,mnist-checkpoints/fc3_h16_L[16]_strict_seed40_ablation_mne_l2_l16_fc3_h16_rc5em02.pth,noise3_exp/ablation_mne_l2_vs_weight_decay_l16_fc3_h4_h8_h16_h32_h64_h128/strict_seed_train_rate_uniform_L16_T16/fc3_h16/mne_l2/seed_40/noise_sweep_matrix_mnist_fc3_h16_T16_mode_rate_uniform_schedule_normal_seed_40.csv
fc3_h16,16,mne_l2,40,16,16,rate_uniform,0.15,92.94,mnist-checkpoints/fc3_h16_L[16]_strict_seed40_ablation_mne_l2_l16_fc3_h16_rc5em02.pth,noise3_exp/ablation_mne_l2_vs_weight_decay_l16_fc3_h4_h8_h16_h32_h64_h128/strict_seed_train_rate_uniform_L16_T16/fc3_h16/mne_l2/seed_40/noise_sweep_matrix_mnist_fc3_h16_T16_mode_rate_uniform_schedule_normal_seed_40.csv
fc3_h16,16,mne_l2,40,16,16,rate_uniform,0.2,92.76,mnist-checkpoints/fc3_h16_L[16]_strict_seed40_ablation_mne_l2_l16_fc3_h16_rc5em02.pth,noise3_exp/ablation_mne_l2_vs_weight_decay_l16_fc3_h4_h8_h16_h32_h64_h128/strict_seed_train_rate_uniform_L16_T16/fc3_h16/mne_l2/seed_40/noise_sweep_matrix_mnist_fc3_h16_T16_mode_rate_uniform_schedule_normal_seed_40.csv
fc3_h16,16,mne_l2,40,16,16,rate_uniform,0.25,92.84,mnist-checkpoints/fc3_h16_L[16]_strict_seed40_ablation_mne_l2_l16_fc3_h16_rc5em02.pth,noise3_exp/ablation_mne_l2_vs_weight_decay_l16_fc3_h4_h8_h16_h32_h64_h128/strict_seed_train_rate_uniform_L16_T16/fc3_h16/mne_l2/seed_40/noise_sweep_matrix_mnist_fc3_h16_T16_mode_rate_uniform_schedule_normal_seed_40.csv
fc3_h16,16,mne_l2,40,16,16,rate_uniform,0.3,92.88,mnist-checkpoints/fc3_h16_L[16]_strict_seed40_ablation_mne_l2_l16_fc3_h16_rc5em02.pth,noise3_exp/ablation_mne_l2_vs_weight_decay_l16_fc3_h4_h8_h16_h32_h64_h128/strict_seed_train_rate_uniform_L16_T16/fc3_h16/mne_l2/seed_40/noise_sweep_matrix_mnist_fc3_h16_T16_mode_rate_uniform_schedule_normal_seed_40.csv
fc3_h16,16,mne_l2,40,16,16,rate_uniform,0.35,92.93,mnist-checkpoints/fc3_h16_L[16]_strict_seed40_ablation_mne_l2_l16_fc3_h16_rc5em02.pth,noise3_exp/ablation_mne_l2_vs_weight_decay_l16_fc3_h4_h8_h16_h32_h64_h128/strict_seed_train_rate_uniform_L16_T16/fc3_h16/mne_l2/seed_40/noise_sweep_matrix_mnist_fc3_h16_T16_mode_rate_uniform_schedule_normal_seed_40.csv
fc3_h16,16,mne_l2,40,16,16,rate_uniform,0.4,92.48,mnist-checkpoints/fc3_h16_L[16]_strict_seed40_ablation_mne_l2_l16_fc3_h16_rc5em02.pth,noise3_exp/ablation_mne_l2_vs_weight_decay_l16_fc3_h4_h8_h16_h32_h64_h128/strict_seed_train_rate_uniform_L16_T16/fc3_h16/mne_l2/seed_40/noise_sweep_matrix_mnist_fc3_h16_T16_mode_rate_uniform_schedule_normal_seed_40.csv
fc3_h16,16,mne_l2,40,16,16,rate_uniform,0.45,92.32,mnist-checkpoints/fc3_h16_L[16]_strict_seed40_ablation_mne_l2_l16_fc3_h16_rc5em02.pth,noise3_exp/ablation_mne_l2_vs_weight_decay_l16_fc3_h4_h8_h16_h32_h64_h128/strict_seed_train_rate_uniform_L16_T16/fc3_h16/mne_l2/seed_40/noise_sweep_matrix_mnist_fc3_h16_T16_mode_rate_uniform_schedule_normal_seed_40.csv
fc3_h16,16,mne_l2,40,16,16,rate_uniform,0.5,91.83,mnist-checkpoints/fc3_h16_L[16]_strict_seed40_ablation_mne_l2_l16_fc3_h16_rc5em02.pth,noise3_exp/ablation_mne_l2_vs_weight_decay_l16_fc3_h4_h8_h16_h32_h64_h128/strict_seed_train_rate_uniform_L16_T16/fc3_h16/mne_l2/seed_40/noise_sweep_matrix_mnist_fc3_h16_T16_mode_rate_uniform_schedule_normal_seed_40.csv
fc3_h16,16,mne_l2,40,16,16,rate_uniform,0.55,91.56,mnist-checkpoints/fc3_h16_L[16]_strict_seed40_ablation_mne_l2_l16_fc3_h16_rc5em02.pth,noise3_exp/ablation_mne_l2_vs_weight_decay_l16_fc3_h4_h8_h16_h32_h64_h128/strict_seed_train_rate_uniform_L16_T16/fc3_h16/mne_l2/seed_40/noise_sweep_matrix_mnist_fc3_h16_T16_mode_rate_uniform_schedule_normal_seed_40.csv
fc3_h16,16,mne_l2,40,16,16,rate_uniform,0.6,90.66,mnist-checkpoints/fc3_h16_L[16]_strict_seed40_ablation_mne_l2_l16_fc3_h16_rc5em02.pth,noise3_exp/ablation_mne_l2_vs_weight_decay_l16_fc3_h4_h8_h16_h32_h64_h128/strict_seed_train_rate_uniform_L16_T16/fc3_h16/mne_l2/seed_40/noise_sweep_matrix_mnist_fc3_h16_T16_mode_rate_uniform_schedule_normal_seed_40.csv
fc3_h16,16,mne_l2,40,16,16,rate_uniform,0.65,89.87,mnist-checkpoints/fc3_h16_L[16]_strict_seed40_ablation_mne_l2_l16_fc3_h16_rc5em02.pth,noise3_exp/ablation_mne_l2_vs_weight_decay_l16_fc3_h4_h8_h16_h32_h64_h128/strict_seed_train_rate_uniform_L16_T16/fc3_h16/mne_l2/seed_40/noise_sweep_matrix_mnist_fc3_h16_T16_mode_rate_uniform_schedule_normal_seed_40.csv
fc3_h16,16,mne_l2,40,16,16,rate_uniform,0.7,88.63,mnist-checkpoints/fc3_h16_L[16]_strict_seed40_ablation_mne_l2_l16_fc3_h16_rc5em02.pth,noise3_exp/ablation_mne_l2_vs_weight_decay_l16_fc3_h4_h8_h16_h32_h64_h128/strict_seed_train_rate_uniform_L16_T16/fc3_h16/mne_l2/seed_40/noise_sweep_matrix_mnist_fc3_h16_T16_mode_rate_uniform_schedule_normal_seed_40.csv
fc3_h16,16,mne_l2,40,16,16,rate_uniform,0.75,86.89,mnist-checkpoints/fc3_h16_L[16]_strict_seed40_ablation_mne_l2_l16_fc3_h16_rc5em02.pth,noise3_exp/ablation_mne_l2_vs_weight_decay_l16_fc3_h4_h8_h16_h32_h64_h128/strict_seed_train_rate_uniform_L16_T16/fc3_h16/mne_l2/seed_40/noise_sweep_matrix_mnist_fc3_h16_T16_mode_rate_uniform_schedule_normal_seed_40.csv
fc3_h16,16,mne_l2,40,16,16,rate_uniform,0.8,85.1,mnist-checkpoints/fc3_h16_L[16]_strict_seed40_ablation_mne_l2_l16_fc3_h16_rc5em02.pth,noise3_exp/ablation_mne_l2_vs_weight_decay_l16_fc3_h4_h8_h16_h32_h64_h128/strict_seed_train_rate_uniform_L16_T16/fc3_h16/mne_l2/seed_40/noise_sweep_matrix_mnist_fc3_h16_T16_mode_rate_uniform_schedule_normal_seed_40.csv
fc3_h16,16,mne_l2,40,16,16,rate_uniform,0.85,83.25,mnist-checkpoints/fc3_h16_L[16]_strict_seed40_ablation_mne_l2_l16_fc3_h16_rc5em02.pth,noise3_exp/ablation_mne_l2_vs_weight_decay_l16_fc3_h4_h8_h16_h32_h64_h128/strict_seed_train_rate_uniform_L16_T16/fc3_h16/mne_l2/seed_40/noise_sweep_matrix_mnist_fc3_h16_T16_mode_rate_uniform_schedule_normal_seed_40.csv
fc3_h16,16,mne_l2,40,16,16,rate_uniform,0.9,80.95,mnist-checkpoints/fc3_h16_L[16]_strict_seed40_ablation_mne_l2_l16_fc3_h16_rc5em02.pth,noise3_exp/ablation_mne_l2_vs_weight_decay_l16_fc3_h4_h8_h16_h32_h64_h128/strict_seed_train_rate_uniform_L16_T16/fc3_h16/mne_l2/seed_40/noise_sweep_matrix_mnist_fc3_h16_T16_mode_rate_uniform_schedule_normal_seed_40.csv
fc3_h16,16,mne_l2,40,16,16,rate_uniform,0.95,77.79,mnist-checkpoints/fc3_h16_L[16]_strict_seed40_ablation_mne_l2_l16_fc3_h16_rc5em02.pth,noise3_exp/ablation_mne_l2_vs_weight_decay_l16_fc3_h4_h8_h16_h32_h64_h128/strict_seed_train_rate_uniform_L16_T16/fc3_h16/mne_l2/seed_40/noise_sweep_matrix_mnist_fc3_h16_T16_mode_rate_uniform_schedule_normal_seed_40.csv
fc3_h16,16,mne_l2,40,16,16,rate_uniform,1.0,75.19,mnist-checkpoints/fc3_h16_L[16]_strict_seed40_ablation_mne_l2_l16_fc3_h16_rc5em02.pth,noise3_exp/ablation_mne_l2_vs_weight_decay_l16_fc3_h4_h8_h16_h32_h64_h128/strict_seed_train_rate_uniform_L16_T16/fc3_h16/mne_l2/seed_40/noise_sweep_matrix_mnist_fc3_h16_T16_mode_rate_uniform_schedule_normal_seed_40.csv
fc3_h16,16,mne_l2,41,16,16,rate_uniform,0.0,93.86,mnist-checkpoints/fc3_h16_L[16]_strict_seed41_ablation_mne_l2_l16_fc3_h16_rc5em02.pth,noise3_exp/ablation_mne_l2_vs_weight_decay_l16_fc3_h4_h8_h16_h32_h64_h128/strict_seed_train_rate_uniform_L16_T16/fc3_h16/mne_l2/seed_41/noise_sweep_matrix_mnist_fc3_h16_T16_mode_rate_uniform_schedule_normal_seed_41.csv
fc3_h16,16,mne_l2,41,16,16,rate_uniform,0.05,93.72,mnist-checkpoints/fc3_h16_L[16]_strict_seed41_ablation_mne_l2_l16_fc3_h16_rc5em02.pth,noise3_exp/ablation_mne_l2_vs_weight_decay_l16_fc3_h4_h8_h16_h32_h64_h128/strict_seed_train_rate_uniform_L16_T16/fc3_h16/mne_l2/seed_41/noise_sweep_matrix_mnist_fc3_h16_T16_mode_rate_uniform_schedule_normal_seed_41.csv
fc3_h16,16,mne_l2,41,16,16,rate_uniform,0.1,93.69,mnist-checkpoints/fc3_h16_L[16]_strict_seed41_ablation_mne_l2_l16_fc3_h16_rc5em02.pth,noise3_exp/ablation_mne_l2_vs_weight_decay_l16_fc3_h4_h8_h16_h32_h64_h128/strict_seed_train_rate_uniform_L16_T16/fc3_h16/mne_l2/seed_41/noise_sweep_matrix_mnist_fc3_h16_T16_mode_rate_uniform_schedule_normal_seed_41.csv
fc3_h16,16,mne_l2,41,16,16,rate_uniform,0.15,93.55,mnist-checkpoints/fc3_h16_L[16]_strict_seed41_ablation_mne_l2_l16_fc3_h16_rc5em02.pth,noise3_exp/ablation_mne_l2_vs_weight_decay_l16_fc3_h4_h8_h16_h32_h64_h128/strict_seed_train_rate_uniform_L16_T16/fc3_h16/mne_l2/seed_41/noise_sweep_matrix_mnist_fc3_h16_T16_mode_rate_uniform_schedule_normal_seed_41.csv
fc3_h16,16,mne_l2,41,16,16,rate_uniform,0.2,93.7,mnist-checkpoints/fc3_h16_L[16]_strict_seed41_ablation_mne_l2_l16_fc3_h16_rc5em02.pth,noise3_exp/ablation_mne_l2_vs_weight_decay_l16_fc3_h4_h8_h16_h32_h64_h128/strict_seed_train_rate_uniform_L16_T16/fc3_h16/mne_l2/seed_41/noise_sweep_matrix_mnist_fc3_h16_T16_mode_rate_uniform_schedule_normal_seed_41.csv
fc3_h16,16,mne_l2,41,16,16,rate_uniform,0.25,93.75,mnist-checkpoints/fc3_h16_L[16]_strict_seed41_ablation_mne_l2_l16_fc3_h16_rc5em02.pth,noise3_exp/ablation_mne_l2_vs_weight_decay_l16_fc3_h4_h8_h16_h32_h64_h128/strict_seed_train_rate_uniform_L16_T16/fc3_h16/mne_l2/seed_41/noise_sweep_matrix_mnist_fc3_h16_T16_mode_rate_uniform_schedule_normal_seed_41.csv
fc3_h16,16,mne_l2,41,16,16,rate_uniform,0.3,93.51,mnist-checkpoints/fc3_h16_L[16]_strict_seed41_ablation_mne_l2_l16_fc3_h16_rc5em02.pth,noise3_exp/ablation_mne_l2_vs_weight_decay_l16_fc3_h4_h8_h16_h32_h64_h128/strict_seed_train_rate_uniform_L16_T16/fc3_h16/mne_l2/seed_41/noise_sweep_matrix_mnist_fc3_h16_T16_mode_rate_uniform_schedule_normal_seed_41.csv
fc3_h16,16,mne_l2,41,16,16,rate_uniform,0.35,93.54,mnist-checkpoints/fc3_h16_L[16]_strict_seed41_ablation_mne_l2_l16_fc3_h16_rc5em02.pth,noise3_exp/ablation_mne_l2_vs_weight_decay_l16_fc3_h4_h8_h16_h32_h64_h128/strict_seed_train_rate_uniform_L16_T16/fc3_h16/mne_l2/seed_41/noise_sweep_matrix_mnist_fc3_h16_T16_mode_rate_uniform_schedule_normal_seed_41.csv
fc3_h16,16,mne_l2,41,16,16,rate_uniform,0.4,93.46,mnist-checkpoints/fc3_h16_L[16]_strict_seed41_ablation_mne_l2_l16_fc3_h16_rc5em02.pth,noise3_exp/ablation_mne_l2_vs_weight_decay_l16_fc3_h4_h8_h16_h32_h64_h128/strict_seed_train_rate_uniform_L16_T16/fc3_h16/mne_l2/seed_41/noise_sweep_matrix_mnist_fc3_h16_T16_mode_rate_uniform_schedule_normal_seed_41.csv
fc3_h16,16,mne_l2,41,16,16,rate_uniform,0.45,93.03,mnist-checkpoints/fc3_h16_L[16]_strict_seed41_ablation_mne_l2_l16_fc3_h16_rc5em02.pth,noise3_exp/ablation_mne_l2_vs_weight_decay_l16_fc3_h4_h8_h16_h32_h64_h128/strict_seed_train_rate_uniform_L16_T16/fc3_h16/mne_l2/seed_41/noise_sweep_matrix_mnist_fc3_h16_T16_mode_rate_uniform_schedule_normal_seed_41.csv
fc3_h16,16,mne_l2,41,16,16,rate_uniform,0.5,92.51,mnist-checkpoints/fc3_h16_L[16]_strict_seed41_ablation_mne_l2_l16_fc3_h16_rc5em02.pth,noise3_exp/ablation_mne_l2_vs_weight_decay_l16_fc3_h4_h8_h16_h32_h64_h128/strict_seed_train_rate_uniform_L16_T16/fc3_h16/mne_l2/seed_41/noise_sweep_matrix_mnist_fc3_h16_T16_mode_rate_uniform_schedule_normal_seed_41.csv
fc3_h16,16,mne_l2,41,16,16,rate_uniform,0.55,92.21,mnist-checkpoints/fc3_h16_L[16]_strict_seed41_ablation_mne_l2_l16_fc3_h16_rc5em02.pth,noise3_exp/ablation_mne_l2_vs_weight_decay_l16_fc3_h4_h8_h16_h32_h64_h128/strict_seed_train_rate_uniform_L16_T16/fc3_h16/mne_l2/seed_41/noise_sweep_matrix_mnist_fc3_h16_T16_mode_rate_uniform_schedule_normal_seed_41.csv
fc3_h16,16,mne_l2,41,16,16,rate_uniform,0.6,91.09,mnist-checkpoints/fc3_h16_L[16]_strict_seed41_ablation_mne_l2_l16_fc3_h16_rc5em02.pth,noise3_exp/ablation_mne_l2_vs_weight_decay_l16_fc3_h4_h8_h16_h32_h64_h128/strict_seed_train_rate_uniform_L16_T16/fc3_h16/mne_l2/seed_41/noise_sweep_matrix_mnist_fc3_h16_T16_mode_rate_uniform_schedule_normal_seed_41.csv
fc3_h16,16,mne_l2,41,16,16,rate_uniform,0.65,90.47,mnist-checkpoints/fc3_h16_L[16]_strict_seed41_ablation_mne_l2_l16_fc3_h16_rc5em02.pth,noise3_exp/ablation_mne_l2_vs_weight_decay_l16_fc3_h4_h8_h16_h32_h64_h128/strict_seed_train_rate_uniform_L16_T16/fc3_h16/mne_l2/seed_41/noise_sweep_matrix_mnist_fc3_h16_T16_mode_rate_uniform_schedule_normal_seed_41.csv
fc3_h16,16,mne_l2,41,16,16,rate_uniform,0.7,89.31,mnist-checkpoints/fc3_h16_L[16]_strict_seed41_ablation_mne_l2_l16_fc3_h16_rc5em02.pth,noise3_exp/ablation_mne_l2_vs_weight_decay_l16_fc3_h4_h8_h16_h32_h64_h128/strict_seed_train_rate_uniform_L16_T16/fc3_h16/mne_l2/seed_41/noise_sweep_matrix_mnist_fc3_h16_T16_mode_rate_uniform_schedule_normal_seed_41.csv
fc3_h16,16,mne_l2,41,16,16,rate_uniform,0.75,87.48,mnist-checkpoints/fc3_h16_L[16]_strict_seed41_ablation_mne_l2_l16_fc3_h16_rc5em02.pth,noise3_exp/ablation_mne_l2_vs_weight_decay_l16_fc3_h4_h8_h16_h32_h64_h128/strict_seed_train_rate_uniform_L16_T16/fc3_h16/mne_l2/seed_41/noise_sweep_matrix_mnist_fc3_h16_T16_mode_rate_uniform_schedule_normal_seed_41.csv
fc3_h16,16,mne_l2,41,16,16,rate_uniform,0.8,85.4,mnist-checkpoints/fc3_h16_L[16]_strict_seed41_ablation_mne_l2_l16_fc3_h16_rc5em02.pth,noise3_exp/ablation_mne_l2_vs_weight_decay_l16_fc3_h4_h8_h16_h32_h64_h128/strict_seed_train_rate_uniform_L16_T16/fc3_h16/mne_l2/seed_41/noise_sweep_matrix_mnist_fc3_h16_T16_mode_rate_uniform_schedule_normal_seed_41.csv
fc3_h16,16,mne_l2,41,16,16,rate_uniform,0.85,83.49,mnist-checkpoints/fc3_h16_L[16]_strict_seed41_ablation_mne_l2_l16_fc3_h16_rc5em02.pth,noise3_exp/ablation_mne_l2_vs_weight_decay_l16_fc3_h4_h8_h16_h32_h64_h128/strict_seed_train_rate_uniform_L16_T16/fc3_h16/mne_l2/seed_41/noise_sweep_matrix_mnist_fc3_h16_T16_mode_rate_uniform_schedule_normal_seed_41.csv
fc3_h16,16,mne_l2,41,16,16,rate_uniform,0.9,80.51,mnist-checkpoints/fc3_h16_L[16]_strict_seed41_ablation_mne_l2_l16_fc3_h16_rc5em02.pth,noise3_exp/ablation_mne_l2_vs_weight_decay_l16_fc3_h4_h8_h16_h32_h64_h128/strict_seed_train_rate_uniform_L16_T16/fc3_h16/mne_l2/seed_41/noise_sweep_matrix_mnist_fc3_h16_T16_mode_rate_uniform_schedule_normal_seed_41.csv
fc3_h16,16,mne_l2,41,16,16,rate_uniform,0.95,77.97,mnist-checkpoints/fc3_h16_L[16]_strict_seed41_ablation_mne_l2_l16_fc3_h16_rc5em02.pth,noise3_exp/ablation_mne_l2_vs_weight_decay_l16_fc3_h4_h8_h16_h32_h64_h128/strict_seed_train_rate_uniform_L16_T16/fc3_h16/mne_l2/seed_41/noise_sweep_matrix_mnist_fc3_h16_T16_mode_rate_uniform_schedule_normal_seed_41.csv
fc3_h16,16,mne_l2,41,16,16,rate_uniform,1.0,74.37,mnist-checkpoints/fc3_h16_L[16]_strict_seed41_ablation_mne_l2_l16_fc3_h16_rc5em02.pth,noise3_exp/ablation_mne_l2_vs_weight_decay_l16_fc3_h4_h8_h16_h32_h64_h128/strict_seed_train_rate_uniform_L16_T16/fc3_h16/mne_l2/seed_41/noise_sweep_matrix_mnist_fc3_h16_T16_mode_rate_uniform_schedule_normal_seed_41.csv
fc3_h16,16,mne_l2,42,16,16,rate_uniform,0.0,93.1,mnist-checkpoints/fc3_h16_L[16]_strict_seed42_ablation_mne_l2_l16_fc3_h16_rc5em02.pth,noise3_exp/ablation_mne_l2_vs_weight_decay_l16_fc3_h4_h8_h16_h32_h64_h128/strict_seed_train_rate_uniform_L16_T16/fc3_h16/mne_l2/seed_42/noise_sweep_matrix_mnist_fc3_h16_T16_mode_rate_uniform_schedule_normal_seed_42.csv
fc3_h16,16,mne_l2,42,16,16,rate_uniform,0.05,93.06,mnist-checkpoints/fc3_h16_L[16]_strict_seed42_ablation_mne_l2_l16_fc3_h16_rc5em02.pth,noise3_exp/ablation_mne_l2_vs_weight_decay_l16_fc3_h4_h8_h16_h32_h64_h128/strict_seed_train_rate_uniform_L16_T16/fc3_h16/mne_l2/seed_42/noise_sweep_matrix_mnist_fc3_h16_T16_mode_rate_uniform_schedule_normal_seed_42.csv
fc3_h16,16,mne_l2,42,16,16,rate_uniform,0.1,93.14,mnist-checkpoints/fc3_h16_L[16]_strict_seed42_ablation_mne_l2_l16_fc3_h16_rc5em02.pth,noise3_exp/ablation_mne_l2_vs_weight_decay_l16_fc3_h4_h8_h16_h32_h64_h128/strict_seed_train_rate_uniform_L16_T16/fc3_h16/mne_l2/seed_42/noise_sweep_matrix_mnist_fc3_h16_T16_mode_rate_uniform_schedule_normal_seed_42.csv
fc3_h16,16,mne_l2,42,16,16,rate_uniform,0.15,92.96,mnist-checkpoints/fc3_h16_L[16]_strict_seed42_ablation_mne_l2_l16_fc3_h16_rc5em02.pth,noise3_exp/ablation_mne_l2_vs_weight_decay_l16_fc3_h4_h8_h16_h32_h64_h128/strict_seed_train_rate_uniform_L16_T16/fc3_h16/mne_l2/seed_42/noise_sweep_matrix_mnist_fc3_h16_T16_mode_rate_uniform_schedule_normal_seed_42.csv
fc3_h16,16,mne_l2,42,16,16,rate_uniform,0.2,92.87,mnist-checkpoints/fc3_h16_L[16]_strict_seed42_ablation_mne_l2_l16_fc3_h16_rc5em02.pth,noise3_exp/ablation_mne_l2_vs_weight_decay_l16_fc3_h4_h8_h16_h32_h64_h128/strict_seed_train_rate_uniform_L16_T16/fc3_h16/mne_l2/seed_42/noise_sweep_matrix_mnist_fc3_h16_T16_mode_rate_uniform_schedule_normal_seed_42.csv
fc3_h16,16,mne_l2,42,16,16,rate_uniform,0.25,92.95,mnist-checkpoints/fc3_h16_L[16]_strict_seed42_ablation_mne_l2_l16_fc3_h16_rc5em02.pth,noise3_exp/ablation_mne_l2_vs_weight_decay_l16_fc3_h4_h8_h16_h32_h64_h128/strict_seed_train_rate_uniform_L16_T16/fc3_h16/mne_l2/seed_42/noise_sweep_matrix_mnist_fc3_h16_T16_mode_rate_uniform_schedule_normal_seed_42.csv
fc3_h16,16,mne_l2,42,16,16,rate_uniform,0.3,92.9,mnist-checkpoints/fc3_h16_L[16]_strict_seed42_ablation_mne_l2_l16_fc3_h16_rc5em02.pth,noise3_exp/ablation_mne_l2_vs_weight_decay_l16_fc3_h4_h8_h16_h32_h64_h128/strict_seed_train_rate_uniform_L16_T16/fc3_h16/mne_l2/seed_42/noise_sweep_matrix_mnist_fc3_h16_T16_mode_rate_uniform_schedule_normal_seed_42.csv
fc3_h16,16,mne_l2,42,16,16,rate_uniform,0.35,92.66,mnist-checkpoints/fc3_h16_L[16]_strict_seed42_ablation_mne_l2_l16_fc3_h16_rc5em02.pth,noise3_exp/ablation_mne_l2_vs_weight_decay_l16_fc3_h4_h8_h16_h32_h64_h128/strict_seed_train_rate_uniform_L16_T16/fc3_h16/mne_l2/seed_42/noise_sweep_matrix_mnist_fc3_h16_T16_mode_rate_uniform_schedule_normal_seed_42.csv
fc3_h16,16,mne_l2,42,16,16,rate_uniform,0.4,92.36,mnist-checkpoints/fc3_h16_L[16]_strict_seed42_ablation_mne_l2_l16_fc3_h16_rc5em02.pth,noise3_exp/ablation_mne_l2_vs_weight_decay_l16_fc3_h4_h8_h16_h32_h64_h128/strict_seed_train_rate_uniform_L16_T16/fc3_h16/mne_l2/seed_42/noise_sweep_matrix_mnist_fc3_h16_T16_mode_rate_uniform_schedule_normal_seed_42.csv
fc3_h16,16,mne_l2,42,16,16,rate_uniform,0.45,92.02,mnist-checkpoints/fc3_h16_L[16]_strict_seed42_ablation_mne_l2_l16_fc3_h16_rc5em02.pth,noise3_exp/ablation_mne_l2_vs_weight_decay_l16_fc3_h4_h8_h16_h32_h64_h128/strict_seed_train_rate_uniform_L16_T16/fc3_h16/mne_l2/seed_42/noise_sweep_matrix_mnist_fc3_h16_T16_mode_rate_uniform_schedule_normal_seed_42.csv
fc3_h16,16,mne_l2,42,16,16,rate_uniform,0.5,91.81,mnist-checkpoints/fc3_h16_L[16]_strict_seed42_ablation_mne_l2_l16_fc3_h16_rc5em02.pth,noise3_exp/ablation_mne_l2_vs_weight_decay_l16_fc3_h4_h8_h16_h32_h64_h128/strict_seed_train_rate_uniform_L16_T16/fc3_h16/mne_l2/seed_42/noise_sweep_matrix_mnist_fc3_h16_T16_mode_rate_uniform_schedule_normal_seed_42.csv
fc3_h16,16,mne_l2,42,16,16,rate_uniform,0.55,91.4,mnist-checkpoints/fc3_h16_L[16]_strict_seed42_ablation_mne_l2_l16_fc3_h16_rc5em02.pth,noise3_exp/ablation_mne_l2_vs_weight_decay_l16_fc3_h4_h8_h16_h32_h64_h128/strict_seed_train_rate_uniform_L16_T16/fc3_h16/mne_l2/seed_42/noise_sweep_matrix_mnist_fc3_h16_T16_mode_rate_uniform_schedule_normal_seed_42.csv
fc3_h16,16,mne_l2,42,16,16,rate_uniform,0.6,90.19,mnist-checkpoints/fc3_h16_L[16]_strict_seed42_ablation_mne_l2_l16_fc3_h16_rc5em02.pth,noise3_exp/ablation_mne_l2_vs_weight_decay_l16_fc3_h4_h8_h16_h32_h64_h128/strict_seed_train_rate_uniform_L16_T16/fc3_h16/mne_l2/seed_42/noise_sweep_matrix_mnist_fc3_h16_T16_mode_rate_uniform_schedule_normal_seed_42.csv
fc3_h16,16,mne_l2,42,16,16,rate_uniform,0.65,89.07,mnist-checkpoints/fc3_h16_L[16]_strict_seed42_ablation_mne_l2_l16_fc3_h16_rc5em02.pth,noise3_exp/ablation_mne_l2_vs_weight_decay_l16_fc3_h4_h8_h16_h32_h64_h128/strict_seed_train_rate_uniform_L16_T16/fc3_h16/mne_l2/seed_42/noise_sweep_matrix_mnist_fc3_h16_T16_mode_rate_uniform_schedule_normal_seed_42.csv
fc3_h16,16,mne_l2,42,16,16,rate_uniform,0.7,87.66,mnist-checkpoints/fc3_h16_L[16]_strict_seed42_ablation_mne_l2_l16_fc3_h16_rc5em02.pth,noise3_exp/ablation_mne_l2_vs_weight_decay_l16_fc3_h4_h8_h16_h32_h64_h128/strict_seed_train_rate_uniform_L16_T16/fc3_h16/mne_l2/seed_42/noise_sweep_matrix_mnist_fc3_h16_T16_mode_rate_uniform_schedule_normal_seed_42.csv
fc3_h16,16,mne_l2,42,16,16,rate_uniform,0.75,85.69,mnist-checkpoints/fc3_h16_L[16]_strict_seed42_ablation_mne_l2_l16_fc3_h16_rc5em02.pth,noise3_exp/ablation_mne_l2_vs_weight_decay_l16_fc3_h4_h8_h16_h32_h64_h128/strict_seed_train_rate_uniform_L16_T16/fc3_h16/mne_l2/seed_42/noise_sweep_matrix_mnist_fc3_h16_T16_mode_rate_uniform_schedule_normal_seed_42.csv
fc3_h16,16,mne_l2,42,16,16,rate_uniform,0.8,83.56,mnist-checkpoints/fc3_h16_L[16]_strict_seed42_ablation_mne_l2_l16_fc3_h16_rc5em02.pth,noise3_exp/ablation_mne_l2_vs_weight_decay_l16_fc3_h4_h8_h16_h32_h64_h128/strict_seed_train_rate_uniform_L16_T16/fc3_h16/mne_l2/seed_42/noise_sweep_matrix_mnist_fc3_h16_T16_mode_rate_uniform_schedule_normal_seed_42.csv
fc3_h16,16,mne_l2,42,16,16,rate_uniform,0.85,80.44,mnist-checkpoints/fc3_h16_L[16]_strict_seed42_ablation_mne_l2_l16_fc3_h16_rc5em02.pth,noise3_exp/ablation_mne_l2_vs_weight_decay_l16_fc3_h4_h8_h16_h32_h64_h128/strict_seed_train_rate_uniform_L16_T16/fc3_h16/mne_l2/seed_42/noise_sweep_matrix_mnist_fc3_h16_T16_mode_rate_uniform_schedule_normal_seed_42.csv
fc3_h16,16,mne_l2,42,16,16,rate_uniform,0.9,77.97,mnist-checkpoints/fc3_h16_L[16]_strict_seed42_ablation_mne_l2_l16_fc3_h16_rc5em02.pth,noise3_exp/ablation_mne_l2_vs_weight_decay_l16_fc3_h4_h8_h16_h32_h64_h128/strict_seed_train_rate_uniform_L16_T16/fc3_h16/mne_l2/seed_42/noise_sweep_matrix_mnist_fc3_h16_T16_mode_rate_uniform_schedule_normal_seed_42.csv
fc3_h16,16,mne_l2,42,16,16,rate_uniform,0.95,75.27,mnist-checkpoints/fc3_h16_L[16]_strict_seed42_ablation_mne_l2_l16_fc3_h16_rc5em02.pth,noise3_exp/ablation_mne_l2_vs_weight_decay_l16_fc3_h4_h8_h16_h32_h64_h128/strict_seed_train_rate_uniform_L16_T16/fc3_h16/mne_l2/seed_42/noise_sweep_matrix_mnist_fc3_h16_T16_mode_rate_uniform_schedule_normal_seed_42.csv
fc3_h16,16,mne_l2,42,16,16,rate_uniform,1.0,71.9,mnist-checkpoints/fc3_h16_L[16]_strict_seed42_ablation_mne_l2_l16_fc3_h16_rc5em02.pth,noise3_exp/ablation_mne_l2_vs_weight_decay_l16_fc3_h4_h8_h16_h32_h64_h128/strict_seed_train_rate_uniform_L16_T16/fc3_h16/mne_l2/seed_42/noise_sweep_matrix_mnist_fc3_h16_T16_mode_rate_uniform_schedule_normal_seed_42.csv
fc3_h16,16,mne_l2,43,16,16,rate_uniform,0.0,95.26,mnist-checkpoints/fc3_h16_L[16]_strict_seed43_ablation_mne_l2_l16_fc3_h16_rc5em02.pth,noise3_exp/ablation_mne_l2_vs_weight_decay_l16_fc3_h4_h8_h16_h32_h64_h128/strict_seed_train_rate_uniform_L16_T16/fc3_h16/mne_l2/seed_43/noise_sweep_matrix_mnist_fc3_h16_T16_mode_rate_uniform_schedule_normal_seed_43.csv
fc3_h16,16,mne_l2,43,16,16,rate_uniform,0.05,95.25,mnist-checkpoints/fc3_h16_L[16]_strict_seed43_ablation_mne_l2_l16_fc3_h16_rc5em02.pth,noise3_exp/ablation_mne_l2_vs_weight_decay_l16_fc3_h4_h8_h16_h32_h64_h128/strict_seed_train_rate_uniform_L16_T16/fc3_h16/mne_l2/seed_43/noise_sweep_matrix_mnist_fc3_h16_T16_mode_rate_uniform_schedule_normal_seed_43.csv
fc3_h16,16,mne_l2,43,16,16,rate_uniform,0.1,95.25,mnist-checkpoints/fc3_h16_L[16]_strict_seed43_ablation_mne_l2_l16_fc3_h16_rc5em02.pth,noise3_exp/ablation_mne_l2_vs_weight_decay_l16_fc3_h4_h8_h16_h32_h64_h128/strict_seed_train_rate_uniform_L16_T16/fc3_h16/mne_l2/seed_43/noise_sweep_matrix_mnist_fc3_h16_T16_mode_rate_uniform_schedule_normal_seed_43.csv
fc3_h16,16,mne_l2,43,16,16,rate_uniform,0.15,95.05,mnist-checkpoints/fc3_h16_L[16]_strict_seed43_ablation_mne_l2_l16_fc3_h16_rc5em02.pth,noise3_exp/ablation_mne_l2_vs_weight_decay_l16_fc3_h4_h8_h16_h32_h64_h128/strict_seed_train_rate_uniform_L16_T16/fc3_h16/mne_l2/seed_43/noise_sweep_matrix_mnist_fc3_h16_T16_mode_rate_uniform_schedule_normal_seed_43.csv
fc3_h16,16,mne_l2,43,16,16,rate_uniform,0.2,95.05,mnist-checkpoints/fc3_h16_L[16]_strict_seed43_ablation_mne_l2_l16_fc3_h16_rc5em02.pth,noise3_exp/ablation_mne_l2_vs_weight_decay_l16_fc3_h4_h8_h16_h32_h64_h128/strict_seed_train_rate_uniform_L16_T16/fc3_h16/mne_l2/seed_43/noise_sweep_matrix_mnist_fc3_h16_T16_mode_rate_uniform_schedule_normal_seed_43.csv
fc3_h16,16,mne_l2,43,16,16,rate_uniform,0.25,95.04,mnist-checkpoints/fc3_h16_L[16]_strict_seed43_ablation_mne_l2_l16_fc3_h16_rc5em02.pth,noise3_exp/ablation_mne_l2_vs_weight_decay_l16_fc3_h4_h8_h16_h32_h64_h128/strict_seed_train_rate_uniform_L16_T16/fc3_h16/mne_l2/seed_43/noise_sweep_matrix_mnist_fc3_h16_T16_mode_rate_uniform_schedule_normal_seed_43.csv
fc3_h16,16,mne_l2,43,16,16,rate_uniform,0.3,95.06,mnist-checkpoints/fc3_h16_L[16]_strict_seed43_ablation_mne_l2_l16_fc3_h16_rc5em02.pth,noise3_exp/ablation_mne_l2_vs_weight_decay_l16_fc3_h4_h8_h16_h32_h64_h128/strict_seed_train_rate_uniform_L16_T16/fc3_h16/mne_l2/seed_43/noise_sweep_matrix_mnist_fc3_h16_T16_mode_rate_uniform_schedule_normal_seed_43.csv
fc3_h16,16,mne_l2,43,16,16,rate_uniform,0.35,95.0,mnist-checkpoints/fc3_h16_L[16]_strict_seed43_ablation_mne_l2_l16_fc3_h16_rc5em02.pth,noise3_exp/ablation_mne_l2_vs_weight_decay_l16_fc3_h4_h8_h16_h32_h64_h128/strict_seed_train_rate_uniform_L16_T16/fc3_h16/mne_l2/seed_43/noise_sweep_matrix_mnist_fc3_h16_T16_mode_rate_uniform_schedule_normal_seed_43.csv
fc3_h16,16,mne_l2,43,16,16,rate_uniform,0.4,94.69,mnist-checkpoints/fc3_h16_L[16]_strict_seed43_ablation_mne_l2_l16_fc3_h16_rc5em02.pth,noise3_exp/ablation_mne_l2_vs_weight_decay_l16_fc3_h4_h8_h16_h32_h64_h128/strict_seed_train_rate_uniform_L16_T16/fc3_h16/mne_l2/seed_43/noise_sweep_matrix_mnist_fc3_h16_T16_mode_rate_uniform_schedule_normal_seed_43.csv
fc3_h16,16,mne_l2,43,16,16,rate_uniform,0.45,94.68,mnist-checkpoints/fc3_h16_L[16]_strict_seed43_ablation_mne_l2_l16_fc3_h16_rc5em02.pth,noise3_exp/ablation_mne_l2_vs_weight_decay_l16_fc3_h4_h8_h16_h32_h64_h128/strict_seed_train_rate_uniform_L16_T16/fc3_h16/mne_l2/seed_43/noise_sweep_matrix_mnist_fc3_h16_T16_mode_rate_uniform_schedule_normal_seed_43.csv
fc3_h16,16,mne_l2,43,16,16,rate_uniform,0.5,94.25,mnist-checkpoints/fc3_h16_L[16]_strict_seed43_ablation_mne_l2_l16_fc3_h16_rc5em02.pth,noise3_exp/ablation_mne_l2_vs_weight_decay_l16_fc3_h4_h8_h16_h32_h64_h128/strict_seed_train_rate_uniform_L16_T16/fc3_h16/mne_l2/seed_43/noise_sweep_matrix_mnist_fc3_h16_T16_mode_rate_uniform_schedule_normal_seed_43.csv
fc3_h16,16,mne_l2,43,16,16,rate_uniform,0.55,93.8,mnist-checkpoints/fc3_h16_L[16]_strict_seed43_ablation_mne_l2_l16_fc3_h16_rc5em02.pth,noise3_exp/ablation_mne_l2_vs_weight_decay_l16_fc3_h4_h8_h16_h32_h64_h128/strict_seed_train_rate_uniform_L16_T16/fc3_h16/mne_l2/seed_43/noise_sweep_matrix_mnist_fc3_h16_T16_mode_rate_uniform_schedule_normal_seed_43.csv
fc3_h16,16,mne_l2,43,16,16,rate_uniform,0.6,93.06,mnist-checkpoints/fc3_h16_L[16]_strict_seed43_ablation_mne_l2_l16_fc3_h16_rc5em02.pth,noise3_exp/ablation_mne_l2_vs_weight_decay_l16_fc3_h4_h8_h16_h32_h64_h128/strict_seed_train_rate_uniform_L16_T16/fc3_h16/mne_l2/seed_43/noise_sweep_matrix_mnist_fc3_h16_T16_mode_rate_uniform_schedule_normal_seed_43.csv
fc3_h16,16,mne_l2,43,16,16,rate_uniform,0.65,92.07,mnist-checkpoints/fc3_h16_L[16]_strict_seed43_ablation_mne_l2_l16_fc3_h16_rc5em02.pth,noise3_exp/ablation_mne_l2_vs_weight_decay_l16_fc3_h4_h8_h16_h32_h64_h128/strict_seed_train_rate_uniform_L16_T16/fc3_h16/mne_l2/seed_43/noise_sweep_matrix_mnist_fc3_h16_T16_mode_rate_uniform_schedule_normal_seed_43.csv
fc3_h16,16,mne_l2,43,16,16,rate_uniform,0.7,90.95,mnist-checkpoints/fc3_h16_L[16]_strict_seed43_ablation_mne_l2_l16_fc3_h16_rc5em02.pth,noise3_exp/ablation_mne_l2_vs_weight_decay_l16_fc3_h4_h8_h16_h32_h64_h128/strict_seed_train_rate_uniform_L16_T16/fc3_h16/mne_l2/seed_43/noise_sweep_matrix_mnist_fc3_h16_T16_mode_rate_uniform_schedule_normal_seed_43.csv
fc3_h16,16,mne_l2,43,16,16,rate_uniform,0.75,89.07,mnist-checkpoints/fc3_h16_L[16]_strict_seed43_ablation_mne_l2_l16_fc3_h16_rc5em02.pth,noise3_exp/ablation_mne_l2_vs_weight_decay_l16_fc3_h4_h8_h16_h32_h64_h128/strict_seed_train_rate_uniform_L16_T16/fc3_h16/mne_l2/seed_43/noise_sweep_matrix_mnist_fc3_h16_T16_mode_rate_uniform_schedule_normal_seed_43.csv
fc3_h16,16,mne_l2,43,16,16,rate_uniform,0.8,86.79,mnist-checkpoints/fc3_h16_L[16]_strict_seed43_ablation_mne_l2_l16_fc3_h16_rc5em02.pth,noise3_exp/ablation_mne_l2_vs_weight_decay_l16_fc3_h4_h8_h16_h32_h64_h128/strict_seed_train_rate_uniform_L16_T16/fc3_h16/mne_l2/seed_43/noise_sweep_matrix_mnist_fc3_h16_T16_mode_rate_uniform_schedule_normal_seed_43.csv
fc3_h16,16,mne_l2,43,16,16,rate_uniform,0.85,84.55,mnist-checkpoints/fc3_h16_L[16]_strict_seed43_ablation_mne_l2_l16_fc3_h16_rc5em02.pth,noise3_exp/ablation_mne_l2_vs_weight_decay_l16_fc3_h4_h8_h16_h32_h64_h128/strict_seed_train_rate_uniform_L16_T16/fc3_h16/mne_l2/seed_43/noise_sweep_matrix_mnist_fc3_h16_T16_mode_rate_uniform_schedule_normal_seed_43.csv
fc3_h16,16,mne_l2,43,16,16,rate_uniform,0.9,81.92,mnist-checkpoints/fc3_h16_L[16]_strict_seed43_ablation_mne_l2_l16_fc3_h16_rc5em02.pth,noise3_exp/ablation_mne_l2_vs_weight_decay_l16_fc3_h4_h8_h16_h32_h64_h128/strict_seed_train_rate_uniform_L16_T16/fc3_h16/mne_l2/seed_43/noise_sweep_matrix_mnist_fc3_h16_T16_mode_rate_uniform_schedule_normal_seed_43.csv
fc3_h16,16,mne_l2,43,16,16,rate_uniform,0.95,79.92,mnist-checkpoints/fc3_h16_L[16]_strict_seed43_ablation_mne_l2_l16_fc3_h16_rc5em02.pth,noise3_exp/ablation_mne_l2_vs_weight_decay_l16_fc3_h4_h8_h16_h32_h64_h128/strict_seed_train_rate_uniform_L16_T16/fc3_h16/mne_l2/seed_43/noise_sweep_matrix_mnist_fc3_h16_T16_mode_rate_uniform_schedule_normal_seed_43.csv
fc3_h16,16,mne_l2,43,16,16,rate_uniform,1.0,77.67,mnist-checkpoints/fc3_h16_L[16]_strict_seed43_ablation_mne_l2_l16_fc3_h16_rc5em02.pth,noise3_exp/ablation_mne_l2_vs_weight_decay_l16_fc3_h4_h8_h16_h32_h64_h128/strict_seed_train_rate_uniform_L16_T16/fc3_h16/mne_l2/seed_43/noise_sweep_matrix_mnist_fc3_h16_T16_mode_rate_uniform_schedule_normal_seed_43.csv
fc3_h16,16,mne_l2,44,16,16,rate_uniform,0.0,91.94,mnist-checkpoints/fc3_h16_L[16]_strict_seed44_ablation_mne_l2_l16_fc3_h16_rc5em02.pth,noise3_exp/ablation_mne_l2_vs_weight_decay_l16_fc3_h4_h8_h16_h32_h64_h128/strict_seed_train_rate_uniform_L16_T16/fc3_h16/mne_l2/seed_44/noise_sweep_matrix_mnist_fc3_h16_T16_mode_rate_uniform_schedule_normal_seed_44.csv
fc3_h16,16,mne_l2,44,16,16,rate_uniform,0.05,91.85,mnist-checkpoints/fc3_h16_L[16]_strict_seed44_ablation_mne_l2_l16_fc3_h16_rc5em02.pth,noise3_exp/ablation_mne_l2_vs_weight_decay_l16_fc3_h4_h8_h16_h32_h64_h128/strict_seed_train_rate_uniform_L16_T16/fc3_h16/mne_l2/seed_44/noise_sweep_matrix_mnist_fc3_h16_T16_mode_rate_uniform_schedule_normal_seed_44.csv
fc3_h16,16,mne_l2,44,16,16,rate_uniform,0.1,91.75,mnist-checkpoints/fc3_h16_L[16]_strict_seed44_ablation_mne_l2_l16_fc3_h16_rc5em02.pth,noise3_exp/ablation_mne_l2_vs_weight_decay_l16_fc3_h4_h8_h16_h32_h64_h128/strict_seed_train_rate_uniform_L16_T16/fc3_h16/mne_l2/seed_44/noise_sweep_matrix_mnist_fc3_h16_T16_mode_rate_uniform_schedule_normal_seed_44.csv
fc3_h16,16,mne_l2,44,16,16,rate_uniform,0.15,91.86,mnist-checkpoints/fc3_h16_L[16]_strict_seed44_ablation_mne_l2_l16_fc3_h16_rc5em02.pth,noise3_exp/ablation_mne_l2_vs_weight_decay_l16_fc3_h4_h8_h16_h32_h64_h128/strict_seed_train_rate_uniform_L16_T16/fc3_h16/mne_l2/seed_44/noise_sweep_matrix_mnist_fc3_h16_T16_mode_rate_uniform_schedule_normal_seed_44.csv
fc3_h16,16,mne_l2,44,16,16,rate_uniform,0.2,91.69,mnist-checkpoints/fc3_h16_L[16]_strict_seed44_ablation_mne_l2_l16_fc3_h16_rc5em02.pth,noise3_exp/ablation_mne_l2_vs_weight_decay_l16_fc3_h4_h8_h16_h32_h64_h128/strict_seed_train_rate_uniform_L16_T16/fc3_h16/mne_l2/seed_44/noise_sweep_matrix_mnist_fc3_h16_T16_mode_rate_uniform_schedule_normal_seed_44.csv
fc3_h16,16,mne_l2,44,16,16,rate_uniform,0.25,91.49,mnist-checkpoints/fc3_h16_L[16]_strict_seed44_ablation_mne_l2_l16_fc3_h16_rc5em02.pth,noise3_exp/ablation_mne_l2_vs_weight_decay_l16_fc3_h4_h8_h16_h32_h64_h128/strict_seed_train_rate_uniform_L16_T16/fc3_h16/mne_l2/seed_44/noise_sweep_matrix_mnist_fc3_h16_T16_mode_rate_uniform_schedule_normal_seed_44.csv
fc3_h16,16,mne_l2,44,16,16,rate_uniform,0.3,91.67,mnist-checkpoints/fc3_h16_L[16]_strict_seed44_ablation_mne_l2_l16_fc3_h16_rc5em02.pth,noise3_exp/ablation_mne_l2_vs_weight_decay_l16_fc3_h4_h8_h16_h32_h64_h128/strict_seed_train_rate_uniform_L16_T16/fc3_h16/mne_l2/seed_44/noise_sweep_matrix_mnist_fc3_h16_T16_mode_rate_uniform_schedule_normal_seed_44.csv
fc3_h16,16,mne_l2,44,16,16,rate_uniform,0.35,91.45,mnist-checkpoints/fc3_h16_L[16]_strict_seed44_ablation_mne_l2_l16_fc3_h16_rc5em02.pth,noise3_exp/ablation_mne_l2_vs_weight_decay_l16_fc3_h4_h8_h16_h32_h64_h128/strict_seed_train_rate_uniform_L16_T16/fc3_h16/mne_l2/seed_44/noise_sweep_matrix_mnist_fc3_h16_T16_mode_rate_uniform_schedule_normal_seed_44.csv
fc3_h16,16,mne_l2,44,16,16,rate_uniform,0.4,91.16,mnist-checkpoints/fc3_h16_L[16]_strict_seed44_ablation_mne_l2_l16_fc3_h16_rc5em02.pth,noise3_exp/ablation_mne_l2_vs_weight_decay_l16_fc3_h4_h8_h16_h32_h64_h128/strict_seed_train_rate_uniform_L16_T16/fc3_h16/mne_l2/seed_44/noise_sweep_matrix_mnist_fc3_h16_T16_mode_rate_uniform_schedule_normal_seed_44.csv
fc3_h16,16,mne_l2,44,16,16,rate_uniform,0.45,90.94,mnist-checkpoints/fc3_h16_L[16]_strict_seed44_ablation_mne_l2_l16_fc3_h16_rc5em02.pth,noise3_exp/ablation_mne_l2_vs_weight_decay_l16_fc3_h4_h8_h16_h32_h64_h128/strict_seed_train_rate_uniform_L16_T16/fc3_h16/mne_l2/seed_44/noise_sweep_matrix_mnist_fc3_h16_T16_mode_rate_uniform_schedule_normal_seed_44.csv
fc3_h16,16,mne_l2,44,16,16,rate_uniform,0.5,90.7,mnist-checkpoints/fc3_h16_L[16]_strict_seed44_ablation_mne_l2_l16_fc3_h16_rc5em02.pth,noise3_exp/ablation_mne_l2_vs_weight_decay_l16_fc3_h4_h8_h16_h32_h64_h128/strict_seed_train_rate_uniform_L16_T16/fc3_h16/mne_l2/seed_44/noise_sweep_matrix_mnist_fc3_h16_T16_mode_rate_uniform_schedule_normal_seed_44.csv
fc3_h16,16,mne_l2,44,16,16,rate_uniform,0.55,90.31,mnist-checkpoints/fc3_h16_L[16]_strict_seed44_ablation_mne_l2_l16_fc3_h16_rc5em02.pth,noise3_exp/ablation_mne_l2_vs_weight_decay_l16_fc3_h4_h8_h16_h32_h64_h128/strict_seed_train_rate_uniform_L16_T16/fc3_h16/mne_l2/seed_44/noise_sweep_matrix_mnist_fc3_h16_T16_mode_rate_uniform_schedule_normal_seed_44.csv
fc3_h16,16,mne_l2,44,16,16,rate_uniform,0.6,89.38,mnist-checkpoints/fc3_h16_L[16]_strict_seed44_ablation_mne_l2_l16_fc3_h16_rc5em02.pth,noise3_exp/ablation_mne_l2_vs_weight_decay_l16_fc3_h4_h8_h16_h32_h64_h128/strict_seed_train_rate_uniform_L16_T16/fc3_h16/mne_l2/seed_44/noise_sweep_matrix_mnist_fc3_h16_T16_mode_rate_uniform_schedule_normal_seed_44.csv
fc3_h16,16,mne_l2,44,16,16,rate_uniform,0.65,88.42,mnist-checkpoints/fc3_h16_L[16]_strict_seed44_ablation_mne_l2_l16_fc3_h16_rc5em02.pth,noise3_exp/ablation_mne_l2_vs_weight_decay_l16_fc3_h4_h8_h16_h32_h64_h128/strict_seed_train_rate_uniform_L16_T16/fc3_h16/mne_l2/seed_44/noise_sweep_matrix_mnist_fc3_h16_T16_mode_rate_uniform_schedule_normal_seed_44.csv
fc3_h16,16,mne_l2,44,16,16,rate_uniform,0.7,86.73,mnist-checkpoints/fc3_h16_L[16]_strict_seed44_ablation_mne_l2_l16_fc3_h16_rc5em02.pth,noise3_exp/ablation_mne_l2_vs_weight_decay_l16_fc3_h4_h8_h16_h32_h64_h128/strict_seed_train_rate_uniform_L16_T16/fc3_h16/mne_l2/seed_44/noise_sweep_matrix_mnist_fc3_h16_T16_mode_rate_uniform_schedule_normal_seed_44.csv
fc3_h16,16,mne_l2,44,16,16,rate_uniform,0.75,84.68,mnist-checkpoints/fc3_h16_L[16]_strict_seed44_ablation_mne_l2_l16_fc3_h16_rc5em02.pth,noise3_exp/ablation_mne_l2_vs_weight_decay_l16_fc3_h4_h8_h16_h32_h64_h128/strict_seed_train_rate_uniform_L16_T16/fc3_h16/mne_l2/seed_44/noise_sweep_matrix_mnist_fc3_h16_T16_mode_rate_uniform_schedule_normal_seed_44.csv
fc3_h16,16,mne_l2,44,16,16,rate_uniform,0.8,82.56,mnist-checkpoints/fc3_h16_L[16]_strict_seed44_ablation_mne_l2_l16_fc3_h16_rc5em02.pth,noise3_exp/ablation_mne_l2_vs_weight_decay_l16_fc3_h4_h8_h16_h32_h64_h128/strict_seed_train_rate_uniform_L16_T16/fc3_h16/mne_l2/seed_44/noise_sweep_matrix_mnist_fc3_h16_T16_mode_rate_uniform_schedule_normal_seed_44.csv
fc3_h16,16,mne_l2,44,16,16,rate_uniform,0.85,79.06,mnist-checkpoints/fc3_h16_L[16]_strict_seed44_ablation_mne_l2_l16_fc3_h16_rc5em02.pth,noise3_exp/ablation_mne_l2_vs_weight_decay_l16_fc3_h4_h8_h16_h32_h64_h128/strict_seed_train_rate_uniform_L16_T16/fc3_h16/mne_l2/seed_44/noise_sweep_matrix_mnist_fc3_h16_T16_mode_rate_uniform_schedule_normal_seed_44.csv
fc3_h16,16,mne_l2,44,16,16,rate_uniform,0.9,76.62,mnist-checkpoints/fc3_h16_L[16]_strict_seed44_ablation_mne_l2_l16_fc3_h16_rc5em02.pth,noise3_exp/ablation_mne_l2_vs_weight_decay_l16_fc3_h4_h8_h16_h32_h64_h128/strict_seed_train_rate_uniform_L16_T16/fc3_h16/mne_l2/seed_44/noise_sweep_matrix_mnist_fc3_h16_T16_mode_rate_uniform_schedule_normal_seed_44.csv
fc3_h16,16,mne_l2,44,16,16,rate_uniform,0.95,72.86,mnist-checkpoints/fc3_h16_L[16]_strict_seed44_ablation_mne_l2_l16_fc3_h16_rc5em02.pth,noise3_exp/ablation_mne_l2_vs_weight_decay_l16_fc3_h4_h8_h16_h32_h64_h128/strict_seed_train_rate_uniform_L16_T16/fc3_h16/mne_l2/seed_44/noise_sweep_matrix_mnist_fc3_h16_T16_mode_rate_uniform_schedule_normal_seed_44.csv
fc3_h16,16,mne_l2,44,16,16,rate_uniform,1.0,70.52,mnist-checkpoints/fc3_h16_L[16]_strict_seed44_ablation_mne_l2_l16_fc3_h16_rc5em02.pth,noise3_exp/ablation_mne_l2_vs_weight_decay_l16_fc3_h4_h8_h16_h32_h64_h128/strict_seed_train_rate_uniform_L16_T16/fc3_h16/mne_l2/seed_44/noise_sweep_matrix_mnist_fc3_h16_T16_mode_rate_uniform_schedule_normal_seed_44.csv
fc3_h16,16,weight_decay,40,16,16,rate_uniform,0.0,93.89,mnist-checkpoints/fc3_h16_L[16]_strict_seed40_ablation_wd_l16_fc3_h16.pth,noise3_exp/ablation_mne_l2_vs_weight_decay_l16_fc3_h4_h8_h16_h32_h64_h128/strict_seed_train_rate_uniform_L16_T16/fc3_h16/weight_decay/seed_40/noise_sweep_matrix_mnist_fc3_h16_T16_mode_rate_uniform_schedule_normal_seed_40.csv
fc3_h16,16,weight_decay,40,16,16,rate_uniform,0.05,93.92,mnist-checkpoints/fc3_h16_L[16]_strict_seed40_ablation_wd_l16_fc3_h16.pth,noise3_exp/ablation_mne_l2_vs_weight_decay_l16_fc3_h4_h8_h16_h32_h64_h128/strict_seed_train_rate_uniform_L16_T16/fc3_h16/weight_decay/seed_40/noise_sweep_matrix_mnist_fc3_h16_T16_mode_rate_uniform_schedule_normal_seed_40.csv
fc3_h16,16,weight_decay,40,16,16,rate_uniform,0.1,93.85,mnist-checkpoints/fc3_h16_L[16]_strict_seed40_ablation_wd_l16_fc3_h16.pth,noise3_exp/ablation_mne_l2_vs_weight_decay_l16_fc3_h4_h8_h16_h32_h64_h128/strict_seed_train_rate_uniform_L16_T16/fc3_h16/weight_decay/seed_40/noise_sweep_matrix_mnist_fc3_h16_T16_mode_rate_uniform_schedule_normal_seed_40.csv
fc3_h16,16,weight_decay,40,16,16,rate_uniform,0.15,93.91,mnist-checkpoints/fc3_h16_L[16]_strict_seed40_ablation_wd_l16_fc3_h16.pth,noise3_exp/ablation_mne_l2_vs_weight_decay_l16_fc3_h4_h8_h16_h32_h64_h128/strict_seed_train_rate_uniform_L16_T16/fc3_h16/weight_decay/seed_40/noise_sweep_matrix_mnist_fc3_h16_T16_mode_rate_uniform_schedule_normal_seed_40.csv
fc3_h16,16,weight_decay,40,16,16,rate_uniform,0.2,93.88,mnist-checkpoints/fc3_h16_L[16]_strict_seed40_ablation_wd_l16_fc3_h16.pth,noise3_exp/ablation_mne_l2_vs_weight_decay_l16_fc3_h4_h8_h16_h32_h64_h128/strict_seed_train_rate_uniform_L16_T16/fc3_h16/weight_decay/seed_40/noise_sweep_matrix_mnist_fc3_h16_T16_mode_rate_uniform_schedule_normal_seed_40.csv
fc3_h16,16,weight_decay,40,16,16,rate_uniform,0.25,93.85,mnist-checkpoints/fc3_h16_L[16]_strict_seed40_ablation_wd_l16_fc3_h16.pth,noise3_exp/ablation_mne_l2_vs_weight_decay_l16_fc3_h4_h8_h16_h32_h64_h128/strict_seed_train_rate_uniform_L16_T16/fc3_h16/weight_decay/seed_40/noise_sweep_matrix_mnist_fc3_h16_T16_mode_rate_uniform_schedule_normal_seed_40.csv
fc3_h16,16,weight_decay,40,16,16,rate_uniform,0.3,93.14,mnist-checkpoints/fc3_h16_L[16]_strict_seed40_ablation_wd_l16_fc3_h16.pth,noise3_exp/ablation_mne_l2_vs_weight_decay_l16_fc3_h4_h8_h16_h32_h64_h128/strict_seed_train_rate_uniform_L16_T16/fc3_h16/weight_decay/seed_40/noise_sweep_matrix_mnist_fc3_h16_T16_mode_rate_uniform_schedule_normal_seed_40.csv
fc3_h16,16,weight_decay,40,16,16,rate_uniform,0.35,93.25,mnist-checkpoints/fc3_h16_L[16]_strict_seed40_ablation_wd_l16_fc3_h16.pth,noise3_exp/ablation_mne_l2_vs_weight_decay_l16_fc3_h4_h8_h16_h32_h64_h128/strict_seed_train_rate_uniform_L16_T16/fc3_h16/weight_decay/seed_40/noise_sweep_matrix_mnist_fc3_h16_T16_mode_rate_uniform_schedule_normal_seed_40.csv
fc3_h16,16,weight_decay,40,16,16,rate_uniform,0.4,92.16,mnist-checkpoints/fc3_h16_L[16]_strict_seed40_ablation_wd_l16_fc3_h16.pth,noise3_exp/ablation_mne_l2_vs_weight_decay_l16_fc3_h4_h8_h16_h32_h64_h128/strict_seed_train_rate_uniform_L16_T16/fc3_h16/weight_decay/seed_40/noise_sweep_matrix_mnist_fc3_h16_T16_mode_rate_uniform_schedule_normal_seed_40.csv
fc3_h16,16,weight_decay,40,16,16,rate_uniform,0.45,90.92,mnist-checkpoints/fc3_h16_L[16]_strict_seed40_ablation_wd_l16_fc3_h16.pth,noise3_exp/ablation_mne_l2_vs_weight_decay_l16_fc3_h4_h8_h16_h32_h64_h128/strict_seed_train_rate_uniform_L16_T16/fc3_h16/weight_decay/seed_40/noise_sweep_matrix_mnist_fc3_h16_T16_mode_rate_uniform_schedule_normal_seed_40.csv
fc3_h16,16,weight_decay,40,16,16,rate_uniform,0.5,88.88,mnist-checkpoints/fc3_h16_L[16]_strict_seed40_ablation_wd_l16_fc3_h16.pth,noise3_exp/ablation_mne_l2_vs_weight_decay_l16_fc3_h4_h8_h16_h32_h64_h128/strict_seed_train_rate_uniform_L16_T16/fc3_h16/weight_decay/seed_40/noise_sweep_matrix_mnist_fc3_h16_T16_mode_rate_uniform_schedule_normal_seed_40.csv
fc3_h16,16,weight_decay,40,16,16,rate_uniform,0.55,85.46,mnist-checkpoints/fc3_h16_L[16]_strict_seed40_ablation_wd_l16_fc3_h16.pth,noise3_exp/ablation_mne_l2_vs_weight_decay_l16_fc3_h4_h8_h16_h32_h64_h128/strict_seed_train_rate_uniform_L16_T16/fc3_h16/weight_decay/seed_40/noise_sweep_matrix_mnist_fc3_h16_T16_mode_rate_uniform_schedule_normal_seed_40.csv
fc3_h16,16,weight_decay,40,16,16,rate_uniform,0.6,80.27,mnist-checkpoints/fc3_h16_L[16]_strict_seed40_ablation_wd_l16_fc3_h16.pth,noise3_exp/ablation_mne_l2_vs_weight_decay_l16_fc3_h4_h8_h16_h32_h64_h128/strict_seed_train_rate_uniform_L16_T16/fc3_h16/weight_decay/seed_40/noise_sweep_matrix_mnist_fc3_h16_T16_mode_rate_uniform_schedule_normal_seed_40.csv
fc3_h16,16,weight_decay,40,16,16,rate_uniform,0.65,75.59,mnist-checkpoints/fc3_h16_L[16]_strict_seed40_ablation_wd_l16_fc3_h16.pth,noise3_exp/ablation_mne_l2_vs_weight_decay_l16_fc3_h4_h8_h16_h32_h64_h128/strict_seed_train_rate_uniform_L16_T16/fc3_h16/weight_decay/seed_40/noise_sweep_matrix_mnist_fc3_h16_T16_mode_rate_uniform_schedule_normal_seed_40.csv
fc3_h16,16,weight_decay,40,16,16,rate_uniform,0.7,70.74,mnist-checkpoints/fc3_h16_L[16]_strict_seed40_ablation_wd_l16_fc3_h16.pth,noise3_exp/ablation_mne_l2_vs_weight_decay_l16_fc3_h4_h8_h16_h32_h64_h128/strict_seed_train_rate_uniform_L16_T16/fc3_h16/weight_decay/seed_40/noise_sweep_matrix_mnist_fc3_h16_T16_mode_rate_uniform_schedule_normal_seed_40.csv
fc3_h16,16,weight_decay,40,16,16,rate_uniform,0.75,65.6,mnist-checkpoints/fc3_h16_L[16]_strict_seed40_ablation_wd_l16_fc3_h16.pth,noise3_exp/ablation_mne_l2_vs_weight_decay_l16_fc3_h4_h8_h16_h32_h64_h128/strict_seed_train_rate_uniform_L16_T16/fc3_h16/weight_decay/seed_40/noise_sweep_matrix_mnist_fc3_h16_T16_mode_rate_uniform_schedule_normal_seed_40.csv
fc3_h16,16,weight_decay,40,16,16,rate_uniform,0.8,61.16,mnist-checkpoints/fc3_h16_L[16]_strict_seed40_ablation_wd_l16_fc3_h16.pth,noise3_exp/ablation_mne_l2_vs_weight_decay_l16_fc3_h4_h8_h16_h32_h64_h128/strict_seed_train_rate_uniform_L16_T16/fc3_h16/weight_decay/seed_40/noise_sweep_matrix_mnist_fc3_h16_T16_mode_rate_uniform_schedule_normal_seed_40.csv
fc3_h16,16,weight_decay,40,16,16,rate_uniform,0.85,56.6,mnist-checkpoints/fc3_h16_L[16]_strict_seed40_ablation_wd_l16_fc3_h16.pth,noise3_exp/ablation_mne_l2_vs_weight_decay_l16_fc3_h4_h8_h16_h32_h64_h128/strict_seed_train_rate_uniform_L16_T16/fc3_h16/weight_decay/seed_40/noise_sweep_matrix_mnist_fc3_h16_T16_mode_rate_uniform_schedule_normal_seed_40.csv
fc3_h16,16,weight_decay,40,16,16,rate_uniform,0.9,52.75,mnist-checkpoints/fc3_h16_L[16]_strict_seed40_ablation_wd_l16_fc3_h16.pth,noise3_exp/ablation_mne_l2_vs_weight_decay_l16_fc3_h4_h8_h16_h32_h64_h128/strict_seed_train_rate_uniform_L16_T16/fc3_h16/weight_decay/seed_40/noise_sweep_matrix_mnist_fc3_h16_T16_mode_rate_uniform_schedule_normal_seed_40.csv
fc3_h16,16,weight_decay,40,16,16,rate_uniform,0.95,49.73,mnist-checkpoints/fc3_h16_L[16]_strict_seed40_ablation_wd_l16_fc3_h16.pth,noise3_exp/ablation_mne_l2_vs_weight_decay_l16_fc3_h4_h8_h16_h32_h64_h128/strict_seed_train_rate_uniform_L16_T16/fc3_h16/weight_decay/seed_40/noise_sweep_matrix_mnist_fc3_h16_T16_mode_rate_uniform_schedule_normal_seed_40.csv
fc3_h16,16,weight_decay,40,16,16,rate_uniform,1.0,46.78,mnist-checkpoints/fc3_h16_L[16]_strict_seed40_ablation_wd_l16_fc3_h16.pth,noise3_exp/ablation_mne_l2_vs_weight_decay_l16_fc3_h4_h8_h16_h32_h64_h128/strict_seed_train_rate_uniform_L16_T16/fc3_h16/weight_decay/seed_40/noise_sweep_matrix_mnist_fc3_h16_T16_mode_rate_uniform_schedule_normal_seed_40.csv
fc3_h16,16,weight_decay,41,16,16,rate_uniform,0.0,94.07,mnist-checkpoints/fc3_h16_L[16]_strict_seed41_ablation_wd_l16_fc3_h16.pth,noise3_exp/ablation_mne_l2_vs_weight_decay_l16_fc3_h4_h8_h16_h32_h64_h128/strict_seed_train_rate_uniform_L16_T16/fc3_h16/weight_decay/seed_41/noise_sweep_matrix_mnist_fc3_h16_T16_mode_rate_uniform_schedule_normal_seed_41.csv
fc3_h16,16,weight_decay,41,16,16,rate_uniform,0.05,93.89,mnist-checkpoints/fc3_h16_L[16]_strict_seed41_ablation_wd_l16_fc3_h16.pth,noise3_exp/ablation_mne_l2_vs_weight_decay_l16_fc3_h4_h8_h16_h32_h64_h128/strict_seed_train_rate_uniform_L16_T16/fc3_h16/weight_decay/seed_41/noise_sweep_matrix_mnist_fc3_h16_T16_mode_rate_uniform_schedule_normal_seed_41.csv
fc3_h16,16,weight_decay,41,16,16,rate_uniform,0.1,94.04,mnist-checkpoints/fc3_h16_L[16]_strict_seed41_ablation_wd_l16_fc3_h16.pth,noise3_exp/ablation_mne_l2_vs_weight_decay_l16_fc3_h4_h8_h16_h32_h64_h128/strict_seed_train_rate_uniform_L16_T16/fc3_h16/weight_decay/seed_41/noise_sweep_matrix_mnist_fc3_h16_T16_mode_rate_uniform_schedule_normal_seed_41.csv
fc3_h16,16,weight_decay,41,16,16,rate_uniform,0.15,94.08,mnist-checkpoints/fc3_h16_L[16]_strict_seed41_ablation_wd_l16_fc3_h16.pth,noise3_exp/ablation_mne_l2_vs_weight_decay_l16_fc3_h4_h8_h16_h32_h64_h128/strict_seed_train_rate_uniform_L16_T16/fc3_h16/weight_decay/seed_41/noise_sweep_matrix_mnist_fc3_h16_T16_mode_rate_uniform_schedule_normal_seed_41.csv
fc3_h16,16,weight_decay,41,16,16,rate_uniform,0.2,93.8,mnist-checkpoints/fc3_h16_L[16]_strict_seed41_ablation_wd_l16_fc3_h16.pth,noise3_exp/ablation_mne_l2_vs_weight_decay_l16_fc3_h4_h8_h16_h32_h64_h128/strict_seed_train_rate_uniform_L16_T16/fc3_h16/weight_decay/seed_41/noise_sweep_matrix_mnist_fc3_h16_T16_mode_rate_uniform_schedule_normal_seed_41.csv
fc3_h16,16,weight_decay,41,16,16,rate_uniform,0.25,93.74,mnist-checkpoints/fc3_h16_L[16]_strict_seed41_ablation_wd_l16_fc3_h16.pth,noise3_exp/ablation_mne_l2_vs_weight_decay_l16_fc3_h4_h8_h16_h32_h64_h128/strict_seed_train_rate_uniform_L16_T16/fc3_h16/weight_decay/seed_41/noise_sweep_matrix_mnist_fc3_h16_T16_mode_rate_uniform_schedule_normal_seed_41.csv
fc3_h16,16,weight_decay,41,16,16,rate_uniform,0.3,93.8,mnist-checkpoints/fc3_h16_L[16]_strict_seed41_ablation_wd_l16_fc3_h16.pth,noise3_exp/ablation_mne_l2_vs_weight_decay_l16_fc3_h4_h8_h16_h32_h64_h128/strict_seed_train_rate_uniform_L16_T16/fc3_h16/weight_decay/seed_41/noise_sweep_matrix_mnist_fc3_h16_T16_mode_rate_uniform_schedule_normal_seed_41.csv
fc3_h16,16,weight_decay,41,16,16,rate_uniform,0.35,93.42,mnist-checkpoints/fc3_h16_L[16]_strict_seed41_ablation_wd_l16_fc3_h16.pth,noise3_exp/ablation_mne_l2_vs_weight_decay_l16_fc3_h4_h8_h16_h32_h64_h128/strict_seed_train_rate_uniform_L16_T16/fc3_h16/weight_decay/seed_41/noise_sweep_matrix_mnist_fc3_h16_T16_mode_rate_uniform_schedule_normal_seed_41.csv
fc3_h16,16,weight_decay,41,16,16,rate_uniform,0.4,92.19,mnist-checkpoints/fc3_h16_L[16]_strict_seed41_ablation_wd_l16_fc3_h16.pth,noise3_exp/ablation_mne_l2_vs_weight_decay_l16_fc3_h4_h8_h16_h32_h64_h128/strict_seed_train_rate_uniform_L16_T16/fc3_h16/weight_decay/seed_41/noise_sweep_matrix_mnist_fc3_h16_T16_mode_rate_uniform_schedule_normal_seed_41.csv
fc3_h16,16,weight_decay,41,16,16,rate_uniform,0.45,90.45,mnist-checkpoints/fc3_h16_L[16]_strict_seed41_ablation_wd_l16_fc3_h16.pth,noise3_exp/ablation_mne_l2_vs_weight_decay_l16_fc3_h4_h8_h16_h32_h64_h128/strict_seed_train_rate_uniform_L16_T16/fc3_h16/weight_decay/seed_41/noise_sweep_matrix_mnist_fc3_h16_T16_mode_rate_uniform_schedule_normal_seed_41.csv
fc3_h16,16,weight_decay,41,16,16,rate_uniform,0.5,87.32,mnist-checkpoints/fc3_h16_L[16]_strict_seed41_ablation_wd_l16_fc3_h16.pth,noise3_exp/ablation_mne_l2_vs_weight_decay_l16_fc3_h4_h8_h16_h32_h64_h128/strict_seed_train_rate_uniform_L16_T16/fc3_h16/weight_decay/seed_41/noise_sweep_matrix_mnist_fc3_h16_T16_mode_rate_uniform_schedule_normal_seed_41.csv
fc3_h16,16,weight_decay,41,16,16,rate_uniform,0.55,82.59,mnist-checkpoints/fc3_h16_L[16]_strict_seed41_ablation_wd_l16_fc3_h16.pth,noise3_exp/ablation_mne_l2_vs_weight_decay_l16_fc3_h4_h8_h16_h32_h64_h128/strict_seed_train_rate_uniform_L16_T16/fc3_h16/weight_decay/seed_41/noise_sweep_matrix_mnist_fc3_h16_T16_mode_rate_uniform_schedule_normal_seed_41.csv
fc3_h16,16,weight_decay,41,16,16,rate_uniform,0.6,76.55,mnist-checkpoints/fc3_h16_L[16]_strict_seed41_ablation_wd_l16_fc3_h16.pth,noise3_exp/ablation_mne_l2_vs_weight_decay_l16_fc3_h4_h8_h16_h32_h64_h128/strict_seed_train_rate_uniform_L16_T16/fc3_h16/weight_decay/seed_41/noise_sweep_matrix_mnist_fc3_h16_T16_mode_rate_uniform_schedule_normal_seed_41.csv
fc3_h16,16,weight_decay,41,16,16,rate_uniform,0.65,70.24,mnist-checkpoints/fc3_h16_L[16]_strict_seed41_ablation_wd_l16_fc3_h16.pth,noise3_exp/ablation_mne_l2_vs_weight_decay_l16_fc3_h4_h8_h16_h32_h64_h128/strict_seed_train_rate_uniform_L16_T16/fc3_h16/weight_decay/seed_41/noise_sweep_matrix_mnist_fc3_h16_T16_mode_rate_uniform_schedule_normal_seed_41.csv
fc3_h16,16,weight_decay,41,16,16,rate_uniform,0.7,64.6,mnist-checkpoints/fc3_h16_L[16]_strict_seed41_ablation_wd_l16_fc3_h16.pth,noise3_exp/ablation_mne_l2_vs_weight_decay_l16_fc3_h4_h8_h16_h32_h64_h128/strict_seed_train_rate_uniform_L16_T16/fc3_h16/weight_decay/seed_41/noise_sweep_matrix_mnist_fc3_h16_T16_mode_rate_uniform_schedule_normal_seed_41.csv
fc3_h16,16,weight_decay,41,16,16,rate_uniform,0.75,59.16,mnist-checkpoints/fc3_h16_L[16]_strict_seed41_ablation_wd_l16_fc3_h16.pth,noise3_exp/ablation_mne_l2_vs_weight_decay_l16_fc3_h4_h8_h16_h32_h64_h128/strict_seed_train_rate_uniform_L16_T16/fc3_h16/weight_decay/seed_41/noise_sweep_matrix_mnist_fc3_h16_T16_mode_rate_uniform_schedule_normal_seed_41.csv
fc3_h16,16,weight_decay,41,16,16,rate_uniform,0.8,54.82,mnist-checkpoints/fc3_h16_L[16]_strict_seed41_ablation_wd_l16_fc3_h16.pth,noise3_exp/ablation_mne_l2_vs_weight_decay_l16_fc3_h4_h8_h16_h32_h64_h128/strict_seed_train_rate_uniform_L16_T16/fc3_h16/weight_decay/seed_41/noise_sweep_matrix_mnist_fc3_h16_T16_mode_rate_uniform_schedule_normal_seed_41.csv
fc3_h16,16,weight_decay,41,16,16,rate_uniform,0.85,51.01,mnist-checkpoints/fc3_h16_L[16]_strict_seed41_ablation_wd_l16_fc3_h16.pth,noise3_exp/ablation_mne_l2_vs_weight_decay_l16_fc3_h4_h8_h16_h32_h64_h128/strict_seed_train_rate_uniform_L16_T16/fc3_h16/weight_decay/seed_41/noise_sweep_matrix_mnist_fc3_h16_T16_mode_rate_uniform_schedule_normal_seed_41.csv
fc3_h16,16,weight_decay,41,16,16,rate_uniform,0.9,48.66,mnist-checkpoints/fc3_h16_L[16]_strict_seed41_ablation_wd_l16_fc3_h16.pth,noise3_exp/ablation_mne_l2_vs_weight_decay_l16_fc3_h4_h8_h16_h32_h64_h128/strict_seed_train_rate_uniform_L16_T16/fc3_h16/weight_decay/seed_41/noise_sweep_matrix_mnist_fc3_h16_T16_mode_rate_uniform_schedule_normal_seed_41.csv
fc3_h16,16,weight_decay,41,16,16,rate_uniform,0.95,45.58,mnist-checkpoints/fc3_h16_L[16]_strict_seed41_ablation_wd_l16_fc3_h16.pth,noise3_exp/ablation_mne_l2_vs_weight_decay_l16_fc3_h4_h8_h16_h32_h64_h128/strict_seed_train_rate_uniform_L16_T16/fc3_h16/weight_decay/seed_41/noise_sweep_matrix_mnist_fc3_h16_T16_mode_rate_uniform_schedule_normal_seed_41.csv
fc3_h16,16,weight_decay,41,16,16,rate_uniform,1.0,43.75,mnist-checkpoints/fc3_h16_L[16]_strict_seed41_ablation_wd_l16_fc3_h16.pth,noise3_exp/ablation_mne_l2_vs_weight_decay_l16_fc3_h4_h8_h16_h32_h64_h128/strict_seed_train_rate_uniform_L16_T16/fc3_h16/weight_decay/seed_41/noise_sweep_matrix_mnist_fc3_h16_T16_mode_rate_uniform_schedule_normal_seed_41.csv
fc3_h16,16,weight_decay,42,16,16,rate_uniform,0.0,94.67,mnist-checkpoints/fc3_h16_L[16]_strict_seed42_ablation_wd_l16_fc3_h16.pth,noise3_exp/ablation_mne_l2_vs_weight_decay_l16_fc3_h4_h8_h16_h32_h64_h128/strict_seed_train_rate_uniform_L16_T16/fc3_h16/weight_decay/seed_42/noise_sweep_matrix_mnist_fc3_h16_T16_mode_rate_uniform_schedule_normal_seed_42.csv
fc3_h16,16,weight_decay,42,16,16,rate_uniform,0.05,94.65,mnist-checkpoints/fc3_h16_L[16]_strict_seed42_ablation_wd_l16_fc3_h16.pth,noise3_exp/ablation_mne_l2_vs_weight_decay_l16_fc3_h4_h8_h16_h32_h64_h128/strict_seed_train_rate_uniform_L16_T16/fc3_h16/weight_decay/seed_42/noise_sweep_matrix_mnist_fc3_h16_T16_mode_rate_uniform_schedule_normal_seed_42.csv
fc3_h16,16,weight_decay,42,16,16,rate_uniform,0.1,94.61,mnist-checkpoints/fc3_h16_L[16]_strict_seed42_ablation_wd_l16_fc3_h16.pth,noise3_exp/ablation_mne_l2_vs_weight_decay_l16_fc3_h4_h8_h16_h32_h64_h128/strict_seed_train_rate_uniform_L16_T16/fc3_h16/weight_decay/seed_42/noise_sweep_matrix_mnist_fc3_h16_T16_mode_rate_uniform_schedule_normal_seed_42.csv
fc3_h16,16,weight_decay,42,16,16,rate_uniform,0.15,94.46,mnist-checkpoints/fc3_h16_L[16]_strict_seed42_ablation_wd_l16_fc3_h16.pth,noise3_exp/ablation_mne_l2_vs_weight_decay_l16_fc3_h4_h8_h16_h32_h64_h128/strict_seed_train_rate_uniform_L16_T16/fc3_h16/weight_decay/seed_42/noise_sweep_matrix_mnist_fc3_h16_T16_mode_rate_uniform_schedule_normal_seed_42.csv
fc3_h16,16,weight_decay,42,16,16,rate_uniform,0.2,94.55,mnist-checkpoints/fc3_h16_L[16]_strict_seed42_ablation_wd_l16_fc3_h16.pth,noise3_exp/ablation_mne_l2_vs_weight_decay_l16_fc3_h4_h8_h16_h32_h64_h128/strict_seed_train_rate_uniform_L16_T16/fc3_h16/weight_decay/seed_42/noise_sweep_matrix_mnist_fc3_h16_T16_mode_rate_uniform_schedule_normal_seed_42.csv
fc3_h16,16,weight_decay,42,16,16,rate_uniform,0.25,94.26,mnist-checkpoints/fc3_h16_L[16]_strict_seed42_ablation_wd_l16_fc3_h16.pth,noise3_exp/ablation_mne_l2_vs_weight_decay_l16_fc3_h4_h8_h16_h32_h64_h128/strict_seed_train_rate_uniform_L16_T16/fc3_h16/weight_decay/seed_42/noise_sweep_matrix_mnist_fc3_h16_T16_mode_rate_uniform_schedule_normal_seed_42.csv
fc3_h16,16,weight_decay,42,16,16,rate_uniform,0.3,94.22,mnist-checkpoints/fc3_h16_L[16]_strict_seed42_ablation_wd_l16_fc3_h16.pth,noise3_exp/ablation_mne_l2_vs_weight_decay_l16_fc3_h4_h8_h16_h32_h64_h128/strict_seed_train_rate_uniform_L16_T16/fc3_h16/weight_decay/seed_42/noise_sweep_matrix_mnist_fc3_h16_T16_mode_rate_uniform_schedule_normal_seed_42.csv
fc3_h16,16,weight_decay,42,16,16,rate_uniform,0.35,94.06,mnist-checkpoints/fc3_h16_L[16]_strict_seed42_ablation_wd_l16_fc3_h16.pth,noise3_exp/ablation_mne_l2_vs_weight_decay_l16_fc3_h4_h8_h16_h32_h64_h128/strict_seed_train_rate_uniform_L16_T16/fc3_h16/weight_decay/seed_42/noise_sweep_matrix_mnist_fc3_h16_T16_mode_rate_uniform_schedule_normal_seed_42.csv
fc3_h16,16,weight_decay,42,16,16,rate_uniform,0.4,93.38,mnist-checkpoints/fc3_h16_L[16]_strict_seed42_ablation_wd_l16_fc3_h16.pth,noise3_exp/ablation_mne_l2_vs_weight_decay_l16_fc3_h4_h8_h16_h32_h64_h128/strict_seed_train_rate_uniform_L16_T16/fc3_h16/weight_decay/seed_42/noise_sweep_matrix_mnist_fc3_h16_T16_mode_rate_uniform_schedule_normal_seed_42.csv
fc3_h16,16,weight_decay,42,16,16,rate_uniform,0.45,92.43,mnist-checkpoints/fc3_h16_L[16]_strict_seed42_ablation_wd_l16_fc3_h16.pth,noise3_exp/ablation_mne_l2_vs_weight_decay_l16_fc3_h4_h8_h16_h32_h64_h128/strict_seed_train_rate_uniform_L16_T16/fc3_h16/weight_decay/seed_42/noise_sweep_matrix_mnist_fc3_h16_T16_mode_rate_uniform_schedule_normal_seed_42.csv
fc3_h16,16,weight_decay,42,16,16,rate_uniform,0.5,90.82,mnist-checkpoints/fc3_h16_L[16]_strict_seed42_ablation_wd_l16_fc3_h16.pth,noise3_exp/ablation_mne_l2_vs_weight_decay_l16_fc3_h4_h8_h16_h32_h64_h128/strict_seed_train_rate_uniform_L16_T16/fc3_h16/weight_decay/seed_42/noise_sweep_matrix_mnist_fc3_h16_T16_mode_rate_uniform_schedule_normal_seed_42.csv
fc3_h16,16,weight_decay,42,16,16,rate_uniform,0.55,88.95,mnist-checkpoints/fc3_h16_L[16]_strict_seed42_ablation_wd_l16_fc3_h16.pth,noise3_exp/ablation_mne_l2_vs_weight_decay_l16_fc3_h4_h8_h16_h32_h64_h128/strict_seed_train_rate_uniform_L16_T16/fc3_h16/weight_decay/seed_42/noise_sweep_matrix_mnist_fc3_h16_T16_mode_rate_uniform_schedule_normal_seed_42.csv
fc3_h16,16,weight_decay,42,16,16,rate_uniform,0.6,85.61,mnist-checkpoints/fc3_h16_L[16]_strict_seed42_ablation_wd_l16_fc3_h16.pth,noise3_exp/ablation_mne_l2_vs_weight_decay_l16_fc3_h4_h8_h16_h32_h64_h128/strict_seed_train_rate_uniform_L16_T16/fc3_h16/weight_decay/seed_42/noise_sweep_matrix_mnist_fc3_h16_T16_mode_rate_uniform_schedule_normal_seed_42.csv
fc3_h16,16,weight_decay,42,16,16,rate_uniform,0.65,82.17,mnist-checkpoints/fc3_h16_L[16]_strict_seed42_ablation_wd_l16_fc3_h16.pth,noise3_exp/ablation_mne_l2_vs_weight_decay_l16_fc3_h4_h8_h16_h32_h64_h128/strict_seed_train_rate_uniform_L16_T16/fc3_h16/weight_decay/seed_42/noise_sweep_matrix_mnist_fc3_h16_T16_mode_rate_uniform_schedule_normal_seed_42.csv
fc3_h16,16,weight_decay,42,16,16,rate_uniform,0.7,77.45,mnist-checkpoints/fc3_h16_L[16]_strict_seed42_ablation_wd_l16_fc3_h16.pth,noise3_exp/ablation_mne_l2_vs_weight_decay_l16_fc3_h4_h8_h16_h32_h64_h128/strict_seed_train_rate_uniform_L16_T16/fc3_h16/weight_decay/seed_42/noise_sweep_matrix_mnist_fc3_h16_T16_mode_rate_uniform_schedule_normal_seed_42.csv
fc3_h16,16,weight_decay,42,16,16,rate_uniform,0.75,73.85,mnist-checkpoints/fc3_h16_L[16]_strict_seed42_ablation_wd_l16_fc3_h16.pth,noise3_exp/ablation_mne_l2_vs_weight_decay_l16_fc3_h4_h8_h16_h32_h64_h128/strict_seed_train_rate_uniform_L16_T16/fc3_h16/weight_decay/seed_42/noise_sweep_matrix_mnist_fc3_h16_T16_mode_rate_uniform_schedule_normal_seed_42.csv
fc3_h16,16,weight_decay,42,16,16,rate_uniform,0.8,70.23,mnist-checkpoints/fc3_h16_L[16]_strict_seed42_ablation_wd_l16_fc3_h16.pth,noise3_exp/ablation_mne_l2_vs_weight_decay_l16_fc3_h4_h8_h16_h32_h64_h128/strict_seed_train_rate_uniform_L16_T16/fc3_h16/weight_decay/seed_42/noise_sweep_matrix_mnist_fc3_h16_T16_mode_rate_uniform_schedule_normal_seed_42.csv
fc3_h16,16,weight_decay,42,16,16,rate_uniform,0.85,65.7,mnist-checkpoints/fc3_h16_L[16]_strict_seed42_ablation_wd_l16_fc3_h16.pth,noise3_exp/ablation_mne_l2_vs_weight_decay_l16_fc3_h4_h8_h16_h32_h64_h128/strict_seed_train_rate_uniform_L16_T16/fc3_h16/weight_decay/seed_42/noise_sweep_matrix_mnist_fc3_h16_T16_mode_rate_uniform_schedule_normal_seed_42.csv
fc3_h16,16,weight_decay,42,16,16,rate_uniform,0.9,62.6,mnist-checkpoints/fc3_h16_L[16]_strict_seed42_ablation_wd_l16_fc3_h16.pth,noise3_exp/ablation_mne_l2_vs_weight_decay_l16_fc3_h4_h8_h16_h32_h64_h128/strict_seed_train_rate_uniform_L16_T16/fc3_h16/weight_decay/seed_42/noise_sweep_matrix_mnist_fc3_h16_T16_mode_rate_uniform_schedule_normal_seed_42.csv
fc3_h16,16,weight_decay,42,16,16,rate_uniform,0.95,58.14,mnist-checkpoints/fc3_h16_L[16]_strict_seed42_ablation_wd_l16_fc3_h16.pth,noise3_exp/ablation_mne_l2_vs_weight_decay_l16_fc3_h4_h8_h16_h32_h64_h128/strict_seed_train_rate_uniform_L16_T16/fc3_h16/weight_decay/seed_42/noise_sweep_matrix_mnist_fc3_h16_T16_mode_rate_uniform_schedule_normal_seed_42.csv
fc3_h16,16,weight_decay,42,16,16,rate_uniform,1.0,55.19,mnist-checkpoints/fc3_h16_L[16]_strict_seed42_ablation_wd_l16_fc3_h16.pth,noise3_exp/ablation_mne_l2_vs_weight_decay_l16_fc3_h4_h8_h16_h32_h64_h128/strict_seed_train_rate_uniform_L16_T16/fc3_h16/weight_decay/seed_42/noise_sweep_matrix_mnist_fc3_h16_T16_mode_rate_uniform_schedule_normal_seed_42.csv
fc3_h16,16,weight_decay,43,16,16,rate_uniform,0.0,95.42,mnist-checkpoints/fc3_h16_L[16]_strict_seed43_ablation_wd_l16_fc3_h16.pth,noise3_exp/ablation_mne_l2_vs_weight_decay_l16_fc3_h4_h8_h16_h32_h64_h128/strict_seed_train_rate_uniform_L16_T16/fc3_h16/weight_decay/seed_43/noise_sweep_matrix_mnist_fc3_h16_T16_mode_rate_uniform_schedule_normal_seed_43.csv
fc3_h16,16,weight_decay,43,16,16,rate_uniform,0.05,95.39,mnist-checkpoints/fc3_h16_L[16]_strict_seed43_ablation_wd_l16_fc3_h16.pth,noise3_exp/ablation_mne_l2_vs_weight_decay_l16_fc3_h4_h8_h16_h32_h64_h128/strict_seed_train_rate_uniform_L16_T16/fc3_h16/weight_decay/seed_43/noise_sweep_matrix_mnist_fc3_h16_T16_mode_rate_uniform_schedule_normal_seed_43.csv
fc3_h16,16,weight_decay,43,16,16,rate_uniform,0.1,95.36,mnist-checkpoints/fc3_h16_L[16]_strict_seed43_ablation_wd_l16_fc3_h16.pth,noise3_exp/ablation_mne_l2_vs_weight_decay_l16_fc3_h4_h8_h16_h32_h64_h128/strict_seed_train_rate_uniform_L16_T16/fc3_h16/weight_decay/seed_43/noise_sweep_matrix_mnist_fc3_h16_T16_mode_rate_uniform_schedule_normal_seed_43.csv
fc3_h16,16,weight_decay,43,16,16,rate_uniform,0.15,95.22,mnist-checkpoints/fc3_h16_L[16]_strict_seed43_ablation_wd_l16_fc3_h16.pth,noise3_exp/ablation_mne_l2_vs_weight_decay_l16_fc3_h4_h8_h16_h32_h64_h128/strict_seed_train_rate_uniform_L16_T16/fc3_h16/weight_decay/seed_43/noise_sweep_matrix_mnist_fc3_h16_T16_mode_rate_uniform_schedule_normal_seed_43.csv
fc3_h16,16,weight_decay,43,16,16,rate_uniform,0.2,95.32,mnist-checkpoints/fc3_h16_L[16]_strict_seed43_ablation_wd_l16_fc3_h16.pth,noise3_exp/ablation_mne_l2_vs_weight_decay_l16_fc3_h4_h8_h16_h32_h64_h128/strict_seed_train_rate_uniform_L16_T16/fc3_h16/weight_decay/seed_43/noise_sweep_matrix_mnist_fc3_h16_T16_mode_rate_uniform_schedule_normal_seed_43.csv
fc3_h16,16,weight_decay,43,16,16,rate_uniform,0.25,95.14,mnist-checkpoints/fc3_h16_L[16]_strict_seed43_ablation_wd_l16_fc3_h16.pth,noise3_exp/ablation_mne_l2_vs_weight_decay_l16_fc3_h4_h8_h16_h32_h64_h128/strict_seed_train_rate_uniform_L16_T16/fc3_h16/weight_decay/seed_43/noise_sweep_matrix_mnist_fc3_h16_T16_mode_rate_uniform_schedule_normal_seed_43.csv
fc3_h16,16,weight_decay,43,16,16,rate_uniform,0.3,95.02,mnist-checkpoints/fc3_h16_L[16]_strict_seed43_ablation_wd_l16_fc3_h16.pth,noise3_exp/ablation_mne_l2_vs_weight_decay_l16_fc3_h4_h8_h16_h32_h64_h128/strict_seed_train_rate_uniform_L16_T16/fc3_h16/weight_decay/seed_43/noise_sweep_matrix_mnist_fc3_h16_T16_mode_rate_uniform_schedule_normal_seed_43.csv
fc3_h16,16,weight_decay,43,16,16,rate_uniform,0.35,95.12,mnist-checkpoints/fc3_h16_L[16]_strict_seed43_ablation_wd_l16_fc3_h16.pth,noise3_exp/ablation_mne_l2_vs_weight_decay_l16_fc3_h4_h8_h16_h32_h64_h128/strict_seed_train_rate_uniform_L16_T16/fc3_h16/weight_decay/seed_43/noise_sweep_matrix_mnist_fc3_h16_T16_mode_rate_uniform_schedule_normal_seed_43.csv
fc3_h16,16,weight_decay,43,16,16,rate_uniform,0.4,94.79,mnist-checkpoints/fc3_h16_L[16]_strict_seed43_ablation_wd_l16_fc3_h16.pth,noise3_exp/ablation_mne_l2_vs_weight_decay_l16_fc3_h4_h8_h16_h32_h64_h128/strict_seed_train_rate_uniform_L16_T16/fc3_h16/weight_decay/seed_43/noise_sweep_matrix_mnist_fc3_h16_T16_mode_rate_uniform_schedule_normal_seed_43.csv
fc3_h16,16,weight_decay,43,16,16,rate_uniform,0.45,94.18,mnist-checkpoints/fc3_h16_L[16]_strict_seed43_ablation_wd_l16_fc3_h16.pth,noise3_exp/ablation_mne_l2_vs_weight_decay_l16_fc3_h4_h8_h16_h32_h64_h128/strict_seed_train_rate_uniform_L16_T16/fc3_h16/weight_decay/seed_43/noise_sweep_matrix_mnist_fc3_h16_T16_mode_rate_uniform_schedule_normal_seed_43.csv
fc3_h16,16,weight_decay,43,16,16,rate_uniform,0.5,93.18,mnist-checkpoints/fc3_h16_L[16]_strict_seed43_ablation_wd_l16_fc3_h16.pth,noise3_exp/ablation_mne_l2_vs_weight_decay_l16_fc3_h4_h8_h16_h32_h64_h128/strict_seed_train_rate_uniform_L16_T16/fc3_h16/weight_decay/seed_43/noise_sweep_matrix_mnist_fc3_h16_T16_mode_rate_uniform_schedule_normal_seed_43.csv
fc3_h16,16,weight_decay,43,16,16,rate_uniform,0.55,91.67,mnist-checkpoints/fc3_h16_L[16]_strict_seed43_ablation_wd_l16_fc3_h16.pth,noise3_exp/ablation_mne_l2_vs_weight_decay_l16_fc3_h4_h8_h16_h32_h64_h128/strict_seed_train_rate_uniform_L16_T16/fc3_h16/weight_decay/seed_43/noise_sweep_matrix_mnist_fc3_h16_T16_mode_rate_uniform_schedule_normal_seed_43.csv
fc3_h16,16,weight_decay,43,16,16,rate_uniform,0.6,89.45,mnist-checkpoints/fc3_h16_L[16]_strict_seed43_ablation_wd_l16_fc3_h16.pth,noise3_exp/ablation_mne_l2_vs_weight_decay_l16_fc3_h4_h8_h16_h32_h64_h128/strict_seed_train_rate_uniform_L16_T16/fc3_h16/weight_decay/seed_43/noise_sweep_matrix_mnist_fc3_h16_T16_mode_rate_uniform_schedule_normal_seed_43.csv
fc3_h16,16,weight_decay,43,16,16,rate_uniform,0.65,86.55,mnist-checkpoints/fc3_h16_L[16]_strict_seed43_ablation_wd_l16_fc3_h16.pth,noise3_exp/ablation_mne_l2_vs_weight_decay_l16_fc3_h4_h8_h16_h32_h64_h128/strict_seed_train_rate_uniform_L16_T16/fc3_h16/weight_decay/seed_43/noise_sweep_matrix_mnist_fc3_h16_T16_mode_rate_uniform_schedule_normal_seed_43.csv
fc3_h16,16,weight_decay,43,16,16,rate_uniform,0.7,83.29,mnist-checkpoints/fc3_h16_L[16]_strict_seed43_ablation_wd_l16_fc3_h16.pth,noise3_exp/ablation_mne_l2_vs_weight_decay_l16_fc3_h4_h8_h16_h32_h64_h128/strict_seed_train_rate_uniform_L16_T16/fc3_h16/weight_decay/seed_43/noise_sweep_matrix_mnist_fc3_h16_T16_mode_rate_uniform_schedule_normal_seed_43.csv
fc3_h16,16,weight_decay,43,16,16,rate_uniform,0.75,80.79,mnist-checkpoints/fc3_h16_L[16]_strict_seed43_ablation_wd_l16_fc3_h16.pth,noise3_exp/ablation_mne_l2_vs_weight_decay_l16_fc3_h4_h8_h16_h32_h64_h128/strict_seed_train_rate_uniform_L16_T16/fc3_h16/weight_decay/seed_43/noise_sweep_matrix_mnist_fc3_h16_T16_mode_rate_uniform_schedule_normal_seed_43.csv
fc3_h16,16,weight_decay,43,16,16,rate_uniform,0.8,77.47,mnist-checkpoints/fc3_h16_L[16]_strict_seed43_ablation_wd_l16_fc3_h16.pth,noise3_exp/ablation_mne_l2_vs_weight_decay_l16_fc3_h4_h8_h16_h32_h64_h128/strict_seed_train_rate_uniform_L16_T16/fc3_h16/weight_decay/seed_43/noise_sweep_matrix_mnist_fc3_h16_T16_mode_rate_uniform_schedule_normal_seed_43.csv
fc3_h16,16,weight_decay,43,16,16,rate_uniform,0.85,74.24,mnist-checkpoints/fc3_h16_L[16]_strict_seed43_ablation_wd_l16_fc3_h16.pth,noise3_exp/ablation_mne_l2_vs_weight_decay_l16_fc3_h4_h8_h16_h32_h64_h128/strict_seed_train_rate_uniform_L16_T16/fc3_h16/weight_decay/seed_43/noise_sweep_matrix_mnist_fc3_h16_T16_mode_rate_uniform_schedule_normal_seed_43.csv
fc3_h16,16,weight_decay,43,16,16,rate_uniform,0.9,72.01,mnist-checkpoints/fc3_h16_L[16]_strict_seed43_ablation_wd_l16_fc3_h16.pth,noise3_exp/ablation_mne_l2_vs_weight_decay_l16_fc3_h4_h8_h16_h32_h64_h128/strict_seed_train_rate_uniform_L16_T16/fc3_h16/weight_decay/seed_43/noise_sweep_matrix_mnist_fc3_h16_T16_mode_rate_uniform_schedule_normal_seed_43.csv
fc3_h16,16,weight_decay,43,16,16,rate_uniform,0.95,69.65,mnist-checkpoints/fc3_h16_L[16]_strict_seed43_ablation_wd_l16_fc3_h16.pth,noise3_exp/ablation_mne_l2_vs_weight_decay_l16_fc3_h4_h8_h16_h32_h64_h128/strict_seed_train_rate_uniform_L16_T16/fc3_h16/weight_decay/seed_43/noise_sweep_matrix_mnist_fc3_h16_T16_mode_rate_uniform_schedule_normal_seed_43.csv
fc3_h16,16,weight_decay,43,16,16,rate_uniform,1.0,67.16,mnist-checkpoints/fc3_h16_L[16]_strict_seed43_ablation_wd_l16_fc3_h16.pth,noise3_exp/ablation_mne_l2_vs_weight_decay_l16_fc3_h4_h8_h16_h32_h64_h128/strict_seed_train_rate_uniform_L16_T16/fc3_h16/weight_decay/seed_43/noise_sweep_matrix_mnist_fc3_h16_T16_mode_rate_uniform_schedule_normal_seed_43.csv
fc3_h16,16,weight_decay,44,16,16,rate_uniform,0.0,91.78,mnist-checkpoints/fc3_h16_L[16]_strict_seed44_ablation_wd_l16_fc3_h16.pth,noise3_exp/ablation_mne_l2_vs_weight_decay_l16_fc3_h4_h8_h16_h32_h64_h128/strict_seed_train_rate_uniform_L16_T16/fc3_h16/weight_decay/seed_44/noise_sweep_matrix_mnist_fc3_h16_T16_mode_rate_uniform_schedule_normal_seed_44.csv
fc3_h16,16,weight_decay,44,16,16,rate_uniform,0.05,91.86,mnist-checkpoints/fc3_h16_L[16]_strict_seed44_ablation_wd_l16_fc3_h16.pth,noise3_exp/ablation_mne_l2_vs_weight_decay_l16_fc3_h4_h8_h16_h32_h64_h128/strict_seed_train_rate_uniform_L16_T16/fc3_h16/weight_decay/seed_44/noise_sweep_matrix_mnist_fc3_h16_T16_mode_rate_uniform_schedule_normal_seed_44.csv
fc3_h16,16,weight_decay,44,16,16,rate_uniform,0.1,91.8,mnist-checkpoints/fc3_h16_L[16]_strict_seed44_ablation_wd_l16_fc3_h16.pth,noise3_exp/ablation_mne_l2_vs_weight_decay_l16_fc3_h4_h8_h16_h32_h64_h128/strict_seed_train_rate_uniform_L16_T16/fc3_h16/weight_decay/seed_44/noise_sweep_matrix_mnist_fc3_h16_T16_mode_rate_uniform_schedule_normal_seed_44.csv
fc3_h16,16,weight_decay,44,16,16,rate_uniform,0.15,91.66,mnist-checkpoints/fc3_h16_L[16]_strict_seed44_ablation_wd_l16_fc3_h16.pth,noise3_exp/ablation_mne_l2_vs_weight_decay_l16_fc3_h4_h8_h16_h32_h64_h128/strict_seed_train_rate_uniform_L16_T16/fc3_h16/weight_decay/seed_44/noise_sweep_matrix_mnist_fc3_h16_T16_mode_rate_uniform_schedule_normal_seed_44.csv
fc3_h16,16,weight_decay,44,16,16,rate_uniform,0.2,91.64,mnist-checkpoints/fc3_h16_L[16]_strict_seed44_ablation_wd_l16_fc3_h16.pth,noise3_exp/ablation_mne_l2_vs_weight_decay_l16_fc3_h4_h8_h16_h32_h64_h128/strict_seed_train_rate_uniform_L16_T16/fc3_h16/weight_decay/seed_44/noise_sweep_matrix_mnist_fc3_h16_T16_mode_rate_uniform_schedule_normal_seed_44.csv
fc3_h16,16,weight_decay,44,16,16,rate_uniform,0.25,91.54,mnist-checkpoints/fc3_h16_L[16]_strict_seed44_ablation_wd_l16_fc3_h16.pth,noise3_exp/ablation_mne_l2_vs_weight_decay_l16_fc3_h4_h8_h16_h32_h64_h128/strict_seed_train_rate_uniform_L16_T16/fc3_h16/weight_decay/seed_44/noise_sweep_matrix_mnist_fc3_h16_T16_mode_rate_uniform_schedule_normal_seed_44.csv
fc3_h16,16,weight_decay,44,16,16,rate_uniform,0.3,91.3,mnist-checkpoints/fc3_h16_L[16]_strict_seed44_ablation_wd_l16_fc3_h16.pth,noise3_exp/ablation_mne_l2_vs_weight_decay_l16_fc3_h4_h8_h16_h32_h64_h128/strict_seed_train_rate_uniform_L16_T16/fc3_h16/weight_decay/seed_44/noise_sweep_matrix_mnist_fc3_h16_T16_mode_rate_uniform_schedule_normal_seed_44.csv
fc3_h16,16,weight_decay,44,16,16,rate_uniform,0.35,90.89,mnist-checkpoints/fc3_h16_L[16]_strict_seed44_ablation_wd_l16_fc3_h16.pth,noise3_exp/ablation_mne_l2_vs_weight_decay_l16_fc3_h4_h8_h16_h32_h64_h128/strict_seed_train_rate_uniform_L16_T16/fc3_h16/weight_decay/seed_44/noise_sweep_matrix_mnist_fc3_h16_T16_mode_rate_uniform_schedule_normal_seed_44.csv
fc3_h16,16,weight_decay,44,16,16,rate_uniform,0.4,89.04,mnist-checkpoints/fc3_h16_L[16]_strict_seed44_ablation_wd_l16_fc3_h16.pth,noise3_exp/ablation_mne_l2_vs_weight_decay_l16_fc3_h4_h8_h16_h32_h64_h128/strict_seed_train_rate_uniform_L16_T16/fc3_h16/weight_decay/seed_44/noise_sweep_matrix_mnist_fc3_h16_T16_mode_rate_uniform_schedule_normal_seed_44.csv
fc3_h16,16,weight_decay,44,16,16,rate_uniform,0.45,85.56,mnist-checkpoints/fc3_h16_L[16]_strict_seed44_ablation_wd_l16_fc3_h16.pth,noise3_exp/ablation_mne_l2_vs_weight_decay_l16_fc3_h4_h8_h16_h32_h64_h128/strict_seed_train_rate_uniform_L16_T16/fc3_h16/weight_decay/seed_44/noise_sweep_matrix_mnist_fc3_h16_T16_mode_rate_uniform_schedule_normal_seed_44.csv
fc3_h16,16,weight_decay,44,16,16,rate_uniform,0.5,80.79,mnist-checkpoints/fc3_h16_L[16]_strict_seed44_ablation_wd_l16_fc3_h16.pth,noise3_exp/ablation_mne_l2_vs_weight_decay_l16_fc3_h4_h8_h16_h32_h64_h128/strict_seed_train_rate_uniform_L16_T16/fc3_h16/weight_decay/seed_44/noise_sweep_matrix_mnist_fc3_h16_T16_mode_rate_uniform_schedule_normal_seed_44.csv
fc3_h16,16,weight_decay,44,16,16,rate_uniform,0.55,74.33,mnist-checkpoints/fc3_h16_L[16]_strict_seed44_ablation_wd_l16_fc3_h16.pth,noise3_exp/ablation_mne_l2_vs_weight_decay_l16_fc3_h4_h8_h16_h32_h64_h128/strict_seed_train_rate_uniform_L16_T16/fc3_h16/weight_decay/seed_44/noise_sweep_matrix_mnist_fc3_h16_T16_mode_rate_uniform_schedule_normal_seed_44.csv
fc3_h16,16,weight_decay,44,16,16,rate_uniform,0.6,67.38,mnist-checkpoints/fc3_h16_L[16]_strict_seed44_ablation_wd_l16_fc3_h16.pth,noise3_exp/ablation_mne_l2_vs_weight_decay_l16_fc3_h4_h8_h16_h32_h64_h128/strict_seed_train_rate_uniform_L16_T16/fc3_h16/weight_decay/seed_44/noise_sweep_matrix_mnist_fc3_h16_T16_mode_rate_uniform_schedule_normal_seed_44.csv
fc3_h16,16,weight_decay,44,16,16,rate_uniform,0.65,62.29,mnist-checkpoints/fc3_h16_L[16]_strict_seed44_ablation_wd_l16_fc3_h16.pth,noise3_exp/ablation_mne_l2_vs_weight_decay_l16_fc3_h4_h8_h16_h32_h64_h128/strict_seed_train_rate_uniform_L16_T16/fc3_h16/weight_decay/seed_44/noise_sweep_matrix_mnist_fc3_h16_T16_mode_rate_uniform_schedule_normal_seed_44.csv
fc3_h16,16,weight_decay,44,16,16,rate_uniform,0.7,57.39,mnist-checkpoints/fc3_h16_L[16]_strict_seed44_ablation_wd_l16_fc3_h16.pth,noise3_exp/ablation_mne_l2_vs_weight_decay_l16_fc3_h4_h8_h16_h32_h64_h128/strict_seed_train_rate_uniform_L16_T16/fc3_h16/weight_decay/seed_44/noise_sweep_matrix_mnist_fc3_h16_T16_mode_rate_uniform_schedule_normal_seed_44.csv
fc3_h16,16,weight_decay,44,16,16,rate_uniform,0.75,54.0,mnist-checkpoints/fc3_h16_L[16]_strict_seed44_ablation_wd_l16_fc3_h16.pth,noise3_exp/ablation_mne_l2_vs_weight_decay_l16_fc3_h4_h8_h16_h32_h64_h128/strict_seed_train_rate_uniform_L16_T16/fc3_h16/weight_decay/seed_44/noise_sweep_matrix_mnist_fc3_h16_T16_mode_rate_uniform_schedule_normal_seed_44.csv
fc3_h16,16,weight_decay,44,16,16,rate_uniform,0.8,50.57,mnist-checkpoints/fc3_h16_L[16]_strict_seed44_ablation_wd_l16_fc3_h16.pth,noise3_exp/ablation_mne_l2_vs_weight_decay_l16_fc3_h4_h8_h16_h32_h64_h128/strict_seed_train_rate_uniform_L16_T16/fc3_h16/weight_decay/seed_44/noise_sweep_matrix_mnist_fc3_h16_T16_mode_rate_uniform_schedule_normal_seed_44.csv
fc3_h16,16,weight_decay,44,16,16,rate_uniform,0.85,48.24,mnist-checkpoints/fc3_h16_L[16]_strict_seed44_ablation_wd_l16_fc3_h16.pth,noise3_exp/ablation_mne_l2_vs_weight_decay_l16_fc3_h4_h8_h16_h32_h64_h128/strict_seed_train_rate_uniform_L16_T16/fc3_h16/weight_decay/seed_44/noise_sweep_matrix_mnist_fc3_h16_T16_mode_rate_uniform_schedule_normal_seed_44.csv
fc3_h16,16,weight_decay,44,16,16,rate_uniform,0.9,46.67,mnist-checkpoints/fc3_h16_L[16]_strict_seed44_ablation_wd_l16_fc3_h16.pth,noise3_exp/ablation_mne_l2_vs_weight_decay_l16_fc3_h4_h8_h16_h32_h64_h128/strict_seed_train_rate_uniform_L16_T16/fc3_h16/weight_decay/seed_44/noise_sweep_matrix_mnist_fc3_h16_T16_mode_rate_uniform_schedule_normal_seed_44.csv
fc3_h16,16,weight_decay,44,16,16,rate_uniform,0.95,44.5,mnist-checkpoints/fc3_h16_L[16]_strict_seed44_ablation_wd_l16_fc3_h16.pth,noise3_exp/ablation_mne_l2_vs_weight_decay_l16_fc3_h4_h8_h16_h32_h64_h128/strict_seed_train_rate_uniform_L16_T16/fc3_h16/weight_decay/seed_44/noise_sweep_matrix_mnist_fc3_h16_T16_mode_rate_uniform_schedule_normal_seed_44.csv
fc3_h16,16,weight_decay,44,16,16,rate_uniform,1.0,42.66,mnist-checkpoints/fc3_h16_L[16]_strict_seed44_ablation_wd_l16_fc3_h16.pth,noise3_exp/ablation_mne_l2_vs_weight_decay_l16_fc3_h4_h8_h16_h32_h64_h128/strict_seed_train_rate_uniform_L16_T16/fc3_h16/weight_decay/seed_44/noise_sweep_matrix_mnist_fc3_h16_T16_mode_rate_uniform_schedule_normal_seed_44.csv
fc3_h16,16,no_regularization,40,16,16,rate_uniform,0.0,92.85,mnist-checkpoints/fc3_h16_L[16]_strict_seed40_ablation_none_l16_fc3_h16.pth,noise3_exp/ablation_mne_l2_vs_weight_decay_l16_fc3_h4_h8_h16_h32_h64_h128/strict_seed_train_rate_uniform_L16_T16/fc3_h16/no_regularization/seed_40/noise_sweep_matrix_mnist_fc3_h16_T16_mode_rate_uniform_schedule_normal_seed_40.csv
fc3_h16,16,no_regularization,40,16,16,rate_uniform,0.05,92.84,mnist-checkpoints/fc3_h16_L[16]_strict_seed40_ablation_none_l16_fc3_h16.pth,noise3_exp/ablation_mne_l2_vs_weight_decay_l16_fc3_h4_h8_h16_h32_h64_h128/strict_seed_train_rate_uniform_L16_T16/fc3_h16/no_regularization/seed_40/noise_sweep_matrix_mnist_fc3_h16_T16_mode_rate_uniform_schedule_normal_seed_40.csv
fc3_h16,16,no_regularization,40,16,16,rate_uniform,0.1,92.79,mnist-checkpoints/fc3_h16_L[16]_strict_seed40_ablation_none_l16_fc3_h16.pth,noise3_exp/ablation_mne_l2_vs_weight_decay_l16_fc3_h4_h8_h16_h32_h64_h128/strict_seed_train_rate_uniform_L16_T16/fc3_h16/no_regularization/seed_40/noise_sweep_matrix_mnist_fc3_h16_T16_mode_rate_uniform_schedule_normal_seed_40.csv
fc3_h16,16,no_regularization,40,16,16,rate_uniform,0.15,92.74,mnist-checkpoints/fc3_h16_L[16]_strict_seed40_ablation_none_l16_fc3_h16.pth,noise3_exp/ablation_mne_l2_vs_weight_decay_l16_fc3_h4_h8_h16_h32_h64_h128/strict_seed_train_rate_uniform_L16_T16/fc3_h16/no_regularization/seed_40/noise_sweep_matrix_mnist_fc3_h16_T16_mode_rate_uniform_schedule_normal_seed_40.csv
fc3_h16,16,no_regularization,40,16,16,rate_uniform,0.2,92.66,mnist-checkpoints/fc3_h16_L[16]_strict_seed40_ablation_none_l16_fc3_h16.pth,noise3_exp/ablation_mne_l2_vs_weight_decay_l16_fc3_h4_h8_h16_h32_h64_h128/strict_seed_train_rate_uniform_L16_T16/fc3_h16/no_regularization/seed_40/noise_sweep_matrix_mnist_fc3_h16_T16_mode_rate_uniform_schedule_normal_seed_40.csv
fc3_h16,16,no_regularization,40,16,16,rate_uniform,0.25,92.13,mnist-checkpoints/fc3_h16_L[16]_strict_seed40_ablation_none_l16_fc3_h16.pth,noise3_exp/ablation_mne_l2_vs_weight_decay_l16_fc3_h4_h8_h16_h32_h64_h128/strict_seed_train_rate_uniform_L16_T16/fc3_h16/no_regularization/seed_40/noise_sweep_matrix_mnist_fc3_h16_T16_mode_rate_uniform_schedule_normal_seed_40.csv
fc3_h16,16,no_regularization,40,16,16,rate_uniform,0.3,89.94,mnist-checkpoints/fc3_h16_L[16]_strict_seed40_ablation_none_l16_fc3_h16.pth,noise3_exp/ablation_mne_l2_vs_weight_decay_l16_fc3_h4_h8_h16_h32_h64_h128/strict_seed_train_rate_uniform_L16_T16/fc3_h16/no_regularization/seed_40/noise_sweep_matrix_mnist_fc3_h16_T16_mode_rate_uniform_schedule_normal_seed_40.csv
fc3_h16,16,no_regularization,40,16,16,rate_uniform,0.35,85.25,mnist-checkpoints/fc3_h16_L[16]_strict_seed40_ablation_none_l16_fc3_h16.pth,noise3_exp/ablation_mne_l2_vs_weight_decay_l16_fc3_h4_h8_h16_h32_h64_h128/strict_seed_train_rate_uniform_L16_T16/fc3_h16/no_regularization/seed_40/noise_sweep_matrix_mnist_fc3_h16_T16_mode_rate_uniform_schedule_normal_seed_40.csv
fc3_h16,16,no_regularization,40,16,16,rate_uniform,0.4,78.22,mnist-checkpoints/fc3_h16_L[16]_strict_seed40_ablation_none_l16_fc3_h16.pth,noise3_exp/ablation_mne_l2_vs_weight_decay_l16_fc3_h4_h8_h16_h32_h64_h128/strict_seed_train_rate_uniform_L16_T16/fc3_h16/no_regularization/seed_40/noise_sweep_matrix_mnist_fc3_h16_T16_mode_rate_uniform_schedule_normal_seed_40.csv
fc3_h16,16,no_regularization,40,16,16,rate_uniform,0.45,68.78,mnist-checkpoints/fc3_h16_L[16]_strict_seed40_ablation_none_l16_fc3_h16.pth,noise3_exp/ablation_mne_l2_vs_weight_decay_l16_fc3_h4_h8_h16_h32_h64_h128/strict_seed_train_rate_uniform_L16_T16/fc3_h16/no_regularization/seed_40/noise_sweep_matrix_mnist_fc3_h16_T16_mode_rate_uniform_schedule_normal_seed_40.csv
fc3_h16,16,no_regularization,40,16,16,rate_uniform,0.5,59.98,mnist-checkpoints/fc3_h16_L[16]_strict_seed40_ablation_none_l16_fc3_h16.pth,noise3_exp/ablation_mne_l2_vs_weight_decay_l16_fc3_h4_h8_h16_h32_h64_h128/strict_seed_train_rate_uniform_L16_T16/fc3_h16/no_regularization/seed_40/noise_sweep_matrix_mnist_fc3_h16_T16_mode_rate_uniform_schedule_normal_seed_40.csv
fc3_h16,16,no_regularization,40,16,16,rate_uniform,0.55,52.85,mnist-checkpoints/fc3_h16_L[16]_strict_seed40_ablation_none_l16_fc3_h16.pth,noise3_exp/ablation_mne_l2_vs_weight_decay_l16_fc3_h4_h8_h16_h32_h64_h128/strict_seed_train_rate_uniform_L16_T16/fc3_h16/no_regularization/seed_40/noise_sweep_matrix_mnist_fc3_h16_T16_mode_rate_uniform_schedule_normal_seed_40.csv
fc3_h16,16,no_regularization,40,16,16,rate_uniform,0.6,46.37,mnist-checkpoints/fc3_h16_L[16]_strict_seed40_ablation_none_l16_fc3_h16.pth,noise3_exp/ablation_mne_l2_vs_weight_decay_l16_fc3_h4_h8_h16_h32_h64_h128/strict_seed_train_rate_uniform_L16_T16/fc3_h16/no_regularization/seed_40/noise_sweep_matrix_mnist_fc3_h16_T16_mode_rate_uniform_schedule_normal_seed_40.csv
fc3_h16,16,no_regularization,40,16,16,rate_uniform,0.65,41.1,mnist-checkpoints/fc3_h16_L[16]_strict_seed40_ablation_none_l16_fc3_h16.pth,noise3_exp/ablation_mne_l2_vs_weight_decay_l16_fc3_h4_h8_h16_h32_h64_h128/strict_seed_train_rate_uniform_L16_T16/fc3_h16/no_regularization/seed_40/noise_sweep_matrix_mnist_fc3_h16_T16_mode_rate_uniform_schedule_normal_seed_40.csv
fc3_h16,16,no_regularization,40,16,16,rate_uniform,0.7,38.2,mnist-checkpoints/fc3_h16_L[16]_strict_seed40_ablation_none_l16_fc3_h16.pth,noise3_exp/ablation_mne_l2_vs_weight_decay_l16_fc3_h4_h8_h16_h32_h64_h128/strict_seed_train_rate_uniform_L16_T16/fc3_h16/no_regularization/seed_40/noise_sweep_matrix_mnist_fc3_h16_T16_mode_rate_uniform_schedule_normal_seed_40.csv
fc3_h16,16,no_regularization,40,16,16,rate_uniform,0.75,34.05,mnist-checkpoints/fc3_h16_L[16]_strict_seed40_ablation_none_l16_fc3_h16.pth,noise3_exp/ablation_mne_l2_vs_weight_decay_l16_fc3_h4_h8_h16_h32_h64_h128/strict_seed_train_rate_uniform_L16_T16/fc3_h16/no_regularization/seed_40/noise_sweep_matrix_mnist_fc3_h16_T16_mode_rate_uniform_schedule_normal_seed_40.csv
fc3_h16,16,no_regularization,40,16,16,rate_uniform,0.8,31.7,mnist-checkpoints/fc3_h16_L[16]_strict_seed40_ablation_none_l16_fc3_h16.pth,noise3_exp/ablation_mne_l2_vs_weight_decay_l16_fc3_h4_h8_h16_h32_h64_h128/strict_seed_train_rate_uniform_L16_T16/fc3_h16/no_regularization/seed_40/noise_sweep_matrix_mnist_fc3_h16_T16_mode_rate_uniform_schedule_normal_seed_40.csv
fc3_h16,16,no_regularization,40,16,16,rate_uniform,0.85,29.38,mnist-checkpoints/fc3_h16_L[16]_strict_seed40_ablation_none_l16_fc3_h16.pth,noise3_exp/ablation_mne_l2_vs_weight_decay_l16_fc3_h4_h8_h16_h32_h64_h128/strict_seed_train_rate_uniform_L16_T16/fc3_h16/no_regularization/seed_40/noise_sweep_matrix_mnist_fc3_h16_T16_mode_rate_uniform_schedule_normal_seed_40.csv
fc3_h16,16,no_regularization,40,16,16,rate_uniform,0.9,27.74,mnist-checkpoints/fc3_h16_L[16]_strict_seed40_ablation_none_l16_fc3_h16.pth,noise3_exp/ablation_mne_l2_vs_weight_decay_l16_fc3_h4_h8_h16_h32_h64_h128/strict_seed_train_rate_uniform_L16_T16/fc3_h16/no_regularization/seed_40/noise_sweep_matrix_mnist_fc3_h16_T16_mode_rate_uniform_schedule_normal_seed_40.csv
fc3_h16,16,no_regularization,40,16,16,rate_uniform,0.95,26.33,mnist-checkpoints/fc3_h16_L[16]_strict_seed40_ablation_none_l16_fc3_h16.pth,noise3_exp/ablation_mne_l2_vs_weight_decay_l16_fc3_h4_h8_h16_h32_h64_h128/strict_seed_train_rate_uniform_L16_T16/fc3_h16/no_regularization/seed_40/noise_sweep_matrix_mnist_fc3_h16_T16_mode_rate_uniform_schedule_normal_seed_40.csv
fc3_h16,16,no_regularization,40,16,16,rate_uniform,1.0,24.74,mnist-checkpoints/fc3_h16_L[16]_strict_seed40_ablation_none_l16_fc3_h16.pth,noise3_exp/ablation_mne_l2_vs_weight_decay_l16_fc3_h4_h8_h16_h32_h64_h128/strict_seed_train_rate_uniform_L16_T16/fc3_h16/no_regularization/seed_40/noise_sweep_matrix_mnist_fc3_h16_T16_mode_rate_uniform_schedule_normal_seed_40.csv
fc3_h16,16,no_regularization,41,16,16,rate_uniform,0.0,93.3,mnist-checkpoints/fc3_h16_L[16]_strict_seed41_ablation_none_l16_fc3_h16.pth,noise3_exp/ablation_mne_l2_vs_weight_decay_l16_fc3_h4_h8_h16_h32_h64_h128/strict_seed_train_rate_uniform_L16_T16/fc3_h16/no_regularization/seed_41/noise_sweep_matrix_mnist_fc3_h16_T16_mode_rate_uniform_schedule_normal_seed_41.csv
fc3_h16,16,no_regularization,41,16,16,rate_uniform,0.05,93.06,mnist-checkpoints/fc3_h16_L[16]_strict_seed41_ablation_none_l16_fc3_h16.pth,noise3_exp/ablation_mne_l2_vs_weight_decay_l16_fc3_h4_h8_h16_h32_h64_h128/strict_seed_train_rate_uniform_L16_T16/fc3_h16/no_regularization/seed_41/noise_sweep_matrix_mnist_fc3_h16_T16_mode_rate_uniform_schedule_normal_seed_41.csv
fc3_h16,16,no_regularization,41,16,16,rate_uniform,0.1,93.27,mnist-checkpoints/fc3_h16_L[16]_strict_seed41_ablation_none_l16_fc3_h16.pth,noise3_exp/ablation_mne_l2_vs_weight_decay_l16_fc3_h4_h8_h16_h32_h64_h128/strict_seed_train_rate_uniform_L16_T16/fc3_h16/no_regularization/seed_41/noise_sweep_matrix_mnist_fc3_h16_T16_mode_rate_uniform_schedule_normal_seed_41.csv
fc3_h16,16,no_regularization,41,16,16,rate_uniform,0.15,93.15,mnist-checkpoints/fc3_h16_L[16]_strict_seed41_ablation_none_l16_fc3_h16.pth,noise3_exp/ablation_mne_l2_vs_weight_decay_l16_fc3_h4_h8_h16_h32_h64_h128/strict_seed_train_rate_uniform_L16_T16/fc3_h16/no_regularization/seed_41/noise_sweep_matrix_mnist_fc3_h16_T16_mode_rate_uniform_schedule_normal_seed_41.csv
fc3_h16,16,no_regularization,41,16,16,rate_uniform,0.2,93.07,mnist-checkpoints/fc3_h16_L[16]_strict_seed41_ablation_none_l16_fc3_h16.pth,noise3_exp/ablation_mne_l2_vs_weight_decay_l16_fc3_h4_h8_h16_h32_h64_h128/strict_seed_train_rate_uniform_L16_T16/fc3_h16/no_regularization/seed_41/noise_sweep_matrix_mnist_fc3_h16_T16_mode_rate_uniform_schedule_normal_seed_41.csv
fc3_h16,16,no_regularization,41,16,16,rate_uniform,0.25,92.58,mnist-checkpoints/fc3_h16_L[16]_strict_seed41_ablation_none_l16_fc3_h16.pth,noise3_exp/ablation_mne_l2_vs_weight_decay_l16_fc3_h4_h8_h16_h32_h64_h128/strict_seed_train_rate_uniform_L16_T16/fc3_h16/no_regularization/seed_41/noise_sweep_matrix_mnist_fc3_h16_T16_mode_rate_uniform_schedule_normal_seed_41.csv
fc3_h16,16,no_regularization,41,16,16,rate_uniform,0.3,91.72,mnist-checkpoints/fc3_h16_L[16]_strict_seed41_ablation_none_l16_fc3_h16.pth,noise3_exp/ablation_mne_l2_vs_weight_decay_l16_fc3_h4_h8_h16_h32_h64_h128/strict_seed_train_rate_uniform_L16_T16/fc3_h16/no_regularization/seed_41/noise_sweep_matrix_mnist_fc3_h16_T16_mode_rate_uniform_schedule_normal_seed_41.csv
fc3_h16,16,no_regularization,41,16,16,rate_uniform,0.35,88.85,mnist-checkpoints/fc3_h16_L[16]_strict_seed41_ablation_none_l16_fc3_h16.pth,noise3_exp/ablation_mne_l2_vs_weight_decay_l16_fc3_h4_h8_h16_h32_h64_h128/strict_seed_train_rate_uniform_L16_T16/fc3_h16/no_regularization/seed_41/noise_sweep_matrix_mnist_fc3_h16_T16_mode_rate_uniform_schedule_normal_seed_41.csv
fc3_h16,16,no_regularization,41,16,16,rate_uniform,0.4,82.64,mnist-checkpoints/fc3_h16_L[16]_strict_seed41_ablation_none_l16_fc3_h16.pth,noise3_exp/ablation_mne_l2_vs_weight_decay_l16_fc3_h4_h8_h16_h32_h64_h128/strict_seed_train_rate_uniform_L16_T16/fc3_h16/no_regularization/seed_41/noise_sweep_matrix_mnist_fc3_h16_T16_mode_rate_uniform_schedule_normal_seed_41.csv
fc3_h16,16,no_regularization,41,16,16,rate_uniform,0.45,73.98,mnist-checkpoints/fc3_h16_L[16]_strict_seed41_ablation_none_l16_fc3_h16.pth,noise3_exp/ablation_mne_l2_vs_weight_decay_l16_fc3_h4_h8_h16_h32_h64_h128/strict_seed_train_rate_uniform_L16_T16/fc3_h16/no_regularization/seed_41/noise_sweep_matrix_mnist_fc3_h16_T16_mode_rate_uniform_schedule_normal_seed_41.csv
fc3_h16,16,no_regularization,41,16,16,rate_uniform,0.5,64.12,mnist-checkpoints/fc3_h16_L[16]_strict_seed41_ablation_none_l16_fc3_h16.pth,noise3_exp/ablation_mne_l2_vs_weight_decay_l16_fc3_h4_h8_h16_h32_h64_h128/strict_seed_train_rate_uniform_L16_T16/fc3_h16/no_regularization/seed_41/noise_sweep_matrix_mnist_fc3_h16_T16_mode_rate_uniform_schedule_normal_seed_41.csv
fc3_h16,16,no_regularization,41,16,16,rate_uniform,0.55,54.46,mnist-checkpoints/fc3_h16_L[16]_strict_seed41_ablation_none_l16_fc3_h16.pth,noise3_exp/ablation_mne_l2_vs_weight_decay_l16_fc3_h4_h8_h16_h32_h64_h128/strict_seed_train_rate_uniform_L16_T16/fc3_h16/no_regularization/seed_41/noise_sweep_matrix_mnist_fc3_h16_T16_mode_rate_uniform_schedule_normal_seed_41.csv
fc3_h16,16,no_regularization,41,16,16,rate_uniform,0.6,47.26,mnist-checkpoints/fc3_h16_L[16]_strict_seed41_ablation_none_l16_fc3_h16.pth,noise3_exp/ablation_mne_l2_vs_weight_decay_l16_fc3_h4_h8_h16_h32_h64_h128/strict_seed_train_rate_uniform_L16_T16/fc3_h16/no_regularization/seed_41/noise_sweep_matrix_mnist_fc3_h16_T16_mode_rate_uniform_schedule_normal_seed_41.csv
fc3_h16,16,no_regularization,41,16,16,rate_uniform,0.65,39.67,mnist-checkpoints/fc3_h16_L[16]_strict_seed41_ablation_none_l16_fc3_h16.pth,noise3_exp/ablation_mne_l2_vs_weight_decay_l16_fc3_h4_h8_h16_h32_h64_h128/strict_seed_train_rate_uniform_L16_T16/fc3_h16/no_regularization/seed_41/noise_sweep_matrix_mnist_fc3_h16_T16_mode_rate_uniform_schedule_normal_seed_41.csv
fc3_h16,16,no_regularization,41,16,16,rate_uniform,0.7,35.13,mnist-checkpoints/fc3_h16_L[16]_strict_seed41_ablation_none_l16_fc3_h16.pth,noise3_exp/ablation_mne_l2_vs_weight_decay_l16_fc3_h4_h8_h16_h32_h64_h128/strict_seed_train_rate_uniform_L16_T16/fc3_h16/no_regularization/seed_41/noise_sweep_matrix_mnist_fc3_h16_T16_mode_rate_uniform_schedule_normal_seed_41.csv
fc3_h16,16,no_regularization,41,16,16,rate_uniform,0.75,29.94,mnist-checkpoints/fc3_h16_L[16]_strict_seed41_ablation_none_l16_fc3_h16.pth,noise3_exp/ablation_mne_l2_vs_weight_decay_l16_fc3_h4_h8_h16_h32_h64_h128/strict_seed_train_rate_uniform_L16_T16/fc3_h16/no_regularization/seed_41/noise_sweep_matrix_mnist_fc3_h16_T16_mode_rate_uniform_schedule_normal_seed_41.csv
fc3_h16,16,no_regularization,41,16,16,rate_uniform,0.8,27.11,mnist-checkpoints/fc3_h16_L[16]_strict_seed41_ablation_none_l16_fc3_h16.pth,noise3_exp/ablation_mne_l2_vs_weight_decay_l16_fc3_h4_h8_h16_h32_h64_h128/strict_seed_train_rate_uniform_L16_T16/fc3_h16/no_regularization/seed_41/noise_sweep_matrix_mnist_fc3_h16_T16_mode_rate_uniform_schedule_normal_seed_41.csv
fc3_h16,16,no_regularization,41,16,16,rate_uniform,0.85,25.09,mnist-checkpoints/fc3_h16_L[16]_strict_seed41_ablation_none_l16_fc3_h16.pth,noise3_exp/ablation_mne_l2_vs_weight_decay_l16_fc3_h4_h8_h16_h32_h64_h128/strict_seed_train_rate_uniform_L16_T16/fc3_h16/no_regularization/seed_41/noise_sweep_matrix_mnist_fc3_h16_T16_mode_rate_uniform_schedule_normal_seed_41.csv
fc3_h16,16,no_regularization,41,16,16,rate_uniform,0.9,23.42,mnist-checkpoints/fc3_h16_L[16]_strict_seed41_ablation_none_l16_fc3_h16.pth,noise3_exp/ablation_mne_l2_vs_weight_decay_l16_fc3_h4_h8_h16_h32_h64_h128/strict_seed_train_rate_uniform_L16_T16/fc3_h16/no_regularization/seed_41/noise_sweep_matrix_mnist_fc3_h16_T16_mode_rate_uniform_schedule_normal_seed_41.csv
fc3_h16,16,no_regularization,41,16,16,rate_uniform,0.95,21.05,mnist-checkpoints/fc3_h16_L[16]_strict_seed41_ablation_none_l16_fc3_h16.pth,noise3_exp/ablation_mne_l2_vs_weight_decay_l16_fc3_h4_h8_h16_h32_h64_h128/strict_seed_train_rate_uniform_L16_T16/fc3_h16/no_regularization/seed_41/noise_sweep_matrix_mnist_fc3_h16_T16_mode_rate_uniform_schedule_normal_seed_41.csv
fc3_h16,16,no_regularization,41,16,16,rate_uniform,1.0,19.46,mnist-checkpoints/fc3_h16_L[16]_strict_seed41_ablation_none_l16_fc3_h16.pth,noise3_exp/ablation_mne_l2_vs_weight_decay_l16_fc3_h4_h8_h16_h32_h64_h128/strict_seed_train_rate_uniform_L16_T16/fc3_h16/no_regularization/seed_41/noise_sweep_matrix_mnist_fc3_h16_T16_mode_rate_uniform_schedule_normal_seed_41.csv
fc3_h16,16,no_regularization,42,16,16,rate_uniform,0.0,93.79,mnist-checkpoints/fc3_h16_L[16]_strict_seed42_ablation_none_l16_fc3_h16.pth,noise3_exp/ablation_mne_l2_vs_weight_decay_l16_fc3_h4_h8_h16_h32_h64_h128/strict_seed_train_rate_uniform_L16_T16/fc3_h16/no_regularization/seed_42/noise_sweep_matrix_mnist_fc3_h16_T16_mode_rate_uniform_schedule_normal_seed_42.csv
fc3_h16,16,no_regularization,42,16,16,rate_uniform,0.05,93.74,mnist-checkpoints/fc3_h16_L[16]_strict_seed42_ablation_none_l16_fc3_h16.pth,noise3_exp/ablation_mne_l2_vs_weight_decay_l16_fc3_h4_h8_h16_h32_h64_h128/strict_seed_train_rate_uniform_L16_T16/fc3_h16/no_regularization/seed_42/noise_sweep_matrix_mnist_fc3_h16_T16_mode_rate_uniform_schedule_normal_seed_42.csv
fc3_h16,16,no_regularization,42,16,16,rate_uniform,0.1,93.58,mnist-checkpoints/fc3_h16_L[16]_strict_seed42_ablation_none_l16_fc3_h16.pth,noise3_exp/ablation_mne_l2_vs_weight_decay_l16_fc3_h4_h8_h16_h32_h64_h128/strict_seed_train_rate_uniform_L16_T16/fc3_h16/no_regularization/seed_42/noise_sweep_matrix_mnist_fc3_h16_T16_mode_rate_uniform_schedule_normal_seed_42.csv
fc3_h16,16,no_regularization,42,16,16,rate_uniform,0.15,93.6,mnist-checkpoints/fc3_h16_L[16]_strict_seed42_ablation_none_l16_fc3_h16.pth,noise3_exp/ablation_mne_l2_vs_weight_decay_l16_fc3_h4_h8_h16_h32_h64_h128/strict_seed_train_rate_uniform_L16_T16/fc3_h16/no_regularization/seed_42/noise_sweep_matrix_mnist_fc3_h16_T16_mode_rate_uniform_schedule_normal_seed_42.csv
fc3_h16,16,no_regularization,42,16,16,rate_uniform,0.2,93.51,mnist-checkpoints/fc3_h16_L[16]_strict_seed42_ablation_none_l16_fc3_h16.pth,noise3_exp/ablation_mne_l2_vs_weight_decay_l16_fc3_h4_h8_h16_h32_h64_h128/strict_seed_train_rate_uniform_L16_T16/fc3_h16/no_regularization/seed_42/noise_sweep_matrix_mnist_fc3_h16_T16_mode_rate_uniform_schedule_normal_seed_42.csv
fc3_h16,16,no_regularization,42,16,16,rate_uniform,0.25,93.21,mnist-checkpoints/fc3_h16_L[16]_strict_seed42_ablation_none_l16_fc3_h16.pth,noise3_exp/ablation_mne_l2_vs_weight_decay_l16_fc3_h4_h8_h16_h32_h64_h128/strict_seed_train_rate_uniform_L16_T16/fc3_h16/no_regularization/seed_42/noise_sweep_matrix_mnist_fc3_h16_T16_mode_rate_uniform_schedule_normal_seed_42.csv
fc3_h16,16,no_regularization,42,16,16,rate_uniform,0.3,92.44,mnist-checkpoints/fc3_h16_L[16]_strict_seed42_ablation_none_l16_fc3_h16.pth,noise3_exp/ablation_mne_l2_vs_weight_decay_l16_fc3_h4_h8_h16_h32_h64_h128/strict_seed_train_rate_uniform_L16_T16/fc3_h16/no_regularization/seed_42/noise_sweep_matrix_mnist_fc3_h16_T16_mode_rate_uniform_schedule_normal_seed_42.csv
fc3_h16,16,no_regularization,42,16,16,rate_uniform,0.35,90.93,mnist-checkpoints/fc3_h16_L[16]_strict_seed42_ablation_none_l16_fc3_h16.pth,noise3_exp/ablation_mne_l2_vs_weight_decay_l16_fc3_h4_h8_h16_h32_h64_h128/strict_seed_train_rate_uniform_L16_T16/fc3_h16/no_regularization/seed_42/noise_sweep_matrix_mnist_fc3_h16_T16_mode_rate_uniform_schedule_normal_seed_42.csv
fc3_h16,16,no_regularization,42,16,16,rate_uniform,0.4,87.56,mnist-checkpoints/fc3_h16_L[16]_strict_seed42_ablation_none_l16_fc3_h16.pth,noise3_exp/ablation_mne_l2_vs_weight_decay_l16_fc3_h4_h8_h16_h32_h64_h128/strict_seed_train_rate_uniform_L16_T16/fc3_h16/no_regularization/seed_42/noise_sweep_matrix_mnist_fc3_h16_T16_mode_rate_uniform_schedule_normal_seed_42.csv
fc3_h16,16,no_regularization,42,16,16,rate_uniform,0.45,82.24,mnist-checkpoints/fc3_h16_L[16]_strict_seed42_ablation_none_l16_fc3_h16.pth,noise3_exp/ablation_mne_l2_vs_weight_decay_l16_fc3_h4_h8_h16_h32_h64_h128/strict_seed_train_rate_uniform_L16_T16/fc3_h16/no_regularization/seed_42/noise_sweep_matrix_mnist_fc3_h16_T16_mode_rate_uniform_schedule_normal_seed_42.csv
fc3_h16,16,no_regularization,42,16,16,rate_uniform,0.5,76.72,mnist-checkpoints/fc3_h16_L[16]_strict_seed42_ablation_none_l16_fc3_h16.pth,noise3_exp/ablation_mne_l2_vs_weight_decay_l16_fc3_h4_h8_h16_h32_h64_h128/strict_seed_train_rate_uniform_L16_T16/fc3_h16/no_regularization/seed_42/noise_sweep_matrix_mnist_fc3_h16_T16_mode_rate_uniform_schedule_normal_seed_42.csv
fc3_h16,16,no_regularization,42,16,16,rate_uniform,0.55,69.54,mnist-checkpoints/fc3_h16_L[16]_strict_seed42_ablation_none_l16_fc3_h16.pth,noise3_exp/ablation_mne_l2_vs_weight_decay_l16_fc3_h4_h8_h16_h32_h64_h128/strict_seed_train_rate_uniform_L16_T16/fc3_h16/no_regularization/seed_42/noise_sweep_matrix_mnist_fc3_h16_T16_mode_rate_uniform_schedule_normal_seed_42.csv
fc3_h16,16,no_regularization,42,16,16,rate_uniform,0.6,62.89,mnist-checkpoints/fc3_h16_L[16]_strict_seed42_ablation_none_l16_fc3_h16.pth,noise3_exp/ablation_mne_l2_vs_weight_decay_l16_fc3_h4_h8_h16_h32_h64_h128/strict_seed_train_rate_uniform_L16_T16/fc3_h16/no_regularization/seed_42/noise_sweep_matrix_mnist_fc3_h16_T16_mode_rate_uniform_schedule_normal_seed_42.csv
fc3_h16,16,no_regularization,42,16,16,rate_uniform,0.65,56.54,mnist-checkpoints/fc3_h16_L[16]_strict_seed42_ablation_none_l16_fc3_h16.pth,noise3_exp/ablation_mne_l2_vs_weight_decay_l16_fc3_h4_h8_h16_h32_h64_h128/strict_seed_train_rate_uniform_L16_T16/fc3_h16/no_regularization/seed_42/noise_sweep_matrix_mnist_fc3_h16_T16_mode_rate_uniform_schedule_normal_seed_42.csv
fc3_h16,16,no_regularization,42,16,16,rate_uniform,0.7,50.42,mnist-checkpoints/fc3_h16_L[16]_strict_seed42_ablation_none_l16_fc3_h16.pth,noise3_exp/ablation_mne_l2_vs_weight_decay_l16_fc3_h4_h8_h16_h32_h64_h128/strict_seed_train_rate_uniform_L16_T16/fc3_h16/no_regularization/seed_42/noise_sweep_matrix_mnist_fc3_h16_T16_mode_rate_uniform_schedule_normal_seed_42.csv
fc3_h16,16,no_regularization,42,16,16,rate_uniform,0.75,46.72,mnist-checkpoints/fc3_h16_L[16]_strict_seed42_ablation_none_l16_fc3_h16.pth,noise3_exp/ablation_mne_l2_vs_weight_decay_l16_fc3_h4_h8_h16_h32_h64_h128/strict_seed_train_rate_uniform_L16_T16/fc3_h16/no_regularization/seed_42/noise_sweep_matrix_mnist_fc3_h16_T16_mode_rate_uniform_schedule_normal_seed_42.csv
fc3_h16,16,no_regularization,42,16,16,rate_uniform,0.8,40.88,mnist-checkpoints/fc3_h16_L[16]_strict_seed42_ablation_none_l16_fc3_h16.pth,noise3_exp/ablation_mne_l2_vs_weight_decay_l16_fc3_h4_h8_h16_h32_h64_h128/strict_seed_train_rate_uniform_L16_T16/fc3_h16/no_regularization/seed_42/noise_sweep_matrix_mnist_fc3_h16_T16_mode_rate_uniform_schedule_normal_seed_42.csv
fc3_h16,16,no_regularization,42,16,16,rate_uniform,0.85,38.24,mnist-checkpoints/fc3_h16_L[16]_strict_seed42_ablation_none_l16_fc3_h16.pth,noise3_exp/ablation_mne_l2_vs_weight_decay_l16_fc3_h4_h8_h16_h32_h64_h128/strict_seed_train_rate_uniform_L16_T16/fc3_h16/no_regularization/seed_42/noise_sweep_matrix_mnist_fc3_h16_T16_mode_rate_uniform_schedule_normal_seed_42.csv
fc3_h16,16,no_regularization,42,16,16,rate_uniform,0.9,34.4,mnist-checkpoints/fc3_h16_L[16]_strict_seed42_ablation_none_l16_fc3_h16.pth,noise3_exp/ablation_mne_l2_vs_weight_decay_l16_fc3_h4_h8_h16_h32_h64_h128/strict_seed_train_rate_uniform_L16_T16/fc3_h16/no_regularization/seed_42/noise_sweep_matrix_mnist_fc3_h16_T16_mode_rate_uniform_schedule_normal_seed_42.csv
fc3_h16,16,no_regularization,42,16,16,rate_uniform,0.95,31.54,mnist-checkpoints/fc3_h16_L[16]_strict_seed42_ablation_none_l16_fc3_h16.pth,noise3_exp/ablation_mne_l2_vs_weight_decay_l16_fc3_h4_h8_h16_h32_h64_h128/strict_seed_train_rate_uniform_L16_T16/fc3_h16/no_regularization/seed_42/noise_sweep_matrix_mnist_fc3_h16_T16_mode_rate_uniform_schedule_normal_seed_42.csv
fc3_h16,16,no_regularization,42,16,16,rate_uniform,1.0,30.21,mnist-checkpoints/fc3_h16_L[16]_strict_seed42_ablation_none_l16_fc3_h16.pth,noise3_exp/ablation_mne_l2_vs_weight_decay_l16_fc3_h4_h8_h16_h32_h64_h128/strict_seed_train_rate_uniform_L16_T16/fc3_h16/no_regularization/seed_42/noise_sweep_matrix_mnist_fc3_h16_T16_mode_rate_uniform_schedule_normal_seed_42.csv
fc3_h16,16,no_regularization,43,16,16,rate_uniform,0.0,94.34,mnist-checkpoints/fc3_h16_L[16]_strict_seed43_ablation_none_l16_fc3_h16.pth,noise3_exp/ablation_mne_l2_vs_weight_decay_l16_fc3_h4_h8_h16_h32_h64_h128/strict_seed_train_rate_uniform_L16_T16/fc3_h16/no_regularization/seed_43/noise_sweep_matrix_mnist_fc3_h16_T16_mode_rate_uniform_schedule_normal_seed_43.csv
fc3_h16,16,no_regularization,43,16,16,rate_uniform,0.05,94.27,mnist-checkpoints/fc3_h16_L[16]_strict_seed43_ablation_none_l16_fc3_h16.pth,noise3_exp/ablation_mne_l2_vs_weight_decay_l16_fc3_h4_h8_h16_h32_h64_h128/strict_seed_train_rate_uniform_L16_T16/fc3_h16/no_regularization/seed_43/noise_sweep_matrix_mnist_fc3_h16_T16_mode_rate_uniform_schedule_normal_seed_43.csv
fc3_h16,16,no_regularization,43,16,16,rate_uniform,0.1,94.34,mnist-checkpoints/fc3_h16_L[16]_strict_seed43_ablation_none_l16_fc3_h16.pth,noise3_exp/ablation_mne_l2_vs_weight_decay_l16_fc3_h4_h8_h16_h32_h64_h128/strict_seed_train_rate_uniform_L16_T16/fc3_h16/no_regularization/seed_43/noise_sweep_matrix_mnist_fc3_h16_T16_mode_rate_uniform_schedule_normal_seed_43.csv
fc3_h16,16,no_regularization,43,16,16,rate_uniform,0.15,94.26,mnist-checkpoints/fc3_h16_L[16]_strict_seed43_ablation_none_l16_fc3_h16.pth,noise3_exp/ablation_mne_l2_vs_weight_decay_l16_fc3_h4_h8_h16_h32_h64_h128/strict_seed_train_rate_uniform_L16_T16/fc3_h16/no_regularization/seed_43/noise_sweep_matrix_mnist_fc3_h16_T16_mode_rate_uniform_schedule_normal_seed_43.csv
fc3_h16,16,no_regularization,43,16,16,rate_uniform,0.2,94.32,mnist-checkpoints/fc3_h16_L[16]_strict_seed43_ablation_none_l16_fc3_h16.pth,noise3_exp/ablation_mne_l2_vs_weight_decay_l16_fc3_h4_h8_h16_h32_h64_h128/strict_seed_train_rate_uniform_L16_T16/fc3_h16/no_regularization/seed_43/noise_sweep_matrix_mnist_fc3_h16_T16_mode_rate_uniform_schedule_normal_seed_43.csv
fc3_h16,16,no_regularization,43,16,16,rate_uniform,0.25,94.05,mnist-checkpoints/fc3_h16_L[16]_strict_seed43_ablation_none_l16_fc3_h16.pth,noise3_exp/ablation_mne_l2_vs_weight_decay_l16_fc3_h4_h8_h16_h32_h64_h128/strict_seed_train_rate_uniform_L16_T16/fc3_h16/no_regularization/seed_43/noise_sweep_matrix_mnist_fc3_h16_T16_mode_rate_uniform_schedule_normal_seed_43.csv
fc3_h16,16,no_regularization,43,16,16,rate_uniform,0.3,93.73,mnist-checkpoints/fc3_h16_L[16]_strict_seed43_ablation_none_l16_fc3_h16.pth,noise3_exp/ablation_mne_l2_vs_weight_decay_l16_fc3_h4_h8_h16_h32_h64_h128/strict_seed_train_rate_uniform_L16_T16/fc3_h16/no_regularization/seed_43/noise_sweep_matrix_mnist_fc3_h16_T16_mode_rate_uniform_schedule_normal_seed_43.csv
fc3_h16,16,no_regularization,43,16,16,rate_uniform,0.35,92.98,mnist-checkpoints/fc3_h16_L[16]_strict_seed43_ablation_none_l16_fc3_h16.pth,noise3_exp/ablation_mne_l2_vs_weight_decay_l16_fc3_h4_h8_h16_h32_h64_h128/strict_seed_train_rate_uniform_L16_T16/fc3_h16/no_regularization/seed_43/noise_sweep_matrix_mnist_fc3_h16_T16_mode_rate_uniform_schedule_normal_seed_43.csv
fc3_h16,16,no_regularization,43,16,16,rate_uniform,0.4,91.37,mnist-checkpoints/fc3_h16_L[16]_strict_seed43_ablation_none_l16_fc3_h16.pth,noise3_exp/ablation_mne_l2_vs_weight_decay_l16_fc3_h4_h8_h16_h32_h64_h128/strict_seed_train_rate_uniform_L16_T16/fc3_h16/no_regularization/seed_43/noise_sweep_matrix_mnist_fc3_h16_T16_mode_rate_uniform_schedule_normal_seed_43.csv
fc3_h16,16,no_regularization,43,16,16,rate_uniform,0.45,88.75,mnist-checkpoints/fc3_h16_L[16]_strict_seed43_ablation_none_l16_fc3_h16.pth,noise3_exp/ablation_mne_l2_vs_weight_decay_l16_fc3_h4_h8_h16_h32_h64_h128/strict_seed_train_rate_uniform_L16_T16/fc3_h16/no_regularization/seed_43/noise_sweep_matrix_mnist_fc3_h16_T16_mode_rate_uniform_schedule_normal_seed_43.csv
fc3_h16,16,no_regularization,43,16,16,rate_uniform,0.5,84.78,mnist-checkpoints/fc3_h16_L[16]_strict_seed43_ablation_none_l16_fc3_h16.pth,noise3_exp/ablation_mne_l2_vs_weight_decay_l16_fc3_h4_h8_h16_h32_h64_h128/strict_seed_train_rate_uniform_L16_T16/fc3_h16/no_regularization/seed_43/noise_sweep_matrix_mnist_fc3_h16_T16_mode_rate_uniform_schedule_normal_seed_43.csv
fc3_h16,16,no_regularization,43,16,16,rate_uniform,0.55,79.89,mnist-checkpoints/fc3_h16_L[16]_strict_seed43_ablation_none_l16_fc3_h16.pth,noise3_exp/ablation_mne_l2_vs_weight_decay_l16_fc3_h4_h8_h16_h32_h64_h128/strict_seed_train_rate_uniform_L16_T16/fc3_h16/no_regularization/seed_43/noise_sweep_matrix_mnist_fc3_h16_T16_mode_rate_uniform_schedule_normal_seed_43.csv
fc3_h16,16,no_regularization,43,16,16,rate_uniform,0.6,74.46,mnist-checkpoints/fc3_h16_L[16]_strict_seed43_ablation_none_l16_fc3_h16.pth,noise3_exp/ablation_mne_l2_vs_weight_decay_l16_fc3_h4_h8_h16_h32_h64_h128/strict_seed_train_rate_uniform_L16_T16/fc3_h16/no_regularization/seed_43/noise_sweep_matrix_mnist_fc3_h16_T16_mode_rate_uniform_schedule_normal_seed_43.csv
fc3_h16,16,no_regularization,43,16,16,rate_uniform,0.65,67.6,mnist-checkpoints/fc3_h16_L[16]_strict_seed43_ablation_none_l16_fc3_h16.pth,noise3_exp/ablation_mne_l2_vs_weight_decay_l16_fc3_h4_h8_h16_h32_h64_h128/strict_seed_train_rate_uniform_L16_T16/fc3_h16/no_regularization/seed_43/noise_sweep_matrix_mnist_fc3_h16_T16_mode_rate_uniform_schedule_normal_seed_43.csv
fc3_h16,16,no_regularization,43,16,16,rate_uniform,0.7,61.63,mnist-checkpoints/fc3_h16_L[16]_strict_seed43_ablation_none_l16_fc3_h16.pth,noise3_exp/ablation_mne_l2_vs_weight_decay_l16_fc3_h4_h8_h16_h32_h64_h128/strict_seed_train_rate_uniform_L16_T16/fc3_h16/no_regularization/seed_43/noise_sweep_matrix_mnist_fc3_h16_T16_mode_rate_uniform_schedule_normal_seed_43.csv
fc3_h16,16,no_regularization,43,16,16,rate_uniform,0.75,55.47,mnist-checkpoints/fc3_h16_L[16]_strict_seed43_ablation_none_l16_fc3_h16.pth,noise3_exp/ablation_mne_l2_vs_weight_decay_l16_fc3_h4_h8_h16_h32_h64_h128/strict_seed_train_rate_uniform_L16_T16/fc3_h16/no_regularization/seed_43/noise_sweep_matrix_mnist_fc3_h16_T16_mode_rate_uniform_schedule_normal_seed_43.csv
fc3_h16,16,no_regularization,43,16,16,rate_uniform,0.8,49.78,mnist-checkpoints/fc3_h16_L[16]_strict_seed43_ablation_none_l16_fc3_h16.pth,noise3_exp/ablation_mne_l2_vs_weight_decay_l16_fc3_h4_h8_h16_h32_h64_h128/strict_seed_train_rate_uniform_L16_T16/fc3_h16/no_regularization/seed_43/noise_sweep_matrix_mnist_fc3_h16_T16_mode_rate_uniform_schedule_normal_seed_43.csv
fc3_h16,16,no_regularization,43,16,16,rate_uniform,0.85,45.38,mnist-checkpoints/fc3_h16_L[16]_strict_seed43_ablation_none_l16_fc3_h16.pth,noise3_exp/ablation_mne_l2_vs_weight_decay_l16_fc3_h4_h8_h16_h32_h64_h128/strict_seed_train_rate_uniform_L16_T16/fc3_h16/no_regularization/seed_43/noise_sweep_matrix_mnist_fc3_h16_T16_mode_rate_uniform_schedule_normal_seed_43.csv
fc3_h16,16,no_regularization,43,16,16,rate_uniform,0.9,41.13,mnist-checkpoints/fc3_h16_L[16]_strict_seed43_ablation_none_l16_fc3_h16.pth,noise3_exp/ablation_mne_l2_vs_weight_decay_l16_fc3_h4_h8_h16_h32_h64_h128/strict_seed_train_rate_uniform_L16_T16/fc3_h16/no_regularization/seed_43/noise_sweep_matrix_mnist_fc3_h16_T16_mode_rate_uniform_schedule_normal_seed_43.csv
fc3_h16,16,no_regularization,43,16,16,rate_uniform,0.95,37.37,mnist-checkpoints/fc3_h16_L[16]_strict_seed43_ablation_none_l16_fc3_h16.pth,noise3_exp/ablation_mne_l2_vs_weight_decay_l16_fc3_h4_h8_h16_h32_h64_h128/strict_seed_train_rate_uniform_L16_T16/fc3_h16/no_regularization/seed_43/noise_sweep_matrix_mnist_fc3_h16_T16_mode_rate_uniform_schedule_normal_seed_43.csv
fc3_h16,16,no_regularization,43,16,16,rate_uniform,1.0,33.7,mnist-checkpoints/fc3_h16_L[16]_strict_seed43_ablation_none_l16_fc3_h16.pth,noise3_exp/ablation_mne_l2_vs_weight_decay_l16_fc3_h4_h8_h16_h32_h64_h128/strict_seed_train_rate_uniform_L16_T16/fc3_h16/no_regularization/seed_43/noise_sweep_matrix_mnist_fc3_h16_T16_mode_rate_uniform_schedule_normal_seed_43.csv
fc3_h16,16,no_regularization,44,16,16,rate_uniform,0.0,92.35,mnist-checkpoints/fc3_h16_L[16]_strict_seed44_ablation_none_l16_fc3_h16.pth,noise3_exp/ablation_mne_l2_vs_weight_decay_l16_fc3_h4_h8_h16_h32_h64_h128/strict_seed_train_rate_uniform_L16_T16/fc3_h16/no_regularization/seed_44/noise_sweep_matrix_mnist_fc3_h16_T16_mode_rate_uniform_schedule_normal_seed_44.csv
fc3_h16,16,no_regularization,44,16,16,rate_uniform,0.05,92.31,mnist-checkpoints/fc3_h16_L[16]_strict_seed44_ablation_none_l16_fc3_h16.pth,noise3_exp/ablation_mne_l2_vs_weight_decay_l16_fc3_h4_h8_h16_h32_h64_h128/strict_seed_train_rate_uniform_L16_T16/fc3_h16/no_regularization/seed_44/noise_sweep_matrix_mnist_fc3_h16_T16_mode_rate_uniform_schedule_normal_seed_44.csv
fc3_h16,16,no_regularization,44,16,16,rate_uniform,0.1,92.33,mnist-checkpoints/fc3_h16_L[16]_strict_seed44_ablation_none_l16_fc3_h16.pth,noise3_exp/ablation_mne_l2_vs_weight_decay_l16_fc3_h4_h8_h16_h32_h64_h128/strict_seed_train_rate_uniform_L16_T16/fc3_h16/no_regularization/seed_44/noise_sweep_matrix_mnist_fc3_h16_T16_mode_rate_uniform_schedule_normal_seed_44.csv
fc3_h16,16,no_regularization,44,16,16,rate_uniform,0.15,92.07,mnist-checkpoints/fc3_h16_L[16]_strict_seed44_ablation_none_l16_fc3_h16.pth,noise3_exp/ablation_mne_l2_vs_weight_decay_l16_fc3_h4_h8_h16_h32_h64_h128/strict_seed_train_rate_uniform_L16_T16/fc3_h16/no_regularization/seed_44/noise_sweep_matrix_mnist_fc3_h16_T16_mode_rate_uniform_schedule_normal_seed_44.csv
fc3_h16,16,no_regularization,44,16,16,rate_uniform,0.2,92.07,mnist-checkpoints/fc3_h16_L[16]_strict_seed44_ablation_none_l16_fc3_h16.pth,noise3_exp/ablation_mne_l2_vs_weight_decay_l16_fc3_h4_h8_h16_h32_h64_h128/strict_seed_train_rate_uniform_L16_T16/fc3_h16/no_regularization/seed_44/noise_sweep_matrix_mnist_fc3_h16_T16_mode_rate_uniform_schedule_normal_seed_44.csv
fc3_h16,16,no_regularization,44,16,16,rate_uniform,0.25,91.54,mnist-checkpoints/fc3_h16_L[16]_strict_seed44_ablation_none_l16_fc3_h16.pth,noise3_exp/ablation_mne_l2_vs_weight_decay_l16_fc3_h4_h8_h16_h32_h64_h128/strict_seed_train_rate_uniform_L16_T16/fc3_h16/no_regularization/seed_44/noise_sweep_matrix_mnist_fc3_h16_T16_mode_rate_uniform_schedule_normal_seed_44.csv
fc3_h16,16,no_regularization,44,16,16,rate_uniform,0.3,89.89,mnist-checkpoints/fc3_h16_L[16]_strict_seed44_ablation_none_l16_fc3_h16.pth,noise3_exp/ablation_mne_l2_vs_weight_decay_l16_fc3_h4_h8_h16_h32_h64_h128/strict_seed_train_rate_uniform_L16_T16/fc3_h16/no_regularization/seed_44/noise_sweep_matrix_mnist_fc3_h16_T16_mode_rate_uniform_schedule_normal_seed_44.csv
fc3_h16,16,no_regularization,44,16,16,rate_uniform,0.35,86.25,mnist-checkpoints/fc3_h16_L[16]_strict_seed44_ablation_none_l16_fc3_h16.pth,noise3_exp/ablation_mne_l2_vs_weight_decay_l16_fc3_h4_h8_h16_h32_h64_h128/strict_seed_train_rate_uniform_L16_T16/fc3_h16/no_regularization/seed_44/noise_sweep_matrix_mnist_fc3_h16_T16_mode_rate_uniform_schedule_normal_seed_44.csv
fc3_h16,16,no_regularization,44,16,16,rate_uniform,0.4,78.52,mnist-checkpoints/fc3_h16_L[16]_strict_seed44_ablation_none_l16_fc3_h16.pth,noise3_exp/ablation_mne_l2_vs_weight_decay_l16_fc3_h4_h8_h16_h32_h64_h128/strict_seed_train_rate_uniform_L16_T16/fc3_h16/no_regularization/seed_44/noise_sweep_matrix_mnist_fc3_h16_T16_mode_rate_uniform_schedule_normal_seed_44.csv
fc3_h16,16,no_regularization,44,16,16,rate_uniform,0.45,69.32,mnist-checkpoints/fc3_h16_L[16]_strict_seed44_ablation_none_l16_fc3_h16.pth,noise3_exp/ablation_mne_l2_vs_weight_decay_l16_fc3_h4_h8_h16_h32_h64_h128/strict_seed_train_rate_uniform_L16_T16/fc3_h16/no_regularization/seed_44/noise_sweep_matrix_mnist_fc3_h16_T16_mode_rate_uniform_schedule_normal_seed_44.csv
fc3_h16,16,no_regularization,44,16,16,rate_uniform,0.5,60.28,mnist-checkpoints/fc3_h16_L[16]_strict_seed44_ablation_none_l16_fc3_h16.pth,noise3_exp/ablation_mne_l2_vs_weight_decay_l16_fc3_h4_h8_h16_h32_h64_h128/strict_seed_train_rate_uniform_L16_T16/fc3_h16/no_regularization/seed_44/noise_sweep_matrix_mnist_fc3_h16_T16_mode_rate_uniform_schedule_normal_seed_44.csv
fc3_h16,16,no_regularization,44,16,16,rate_uniform,0.55,52.46,mnist-checkpoints/fc3_h16_L[16]_strict_seed44_ablation_none_l16_fc3_h16.pth,noise3_exp/ablation_mne_l2_vs_weight_decay_l16_fc3_h4_h8_h16_h32_h64_h128/strict_seed_train_rate_uniform_L16_T16/fc3_h16/no_regularization/seed_44/noise_sweep_matrix_mnist_fc3_h16_T16_mode_rate_uniform_schedule_normal_seed_44.csv
fc3_h16,16,no_regularization,44,16,16,rate_uniform,0.6,46.84,mnist-checkpoints/fc3_h16_L[16]_strict_seed44_ablation_none_l16_fc3_h16.pth,noise3_exp/ablation_mne_l2_vs_weight_decay_l16_fc3_h4_h8_h16_h32_h64_h128/strict_seed_train_rate_uniform_L16_T16/fc3_h16/no_regularization/seed_44/noise_sweep_matrix_mnist_fc3_h16_T16_mode_rate_uniform_schedule_normal_seed_44.csv
fc3_h16,16,no_regularization,44,16,16,rate_uniform,0.65,41.45,mnist-checkpoints/fc3_h16_L[16]_strict_seed44_ablation_none_l16_fc3_h16.pth,noise3_exp/ablation_mne_l2_vs_weight_decay_l16_fc3_h4_h8_h16_h32_h64_h128/strict_seed_train_rate_uniform_L16_T16/fc3_h16/no_regularization/seed_44/noise_sweep_matrix_mnist_fc3_h16_T16_mode_rate_uniform_schedule_normal_seed_44.csv
fc3_h16,16,no_regularization,44,16,16,rate_uniform,0.7,37.12,mnist-checkpoints/fc3_h16_L[16]_strict_seed44_ablation_none_l16_fc3_h16.pth,noise3_exp/ablation_mne_l2_vs_weight_decay_l16_fc3_h4_h8_h16_h32_h64_h128/strict_seed_train_rate_uniform_L16_T16/fc3_h16/no_regularization/seed_44/noise_sweep_matrix_mnist_fc3_h16_T16_mode_rate_uniform_schedule_normal_seed_44.csv
fc3_h16,16,no_regularization,44,16,16,rate_uniform,0.75,33.73,mnist-checkpoints/fc3_h16_L[16]_strict_seed44_ablation_none_l16_fc3_h16.pth,noise3_exp/ablation_mne_l2_vs_weight_decay_l16_fc3_h4_h8_h16_h32_h64_h128/strict_seed_train_rate_uniform_L16_T16/fc3_h16/no_regularization/seed_44/noise_sweep_matrix_mnist_fc3_h16_T16_mode_rate_uniform_schedule_normal_seed_44.csv
fc3_h16,16,no_regularization,44,16,16,rate_uniform,0.8,31.07,mnist-checkpoints/fc3_h16_L[16]_strict_seed44_ablation_none_l16_fc3_h16.pth,noise3_exp/ablation_mne_l2_vs_weight_decay_l16_fc3_h4_h8_h16_h32_h64_h128/strict_seed_train_rate_uniform_L16_T16/fc3_h16/no_regularization/seed_44/noise_sweep_matrix_mnist_fc3_h16_T16_mode_rate_uniform_schedule_normal_seed_44.csv
fc3_h16,16,no_regularization,44,16,16,rate_uniform,0.85,28.15,mnist-checkpoints/fc3_h16_L[16]_strict_seed44_ablation_none_l16_fc3_h16.pth,noise3_exp/ablation_mne_l2_vs_weight_decay_l16_fc3_h4_h8_h16_h32_h64_h128/strict_seed_train_rate_uniform_L16_T16/fc3_h16/no_regularization/seed_44/noise_sweep_matrix_mnist_fc3_h16_T16_mode_rate_uniform_schedule_normal_seed_44.csv
fc3_h16,16,no_regularization,44,16,16,rate_uniform,0.9,26.63,mnist-checkpoints/fc3_h16_L[16]_strict_seed44_ablation_none_l16_fc3_h16.pth,noise3_exp/ablation_mne_l2_vs_weight_decay_l16_fc3_h4_h8_h16_h32_h64_h128/strict_seed_train_rate_uniform_L16_T16/fc3_h16/no_regularization/seed_44/noise_sweep_matrix_mnist_fc3_h16_T16_mode_rate_uniform_schedule_normal_seed_44.csv
fc3_h16,16,no_regularization,44,16,16,rate_uniform,0.95,24.64,mnist-checkpoints/fc3_h16_L[16]_strict_seed44_ablation_none_l16_fc3_h16.pth,noise3_exp/ablation_mne_l2_vs_weight_decay_l16_fc3_h4_h8_h16_h32_h64_h128/strict_seed_train_rate_uniform_L16_T16/fc3_h16/no_regularization/seed_44/noise_sweep_matrix_mnist_fc3_h16_T16_mode_rate_uniform_schedule_normal_seed_44.csv
fc3_h16,16,no_regularization,44,16,16,rate_uniform,1.0,22.8,mnist-checkpoints/fc3_h16_L[16]_strict_seed44_ablation_none_l16_fc3_h16.pth,noise3_exp/ablation_mne_l2_vs_weight_decay_l16_fc3_h4_h8_h16_h32_h64_h128/strict_seed_train_rate_uniform_L16_T16/fc3_h16/no_regularization/seed_44/noise_sweep_matrix_mnist_fc3_h16_T16_mode_rate_uniform_schedule_normal_seed_44.csv
fc3_h32,32,mne_l2,40,16,16,rate_uniform,0.0,96.76,mnist-checkpoints/fc3_h32_L[16]_strict_seed40_ablation_mne_l2_l16_fc3_h32_rc5em02.pth,noise3_exp/ablation_mne_l2_vs_weight_decay_l16_fc3_h4_h8_h16_h32_h64_h128/strict_seed_train_rate_uniform_L16_T16/fc3_h32/mne_l2/seed_40/noise_sweep_matrix_mnist_fc3_h32_T16_mode_rate_uniform_schedule_normal_seed_40.csv
fc3_h32,32,mne_l2,40,16,16,rate_uniform,0.05,96.83,mnist-checkpoints/fc3_h32_L[16]_strict_seed40_ablation_mne_l2_l16_fc3_h32_rc5em02.pth,noise3_exp/ablation_mne_l2_vs_weight_decay_l16_fc3_h4_h8_h16_h32_h64_h128/strict_seed_train_rate_uniform_L16_T16/fc3_h32/mne_l2/seed_40/noise_sweep_matrix_mnist_fc3_h32_T16_mode_rate_uniform_schedule_normal_seed_40.csv
fc3_h32,32,mne_l2,40,16,16,rate_uniform,0.1,96.74,mnist-checkpoints/fc3_h32_L[16]_strict_seed40_ablation_mne_l2_l16_fc3_h32_rc5em02.pth,noise3_exp/ablation_mne_l2_vs_weight_decay_l16_fc3_h4_h8_h16_h32_h64_h128/strict_seed_train_rate_uniform_L16_T16/fc3_h32/mne_l2/seed_40/noise_sweep_matrix_mnist_fc3_h32_T16_mode_rate_uniform_schedule_normal_seed_40.csv
fc3_h32,32,mne_l2,40,16,16,rate_uniform,0.15,96.6,mnist-checkpoints/fc3_h32_L[16]_strict_seed40_ablation_mne_l2_l16_fc3_h32_rc5em02.pth,noise3_exp/ablation_mne_l2_vs_weight_decay_l16_fc3_h4_h8_h16_h32_h64_h128/strict_seed_train_rate_uniform_L16_T16/fc3_h32/mne_l2/seed_40/noise_sweep_matrix_mnist_fc3_h32_T16_mode_rate_uniform_schedule_normal_seed_40.csv
fc3_h32,32,mne_l2,40,16,16,rate_uniform,0.2,96.66,mnist-checkpoints/fc3_h32_L[16]_strict_seed40_ablation_mne_l2_l16_fc3_h32_rc5em02.pth,noise3_exp/ablation_mne_l2_vs_weight_decay_l16_fc3_h4_h8_h16_h32_h64_h128/strict_seed_train_rate_uniform_L16_T16/fc3_h32/mne_l2/seed_40/noise_sweep_matrix_mnist_fc3_h32_T16_mode_rate_uniform_schedule_normal_seed_40.csv
fc3_h32,32,mne_l2,40,16,16,rate_uniform,0.25,96.58,mnist-checkpoints/fc3_h32_L[16]_strict_seed40_ablation_mne_l2_l16_fc3_h32_rc5em02.pth,noise3_exp/ablation_mne_l2_vs_weight_decay_l16_fc3_h4_h8_h16_h32_h64_h128/strict_seed_train_rate_uniform_L16_T16/fc3_h32/mne_l2/seed_40/noise_sweep_matrix_mnist_fc3_h32_T16_mode_rate_uniform_schedule_normal_seed_40.csv
fc3_h32,32,mne_l2,40,16,16,rate_uniform,0.3,96.58,mnist-checkpoints/fc3_h32_L[16]_strict_seed40_ablation_mne_l2_l16_fc3_h32_rc5em02.pth,noise3_exp/ablation_mne_l2_vs_weight_decay_l16_fc3_h4_h8_h16_h32_h64_h128/strict_seed_train_rate_uniform_L16_T16/fc3_h32/mne_l2/seed_40/noise_sweep_matrix_mnist_fc3_h32_T16_mode_rate_uniform_schedule_normal_seed_40.csv
fc3_h32,32,mne_l2,40,16,16,rate_uniform,0.35,96.45,mnist-checkpoints/fc3_h32_L[16]_strict_seed40_ablation_mne_l2_l16_fc3_h32_rc5em02.pth,noise3_exp/ablation_mne_l2_vs_weight_decay_l16_fc3_h4_h8_h16_h32_h64_h128/strict_seed_train_rate_uniform_L16_T16/fc3_h32/mne_l2/seed_40/noise_sweep_matrix_mnist_fc3_h32_T16_mode_rate_uniform_schedule_normal_seed_40.csv
fc3_h32,32,mne_l2,40,16,16,rate_uniform,0.4,96.17,mnist-checkpoints/fc3_h32_L[16]_strict_seed40_ablation_mne_l2_l16_fc3_h32_rc5em02.pth,noise3_exp/ablation_mne_l2_vs_weight_decay_l16_fc3_h4_h8_h16_h32_h64_h128/strict_seed_train_rate_uniform_L16_T16/fc3_h32/mne_l2/seed_40/noise_sweep_matrix_mnist_fc3_h32_T16_mode_rate_uniform_schedule_normal_seed_40.csv
fc3_h32,32,mne_l2,40,16,16,rate_uniform,0.45,96.07,mnist-checkpoints/fc3_h32_L[16]_strict_seed40_ablation_mne_l2_l16_fc3_h32_rc5em02.pth,noise3_exp/ablation_mne_l2_vs_weight_decay_l16_fc3_h4_h8_h16_h32_h64_h128/strict_seed_train_rate_uniform_L16_T16/fc3_h32/mne_l2/seed_40/noise_sweep_matrix_mnist_fc3_h32_T16_mode_rate_uniform_schedule_normal_seed_40.csv
fc3_h32,32,mne_l2,40,16,16,rate_uniform,0.5,95.73,mnist-checkpoints/fc3_h32_L[16]_strict_seed40_ablation_mne_l2_l16_fc3_h32_rc5em02.pth,noise3_exp/ablation_mne_l2_vs_weight_decay_l16_fc3_h4_h8_h16_h32_h64_h128/strict_seed_train_rate_uniform_L16_T16/fc3_h32/mne_l2/seed_40/noise_sweep_matrix_mnist_fc3_h32_T16_mode_rate_uniform_schedule_normal_seed_40.csv
fc3_h32,32,mne_l2,40,16,16,rate_uniform,0.55,95.63,mnist-checkpoints/fc3_h32_L[16]_strict_seed40_ablation_mne_l2_l16_fc3_h32_rc5em02.pth,noise3_exp/ablation_mne_l2_vs_weight_decay_l16_fc3_h4_h8_h16_h32_h64_h128/strict_seed_train_rate_uniform_L16_T16/fc3_h32/mne_l2/seed_40/noise_sweep_matrix_mnist_fc3_h32_T16_mode_rate_uniform_schedule_normal_seed_40.csv
fc3_h32,32,mne_l2,40,16,16,rate_uniform,0.6,95.05,mnist-checkpoints/fc3_h32_L[16]_strict_seed40_ablation_mne_l2_l16_fc3_h32_rc5em02.pth,noise3_exp/ablation_mne_l2_vs_weight_decay_l16_fc3_h4_h8_h16_h32_h64_h128/strict_seed_train_rate_uniform_L16_T16/fc3_h32/mne_l2/seed_40/noise_sweep_matrix_mnist_fc3_h32_T16_mode_rate_uniform_schedule_normal_seed_40.csv
fc3_h32,32,mne_l2,40,16,16,rate_uniform,0.65,94.29,mnist-checkpoints/fc3_h32_L[16]_strict_seed40_ablation_mne_l2_l16_fc3_h32_rc5em02.pth,noise3_exp/ablation_mne_l2_vs_weight_decay_l16_fc3_h4_h8_h16_h32_h64_h128/strict_seed_train_rate_uniform_L16_T16/fc3_h32/mne_l2/seed_40/noise_sweep_matrix_mnist_fc3_h32_T16_mode_rate_uniform_schedule_normal_seed_40.csv
fc3_h32,32,mne_l2,40,16,16,rate_uniform,0.7,93.24,mnist-checkpoints/fc3_h32_L[16]_strict_seed40_ablation_mne_l2_l16_fc3_h32_rc5em02.pth,noise3_exp/ablation_mne_l2_vs_weight_decay_l16_fc3_h4_h8_h16_h32_h64_h128/strict_seed_train_rate_uniform_L16_T16/fc3_h32/mne_l2/seed_40/noise_sweep_matrix_mnist_fc3_h32_T16_mode_rate_uniform_schedule_normal_seed_40.csv
fc3_h32,32,mne_l2,40,16,16,rate_uniform,0.75,92.08,mnist-checkpoints/fc3_h32_L[16]_strict_seed40_ablation_mne_l2_l16_fc3_h32_rc5em02.pth,noise3_exp/ablation_mne_l2_vs_weight_decay_l16_fc3_h4_h8_h16_h32_h64_h128/strict_seed_train_rate_uniform_L16_T16/fc3_h32/mne_l2/seed_40/noise_sweep_matrix_mnist_fc3_h32_T16_mode_rate_uniform_schedule_normal_seed_40.csv
fc3_h32,32,mne_l2,40,16,16,rate_uniform,0.8,90.32,mnist-checkpoints/fc3_h32_L[16]_strict_seed40_ablation_mne_l2_l16_fc3_h32_rc5em02.pth,noise3_exp/ablation_mne_l2_vs_weight_decay_l16_fc3_h4_h8_h16_h32_h64_h128/strict_seed_train_rate_uniform_L16_T16/fc3_h32/mne_l2/seed_40/noise_sweep_matrix_mnist_fc3_h32_T16_mode_rate_uniform_schedule_normal_seed_40.csv
fc3_h32,32,mne_l2,40,16,16,rate_uniform,0.85,89.06,mnist-checkpoints/fc3_h32_L[16]_strict_seed40_ablation_mne_l2_l16_fc3_h32_rc5em02.pth,noise3_exp/ablation_mne_l2_vs_weight_decay_l16_fc3_h4_h8_h16_h32_h64_h128/strict_seed_train_rate_uniform_L16_T16/fc3_h32/mne_l2/seed_40/noise_sweep_matrix_mnist_fc3_h32_T16_mode_rate_uniform_schedule_normal_seed_40.csv
fc3_h32,32,mne_l2,40,16,16,rate_uniform,0.9,86.72,mnist-checkpoints/fc3_h32_L[16]_strict_seed40_ablation_mne_l2_l16_fc3_h32_rc5em02.pth,noise3_exp/ablation_mne_l2_vs_weight_decay_l16_fc3_h4_h8_h16_h32_h64_h128/strict_seed_train_rate_uniform_L16_T16/fc3_h32/mne_l2/seed_40/noise_sweep_matrix_mnist_fc3_h32_T16_mode_rate_uniform_schedule_normal_seed_40.csv
fc3_h32,32,mne_l2,40,16,16,rate_uniform,0.95,84.48,mnist-checkpoints/fc3_h32_L[16]_strict_seed40_ablation_mne_l2_l16_fc3_h32_rc5em02.pth,noise3_exp/ablation_mne_l2_vs_weight_decay_l16_fc3_h4_h8_h16_h32_h64_h128/strict_seed_train_rate_uniform_L16_T16/fc3_h32/mne_l2/seed_40/noise_sweep_matrix_mnist_fc3_h32_T16_mode_rate_uniform_schedule_normal_seed_40.csv
fc3_h32,32,mne_l2,40,16,16,rate_uniform,1.0,81.57,mnist-checkpoints/fc3_h32_L[16]_strict_seed40_ablation_mne_l2_l16_fc3_h32_rc5em02.pth,noise3_exp/ablation_mne_l2_vs_weight_decay_l16_fc3_h4_h8_h16_h32_h64_h128/strict_seed_train_rate_uniform_L16_T16/fc3_h32/mne_l2/seed_40/noise_sweep_matrix_mnist_fc3_h32_T16_mode_rate_uniform_schedule_normal_seed_40.csv
fc3_h32,32,mne_l2,41,16,16,rate_uniform,0.0,96.32,mnist-checkpoints/fc3_h32_L[16]_strict_seed41_ablation_mne_l2_l16_fc3_h32_rc5em02.pth,noise3_exp/ablation_mne_l2_vs_weight_decay_l16_fc3_h4_h8_h16_h32_h64_h128/strict_seed_train_rate_uniform_L16_T16/fc3_h32/mne_l2/seed_41/noise_sweep_matrix_mnist_fc3_h32_T16_mode_rate_uniform_schedule_normal_seed_41.csv
fc3_h32,32,mne_l2,41,16,16,rate_uniform,0.05,96.24,mnist-checkpoints/fc3_h32_L[16]_strict_seed41_ablation_mne_l2_l16_fc3_h32_rc5em02.pth,noise3_exp/ablation_mne_l2_vs_weight_decay_l16_fc3_h4_h8_h16_h32_h64_h128/strict_seed_train_rate_uniform_L16_T16/fc3_h32/mne_l2/seed_41/noise_sweep_matrix_mnist_fc3_h32_T16_mode_rate_uniform_schedule_normal_seed_41.csv
fc3_h32,32,mne_l2,41,16,16,rate_uniform,0.1,96.16,mnist-checkpoints/fc3_h32_L[16]_strict_seed41_ablation_mne_l2_l16_fc3_h32_rc5em02.pth,noise3_exp/ablation_mne_l2_vs_weight_decay_l16_fc3_h4_h8_h16_h32_h64_h128/strict_seed_train_rate_uniform_L16_T16/fc3_h32/mne_l2/seed_41/noise_sweep_matrix_mnist_fc3_h32_T16_mode_rate_uniform_schedule_normal_seed_41.csv
fc3_h32,32,mne_l2,41,16,16,rate_uniform,0.15,96.28,mnist-checkpoints/fc3_h32_L[16]_strict_seed41_ablation_mne_l2_l16_fc3_h32_rc5em02.pth,noise3_exp/ablation_mne_l2_vs_weight_decay_l16_fc3_h4_h8_h16_h32_h64_h128/strict_seed_train_rate_uniform_L16_T16/fc3_h32/mne_l2/seed_41/noise_sweep_matrix_mnist_fc3_h32_T16_mode_rate_uniform_schedule_normal_seed_41.csv
fc3_h32,32,mne_l2,41,16,16,rate_uniform,0.2,96.09,mnist-checkpoints/fc3_h32_L[16]_strict_seed41_ablation_mne_l2_l16_fc3_h32_rc5em02.pth,noise3_exp/ablation_mne_l2_vs_weight_decay_l16_fc3_h4_h8_h16_h32_h64_h128/strict_seed_train_rate_uniform_L16_T16/fc3_h32/mne_l2/seed_41/noise_sweep_matrix_mnist_fc3_h32_T16_mode_rate_uniform_schedule_normal_seed_41.csv
fc3_h32,32,mne_l2,41,16,16,rate_uniform,0.25,95.86,mnist-checkpoints/fc3_h32_L[16]_strict_seed41_ablation_mne_l2_l16_fc3_h32_rc5em02.pth,noise3_exp/ablation_mne_l2_vs_weight_decay_l16_fc3_h4_h8_h16_h32_h64_h128/strict_seed_train_rate_uniform_L16_T16/fc3_h32/mne_l2/seed_41/noise_sweep_matrix_mnist_fc3_h32_T16_mode_rate_uniform_schedule_normal_seed_41.csv
fc3_h32,32,mne_l2,41,16,16,rate_uniform,0.3,95.91,mnist-checkpoints/fc3_h32_L[16]_strict_seed41_ablation_mne_l2_l16_fc3_h32_rc5em02.pth,noise3_exp/ablation_mne_l2_vs_weight_decay_l16_fc3_h4_h8_h16_h32_h64_h128/strict_seed_train_rate_uniform_L16_T16/fc3_h32/mne_l2/seed_41/noise_sweep_matrix_mnist_fc3_h32_T16_mode_rate_uniform_schedule_normal_seed_41.csv
fc3_h32,32,mne_l2,41,16,16,rate_uniform,0.35,96.12,mnist-checkpoints/fc3_h32_L[16]_strict_seed41_ablation_mne_l2_l16_fc3_h32_rc5em02.pth,noise3_exp/ablation_mne_l2_vs_weight_decay_l16_fc3_h4_h8_h16_h32_h64_h128/strict_seed_train_rate_uniform_L16_T16/fc3_h32/mne_l2/seed_41/noise_sweep_matrix_mnist_fc3_h32_T16_mode_rate_uniform_schedule_normal_seed_41.csv
fc3_h32,32,mne_l2,41,16,16,rate_uniform,0.4,95.88,mnist-checkpoints/fc3_h32_L[16]_strict_seed41_ablation_mne_l2_l16_fc3_h32_rc5em02.pth,noise3_exp/ablation_mne_l2_vs_weight_decay_l16_fc3_h4_h8_h16_h32_h64_h128/strict_seed_train_rate_uniform_L16_T16/fc3_h32/mne_l2/seed_41/noise_sweep_matrix_mnist_fc3_h32_T16_mode_rate_uniform_schedule_normal_seed_41.csv
fc3_h32,32,mne_l2,41,16,16,rate_uniform,0.45,95.73,mnist-checkpoints/fc3_h32_L[16]_strict_seed41_ablation_mne_l2_l16_fc3_h32_rc5em02.pth,noise3_exp/ablation_mne_l2_vs_weight_decay_l16_fc3_h4_h8_h16_h32_h64_h128/strict_seed_train_rate_uniform_L16_T16/fc3_h32/mne_l2/seed_41/noise_sweep_matrix_mnist_fc3_h32_T16_mode_rate_uniform_schedule_normal_seed_41.csv
fc3_h32,32,mne_l2,41,16,16,rate_uniform,0.5,95.45,mnist-checkpoints/fc3_h32_L[16]_strict_seed41_ablation_mne_l2_l16_fc3_h32_rc5em02.pth,noise3_exp/ablation_mne_l2_vs_weight_decay_l16_fc3_h4_h8_h16_h32_h64_h128/strict_seed_train_rate_uniform_L16_T16/fc3_h32/mne_l2/seed_41/noise_sweep_matrix_mnist_fc3_h32_T16_mode_rate_uniform_schedule_normal_seed_41.csv
fc3_h32,32,mne_l2,41,16,16,rate_uniform,0.55,95.2,mnist-checkpoints/fc3_h32_L[16]_strict_seed41_ablation_mne_l2_l16_fc3_h32_rc5em02.pth,noise3_exp/ablation_mne_l2_vs_weight_decay_l16_fc3_h4_h8_h16_h32_h64_h128/strict_seed_train_rate_uniform_L16_T16/fc3_h32/mne_l2/seed_41/noise_sweep_matrix_mnist_fc3_h32_T16_mode_rate_uniform_schedule_normal_seed_41.csv
fc3_h32,32,mne_l2,41,16,16,rate_uniform,0.6,94.7,mnist-checkpoints/fc3_h32_L[16]_strict_seed41_ablation_mne_l2_l16_fc3_h32_rc5em02.pth,noise3_exp/ablation_mne_l2_vs_weight_decay_l16_fc3_h4_h8_h16_h32_h64_h128/strict_seed_train_rate_uniform_L16_T16/fc3_h32/mne_l2/seed_41/noise_sweep_matrix_mnist_fc3_h32_T16_mode_rate_uniform_schedule_normal_seed_41.csv
fc3_h32,32,mne_l2,41,16,16,rate_uniform,0.65,94.19,mnist-checkpoints/fc3_h32_L[16]_strict_seed41_ablation_mne_l2_l16_fc3_h32_rc5em02.pth,noise3_exp/ablation_mne_l2_vs_weight_decay_l16_fc3_h4_h8_h16_h32_h64_h128/strict_seed_train_rate_uniform_L16_T16/fc3_h32/mne_l2/seed_41/noise_sweep_matrix_mnist_fc3_h32_T16_mode_rate_uniform_schedule_normal_seed_41.csv
fc3_h32,32,mne_l2,41,16,16,rate_uniform,0.7,93.54,mnist-checkpoints/fc3_h32_L[16]_strict_seed41_ablation_mne_l2_l16_fc3_h32_rc5em02.pth,noise3_exp/ablation_mne_l2_vs_weight_decay_l16_fc3_h4_h8_h16_h32_h64_h128/strict_seed_train_rate_uniform_L16_T16/fc3_h32/mne_l2/seed_41/noise_sweep_matrix_mnist_fc3_h32_T16_mode_rate_uniform_schedule_normal_seed_41.csv
fc3_h32,32,mne_l2,41,16,16,rate_uniform,0.75,92.55,mnist-checkpoints/fc3_h32_L[16]_strict_seed41_ablation_mne_l2_l16_fc3_h32_rc5em02.pth,noise3_exp/ablation_mne_l2_vs_weight_decay_l16_fc3_h4_h8_h16_h32_h64_h128/strict_seed_train_rate_uniform_L16_T16/fc3_h32/mne_l2/seed_41/noise_sweep_matrix_mnist_fc3_h32_T16_mode_rate_uniform_schedule_normal_seed_41.csv
fc3_h32,32,mne_l2,41,16,16,rate_uniform,0.8,91.48,mnist-checkpoints/fc3_h32_L[16]_strict_seed41_ablation_mne_l2_l16_fc3_h32_rc5em02.pth,noise3_exp/ablation_mne_l2_vs_weight_decay_l16_fc3_h4_h8_h16_h32_h64_h128/strict_seed_train_rate_uniform_L16_T16/fc3_h32/mne_l2/seed_41/noise_sweep_matrix_mnist_fc3_h32_T16_mode_rate_uniform_schedule_normal_seed_41.csv
fc3_h32,32,mne_l2,41,16,16,rate_uniform,0.85,90.24,mnist-checkpoints/fc3_h32_L[16]_strict_seed41_ablation_mne_l2_l16_fc3_h32_rc5em02.pth,noise3_exp/ablation_mne_l2_vs_weight_decay_l16_fc3_h4_h8_h16_h32_h64_h128/strict_seed_train_rate_uniform_L16_T16/fc3_h32/mne_l2/seed_41/noise_sweep_matrix_mnist_fc3_h32_T16_mode_rate_uniform_schedule_normal_seed_41.csv
fc3_h32,32,mne_l2,41,16,16,rate_uniform,0.9,88.53,mnist-checkpoints/fc3_h32_L[16]_strict_seed41_ablation_mne_l2_l16_fc3_h32_rc5em02.pth,noise3_exp/ablation_mne_l2_vs_weight_decay_l16_fc3_h4_h8_h16_h32_h64_h128/strict_seed_train_rate_uniform_L16_T16/fc3_h32/mne_l2/seed_41/noise_sweep_matrix_mnist_fc3_h32_T16_mode_rate_uniform_schedule_normal_seed_41.csv
fc3_h32,32,mne_l2,41,16,16,rate_uniform,0.95,86.88,mnist-checkpoints/fc3_h32_L[16]_strict_seed41_ablation_mne_l2_l16_fc3_h32_rc5em02.pth,noise3_exp/ablation_mne_l2_vs_weight_decay_l16_fc3_h4_h8_h16_h32_h64_h128/strict_seed_train_rate_uniform_L16_T16/fc3_h32/mne_l2/seed_41/noise_sweep_matrix_mnist_fc3_h32_T16_mode_rate_uniform_schedule_normal_seed_41.csv
fc3_h32,32,mne_l2,41,16,16,rate_uniform,1.0,84.59,mnist-checkpoints/fc3_h32_L[16]_strict_seed41_ablation_mne_l2_l16_fc3_h32_rc5em02.pth,noise3_exp/ablation_mne_l2_vs_weight_decay_l16_fc3_h4_h8_h16_h32_h64_h128/strict_seed_train_rate_uniform_L16_T16/fc3_h32/mne_l2/seed_41/noise_sweep_matrix_mnist_fc3_h32_T16_mode_rate_uniform_schedule_normal_seed_41.csv
fc3_h32,32,mne_l2,42,16,16,rate_uniform,0.0,96.57,mnist-checkpoints/fc3_h32_L[16]_strict_seed42_ablation_mne_l2_l16_fc3_h32_rc5em02.pth,noise3_exp/ablation_mne_l2_vs_weight_decay_l16_fc3_h4_h8_h16_h32_h64_h128/strict_seed_train_rate_uniform_L16_T16/fc3_h32/mne_l2/seed_42/noise_sweep_matrix_mnist_fc3_h32_T16_mode_rate_uniform_schedule_normal_seed_42.csv
fc3_h32,32,mne_l2,42,16,16,rate_uniform,0.05,96.43,mnist-checkpoints/fc3_h32_L[16]_strict_seed42_ablation_mne_l2_l16_fc3_h32_rc5em02.pth,noise3_exp/ablation_mne_l2_vs_weight_decay_l16_fc3_h4_h8_h16_h32_h64_h128/strict_seed_train_rate_uniform_L16_T16/fc3_h32/mne_l2/seed_42/noise_sweep_matrix_mnist_fc3_h32_T16_mode_rate_uniform_schedule_normal_seed_42.csv
fc3_h32,32,mne_l2,42,16,16,rate_uniform,0.1,96.4,mnist-checkpoints/fc3_h32_L[16]_strict_seed42_ablation_mne_l2_l16_fc3_h32_rc5em02.pth,noise3_exp/ablation_mne_l2_vs_weight_decay_l16_fc3_h4_h8_h16_h32_h64_h128/strict_seed_train_rate_uniform_L16_T16/fc3_h32/mne_l2/seed_42/noise_sweep_matrix_mnist_fc3_h32_T16_mode_rate_uniform_schedule_normal_seed_42.csv
fc3_h32,32,mne_l2,42,16,16,rate_uniform,0.15,96.37,mnist-checkpoints/fc3_h32_L[16]_strict_seed42_ablation_mne_l2_l16_fc3_h32_rc5em02.pth,noise3_exp/ablation_mne_l2_vs_weight_decay_l16_fc3_h4_h8_h16_h32_h64_h128/strict_seed_train_rate_uniform_L16_T16/fc3_h32/mne_l2/seed_42/noise_sweep_matrix_mnist_fc3_h32_T16_mode_rate_uniform_schedule_normal_seed_42.csv
fc3_h32,32,mne_l2,42,16,16,rate_uniform,0.2,96.23,mnist-checkpoints/fc3_h32_L[16]_strict_seed42_ablation_mne_l2_l16_fc3_h32_rc5em02.pth,noise3_exp/ablation_mne_l2_vs_weight_decay_l16_fc3_h4_h8_h16_h32_h64_h128/strict_seed_train_rate_uniform_L16_T16/fc3_h32/mne_l2/seed_42/noise_sweep_matrix_mnist_fc3_h32_T16_mode_rate_uniform_schedule_normal_seed_42.csv
fc3_h32,32,mne_l2,42,16,16,rate_uniform,0.25,96.35,mnist-checkpoints/fc3_h32_L[16]_strict_seed42_ablation_mne_l2_l16_fc3_h32_rc5em02.pth,noise3_exp/ablation_mne_l2_vs_weight_decay_l16_fc3_h4_h8_h16_h32_h64_h128/strict_seed_train_rate_uniform_L16_T16/fc3_h32/mne_l2/seed_42/noise_sweep_matrix_mnist_fc3_h32_T16_mode_rate_uniform_schedule_normal_seed_42.csv
fc3_h32,32,mne_l2,42,16,16,rate_uniform,0.3,96.2,mnist-checkpoints/fc3_h32_L[16]_strict_seed42_ablation_mne_l2_l16_fc3_h32_rc5em02.pth,noise3_exp/ablation_mne_l2_vs_weight_decay_l16_fc3_h4_h8_h16_h32_h64_h128/strict_seed_train_rate_uniform_L16_T16/fc3_h32/mne_l2/seed_42/noise_sweep_matrix_mnist_fc3_h32_T16_mode_rate_uniform_schedule_normal_seed_42.csv
fc3_h32,32,mne_l2,42,16,16,rate_uniform,0.35,96.17,mnist-checkpoints/fc3_h32_L[16]_strict_seed42_ablation_mne_l2_l16_fc3_h32_rc5em02.pth,noise3_exp/ablation_mne_l2_vs_weight_decay_l16_fc3_h4_h8_h16_h32_h64_h128/strict_seed_train_rate_uniform_L16_T16/fc3_h32/mne_l2/seed_42/noise_sweep_matrix_mnist_fc3_h32_T16_mode_rate_uniform_schedule_normal_seed_42.csv
fc3_h32,32,mne_l2,42,16,16,rate_uniform,0.4,96.16,mnist-checkpoints/fc3_h32_L[16]_strict_seed42_ablation_mne_l2_l16_fc3_h32_rc5em02.pth,noise3_exp/ablation_mne_l2_vs_weight_decay_l16_fc3_h4_h8_h16_h32_h64_h128/strict_seed_train_rate_uniform_L16_T16/fc3_h32/mne_l2/seed_42/noise_sweep_matrix_mnist_fc3_h32_T16_mode_rate_uniform_schedule_normal_seed_42.csv
fc3_h32,32,mne_l2,42,16,16,rate_uniform,0.45,95.66,mnist-checkpoints/fc3_h32_L[16]_strict_seed42_ablation_mne_l2_l16_fc3_h32_rc5em02.pth,noise3_exp/ablation_mne_l2_vs_weight_decay_l16_fc3_h4_h8_h16_h32_h64_h128/strict_seed_train_rate_uniform_L16_T16/fc3_h32/mne_l2/seed_42/noise_sweep_matrix_mnist_fc3_h32_T16_mode_rate_uniform_schedule_normal_seed_42.csv
fc3_h32,32,mne_l2,42,16,16,rate_uniform,0.5,95.43,mnist-checkpoints/fc3_h32_L[16]_strict_seed42_ablation_mne_l2_l16_fc3_h32_rc5em02.pth,noise3_exp/ablation_mne_l2_vs_weight_decay_l16_fc3_h4_h8_h16_h32_h64_h128/strict_seed_train_rate_uniform_L16_T16/fc3_h32/mne_l2/seed_42/noise_sweep_matrix_mnist_fc3_h32_T16_mode_rate_uniform_schedule_normal_seed_42.csv
fc3_h32,32,mne_l2,42,16,16,rate_uniform,0.55,95.05,mnist-checkpoints/fc3_h32_L[16]_strict_seed42_ablation_mne_l2_l16_fc3_h32_rc5em02.pth,noise3_exp/ablation_mne_l2_vs_weight_decay_l16_fc3_h4_h8_h16_h32_h64_h128/strict_seed_train_rate_uniform_L16_T16/fc3_h32/mne_l2/seed_42/noise_sweep_matrix_mnist_fc3_h32_T16_mode_rate_uniform_schedule_normal_seed_42.csv
fc3_h32,32,mne_l2,42,16,16,rate_uniform,0.6,94.81,mnist-checkpoints/fc3_h32_L[16]_strict_seed42_ablation_mne_l2_l16_fc3_h32_rc5em02.pth,noise3_exp/ablation_mne_l2_vs_weight_decay_l16_fc3_h4_h8_h16_h32_h64_h128/strict_seed_train_rate_uniform_L16_T16/fc3_h32/mne_l2/seed_42/noise_sweep_matrix_mnist_fc3_h32_T16_mode_rate_uniform_schedule_normal_seed_42.csv
fc3_h32,32,mne_l2,42,16,16,rate_uniform,0.65,94.13,mnist-checkpoints/fc3_h32_L[16]_strict_seed42_ablation_mne_l2_l16_fc3_h32_rc5em02.pth,noise3_exp/ablation_mne_l2_vs_weight_decay_l16_fc3_h4_h8_h16_h32_h64_h128/strict_seed_train_rate_uniform_L16_T16/fc3_h32/mne_l2/seed_42/noise_sweep_matrix_mnist_fc3_h32_T16_mode_rate_uniform_schedule_normal_seed_42.csv
fc3_h32,32,mne_l2,42,16,16,rate_uniform,0.7,93.52,mnist-checkpoints/fc3_h32_L[16]_strict_seed42_ablation_mne_l2_l16_fc3_h32_rc5em02.pth,noise3_exp/ablation_mne_l2_vs_weight_decay_l16_fc3_h4_h8_h16_h32_h64_h128/strict_seed_train_rate_uniform_L16_T16/fc3_h32/mne_l2/seed_42/noise_sweep_matrix_mnist_fc3_h32_T16_mode_rate_uniform_schedule_normal_seed_42.csv
fc3_h32,32,mne_l2,42,16,16,rate_uniform,0.75,92.63,mnist-checkpoints/fc3_h32_L[16]_strict_seed42_ablation_mne_l2_l16_fc3_h32_rc5em02.pth,noise3_exp/ablation_mne_l2_vs_weight_decay_l16_fc3_h4_h8_h16_h32_h64_h128/strict_seed_train_rate_uniform_L16_T16/fc3_h32/mne_l2/seed_42/noise_sweep_matrix_mnist_fc3_h32_T16_mode_rate_uniform_schedule_normal_seed_42.csv
fc3_h32,32,mne_l2,42,16,16,rate_uniform,0.8,91.28,mnist-checkpoints/fc3_h32_L[16]_strict_seed42_ablation_mne_l2_l16_fc3_h32_rc5em02.pth,noise3_exp/ablation_mne_l2_vs_weight_decay_l16_fc3_h4_h8_h16_h32_h64_h128/strict_seed_train_rate_uniform_L16_T16/fc3_h32/mne_l2/seed_42/noise_sweep_matrix_mnist_fc3_h32_T16_mode_rate_uniform_schedule_normal_seed_42.csv
fc3_h32,32,mne_l2,42,16,16,rate_uniform,0.85,90.07,mnist-checkpoints/fc3_h32_L[16]_strict_seed42_ablation_mne_l2_l16_fc3_h32_rc5em02.pth,noise3_exp/ablation_mne_l2_vs_weight_decay_l16_fc3_h4_h8_h16_h32_h64_h128/strict_seed_train_rate_uniform_L16_T16/fc3_h32/mne_l2/seed_42/noise_sweep_matrix_mnist_fc3_h32_T16_mode_rate_uniform_schedule_normal_seed_42.csv
fc3_h32,32,mne_l2,42,16,16,rate_uniform,0.9,88.41,mnist-checkpoints/fc3_h32_L[16]_strict_seed42_ablation_mne_l2_l16_fc3_h32_rc5em02.pth,noise3_exp/ablation_mne_l2_vs_weight_decay_l16_fc3_h4_h8_h16_h32_h64_h128/strict_seed_train_rate_uniform_L16_T16/fc3_h32/mne_l2/seed_42/noise_sweep_matrix_mnist_fc3_h32_T16_mode_rate_uniform_schedule_normal_seed_42.csv
fc3_h32,32,mne_l2,42,16,16,rate_uniform,0.95,86.97,mnist-checkpoints/fc3_h32_L[16]_strict_seed42_ablation_mne_l2_l16_fc3_h32_rc5em02.pth,noise3_exp/ablation_mne_l2_vs_weight_decay_l16_fc3_h4_h8_h16_h32_h64_h128/strict_seed_train_rate_uniform_L16_T16/fc3_h32/mne_l2/seed_42/noise_sweep_matrix_mnist_fc3_h32_T16_mode_rate_uniform_schedule_normal_seed_42.csv
fc3_h32,32,mne_l2,42,16,16,rate_uniform,1.0,84.18,mnist-checkpoints/fc3_h32_L[16]_strict_seed42_ablation_mne_l2_l16_fc3_h32_rc5em02.pth,noise3_exp/ablation_mne_l2_vs_weight_decay_l16_fc3_h4_h8_h16_h32_h64_h128/strict_seed_train_rate_uniform_L16_T16/fc3_h32/mne_l2/seed_42/noise_sweep_matrix_mnist_fc3_h32_T16_mode_rate_uniform_schedule_normal_seed_42.csv
fc3_h32,32,mne_l2,43,16,16,rate_uniform,0.0,96.35,mnist-checkpoints/fc3_h32_L[16]_strict_seed43_ablation_mne_l2_l16_fc3_h32_rc5em02.pth,noise3_exp/ablation_mne_l2_vs_weight_decay_l16_fc3_h4_h8_h16_h32_h64_h128/strict_seed_train_rate_uniform_L16_T16/fc3_h32/mne_l2/seed_43/noise_sweep_matrix_mnist_fc3_h32_T16_mode_rate_uniform_schedule_normal_seed_43.csv
fc3_h32,32,mne_l2,43,16,16,rate_uniform,0.05,96.27,mnist-checkpoints/fc3_h32_L[16]_strict_seed43_ablation_mne_l2_l16_fc3_h32_rc5em02.pth,noise3_exp/ablation_mne_l2_vs_weight_decay_l16_fc3_h4_h8_h16_h32_h64_h128/strict_seed_train_rate_uniform_L16_T16/fc3_h32/mne_l2/seed_43/noise_sweep_matrix_mnist_fc3_h32_T16_mode_rate_uniform_schedule_normal_seed_43.csv
fc3_h32,32,mne_l2,43,16,16,rate_uniform,0.1,96.35,mnist-checkpoints/fc3_h32_L[16]_strict_seed43_ablation_mne_l2_l16_fc3_h32_rc5em02.pth,noise3_exp/ablation_mne_l2_vs_weight_decay_l16_fc3_h4_h8_h16_h32_h64_h128/strict_seed_train_rate_uniform_L16_T16/fc3_h32/mne_l2/seed_43/noise_sweep_matrix_mnist_fc3_h32_T16_mode_rate_uniform_schedule_normal_seed_43.csv
fc3_h32,32,mne_l2,43,16,16,rate_uniform,0.15,96.22,mnist-checkpoints/fc3_h32_L[16]_strict_seed43_ablation_mne_l2_l16_fc3_h32_rc5em02.pth,noise3_exp/ablation_mne_l2_vs_weight_decay_l16_fc3_h4_h8_h16_h32_h64_h128/strict_seed_train_rate_uniform_L16_T16/fc3_h32/mne_l2/seed_43/noise_sweep_matrix_mnist_fc3_h32_T16_mode_rate_uniform_schedule_normal_seed_43.csv
fc3_h32,32,mne_l2,43,16,16,rate_uniform,0.2,96.32,mnist-checkpoints/fc3_h32_L[16]_strict_seed43_ablation_mne_l2_l16_fc3_h32_rc5em02.pth,noise3_exp/ablation_mne_l2_vs_weight_decay_l16_fc3_h4_h8_h16_h32_h64_h128/strict_seed_train_rate_uniform_L16_T16/fc3_h32/mne_l2/seed_43/noise_sweep_matrix_mnist_fc3_h32_T16_mode_rate_uniform_schedule_normal_seed_43.csv
fc3_h32,32,mne_l2,43,16,16,rate_uniform,0.25,96.42,mnist-checkpoints/fc3_h32_L[16]_strict_seed43_ablation_mne_l2_l16_fc3_h32_rc5em02.pth,noise3_exp/ablation_mne_l2_vs_weight_decay_l16_fc3_h4_h8_h16_h32_h64_h128/strict_seed_train_rate_uniform_L16_T16/fc3_h32/mne_l2/seed_43/noise_sweep_matrix_mnist_fc3_h32_T16_mode_rate_uniform_schedule_normal_seed_43.csv
fc3_h32,32,mne_l2,43,16,16,rate_uniform,0.3,96.27,mnist-checkpoints/fc3_h32_L[16]_strict_seed43_ablation_mne_l2_l16_fc3_h32_rc5em02.pth,noise3_exp/ablation_mne_l2_vs_weight_decay_l16_fc3_h4_h8_h16_h32_h64_h128/strict_seed_train_rate_uniform_L16_T16/fc3_h32/mne_l2/seed_43/noise_sweep_matrix_mnist_fc3_h32_T16_mode_rate_uniform_schedule_normal_seed_43.csv
fc3_h32,32,mne_l2,43,16,16,rate_uniform,0.35,96.1,mnist-checkpoints/fc3_h32_L[16]_strict_seed43_ablation_mne_l2_l16_fc3_h32_rc5em02.pth,noise3_exp/ablation_mne_l2_vs_weight_decay_l16_fc3_h4_h8_h16_h32_h64_h128/strict_seed_train_rate_uniform_L16_T16/fc3_h32/mne_l2/seed_43/noise_sweep_matrix_mnist_fc3_h32_T16_mode_rate_uniform_schedule_normal_seed_43.csv
fc3_h32,32,mne_l2,43,16,16,rate_uniform,0.4,95.78,mnist-checkpoints/fc3_h32_L[16]_strict_seed43_ablation_mne_l2_l16_fc3_h32_rc5em02.pth,noise3_exp/ablation_mne_l2_vs_weight_decay_l16_fc3_h4_h8_h16_h32_h64_h128/strict_seed_train_rate_uniform_L16_T16/fc3_h32/mne_l2/seed_43/noise_sweep_matrix_mnist_fc3_h32_T16_mode_rate_uniform_schedule_normal_seed_43.csv
fc3_h32,32,mne_l2,43,16,16,rate_uniform,0.45,95.59,mnist-checkpoints/fc3_h32_L[16]_strict_seed43_ablation_mne_l2_l16_fc3_h32_rc5em02.pth,noise3_exp/ablation_mne_l2_vs_weight_decay_l16_fc3_h4_h8_h16_h32_h64_h128/strict_seed_train_rate_uniform_L16_T16/fc3_h32/mne_l2/seed_43/noise_sweep_matrix_mnist_fc3_h32_T16_mode_rate_uniform_schedule_normal_seed_43.csv
fc3_h32,32,mne_l2,43,16,16,rate_uniform,0.5,95.55,mnist-checkpoints/fc3_h32_L[16]_strict_seed43_ablation_mne_l2_l16_fc3_h32_rc5em02.pth,noise3_exp/ablation_mne_l2_vs_weight_decay_l16_fc3_h4_h8_h16_h32_h64_h128/strict_seed_train_rate_uniform_L16_T16/fc3_h32/mne_l2/seed_43/noise_sweep_matrix_mnist_fc3_h32_T16_mode_rate_uniform_schedule_normal_seed_43.csv
fc3_h32,32,mne_l2,43,16,16,rate_uniform,0.55,95.07,mnist-checkpoints/fc3_h32_L[16]_strict_seed43_ablation_mne_l2_l16_fc3_h32_rc5em02.pth,noise3_exp/ablation_mne_l2_vs_weight_decay_l16_fc3_h4_h8_h16_h32_h64_h128/strict_seed_train_rate_uniform_L16_T16/fc3_h32/mne_l2/seed_43/noise_sweep_matrix_mnist_fc3_h32_T16_mode_rate_uniform_schedule_normal_seed_43.csv
fc3_h32,32,mne_l2,43,16,16,rate_uniform,0.6,94.63,mnist-checkpoints/fc3_h32_L[16]_strict_seed43_ablation_mne_l2_l16_fc3_h32_rc5em02.pth,noise3_exp/ablation_mne_l2_vs_weight_decay_l16_fc3_h4_h8_h16_h32_h64_h128/strict_seed_train_rate_uniform_L16_T16/fc3_h32/mne_l2/seed_43/noise_sweep_matrix_mnist_fc3_h32_T16_mode_rate_uniform_schedule_normal_seed_43.csv
fc3_h32,32,mne_l2,43,16,16,rate_uniform,0.65,94.04,mnist-checkpoints/fc3_h32_L[16]_strict_seed43_ablation_mne_l2_l16_fc3_h32_rc5em02.pth,noise3_exp/ablation_mne_l2_vs_weight_decay_l16_fc3_h4_h8_h16_h32_h64_h128/strict_seed_train_rate_uniform_L16_T16/fc3_h32/mne_l2/seed_43/noise_sweep_matrix_mnist_fc3_h32_T16_mode_rate_uniform_schedule_normal_seed_43.csv
fc3_h32,32,mne_l2,43,16,16,rate_uniform,0.7,93.02,mnist-checkpoints/fc3_h32_L[16]_strict_seed43_ablation_mne_l2_l16_fc3_h32_rc5em02.pth,noise3_exp/ablation_mne_l2_vs_weight_decay_l16_fc3_h4_h8_h16_h32_h64_h128/strict_seed_train_rate_uniform_L16_T16/fc3_h32/mne_l2/seed_43/noise_sweep_matrix_mnist_fc3_h32_T16_mode_rate_uniform_schedule_normal_seed_43.csv
fc3_h32,32,mne_l2,43,16,16,rate_uniform,0.75,91.8,mnist-checkpoints/fc3_h32_L[16]_strict_seed43_ablation_mne_l2_l16_fc3_h32_rc5em02.pth,noise3_exp/ablation_mne_l2_vs_weight_decay_l16_fc3_h4_h8_h16_h32_h64_h128/strict_seed_train_rate_uniform_L16_T16/fc3_h32/mne_l2/seed_43/noise_sweep_matrix_mnist_fc3_h32_T16_mode_rate_uniform_schedule_normal_seed_43.csv
fc3_h32,32,mne_l2,43,16,16,rate_uniform,0.8,90.83,mnist-checkpoints/fc3_h32_L[16]_strict_seed43_ablation_mne_l2_l16_fc3_h32_rc5em02.pth,noise3_exp/ablation_mne_l2_vs_weight_decay_l16_fc3_h4_h8_h16_h32_h64_h128/strict_seed_train_rate_uniform_L16_T16/fc3_h32/mne_l2/seed_43/noise_sweep_matrix_mnist_fc3_h32_T16_mode_rate_uniform_schedule_normal_seed_43.csv
fc3_h32,32,mne_l2,43,16,16,rate_uniform,0.85,88.9,mnist-checkpoints/fc3_h32_L[16]_strict_seed43_ablation_mne_l2_l16_fc3_h32_rc5em02.pth,noise3_exp/ablation_mne_l2_vs_weight_decay_l16_fc3_h4_h8_h16_h32_h64_h128/strict_seed_train_rate_uniform_L16_T16/fc3_h32/mne_l2/seed_43/noise_sweep_matrix_mnist_fc3_h32_T16_mode_rate_uniform_schedule_normal_seed_43.csv
fc3_h32,32,mne_l2,43,16,16,rate_uniform,0.9,87.12,mnist-checkpoints/fc3_h32_L[16]_strict_seed43_ablation_mne_l2_l16_fc3_h32_rc5em02.pth,noise3_exp/ablation_mne_l2_vs_weight_decay_l16_fc3_h4_h8_h16_h32_h64_h128/strict_seed_train_rate_uniform_L16_T16/fc3_h32/mne_l2/seed_43/noise_sweep_matrix_mnist_fc3_h32_T16_mode_rate_uniform_schedule_normal_seed_43.csv
fc3_h32,32,mne_l2,43,16,16,rate_uniform,0.95,85.09,mnist-checkpoints/fc3_h32_L[16]_strict_seed43_ablation_mne_l2_l16_fc3_h32_rc5em02.pth,noise3_exp/ablation_mne_l2_vs_weight_decay_l16_fc3_h4_h8_h16_h32_h64_h128/strict_seed_train_rate_uniform_L16_T16/fc3_h32/mne_l2/seed_43/noise_sweep_matrix_mnist_fc3_h32_T16_mode_rate_uniform_schedule_normal_seed_43.csv
fc3_h32,32,mne_l2,43,16,16,rate_uniform,1.0,82.64,mnist-checkpoints/fc3_h32_L[16]_strict_seed43_ablation_mne_l2_l16_fc3_h32_rc5em02.pth,noise3_exp/ablation_mne_l2_vs_weight_decay_l16_fc3_h4_h8_h16_h32_h64_h128/strict_seed_train_rate_uniform_L16_T16/fc3_h32/mne_l2/seed_43/noise_sweep_matrix_mnist_fc3_h32_T16_mode_rate_uniform_schedule_normal_seed_43.csv
fc3_h32,32,mne_l2,44,16,16,rate_uniform,0.0,96.86,mnist-checkpoints/fc3_h32_L[16]_strict_seed44_ablation_mne_l2_l16_fc3_h32_rc5em02.pth,noise3_exp/ablation_mne_l2_vs_weight_decay_l16_fc3_h4_h8_h16_h32_h64_h128/strict_seed_train_rate_uniform_L16_T16/fc3_h32/mne_l2/seed_44/noise_sweep_matrix_mnist_fc3_h32_T16_mode_rate_uniform_schedule_normal_seed_44.csv
fc3_h32,32,mne_l2,44,16,16,rate_uniform,0.05,96.75,mnist-checkpoints/fc3_h32_L[16]_strict_seed44_ablation_mne_l2_l16_fc3_h32_rc5em02.pth,noise3_exp/ablation_mne_l2_vs_weight_decay_l16_fc3_h4_h8_h16_h32_h64_h128/strict_seed_train_rate_uniform_L16_T16/fc3_h32/mne_l2/seed_44/noise_sweep_matrix_mnist_fc3_h32_T16_mode_rate_uniform_schedule_normal_seed_44.csv
fc3_h32,32,mne_l2,44,16,16,rate_uniform,0.1,96.85,mnist-checkpoints/fc3_h32_L[16]_strict_seed44_ablation_mne_l2_l16_fc3_h32_rc5em02.pth,noise3_exp/ablation_mne_l2_vs_weight_decay_l16_fc3_h4_h8_h16_h32_h64_h128/strict_seed_train_rate_uniform_L16_T16/fc3_h32/mne_l2/seed_44/noise_sweep_matrix_mnist_fc3_h32_T16_mode_rate_uniform_schedule_normal_seed_44.csv
fc3_h32,32,mne_l2,44,16,16,rate_uniform,0.15,96.76,mnist-checkpoints/fc3_h32_L[16]_strict_seed44_ablation_mne_l2_l16_fc3_h32_rc5em02.pth,noise3_exp/ablation_mne_l2_vs_weight_decay_l16_fc3_h4_h8_h16_h32_h64_h128/strict_seed_train_rate_uniform_L16_T16/fc3_h32/mne_l2/seed_44/noise_sweep_matrix_mnist_fc3_h32_T16_mode_rate_uniform_schedule_normal_seed_44.csv
fc3_h32,32,mne_l2,44,16,16,rate_uniform,0.2,96.6,mnist-checkpoints/fc3_h32_L[16]_strict_seed44_ablation_mne_l2_l16_fc3_h32_rc5em02.pth,noise3_exp/ablation_mne_l2_vs_weight_decay_l16_fc3_h4_h8_h16_h32_h64_h128/strict_seed_train_rate_uniform_L16_T16/fc3_h32/mne_l2/seed_44/noise_sweep_matrix_mnist_fc3_h32_T16_mode_rate_uniform_schedule_normal_seed_44.csv
fc3_h32,32,mne_l2,44,16,16,rate_uniform,0.25,96.72,mnist-checkpoints/fc3_h32_L[16]_strict_seed44_ablation_mne_l2_l16_fc3_h32_rc5em02.pth,noise3_exp/ablation_mne_l2_vs_weight_decay_l16_fc3_h4_h8_h16_h32_h64_h128/strict_seed_train_rate_uniform_L16_T16/fc3_h32/mne_l2/seed_44/noise_sweep_matrix_mnist_fc3_h32_T16_mode_rate_uniform_schedule_normal_seed_44.csv
fc3_h32,32,mne_l2,44,16,16,rate_uniform,0.3,96.58,mnist-checkpoints/fc3_h32_L[16]_strict_seed44_ablation_mne_l2_l16_fc3_h32_rc5em02.pth,noise3_exp/ablation_mne_l2_vs_weight_decay_l16_fc3_h4_h8_h16_h32_h64_h128/strict_seed_train_rate_uniform_L16_T16/fc3_h32/mne_l2/seed_44/noise_sweep_matrix_mnist_fc3_h32_T16_mode_rate_uniform_schedule_normal_seed_44.csv
fc3_h32,32,mne_l2,44,16,16,rate_uniform,0.35,96.48,mnist-checkpoints/fc3_h32_L[16]_strict_seed44_ablation_mne_l2_l16_fc3_h32_rc5em02.pth,noise3_exp/ablation_mne_l2_vs_weight_decay_l16_fc3_h4_h8_h16_h32_h64_h128/strict_seed_train_rate_uniform_L16_T16/fc3_h32/mne_l2/seed_44/noise_sweep_matrix_mnist_fc3_h32_T16_mode_rate_uniform_schedule_normal_seed_44.csv
fc3_h32,32,mne_l2,44,16,16,rate_uniform,0.4,96.08,mnist-checkpoints/fc3_h32_L[16]_strict_seed44_ablation_mne_l2_l16_fc3_h32_rc5em02.pth,noise3_exp/ablation_mne_l2_vs_weight_decay_l16_fc3_h4_h8_h16_h32_h64_h128/strict_seed_train_rate_uniform_L16_T16/fc3_h32/mne_l2/seed_44/noise_sweep_matrix_mnist_fc3_h32_T16_mode_rate_uniform_schedule_normal_seed_44.csv
fc3_h32,32,mne_l2,44,16,16,rate_uniform,0.45,95.92,mnist-checkpoints/fc3_h32_L[16]_strict_seed44_ablation_mne_l2_l16_fc3_h32_rc5em02.pth,noise3_exp/ablation_mne_l2_vs_weight_decay_l16_fc3_h4_h8_h16_h32_h64_h128/strict_seed_train_rate_uniform_L16_T16/fc3_h32/mne_l2/seed_44/noise_sweep_matrix_mnist_fc3_h32_T16_mode_rate_uniform_schedule_normal_seed_44.csv
fc3_h32,32,mne_l2,44,16,16,rate_uniform,0.5,95.69,mnist-checkpoints/fc3_h32_L[16]_strict_seed44_ablation_mne_l2_l16_fc3_h32_rc5em02.pth,noise3_exp/ablation_mne_l2_vs_weight_decay_l16_fc3_h4_h8_h16_h32_h64_h128/strict_seed_train_rate_uniform_L16_T16/fc3_h32/mne_l2/seed_44/noise_sweep_matrix_mnist_fc3_h32_T16_mode_rate_uniform_schedule_normal_seed_44.csv
fc3_h32,32,mne_l2,44,16,16,rate_uniform,0.55,95.57,mnist-checkpoints/fc3_h32_L[16]_strict_seed44_ablation_mne_l2_l16_fc3_h32_rc5em02.pth,noise3_exp/ablation_mne_l2_vs_weight_decay_l16_fc3_h4_h8_h16_h32_h64_h128/strict_seed_train_rate_uniform_L16_T16/fc3_h32/mne_l2/seed_44/noise_sweep_matrix_mnist_fc3_h32_T16_mode_rate_uniform_schedule_normal_seed_44.csv
fc3_h32,32,mne_l2,44,16,16,rate_uniform,0.6,94.98,mnist-checkpoints/fc3_h32_L[16]_strict_seed44_ablation_mne_l2_l16_fc3_h32_rc5em02.pth,noise3_exp/ablation_mne_l2_vs_weight_decay_l16_fc3_h4_h8_h16_h32_h64_h128/strict_seed_train_rate_uniform_L16_T16/fc3_h32/mne_l2/seed_44/noise_sweep_matrix_mnist_fc3_h32_T16_mode_rate_uniform_schedule_normal_seed_44.csv
fc3_h32,32,mne_l2,44,16,16,rate_uniform,0.65,94.76,mnist-checkpoints/fc3_h32_L[16]_strict_seed44_ablation_mne_l2_l16_fc3_h32_rc5em02.pth,noise3_exp/ablation_mne_l2_vs_weight_decay_l16_fc3_h4_h8_h16_h32_h64_h128/strict_seed_train_rate_uniform_L16_T16/fc3_h32/mne_l2/seed_44/noise_sweep_matrix_mnist_fc3_h32_T16_mode_rate_uniform_schedule_normal_seed_44.csv
fc3_h32,32,mne_l2,44,16,16,rate_uniform,0.7,93.88,mnist-checkpoints/fc3_h32_L[16]_strict_seed44_ablation_mne_l2_l16_fc3_h32_rc5em02.pth,noise3_exp/ablation_mne_l2_vs_weight_decay_l16_fc3_h4_h8_h16_h32_h64_h128/strict_seed_train_rate_uniform_L16_T16/fc3_h32/mne_l2/seed_44/noise_sweep_matrix_mnist_fc3_h32_T16_mode_rate_uniform_schedule_normal_seed_44.csv
fc3_h32,32,mne_l2,44,16,16,rate_uniform,0.75,92.88,mnist-checkpoints/fc3_h32_L[16]_strict_seed44_ablation_mne_l2_l16_fc3_h32_rc5em02.pth,noise3_exp/ablation_mne_l2_vs_weight_decay_l16_fc3_h4_h8_h16_h32_h64_h128/strict_seed_train_rate_uniform_L16_T16/fc3_h32/mne_l2/seed_44/noise_sweep_matrix_mnist_fc3_h32_T16_mode_rate_uniform_schedule_normal_seed_44.csv
fc3_h32,32,mne_l2,44,16,16,rate_uniform,0.8,91.18,mnist-checkpoints/fc3_h32_L[16]_strict_seed44_ablation_mne_l2_l16_fc3_h32_rc5em02.pth,noise3_exp/ablation_mne_l2_vs_weight_decay_l16_fc3_h4_h8_h16_h32_h64_h128/strict_seed_train_rate_uniform_L16_T16/fc3_h32/mne_l2/seed_44/noise_sweep_matrix_mnist_fc3_h32_T16_mode_rate_uniform_schedule_normal_seed_44.csv
fc3_h32,32,mne_l2,44,16,16,rate_uniform,0.85,90.32,mnist-checkpoints/fc3_h32_L[16]_strict_seed44_ablation_mne_l2_l16_fc3_h32_rc5em02.pth,noise3_exp/ablation_mne_l2_vs_weight_decay_l16_fc3_h4_h8_h16_h32_h64_h128/strict_seed_train_rate_uniform_L16_T16/fc3_h32/mne_l2/seed_44/noise_sweep_matrix_mnist_fc3_h32_T16_mode_rate_uniform_schedule_normal_seed_44.csv
fc3_h32,32,mne_l2,44,16,16,rate_uniform,0.9,88.47,mnist-checkpoints/fc3_h32_L[16]_strict_seed44_ablation_mne_l2_l16_fc3_h32_rc5em02.pth,noise3_exp/ablation_mne_l2_vs_weight_decay_l16_fc3_h4_h8_h16_h32_h64_h128/strict_seed_train_rate_uniform_L16_T16/fc3_h32/mne_l2/seed_44/noise_sweep_matrix_mnist_fc3_h32_T16_mode_rate_uniform_schedule_normal_seed_44.csv
fc3_h32,32,mne_l2,44,16,16,rate_uniform,0.95,86.61,mnist-checkpoints/fc3_h32_L[16]_strict_seed44_ablation_mne_l2_l16_fc3_h32_rc5em02.pth,noise3_exp/ablation_mne_l2_vs_weight_decay_l16_fc3_h4_h8_h16_h32_h64_h128/strict_seed_train_rate_uniform_L16_T16/fc3_h32/mne_l2/seed_44/noise_sweep_matrix_mnist_fc3_h32_T16_mode_rate_uniform_schedule_normal_seed_44.csv
fc3_h32,32,mne_l2,44,16,16,rate_uniform,1.0,84.52,mnist-checkpoints/fc3_h32_L[16]_strict_seed44_ablation_mne_l2_l16_fc3_h32_rc5em02.pth,noise3_exp/ablation_mne_l2_vs_weight_decay_l16_fc3_h4_h8_h16_h32_h64_h128/strict_seed_train_rate_uniform_L16_T16/fc3_h32/mne_l2/seed_44/noise_sweep_matrix_mnist_fc3_h32_T16_mode_rate_uniform_schedule_normal_seed_44.csv
fc3_h32,32,weight_decay,40,16,16,rate_uniform,0.0,97.24,mnist-checkpoints/fc3_h32_L[16]_strict_seed40_ablation_wd_l16_fc3_h32.pth,noise3_exp/ablation_mne_l2_vs_weight_decay_l16_fc3_h4_h8_h16_h32_h64_h128/strict_seed_train_rate_uniform_L16_T16/fc3_h32/weight_decay/seed_40/noise_sweep_matrix_mnist_fc3_h32_T16_mode_rate_uniform_schedule_normal_seed_40.csv
fc3_h32,32,weight_decay,40,16,16,rate_uniform,0.05,97.22,mnist-checkpoints/fc3_h32_L[16]_strict_seed40_ablation_wd_l16_fc3_h32.pth,noise3_exp/ablation_mne_l2_vs_weight_decay_l16_fc3_h4_h8_h16_h32_h64_h128/strict_seed_train_rate_uniform_L16_T16/fc3_h32/weight_decay/seed_40/noise_sweep_matrix_mnist_fc3_h32_T16_mode_rate_uniform_schedule_normal_seed_40.csv
fc3_h32,32,weight_decay,40,16,16,rate_uniform,0.1,97.12,mnist-checkpoints/fc3_h32_L[16]_strict_seed40_ablation_wd_l16_fc3_h32.pth,noise3_exp/ablation_mne_l2_vs_weight_decay_l16_fc3_h4_h8_h16_h32_h64_h128/strict_seed_train_rate_uniform_L16_T16/fc3_h32/weight_decay/seed_40/noise_sweep_matrix_mnist_fc3_h32_T16_mode_rate_uniform_schedule_normal_seed_40.csv
fc3_h32,32,weight_decay,40,16,16,rate_uniform,0.15,97.17,mnist-checkpoints/fc3_h32_L[16]_strict_seed40_ablation_wd_l16_fc3_h32.pth,noise3_exp/ablation_mne_l2_vs_weight_decay_l16_fc3_h4_h8_h16_h32_h64_h128/strict_seed_train_rate_uniform_L16_T16/fc3_h32/weight_decay/seed_40/noise_sweep_matrix_mnist_fc3_h32_T16_mode_rate_uniform_schedule_normal_seed_40.csv
fc3_h32,32,weight_decay,40,16,16,rate_uniform,0.2,97.04,mnist-checkpoints/fc3_h32_L[16]_strict_seed40_ablation_wd_l16_fc3_h32.pth,noise3_exp/ablation_mne_l2_vs_weight_decay_l16_fc3_h4_h8_h16_h32_h64_h128/strict_seed_train_rate_uniform_L16_T16/fc3_h32/weight_decay/seed_40/noise_sweep_matrix_mnist_fc3_h32_T16_mode_rate_uniform_schedule_normal_seed_40.csv
fc3_h32,32,weight_decay,40,16,16,rate_uniform,0.25,97.23,mnist-checkpoints/fc3_h32_L[16]_strict_seed40_ablation_wd_l16_fc3_h32.pth,noise3_exp/ablation_mne_l2_vs_weight_decay_l16_fc3_h4_h8_h16_h32_h64_h128/strict_seed_train_rate_uniform_L16_T16/fc3_h32/weight_decay/seed_40/noise_sweep_matrix_mnist_fc3_h32_T16_mode_rate_uniform_schedule_normal_seed_40.csv
fc3_h32,32,weight_decay,40,16,16,rate_uniform,0.3,97.01,mnist-checkpoints/fc3_h32_L[16]_strict_seed40_ablation_wd_l16_fc3_h32.pth,noise3_exp/ablation_mne_l2_vs_weight_decay_l16_fc3_h4_h8_h16_h32_h64_h128/strict_seed_train_rate_uniform_L16_T16/fc3_h32/weight_decay/seed_40/noise_sweep_matrix_mnist_fc3_h32_T16_mode_rate_uniform_schedule_normal_seed_40.csv
fc3_h32,32,weight_decay,40,16,16,rate_uniform,0.35,97.05,mnist-checkpoints/fc3_h32_L[16]_strict_seed40_ablation_wd_l16_fc3_h32.pth,noise3_exp/ablation_mne_l2_vs_weight_decay_l16_fc3_h4_h8_h16_h32_h64_h128/strict_seed_train_rate_uniform_L16_T16/fc3_h32/weight_decay/seed_40/noise_sweep_matrix_mnist_fc3_h32_T16_mode_rate_uniform_schedule_normal_seed_40.csv
fc3_h32,32,weight_decay,40,16,16,rate_uniform,0.4,96.81,mnist-checkpoints/fc3_h32_L[16]_strict_seed40_ablation_wd_l16_fc3_h32.pth,noise3_exp/ablation_mne_l2_vs_weight_decay_l16_fc3_h4_h8_h16_h32_h64_h128/strict_seed_train_rate_uniform_L16_T16/fc3_h32/weight_decay/seed_40/noise_sweep_matrix_mnist_fc3_h32_T16_mode_rate_uniform_schedule_normal_seed_40.csv
fc3_h32,32,weight_decay,40,16,16,rate_uniform,0.45,96.76,mnist-checkpoints/fc3_h32_L[16]_strict_seed40_ablation_wd_l16_fc3_h32.pth,noise3_exp/ablation_mne_l2_vs_weight_decay_l16_fc3_h4_h8_h16_h32_h64_h128/strict_seed_train_rate_uniform_L16_T16/fc3_h32/weight_decay/seed_40/noise_sweep_matrix_mnist_fc3_h32_T16_mode_rate_uniform_schedule_normal_seed_40.csv
fc3_h32,32,weight_decay,40,16,16,rate_uniform,0.5,96.48,mnist-checkpoints/fc3_h32_L[16]_strict_seed40_ablation_wd_l16_fc3_h32.pth,noise3_exp/ablation_mne_l2_vs_weight_decay_l16_fc3_h4_h8_h16_h32_h64_h128/strict_seed_train_rate_uniform_L16_T16/fc3_h32/weight_decay/seed_40/noise_sweep_matrix_mnist_fc3_h32_T16_mode_rate_uniform_schedule_normal_seed_40.csv
fc3_h32,32,weight_decay,40,16,16,rate_uniform,0.55,96.38,mnist-checkpoints/fc3_h32_L[16]_strict_seed40_ablation_wd_l16_fc3_h32.pth,noise3_exp/ablation_mne_l2_vs_weight_decay_l16_fc3_h4_h8_h16_h32_h64_h128/strict_seed_train_rate_uniform_L16_T16/fc3_h32/weight_decay/seed_40/noise_sweep_matrix_mnist_fc3_h32_T16_mode_rate_uniform_schedule_normal_seed_40.csv
fc3_h32,32,weight_decay,40,16,16,rate_uniform,0.6,95.79,mnist-checkpoints/fc3_h32_L[16]_strict_seed40_ablation_wd_l16_fc3_h32.pth,noise3_exp/ablation_mne_l2_vs_weight_decay_l16_fc3_h4_h8_h16_h32_h64_h128/strict_seed_train_rate_uniform_L16_T16/fc3_h32/weight_decay/seed_40/noise_sweep_matrix_mnist_fc3_h32_T16_mode_rate_uniform_schedule_normal_seed_40.csv
fc3_h32,32,weight_decay,40,16,16,rate_uniform,0.65,95.02,mnist-checkpoints/fc3_h32_L[16]_strict_seed40_ablation_wd_l16_fc3_h32.pth,noise3_exp/ablation_mne_l2_vs_weight_decay_l16_fc3_h4_h8_h16_h32_h64_h128/strict_seed_train_rate_uniform_L16_T16/fc3_h32/weight_decay/seed_40/noise_sweep_matrix_mnist_fc3_h32_T16_mode_rate_uniform_schedule_normal_seed_40.csv
fc3_h32,32,weight_decay,40,16,16,rate_uniform,0.7,94.05,mnist-checkpoints/fc3_h32_L[16]_strict_seed40_ablation_wd_l16_fc3_h32.pth,noise3_exp/ablation_mne_l2_vs_weight_decay_l16_fc3_h4_h8_h16_h32_h64_h128/strict_seed_train_rate_uniform_L16_T16/fc3_h32/weight_decay/seed_40/noise_sweep_matrix_mnist_fc3_h32_T16_mode_rate_uniform_schedule_normal_seed_40.csv
fc3_h32,32,weight_decay,40,16,16,rate_uniform,0.75,92.95,mnist-checkpoints/fc3_h32_L[16]_strict_seed40_ablation_wd_l16_fc3_h32.pth,noise3_exp/ablation_mne_l2_vs_weight_decay_l16_fc3_h4_h8_h16_h32_h64_h128/strict_seed_train_rate_uniform_L16_T16/fc3_h32/weight_decay/seed_40/noise_sweep_matrix_mnist_fc3_h32_T16_mode_rate_uniform_schedule_normal_seed_40.csv
fc3_h32,32,weight_decay,40,16,16,rate_uniform,0.8,90.97,mnist-checkpoints/fc3_h32_L[16]_strict_seed40_ablation_wd_l16_fc3_h32.pth,noise3_exp/ablation_mne_l2_vs_weight_decay_l16_fc3_h4_h8_h16_h32_h64_h128/strict_seed_train_rate_uniform_L16_T16/fc3_h32/weight_decay/seed_40/noise_sweep_matrix_mnist_fc3_h32_T16_mode_rate_uniform_schedule_normal_seed_40.csv
fc3_h32,32,weight_decay,40,16,16,rate_uniform,0.85,88.91,mnist-checkpoints/fc3_h32_L[16]_strict_seed40_ablation_wd_l16_fc3_h32.pth,noise3_exp/ablation_mne_l2_vs_weight_decay_l16_fc3_h4_h8_h16_h32_h64_h128/strict_seed_train_rate_uniform_L16_T16/fc3_h32/weight_decay/seed_40/noise_sweep_matrix_mnist_fc3_h32_T16_mode_rate_uniform_schedule_normal_seed_40.csv
fc3_h32,32,weight_decay,40,16,16,rate_uniform,0.9,86.63,mnist-checkpoints/fc3_h32_L[16]_strict_seed40_ablation_wd_l16_fc3_h32.pth,noise3_exp/ablation_mne_l2_vs_weight_decay_l16_fc3_h4_h8_h16_h32_h64_h128/strict_seed_train_rate_uniform_L16_T16/fc3_h32/weight_decay/seed_40/noise_sweep_matrix_mnist_fc3_h32_T16_mode_rate_uniform_schedule_normal_seed_40.csv
fc3_h32,32,weight_decay,40,16,16,rate_uniform,0.95,83.68,mnist-checkpoints/fc3_h32_L[16]_strict_seed40_ablation_wd_l16_fc3_h32.pth,noise3_exp/ablation_mne_l2_vs_weight_decay_l16_fc3_h4_h8_h16_h32_h64_h128/strict_seed_train_rate_uniform_L16_T16/fc3_h32/weight_decay/seed_40/noise_sweep_matrix_mnist_fc3_h32_T16_mode_rate_uniform_schedule_normal_seed_40.csv
fc3_h32,32,weight_decay,40,16,16,rate_uniform,1.0,81.14,mnist-checkpoints/fc3_h32_L[16]_strict_seed40_ablation_wd_l16_fc3_h32.pth,noise3_exp/ablation_mne_l2_vs_weight_decay_l16_fc3_h4_h8_h16_h32_h64_h128/strict_seed_train_rate_uniform_L16_T16/fc3_h32/weight_decay/seed_40/noise_sweep_matrix_mnist_fc3_h32_T16_mode_rate_uniform_schedule_normal_seed_40.csv
fc3_h32,32,weight_decay,41,16,16,rate_uniform,0.0,96.85,mnist-checkpoints/fc3_h32_L[16]_strict_seed41_ablation_wd_l16_fc3_h32.pth,noise3_exp/ablation_mne_l2_vs_weight_decay_l16_fc3_h4_h8_h16_h32_h64_h128/strict_seed_train_rate_uniform_L16_T16/fc3_h32/weight_decay/seed_41/noise_sweep_matrix_mnist_fc3_h32_T16_mode_rate_uniform_schedule_normal_seed_41.csv
fc3_h32,32,weight_decay,41,16,16,rate_uniform,0.05,96.86,mnist-checkpoints/fc3_h32_L[16]_strict_seed41_ablation_wd_l16_fc3_h32.pth,noise3_exp/ablation_mne_l2_vs_weight_decay_l16_fc3_h4_h8_h16_h32_h64_h128/strict_seed_train_rate_uniform_L16_T16/fc3_h32/weight_decay/seed_41/noise_sweep_matrix_mnist_fc3_h32_T16_mode_rate_uniform_schedule_normal_seed_41.csv
fc3_h32,32,weight_decay,41,16,16,rate_uniform,0.1,96.87,mnist-checkpoints/fc3_h32_L[16]_strict_seed41_ablation_wd_l16_fc3_h32.pth,noise3_exp/ablation_mne_l2_vs_weight_decay_l16_fc3_h4_h8_h16_h32_h64_h128/strict_seed_train_rate_uniform_L16_T16/fc3_h32/weight_decay/seed_41/noise_sweep_matrix_mnist_fc3_h32_T16_mode_rate_uniform_schedule_normal_seed_41.csv
fc3_h32,32,weight_decay,41,16,16,rate_uniform,0.15,96.79,mnist-checkpoints/fc3_h32_L[16]_strict_seed41_ablation_wd_l16_fc3_h32.pth,noise3_exp/ablation_mne_l2_vs_weight_decay_l16_fc3_h4_h8_h16_h32_h64_h128/strict_seed_train_rate_uniform_L16_T16/fc3_h32/weight_decay/seed_41/noise_sweep_matrix_mnist_fc3_h32_T16_mode_rate_uniform_schedule_normal_seed_41.csv
fc3_h32,32,weight_decay,41,16,16,rate_uniform,0.2,96.74,mnist-checkpoints/fc3_h32_L[16]_strict_seed41_ablation_wd_l16_fc3_h32.pth,noise3_exp/ablation_mne_l2_vs_weight_decay_l16_fc3_h4_h8_h16_h32_h64_h128/strict_seed_train_rate_uniform_L16_T16/fc3_h32/weight_decay/seed_41/noise_sweep_matrix_mnist_fc3_h32_T16_mode_rate_uniform_schedule_normal_seed_41.csv
fc3_h32,32,weight_decay,41,16,16,rate_uniform,0.25,96.72,mnist-checkpoints/fc3_h32_L[16]_strict_seed41_ablation_wd_l16_fc3_h32.pth,noise3_exp/ablation_mne_l2_vs_weight_decay_l16_fc3_h4_h8_h16_h32_h64_h128/strict_seed_train_rate_uniform_L16_T16/fc3_h32/weight_decay/seed_41/noise_sweep_matrix_mnist_fc3_h32_T16_mode_rate_uniform_schedule_normal_seed_41.csv
fc3_h32,32,weight_decay,41,16,16,rate_uniform,0.3,96.64,mnist-checkpoints/fc3_h32_L[16]_strict_seed41_ablation_wd_l16_fc3_h32.pth,noise3_exp/ablation_mne_l2_vs_weight_decay_l16_fc3_h4_h8_h16_h32_h64_h128/strict_seed_train_rate_uniform_L16_T16/fc3_h32/weight_decay/seed_41/noise_sweep_matrix_mnist_fc3_h32_T16_mode_rate_uniform_schedule_normal_seed_41.csv
fc3_h32,32,weight_decay,41,16,16,rate_uniform,0.35,96.76,mnist-checkpoints/fc3_h32_L[16]_strict_seed41_ablation_wd_l16_fc3_h32.pth,noise3_exp/ablation_mne_l2_vs_weight_decay_l16_fc3_h4_h8_h16_h32_h64_h128/strict_seed_train_rate_uniform_L16_T16/fc3_h32/weight_decay/seed_41/noise_sweep_matrix_mnist_fc3_h32_T16_mode_rate_uniform_schedule_normal_seed_41.csv
fc3_h32,32,weight_decay,41,16,16,rate_uniform,0.4,96.62,mnist-checkpoints/fc3_h32_L[16]_strict_seed41_ablation_wd_l16_fc3_h32.pth,noise3_exp/ablation_mne_l2_vs_weight_decay_l16_fc3_h4_h8_h16_h32_h64_h128/strict_seed_train_rate_uniform_L16_T16/fc3_h32/weight_decay/seed_41/noise_sweep_matrix_mnist_fc3_h32_T16_mode_rate_uniform_schedule_normal_seed_41.csv
fc3_h32,32,weight_decay,41,16,16,rate_uniform,0.45,96.53,mnist-checkpoints/fc3_h32_L[16]_strict_seed41_ablation_wd_l16_fc3_h32.pth,noise3_exp/ablation_mne_l2_vs_weight_decay_l16_fc3_h4_h8_h16_h32_h64_h128/strict_seed_train_rate_uniform_L16_T16/fc3_h32/weight_decay/seed_41/noise_sweep_matrix_mnist_fc3_h32_T16_mode_rate_uniform_schedule_normal_seed_41.csv
fc3_h32,32,weight_decay,41,16,16,rate_uniform,0.5,96.27,mnist-checkpoints/fc3_h32_L[16]_strict_seed41_ablation_wd_l16_fc3_h32.pth,noise3_exp/ablation_mne_l2_vs_weight_decay_l16_fc3_h4_h8_h16_h32_h64_h128/strict_seed_train_rate_uniform_L16_T16/fc3_h32/weight_decay/seed_41/noise_sweep_matrix_mnist_fc3_h32_T16_mode_rate_uniform_schedule_normal_seed_41.csv
fc3_h32,32,weight_decay,41,16,16,rate_uniform,0.55,96.17,mnist-checkpoints/fc3_h32_L[16]_strict_seed41_ablation_wd_l16_fc3_h32.pth,noise3_exp/ablation_mne_l2_vs_weight_decay_l16_fc3_h4_h8_h16_h32_h64_h128/strict_seed_train_rate_uniform_L16_T16/fc3_h32/weight_decay/seed_41/noise_sweep_matrix_mnist_fc3_h32_T16_mode_rate_uniform_schedule_normal_seed_41.csv
fc3_h32,32,weight_decay,41,16,16,rate_uniform,0.6,95.64,mnist-checkpoints/fc3_h32_L[16]_strict_seed41_ablation_wd_l16_fc3_h32.pth,noise3_exp/ablation_mne_l2_vs_weight_decay_l16_fc3_h4_h8_h16_h32_h64_h128/strict_seed_train_rate_uniform_L16_T16/fc3_h32/weight_decay/seed_41/noise_sweep_matrix_mnist_fc3_h32_T16_mode_rate_uniform_schedule_normal_seed_41.csv
fc3_h32,32,weight_decay,41,16,16,rate_uniform,0.65,95.46,mnist-checkpoints/fc3_h32_L[16]_strict_seed41_ablation_wd_l16_fc3_h32.pth,noise3_exp/ablation_mne_l2_vs_weight_decay_l16_fc3_h4_h8_h16_h32_h64_h128/strict_seed_train_rate_uniform_L16_T16/fc3_h32/weight_decay/seed_41/noise_sweep_matrix_mnist_fc3_h32_T16_mode_rate_uniform_schedule_normal_seed_41.csv
fc3_h32,32,weight_decay,41,16,16,rate_uniform,0.7,94.53,mnist-checkpoints/fc3_h32_L[16]_strict_seed41_ablation_wd_l16_fc3_h32.pth,noise3_exp/ablation_mne_l2_vs_weight_decay_l16_fc3_h4_h8_h16_h32_h64_h128/strict_seed_train_rate_uniform_L16_T16/fc3_h32/weight_decay/seed_41/noise_sweep_matrix_mnist_fc3_h32_T16_mode_rate_uniform_schedule_normal_seed_41.csv
fc3_h32,32,weight_decay,41,16,16,rate_uniform,0.75,93.15,mnist-checkpoints/fc3_h32_L[16]_strict_seed41_ablation_wd_l16_fc3_h32.pth,noise3_exp/ablation_mne_l2_vs_weight_decay_l16_fc3_h4_h8_h16_h32_h64_h128/strict_seed_train_rate_uniform_L16_T16/fc3_h32/weight_decay/seed_41/noise_sweep_matrix_mnist_fc3_h32_T16_mode_rate_uniform_schedule_normal_seed_41.csv
fc3_h32,32,weight_decay,41,16,16,rate_uniform,0.8,91.61,mnist-checkpoints/fc3_h32_L[16]_strict_seed41_ablation_wd_l16_fc3_h32.pth,noise3_exp/ablation_mne_l2_vs_weight_decay_l16_fc3_h4_h8_h16_h32_h64_h128/strict_seed_train_rate_uniform_L16_T16/fc3_h32/weight_decay/seed_41/noise_sweep_matrix_mnist_fc3_h32_T16_mode_rate_uniform_schedule_normal_seed_41.csv
fc3_h32,32,weight_decay,41,16,16,rate_uniform,0.85,90.25,mnist-checkpoints/fc3_h32_L[16]_strict_seed41_ablation_wd_l16_fc3_h32.pth,noise3_exp/ablation_mne_l2_vs_weight_decay_l16_fc3_h4_h8_h16_h32_h64_h128/strict_seed_train_rate_uniform_L16_T16/fc3_h32/weight_decay/seed_41/noise_sweep_matrix_mnist_fc3_h32_T16_mode_rate_uniform_schedule_normal_seed_41.csv
fc3_h32,32,weight_decay,41,16,16,rate_uniform,0.9,87.68,mnist-checkpoints/fc3_h32_L[16]_strict_seed41_ablation_wd_l16_fc3_h32.pth,noise3_exp/ablation_mne_l2_vs_weight_decay_l16_fc3_h4_h8_h16_h32_h64_h128/strict_seed_train_rate_uniform_L16_T16/fc3_h32/weight_decay/seed_41/noise_sweep_matrix_mnist_fc3_h32_T16_mode_rate_uniform_schedule_normal_seed_41.csv
fc3_h32,32,weight_decay,41,16,16,rate_uniform,0.95,85.43,mnist-checkpoints/fc3_h32_L[16]_strict_seed41_ablation_wd_l16_fc3_h32.pth,noise3_exp/ablation_mne_l2_vs_weight_decay_l16_fc3_h4_h8_h16_h32_h64_h128/strict_seed_train_rate_uniform_L16_T16/fc3_h32/weight_decay/seed_41/noise_sweep_matrix_mnist_fc3_h32_T16_mode_rate_uniform_schedule_normal_seed_41.csv
fc3_h32,32,weight_decay,41,16,16,rate_uniform,1.0,82.64,mnist-checkpoints/fc3_h32_L[16]_strict_seed41_ablation_wd_l16_fc3_h32.pth,noise3_exp/ablation_mne_l2_vs_weight_decay_l16_fc3_h4_h8_h16_h32_h64_h128/strict_seed_train_rate_uniform_L16_T16/fc3_h32/weight_decay/seed_41/noise_sweep_matrix_mnist_fc3_h32_T16_mode_rate_uniform_schedule_normal_seed_41.csv
fc3_h32,32,weight_decay,42,16,16,rate_uniform,0.0,97.6,mnist-checkpoints/fc3_h32_L[16]_strict_seed42_ablation_wd_l16_fc3_h32.pth,noise3_exp/ablation_mne_l2_vs_weight_decay_l16_fc3_h4_h8_h16_h32_h64_h128/strict_seed_train_rate_uniform_L16_T16/fc3_h32/weight_decay/seed_42/noise_sweep_matrix_mnist_fc3_h32_T16_mode_rate_uniform_schedule_normal_seed_42.csv
fc3_h32,32,weight_decay,42,16,16,rate_uniform,0.05,97.57,mnist-checkpoints/fc3_h32_L[16]_strict_seed42_ablation_wd_l16_fc3_h32.pth,noise3_exp/ablation_mne_l2_vs_weight_decay_l16_fc3_h4_h8_h16_h32_h64_h128/strict_seed_train_rate_uniform_L16_T16/fc3_h32/weight_decay/seed_42/noise_sweep_matrix_mnist_fc3_h32_T16_mode_rate_uniform_schedule_normal_seed_42.csv
fc3_h32,32,weight_decay,42,16,16,rate_uniform,0.1,97.64,mnist-checkpoints/fc3_h32_L[16]_strict_seed42_ablation_wd_l16_fc3_h32.pth,noise3_exp/ablation_mne_l2_vs_weight_decay_l16_fc3_h4_h8_h16_h32_h64_h128/strict_seed_train_rate_uniform_L16_T16/fc3_h32/weight_decay/seed_42/noise_sweep_matrix_mnist_fc3_h32_T16_mode_rate_uniform_schedule_normal_seed_42.csv
fc3_h32,32,weight_decay,42,16,16,rate_uniform,0.15,97.55,mnist-checkpoints/fc3_h32_L[16]_strict_seed42_ablation_wd_l16_fc3_h32.pth,noise3_exp/ablation_mne_l2_vs_weight_decay_l16_fc3_h4_h8_h16_h32_h64_h128/strict_seed_train_rate_uniform_L16_T16/fc3_h32/weight_decay/seed_42/noise_sweep_matrix_mnist_fc3_h32_T16_mode_rate_uniform_schedule_normal_seed_42.csv
fc3_h32,32,weight_decay,42,16,16,rate_uniform,0.2,97.56,mnist-checkpoints/fc3_h32_L[16]_strict_seed42_ablation_wd_l16_fc3_h32.pth,noise3_exp/ablation_mne_l2_vs_weight_decay_l16_fc3_h4_h8_h16_h32_h64_h128/strict_seed_train_rate_uniform_L16_T16/fc3_h32/weight_decay/seed_42/noise_sweep_matrix_mnist_fc3_h32_T16_mode_rate_uniform_schedule_normal_seed_42.csv
fc3_h32,32,weight_decay,42,16,16,rate_uniform,0.25,97.61,mnist-checkpoints/fc3_h32_L[16]_strict_seed42_ablation_wd_l16_fc3_h32.pth,noise3_exp/ablation_mne_l2_vs_weight_decay_l16_fc3_h4_h8_h16_h32_h64_h128/strict_seed_train_rate_uniform_L16_T16/fc3_h32/weight_decay/seed_42/noise_sweep_matrix_mnist_fc3_h32_T16_mode_rate_uniform_schedule_normal_seed_42.csv
fc3_h32,32,weight_decay,42,16,16,rate_uniform,0.3,97.42,mnist-checkpoints/fc3_h32_L[16]_strict_seed42_ablation_wd_l16_fc3_h32.pth,noise3_exp/ablation_mne_l2_vs_weight_decay_l16_fc3_h4_h8_h16_h32_h64_h128/strict_seed_train_rate_uniform_L16_T16/fc3_h32/weight_decay/seed_42/noise_sweep_matrix_mnist_fc3_h32_T16_mode_rate_uniform_schedule_normal_seed_42.csv
fc3_h32,32,weight_decay,42,16,16,rate_uniform,0.35,97.37,mnist-checkpoints/fc3_h32_L[16]_strict_seed42_ablation_wd_l16_fc3_h32.pth,noise3_exp/ablation_mne_l2_vs_weight_decay_l16_fc3_h4_h8_h16_h32_h64_h128/strict_seed_train_rate_uniform_L16_T16/fc3_h32/weight_decay/seed_42/noise_sweep_matrix_mnist_fc3_h32_T16_mode_rate_uniform_schedule_normal_seed_42.csv
fc3_h32,32,weight_decay,42,16,16,rate_uniform,0.4,97.32,mnist-checkpoints/fc3_h32_L[16]_strict_seed42_ablation_wd_l16_fc3_h32.pth,noise3_exp/ablation_mne_l2_vs_weight_decay_l16_fc3_h4_h8_h16_h32_h64_h128/strict_seed_train_rate_uniform_L16_T16/fc3_h32/weight_decay/seed_42/noise_sweep_matrix_mnist_fc3_h32_T16_mode_rate_uniform_schedule_normal_seed_42.csv
fc3_h32,32,weight_decay,42,16,16,rate_uniform,0.45,97.04,mnist-checkpoints/fc3_h32_L[16]_strict_seed42_ablation_wd_l16_fc3_h32.pth,noise3_exp/ablation_mne_l2_vs_weight_decay_l16_fc3_h4_h8_h16_h32_h64_h128/strict_seed_train_rate_uniform_L16_T16/fc3_h32/weight_decay/seed_42/noise_sweep_matrix_mnist_fc3_h32_T16_mode_rate_uniform_schedule_normal_seed_42.csv
fc3_h32,32,weight_decay,42,16,16,rate_uniform,0.5,96.97,mnist-checkpoints/fc3_h32_L[16]_strict_seed42_ablation_wd_l16_fc3_h32.pth,noise3_exp/ablation_mne_l2_vs_weight_decay_l16_fc3_h4_h8_h16_h32_h64_h128/strict_seed_train_rate_uniform_L16_T16/fc3_h32/weight_decay/seed_42/noise_sweep_matrix_mnist_fc3_h32_T16_mode_rate_uniform_schedule_normal_seed_42.csv
fc3_h32,32,weight_decay,42,16,16,rate_uniform,0.55,96.54,mnist-checkpoints/fc3_h32_L[16]_strict_seed42_ablation_wd_l16_fc3_h32.pth,noise3_exp/ablation_mne_l2_vs_weight_decay_l16_fc3_h4_h8_h16_h32_h64_h128/strict_seed_train_rate_uniform_L16_T16/fc3_h32/weight_decay/seed_42/noise_sweep_matrix_mnist_fc3_h32_T16_mode_rate_uniform_schedule_normal_seed_42.csv
fc3_h32,32,weight_decay,42,16,16,rate_uniform,0.6,95.83,mnist-checkpoints/fc3_h32_L[16]_strict_seed42_ablation_wd_l16_fc3_h32.pth,noise3_exp/ablation_mne_l2_vs_weight_decay_l16_fc3_h4_h8_h16_h32_h64_h128/strict_seed_train_rate_uniform_L16_T16/fc3_h32/weight_decay/seed_42/noise_sweep_matrix_mnist_fc3_h32_T16_mode_rate_uniform_schedule_normal_seed_42.csv
fc3_h32,32,weight_decay,42,16,16,rate_uniform,0.65,95.25,mnist-checkpoints/fc3_h32_L[16]_strict_seed42_ablation_wd_l16_fc3_h32.pth,noise3_exp/ablation_mne_l2_vs_weight_decay_l16_fc3_h4_h8_h16_h32_h64_h128/strict_seed_train_rate_uniform_L16_T16/fc3_h32/weight_decay/seed_42/noise_sweep_matrix_mnist_fc3_h32_T16_mode_rate_uniform_schedule_normal_seed_42.csv
fc3_h32,32,weight_decay,42,16,16,rate_uniform,0.7,94.04,mnist-checkpoints/fc3_h32_L[16]_strict_seed42_ablation_wd_l16_fc3_h32.pth,noise3_exp/ablation_mne_l2_vs_weight_decay_l16_fc3_h4_h8_h16_h32_h64_h128/strict_seed_train_rate_uniform_L16_T16/fc3_h32/weight_decay/seed_42/noise_sweep_matrix_mnist_fc3_h32_T16_mode_rate_uniform_schedule_normal_seed_42.csv
fc3_h32,32,weight_decay,42,16,16,rate_uniform,0.75,92.36,mnist-checkpoints/fc3_h32_L[16]_strict_seed42_ablation_wd_l16_fc3_h32.pth,noise3_exp/ablation_mne_l2_vs_weight_decay_l16_fc3_h4_h8_h16_h32_h64_h128/strict_seed_train_rate_uniform_L16_T16/fc3_h32/weight_decay/seed_42/noise_sweep_matrix_mnist_fc3_h32_T16_mode_rate_uniform_schedule_normal_seed_42.csv
fc3_h32,32,weight_decay,42,16,16,rate_uniform,0.8,90.66,mnist-checkpoints/fc3_h32_L[16]_strict_seed42_ablation_wd_l16_fc3_h32.pth,noise3_exp/ablation_mne_l2_vs_weight_decay_l16_fc3_h4_h8_h16_h32_h64_h128/strict_seed_train_rate_uniform_L16_T16/fc3_h32/weight_decay/seed_42/noise_sweep_matrix_mnist_fc3_h32_T16_mode_rate_uniform_schedule_normal_seed_42.csv
fc3_h32,32,weight_decay,42,16,16,rate_uniform,0.85,88.24,mnist-checkpoints/fc3_h32_L[16]_strict_seed42_ablation_wd_l16_fc3_h32.pth,noise3_exp/ablation_mne_l2_vs_weight_decay_l16_fc3_h4_h8_h16_h32_h64_h128/strict_seed_train_rate_uniform_L16_T16/fc3_h32/weight_decay/seed_42/noise_sweep_matrix_mnist_fc3_h32_T16_mode_rate_uniform_schedule_normal_seed_42.csv
fc3_h32,32,weight_decay,42,16,16,rate_uniform,0.9,85.1,mnist-checkpoints/fc3_h32_L[16]_strict_seed42_ablation_wd_l16_fc3_h32.pth,noise3_exp/ablation_mne_l2_vs_weight_decay_l16_fc3_h4_h8_h16_h32_h64_h128/strict_seed_train_rate_uniform_L16_T16/fc3_h32/weight_decay/seed_42/noise_sweep_matrix_mnist_fc3_h32_T16_mode_rate_uniform_schedule_normal_seed_42.csv
fc3_h32,32,weight_decay,42,16,16,rate_uniform,0.95,82.0,mnist-checkpoints/fc3_h32_L[16]_strict_seed42_ablation_wd_l16_fc3_h32.pth,noise3_exp/ablation_mne_l2_vs_weight_decay_l16_fc3_h4_h8_h16_h32_h64_h128/strict_seed_train_rate_uniform_L16_T16/fc3_h32/weight_decay/seed_42/noise_sweep_matrix_mnist_fc3_h32_T16_mode_rate_uniform_schedule_normal_seed_42.csv
fc3_h32,32,weight_decay,42,16,16,rate_uniform,1.0,79.16,mnist-checkpoints/fc3_h32_L[16]_strict_seed42_ablation_wd_l16_fc3_h32.pth,noise3_exp/ablation_mne_l2_vs_weight_decay_l16_fc3_h4_h8_h16_h32_h64_h128/strict_seed_train_rate_uniform_L16_T16/fc3_h32/weight_decay/seed_42/noise_sweep_matrix_mnist_fc3_h32_T16_mode_rate_uniform_schedule_normal_seed_42.csv
fc3_h32,32,weight_decay,43,16,16,rate_uniform,0.0,96.95,mnist-checkpoints/fc3_h32_L[16]_strict_seed43_ablation_wd_l16_fc3_h32.pth,noise3_exp/ablation_mne_l2_vs_weight_decay_l16_fc3_h4_h8_h16_h32_h64_h128/strict_seed_train_rate_uniform_L16_T16/fc3_h32/weight_decay/seed_43/noise_sweep_matrix_mnist_fc3_h32_T16_mode_rate_uniform_schedule_normal_seed_43.csv
fc3_h32,32,weight_decay,43,16,16,rate_uniform,0.05,96.96,mnist-checkpoints/fc3_h32_L[16]_strict_seed43_ablation_wd_l16_fc3_h32.pth,noise3_exp/ablation_mne_l2_vs_weight_decay_l16_fc3_h4_h8_h16_h32_h64_h128/strict_seed_train_rate_uniform_L16_T16/fc3_h32/weight_decay/seed_43/noise_sweep_matrix_mnist_fc3_h32_T16_mode_rate_uniform_schedule_normal_seed_43.csv
fc3_h32,32,weight_decay,43,16,16,rate_uniform,0.1,96.89,mnist-checkpoints/fc3_h32_L[16]_strict_seed43_ablation_wd_l16_fc3_h32.pth,noise3_exp/ablation_mne_l2_vs_weight_decay_l16_fc3_h4_h8_h16_h32_h64_h128/strict_seed_train_rate_uniform_L16_T16/fc3_h32/weight_decay/seed_43/noise_sweep_matrix_mnist_fc3_h32_T16_mode_rate_uniform_schedule_normal_seed_43.csv
fc3_h32,32,weight_decay,43,16,16,rate_uniform,0.15,96.9,mnist-checkpoints/fc3_h32_L[16]_strict_seed43_ablation_wd_l16_fc3_h32.pth,noise3_exp/ablation_mne_l2_vs_weight_decay_l16_fc3_h4_h8_h16_h32_h64_h128/strict_seed_train_rate_uniform_L16_T16/fc3_h32/weight_decay/seed_43/noise_sweep_matrix_mnist_fc3_h32_T16_mode_rate_uniform_schedule_normal_seed_43.csv
fc3_h32,32,weight_decay,43,16,16,rate_uniform,0.2,96.88,mnist-checkpoints/fc3_h32_L[16]_strict_seed43_ablation_wd_l16_fc3_h32.pth,noise3_exp/ablation_mne_l2_vs_weight_decay_l16_fc3_h4_h8_h16_h32_h64_h128/strict_seed_train_rate_uniform_L16_T16/fc3_h32/weight_decay/seed_43/noise_sweep_matrix_mnist_fc3_h32_T16_mode_rate_uniform_schedule_normal_seed_43.csv
fc3_h32,32,weight_decay,43,16,16,rate_uniform,0.25,96.78,mnist-checkpoints/fc3_h32_L[16]_strict_seed43_ablation_wd_l16_fc3_h32.pth,noise3_exp/ablation_mne_l2_vs_weight_decay_l16_fc3_h4_h8_h16_h32_h64_h128/strict_seed_train_rate_uniform_L16_T16/fc3_h32/weight_decay/seed_43/noise_sweep_matrix_mnist_fc3_h32_T16_mode_rate_uniform_schedule_normal_seed_43.csv
fc3_h32,32,weight_decay,43,16,16,rate_uniform,0.3,96.82,mnist-checkpoints/fc3_h32_L[16]_strict_seed43_ablation_wd_l16_fc3_h32.pth,noise3_exp/ablation_mne_l2_vs_weight_decay_l16_fc3_h4_h8_h16_h32_h64_h128/strict_seed_train_rate_uniform_L16_T16/fc3_h32/weight_decay/seed_43/noise_sweep_matrix_mnist_fc3_h32_T16_mode_rate_uniform_schedule_normal_seed_43.csv
fc3_h32,32,weight_decay,43,16,16,rate_uniform,0.35,96.79,mnist-checkpoints/fc3_h32_L[16]_strict_seed43_ablation_wd_l16_fc3_h32.pth,noise3_exp/ablation_mne_l2_vs_weight_decay_l16_fc3_h4_h8_h16_h32_h64_h128/strict_seed_train_rate_uniform_L16_T16/fc3_h32/weight_decay/seed_43/noise_sweep_matrix_mnist_fc3_h32_T16_mode_rate_uniform_schedule_normal_seed_43.csv
fc3_h32,32,weight_decay,43,16,16,rate_uniform,0.4,96.68,mnist-checkpoints/fc3_h32_L[16]_strict_seed43_ablation_wd_l16_fc3_h32.pth,noise3_exp/ablation_mne_l2_vs_weight_decay_l16_fc3_h4_h8_h16_h32_h64_h128/strict_seed_train_rate_uniform_L16_T16/fc3_h32/weight_decay/seed_43/noise_sweep_matrix_mnist_fc3_h32_T16_mode_rate_uniform_schedule_normal_seed_43.csv
fc3_h32,32,weight_decay,43,16,16,rate_uniform,0.45,96.5,mnist-checkpoints/fc3_h32_L[16]_strict_seed43_ablation_wd_l16_fc3_h32.pth,noise3_exp/ablation_mne_l2_vs_weight_decay_l16_fc3_h4_h8_h16_h32_h64_h128/strict_seed_train_rate_uniform_L16_T16/fc3_h32/weight_decay/seed_43/noise_sweep_matrix_mnist_fc3_h32_T16_mode_rate_uniform_schedule_normal_seed_43.csv
fc3_h32,32,weight_decay,43,16,16,rate_uniform,0.5,96.32,mnist-checkpoints/fc3_h32_L[16]_strict_seed43_ablation_wd_l16_fc3_h32.pth,noise3_exp/ablation_mne_l2_vs_weight_decay_l16_fc3_h4_h8_h16_h32_h64_h128/strict_seed_train_rate_uniform_L16_T16/fc3_h32/weight_decay/seed_43/noise_sweep_matrix_mnist_fc3_h32_T16_mode_rate_uniform_schedule_normal_seed_43.csv
fc3_h32,32,weight_decay,43,16,16,rate_uniform,0.55,95.89,mnist-checkpoints/fc3_h32_L[16]_strict_seed43_ablation_wd_l16_fc3_h32.pth,noise3_exp/ablation_mne_l2_vs_weight_decay_l16_fc3_h4_h8_h16_h32_h64_h128/strict_seed_train_rate_uniform_L16_T16/fc3_h32/weight_decay/seed_43/noise_sweep_matrix_mnist_fc3_h32_T16_mode_rate_uniform_schedule_normal_seed_43.csv
fc3_h32,32,weight_decay,43,16,16,rate_uniform,0.6,95.49,mnist-checkpoints/fc3_h32_L[16]_strict_seed43_ablation_wd_l16_fc3_h32.pth,noise3_exp/ablation_mne_l2_vs_weight_decay_l16_fc3_h4_h8_h16_h32_h64_h128/strict_seed_train_rate_uniform_L16_T16/fc3_h32/weight_decay/seed_43/noise_sweep_matrix_mnist_fc3_h32_T16_mode_rate_uniform_schedule_normal_seed_43.csv
fc3_h32,32,weight_decay,43,16,16,rate_uniform,0.65,94.54,mnist-checkpoints/fc3_h32_L[16]_strict_seed43_ablation_wd_l16_fc3_h32.pth,noise3_exp/ablation_mne_l2_vs_weight_decay_l16_fc3_h4_h8_h16_h32_h64_h128/strict_seed_train_rate_uniform_L16_T16/fc3_h32/weight_decay/seed_43/noise_sweep_matrix_mnist_fc3_h32_T16_mode_rate_uniform_schedule_normal_seed_43.csv
fc3_h32,32,weight_decay,43,16,16,rate_uniform,0.7,93.42,mnist-checkpoints/fc3_h32_L[16]_strict_seed43_ablation_wd_l16_fc3_h32.pth,noise3_exp/ablation_mne_l2_vs_weight_decay_l16_fc3_h4_h8_h16_h32_h64_h128/strict_seed_train_rate_uniform_L16_T16/fc3_h32/weight_decay/seed_43/noise_sweep_matrix_mnist_fc3_h32_T16_mode_rate_uniform_schedule_normal_seed_43.csv
fc3_h32,32,weight_decay,43,16,16,rate_uniform,0.75,91.63,mnist-checkpoints/fc3_h32_L[16]_strict_seed43_ablation_wd_l16_fc3_h32.pth,noise3_exp/ablation_mne_l2_vs_weight_decay_l16_fc3_h4_h8_h16_h32_h64_h128/strict_seed_train_rate_uniform_L16_T16/fc3_h32/weight_decay/seed_43/noise_sweep_matrix_mnist_fc3_h32_T16_mode_rate_uniform_schedule_normal_seed_43.csv
fc3_h32,32,weight_decay,43,16,16,rate_uniform,0.8,89.94,mnist-checkpoints/fc3_h32_L[16]_strict_seed43_ablation_wd_l16_fc3_h32.pth,noise3_exp/ablation_mne_l2_vs_weight_decay_l16_fc3_h4_h8_h16_h32_h64_h128/strict_seed_train_rate_uniform_L16_T16/fc3_h32/weight_decay/seed_43/noise_sweep_matrix_mnist_fc3_h32_T16_mode_rate_uniform_schedule_normal_seed_43.csv
fc3_h32,32,weight_decay,43,16,16,rate_uniform,0.85,88.12,mnist-checkpoints/fc3_h32_L[16]_strict_seed43_ablation_wd_l16_fc3_h32.pth,noise3_exp/ablation_mne_l2_vs_weight_decay_l16_fc3_h4_h8_h16_h32_h64_h128/strict_seed_train_rate_uniform_L16_T16/fc3_h32/weight_decay/seed_43/noise_sweep_matrix_mnist_fc3_h32_T16_mode_rate_uniform_schedule_normal_seed_43.csv
fc3_h32,32,weight_decay,43,16,16,rate_uniform,0.9,85.65,mnist-checkpoints/fc3_h32_L[16]_strict_seed43_ablation_wd_l16_fc3_h32.pth,noise3_exp/ablation_mne_l2_vs_weight_decay_l16_fc3_h4_h8_h16_h32_h64_h128/strict_seed_train_rate_uniform_L16_T16/fc3_h32/weight_decay/seed_43/noise_sweep_matrix_mnist_fc3_h32_T16_mode_rate_uniform_schedule_normal_seed_43.csv
fc3_h32,32,weight_decay,43,16,16,rate_uniform,0.95,82.8,mnist-checkpoints/fc3_h32_L[16]_strict_seed43_ablation_wd_l16_fc3_h32.pth,noise3_exp/ablation_mne_l2_vs_weight_decay_l16_fc3_h4_h8_h16_h32_h64_h128/strict_seed_train_rate_uniform_L16_T16/fc3_h32/weight_decay/seed_43/noise_sweep_matrix_mnist_fc3_h32_T16_mode_rate_uniform_schedule_normal_seed_43.csv
fc3_h32,32,weight_decay,43,16,16,rate_uniform,1.0,80.17,mnist-checkpoints/fc3_h32_L[16]_strict_seed43_ablation_wd_l16_fc3_h32.pth,noise3_exp/ablation_mne_l2_vs_weight_decay_l16_fc3_h4_h8_h16_h32_h64_h128/strict_seed_train_rate_uniform_L16_T16/fc3_h32/weight_decay/seed_43/noise_sweep_matrix_mnist_fc3_h32_T16_mode_rate_uniform_schedule_normal_seed_43.csv
fc3_h32,32,weight_decay,44,16,16,rate_uniform,0.0,97.2,mnist-checkpoints/fc3_h32_L[16]_strict_seed44_ablation_wd_l16_fc3_h32.pth,noise3_exp/ablation_mne_l2_vs_weight_decay_l16_fc3_h4_h8_h16_h32_h64_h128/strict_seed_train_rate_uniform_L16_T16/fc3_h32/weight_decay/seed_44/noise_sweep_matrix_mnist_fc3_h32_T16_mode_rate_uniform_schedule_normal_seed_44.csv
fc3_h32,32,weight_decay,44,16,16,rate_uniform,0.05,97.19,mnist-checkpoints/fc3_h32_L[16]_strict_seed44_ablation_wd_l16_fc3_h32.pth,noise3_exp/ablation_mne_l2_vs_weight_decay_l16_fc3_h4_h8_h16_h32_h64_h128/strict_seed_train_rate_uniform_L16_T16/fc3_h32/weight_decay/seed_44/noise_sweep_matrix_mnist_fc3_h32_T16_mode_rate_uniform_schedule_normal_seed_44.csv
fc3_h32,32,weight_decay,44,16,16,rate_uniform,0.1,97.26,mnist-checkpoints/fc3_h32_L[16]_strict_seed44_ablation_wd_l16_fc3_h32.pth,noise3_exp/ablation_mne_l2_vs_weight_decay_l16_fc3_h4_h8_h16_h32_h64_h128/strict_seed_train_rate_uniform_L16_T16/fc3_h32/weight_decay/seed_44/noise_sweep_matrix_mnist_fc3_h32_T16_mode_rate_uniform_schedule_normal_seed_44.csv
fc3_h32,32,weight_decay,44,16,16,rate_uniform,0.15,97.23,mnist-checkpoints/fc3_h32_L[16]_strict_seed44_ablation_wd_l16_fc3_h32.pth,noise3_exp/ablation_mne_l2_vs_weight_decay_l16_fc3_h4_h8_h16_h32_h64_h128/strict_seed_train_rate_uniform_L16_T16/fc3_h32/weight_decay/seed_44/noise_sweep_matrix_mnist_fc3_h32_T16_mode_rate_uniform_schedule_normal_seed_44.csv
fc3_h32,32,weight_decay,44,16,16,rate_uniform,0.2,97.16,mnist-checkpoints/fc3_h32_L[16]_strict_seed44_ablation_wd_l16_fc3_h32.pth,noise3_exp/ablation_mne_l2_vs_weight_decay_l16_fc3_h4_h8_h16_h32_h64_h128/strict_seed_train_rate_uniform_L16_T16/fc3_h32/weight_decay/seed_44/noise_sweep_matrix_mnist_fc3_h32_T16_mode_rate_uniform_schedule_normal_seed_44.csv
fc3_h32,32,weight_decay,44,16,16,rate_uniform,0.25,97.13,mnist-checkpoints/fc3_h32_L[16]_strict_seed44_ablation_wd_l16_fc3_h32.pth,noise3_exp/ablation_mne_l2_vs_weight_decay_l16_fc3_h4_h8_h16_h32_h64_h128/strict_seed_train_rate_uniform_L16_T16/fc3_h32/weight_decay/seed_44/noise_sweep_matrix_mnist_fc3_h32_T16_mode_rate_uniform_schedule_normal_seed_44.csv
fc3_h32,32,weight_decay,44,16,16,rate_uniform,0.3,97.22,mnist-checkpoints/fc3_h32_L[16]_strict_seed44_ablation_wd_l16_fc3_h32.pth,noise3_exp/ablation_mne_l2_vs_weight_decay_l16_fc3_h4_h8_h16_h32_h64_h128/strict_seed_train_rate_uniform_L16_T16/fc3_h32/weight_decay/seed_44/noise_sweep_matrix_mnist_fc3_h32_T16_mode_rate_uniform_schedule_normal_seed_44.csv
fc3_h32,32,weight_decay,44,16,16,rate_uniform,0.35,97.08,mnist-checkpoints/fc3_h32_L[16]_strict_seed44_ablation_wd_l16_fc3_h32.pth,noise3_exp/ablation_mne_l2_vs_weight_decay_l16_fc3_h4_h8_h16_h32_h64_h128/strict_seed_train_rate_uniform_L16_T16/fc3_h32/weight_decay/seed_44/noise_sweep_matrix_mnist_fc3_h32_T16_mode_rate_uniform_schedule_normal_seed_44.csv
fc3_h32,32,weight_decay,44,16,16,rate_uniform,0.4,96.92,mnist-checkpoints/fc3_h32_L[16]_strict_seed44_ablation_wd_l16_fc3_h32.pth,noise3_exp/ablation_mne_l2_vs_weight_decay_l16_fc3_h4_h8_h16_h32_h64_h128/strict_seed_train_rate_uniform_L16_T16/fc3_h32/weight_decay/seed_44/noise_sweep_matrix_mnist_fc3_h32_T16_mode_rate_uniform_schedule_normal_seed_44.csv
fc3_h32,32,weight_decay,44,16,16,rate_uniform,0.45,96.73,mnist-checkpoints/fc3_h32_L[16]_strict_seed44_ablation_wd_l16_fc3_h32.pth,noise3_exp/ablation_mne_l2_vs_weight_decay_l16_fc3_h4_h8_h16_h32_h64_h128/strict_seed_train_rate_uniform_L16_T16/fc3_h32/weight_decay/seed_44/noise_sweep_matrix_mnist_fc3_h32_T16_mode_rate_uniform_schedule_normal_seed_44.csv
fc3_h32,32,weight_decay,44,16,16,rate_uniform,0.5,96.46,mnist-checkpoints/fc3_h32_L[16]_strict_seed44_ablation_wd_l16_fc3_h32.pth,noise3_exp/ablation_mne_l2_vs_weight_decay_l16_fc3_h4_h8_h16_h32_h64_h128/strict_seed_train_rate_uniform_L16_T16/fc3_h32/weight_decay/seed_44/noise_sweep_matrix_mnist_fc3_h32_T16_mode_rate_uniform_schedule_normal_seed_44.csv
fc3_h32,32,weight_decay,44,16,16,rate_uniform,0.55,96.52,mnist-checkpoints/fc3_h32_L[16]_strict_seed44_ablation_wd_l16_fc3_h32.pth,noise3_exp/ablation_mne_l2_vs_weight_decay_l16_fc3_h4_h8_h16_h32_h64_h128/strict_seed_train_rate_uniform_L16_T16/fc3_h32/weight_decay/seed_44/noise_sweep_matrix_mnist_fc3_h32_T16_mode_rate_uniform_schedule_normal_seed_44.csv
fc3_h32,32,weight_decay,44,16,16,rate_uniform,0.6,96.13,mnist-checkpoints/fc3_h32_L[16]_strict_seed44_ablation_wd_l16_fc3_h32.pth,noise3_exp/ablation_mne_l2_vs_weight_decay_l16_fc3_h4_h8_h16_h32_h64_h128/strict_seed_train_rate_uniform_L16_T16/fc3_h32/weight_decay/seed_44/noise_sweep_matrix_mnist_fc3_h32_T16_mode_rate_uniform_schedule_normal_seed_44.csv
fc3_h32,32,weight_decay,44,16,16,rate_uniform,0.65,95.67,mnist-checkpoints/fc3_h32_L[16]_strict_seed44_ablation_wd_l16_fc3_h32.pth,noise3_exp/ablation_mne_l2_vs_weight_decay_l16_fc3_h4_h8_h16_h32_h64_h128/strict_seed_train_rate_uniform_L16_T16/fc3_h32/weight_decay/seed_44/noise_sweep_matrix_mnist_fc3_h32_T16_mode_rate_uniform_schedule_normal_seed_44.csv
fc3_h32,32,weight_decay,44,16,16,rate_uniform,0.7,94.76,mnist-checkpoints/fc3_h32_L[16]_strict_seed44_ablation_wd_l16_fc3_h32.pth,noise3_exp/ablation_mne_l2_vs_weight_decay_l16_fc3_h4_h8_h16_h32_h64_h128/strict_seed_train_rate_uniform_L16_T16/fc3_h32/weight_decay/seed_44/noise_sweep_matrix_mnist_fc3_h32_T16_mode_rate_uniform_schedule_normal_seed_44.csv
fc3_h32,32,weight_decay,44,16,16,rate_uniform,0.75,93.91,mnist-checkpoints/fc3_h32_L[16]_strict_seed44_ablation_wd_l16_fc3_h32.pth,noise3_exp/ablation_mne_l2_vs_weight_decay_l16_fc3_h4_h8_h16_h32_h64_h128/strict_seed_train_rate_uniform_L16_T16/fc3_h32/weight_decay/seed_44/noise_sweep_matrix_mnist_fc3_h32_T16_mode_rate_uniform_schedule_normal_seed_44.csv
fc3_h32,32,weight_decay,44,16,16,rate_uniform,0.8,92.31,mnist-checkpoints/fc3_h32_L[16]_strict_seed44_ablation_wd_l16_fc3_h32.pth,noise3_exp/ablation_mne_l2_vs_weight_decay_l16_fc3_h4_h8_h16_h32_h64_h128/strict_seed_train_rate_uniform_L16_T16/fc3_h32/weight_decay/seed_44/noise_sweep_matrix_mnist_fc3_h32_T16_mode_rate_uniform_schedule_normal_seed_44.csv
fc3_h32,32,weight_decay,44,16,16,rate_uniform,0.85,90.64,mnist-checkpoints/fc3_h32_L[16]_strict_seed44_ablation_wd_l16_fc3_h32.pth,noise3_exp/ablation_mne_l2_vs_weight_decay_l16_fc3_h4_h8_h16_h32_h64_h128/strict_seed_train_rate_uniform_L16_T16/fc3_h32/weight_decay/seed_44/noise_sweep_matrix_mnist_fc3_h32_T16_mode_rate_uniform_schedule_normal_seed_44.csv
fc3_h32,32,weight_decay,44,16,16,rate_uniform,0.9,88.54,mnist-checkpoints/fc3_h32_L[16]_strict_seed44_ablation_wd_l16_fc3_h32.pth,noise3_exp/ablation_mne_l2_vs_weight_decay_l16_fc3_h4_h8_h16_h32_h64_h128/strict_seed_train_rate_uniform_L16_T16/fc3_h32/weight_decay/seed_44/noise_sweep_matrix_mnist_fc3_h32_T16_mode_rate_uniform_schedule_normal_seed_44.csv
fc3_h32,32,weight_decay,44,16,16,rate_uniform,0.95,86.44,mnist-checkpoints/fc3_h32_L[16]_strict_seed44_ablation_wd_l16_fc3_h32.pth,noise3_exp/ablation_mne_l2_vs_weight_decay_l16_fc3_h4_h8_h16_h32_h64_h128/strict_seed_train_rate_uniform_L16_T16/fc3_h32/weight_decay/seed_44/noise_sweep_matrix_mnist_fc3_h32_T16_mode_rate_uniform_schedule_normal_seed_44.csv
fc3_h32,32,weight_decay,44,16,16,rate_uniform,1.0,83.45,mnist-checkpoints/fc3_h32_L[16]_strict_seed44_ablation_wd_l16_fc3_h32.pth,noise3_exp/ablation_mne_l2_vs_weight_decay_l16_fc3_h4_h8_h16_h32_h64_h128/strict_seed_train_rate_uniform_L16_T16/fc3_h32/weight_decay/seed_44/noise_sweep_matrix_mnist_fc3_h32_T16_mode_rate_uniform_schedule_normal_seed_44.csv
fc3_h32,32,no_regularization,40,16,16,rate_uniform,0.0,96.04,mnist-checkpoints/fc3_h32_L[16]_strict_seed40_ablation_none_l16_fc3_h32.pth,noise3_exp/ablation_mne_l2_vs_weight_decay_l16_fc3_h4_h8_h16_h32_h64_h128/strict_seed_train_rate_uniform_L16_T16/fc3_h32/no_regularization/seed_40/noise_sweep_matrix_mnist_fc3_h32_T16_mode_rate_uniform_schedule_normal_seed_40.csv
fc3_h32,32,no_regularization,40,16,16,rate_uniform,0.05,96.05,mnist-checkpoints/fc3_h32_L[16]_strict_seed40_ablation_none_l16_fc3_h32.pth,noise3_exp/ablation_mne_l2_vs_weight_decay_l16_fc3_h4_h8_h16_h32_h64_h128/strict_seed_train_rate_uniform_L16_T16/fc3_h32/no_regularization/seed_40/noise_sweep_matrix_mnist_fc3_h32_T16_mode_rate_uniform_schedule_normal_seed_40.csv
fc3_h32,32,no_regularization,40,16,16,rate_uniform,0.1,96.12,mnist-checkpoints/fc3_h32_L[16]_strict_seed40_ablation_none_l16_fc3_h32.pth,noise3_exp/ablation_mne_l2_vs_weight_decay_l16_fc3_h4_h8_h16_h32_h64_h128/strict_seed_train_rate_uniform_L16_T16/fc3_h32/no_regularization/seed_40/noise_sweep_matrix_mnist_fc3_h32_T16_mode_rate_uniform_schedule_normal_seed_40.csv
fc3_h32,32,no_regularization,40,16,16,rate_uniform,0.15,95.87,mnist-checkpoints/fc3_h32_L[16]_strict_seed40_ablation_none_l16_fc3_h32.pth,noise3_exp/ablation_mne_l2_vs_weight_decay_l16_fc3_h4_h8_h16_h32_h64_h128/strict_seed_train_rate_uniform_L16_T16/fc3_h32/no_regularization/seed_40/noise_sweep_matrix_mnist_fc3_h32_T16_mode_rate_uniform_schedule_normal_seed_40.csv
fc3_h32,32,no_regularization,40,16,16,rate_uniform,0.2,95.92,mnist-checkpoints/fc3_h32_L[16]_strict_seed40_ablation_none_l16_fc3_h32.pth,noise3_exp/ablation_mne_l2_vs_weight_decay_l16_fc3_h4_h8_h16_h32_h64_h128/strict_seed_train_rate_uniform_L16_T16/fc3_h32/no_regularization/seed_40/noise_sweep_matrix_mnist_fc3_h32_T16_mode_rate_uniform_schedule_normal_seed_40.csv
fc3_h32,32,no_regularization,40,16,16,rate_uniform,0.25,95.95,mnist-checkpoints/fc3_h32_L[16]_strict_seed40_ablation_none_l16_fc3_h32.pth,noise3_exp/ablation_mne_l2_vs_weight_decay_l16_fc3_h4_h8_h16_h32_h64_h128/strict_seed_train_rate_uniform_L16_T16/fc3_h32/no_regularization/seed_40/noise_sweep_matrix_mnist_fc3_h32_T16_mode_rate_uniform_schedule_normal_seed_40.csv
fc3_h32,32,no_regularization,40,16,16,rate_uniform,0.3,95.62,mnist-checkpoints/fc3_h32_L[16]_strict_seed40_ablation_none_l16_fc3_h32.pth,noise3_exp/ablation_mne_l2_vs_weight_decay_l16_fc3_h4_h8_h16_h32_h64_h128/strict_seed_train_rate_uniform_L16_T16/fc3_h32/no_regularization/seed_40/noise_sweep_matrix_mnist_fc3_h32_T16_mode_rate_uniform_schedule_normal_seed_40.csv
fc3_h32,32,no_regularization,40,16,16,rate_uniform,0.35,95.46,mnist-checkpoints/fc3_h32_L[16]_strict_seed40_ablation_none_l16_fc3_h32.pth,noise3_exp/ablation_mne_l2_vs_weight_decay_l16_fc3_h4_h8_h16_h32_h64_h128/strict_seed_train_rate_uniform_L16_T16/fc3_h32/no_regularization/seed_40/noise_sweep_matrix_mnist_fc3_h32_T16_mode_rate_uniform_schedule_normal_seed_40.csv
fc3_h32,32,no_regularization,40,16,16,rate_uniform,0.4,94.8,mnist-checkpoints/fc3_h32_L[16]_strict_seed40_ablation_none_l16_fc3_h32.pth,noise3_exp/ablation_mne_l2_vs_weight_decay_l16_fc3_h4_h8_h16_h32_h64_h128/strict_seed_train_rate_uniform_L16_T16/fc3_h32/no_regularization/seed_40/noise_sweep_matrix_mnist_fc3_h32_T16_mode_rate_uniform_schedule_normal_seed_40.csv
fc3_h32,32,no_regularization,40,16,16,rate_uniform,0.45,93.84,mnist-checkpoints/fc3_h32_L[16]_strict_seed40_ablation_none_l16_fc3_h32.pth,noise3_exp/ablation_mne_l2_vs_weight_decay_l16_fc3_h4_h8_h16_h32_h64_h128/strict_seed_train_rate_uniform_L16_T16/fc3_h32/no_regularization/seed_40/noise_sweep_matrix_mnist_fc3_h32_T16_mode_rate_uniform_schedule_normal_seed_40.csv
fc3_h32,32,no_regularization,40,16,16,rate_uniform,0.5,91.81,mnist-checkpoints/fc3_h32_L[16]_strict_seed40_ablation_none_l16_fc3_h32.pth,noise3_exp/ablation_mne_l2_vs_weight_decay_l16_fc3_h4_h8_h16_h32_h64_h128/strict_seed_train_rate_uniform_L16_T16/fc3_h32/no_regularization/seed_40/noise_sweep_matrix_mnist_fc3_h32_T16_mode_rate_uniform_schedule_normal_seed_40.csv
fc3_h32,32,no_regularization,40,16,16,rate_uniform,0.55,88.63,mnist-checkpoints/fc3_h32_L[16]_strict_seed40_ablation_none_l16_fc3_h32.pth,noise3_exp/ablation_mne_l2_vs_weight_decay_l16_fc3_h4_h8_h16_h32_h64_h128/strict_seed_train_rate_uniform_L16_T16/fc3_h32/no_regularization/seed_40/noise_sweep_matrix_mnist_fc3_h32_T16_mode_rate_uniform_schedule_normal_seed_40.csv
fc3_h32,32,no_regularization,40,16,16,rate_uniform,0.6,84.36,mnist-checkpoints/fc3_h32_L[16]_strict_seed40_ablation_none_l16_fc3_h32.pth,noise3_exp/ablation_mne_l2_vs_weight_decay_l16_fc3_h4_h8_h16_h32_h64_h128/strict_seed_train_rate_uniform_L16_T16/fc3_h32/no_regularization/seed_40/noise_sweep_matrix_mnist_fc3_h32_T16_mode_rate_uniform_schedule_normal_seed_40.csv
fc3_h32,32,no_regularization,40,16,16,rate_uniform,0.65,80.58,mnist-checkpoints/fc3_h32_L[16]_strict_seed40_ablation_none_l16_fc3_h32.pth,noise3_exp/ablation_mne_l2_vs_weight_decay_l16_fc3_h4_h8_h16_h32_h64_h128/strict_seed_train_rate_uniform_L16_T16/fc3_h32/no_regularization/seed_40/noise_sweep_matrix_mnist_fc3_h32_T16_mode_rate_uniform_schedule_normal_seed_40.csv
fc3_h32,32,no_regularization,40,16,16,rate_uniform,0.7,75.7,mnist-checkpoints/fc3_h32_L[16]_strict_seed40_ablation_none_l16_fc3_h32.pth,noise3_exp/ablation_mne_l2_vs_weight_decay_l16_fc3_h4_h8_h16_h32_h64_h128/strict_seed_train_rate_uniform_L16_T16/fc3_h32/no_regularization/seed_40/noise_sweep_matrix_mnist_fc3_h32_T16_mode_rate_uniform_schedule_normal_seed_40.csv
fc3_h32,32,no_regularization,40,16,16,rate_uniform,0.75,71.58,mnist-checkpoints/fc3_h32_L[16]_strict_seed40_ablation_none_l16_fc3_h32.pth,noise3_exp/ablation_mne_l2_vs_weight_decay_l16_fc3_h4_h8_h16_h32_h64_h128/strict_seed_train_rate_uniform_L16_T16/fc3_h32/no_regularization/seed_40/noise_sweep_matrix_mnist_fc3_h32_T16_mode_rate_uniform_schedule_normal_seed_40.csv
fc3_h32,32,no_regularization,40,16,16,rate_uniform,0.8,67.7,mnist-checkpoints/fc3_h32_L[16]_strict_seed40_ablation_none_l16_fc3_h32.pth,noise3_exp/ablation_mne_l2_vs_weight_decay_l16_fc3_h4_h8_h16_h32_h64_h128/strict_seed_train_rate_uniform_L16_T16/fc3_h32/no_regularization/seed_40/noise_sweep_matrix_mnist_fc3_h32_T16_mode_rate_uniform_schedule_normal_seed_40.csv
fc3_h32,32,no_regularization,40,16,16,rate_uniform,0.85,63.47,mnist-checkpoints/fc3_h32_L[16]_strict_seed40_ablation_none_l16_fc3_h32.pth,noise3_exp/ablation_mne_l2_vs_weight_decay_l16_fc3_h4_h8_h16_h32_h64_h128/strict_seed_train_rate_uniform_L16_T16/fc3_h32/no_regularization/seed_40/noise_sweep_matrix_mnist_fc3_h32_T16_mode_rate_uniform_schedule_normal_seed_40.csv
fc3_h32,32,no_regularization,40,16,16,rate_uniform,0.9,59.61,mnist-checkpoints/fc3_h32_L[16]_strict_seed40_ablation_none_l16_fc3_h32.pth,noise3_exp/ablation_mne_l2_vs_weight_decay_l16_fc3_h4_h8_h16_h32_h64_h128/strict_seed_train_rate_uniform_L16_T16/fc3_h32/no_regularization/seed_40/noise_sweep_matrix_mnist_fc3_h32_T16_mode_rate_uniform_schedule_normal_seed_40.csv
fc3_h32,32,no_regularization,40,16,16,rate_uniform,0.95,54.31,mnist-checkpoints/fc3_h32_L[16]_strict_seed40_ablation_none_l16_fc3_h32.pth,noise3_exp/ablation_mne_l2_vs_weight_decay_l16_fc3_h4_h8_h16_h32_h64_h128/strict_seed_train_rate_uniform_L16_T16/fc3_h32/no_regularization/seed_40/noise_sweep_matrix_mnist_fc3_h32_T16_mode_rate_uniform_schedule_normal_seed_40.csv
fc3_h32,32,no_regularization,40,16,16,rate_uniform,1.0,50.95,mnist-checkpoints/fc3_h32_L[16]_strict_seed40_ablation_none_l16_fc3_h32.pth,noise3_exp/ablation_mne_l2_vs_weight_decay_l16_fc3_h4_h8_h16_h32_h64_h128/strict_seed_train_rate_uniform_L16_T16/fc3_h32/no_regularization/seed_40/noise_sweep_matrix_mnist_fc3_h32_T16_mode_rate_uniform_schedule_normal_seed_40.csv
fc3_h32,32,no_regularization,41,16,16,rate_uniform,0.0,95.86,mnist-checkpoints/fc3_h32_L[16]_strict_seed41_ablation_none_l16_fc3_h32.pth,noise3_exp/ablation_mne_l2_vs_weight_decay_l16_fc3_h4_h8_h16_h32_h64_h128/strict_seed_train_rate_uniform_L16_T16/fc3_h32/no_regularization/seed_41/noise_sweep_matrix_mnist_fc3_h32_T16_mode_rate_uniform_schedule_normal_seed_41.csv
fc3_h32,32,no_regularization,41,16,16,rate_uniform,0.05,95.74,mnist-checkpoints/fc3_h32_L[16]_strict_seed41_ablation_none_l16_fc3_h32.pth,noise3_exp/ablation_mne_l2_vs_weight_decay_l16_fc3_h4_h8_h16_h32_h64_h128/strict_seed_train_rate_uniform_L16_T16/fc3_h32/no_regularization/seed_41/noise_sweep_matrix_mnist_fc3_h32_T16_mode_rate_uniform_schedule_normal_seed_41.csv
fc3_h32,32,no_regularization,41,16,16,rate_uniform,0.1,95.8,mnist-checkpoints/fc3_h32_L[16]_strict_seed41_ablation_none_l16_fc3_h32.pth,noise3_exp/ablation_mne_l2_vs_weight_decay_l16_fc3_h4_h8_h16_h32_h64_h128/strict_seed_train_rate_uniform_L16_T16/fc3_h32/no_regularization/seed_41/noise_sweep_matrix_mnist_fc3_h32_T16_mode_rate_uniform_schedule_normal_seed_41.csv
fc3_h32,32,no_regularization,41,16,16,rate_uniform,0.15,95.86,mnist-checkpoints/fc3_h32_L[16]_strict_seed41_ablation_none_l16_fc3_h32.pth,noise3_exp/ablation_mne_l2_vs_weight_decay_l16_fc3_h4_h8_h16_h32_h64_h128/strict_seed_train_rate_uniform_L16_T16/fc3_h32/no_regularization/seed_41/noise_sweep_matrix_mnist_fc3_h32_T16_mode_rate_uniform_schedule_normal_seed_41.csv
fc3_h32,32,no_regularization,41,16,16,rate_uniform,0.2,95.84,mnist-checkpoints/fc3_h32_L[16]_strict_seed41_ablation_none_l16_fc3_h32.pth,noise3_exp/ablation_mne_l2_vs_weight_decay_l16_fc3_h4_h8_h16_h32_h64_h128/strict_seed_train_rate_uniform_L16_T16/fc3_h32/no_regularization/seed_41/noise_sweep_matrix_mnist_fc3_h32_T16_mode_rate_uniform_schedule_normal_seed_41.csv
fc3_h32,32,no_regularization,41,16,16,rate_uniform,0.25,95.63,mnist-checkpoints/fc3_h32_L[16]_strict_seed41_ablation_none_l16_fc3_h32.pth,noise3_exp/ablation_mne_l2_vs_weight_decay_l16_fc3_h4_h8_h16_h32_h64_h128/strict_seed_train_rate_uniform_L16_T16/fc3_h32/no_regularization/seed_41/noise_sweep_matrix_mnist_fc3_h32_T16_mode_rate_uniform_schedule_normal_seed_41.csv
fc3_h32,32,no_regularization,41,16,16,rate_uniform,0.3,95.68,mnist-checkpoints/fc3_h32_L[16]_strict_seed41_ablation_none_l16_fc3_h32.pth,noise3_exp/ablation_mne_l2_vs_weight_decay_l16_fc3_h4_h8_h16_h32_h64_h128/strict_seed_train_rate_uniform_L16_T16/fc3_h32/no_regularization/seed_41/noise_sweep_matrix_mnist_fc3_h32_T16_mode_rate_uniform_schedule_normal_seed_41.csv
fc3_h32,32,no_regularization,41,16,16,rate_uniform,0.35,95.38,mnist-checkpoints/fc3_h32_L[16]_strict_seed41_ablation_none_l16_fc3_h32.pth,noise3_exp/ablation_mne_l2_vs_weight_decay_l16_fc3_h4_h8_h16_h32_h64_h128/strict_seed_train_rate_uniform_L16_T16/fc3_h32/no_regularization/seed_41/noise_sweep_matrix_mnist_fc3_h32_T16_mode_rate_uniform_schedule_normal_seed_41.csv
fc3_h32,32,no_regularization,41,16,16,rate_uniform,0.4,94.87,mnist-checkpoints/fc3_h32_L[16]_strict_seed41_ablation_none_l16_fc3_h32.pth,noise3_exp/ablation_mne_l2_vs_weight_decay_l16_fc3_h4_h8_h16_h32_h64_h128/strict_seed_train_rate_uniform_L16_T16/fc3_h32/no_regularization/seed_41/noise_sweep_matrix_mnist_fc3_h32_T16_mode_rate_uniform_schedule_normal_seed_41.csv
fc3_h32,32,no_regularization,41,16,16,rate_uniform,0.45,93.87,mnist-checkpoints/fc3_h32_L[16]_strict_seed41_ablation_none_l16_fc3_h32.pth,noise3_exp/ablation_mne_l2_vs_weight_decay_l16_fc3_h4_h8_h16_h32_h64_h128/strict_seed_train_rate_uniform_L16_T16/fc3_h32/no_regularization/seed_41/noise_sweep_matrix_mnist_fc3_h32_T16_mode_rate_uniform_schedule_normal_seed_41.csv
fc3_h32,32,no_regularization,41,16,16,rate_uniform,0.5,92.69,mnist-checkpoints/fc3_h32_L[16]_strict_seed41_ablation_none_l16_fc3_h32.pth,noise3_exp/ablation_mne_l2_vs_weight_decay_l16_fc3_h4_h8_h16_h32_h64_h128/strict_seed_train_rate_uniform_L16_T16/fc3_h32/no_regularization/seed_41/noise_sweep_matrix_mnist_fc3_h32_T16_mode_rate_uniform_schedule_normal_seed_41.csv
fc3_h32,32,no_regularization,41,16,16,rate_uniform,0.55,90.35,mnist-checkpoints/fc3_h32_L[16]_strict_seed41_ablation_none_l16_fc3_h32.pth,noise3_exp/ablation_mne_l2_vs_weight_decay_l16_fc3_h4_h8_h16_h32_h64_h128/strict_seed_train_rate_uniform_L16_T16/fc3_h32/no_regularization/seed_41/noise_sweep_matrix_mnist_fc3_h32_T16_mode_rate_uniform_schedule_normal_seed_41.csv
fc3_h32,32,no_regularization,41,16,16,rate_uniform,0.6,87.3,mnist-checkpoints/fc3_h32_L[16]_strict_seed41_ablation_none_l16_fc3_h32.pth,noise3_exp/ablation_mne_l2_vs_weight_decay_l16_fc3_h4_h8_h16_h32_h64_h128/strict_seed_train_rate_uniform_L16_T16/fc3_h32/no_regularization/seed_41/noise_sweep_matrix_mnist_fc3_h32_T16_mode_rate_uniform_schedule_normal_seed_41.csv
fc3_h32,32,no_regularization,41,16,16,rate_uniform,0.65,82.86,mnist-checkpoints/fc3_h32_L[16]_strict_seed41_ablation_none_l16_fc3_h32.pth,noise3_exp/ablation_mne_l2_vs_weight_decay_l16_fc3_h4_h8_h16_h32_h64_h128/strict_seed_train_rate_uniform_L16_T16/fc3_h32/no_regularization/seed_41/noise_sweep_matrix_mnist_fc3_h32_T16_mode_rate_uniform_schedule_normal_seed_41.csv
fc3_h32,32,no_regularization,41,16,16,rate_uniform,0.7,77.95,mnist-checkpoints/fc3_h32_L[16]_strict_seed41_ablation_none_l16_fc3_h32.pth,noise3_exp/ablation_mne_l2_vs_weight_decay_l16_fc3_h4_h8_h16_h32_h64_h128/strict_seed_train_rate_uniform_L16_T16/fc3_h32/no_regularization/seed_41/noise_sweep_matrix_mnist_fc3_h32_T16_mode_rate_uniform_schedule_normal_seed_41.csv
fc3_h32,32,no_regularization,41,16,16,rate_uniform,0.75,73.69,mnist-checkpoints/fc3_h32_L[16]_strict_seed41_ablation_none_l16_fc3_h32.pth,noise3_exp/ablation_mne_l2_vs_weight_decay_l16_fc3_h4_h8_h16_h32_h64_h128/strict_seed_train_rate_uniform_L16_T16/fc3_h32/no_regularization/seed_41/noise_sweep_matrix_mnist_fc3_h32_T16_mode_rate_uniform_schedule_normal_seed_41.csv
fc3_h32,32,no_regularization,41,16,16,rate_uniform,0.8,69.15,mnist-checkpoints/fc3_h32_L[16]_strict_seed41_ablation_none_l16_fc3_h32.pth,noise3_exp/ablation_mne_l2_vs_weight_decay_l16_fc3_h4_h8_h16_h32_h64_h128/strict_seed_train_rate_uniform_L16_T16/fc3_h32/no_regularization/seed_41/noise_sweep_matrix_mnist_fc3_h32_T16_mode_rate_uniform_schedule_normal_seed_41.csv
fc3_h32,32,no_regularization,41,16,16,rate_uniform,0.85,64.86,mnist-checkpoints/fc3_h32_L[16]_strict_seed41_ablation_none_l16_fc3_h32.pth,noise3_exp/ablation_mne_l2_vs_weight_decay_l16_fc3_h4_h8_h16_h32_h64_h128/strict_seed_train_rate_uniform_L16_T16/fc3_h32/no_regularization/seed_41/noise_sweep_matrix_mnist_fc3_h32_T16_mode_rate_uniform_schedule_normal_seed_41.csv
fc3_h32,32,no_regularization,41,16,16,rate_uniform,0.9,61.19,mnist-checkpoints/fc3_h32_L[16]_strict_seed41_ablation_none_l16_fc3_h32.pth,noise3_exp/ablation_mne_l2_vs_weight_decay_l16_fc3_h4_h8_h16_h32_h64_h128/strict_seed_train_rate_uniform_L16_T16/fc3_h32/no_regularization/seed_41/noise_sweep_matrix_mnist_fc3_h32_T16_mode_rate_uniform_schedule_normal_seed_41.csv
fc3_h32,32,no_regularization,41,16,16,rate_uniform,0.95,58.23,mnist-checkpoints/fc3_h32_L[16]_strict_seed41_ablation_none_l16_fc3_h32.pth,noise3_exp/ablation_mne_l2_vs_weight_decay_l16_fc3_h4_h8_h16_h32_h64_h128/strict_seed_train_rate_uniform_L16_T16/fc3_h32/no_regularization/seed_41/noise_sweep_matrix_mnist_fc3_h32_T16_mode_rate_uniform_schedule_normal_seed_41.csv
fc3_h32,32,no_regularization,41,16,16,rate_uniform,1.0,55.8,mnist-checkpoints/fc3_h32_L[16]_strict_seed41_ablation_none_l16_fc3_h32.pth,noise3_exp/ablation_mne_l2_vs_weight_decay_l16_fc3_h4_h8_h16_h32_h64_h128/strict_seed_train_rate_uniform_L16_T16/fc3_h32/no_regularization/seed_41/noise_sweep_matrix_mnist_fc3_h32_T16_mode_rate_uniform_schedule_normal_seed_41.csv
fc3_h32,32,no_regularization,42,16,16,rate_uniform,0.0,96.5,mnist-checkpoints/fc3_h32_L[16]_strict_seed42_ablation_none_l16_fc3_h32.pth,noise3_exp/ablation_mne_l2_vs_weight_decay_l16_fc3_h4_h8_h16_h32_h64_h128/strict_seed_train_rate_uniform_L16_T16/fc3_h32/no_regularization/seed_42/noise_sweep_matrix_mnist_fc3_h32_T16_mode_rate_uniform_schedule_normal_seed_42.csv
fc3_h32,32,no_regularization,42,16,16,rate_uniform,0.05,96.34,mnist-checkpoints/fc3_h32_L[16]_strict_seed42_ablation_none_l16_fc3_h32.pth,noise3_exp/ablation_mne_l2_vs_weight_decay_l16_fc3_h4_h8_h16_h32_h64_h128/strict_seed_train_rate_uniform_L16_T16/fc3_h32/no_regularization/seed_42/noise_sweep_matrix_mnist_fc3_h32_T16_mode_rate_uniform_schedule_normal_seed_42.csv
fc3_h32,32,no_regularization,42,16,16,rate_uniform,0.1,96.42,mnist-checkpoints/fc3_h32_L[16]_strict_seed42_ablation_none_l16_fc3_h32.pth,noise3_exp/ablation_mne_l2_vs_weight_decay_l16_fc3_h4_h8_h16_h32_h64_h128/strict_seed_train_rate_uniform_L16_T16/fc3_h32/no_regularization/seed_42/noise_sweep_matrix_mnist_fc3_h32_T16_mode_rate_uniform_schedule_normal_seed_42.csv
fc3_h32,32,no_regularization,42,16,16,rate_uniform,0.15,96.46,mnist-checkpoints/fc3_h32_L[16]_strict_seed42_ablation_none_l16_fc3_h32.pth,noise3_exp/ablation_mne_l2_vs_weight_decay_l16_fc3_h4_h8_h16_h32_h64_h128/strict_seed_train_rate_uniform_L16_T16/fc3_h32/no_regularization/seed_42/noise_sweep_matrix_mnist_fc3_h32_T16_mode_rate_uniform_schedule_normal_seed_42.csv
fc3_h32,32,no_regularization,42,16,16,rate_uniform,0.2,96.31,mnist-checkpoints/fc3_h32_L[16]_strict_seed42_ablation_none_l16_fc3_h32.pth,noise3_exp/ablation_mne_l2_vs_weight_decay_l16_fc3_h4_h8_h16_h32_h64_h128/strict_seed_train_rate_uniform_L16_T16/fc3_h32/no_regularization/seed_42/noise_sweep_matrix_mnist_fc3_h32_T16_mode_rate_uniform_schedule_normal_seed_42.csv
fc3_h32,32,no_regularization,42,16,16,rate_uniform,0.25,96.42,mnist-checkpoints/fc3_h32_L[16]_strict_seed42_ablation_none_l16_fc3_h32.pth,noise3_exp/ablation_mne_l2_vs_weight_decay_l16_fc3_h4_h8_h16_h32_h64_h128/strict_seed_train_rate_uniform_L16_T16/fc3_h32/no_regularization/seed_42/noise_sweep_matrix_mnist_fc3_h32_T16_mode_rate_uniform_schedule_normal_seed_42.csv
fc3_h32,32,no_regularization,42,16,16,rate_uniform,0.3,96.26,mnist-checkpoints/fc3_h32_L[16]_strict_seed42_ablation_none_l16_fc3_h32.pth,noise3_exp/ablation_mne_l2_vs_weight_decay_l16_fc3_h4_h8_h16_h32_h64_h128/strict_seed_train_rate_uniform_L16_T16/fc3_h32/no_regularization/seed_42/noise_sweep_matrix_mnist_fc3_h32_T16_mode_rate_uniform_schedule_normal_seed_42.csv
fc3_h32,32,no_regularization,42,16,16,rate_uniform,0.35,96.09,mnist-checkpoints/fc3_h32_L[16]_strict_seed42_ablation_none_l16_fc3_h32.pth,noise3_exp/ablation_mne_l2_vs_weight_decay_l16_fc3_h4_h8_h16_h32_h64_h128/strict_seed_train_rate_uniform_L16_T16/fc3_h32/no_regularization/seed_42/noise_sweep_matrix_mnist_fc3_h32_T16_mode_rate_uniform_schedule_normal_seed_42.csv
fc3_h32,32,no_regularization,42,16,16,rate_uniform,0.4,95.56,mnist-checkpoints/fc3_h32_L[16]_strict_seed42_ablation_none_l16_fc3_h32.pth,noise3_exp/ablation_mne_l2_vs_weight_decay_l16_fc3_h4_h8_h16_h32_h64_h128/strict_seed_train_rate_uniform_L16_T16/fc3_h32/no_regularization/seed_42/noise_sweep_matrix_mnist_fc3_h32_T16_mode_rate_uniform_schedule_normal_seed_42.csv
fc3_h32,32,no_regularization,42,16,16,rate_uniform,0.45,95.06,mnist-checkpoints/fc3_h32_L[16]_strict_seed42_ablation_none_l16_fc3_h32.pth,noise3_exp/ablation_mne_l2_vs_weight_decay_l16_fc3_h4_h8_h16_h32_h64_h128/strict_seed_train_rate_uniform_L16_T16/fc3_h32/no_regularization/seed_42/noise_sweep_matrix_mnist_fc3_h32_T16_mode_rate_uniform_schedule_normal_seed_42.csv
fc3_h32,32,no_regularization,42,16,16,rate_uniform,0.5,93.57,mnist-checkpoints/fc3_h32_L[16]_strict_seed42_ablation_none_l16_fc3_h32.pth,noise3_exp/ablation_mne_l2_vs_weight_decay_l16_fc3_h4_h8_h16_h32_h64_h128/strict_seed_train_rate_uniform_L16_T16/fc3_h32/no_regularization/seed_42/noise_sweep_matrix_mnist_fc3_h32_T16_mode_rate_uniform_schedule_normal_seed_42.csv
fc3_h32,32,no_regularization,42,16,16,rate_uniform,0.55,91.54,mnist-checkpoints/fc3_h32_L[16]_strict_seed42_ablation_none_l16_fc3_h32.pth,noise3_exp/ablation_mne_l2_vs_weight_decay_l16_fc3_h4_h8_h16_h32_h64_h128/strict_seed_train_rate_uniform_L16_T16/fc3_h32/no_regularization/seed_42/noise_sweep_matrix_mnist_fc3_h32_T16_mode_rate_uniform_schedule_normal_seed_42.csv
fc3_h32,32,no_regularization,42,16,16,rate_uniform,0.6,88.13,mnist-checkpoints/fc3_h32_L[16]_strict_seed42_ablation_none_l16_fc3_h32.pth,noise3_exp/ablation_mne_l2_vs_weight_decay_l16_fc3_h4_h8_h16_h32_h64_h128/strict_seed_train_rate_uniform_L16_T16/fc3_h32/no_regularization/seed_42/noise_sweep_matrix_mnist_fc3_h32_T16_mode_rate_uniform_schedule_normal_seed_42.csv
fc3_h32,32,no_regularization,42,16,16,rate_uniform,0.65,84.91,mnist-checkpoints/fc3_h32_L[16]_strict_seed42_ablation_none_l16_fc3_h32.pth,noise3_exp/ablation_mne_l2_vs_weight_decay_l16_fc3_h4_h8_h16_h32_h64_h128/strict_seed_train_rate_uniform_L16_T16/fc3_h32/no_regularization/seed_42/noise_sweep_matrix_mnist_fc3_h32_T16_mode_rate_uniform_schedule_normal_seed_42.csv
fc3_h32,32,no_regularization,42,16,16,rate_uniform,0.7,80.79,mnist-checkpoints/fc3_h32_L[16]_strict_seed42_ablation_none_l16_fc3_h32.pth,noise3_exp/ablation_mne_l2_vs_weight_decay_l16_fc3_h4_h8_h16_h32_h64_h128/strict_seed_train_rate_uniform_L16_T16/fc3_h32/no_regularization/seed_42/noise_sweep_matrix_mnist_fc3_h32_T16_mode_rate_uniform_schedule_normal_seed_42.csv
fc3_h32,32,no_regularization,42,16,16,rate_uniform,0.75,76.52,mnist-checkpoints/fc3_h32_L[16]_strict_seed42_ablation_none_l16_fc3_h32.pth,noise3_exp/ablation_mne_l2_vs_weight_decay_l16_fc3_h4_h8_h16_h32_h64_h128/strict_seed_train_rate_uniform_L16_T16/fc3_h32/no_regularization/seed_42/noise_sweep_matrix_mnist_fc3_h32_T16_mode_rate_uniform_schedule_normal_seed_42.csv
fc3_h32,32,no_regularization,42,16,16,rate_uniform,0.8,72.43,mnist-checkpoints/fc3_h32_L[16]_strict_seed42_ablation_none_l16_fc3_h32.pth,noise3_exp/ablation_mne_l2_vs_weight_decay_l16_fc3_h4_h8_h16_h32_h64_h128/strict_seed_train_rate_uniform_L16_T16/fc3_h32/no_regularization/seed_42/noise_sweep_matrix_mnist_fc3_h32_T16_mode_rate_uniform_schedule_normal_seed_42.csv
fc3_h32,32,no_regularization,42,16,16,rate_uniform,0.85,67.72,mnist-checkpoints/fc3_h32_L[16]_strict_seed42_ablation_none_l16_fc3_h32.pth,noise3_exp/ablation_mne_l2_vs_weight_decay_l16_fc3_h4_h8_h16_h32_h64_h128/strict_seed_train_rate_uniform_L16_T16/fc3_h32/no_regularization/seed_42/noise_sweep_matrix_mnist_fc3_h32_T16_mode_rate_uniform_schedule_normal_seed_42.csv
fc3_h32,32,no_regularization,42,16,16,rate_uniform,0.9,64.02,mnist-checkpoints/fc3_h32_L[16]_strict_seed42_ablation_none_l16_fc3_h32.pth,noise3_exp/ablation_mne_l2_vs_weight_decay_l16_fc3_h4_h8_h16_h32_h64_h128/strict_seed_train_rate_uniform_L16_T16/fc3_h32/no_regularization/seed_42/noise_sweep_matrix_mnist_fc3_h32_T16_mode_rate_uniform_schedule_normal_seed_42.csv
fc3_h32,32,no_regularization,42,16,16,rate_uniform,0.95,59.18,mnist-checkpoints/fc3_h32_L[16]_strict_seed42_ablation_none_l16_fc3_h32.pth,noise3_exp/ablation_mne_l2_vs_weight_decay_l16_fc3_h4_h8_h16_h32_h64_h128/strict_seed_train_rate_uniform_L16_T16/fc3_h32/no_regularization/seed_42/noise_sweep_matrix_mnist_fc3_h32_T16_mode_rate_uniform_schedule_normal_seed_42.csv
fc3_h32,32,no_regularization,42,16,16,rate_uniform,1.0,56.64,mnist-checkpoints/fc3_h32_L[16]_strict_seed42_ablation_none_l16_fc3_h32.pth,noise3_exp/ablation_mne_l2_vs_weight_decay_l16_fc3_h4_h8_h16_h32_h64_h128/strict_seed_train_rate_uniform_L16_T16/fc3_h32/no_regularization/seed_42/noise_sweep_matrix_mnist_fc3_h32_T16_mode_rate_uniform_schedule_normal_seed_42.csv
fc3_h32,32,no_regularization,43,16,16,rate_uniform,0.0,96.06,mnist-checkpoints/fc3_h32_L[16]_strict_seed43_ablation_none_l16_fc3_h32.pth,noise3_exp/ablation_mne_l2_vs_weight_decay_l16_fc3_h4_h8_h16_h32_h64_h128/strict_seed_train_rate_uniform_L16_T16/fc3_h32/no_regularization/seed_43/noise_sweep_matrix_mnist_fc3_h32_T16_mode_rate_uniform_schedule_normal_seed_43.csv
fc3_h32,32,no_regularization,43,16,16,rate_uniform,0.05,95.95,mnist-checkpoints/fc3_h32_L[16]_strict_seed43_ablation_none_l16_fc3_h32.pth,noise3_exp/ablation_mne_l2_vs_weight_decay_l16_fc3_h4_h8_h16_h32_h64_h128/strict_seed_train_rate_uniform_L16_T16/fc3_h32/no_regularization/seed_43/noise_sweep_matrix_mnist_fc3_h32_T16_mode_rate_uniform_schedule_normal_seed_43.csv
fc3_h32,32,no_regularization,43,16,16,rate_uniform,0.1,95.93,mnist-checkpoints/fc3_h32_L[16]_strict_seed43_ablation_none_l16_fc3_h32.pth,noise3_exp/ablation_mne_l2_vs_weight_decay_l16_fc3_h4_h8_h16_h32_h64_h128/strict_seed_train_rate_uniform_L16_T16/fc3_h32/no_regularization/seed_43/noise_sweep_matrix_mnist_fc3_h32_T16_mode_rate_uniform_schedule_normal_seed_43.csv
fc3_h32,32,no_regularization,43,16,16,rate_uniform,0.15,95.94,mnist-checkpoints/fc3_h32_L[16]_strict_seed43_ablation_none_l16_fc3_h32.pth,noise3_exp/ablation_mne_l2_vs_weight_decay_l16_fc3_h4_h8_h16_h32_h64_h128/strict_seed_train_rate_uniform_L16_T16/fc3_h32/no_regularization/seed_43/noise_sweep_matrix_mnist_fc3_h32_T16_mode_rate_uniform_schedule_normal_seed_43.csv
fc3_h32,32,no_regularization,43,16,16,rate_uniform,0.2,95.87,mnist-checkpoints/fc3_h32_L[16]_strict_seed43_ablation_none_l16_fc3_h32.pth,noise3_exp/ablation_mne_l2_vs_weight_decay_l16_fc3_h4_h8_h16_h32_h64_h128/strict_seed_train_rate_uniform_L16_T16/fc3_h32/no_regularization/seed_43/noise_sweep_matrix_mnist_fc3_h32_T16_mode_rate_uniform_schedule_normal_seed_43.csv
fc3_h32,32,no_regularization,43,16,16,rate_uniform,0.25,95.92,mnist-checkpoints/fc3_h32_L[16]_strict_seed43_ablation_none_l16_fc3_h32.pth,noise3_exp/ablation_mne_l2_vs_weight_decay_l16_fc3_h4_h8_h16_h32_h64_h128/strict_seed_train_rate_uniform_L16_T16/fc3_h32/no_regularization/seed_43/noise_sweep_matrix_mnist_fc3_h32_T16_mode_rate_uniform_schedule_normal_seed_43.csv
fc3_h32,32,no_regularization,43,16,16,rate_uniform,0.3,95.71,mnist-checkpoints/fc3_h32_L[16]_strict_seed43_ablation_none_l16_fc3_h32.pth,noise3_exp/ablation_mne_l2_vs_weight_decay_l16_fc3_h4_h8_h16_h32_h64_h128/strict_seed_train_rate_uniform_L16_T16/fc3_h32/no_regularization/seed_43/noise_sweep_matrix_mnist_fc3_h32_T16_mode_rate_uniform_schedule_normal_seed_43.csv
fc3_h32,32,no_regularization,43,16,16,rate_uniform,0.35,95.51,mnist-checkpoints/fc3_h32_L[16]_strict_seed43_ablation_none_l16_fc3_h32.pth,noise3_exp/ablation_mne_l2_vs_weight_decay_l16_fc3_h4_h8_h16_h32_h64_h128/strict_seed_train_rate_uniform_L16_T16/fc3_h32/no_regularization/seed_43/noise_sweep_matrix_mnist_fc3_h32_T16_mode_rate_uniform_schedule_normal_seed_43.csv
fc3_h32,32,no_regularization,43,16,16,rate_uniform,0.4,94.63,mnist-checkpoints/fc3_h32_L[16]_strict_seed43_ablation_none_l16_fc3_h32.pth,noise3_exp/ablation_mne_l2_vs_weight_decay_l16_fc3_h4_h8_h16_h32_h64_h128/strict_seed_train_rate_uniform_L16_T16/fc3_h32/no_regularization/seed_43/noise_sweep_matrix_mnist_fc3_h32_T16_mode_rate_uniform_schedule_normal_seed_43.csv
fc3_h32,32,no_regularization,43,16,16,rate_uniform,0.45,92.81,mnist-checkpoints/fc3_h32_L[16]_strict_seed43_ablation_none_l16_fc3_h32.pth,noise3_exp/ablation_mne_l2_vs_weight_decay_l16_fc3_h4_h8_h16_h32_h64_h128/strict_seed_train_rate_uniform_L16_T16/fc3_h32/no_regularization/seed_43/noise_sweep_matrix_mnist_fc3_h32_T16_mode_rate_uniform_schedule_normal_seed_43.csv
fc3_h32,32,no_regularization,43,16,16,rate_uniform,0.5,89.75,mnist-checkpoints/fc3_h32_L[16]_strict_seed43_ablation_none_l16_fc3_h32.pth,noise3_exp/ablation_mne_l2_vs_weight_decay_l16_fc3_h4_h8_h16_h32_h64_h128/strict_seed_train_rate_uniform_L16_T16/fc3_h32/no_regularization/seed_43/noise_sweep_matrix_mnist_fc3_h32_T16_mode_rate_uniform_schedule_normal_seed_43.csv
fc3_h32,32,no_regularization,43,16,16,rate_uniform,0.55,85.01,mnist-checkpoints/fc3_h32_L[16]_strict_seed43_ablation_none_l16_fc3_h32.pth,noise3_exp/ablation_mne_l2_vs_weight_decay_l16_fc3_h4_h8_h16_h32_h64_h128/strict_seed_train_rate_uniform_L16_T16/fc3_h32/no_regularization/seed_43/noise_sweep_matrix_mnist_fc3_h32_T16_mode_rate_uniform_schedule_normal_seed_43.csv
fc3_h32,32,no_regularization,43,16,16,rate_uniform,0.6,79.82,mnist-checkpoints/fc3_h32_L[16]_strict_seed43_ablation_none_l16_fc3_h32.pth,noise3_exp/ablation_mne_l2_vs_weight_decay_l16_fc3_h4_h8_h16_h32_h64_h128/strict_seed_train_rate_uniform_L16_T16/fc3_h32/no_regularization/seed_43/noise_sweep_matrix_mnist_fc3_h32_T16_mode_rate_uniform_schedule_normal_seed_43.csv
fc3_h32,32,no_regularization,43,16,16,rate_uniform,0.65,73.95,mnist-checkpoints/fc3_h32_L[16]_strict_seed43_ablation_none_l16_fc3_h32.pth,noise3_exp/ablation_mne_l2_vs_weight_decay_l16_fc3_h4_h8_h16_h32_h64_h128/strict_seed_train_rate_uniform_L16_T16/fc3_h32/no_regularization/seed_43/noise_sweep_matrix_mnist_fc3_h32_T16_mode_rate_uniform_schedule_normal_seed_43.csv
fc3_h32,32,no_regularization,43,16,16,rate_uniform,0.7,68.93,mnist-checkpoints/fc3_h32_L[16]_strict_seed43_ablation_none_l16_fc3_h32.pth,noise3_exp/ablation_mne_l2_vs_weight_decay_l16_fc3_h4_h8_h16_h32_h64_h128/strict_seed_train_rate_uniform_L16_T16/fc3_h32/no_regularization/seed_43/noise_sweep_matrix_mnist_fc3_h32_T16_mode_rate_uniform_schedule_normal_seed_43.csv
fc3_h32,32,no_regularization,43,16,16,rate_uniform,0.75,65.07,mnist-checkpoints/fc3_h32_L[16]_strict_seed43_ablation_none_l16_fc3_h32.pth,noise3_exp/ablation_mne_l2_vs_weight_decay_l16_fc3_h4_h8_h16_h32_h64_h128/strict_seed_train_rate_uniform_L16_T16/fc3_h32/no_regularization/seed_43/noise_sweep_matrix_mnist_fc3_h32_T16_mode_rate_uniform_schedule_normal_seed_43.csv
fc3_h32,32,no_regularization,43,16,16,rate_uniform,0.8,60.38,mnist-checkpoints/fc3_h32_L[16]_strict_seed43_ablation_none_l16_fc3_h32.pth,noise3_exp/ablation_mne_l2_vs_weight_decay_l16_fc3_h4_h8_h16_h32_h64_h128/strict_seed_train_rate_uniform_L16_T16/fc3_h32/no_regularization/seed_43/noise_sweep_matrix_mnist_fc3_h32_T16_mode_rate_uniform_schedule_normal_seed_43.csv
fc3_h32,32,no_regularization,43,16,16,rate_uniform,0.85,56.38,mnist-checkpoints/fc3_h32_L[16]_strict_seed43_ablation_none_l16_fc3_h32.pth,noise3_exp/ablation_mne_l2_vs_weight_decay_l16_fc3_h4_h8_h16_h32_h64_h128/strict_seed_train_rate_uniform_L16_T16/fc3_h32/no_regularization/seed_43/noise_sweep_matrix_mnist_fc3_h32_T16_mode_rate_uniform_schedule_normal_seed_43.csv
fc3_h32,32,no_regularization,43,16,16,rate_uniform,0.9,52.95,mnist-checkpoints/fc3_h32_L[16]_strict_seed43_ablation_none_l16_fc3_h32.pth,noise3_exp/ablation_mne_l2_vs_weight_decay_l16_fc3_h4_h8_h16_h32_h64_h128/strict_seed_train_rate_uniform_L16_T16/fc3_h32/no_regularization/seed_43/noise_sweep_matrix_mnist_fc3_h32_T16_mode_rate_uniform_schedule_normal_seed_43.csv
fc3_h32,32,no_regularization,43,16,16,rate_uniform,0.95,49.84,mnist-checkpoints/fc3_h32_L[16]_strict_seed43_ablation_none_l16_fc3_h32.pth,noise3_exp/ablation_mne_l2_vs_weight_decay_l16_fc3_h4_h8_h16_h32_h64_h128/strict_seed_train_rate_uniform_L16_T16/fc3_h32/no_regularization/seed_43/noise_sweep_matrix_mnist_fc3_h32_T16_mode_rate_uniform_schedule_normal_seed_43.csv
fc3_h32,32,no_regularization,43,16,16,rate_uniform,1.0,47.04,mnist-checkpoints/fc3_h32_L[16]_strict_seed43_ablation_none_l16_fc3_h32.pth,noise3_exp/ablation_mne_l2_vs_weight_decay_l16_fc3_h4_h8_h16_h32_h64_h128/strict_seed_train_rate_uniform_L16_T16/fc3_h32/no_regularization/seed_43/noise_sweep_matrix_mnist_fc3_h32_T16_mode_rate_uniform_schedule_normal_seed_43.csv
fc3_h32,32,no_regularization,44,16,16,rate_uniform,0.0,96.46,mnist-checkpoints/fc3_h32_L[16]_strict_seed44_ablation_none_l16_fc3_h32.pth,noise3_exp/ablation_mne_l2_vs_weight_decay_l16_fc3_h4_h8_h16_h32_h64_h128/strict_seed_train_rate_uniform_L16_T16/fc3_h32/no_regularization/seed_44/noise_sweep_matrix_mnist_fc3_h32_T16_mode_rate_uniform_schedule_normal_seed_44.csv
fc3_h32,32,no_regularization,44,16,16,rate_uniform,0.05,96.41,mnist-checkpoints/fc3_h32_L[16]_strict_seed44_ablation_none_l16_fc3_h32.pth,noise3_exp/ablation_mne_l2_vs_weight_decay_l16_fc3_h4_h8_h16_h32_h64_h128/strict_seed_train_rate_uniform_L16_T16/fc3_h32/no_regularization/seed_44/noise_sweep_matrix_mnist_fc3_h32_T16_mode_rate_uniform_schedule_normal_seed_44.csv
fc3_h32,32,no_regularization,44,16,16,rate_uniform,0.1,96.39,mnist-checkpoints/fc3_h32_L[16]_strict_seed44_ablation_none_l16_fc3_h32.pth,noise3_exp/ablation_mne_l2_vs_weight_decay_l16_fc3_h4_h8_h16_h32_h64_h128/strict_seed_train_rate_uniform_L16_T16/fc3_h32/no_regularization/seed_44/noise_sweep_matrix_mnist_fc3_h32_T16_mode_rate_uniform_schedule_normal_seed_44.csv
fc3_h32,32,no_regularization,44,16,16,rate_uniform,0.15,96.36,mnist-checkpoints/fc3_h32_L[16]_strict_seed44_ablation_none_l16_fc3_h32.pth,noise3_exp/ablation_mne_l2_vs_weight_decay_l16_fc3_h4_h8_h16_h32_h64_h128/strict_seed_train_rate_uniform_L16_T16/fc3_h32/no_regularization/seed_44/noise_sweep_matrix_mnist_fc3_h32_T16_mode_rate_uniform_schedule_normal_seed_44.csv
fc3_h32,32,no_regularization,44,16,16,rate_uniform,0.2,96.44,mnist-checkpoints/fc3_h32_L[16]_strict_seed44_ablation_none_l16_fc3_h32.pth,noise3_exp/ablation_mne_l2_vs_weight_decay_l16_fc3_h4_h8_h16_h32_h64_h128/strict_seed_train_rate_uniform_L16_T16/fc3_h32/no_regularization/seed_44/noise_sweep_matrix_mnist_fc3_h32_T16_mode_rate_uniform_schedule_normal_seed_44.csv
fc3_h32,32,no_regularization,44,16,16,rate_uniform,0.25,96.26,mnist-checkpoints/fc3_h32_L[16]_strict_seed44_ablation_none_l16_fc3_h32.pth,noise3_exp/ablation_mne_l2_vs_weight_decay_l16_fc3_h4_h8_h16_h32_h64_h128/strict_seed_train_rate_uniform_L16_T16/fc3_h32/no_regularization/seed_44/noise_sweep_matrix_mnist_fc3_h32_T16_mode_rate_uniform_schedule_normal_seed_44.csv
fc3_h32,32,no_regularization,44,16,16,rate_uniform,0.3,96.27,mnist-checkpoints/fc3_h32_L[16]_strict_seed44_ablation_none_l16_fc3_h32.pth,noise3_exp/ablation_mne_l2_vs_weight_decay_l16_fc3_h4_h8_h16_h32_h64_h128/strict_seed_train_rate_uniform_L16_T16/fc3_h32/no_regularization/seed_44/noise_sweep_matrix_mnist_fc3_h32_T16_mode_rate_uniform_schedule_normal_seed_44.csv
fc3_h32,32,no_regularization,44,16,16,rate_uniform,0.35,95.82,mnist-checkpoints/fc3_h32_L[16]_strict_seed44_ablation_none_l16_fc3_h32.pth,noise3_exp/ablation_mne_l2_vs_weight_decay_l16_fc3_h4_h8_h16_h32_h64_h128/strict_seed_train_rate_uniform_L16_T16/fc3_h32/no_regularization/seed_44/noise_sweep_matrix_mnist_fc3_h32_T16_mode_rate_uniform_schedule_normal_seed_44.csv
fc3_h32,32,no_regularization,44,16,16,rate_uniform,0.4,95.83,mnist-checkpoints/fc3_h32_L[16]_strict_seed44_ablation_none_l16_fc3_h32.pth,noise3_exp/ablation_mne_l2_vs_weight_decay_l16_fc3_h4_h8_h16_h32_h64_h128/strict_seed_train_rate_uniform_L16_T16/fc3_h32/no_regularization/seed_44/noise_sweep_matrix_mnist_fc3_h32_T16_mode_rate_uniform_schedule_normal_seed_44.csv
fc3_h32,32,no_regularization,44,16,16,rate_uniform,0.45,94.94,mnist-checkpoints/fc3_h32_L[16]_strict_seed44_ablation_none_l16_fc3_h32.pth,noise3_exp/ablation_mne_l2_vs_weight_decay_l16_fc3_h4_h8_h16_h32_h64_h128/strict_seed_train_rate_uniform_L16_T16/fc3_h32/no_regularization/seed_44/noise_sweep_matrix_mnist_fc3_h32_T16_mode_rate_uniform_schedule_normal_seed_44.csv
fc3_h32,32,no_regularization,44,16,16,rate_uniform,0.5,93.72,mnist-checkpoints/fc3_h32_L[16]_strict_seed44_ablation_none_l16_fc3_h32.pth,noise3_exp/ablation_mne_l2_vs_weight_decay_l16_fc3_h4_h8_h16_h32_h64_h128/strict_seed_train_rate_uniform_L16_T16/fc3_h32/no_regularization/seed_44/noise_sweep_matrix_mnist_fc3_h32_T16_mode_rate_uniform_schedule_normal_seed_44.csv
fc3_h32,32,no_regularization,44,16,16,rate_uniform,0.55,91.46,mnist-checkpoints/fc3_h32_L[16]_strict_seed44_ablation_none_l16_fc3_h32.pth,noise3_exp/ablation_mne_l2_vs_weight_decay_l16_fc3_h4_h8_h16_h32_h64_h128/strict_seed_train_rate_uniform_L16_T16/fc3_h32/no_regularization/seed_44/noise_sweep_matrix_mnist_fc3_h32_T16_mode_rate_uniform_schedule_normal_seed_44.csv
fc3_h32,32,no_regularization,44,16,16,rate_uniform,0.6,88.74,mnist-checkpoints/fc3_h32_L[16]_strict_seed44_ablation_none_l16_fc3_h32.pth,noise3_exp/ablation_mne_l2_vs_weight_decay_l16_fc3_h4_h8_h16_h32_h64_h128/strict_seed_train_rate_uniform_L16_T16/fc3_h32/no_regularization/seed_44/noise_sweep_matrix_mnist_fc3_h32_T16_mode_rate_uniform_schedule_normal_seed_44.csv
fc3_h32,32,no_regularization,44,16,16,rate_uniform,0.65,84.2,mnist-checkpoints/fc3_h32_L[16]_strict_seed44_ablation_none_l16_fc3_h32.pth,noise3_exp/ablation_mne_l2_vs_weight_decay_l16_fc3_h4_h8_h16_h32_h64_h128/strict_seed_train_rate_uniform_L16_T16/fc3_h32/no_regularization/seed_44/noise_sweep_matrix_mnist_fc3_h32_T16_mode_rate_uniform_schedule_normal_seed_44.csv
fc3_h32,32,no_regularization,44,16,16,rate_uniform,0.7,79.47,mnist-checkpoints/fc3_h32_L[16]_strict_seed44_ablation_none_l16_fc3_h32.pth,noise3_exp/ablation_mne_l2_vs_weight_decay_l16_fc3_h4_h8_h16_h32_h64_h128/strict_seed_train_rate_uniform_L16_T16/fc3_h32/no_regularization/seed_44/noise_sweep_matrix_mnist_fc3_h32_T16_mode_rate_uniform_schedule_normal_seed_44.csv
fc3_h32,32,no_regularization,44,16,16,rate_uniform,0.75,75.35,mnist-checkpoints/fc3_h32_L[16]_strict_seed44_ablation_none_l16_fc3_h32.pth,noise3_exp/ablation_mne_l2_vs_weight_decay_l16_fc3_h4_h8_h16_h32_h64_h128/strict_seed_train_rate_uniform_L16_T16/fc3_h32/no_regularization/seed_44/noise_sweep_matrix_mnist_fc3_h32_T16_mode_rate_uniform_schedule_normal_seed_44.csv
fc3_h32,32,no_regularization,44,16,16,rate_uniform,0.8,70.84,mnist-checkpoints/fc3_h32_L[16]_strict_seed44_ablation_none_l16_fc3_h32.pth,noise3_exp/ablation_mne_l2_vs_weight_decay_l16_fc3_h4_h8_h16_h32_h64_h128/strict_seed_train_rate_uniform_L16_T16/fc3_h32/no_regularization/seed_44/noise_sweep_matrix_mnist_fc3_h32_T16_mode_rate_uniform_schedule_normal_seed_44.csv
fc3_h32,32,no_regularization,44,16,16,rate_uniform,0.85,66.66,mnist-checkpoints/fc3_h32_L[16]_strict_seed44_ablation_none_l16_fc3_h32.pth,noise3_exp/ablation_mne_l2_vs_weight_decay_l16_fc3_h4_h8_h16_h32_h64_h128/strict_seed_train_rate_uniform_L16_T16/fc3_h32/no_regularization/seed_44/noise_sweep_matrix_mnist_fc3_h32_T16_mode_rate_uniform_schedule_normal_seed_44.csv
fc3_h32,32,no_regularization,44,16,16,rate_uniform,0.9,63.07,mnist-checkpoints/fc3_h32_L[16]_strict_seed44_ablation_none_l16_fc3_h32.pth,noise3_exp/ablation_mne_l2_vs_weight_decay_l16_fc3_h4_h8_h16_h32_h64_h128/strict_seed_train_rate_uniform_L16_T16/fc3_h32/no_regularization/seed_44/noise_sweep_matrix_mnist_fc3_h32_T16_mode_rate_uniform_schedule_normal_seed_44.csv
fc3_h32,32,no_regularization,44,16,16,rate_uniform,0.95,60.04,mnist-checkpoints/fc3_h32_L[16]_strict_seed44_ablation_none_l16_fc3_h32.pth,noise3_exp/ablation_mne_l2_vs_weight_decay_l16_fc3_h4_h8_h16_h32_h64_h128/strict_seed_train_rate_uniform_L16_T16/fc3_h32/no_regularization/seed_44/noise_sweep_matrix_mnist_fc3_h32_T16_mode_rate_uniform_schedule_normal_seed_44.csv
fc3_h32,32,no_regularization,44,16,16,rate_uniform,1.0,55.22,mnist-checkpoints/fc3_h32_L[16]_strict_seed44_ablation_none_l16_fc3_h32.pth,noise3_exp/ablation_mne_l2_vs_weight_decay_l16_fc3_h4_h8_h16_h32_h64_h128/strict_seed_train_rate_uniform_L16_T16/fc3_h32/no_regularization/seed_44/noise_sweep_matrix_mnist_fc3_h32_T16_mode_rate_uniform_schedule_normal_seed_44.csv
fc3_h64,64,mne_l2,40,16,16,rate_uniform,0.0,97.2,mnist-checkpoints/fc3_h64_L[16]_strict_seed40_ablation_mne_l2_l16_fc3_h64_rc5em02.pth,noise3_exp/ablation_mne_l2_vs_weight_decay_l16_fc3_h4_h8_h16_h32_h64_h128/strict_seed_train_rate_uniform_L16_T16/fc3_h64/mne_l2/seed_40/noise_sweep_matrix_mnist_fc3_h64_T16_mode_rate_uniform_schedule_normal_seed_40.csv
fc3_h64,64,mne_l2,40,16,16,rate_uniform,0.05,97.2,mnist-checkpoints/fc3_h64_L[16]_strict_seed40_ablation_mne_l2_l16_fc3_h64_rc5em02.pth,noise3_exp/ablation_mne_l2_vs_weight_decay_l16_fc3_h4_h8_h16_h32_h64_h128/strict_seed_train_rate_uniform_L16_T16/fc3_h64/mne_l2/seed_40/noise_sweep_matrix_mnist_fc3_h64_T16_mode_rate_uniform_schedule_normal_seed_40.csv
fc3_h64,64,mne_l2,40,16,16,rate_uniform,0.1,97.14,mnist-checkpoints/fc3_h64_L[16]_strict_seed40_ablation_mne_l2_l16_fc3_h64_rc5em02.pth,noise3_exp/ablation_mne_l2_vs_weight_decay_l16_fc3_h4_h8_h16_h32_h64_h128/strict_seed_train_rate_uniform_L16_T16/fc3_h64/mne_l2/seed_40/noise_sweep_matrix_mnist_fc3_h64_T16_mode_rate_uniform_schedule_normal_seed_40.csv
fc3_h64,64,mne_l2,40,16,16,rate_uniform,0.15,97.2,mnist-checkpoints/fc3_h64_L[16]_strict_seed40_ablation_mne_l2_l16_fc3_h64_rc5em02.pth,noise3_exp/ablation_mne_l2_vs_weight_decay_l16_fc3_h4_h8_h16_h32_h64_h128/strict_seed_train_rate_uniform_L16_T16/fc3_h64/mne_l2/seed_40/noise_sweep_matrix_mnist_fc3_h64_T16_mode_rate_uniform_schedule_normal_seed_40.csv
fc3_h64,64,mne_l2,40,16,16,rate_uniform,0.2,97.01,mnist-checkpoints/fc3_h64_L[16]_strict_seed40_ablation_mne_l2_l16_fc3_h64_rc5em02.pth,noise3_exp/ablation_mne_l2_vs_weight_decay_l16_fc3_h4_h8_h16_h32_h64_h128/strict_seed_train_rate_uniform_L16_T16/fc3_h64/mne_l2/seed_40/noise_sweep_matrix_mnist_fc3_h64_T16_mode_rate_uniform_schedule_normal_seed_40.csv
fc3_h64,64,mne_l2,40,16,16,rate_uniform,0.25,97.15,mnist-checkpoints/fc3_h64_L[16]_strict_seed40_ablation_mne_l2_l16_fc3_h64_rc5em02.pth,noise3_exp/ablation_mne_l2_vs_weight_decay_l16_fc3_h4_h8_h16_h32_h64_h128/strict_seed_train_rate_uniform_L16_T16/fc3_h64/mne_l2/seed_40/noise_sweep_matrix_mnist_fc3_h64_T16_mode_rate_uniform_schedule_normal_seed_40.csv
fc3_h64,64,mne_l2,40,16,16,rate_uniform,0.3,96.97,mnist-checkpoints/fc3_h64_L[16]_strict_seed40_ablation_mne_l2_l16_fc3_h64_rc5em02.pth,noise3_exp/ablation_mne_l2_vs_weight_decay_l16_fc3_h4_h8_h16_h32_h64_h128/strict_seed_train_rate_uniform_L16_T16/fc3_h64/mne_l2/seed_40/noise_sweep_matrix_mnist_fc3_h64_T16_mode_rate_uniform_schedule_normal_seed_40.csv
fc3_h64,64,mne_l2,40,16,16,rate_uniform,0.35,97.08,mnist-checkpoints/fc3_h64_L[16]_strict_seed40_ablation_mne_l2_l16_fc3_h64_rc5em02.pth,noise3_exp/ablation_mne_l2_vs_weight_decay_l16_fc3_h4_h8_h16_h32_h64_h128/strict_seed_train_rate_uniform_L16_T16/fc3_h64/mne_l2/seed_40/noise_sweep_matrix_mnist_fc3_h64_T16_mode_rate_uniform_schedule_normal_seed_40.csv
fc3_h64,64,mne_l2,40,16,16,rate_uniform,0.4,96.85,mnist-checkpoints/fc3_h64_L[16]_strict_seed40_ablation_mne_l2_l16_fc3_h64_rc5em02.pth,noise3_exp/ablation_mne_l2_vs_weight_decay_l16_fc3_h4_h8_h16_h32_h64_h128/strict_seed_train_rate_uniform_L16_T16/fc3_h64/mne_l2/seed_40/noise_sweep_matrix_mnist_fc3_h64_T16_mode_rate_uniform_schedule_normal_seed_40.csv
fc3_h64,64,mne_l2,40,16,16,rate_uniform,0.45,96.65,mnist-checkpoints/fc3_h64_L[16]_strict_seed40_ablation_mne_l2_l16_fc3_h64_rc5em02.pth,noise3_exp/ablation_mne_l2_vs_weight_decay_l16_fc3_h4_h8_h16_h32_h64_h128/strict_seed_train_rate_uniform_L16_T16/fc3_h64/mne_l2/seed_40/noise_sweep_matrix_mnist_fc3_h64_T16_mode_rate_uniform_schedule_normal_seed_40.csv
fc3_h64,64,mne_l2,40,16,16,rate_uniform,0.5,96.65,mnist-checkpoints/fc3_h64_L[16]_strict_seed40_ablation_mne_l2_l16_fc3_h64_rc5em02.pth,noise3_exp/ablation_mne_l2_vs_weight_decay_l16_fc3_h4_h8_h16_h32_h64_h128/strict_seed_train_rate_uniform_L16_T16/fc3_h64/mne_l2/seed_40/noise_sweep_matrix_mnist_fc3_h64_T16_mode_rate_uniform_schedule_normal_seed_40.csv
fc3_h64,64,mne_l2,40,16,16,rate_uniform,0.55,96.5,mnist-checkpoints/fc3_h64_L[16]_strict_seed40_ablation_mne_l2_l16_fc3_h64_rc5em02.pth,noise3_exp/ablation_mne_l2_vs_weight_decay_l16_fc3_h4_h8_h16_h32_h64_h128/strict_seed_train_rate_uniform_L16_T16/fc3_h64/mne_l2/seed_40/noise_sweep_matrix_mnist_fc3_h64_T16_mode_rate_uniform_schedule_normal_seed_40.csv
fc3_h64,64,mne_l2,40,16,16,rate_uniform,0.6,96.0,mnist-checkpoints/fc3_h64_L[16]_strict_seed40_ablation_mne_l2_l16_fc3_h64_rc5em02.pth,noise3_exp/ablation_mne_l2_vs_weight_decay_l16_fc3_h4_h8_h16_h32_h64_h128/strict_seed_train_rate_uniform_L16_T16/fc3_h64/mne_l2/seed_40/noise_sweep_matrix_mnist_fc3_h64_T16_mode_rate_uniform_schedule_normal_seed_40.csv
fc3_h64,64,mne_l2,40,16,16,rate_uniform,0.65,95.91,mnist-checkpoints/fc3_h64_L[16]_strict_seed40_ablation_mne_l2_l16_fc3_h64_rc5em02.pth,noise3_exp/ablation_mne_l2_vs_weight_decay_l16_fc3_h4_h8_h16_h32_h64_h128/strict_seed_train_rate_uniform_L16_T16/fc3_h64/mne_l2/seed_40/noise_sweep_matrix_mnist_fc3_h64_T16_mode_rate_uniform_schedule_normal_seed_40.csv
fc3_h64,64,mne_l2,40,16,16,rate_uniform,0.7,95.37,mnist-checkpoints/fc3_h64_L[16]_strict_seed40_ablation_mne_l2_l16_fc3_h64_rc5em02.pth,noise3_exp/ablation_mne_l2_vs_weight_decay_l16_fc3_h4_h8_h16_h32_h64_h128/strict_seed_train_rate_uniform_L16_T16/fc3_h64/mne_l2/seed_40/noise_sweep_matrix_mnist_fc3_h64_T16_mode_rate_uniform_schedule_normal_seed_40.csv
fc3_h64,64,mne_l2,40,16,16,rate_uniform,0.75,94.96,mnist-checkpoints/fc3_h64_L[16]_strict_seed40_ablation_mne_l2_l16_fc3_h64_rc5em02.pth,noise3_exp/ablation_mne_l2_vs_weight_decay_l16_fc3_h4_h8_h16_h32_h64_h128/strict_seed_train_rate_uniform_L16_T16/fc3_h64/mne_l2/seed_40/noise_sweep_matrix_mnist_fc3_h64_T16_mode_rate_uniform_schedule_normal_seed_40.csv
fc3_h64,64,mne_l2,40,16,16,rate_uniform,0.8,93.84,mnist-checkpoints/fc3_h64_L[16]_strict_seed40_ablation_mne_l2_l16_fc3_h64_rc5em02.pth,noise3_exp/ablation_mne_l2_vs_weight_decay_l16_fc3_h4_h8_h16_h32_h64_h128/strict_seed_train_rate_uniform_L16_T16/fc3_h64/mne_l2/seed_40/noise_sweep_matrix_mnist_fc3_h64_T16_mode_rate_uniform_schedule_normal_seed_40.csv
fc3_h64,64,mne_l2,40,16,16,rate_uniform,0.85,92.94,mnist-checkpoints/fc3_h64_L[16]_strict_seed40_ablation_mne_l2_l16_fc3_h64_rc5em02.pth,noise3_exp/ablation_mne_l2_vs_weight_decay_l16_fc3_h4_h8_h16_h32_h64_h128/strict_seed_train_rate_uniform_L16_T16/fc3_h64/mne_l2/seed_40/noise_sweep_matrix_mnist_fc3_h64_T16_mode_rate_uniform_schedule_normal_seed_40.csv
fc3_h64,64,mne_l2,40,16,16,rate_uniform,0.9,91.54,mnist-checkpoints/fc3_h64_L[16]_strict_seed40_ablation_mne_l2_l16_fc3_h64_rc5em02.pth,noise3_exp/ablation_mne_l2_vs_weight_decay_l16_fc3_h4_h8_h16_h32_h64_h128/strict_seed_train_rate_uniform_L16_T16/fc3_h64/mne_l2/seed_40/noise_sweep_matrix_mnist_fc3_h64_T16_mode_rate_uniform_schedule_normal_seed_40.csv
fc3_h64,64,mne_l2,40,16,16,rate_uniform,0.95,89.48,mnist-checkpoints/fc3_h64_L[16]_strict_seed40_ablation_mne_l2_l16_fc3_h64_rc5em02.pth,noise3_exp/ablation_mne_l2_vs_weight_decay_l16_fc3_h4_h8_h16_h32_h64_h128/strict_seed_train_rate_uniform_L16_T16/fc3_h64/mne_l2/seed_40/noise_sweep_matrix_mnist_fc3_h64_T16_mode_rate_uniform_schedule_normal_seed_40.csv
fc3_h64,64,mne_l2,40,16,16,rate_uniform,1.0,87.8,mnist-checkpoints/fc3_h64_L[16]_strict_seed40_ablation_mne_l2_l16_fc3_h64_rc5em02.pth,noise3_exp/ablation_mne_l2_vs_weight_decay_l16_fc3_h4_h8_h16_h32_h64_h128/strict_seed_train_rate_uniform_L16_T16/fc3_h64/mne_l2/seed_40/noise_sweep_matrix_mnist_fc3_h64_T16_mode_rate_uniform_schedule_normal_seed_40.csv
fc3_h64,64,mne_l2,41,16,16,rate_uniform,0.0,97.37,mnist-checkpoints/fc3_h64_L[16]_strict_seed41_ablation_mne_l2_l16_fc3_h64_rc5em02.pth,noise3_exp/ablation_mne_l2_vs_weight_decay_l16_fc3_h4_h8_h16_h32_h64_h128/strict_seed_train_rate_uniform_L16_T16/fc3_h64/mne_l2/seed_41/noise_sweep_matrix_mnist_fc3_h64_T16_mode_rate_uniform_schedule_normal_seed_41.csv
fc3_h64,64,mne_l2,41,16,16,rate_uniform,0.05,97.37,mnist-checkpoints/fc3_h64_L[16]_strict_seed41_ablation_mne_l2_l16_fc3_h64_rc5em02.pth,noise3_exp/ablation_mne_l2_vs_weight_decay_l16_fc3_h4_h8_h16_h32_h64_h128/strict_seed_train_rate_uniform_L16_T16/fc3_h64/mne_l2/seed_41/noise_sweep_matrix_mnist_fc3_h64_T16_mode_rate_uniform_schedule_normal_seed_41.csv
fc3_h64,64,mne_l2,41,16,16,rate_uniform,0.1,97.24,mnist-checkpoints/fc3_h64_L[16]_strict_seed41_ablation_mne_l2_l16_fc3_h64_rc5em02.pth,noise3_exp/ablation_mne_l2_vs_weight_decay_l16_fc3_h4_h8_h16_h32_h64_h128/strict_seed_train_rate_uniform_L16_T16/fc3_h64/mne_l2/seed_41/noise_sweep_matrix_mnist_fc3_h64_T16_mode_rate_uniform_schedule_normal_seed_41.csv
fc3_h64,64,mne_l2,41,16,16,rate_uniform,0.15,97.32,mnist-checkpoints/fc3_h64_L[16]_strict_seed41_ablation_mne_l2_l16_fc3_h64_rc5em02.pth,noise3_exp/ablation_mne_l2_vs_weight_decay_l16_fc3_h4_h8_h16_h32_h64_h128/strict_seed_train_rate_uniform_L16_T16/fc3_h64/mne_l2/seed_41/noise_sweep_matrix_mnist_fc3_h64_T16_mode_rate_uniform_schedule_normal_seed_41.csv
fc3_h64,64,mne_l2,41,16,16,rate_uniform,0.2,97.24,mnist-checkpoints/fc3_h64_L[16]_strict_seed41_ablation_mne_l2_l16_fc3_h64_rc5em02.pth,noise3_exp/ablation_mne_l2_vs_weight_decay_l16_fc3_h4_h8_h16_h32_h64_h128/strict_seed_train_rate_uniform_L16_T16/fc3_h64/mne_l2/seed_41/noise_sweep_matrix_mnist_fc3_h64_T16_mode_rate_uniform_schedule_normal_seed_41.csv
fc3_h64,64,mne_l2,41,16,16,rate_uniform,0.25,97.18,mnist-checkpoints/fc3_h64_L[16]_strict_seed41_ablation_mne_l2_l16_fc3_h64_rc5em02.pth,noise3_exp/ablation_mne_l2_vs_weight_decay_l16_fc3_h4_h8_h16_h32_h64_h128/strict_seed_train_rate_uniform_L16_T16/fc3_h64/mne_l2/seed_41/noise_sweep_matrix_mnist_fc3_h64_T16_mode_rate_uniform_schedule_normal_seed_41.csv
fc3_h64,64,mne_l2,41,16,16,rate_uniform,0.3,97.22,mnist-checkpoints/fc3_h64_L[16]_strict_seed41_ablation_mne_l2_l16_fc3_h64_rc5em02.pth,noise3_exp/ablation_mne_l2_vs_weight_decay_l16_fc3_h4_h8_h16_h32_h64_h128/strict_seed_train_rate_uniform_L16_T16/fc3_h64/mne_l2/seed_41/noise_sweep_matrix_mnist_fc3_h64_T16_mode_rate_uniform_schedule_normal_seed_41.csv
fc3_h64,64,mne_l2,41,16,16,rate_uniform,0.35,97.14,mnist-checkpoints/fc3_h64_L[16]_strict_seed41_ablation_mne_l2_l16_fc3_h64_rc5em02.pth,noise3_exp/ablation_mne_l2_vs_weight_decay_l16_fc3_h4_h8_h16_h32_h64_h128/strict_seed_train_rate_uniform_L16_T16/fc3_h64/mne_l2/seed_41/noise_sweep_matrix_mnist_fc3_h64_T16_mode_rate_uniform_schedule_normal_seed_41.csv
fc3_h64,64,mne_l2,41,16,16,rate_uniform,0.4,96.85,mnist-checkpoints/fc3_h64_L[16]_strict_seed41_ablation_mne_l2_l16_fc3_h64_rc5em02.pth,noise3_exp/ablation_mne_l2_vs_weight_decay_l16_fc3_h4_h8_h16_h32_h64_h128/strict_seed_train_rate_uniform_L16_T16/fc3_h64/mne_l2/seed_41/noise_sweep_matrix_mnist_fc3_h64_T16_mode_rate_uniform_schedule_normal_seed_41.csv
fc3_h64,64,mne_l2,41,16,16,rate_uniform,0.45,97.04,mnist-checkpoints/fc3_h64_L[16]_strict_seed41_ablation_mne_l2_l16_fc3_h64_rc5em02.pth,noise3_exp/ablation_mne_l2_vs_weight_decay_l16_fc3_h4_h8_h16_h32_h64_h128/strict_seed_train_rate_uniform_L16_T16/fc3_h64/mne_l2/seed_41/noise_sweep_matrix_mnist_fc3_h64_T16_mode_rate_uniform_schedule_normal_seed_41.csv
fc3_h64,64,mne_l2,41,16,16,rate_uniform,0.5,96.79,mnist-checkpoints/fc3_h64_L[16]_strict_seed41_ablation_mne_l2_l16_fc3_h64_rc5em02.pth,noise3_exp/ablation_mne_l2_vs_weight_decay_l16_fc3_h4_h8_h16_h32_h64_h128/strict_seed_train_rate_uniform_L16_T16/fc3_h64/mne_l2/seed_41/noise_sweep_matrix_mnist_fc3_h64_T16_mode_rate_uniform_schedule_normal_seed_41.csv
fc3_h64,64,mne_l2,41,16,16,rate_uniform,0.55,96.54,mnist-checkpoints/fc3_h64_L[16]_strict_seed41_ablation_mne_l2_l16_fc3_h64_rc5em02.pth,noise3_exp/ablation_mne_l2_vs_weight_decay_l16_fc3_h4_h8_h16_h32_h64_h128/strict_seed_train_rate_uniform_L16_T16/fc3_h64/mne_l2/seed_41/noise_sweep_matrix_mnist_fc3_h64_T16_mode_rate_uniform_schedule_normal_seed_41.csv
fc3_h64,64,mne_l2,41,16,16,rate_uniform,0.6,96.05,mnist-checkpoints/fc3_h64_L[16]_strict_seed41_ablation_mne_l2_l16_fc3_h64_rc5em02.pth,noise3_exp/ablation_mne_l2_vs_weight_decay_l16_fc3_h4_h8_h16_h32_h64_h128/strict_seed_train_rate_uniform_L16_T16/fc3_h64/mne_l2/seed_41/noise_sweep_matrix_mnist_fc3_h64_T16_mode_rate_uniform_schedule_normal_seed_41.csv
fc3_h64,64,mne_l2,41,16,16,rate_uniform,0.65,95.61,mnist-checkpoints/fc3_h64_L[16]_strict_seed41_ablation_mne_l2_l16_fc3_h64_rc5em02.pth,noise3_exp/ablation_mne_l2_vs_weight_decay_l16_fc3_h4_h8_h16_h32_h64_h128/strict_seed_train_rate_uniform_L16_T16/fc3_h64/mne_l2/seed_41/noise_sweep_matrix_mnist_fc3_h64_T16_mode_rate_uniform_schedule_normal_seed_41.csv
fc3_h64,64,mne_l2,41,16,16,rate_uniform,0.7,95.44,mnist-checkpoints/fc3_h64_L[16]_strict_seed41_ablation_mne_l2_l16_fc3_h64_rc5em02.pth,noise3_exp/ablation_mne_l2_vs_weight_decay_l16_fc3_h4_h8_h16_h32_h64_h128/strict_seed_train_rate_uniform_L16_T16/fc3_h64/mne_l2/seed_41/noise_sweep_matrix_mnist_fc3_h64_T16_mode_rate_uniform_schedule_normal_seed_41.csv
fc3_h64,64,mne_l2,41,16,16,rate_uniform,0.75,94.89,mnist-checkpoints/fc3_h64_L[16]_strict_seed41_ablation_mne_l2_l16_fc3_h64_rc5em02.pth,noise3_exp/ablation_mne_l2_vs_weight_decay_l16_fc3_h4_h8_h16_h32_h64_h128/strict_seed_train_rate_uniform_L16_T16/fc3_h64/mne_l2/seed_41/noise_sweep_matrix_mnist_fc3_h64_T16_mode_rate_uniform_schedule_normal_seed_41.csv
fc3_h64,64,mne_l2,41,16,16,rate_uniform,0.8,93.91,mnist-checkpoints/fc3_h64_L[16]_strict_seed41_ablation_mne_l2_l16_fc3_h64_rc5em02.pth,noise3_exp/ablation_mne_l2_vs_weight_decay_l16_fc3_h4_h8_h16_h32_h64_h128/strict_seed_train_rate_uniform_L16_T16/fc3_h64/mne_l2/seed_41/noise_sweep_matrix_mnist_fc3_h64_T16_mode_rate_uniform_schedule_normal_seed_41.csv
fc3_h64,64,mne_l2,41,16,16,rate_uniform,0.85,93.21,mnist-checkpoints/fc3_h64_L[16]_strict_seed41_ablation_mne_l2_l16_fc3_h64_rc5em02.pth,noise3_exp/ablation_mne_l2_vs_weight_decay_l16_fc3_h4_h8_h16_h32_h64_h128/strict_seed_train_rate_uniform_L16_T16/fc3_h64/mne_l2/seed_41/noise_sweep_matrix_mnist_fc3_h64_T16_mode_rate_uniform_schedule_normal_seed_41.csv
fc3_h64,64,mne_l2,41,16,16,rate_uniform,0.9,91.76,mnist-checkpoints/fc3_h64_L[16]_strict_seed41_ablation_mne_l2_l16_fc3_h64_rc5em02.pth,noise3_exp/ablation_mne_l2_vs_weight_decay_l16_fc3_h4_h8_h16_h32_h64_h128/strict_seed_train_rate_uniform_L16_T16/fc3_h64/mne_l2/seed_41/noise_sweep_matrix_mnist_fc3_h64_T16_mode_rate_uniform_schedule_normal_seed_41.csv
fc3_h64,64,mne_l2,41,16,16,rate_uniform,0.95,90.16,mnist-checkpoints/fc3_h64_L[16]_strict_seed41_ablation_mne_l2_l16_fc3_h64_rc5em02.pth,noise3_exp/ablation_mne_l2_vs_weight_decay_l16_fc3_h4_h8_h16_h32_h64_h128/strict_seed_train_rate_uniform_L16_T16/fc3_h64/mne_l2/seed_41/noise_sweep_matrix_mnist_fc3_h64_T16_mode_rate_uniform_schedule_normal_seed_41.csv
fc3_h64,64,mne_l2,41,16,16,rate_uniform,1.0,88.65,mnist-checkpoints/fc3_h64_L[16]_strict_seed41_ablation_mne_l2_l16_fc3_h64_rc5em02.pth,noise3_exp/ablation_mne_l2_vs_weight_decay_l16_fc3_h4_h8_h16_h32_h64_h128/strict_seed_train_rate_uniform_L16_T16/fc3_h64/mne_l2/seed_41/noise_sweep_matrix_mnist_fc3_h64_T16_mode_rate_uniform_schedule_normal_seed_41.csv
fc3_h64,64,mne_l2,42,16,16,rate_uniform,0.0,97.16,mnist-checkpoints/fc3_h64_L[16]_strict_seed42_ablation_mne_l2_l16_fc3_h64_rc5em02.pth,noise3_exp/ablation_mne_l2_vs_weight_decay_l16_fc3_h4_h8_h16_h32_h64_h128/strict_seed_train_rate_uniform_L16_T16/fc3_h64/mne_l2/seed_42/noise_sweep_matrix_mnist_fc3_h64_T16_mode_rate_uniform_schedule_normal_seed_42.csv
fc3_h64,64,mne_l2,42,16,16,rate_uniform,0.05,97.0,mnist-checkpoints/fc3_h64_L[16]_strict_seed42_ablation_mne_l2_l16_fc3_h64_rc5em02.pth,noise3_exp/ablation_mne_l2_vs_weight_decay_l16_fc3_h4_h8_h16_h32_h64_h128/strict_seed_train_rate_uniform_L16_T16/fc3_h64/mne_l2/seed_42/noise_sweep_matrix_mnist_fc3_h64_T16_mode_rate_uniform_schedule_normal_seed_42.csv
fc3_h64,64,mne_l2,42,16,16,rate_uniform,0.1,97.11,mnist-checkpoints/fc3_h64_L[16]_strict_seed42_ablation_mne_l2_l16_fc3_h64_rc5em02.pth,noise3_exp/ablation_mne_l2_vs_weight_decay_l16_fc3_h4_h8_h16_h32_h64_h128/strict_seed_train_rate_uniform_L16_T16/fc3_h64/mne_l2/seed_42/noise_sweep_matrix_mnist_fc3_h64_T16_mode_rate_uniform_schedule_normal_seed_42.csv
fc3_h64,64,mne_l2,42,16,16,rate_uniform,0.15,97.1,mnist-checkpoints/fc3_h64_L[16]_strict_seed42_ablation_mne_l2_l16_fc3_h64_rc5em02.pth,noise3_exp/ablation_mne_l2_vs_weight_decay_l16_fc3_h4_h8_h16_h32_h64_h128/strict_seed_train_rate_uniform_L16_T16/fc3_h64/mne_l2/seed_42/noise_sweep_matrix_mnist_fc3_h64_T16_mode_rate_uniform_schedule_normal_seed_42.csv
fc3_h64,64,mne_l2,42,16,16,rate_uniform,0.2,97.18,mnist-checkpoints/fc3_h64_L[16]_strict_seed42_ablation_mne_l2_l16_fc3_h64_rc5em02.pth,noise3_exp/ablation_mne_l2_vs_weight_decay_l16_fc3_h4_h8_h16_h32_h64_h128/strict_seed_train_rate_uniform_L16_T16/fc3_h64/mne_l2/seed_42/noise_sweep_matrix_mnist_fc3_h64_T16_mode_rate_uniform_schedule_normal_seed_42.csv
fc3_h64,64,mne_l2,42,16,16,rate_uniform,0.25,97.03,mnist-checkpoints/fc3_h64_L[16]_strict_seed42_ablation_mne_l2_l16_fc3_h64_rc5em02.pth,noise3_exp/ablation_mne_l2_vs_weight_decay_l16_fc3_h4_h8_h16_h32_h64_h128/strict_seed_train_rate_uniform_L16_T16/fc3_h64/mne_l2/seed_42/noise_sweep_matrix_mnist_fc3_h64_T16_mode_rate_uniform_schedule_normal_seed_42.csv
fc3_h64,64,mne_l2,42,16,16,rate_uniform,0.3,96.76,mnist-checkpoints/fc3_h64_L[16]_strict_seed42_ablation_mne_l2_l16_fc3_h64_rc5em02.pth,noise3_exp/ablation_mne_l2_vs_weight_decay_l16_fc3_h4_h8_h16_h32_h64_h128/strict_seed_train_rate_uniform_L16_T16/fc3_h64/mne_l2/seed_42/noise_sweep_matrix_mnist_fc3_h64_T16_mode_rate_uniform_schedule_normal_seed_42.csv
fc3_h64,64,mne_l2,42,16,16,rate_uniform,0.35,97.02,mnist-checkpoints/fc3_h64_L[16]_strict_seed42_ablation_mne_l2_l16_fc3_h64_rc5em02.pth,noise3_exp/ablation_mne_l2_vs_weight_decay_l16_fc3_h4_h8_h16_h32_h64_h128/strict_seed_train_rate_uniform_L16_T16/fc3_h64/mne_l2/seed_42/noise_sweep_matrix_mnist_fc3_h64_T16_mode_rate_uniform_schedule_normal_seed_42.csv
fc3_h64,64,mne_l2,42,16,16,rate_uniform,0.4,96.5,mnist-checkpoints/fc3_h64_L[16]_strict_seed42_ablation_mne_l2_l16_fc3_h64_rc5em02.pth,noise3_exp/ablation_mne_l2_vs_weight_decay_l16_fc3_h4_h8_h16_h32_h64_h128/strict_seed_train_rate_uniform_L16_T16/fc3_h64/mne_l2/seed_42/noise_sweep_matrix_mnist_fc3_h64_T16_mode_rate_uniform_schedule_normal_seed_42.csv
fc3_h64,64,mne_l2,42,16,16,rate_uniform,0.45,96.86,mnist-checkpoints/fc3_h64_L[16]_strict_seed42_ablation_mne_l2_l16_fc3_h64_rc5em02.pth,noise3_exp/ablation_mne_l2_vs_weight_decay_l16_fc3_h4_h8_h16_h32_h64_h128/strict_seed_train_rate_uniform_L16_T16/fc3_h64/mne_l2/seed_42/noise_sweep_matrix_mnist_fc3_h64_T16_mode_rate_uniform_schedule_normal_seed_42.csv
fc3_h64,64,mne_l2,42,16,16,rate_uniform,0.5,96.59,mnist-checkpoints/fc3_h64_L[16]_strict_seed42_ablation_mne_l2_l16_fc3_h64_rc5em02.pth,noise3_exp/ablation_mne_l2_vs_weight_decay_l16_fc3_h4_h8_h16_h32_h64_h128/strict_seed_train_rate_uniform_L16_T16/fc3_h64/mne_l2/seed_42/noise_sweep_matrix_mnist_fc3_h64_T16_mode_rate_uniform_schedule_normal_seed_42.csv
fc3_h64,64,mne_l2,42,16,16,rate_uniform,0.55,96.2,mnist-checkpoints/fc3_h64_L[16]_strict_seed42_ablation_mne_l2_l16_fc3_h64_rc5em02.pth,noise3_exp/ablation_mne_l2_vs_weight_decay_l16_fc3_h4_h8_h16_h32_h64_h128/strict_seed_train_rate_uniform_L16_T16/fc3_h64/mne_l2/seed_42/noise_sweep_matrix_mnist_fc3_h64_T16_mode_rate_uniform_schedule_normal_seed_42.csv
fc3_h64,64,mne_l2,42,16,16,rate_uniform,0.6,95.91,mnist-checkpoints/fc3_h64_L[16]_strict_seed42_ablation_mne_l2_l16_fc3_h64_rc5em02.pth,noise3_exp/ablation_mne_l2_vs_weight_decay_l16_fc3_h4_h8_h16_h32_h64_h128/strict_seed_train_rate_uniform_L16_T16/fc3_h64/mne_l2/seed_42/noise_sweep_matrix_mnist_fc3_h64_T16_mode_rate_uniform_schedule_normal_seed_42.csv
fc3_h64,64,mne_l2,42,16,16,rate_uniform,0.65,95.58,mnist-checkpoints/fc3_h64_L[16]_strict_seed42_ablation_mne_l2_l16_fc3_h64_rc5em02.pth,noise3_exp/ablation_mne_l2_vs_weight_decay_l16_fc3_h4_h8_h16_h32_h64_h128/strict_seed_train_rate_uniform_L16_T16/fc3_h64/mne_l2/seed_42/noise_sweep_matrix_mnist_fc3_h64_T16_mode_rate_uniform_schedule_normal_seed_42.csv
fc3_h64,64,mne_l2,42,16,16,rate_uniform,0.7,94.95,mnist-checkpoints/fc3_h64_L[16]_strict_seed42_ablation_mne_l2_l16_fc3_h64_rc5em02.pth,noise3_exp/ablation_mne_l2_vs_weight_decay_l16_fc3_h4_h8_h16_h32_h64_h128/strict_seed_train_rate_uniform_L16_T16/fc3_h64/mne_l2/seed_42/noise_sweep_matrix_mnist_fc3_h64_T16_mode_rate_uniform_schedule_normal_seed_42.csv
fc3_h64,64,mne_l2,42,16,16,rate_uniform,0.75,94.31,mnist-checkpoints/fc3_h64_L[16]_strict_seed42_ablation_mne_l2_l16_fc3_h64_rc5em02.pth,noise3_exp/ablation_mne_l2_vs_weight_decay_l16_fc3_h4_h8_h16_h32_h64_h128/strict_seed_train_rate_uniform_L16_T16/fc3_h64/mne_l2/seed_42/noise_sweep_matrix_mnist_fc3_h64_T16_mode_rate_uniform_schedule_normal_seed_42.csv
fc3_h64,64,mne_l2,42,16,16,rate_uniform,0.8,93.2,mnist-checkpoints/fc3_h64_L[16]_strict_seed42_ablation_mne_l2_l16_fc3_h64_rc5em02.pth,noise3_exp/ablation_mne_l2_vs_weight_decay_l16_fc3_h4_h8_h16_h32_h64_h128/strict_seed_train_rate_uniform_L16_T16/fc3_h64/mne_l2/seed_42/noise_sweep_matrix_mnist_fc3_h64_T16_mode_rate_uniform_schedule_normal_seed_42.csv
fc3_h64,64,mne_l2,42,16,16,rate_uniform,0.85,92.05,mnist-checkpoints/fc3_h64_L[16]_strict_seed42_ablation_mne_l2_l16_fc3_h64_rc5em02.pth,noise3_exp/ablation_mne_l2_vs_weight_decay_l16_fc3_h4_h8_h16_h32_h64_h128/strict_seed_train_rate_uniform_L16_T16/fc3_h64/mne_l2/seed_42/noise_sweep_matrix_mnist_fc3_h64_T16_mode_rate_uniform_schedule_normal_seed_42.csv
fc3_h64,64,mne_l2,42,16,16,rate_uniform,0.9,90.35,mnist-checkpoints/fc3_h64_L[16]_strict_seed42_ablation_mne_l2_l16_fc3_h64_rc5em02.pth,noise3_exp/ablation_mne_l2_vs_weight_decay_l16_fc3_h4_h8_h16_h32_h64_h128/strict_seed_train_rate_uniform_L16_T16/fc3_h64/mne_l2/seed_42/noise_sweep_matrix_mnist_fc3_h64_T16_mode_rate_uniform_schedule_normal_seed_42.csv
fc3_h64,64,mne_l2,42,16,16,rate_uniform,0.95,88.59,mnist-checkpoints/fc3_h64_L[16]_strict_seed42_ablation_mne_l2_l16_fc3_h64_rc5em02.pth,noise3_exp/ablation_mne_l2_vs_weight_decay_l16_fc3_h4_h8_h16_h32_h64_h128/strict_seed_train_rate_uniform_L16_T16/fc3_h64/mne_l2/seed_42/noise_sweep_matrix_mnist_fc3_h64_T16_mode_rate_uniform_schedule_normal_seed_42.csv
fc3_h64,64,mne_l2,42,16,16,rate_uniform,1.0,86.61,mnist-checkpoints/fc3_h64_L[16]_strict_seed42_ablation_mne_l2_l16_fc3_h64_rc5em02.pth,noise3_exp/ablation_mne_l2_vs_weight_decay_l16_fc3_h4_h8_h16_h32_h64_h128/strict_seed_train_rate_uniform_L16_T16/fc3_h64/mne_l2/seed_42/noise_sweep_matrix_mnist_fc3_h64_T16_mode_rate_uniform_schedule_normal_seed_42.csv
fc3_h64,64,mne_l2,43,16,16,rate_uniform,0.0,97.16,mnist-checkpoints/fc3_h64_L[16]_strict_seed43_ablation_mne_l2_l16_fc3_h64_rc5em02.pth,noise3_exp/ablation_mne_l2_vs_weight_decay_l16_fc3_h4_h8_h16_h32_h64_h128/strict_seed_train_rate_uniform_L16_T16/fc3_h64/mne_l2/seed_43/noise_sweep_matrix_mnist_fc3_h64_T16_mode_rate_uniform_schedule_normal_seed_43.csv
fc3_h64,64,mne_l2,43,16,16,rate_uniform,0.05,96.99,mnist-checkpoints/fc3_h64_L[16]_strict_seed43_ablation_mne_l2_l16_fc3_h64_rc5em02.pth,noise3_exp/ablation_mne_l2_vs_weight_decay_l16_fc3_h4_h8_h16_h32_h64_h128/strict_seed_train_rate_uniform_L16_T16/fc3_h64/mne_l2/seed_43/noise_sweep_matrix_mnist_fc3_h64_T16_mode_rate_uniform_schedule_normal_seed_43.csv
fc3_h64,64,mne_l2,43,16,16,rate_uniform,0.1,96.98,mnist-checkpoints/fc3_h64_L[16]_strict_seed43_ablation_mne_l2_l16_fc3_h64_rc5em02.pth,noise3_exp/ablation_mne_l2_vs_weight_decay_l16_fc3_h4_h8_h16_h32_h64_h128/strict_seed_train_rate_uniform_L16_T16/fc3_h64/mne_l2/seed_43/noise_sweep_matrix_mnist_fc3_h64_T16_mode_rate_uniform_schedule_normal_seed_43.csv
fc3_h64,64,mne_l2,43,16,16,rate_uniform,0.15,96.97,mnist-checkpoints/fc3_h64_L[16]_strict_seed43_ablation_mne_l2_l16_fc3_h64_rc5em02.pth,noise3_exp/ablation_mne_l2_vs_weight_decay_l16_fc3_h4_h8_h16_h32_h64_h128/strict_seed_train_rate_uniform_L16_T16/fc3_h64/mne_l2/seed_43/noise_sweep_matrix_mnist_fc3_h64_T16_mode_rate_uniform_schedule_normal_seed_43.csv
fc3_h64,64,mne_l2,43,16,16,rate_uniform,0.2,96.89,mnist-checkpoints/fc3_h64_L[16]_strict_seed43_ablation_mne_l2_l16_fc3_h64_rc5em02.pth,noise3_exp/ablation_mne_l2_vs_weight_decay_l16_fc3_h4_h8_h16_h32_h64_h128/strict_seed_train_rate_uniform_L16_T16/fc3_h64/mne_l2/seed_43/noise_sweep_matrix_mnist_fc3_h64_T16_mode_rate_uniform_schedule_normal_seed_43.csv
fc3_h64,64,mne_l2,43,16,16,rate_uniform,0.25,96.76,mnist-checkpoints/fc3_h64_L[16]_strict_seed43_ablation_mne_l2_l16_fc3_h64_rc5em02.pth,noise3_exp/ablation_mne_l2_vs_weight_decay_l16_fc3_h4_h8_h16_h32_h64_h128/strict_seed_train_rate_uniform_L16_T16/fc3_h64/mne_l2/seed_43/noise_sweep_matrix_mnist_fc3_h64_T16_mode_rate_uniform_schedule_normal_seed_43.csv
fc3_h64,64,mne_l2,43,16,16,rate_uniform,0.3,96.78,mnist-checkpoints/fc3_h64_L[16]_strict_seed43_ablation_mne_l2_l16_fc3_h64_rc5em02.pth,noise3_exp/ablation_mne_l2_vs_weight_decay_l16_fc3_h4_h8_h16_h32_h64_h128/strict_seed_train_rate_uniform_L16_T16/fc3_h64/mne_l2/seed_43/noise_sweep_matrix_mnist_fc3_h64_T16_mode_rate_uniform_schedule_normal_seed_43.csv
fc3_h64,64,mne_l2,43,16,16,rate_uniform,0.35,96.68,mnist-checkpoints/fc3_h64_L[16]_strict_seed43_ablation_mne_l2_l16_fc3_h64_rc5em02.pth,noise3_exp/ablation_mne_l2_vs_weight_decay_l16_fc3_h4_h8_h16_h32_h64_h128/strict_seed_train_rate_uniform_L16_T16/fc3_h64/mne_l2/seed_43/noise_sweep_matrix_mnist_fc3_h64_T16_mode_rate_uniform_schedule_normal_seed_43.csv
fc3_h64,64,mne_l2,43,16,16,rate_uniform,0.4,96.57,mnist-checkpoints/fc3_h64_L[16]_strict_seed43_ablation_mne_l2_l16_fc3_h64_rc5em02.pth,noise3_exp/ablation_mne_l2_vs_weight_decay_l16_fc3_h4_h8_h16_h32_h64_h128/strict_seed_train_rate_uniform_L16_T16/fc3_h64/mne_l2/seed_43/noise_sweep_matrix_mnist_fc3_h64_T16_mode_rate_uniform_schedule_normal_seed_43.csv
fc3_h64,64,mne_l2,43,16,16,rate_uniform,0.45,96.4,mnist-checkpoints/fc3_h64_L[16]_strict_seed43_ablation_mne_l2_l16_fc3_h64_rc5em02.pth,noise3_exp/ablation_mne_l2_vs_weight_decay_l16_fc3_h4_h8_h16_h32_h64_h128/strict_seed_train_rate_uniform_L16_T16/fc3_h64/mne_l2/seed_43/noise_sweep_matrix_mnist_fc3_h64_T16_mode_rate_uniform_schedule_normal_seed_43.csv
fc3_h64,64,mne_l2,43,16,16,rate_uniform,0.5,96.11,mnist-checkpoints/fc3_h64_L[16]_strict_seed43_ablation_mne_l2_l16_fc3_h64_rc5em02.pth,noise3_exp/ablation_mne_l2_vs_weight_decay_l16_fc3_h4_h8_h16_h32_h64_h128/strict_seed_train_rate_uniform_L16_T16/fc3_h64/mne_l2/seed_43/noise_sweep_matrix_mnist_fc3_h64_T16_mode_rate_uniform_schedule_normal_seed_43.csv
fc3_h64,64,mne_l2,43,16,16,rate_uniform,0.55,95.88,mnist-checkpoints/fc3_h64_L[16]_strict_seed43_ablation_mne_l2_l16_fc3_h64_rc5em02.pth,noise3_exp/ablation_mne_l2_vs_weight_decay_l16_fc3_h4_h8_h16_h32_h64_h128/strict_seed_train_rate_uniform_L16_T16/fc3_h64/mne_l2/seed_43/noise_sweep_matrix_mnist_fc3_h64_T16_mode_rate_uniform_schedule_normal_seed_43.csv
fc3_h64,64,mne_l2,43,16,16,rate_uniform,0.6,95.6,mnist-checkpoints/fc3_h64_L[16]_strict_seed43_ablation_mne_l2_l16_fc3_h64_rc5em02.pth,noise3_exp/ablation_mne_l2_vs_weight_decay_l16_fc3_h4_h8_h16_h32_h64_h128/strict_seed_train_rate_uniform_L16_T16/fc3_h64/mne_l2/seed_43/noise_sweep_matrix_mnist_fc3_h64_T16_mode_rate_uniform_schedule_normal_seed_43.csv
fc3_h64,64,mne_l2,43,16,16,rate_uniform,0.65,95.2,mnist-checkpoints/fc3_h64_L[16]_strict_seed43_ablation_mne_l2_l16_fc3_h64_rc5em02.pth,noise3_exp/ablation_mne_l2_vs_weight_decay_l16_fc3_h4_h8_h16_h32_h64_h128/strict_seed_train_rate_uniform_L16_T16/fc3_h64/mne_l2/seed_43/noise_sweep_matrix_mnist_fc3_h64_T16_mode_rate_uniform_schedule_normal_seed_43.csv
fc3_h64,64,mne_l2,43,16,16,rate_uniform,0.7,94.39,mnist-checkpoints/fc3_h64_L[16]_strict_seed43_ablation_mne_l2_l16_fc3_h64_rc5em02.pth,noise3_exp/ablation_mne_l2_vs_weight_decay_l16_fc3_h4_h8_h16_h32_h64_h128/strict_seed_train_rate_uniform_L16_T16/fc3_h64/mne_l2/seed_43/noise_sweep_matrix_mnist_fc3_h64_T16_mode_rate_uniform_schedule_normal_seed_43.csv
fc3_h64,64,mne_l2,43,16,16,rate_uniform,0.75,93.45,mnist-checkpoints/fc3_h64_L[16]_strict_seed43_ablation_mne_l2_l16_fc3_h64_rc5em02.pth,noise3_exp/ablation_mne_l2_vs_weight_decay_l16_fc3_h4_h8_h16_h32_h64_h128/strict_seed_train_rate_uniform_L16_T16/fc3_h64/mne_l2/seed_43/noise_sweep_matrix_mnist_fc3_h64_T16_mode_rate_uniform_schedule_normal_seed_43.csv
fc3_h64,64,mne_l2,43,16,16,rate_uniform,0.8,92.46,mnist-checkpoints/fc3_h64_L[16]_strict_seed43_ablation_mne_l2_l16_fc3_h64_rc5em02.pth,noise3_exp/ablation_mne_l2_vs_weight_decay_l16_fc3_h4_h8_h16_h32_h64_h128/strict_seed_train_rate_uniform_L16_T16/fc3_h64/mne_l2/seed_43/noise_sweep_matrix_mnist_fc3_h64_T16_mode_rate_uniform_schedule_normal_seed_43.csv
fc3_h64,64,mne_l2,43,16,16,rate_uniform,0.85,91.15,mnist-checkpoints/fc3_h64_L[16]_strict_seed43_ablation_mne_l2_l16_fc3_h64_rc5em02.pth,noise3_exp/ablation_mne_l2_vs_weight_decay_l16_fc3_h4_h8_h16_h32_h64_h128/strict_seed_train_rate_uniform_L16_T16/fc3_h64/mne_l2/seed_43/noise_sweep_matrix_mnist_fc3_h64_T16_mode_rate_uniform_schedule_normal_seed_43.csv
fc3_h64,64,mne_l2,43,16,16,rate_uniform,0.9,89.16,mnist-checkpoints/fc3_h64_L[16]_strict_seed43_ablation_mne_l2_l16_fc3_h64_rc5em02.pth,noise3_exp/ablation_mne_l2_vs_weight_decay_l16_fc3_h4_h8_h16_h32_h64_h128/strict_seed_train_rate_uniform_L16_T16/fc3_h64/mne_l2/seed_43/noise_sweep_matrix_mnist_fc3_h64_T16_mode_rate_uniform_schedule_normal_seed_43.csv
fc3_h64,64,mne_l2,43,16,16,rate_uniform,0.95,87.19,mnist-checkpoints/fc3_h64_L[16]_strict_seed43_ablation_mne_l2_l16_fc3_h64_rc5em02.pth,noise3_exp/ablation_mne_l2_vs_weight_decay_l16_fc3_h4_h8_h16_h32_h64_h128/strict_seed_train_rate_uniform_L16_T16/fc3_h64/mne_l2/seed_43/noise_sweep_matrix_mnist_fc3_h64_T16_mode_rate_uniform_schedule_normal_seed_43.csv
fc3_h64,64,mne_l2,43,16,16,rate_uniform,1.0,85.02,mnist-checkpoints/fc3_h64_L[16]_strict_seed43_ablation_mne_l2_l16_fc3_h64_rc5em02.pth,noise3_exp/ablation_mne_l2_vs_weight_decay_l16_fc3_h4_h8_h16_h32_h64_h128/strict_seed_train_rate_uniform_L16_T16/fc3_h64/mne_l2/seed_43/noise_sweep_matrix_mnist_fc3_h64_T16_mode_rate_uniform_schedule_normal_seed_43.csv
fc3_h64,64,mne_l2,44,16,16,rate_uniform,0.0,97.29,mnist-checkpoints/fc3_h64_L[16]_strict_seed44_ablation_mne_l2_l16_fc3_h64_rc5em02.pth,noise3_exp/ablation_mne_l2_vs_weight_decay_l16_fc3_h4_h8_h16_h32_h64_h128/strict_seed_train_rate_uniform_L16_T16/fc3_h64/mne_l2/seed_44/noise_sweep_matrix_mnist_fc3_h64_T16_mode_rate_uniform_schedule_normal_seed_44.csv
fc3_h64,64,mne_l2,44,16,16,rate_uniform,0.05,97.32,mnist-checkpoints/fc3_h64_L[16]_strict_seed44_ablation_mne_l2_l16_fc3_h64_rc5em02.pth,noise3_exp/ablation_mne_l2_vs_weight_decay_l16_fc3_h4_h8_h16_h32_h64_h128/strict_seed_train_rate_uniform_L16_T16/fc3_h64/mne_l2/seed_44/noise_sweep_matrix_mnist_fc3_h64_T16_mode_rate_uniform_schedule_normal_seed_44.csv
fc3_h64,64,mne_l2,44,16,16,rate_uniform,0.1,97.35,mnist-checkpoints/fc3_h64_L[16]_strict_seed44_ablation_mne_l2_l16_fc3_h64_rc5em02.pth,noise3_exp/ablation_mne_l2_vs_weight_decay_l16_fc3_h4_h8_h16_h32_h64_h128/strict_seed_train_rate_uniform_L16_T16/fc3_h64/mne_l2/seed_44/noise_sweep_matrix_mnist_fc3_h64_T16_mode_rate_uniform_schedule_normal_seed_44.csv
fc3_h64,64,mne_l2,44,16,16,rate_uniform,0.15,97.32,mnist-checkpoints/fc3_h64_L[16]_strict_seed44_ablation_mne_l2_l16_fc3_h64_rc5em02.pth,noise3_exp/ablation_mne_l2_vs_weight_decay_l16_fc3_h4_h8_h16_h32_h64_h128/strict_seed_train_rate_uniform_L16_T16/fc3_h64/mne_l2/seed_44/noise_sweep_matrix_mnist_fc3_h64_T16_mode_rate_uniform_schedule_normal_seed_44.csv
fc3_h64,64,mne_l2,44,16,16,rate_uniform,0.2,97.14,mnist-checkpoints/fc3_h64_L[16]_strict_seed44_ablation_mne_l2_l16_fc3_h64_rc5em02.pth,noise3_exp/ablation_mne_l2_vs_weight_decay_l16_fc3_h4_h8_h16_h32_h64_h128/strict_seed_train_rate_uniform_L16_T16/fc3_h64/mne_l2/seed_44/noise_sweep_matrix_mnist_fc3_h64_T16_mode_rate_uniform_schedule_normal_seed_44.csv
fc3_h64,64,mne_l2,44,16,16,rate_uniform,0.25,97.02,mnist-checkpoints/fc3_h64_L[16]_strict_seed44_ablation_mne_l2_l16_fc3_h64_rc5em02.pth,noise3_exp/ablation_mne_l2_vs_weight_decay_l16_fc3_h4_h8_h16_h32_h64_h128/strict_seed_train_rate_uniform_L16_T16/fc3_h64/mne_l2/seed_44/noise_sweep_matrix_mnist_fc3_h64_T16_mode_rate_uniform_schedule_normal_seed_44.csv
fc3_h64,64,mne_l2,44,16,16,rate_uniform,0.3,97.14,mnist-checkpoints/fc3_h64_L[16]_strict_seed44_ablation_mne_l2_l16_fc3_h64_rc5em02.pth,noise3_exp/ablation_mne_l2_vs_weight_decay_l16_fc3_h4_h8_h16_h32_h64_h128/strict_seed_train_rate_uniform_L16_T16/fc3_h64/mne_l2/seed_44/noise_sweep_matrix_mnist_fc3_h64_T16_mode_rate_uniform_schedule_normal_seed_44.csv
fc3_h64,64,mne_l2,44,16,16,rate_uniform,0.35,97.0,mnist-checkpoints/fc3_h64_L[16]_strict_seed44_ablation_mne_l2_l16_fc3_h64_rc5em02.pth,noise3_exp/ablation_mne_l2_vs_weight_decay_l16_fc3_h4_h8_h16_h32_h64_h128/strict_seed_train_rate_uniform_L16_T16/fc3_h64/mne_l2/seed_44/noise_sweep_matrix_mnist_fc3_h64_T16_mode_rate_uniform_schedule_normal_seed_44.csv
fc3_h64,64,mne_l2,44,16,16,rate_uniform,0.4,96.92,mnist-checkpoints/fc3_h64_L[16]_strict_seed44_ablation_mne_l2_l16_fc3_h64_rc5em02.pth,noise3_exp/ablation_mne_l2_vs_weight_decay_l16_fc3_h4_h8_h16_h32_h64_h128/strict_seed_train_rate_uniform_L16_T16/fc3_h64/mne_l2/seed_44/noise_sweep_matrix_mnist_fc3_h64_T16_mode_rate_uniform_schedule_normal_seed_44.csv
fc3_h64,64,mne_l2,44,16,16,rate_uniform,0.45,96.71,mnist-checkpoints/fc3_h64_L[16]_strict_seed44_ablation_mne_l2_l16_fc3_h64_rc5em02.pth,noise3_exp/ablation_mne_l2_vs_weight_decay_l16_fc3_h4_h8_h16_h32_h64_h128/strict_seed_train_rate_uniform_L16_T16/fc3_h64/mne_l2/seed_44/noise_sweep_matrix_mnist_fc3_h64_T16_mode_rate_uniform_schedule_normal_seed_44.csv
fc3_h64,64,mne_l2,44,16,16,rate_uniform,0.5,96.59,mnist-checkpoints/fc3_h64_L[16]_strict_seed44_ablation_mne_l2_l16_fc3_h64_rc5em02.pth,noise3_exp/ablation_mne_l2_vs_weight_decay_l16_fc3_h4_h8_h16_h32_h64_h128/strict_seed_train_rate_uniform_L16_T16/fc3_h64/mne_l2/seed_44/noise_sweep_matrix_mnist_fc3_h64_T16_mode_rate_uniform_schedule_normal_seed_44.csv
fc3_h64,64,mne_l2,44,16,16,rate_uniform,0.55,96.41,mnist-checkpoints/fc3_h64_L[16]_strict_seed44_ablation_mne_l2_l16_fc3_h64_rc5em02.pth,noise3_exp/ablation_mne_l2_vs_weight_decay_l16_fc3_h4_h8_h16_h32_h64_h128/strict_seed_train_rate_uniform_L16_T16/fc3_h64/mne_l2/seed_44/noise_sweep_matrix_mnist_fc3_h64_T16_mode_rate_uniform_schedule_normal_seed_44.csv
fc3_h64,64,mne_l2,44,16,16,rate_uniform,0.6,96.15,mnist-checkpoints/fc3_h64_L[16]_strict_seed44_ablation_mne_l2_l16_fc3_h64_rc5em02.pth,noise3_exp/ablation_mne_l2_vs_weight_decay_l16_fc3_h4_h8_h16_h32_h64_h128/strict_seed_train_rate_uniform_L16_T16/fc3_h64/mne_l2/seed_44/noise_sweep_matrix_mnist_fc3_h64_T16_mode_rate_uniform_schedule_normal_seed_44.csv
fc3_h64,64,mne_l2,44,16,16,rate_uniform,0.65,95.76,mnist-checkpoints/fc3_h64_L[16]_strict_seed44_ablation_mne_l2_l16_fc3_h64_rc5em02.pth,noise3_exp/ablation_mne_l2_vs_weight_decay_l16_fc3_h4_h8_h16_h32_h64_h128/strict_seed_train_rate_uniform_L16_T16/fc3_h64/mne_l2/seed_44/noise_sweep_matrix_mnist_fc3_h64_T16_mode_rate_uniform_schedule_normal_seed_44.csv
fc3_h64,64,mne_l2,44,16,16,rate_uniform,0.7,95.13,mnist-checkpoints/fc3_h64_L[16]_strict_seed44_ablation_mne_l2_l16_fc3_h64_rc5em02.pth,noise3_exp/ablation_mne_l2_vs_weight_decay_l16_fc3_h4_h8_h16_h32_h64_h128/strict_seed_train_rate_uniform_L16_T16/fc3_h64/mne_l2/seed_44/noise_sweep_matrix_mnist_fc3_h64_T16_mode_rate_uniform_schedule_normal_seed_44.csv
fc3_h64,64,mne_l2,44,16,16,rate_uniform,0.75,94.63,mnist-checkpoints/fc3_h64_L[16]_strict_seed44_ablation_mne_l2_l16_fc3_h64_rc5em02.pth,noise3_exp/ablation_mne_l2_vs_weight_decay_l16_fc3_h4_h8_h16_h32_h64_h128/strict_seed_train_rate_uniform_L16_T16/fc3_h64/mne_l2/seed_44/noise_sweep_matrix_mnist_fc3_h64_T16_mode_rate_uniform_schedule_normal_seed_44.csv
fc3_h64,64,mne_l2,44,16,16,rate_uniform,0.8,92.98,mnist-checkpoints/fc3_h64_L[16]_strict_seed44_ablation_mne_l2_l16_fc3_h64_rc5em02.pth,noise3_exp/ablation_mne_l2_vs_weight_decay_l16_fc3_h4_h8_h16_h32_h64_h128/strict_seed_train_rate_uniform_L16_T16/fc3_h64/mne_l2/seed_44/noise_sweep_matrix_mnist_fc3_h64_T16_mode_rate_uniform_schedule_normal_seed_44.csv
fc3_h64,64,mne_l2,44,16,16,rate_uniform,0.85,92.19,mnist-checkpoints/fc3_h64_L[16]_strict_seed44_ablation_mne_l2_l16_fc3_h64_rc5em02.pth,noise3_exp/ablation_mne_l2_vs_weight_decay_l16_fc3_h4_h8_h16_h32_h64_h128/strict_seed_train_rate_uniform_L16_T16/fc3_h64/mne_l2/seed_44/noise_sweep_matrix_mnist_fc3_h64_T16_mode_rate_uniform_schedule_normal_seed_44.csv
fc3_h64,64,mne_l2,44,16,16,rate_uniform,0.9,90.84,mnist-checkpoints/fc3_h64_L[16]_strict_seed44_ablation_mne_l2_l16_fc3_h64_rc5em02.pth,noise3_exp/ablation_mne_l2_vs_weight_decay_l16_fc3_h4_h8_h16_h32_h64_h128/strict_seed_train_rate_uniform_L16_T16/fc3_h64/mne_l2/seed_44/noise_sweep_matrix_mnist_fc3_h64_T16_mode_rate_uniform_schedule_normal_seed_44.csv
fc3_h64,64,mne_l2,44,16,16,rate_uniform,0.95,88.48,mnist-checkpoints/fc3_h64_L[16]_strict_seed44_ablation_mne_l2_l16_fc3_h64_rc5em02.pth,noise3_exp/ablation_mne_l2_vs_weight_decay_l16_fc3_h4_h8_h16_h32_h64_h128/strict_seed_train_rate_uniform_L16_T16/fc3_h64/mne_l2/seed_44/noise_sweep_matrix_mnist_fc3_h64_T16_mode_rate_uniform_schedule_normal_seed_44.csv
fc3_h64,64,mne_l2,44,16,16,rate_uniform,1.0,87.02,mnist-checkpoints/fc3_h64_L[16]_strict_seed44_ablation_mne_l2_l16_fc3_h64_rc5em02.pth,noise3_exp/ablation_mne_l2_vs_weight_decay_l16_fc3_h4_h8_h16_h32_h64_h128/strict_seed_train_rate_uniform_L16_T16/fc3_h64/mne_l2/seed_44/noise_sweep_matrix_mnist_fc3_h64_T16_mode_rate_uniform_schedule_normal_seed_44.csv
fc3_h64,64,weight_decay,40,16,16,rate_uniform,0.0,97.53,mnist-checkpoints/fc3_h64_L[16]_strict_seed40_ablation_wd_l16_fc3_h64.pth,noise3_exp/ablation_mne_l2_vs_weight_decay_l16_fc3_h4_h8_h16_h32_h64_h128/strict_seed_train_rate_uniform_L16_T16/fc3_h64/weight_decay/seed_40/noise_sweep_matrix_mnist_fc3_h64_T16_mode_rate_uniform_schedule_normal_seed_40.csv
fc3_h64,64,weight_decay,40,16,16,rate_uniform,0.05,97.44,mnist-checkpoints/fc3_h64_L[16]_strict_seed40_ablation_wd_l16_fc3_h64.pth,noise3_exp/ablation_mne_l2_vs_weight_decay_l16_fc3_h4_h8_h16_h32_h64_h128/strict_seed_train_rate_uniform_L16_T16/fc3_h64/weight_decay/seed_40/noise_sweep_matrix_mnist_fc3_h64_T16_mode_rate_uniform_schedule_normal_seed_40.csv
fc3_h64,64,weight_decay,40,16,16,rate_uniform,0.1,97.49,mnist-checkpoints/fc3_h64_L[16]_strict_seed40_ablation_wd_l16_fc3_h64.pth,noise3_exp/ablation_mne_l2_vs_weight_decay_l16_fc3_h4_h8_h16_h32_h64_h128/strict_seed_train_rate_uniform_L16_T16/fc3_h64/weight_decay/seed_40/noise_sweep_matrix_mnist_fc3_h64_T16_mode_rate_uniform_schedule_normal_seed_40.csv
fc3_h64,64,weight_decay,40,16,16,rate_uniform,0.15,97.44,mnist-checkpoints/fc3_h64_L[16]_strict_seed40_ablation_wd_l16_fc3_h64.pth,noise3_exp/ablation_mne_l2_vs_weight_decay_l16_fc3_h4_h8_h16_h32_h64_h128/strict_seed_train_rate_uniform_L16_T16/fc3_h64/weight_decay/seed_40/noise_sweep_matrix_mnist_fc3_h64_T16_mode_rate_uniform_schedule_normal_seed_40.csv
fc3_h64,64,weight_decay,40,16,16,rate_uniform,0.2,97.46,mnist-checkpoints/fc3_h64_L[16]_strict_seed40_ablation_wd_l16_fc3_h64.pth,noise3_exp/ablation_mne_l2_vs_weight_decay_l16_fc3_h4_h8_h16_h32_h64_h128/strict_seed_train_rate_uniform_L16_T16/fc3_h64/weight_decay/seed_40/noise_sweep_matrix_mnist_fc3_h64_T16_mode_rate_uniform_schedule_normal_seed_40.csv
fc3_h64,64,weight_decay,40,16,16,rate_uniform,0.25,97.55,mnist-checkpoints/fc3_h64_L[16]_strict_seed40_ablation_wd_l16_fc3_h64.pth,noise3_exp/ablation_mne_l2_vs_weight_decay_l16_fc3_h4_h8_h16_h32_h64_h128/strict_seed_train_rate_uniform_L16_T16/fc3_h64/weight_decay/seed_40/noise_sweep_matrix_mnist_fc3_h64_T16_mode_rate_uniform_schedule_normal_seed_40.csv
fc3_h64,64,weight_decay,40,16,16,rate_uniform,0.3,97.33,mnist-checkpoints/fc3_h64_L[16]_strict_seed40_ablation_wd_l16_fc3_h64.pth,noise3_exp/ablation_mne_l2_vs_weight_decay_l16_fc3_h4_h8_h16_h32_h64_h128/strict_seed_train_rate_uniform_L16_T16/fc3_h64/weight_decay/seed_40/noise_sweep_matrix_mnist_fc3_h64_T16_mode_rate_uniform_schedule_normal_seed_40.csv
fc3_h64,64,weight_decay,40,16,16,rate_uniform,0.35,97.32,mnist-checkpoints/fc3_h64_L[16]_strict_seed40_ablation_wd_l16_fc3_h64.pth,noise3_exp/ablation_mne_l2_vs_weight_decay_l16_fc3_h4_h8_h16_h32_h64_h128/strict_seed_train_rate_uniform_L16_T16/fc3_h64/weight_decay/seed_40/noise_sweep_matrix_mnist_fc3_h64_T16_mode_rate_uniform_schedule_normal_seed_40.csv
fc3_h64,64,weight_decay,40,16,16,rate_uniform,0.4,97.18,mnist-checkpoints/fc3_h64_L[16]_strict_seed40_ablation_wd_l16_fc3_h64.pth,noise3_exp/ablation_mne_l2_vs_weight_decay_l16_fc3_h4_h8_h16_h32_h64_h128/strict_seed_train_rate_uniform_L16_T16/fc3_h64/weight_decay/seed_40/noise_sweep_matrix_mnist_fc3_h64_T16_mode_rate_uniform_schedule_normal_seed_40.csv
fc3_h64,64,weight_decay,40,16,16,rate_uniform,0.45,97.07,mnist-checkpoints/fc3_h64_L[16]_strict_seed40_ablation_wd_l16_fc3_h64.pth,noise3_exp/ablation_mne_l2_vs_weight_decay_l16_fc3_h4_h8_h16_h32_h64_h128/strict_seed_train_rate_uniform_L16_T16/fc3_h64/weight_decay/seed_40/noise_sweep_matrix_mnist_fc3_h64_T16_mode_rate_uniform_schedule_normal_seed_40.csv
fc3_h64,64,weight_decay,40,16,16,rate_uniform,0.5,96.92,mnist-checkpoints/fc3_h64_L[16]_strict_seed40_ablation_wd_l16_fc3_h64.pth,noise3_exp/ablation_mne_l2_vs_weight_decay_l16_fc3_h4_h8_h16_h32_h64_h128/strict_seed_train_rate_uniform_L16_T16/fc3_h64/weight_decay/seed_40/noise_sweep_matrix_mnist_fc3_h64_T16_mode_rate_uniform_schedule_normal_seed_40.csv
fc3_h64,64,weight_decay,40,16,16,rate_uniform,0.55,96.88,mnist-checkpoints/fc3_h64_L[16]_strict_seed40_ablation_wd_l16_fc3_h64.pth,noise3_exp/ablation_mne_l2_vs_weight_decay_l16_fc3_h4_h8_h16_h32_h64_h128/strict_seed_train_rate_uniform_L16_T16/fc3_h64/weight_decay/seed_40/noise_sweep_matrix_mnist_fc3_h64_T16_mode_rate_uniform_schedule_normal_seed_40.csv
fc3_h64,64,weight_decay,40,16,16,rate_uniform,0.6,96.59,mnist-checkpoints/fc3_h64_L[16]_strict_seed40_ablation_wd_l16_fc3_h64.pth,noise3_exp/ablation_mne_l2_vs_weight_decay_l16_fc3_h4_h8_h16_h32_h64_h128/strict_seed_train_rate_uniform_L16_T16/fc3_h64/weight_decay/seed_40/noise_sweep_matrix_mnist_fc3_h64_T16_mode_rate_uniform_schedule_normal_seed_40.csv
fc3_h64,64,weight_decay,40,16,16,rate_uniform,0.65,96.43,mnist-checkpoints/fc3_h64_L[16]_strict_seed40_ablation_wd_l16_fc3_h64.pth,noise3_exp/ablation_mne_l2_vs_weight_decay_l16_fc3_h4_h8_h16_h32_h64_h128/strict_seed_train_rate_uniform_L16_T16/fc3_h64/weight_decay/seed_40/noise_sweep_matrix_mnist_fc3_h64_T16_mode_rate_uniform_schedule_normal_seed_40.csv
fc3_h64,64,weight_decay,40,16,16,rate_uniform,0.7,95.48,mnist-checkpoints/fc3_h64_L[16]_strict_seed40_ablation_wd_l16_fc3_h64.pth,noise3_exp/ablation_mne_l2_vs_weight_decay_l16_fc3_h4_h8_h16_h32_h64_h128/strict_seed_train_rate_uniform_L16_T16/fc3_h64/weight_decay/seed_40/noise_sweep_matrix_mnist_fc3_h64_T16_mode_rate_uniform_schedule_normal_seed_40.csv
fc3_h64,64,weight_decay,40,16,16,rate_uniform,0.75,95.05,mnist-checkpoints/fc3_h64_L[16]_strict_seed40_ablation_wd_l16_fc3_h64.pth,noise3_exp/ablation_mne_l2_vs_weight_decay_l16_fc3_h4_h8_h16_h32_h64_h128/strict_seed_train_rate_uniform_L16_T16/fc3_h64/weight_decay/seed_40/noise_sweep_matrix_mnist_fc3_h64_T16_mode_rate_uniform_schedule_normal_seed_40.csv
fc3_h64,64,weight_decay,40,16,16,rate_uniform,0.8,93.93,mnist-checkpoints/fc3_h64_L[16]_strict_seed40_ablation_wd_l16_fc3_h64.pth,noise3_exp/ablation_mne_l2_vs_weight_decay_l16_fc3_h4_h8_h16_h32_h64_h128/strict_seed_train_rate_uniform_L16_T16/fc3_h64/weight_decay/seed_40/noise_sweep_matrix_mnist_fc3_h64_T16_mode_rate_uniform_schedule_normal_seed_40.csv
fc3_h64,64,weight_decay,40,16,16,rate_uniform,0.85,92.87,mnist-checkpoints/fc3_h64_L[16]_strict_seed40_ablation_wd_l16_fc3_h64.pth,noise3_exp/ablation_mne_l2_vs_weight_decay_l16_fc3_h4_h8_h16_h32_h64_h128/strict_seed_train_rate_uniform_L16_T16/fc3_h64/weight_decay/seed_40/noise_sweep_matrix_mnist_fc3_h64_T16_mode_rate_uniform_schedule_normal_seed_40.csv
fc3_h64,64,weight_decay,40,16,16,rate_uniform,0.9,91.26,mnist-checkpoints/fc3_h64_L[16]_strict_seed40_ablation_wd_l16_fc3_h64.pth,noise3_exp/ablation_mne_l2_vs_weight_decay_l16_fc3_h4_h8_h16_h32_h64_h128/strict_seed_train_rate_uniform_L16_T16/fc3_h64/weight_decay/seed_40/noise_sweep_matrix_mnist_fc3_h64_T16_mode_rate_uniform_schedule_normal_seed_40.csv
fc3_h64,64,weight_decay,40,16,16,rate_uniform,0.95,89.13,mnist-checkpoints/fc3_h64_L[16]_strict_seed40_ablation_wd_l16_fc3_h64.pth,noise3_exp/ablation_mne_l2_vs_weight_decay_l16_fc3_h4_h8_h16_h32_h64_h128/strict_seed_train_rate_uniform_L16_T16/fc3_h64/weight_decay/seed_40/noise_sweep_matrix_mnist_fc3_h64_T16_mode_rate_uniform_schedule_normal_seed_40.csv
fc3_h64,64,weight_decay,40,16,16,rate_uniform,1.0,86.94,mnist-checkpoints/fc3_h64_L[16]_strict_seed40_ablation_wd_l16_fc3_h64.pth,noise3_exp/ablation_mne_l2_vs_weight_decay_l16_fc3_h4_h8_h16_h32_h64_h128/strict_seed_train_rate_uniform_L16_T16/fc3_h64/weight_decay/seed_40/noise_sweep_matrix_mnist_fc3_h64_T16_mode_rate_uniform_schedule_normal_seed_40.csv
fc3_h64,64,weight_decay,41,16,16,rate_uniform,0.0,97.78,mnist-checkpoints/fc3_h64_L[16]_strict_seed41_ablation_wd_l16_fc3_h64.pth,noise3_exp/ablation_mne_l2_vs_weight_decay_l16_fc3_h4_h8_h16_h32_h64_h128/strict_seed_train_rate_uniform_L16_T16/fc3_h64/weight_decay/seed_41/noise_sweep_matrix_mnist_fc3_h64_T16_mode_rate_uniform_schedule_normal_seed_41.csv
fc3_h64,64,weight_decay,41,16,16,rate_uniform,0.05,97.85,mnist-checkpoints/fc3_h64_L[16]_strict_seed41_ablation_wd_l16_fc3_h64.pth,noise3_exp/ablation_mne_l2_vs_weight_decay_l16_fc3_h4_h8_h16_h32_h64_h128/strict_seed_train_rate_uniform_L16_T16/fc3_h64/weight_decay/seed_41/noise_sweep_matrix_mnist_fc3_h64_T16_mode_rate_uniform_schedule_normal_seed_41.csv
fc3_h64,64,weight_decay,41,16,16,rate_uniform,0.1,97.79,mnist-checkpoints/fc3_h64_L[16]_strict_seed41_ablation_wd_l16_fc3_h64.pth,noise3_exp/ablation_mne_l2_vs_weight_decay_l16_fc3_h4_h8_h16_h32_h64_h128/strict_seed_train_rate_uniform_L16_T16/fc3_h64/weight_decay/seed_41/noise_sweep_matrix_mnist_fc3_h64_T16_mode_rate_uniform_schedule_normal_seed_41.csv
fc3_h64,64,weight_decay,41,16,16,rate_uniform,0.15,97.81,mnist-checkpoints/fc3_h64_L[16]_strict_seed41_ablation_wd_l16_fc3_h64.pth,noise3_exp/ablation_mne_l2_vs_weight_decay_l16_fc3_h4_h8_h16_h32_h64_h128/strict_seed_train_rate_uniform_L16_T16/fc3_h64/weight_decay/seed_41/noise_sweep_matrix_mnist_fc3_h64_T16_mode_rate_uniform_schedule_normal_seed_41.csv
fc3_h64,64,weight_decay,41,16,16,rate_uniform,0.2,97.78,mnist-checkpoints/fc3_h64_L[16]_strict_seed41_ablation_wd_l16_fc3_h64.pth,noise3_exp/ablation_mne_l2_vs_weight_decay_l16_fc3_h4_h8_h16_h32_h64_h128/strict_seed_train_rate_uniform_L16_T16/fc3_h64/weight_decay/seed_41/noise_sweep_matrix_mnist_fc3_h64_T16_mode_rate_uniform_schedule_normal_seed_41.csv
fc3_h64,64,weight_decay,41,16,16,rate_uniform,0.25,97.63,mnist-checkpoints/fc3_h64_L[16]_strict_seed41_ablation_wd_l16_fc3_h64.pth,noise3_exp/ablation_mne_l2_vs_weight_decay_l16_fc3_h4_h8_h16_h32_h64_h128/strict_seed_train_rate_uniform_L16_T16/fc3_h64/weight_decay/seed_41/noise_sweep_matrix_mnist_fc3_h64_T16_mode_rate_uniform_schedule_normal_seed_41.csv
fc3_h64,64,weight_decay,41,16,16,rate_uniform,0.3,97.68,mnist-checkpoints/fc3_h64_L[16]_strict_seed41_ablation_wd_l16_fc3_h64.pth,noise3_exp/ablation_mne_l2_vs_weight_decay_l16_fc3_h4_h8_h16_h32_h64_h128/strict_seed_train_rate_uniform_L16_T16/fc3_h64/weight_decay/seed_41/noise_sweep_matrix_mnist_fc3_h64_T16_mode_rate_uniform_schedule_normal_seed_41.csv
fc3_h64,64,weight_decay,41,16,16,rate_uniform,0.35,97.65,mnist-checkpoints/fc3_h64_L[16]_strict_seed41_ablation_wd_l16_fc3_h64.pth,noise3_exp/ablation_mne_l2_vs_weight_decay_l16_fc3_h4_h8_h16_h32_h64_h128/strict_seed_train_rate_uniform_L16_T16/fc3_h64/weight_decay/seed_41/noise_sweep_matrix_mnist_fc3_h64_T16_mode_rate_uniform_schedule_normal_seed_41.csv
fc3_h64,64,weight_decay,41,16,16,rate_uniform,0.4,97.64,mnist-checkpoints/fc3_h64_L[16]_strict_seed41_ablation_wd_l16_fc3_h64.pth,noise3_exp/ablation_mne_l2_vs_weight_decay_l16_fc3_h4_h8_h16_h32_h64_h128/strict_seed_train_rate_uniform_L16_T16/fc3_h64/weight_decay/seed_41/noise_sweep_matrix_mnist_fc3_h64_T16_mode_rate_uniform_schedule_normal_seed_41.csv
fc3_h64,64,weight_decay,41,16,16,rate_uniform,0.45,97.48,mnist-checkpoints/fc3_h64_L[16]_strict_seed41_ablation_wd_l16_fc3_h64.pth,noise3_exp/ablation_mne_l2_vs_weight_decay_l16_fc3_h4_h8_h16_h32_h64_h128/strict_seed_train_rate_uniform_L16_T16/fc3_h64/weight_decay/seed_41/noise_sweep_matrix_mnist_fc3_h64_T16_mode_rate_uniform_schedule_normal_seed_41.csv
fc3_h64,64,weight_decay,41,16,16,rate_uniform,0.5,97.32,mnist-checkpoints/fc3_h64_L[16]_strict_seed41_ablation_wd_l16_fc3_h64.pth,noise3_exp/ablation_mne_l2_vs_weight_decay_l16_fc3_h4_h8_h16_h32_h64_h128/strict_seed_train_rate_uniform_L16_T16/fc3_h64/weight_decay/seed_41/noise_sweep_matrix_mnist_fc3_h64_T16_mode_rate_uniform_schedule_normal_seed_41.csv
fc3_h64,64,weight_decay,41,16,16,rate_uniform,0.55,97.06,mnist-checkpoints/fc3_h64_L[16]_strict_seed41_ablation_wd_l16_fc3_h64.pth,noise3_exp/ablation_mne_l2_vs_weight_decay_l16_fc3_h4_h8_h16_h32_h64_h128/strict_seed_train_rate_uniform_L16_T16/fc3_h64/weight_decay/seed_41/noise_sweep_matrix_mnist_fc3_h64_T16_mode_rate_uniform_schedule_normal_seed_41.csv
fc3_h64,64,weight_decay,41,16,16,rate_uniform,0.6,96.58,mnist-checkpoints/fc3_h64_L[16]_strict_seed41_ablation_wd_l16_fc3_h64.pth,noise3_exp/ablation_mne_l2_vs_weight_decay_l16_fc3_h4_h8_h16_h32_h64_h128/strict_seed_train_rate_uniform_L16_T16/fc3_h64/weight_decay/seed_41/noise_sweep_matrix_mnist_fc3_h64_T16_mode_rate_uniform_schedule_normal_seed_41.csv
fc3_h64,64,weight_decay,41,16,16,rate_uniform,0.65,96.33,mnist-checkpoints/fc3_h64_L[16]_strict_seed41_ablation_wd_l16_fc3_h64.pth,noise3_exp/ablation_mne_l2_vs_weight_decay_l16_fc3_h4_h8_h16_h32_h64_h128/strict_seed_train_rate_uniform_L16_T16/fc3_h64/weight_decay/seed_41/noise_sweep_matrix_mnist_fc3_h64_T16_mode_rate_uniform_schedule_normal_seed_41.csv
fc3_h64,64,weight_decay,41,16,16,rate_uniform,0.7,95.68,mnist-checkpoints/fc3_h64_L[16]_strict_seed41_ablation_wd_l16_fc3_h64.pth,noise3_exp/ablation_mne_l2_vs_weight_decay_l16_fc3_h4_h8_h16_h32_h64_h128/strict_seed_train_rate_uniform_L16_T16/fc3_h64/weight_decay/seed_41/noise_sweep_matrix_mnist_fc3_h64_T16_mode_rate_uniform_schedule_normal_seed_41.csv
fc3_h64,64,weight_decay,41,16,16,rate_uniform,0.75,94.52,mnist-checkpoints/fc3_h64_L[16]_strict_seed41_ablation_wd_l16_fc3_h64.pth,noise3_exp/ablation_mne_l2_vs_weight_decay_l16_fc3_h4_h8_h16_h32_h64_h128/strict_seed_train_rate_uniform_L16_T16/fc3_h64/weight_decay/seed_41/noise_sweep_matrix_mnist_fc3_h64_T16_mode_rate_uniform_schedule_normal_seed_41.csv
fc3_h64,64,weight_decay,41,16,16,rate_uniform,0.8,93.6,mnist-checkpoints/fc3_h64_L[16]_strict_seed41_ablation_wd_l16_fc3_h64.pth,noise3_exp/ablation_mne_l2_vs_weight_decay_l16_fc3_h4_h8_h16_h32_h64_h128/strict_seed_train_rate_uniform_L16_T16/fc3_h64/weight_decay/seed_41/noise_sweep_matrix_mnist_fc3_h64_T16_mode_rate_uniform_schedule_normal_seed_41.csv
fc3_h64,64,weight_decay,41,16,16,rate_uniform,0.85,92.23,mnist-checkpoints/fc3_h64_L[16]_strict_seed41_ablation_wd_l16_fc3_h64.pth,noise3_exp/ablation_mne_l2_vs_weight_decay_l16_fc3_h4_h8_h16_h32_h64_h128/strict_seed_train_rate_uniform_L16_T16/fc3_h64/weight_decay/seed_41/noise_sweep_matrix_mnist_fc3_h64_T16_mode_rate_uniform_schedule_normal_seed_41.csv
fc3_h64,64,weight_decay,41,16,16,rate_uniform,0.9,90.23,mnist-checkpoints/fc3_h64_L[16]_strict_seed41_ablation_wd_l16_fc3_h64.pth,noise3_exp/ablation_mne_l2_vs_weight_decay_l16_fc3_h4_h8_h16_h32_h64_h128/strict_seed_train_rate_uniform_L16_T16/fc3_h64/weight_decay/seed_41/noise_sweep_matrix_mnist_fc3_h64_T16_mode_rate_uniform_schedule_normal_seed_41.csv
fc3_h64,64,weight_decay,41,16,16,rate_uniform,0.95,87.94,mnist-checkpoints/fc3_h64_L[16]_strict_seed41_ablation_wd_l16_fc3_h64.pth,noise3_exp/ablation_mne_l2_vs_weight_decay_l16_fc3_h4_h8_h16_h32_h64_h128/strict_seed_train_rate_uniform_L16_T16/fc3_h64/weight_decay/seed_41/noise_sweep_matrix_mnist_fc3_h64_T16_mode_rate_uniform_schedule_normal_seed_41.csv
fc3_h64,64,weight_decay,41,16,16,rate_uniform,1.0,85.19,mnist-checkpoints/fc3_h64_L[16]_strict_seed41_ablation_wd_l16_fc3_h64.pth,noise3_exp/ablation_mne_l2_vs_weight_decay_l16_fc3_h4_h8_h16_h32_h64_h128/strict_seed_train_rate_uniform_L16_T16/fc3_h64/weight_decay/seed_41/noise_sweep_matrix_mnist_fc3_h64_T16_mode_rate_uniform_schedule_normal_seed_41.csv
fc3_h64,64,weight_decay,42,16,16,rate_uniform,0.0,97.8,mnist-checkpoints/fc3_h64_L[16]_strict_seed42_ablation_wd_l16_fc3_h64.pth,noise3_exp/ablation_mne_l2_vs_weight_decay_l16_fc3_h4_h8_h16_h32_h64_h128/strict_seed_train_rate_uniform_L16_T16/fc3_h64/weight_decay/seed_42/noise_sweep_matrix_mnist_fc3_h64_T16_mode_rate_uniform_schedule_normal_seed_42.csv
fc3_h64,64,weight_decay,42,16,16,rate_uniform,0.05,97.74,mnist-checkpoints/fc3_h64_L[16]_strict_seed42_ablation_wd_l16_fc3_h64.pth,noise3_exp/ablation_mne_l2_vs_weight_decay_l16_fc3_h4_h8_h16_h32_h64_h128/strict_seed_train_rate_uniform_L16_T16/fc3_h64/weight_decay/seed_42/noise_sweep_matrix_mnist_fc3_h64_T16_mode_rate_uniform_schedule_normal_seed_42.csv
fc3_h64,64,weight_decay,42,16,16,rate_uniform,0.1,97.81,mnist-checkpoints/fc3_h64_L[16]_strict_seed42_ablation_wd_l16_fc3_h64.pth,noise3_exp/ablation_mne_l2_vs_weight_decay_l16_fc3_h4_h8_h16_h32_h64_h128/strict_seed_train_rate_uniform_L16_T16/fc3_h64/weight_decay/seed_42/noise_sweep_matrix_mnist_fc3_h64_T16_mode_rate_uniform_schedule_normal_seed_42.csv
fc3_h64,64,weight_decay,42,16,16,rate_uniform,0.15,97.74,mnist-checkpoints/fc3_h64_L[16]_strict_seed42_ablation_wd_l16_fc3_h64.pth,noise3_exp/ablation_mne_l2_vs_weight_decay_l16_fc3_h4_h8_h16_h32_h64_h128/strict_seed_train_rate_uniform_L16_T16/fc3_h64/weight_decay/seed_42/noise_sweep_matrix_mnist_fc3_h64_T16_mode_rate_uniform_schedule_normal_seed_42.csv
fc3_h64,64,weight_decay,42,16,16,rate_uniform,0.2,97.79,mnist-checkpoints/fc3_h64_L[16]_strict_seed42_ablation_wd_l16_fc3_h64.pth,noise3_exp/ablation_mne_l2_vs_weight_decay_l16_fc3_h4_h8_h16_h32_h64_h128/strict_seed_train_rate_uniform_L16_T16/fc3_h64/weight_decay/seed_42/noise_sweep_matrix_mnist_fc3_h64_T16_mode_rate_uniform_schedule_normal_seed_42.csv
fc3_h64,64,weight_decay,42,16,16,rate_uniform,0.25,97.84,mnist-checkpoints/fc3_h64_L[16]_strict_seed42_ablation_wd_l16_fc3_h64.pth,noise3_exp/ablation_mne_l2_vs_weight_decay_l16_fc3_h4_h8_h16_h32_h64_h128/strict_seed_train_rate_uniform_L16_T16/fc3_h64/weight_decay/seed_42/noise_sweep_matrix_mnist_fc3_h64_T16_mode_rate_uniform_schedule_normal_seed_42.csv
fc3_h64,64,weight_decay,42,16,16,rate_uniform,0.3,97.75,mnist-checkpoints/fc3_h64_L[16]_strict_seed42_ablation_wd_l16_fc3_h64.pth,noise3_exp/ablation_mne_l2_vs_weight_decay_l16_fc3_h4_h8_h16_h32_h64_h128/strict_seed_train_rate_uniform_L16_T16/fc3_h64/weight_decay/seed_42/noise_sweep_matrix_mnist_fc3_h64_T16_mode_rate_uniform_schedule_normal_seed_42.csv
fc3_h64,64,weight_decay,42,16,16,rate_uniform,0.35,97.7,mnist-checkpoints/fc3_h64_L[16]_strict_seed42_ablation_wd_l16_fc3_h64.pth,noise3_exp/ablation_mne_l2_vs_weight_decay_l16_fc3_h4_h8_h16_h32_h64_h128/strict_seed_train_rate_uniform_L16_T16/fc3_h64/weight_decay/seed_42/noise_sweep_matrix_mnist_fc3_h64_T16_mode_rate_uniform_schedule_normal_seed_42.csv
fc3_h64,64,weight_decay,42,16,16,rate_uniform,0.4,97.59,mnist-checkpoints/fc3_h64_L[16]_strict_seed42_ablation_wd_l16_fc3_h64.pth,noise3_exp/ablation_mne_l2_vs_weight_decay_l16_fc3_h4_h8_h16_h32_h64_h128/strict_seed_train_rate_uniform_L16_T16/fc3_h64/weight_decay/seed_42/noise_sweep_matrix_mnist_fc3_h64_T16_mode_rate_uniform_schedule_normal_seed_42.csv
fc3_h64,64,weight_decay,42,16,16,rate_uniform,0.45,97.49,mnist-checkpoints/fc3_h64_L[16]_strict_seed42_ablation_wd_l16_fc3_h64.pth,noise3_exp/ablation_mne_l2_vs_weight_decay_l16_fc3_h4_h8_h16_h32_h64_h128/strict_seed_train_rate_uniform_L16_T16/fc3_h64/weight_decay/seed_42/noise_sweep_matrix_mnist_fc3_h64_T16_mode_rate_uniform_schedule_normal_seed_42.csv
fc3_h64,64,weight_decay,42,16,16,rate_uniform,0.5,97.56,mnist-checkpoints/fc3_h64_L[16]_strict_seed42_ablation_wd_l16_fc3_h64.pth,noise3_exp/ablation_mne_l2_vs_weight_decay_l16_fc3_h4_h8_h16_h32_h64_h128/strict_seed_train_rate_uniform_L16_T16/fc3_h64/weight_decay/seed_42/noise_sweep_matrix_mnist_fc3_h64_T16_mode_rate_uniform_schedule_normal_seed_42.csv
fc3_h64,64,weight_decay,42,16,16,rate_uniform,0.55,97.35,mnist-checkpoints/fc3_h64_L[16]_strict_seed42_ablation_wd_l16_fc3_h64.pth,noise3_exp/ablation_mne_l2_vs_weight_decay_l16_fc3_h4_h8_h16_h32_h64_h128/strict_seed_train_rate_uniform_L16_T16/fc3_h64/weight_decay/seed_42/noise_sweep_matrix_mnist_fc3_h64_T16_mode_rate_uniform_schedule_normal_seed_42.csv
fc3_h64,64,weight_decay,42,16,16,rate_uniform,0.6,97.04,mnist-checkpoints/fc3_h64_L[16]_strict_seed42_ablation_wd_l16_fc3_h64.pth,noise3_exp/ablation_mne_l2_vs_weight_decay_l16_fc3_h4_h8_h16_h32_h64_h128/strict_seed_train_rate_uniform_L16_T16/fc3_h64/weight_decay/seed_42/noise_sweep_matrix_mnist_fc3_h64_T16_mode_rate_uniform_schedule_normal_seed_42.csv
fc3_h64,64,weight_decay,42,16,16,rate_uniform,0.65,96.98,mnist-checkpoints/fc3_h64_L[16]_strict_seed42_ablation_wd_l16_fc3_h64.pth,noise3_exp/ablation_mne_l2_vs_weight_decay_l16_fc3_h4_h8_h16_h32_h64_h128/strict_seed_train_rate_uniform_L16_T16/fc3_h64/weight_decay/seed_42/noise_sweep_matrix_mnist_fc3_h64_T16_mode_rate_uniform_schedule_normal_seed_42.csv
fc3_h64,64,weight_decay,42,16,16,rate_uniform,0.7,96.45,mnist-checkpoints/fc3_h64_L[16]_strict_seed42_ablation_wd_l16_fc3_h64.pth,noise3_exp/ablation_mne_l2_vs_weight_decay_l16_fc3_h4_h8_h16_h32_h64_h128/strict_seed_train_rate_uniform_L16_T16/fc3_h64/weight_decay/seed_42/noise_sweep_matrix_mnist_fc3_h64_T16_mode_rate_uniform_schedule_normal_seed_42.csv
fc3_h64,64,weight_decay,42,16,16,rate_uniform,0.75,96.18,mnist-checkpoints/fc3_h64_L[16]_strict_seed42_ablation_wd_l16_fc3_h64.pth,noise3_exp/ablation_mne_l2_vs_weight_decay_l16_fc3_h4_h8_h16_h32_h64_h128/strict_seed_train_rate_uniform_L16_T16/fc3_h64/weight_decay/seed_42/noise_sweep_matrix_mnist_fc3_h64_T16_mode_rate_uniform_schedule_normal_seed_42.csv
fc3_h64,64,weight_decay,42,16,16,rate_uniform,0.8,95.13,mnist-checkpoints/fc3_h64_L[16]_strict_seed42_ablation_wd_l16_fc3_h64.pth,noise3_exp/ablation_mne_l2_vs_weight_decay_l16_fc3_h4_h8_h16_h32_h64_h128/strict_seed_train_rate_uniform_L16_T16/fc3_h64/weight_decay/seed_42/noise_sweep_matrix_mnist_fc3_h64_T16_mode_rate_uniform_schedule_normal_seed_42.csv
fc3_h64,64,weight_decay,42,16,16,rate_uniform,0.85,94.54,mnist-checkpoints/fc3_h64_L[16]_strict_seed42_ablation_wd_l16_fc3_h64.pth,noise3_exp/ablation_mne_l2_vs_weight_decay_l16_fc3_h4_h8_h16_h32_h64_h128/strict_seed_train_rate_uniform_L16_T16/fc3_h64/weight_decay/seed_42/noise_sweep_matrix_mnist_fc3_h64_T16_mode_rate_uniform_schedule_normal_seed_42.csv
fc3_h64,64,weight_decay,42,16,16,rate_uniform,0.9,93.76,mnist-checkpoints/fc3_h64_L[16]_strict_seed42_ablation_wd_l16_fc3_h64.pth,noise3_exp/ablation_mne_l2_vs_weight_decay_l16_fc3_h4_h8_h16_h32_h64_h128/strict_seed_train_rate_uniform_L16_T16/fc3_h64/weight_decay/seed_42/noise_sweep_matrix_mnist_fc3_h64_T16_mode_rate_uniform_schedule_normal_seed_42.csv
fc3_h64,64,weight_decay,42,16,16,rate_uniform,0.95,92.55,mnist-checkpoints/fc3_h64_L[16]_strict_seed42_ablation_wd_l16_fc3_h64.pth,noise3_exp/ablation_mne_l2_vs_weight_decay_l16_fc3_h4_h8_h16_h32_h64_h128/strict_seed_train_rate_uniform_L16_T16/fc3_h64/weight_decay/seed_42/noise_sweep_matrix_mnist_fc3_h64_T16_mode_rate_uniform_schedule_normal_seed_42.csv
fc3_h64,64,weight_decay,42,16,16,rate_uniform,1.0,91.31,mnist-checkpoints/fc3_h64_L[16]_strict_seed42_ablation_wd_l16_fc3_h64.pth,noise3_exp/ablation_mne_l2_vs_weight_decay_l16_fc3_h4_h8_h16_h32_h64_h128/strict_seed_train_rate_uniform_L16_T16/fc3_h64/weight_decay/seed_42/noise_sweep_matrix_mnist_fc3_h64_T16_mode_rate_uniform_schedule_normal_seed_42.csv
fc3_h64,64,weight_decay,43,16,16,rate_uniform,0.0,97.72,mnist-checkpoints/fc3_h64_L[16]_strict_seed43_ablation_wd_l16_fc3_h64.pth,noise3_exp/ablation_mne_l2_vs_weight_decay_l16_fc3_h4_h8_h16_h32_h64_h128/strict_seed_train_rate_uniform_L16_T16/fc3_h64/weight_decay/seed_43/noise_sweep_matrix_mnist_fc3_h64_T16_mode_rate_uniform_schedule_normal_seed_43.csv
fc3_h64,64,weight_decay,43,16,16,rate_uniform,0.05,97.63,mnist-checkpoints/fc3_h64_L[16]_strict_seed43_ablation_wd_l16_fc3_h64.pth,noise3_exp/ablation_mne_l2_vs_weight_decay_l16_fc3_h4_h8_h16_h32_h64_h128/strict_seed_train_rate_uniform_L16_T16/fc3_h64/weight_decay/seed_43/noise_sweep_matrix_mnist_fc3_h64_T16_mode_rate_uniform_schedule_normal_seed_43.csv
fc3_h64,64,weight_decay,43,16,16,rate_uniform,0.1,97.62,mnist-checkpoints/fc3_h64_L[16]_strict_seed43_ablation_wd_l16_fc3_h64.pth,noise3_exp/ablation_mne_l2_vs_weight_decay_l16_fc3_h4_h8_h16_h32_h64_h128/strict_seed_train_rate_uniform_L16_T16/fc3_h64/weight_decay/seed_43/noise_sweep_matrix_mnist_fc3_h64_T16_mode_rate_uniform_schedule_normal_seed_43.csv
fc3_h64,64,weight_decay,43,16,16,rate_uniform,0.15,97.64,mnist-checkpoints/fc3_h64_L[16]_strict_seed43_ablation_wd_l16_fc3_h64.pth,noise3_exp/ablation_mne_l2_vs_weight_decay_l16_fc3_h4_h8_h16_h32_h64_h128/strict_seed_train_rate_uniform_L16_T16/fc3_h64/weight_decay/seed_43/noise_sweep_matrix_mnist_fc3_h64_T16_mode_rate_uniform_schedule_normal_seed_43.csv
fc3_h64,64,weight_decay,43,16,16,rate_uniform,0.2,97.5,mnist-checkpoints/fc3_h64_L[16]_strict_seed43_ablation_wd_l16_fc3_h64.pth,noise3_exp/ablation_mne_l2_vs_weight_decay_l16_fc3_h4_h8_h16_h32_h64_h128/strict_seed_train_rate_uniform_L16_T16/fc3_h64/weight_decay/seed_43/noise_sweep_matrix_mnist_fc3_h64_T16_mode_rate_uniform_schedule_normal_seed_43.csv
fc3_h64,64,weight_decay,43,16,16,rate_uniform,0.25,97.56,mnist-checkpoints/fc3_h64_L[16]_strict_seed43_ablation_wd_l16_fc3_h64.pth,noise3_exp/ablation_mne_l2_vs_weight_decay_l16_fc3_h4_h8_h16_h32_h64_h128/strict_seed_train_rate_uniform_L16_T16/fc3_h64/weight_decay/seed_43/noise_sweep_matrix_mnist_fc3_h64_T16_mode_rate_uniform_schedule_normal_seed_43.csv
fc3_h64,64,weight_decay,43,16,16,rate_uniform,0.3,97.6,mnist-checkpoints/fc3_h64_L[16]_strict_seed43_ablation_wd_l16_fc3_h64.pth,noise3_exp/ablation_mne_l2_vs_weight_decay_l16_fc3_h4_h8_h16_h32_h64_h128/strict_seed_train_rate_uniform_L16_T16/fc3_h64/weight_decay/seed_43/noise_sweep_matrix_mnist_fc3_h64_T16_mode_rate_uniform_schedule_normal_seed_43.csv
fc3_h64,64,weight_decay,43,16,16,rate_uniform,0.35,97.47,mnist-checkpoints/fc3_h64_L[16]_strict_seed43_ablation_wd_l16_fc3_h64.pth,noise3_exp/ablation_mne_l2_vs_weight_decay_l16_fc3_h4_h8_h16_h32_h64_h128/strict_seed_train_rate_uniform_L16_T16/fc3_h64/weight_decay/seed_43/noise_sweep_matrix_mnist_fc3_h64_T16_mode_rate_uniform_schedule_normal_seed_43.csv
fc3_h64,64,weight_decay,43,16,16,rate_uniform,0.4,97.46,mnist-checkpoints/fc3_h64_L[16]_strict_seed43_ablation_wd_l16_fc3_h64.pth,noise3_exp/ablation_mne_l2_vs_weight_decay_l16_fc3_h4_h8_h16_h32_h64_h128/strict_seed_train_rate_uniform_L16_T16/fc3_h64/weight_decay/seed_43/noise_sweep_matrix_mnist_fc3_h64_T16_mode_rate_uniform_schedule_normal_seed_43.csv
fc3_h64,64,weight_decay,43,16,16,rate_uniform,0.45,97.34,mnist-checkpoints/fc3_h64_L[16]_strict_seed43_ablation_wd_l16_fc3_h64.pth,noise3_exp/ablation_mne_l2_vs_weight_decay_l16_fc3_h4_h8_h16_h32_h64_h128/strict_seed_train_rate_uniform_L16_T16/fc3_h64/weight_decay/seed_43/noise_sweep_matrix_mnist_fc3_h64_T16_mode_rate_uniform_schedule_normal_seed_43.csv
fc3_h64,64,weight_decay,43,16,16,rate_uniform,0.5,97.0,mnist-checkpoints/fc3_h64_L[16]_strict_seed43_ablation_wd_l16_fc3_h64.pth,noise3_exp/ablation_mne_l2_vs_weight_decay_l16_fc3_h4_h8_h16_h32_h64_h128/strict_seed_train_rate_uniform_L16_T16/fc3_h64/weight_decay/seed_43/noise_sweep_matrix_mnist_fc3_h64_T16_mode_rate_uniform_schedule_normal_seed_43.csv
fc3_h64,64,weight_decay,43,16,16,rate_uniform,0.55,96.96,mnist-checkpoints/fc3_h64_L[16]_strict_seed43_ablation_wd_l16_fc3_h64.pth,noise3_exp/ablation_mne_l2_vs_weight_decay_l16_fc3_h4_h8_h16_h32_h64_h128/strict_seed_train_rate_uniform_L16_T16/fc3_h64/weight_decay/seed_43/noise_sweep_matrix_mnist_fc3_h64_T16_mode_rate_uniform_schedule_normal_seed_43.csv
fc3_h64,64,weight_decay,43,16,16,rate_uniform,0.6,96.46,mnist-checkpoints/fc3_h64_L[16]_strict_seed43_ablation_wd_l16_fc3_h64.pth,noise3_exp/ablation_mne_l2_vs_weight_decay_l16_fc3_h4_h8_h16_h32_h64_h128/strict_seed_train_rate_uniform_L16_T16/fc3_h64/weight_decay/seed_43/noise_sweep_matrix_mnist_fc3_h64_T16_mode_rate_uniform_schedule_normal_seed_43.csv
fc3_h64,64,weight_decay,43,16,16,rate_uniform,0.65,96.12,mnist-checkpoints/fc3_h64_L[16]_strict_seed43_ablation_wd_l16_fc3_h64.pth,noise3_exp/ablation_mne_l2_vs_weight_decay_l16_fc3_h4_h8_h16_h32_h64_h128/strict_seed_train_rate_uniform_L16_T16/fc3_h64/weight_decay/seed_43/noise_sweep_matrix_mnist_fc3_h64_T16_mode_rate_uniform_schedule_normal_seed_43.csv
fc3_h64,64,weight_decay,43,16,16,rate_uniform,0.7,95.02,mnist-checkpoints/fc3_h64_L[16]_strict_seed43_ablation_wd_l16_fc3_h64.pth,noise3_exp/ablation_mne_l2_vs_weight_decay_l16_fc3_h4_h8_h16_h32_h64_h128/strict_seed_train_rate_uniform_L16_T16/fc3_h64/weight_decay/seed_43/noise_sweep_matrix_mnist_fc3_h64_T16_mode_rate_uniform_schedule_normal_seed_43.csv
fc3_h64,64,weight_decay,43,16,16,rate_uniform,0.75,93.71,mnist-checkpoints/fc3_h64_L[16]_strict_seed43_ablation_wd_l16_fc3_h64.pth,noise3_exp/ablation_mne_l2_vs_weight_decay_l16_fc3_h4_h8_h16_h32_h64_h128/strict_seed_train_rate_uniform_L16_T16/fc3_h64/weight_decay/seed_43/noise_sweep_matrix_mnist_fc3_h64_T16_mode_rate_uniform_schedule_normal_seed_43.csv
fc3_h64,64,weight_decay,43,16,16,rate_uniform,0.8,92.1,mnist-checkpoints/fc3_h64_L[16]_strict_seed43_ablation_wd_l16_fc3_h64.pth,noise3_exp/ablation_mne_l2_vs_weight_decay_l16_fc3_h4_h8_h16_h32_h64_h128/strict_seed_train_rate_uniform_L16_T16/fc3_h64/weight_decay/seed_43/noise_sweep_matrix_mnist_fc3_h64_T16_mode_rate_uniform_schedule_normal_seed_43.csv
fc3_h64,64,weight_decay,43,16,16,rate_uniform,0.85,89.57,mnist-checkpoints/fc3_h64_L[16]_strict_seed43_ablation_wd_l16_fc3_h64.pth,noise3_exp/ablation_mne_l2_vs_weight_decay_l16_fc3_h4_h8_h16_h32_h64_h128/strict_seed_train_rate_uniform_L16_T16/fc3_h64/weight_decay/seed_43/noise_sweep_matrix_mnist_fc3_h64_T16_mode_rate_uniform_schedule_normal_seed_43.csv
fc3_h64,64,weight_decay,43,16,16,rate_uniform,0.9,87.24,mnist-checkpoints/fc3_h64_L[16]_strict_seed43_ablation_wd_l16_fc3_h64.pth,noise3_exp/ablation_mne_l2_vs_weight_decay_l16_fc3_h4_h8_h16_h32_h64_h128/strict_seed_train_rate_uniform_L16_T16/fc3_h64/weight_decay/seed_43/noise_sweep_matrix_mnist_fc3_h64_T16_mode_rate_uniform_schedule_normal_seed_43.csv
fc3_h64,64,weight_decay,43,16,16,rate_uniform,0.95,84.66,mnist-checkpoints/fc3_h64_L[16]_strict_seed43_ablation_wd_l16_fc3_h64.pth,noise3_exp/ablation_mne_l2_vs_weight_decay_l16_fc3_h4_h8_h16_h32_h64_h128/strict_seed_train_rate_uniform_L16_T16/fc3_h64/weight_decay/seed_43/noise_sweep_matrix_mnist_fc3_h64_T16_mode_rate_uniform_schedule_normal_seed_43.csv
fc3_h64,64,weight_decay,43,16,16,rate_uniform,1.0,81.21,mnist-checkpoints/fc3_h64_L[16]_strict_seed43_ablation_wd_l16_fc3_h64.pth,noise3_exp/ablation_mne_l2_vs_weight_decay_l16_fc3_h4_h8_h16_h32_h64_h128/strict_seed_train_rate_uniform_L16_T16/fc3_h64/weight_decay/seed_43/noise_sweep_matrix_mnist_fc3_h64_T16_mode_rate_uniform_schedule_normal_seed_43.csv
fc3_h64,64,weight_decay,44,16,16,rate_uniform,0.0,97.8,mnist-checkpoints/fc3_h64_L[16]_strict_seed44_ablation_wd_l16_fc3_h64.pth,noise3_exp/ablation_mne_l2_vs_weight_decay_l16_fc3_h4_h8_h16_h32_h64_h128/strict_seed_train_rate_uniform_L16_T16/fc3_h64/weight_decay/seed_44/noise_sweep_matrix_mnist_fc3_h64_T16_mode_rate_uniform_schedule_normal_seed_44.csv
fc3_h64,64,weight_decay,44,16,16,rate_uniform,0.05,97.79,mnist-checkpoints/fc3_h64_L[16]_strict_seed44_ablation_wd_l16_fc3_h64.pth,noise3_exp/ablation_mne_l2_vs_weight_decay_l16_fc3_h4_h8_h16_h32_h64_h128/strict_seed_train_rate_uniform_L16_T16/fc3_h64/weight_decay/seed_44/noise_sweep_matrix_mnist_fc3_h64_T16_mode_rate_uniform_schedule_normal_seed_44.csv
fc3_h64,64,weight_decay,44,16,16,rate_uniform,0.1,97.68,mnist-checkpoints/fc3_h64_L[16]_strict_seed44_ablation_wd_l16_fc3_h64.pth,noise3_exp/ablation_mne_l2_vs_weight_decay_l16_fc3_h4_h8_h16_h32_h64_h128/strict_seed_train_rate_uniform_L16_T16/fc3_h64/weight_decay/seed_44/noise_sweep_matrix_mnist_fc3_h64_T16_mode_rate_uniform_schedule_normal_seed_44.csv
fc3_h64,64,weight_decay,44,16,16,rate_uniform,0.15,97.72,mnist-checkpoints/fc3_h64_L[16]_strict_seed44_ablation_wd_l16_fc3_h64.pth,noise3_exp/ablation_mne_l2_vs_weight_decay_l16_fc3_h4_h8_h16_h32_h64_h128/strict_seed_train_rate_uniform_L16_T16/fc3_h64/weight_decay/seed_44/noise_sweep_matrix_mnist_fc3_h64_T16_mode_rate_uniform_schedule_normal_seed_44.csv
fc3_h64,64,weight_decay,44,16,16,rate_uniform,0.2,97.74,mnist-checkpoints/fc3_h64_L[16]_strict_seed44_ablation_wd_l16_fc3_h64.pth,noise3_exp/ablation_mne_l2_vs_weight_decay_l16_fc3_h4_h8_h16_h32_h64_h128/strict_seed_train_rate_uniform_L16_T16/fc3_h64/weight_decay/seed_44/noise_sweep_matrix_mnist_fc3_h64_T16_mode_rate_uniform_schedule_normal_seed_44.csv
fc3_h64,64,weight_decay,44,16,16,rate_uniform,0.25,97.69,mnist-checkpoints/fc3_h64_L[16]_strict_seed44_ablation_wd_l16_fc3_h64.pth,noise3_exp/ablation_mne_l2_vs_weight_decay_l16_fc3_h4_h8_h16_h32_h64_h128/strict_seed_train_rate_uniform_L16_T16/fc3_h64/weight_decay/seed_44/noise_sweep_matrix_mnist_fc3_h64_T16_mode_rate_uniform_schedule_normal_seed_44.csv
fc3_h64,64,weight_decay,44,16,16,rate_uniform,0.3,97.74,mnist-checkpoints/fc3_h64_L[16]_strict_seed44_ablation_wd_l16_fc3_h64.pth,noise3_exp/ablation_mne_l2_vs_weight_decay_l16_fc3_h4_h8_h16_h32_h64_h128/strict_seed_train_rate_uniform_L16_T16/fc3_h64/weight_decay/seed_44/noise_sweep_matrix_mnist_fc3_h64_T16_mode_rate_uniform_schedule_normal_seed_44.csv
fc3_h64,64,weight_decay,44,16,16,rate_uniform,0.35,97.67,mnist-checkpoints/fc3_h64_L[16]_strict_seed44_ablation_wd_l16_fc3_h64.pth,noise3_exp/ablation_mne_l2_vs_weight_decay_l16_fc3_h4_h8_h16_h32_h64_h128/strict_seed_train_rate_uniform_L16_T16/fc3_h64/weight_decay/seed_44/noise_sweep_matrix_mnist_fc3_h64_T16_mode_rate_uniform_schedule_normal_seed_44.csv
fc3_h64,64,weight_decay,44,16,16,rate_uniform,0.4,97.59,mnist-checkpoints/fc3_h64_L[16]_strict_seed44_ablation_wd_l16_fc3_h64.pth,noise3_exp/ablation_mne_l2_vs_weight_decay_l16_fc3_h4_h8_h16_h32_h64_h128/strict_seed_train_rate_uniform_L16_T16/fc3_h64/weight_decay/seed_44/noise_sweep_matrix_mnist_fc3_h64_T16_mode_rate_uniform_schedule_normal_seed_44.csv
fc3_h64,64,weight_decay,44,16,16,rate_uniform,0.45,97.59,mnist-checkpoints/fc3_h64_L[16]_strict_seed44_ablation_wd_l16_fc3_h64.pth,noise3_exp/ablation_mne_l2_vs_weight_decay_l16_fc3_h4_h8_h16_h32_h64_h128/strict_seed_train_rate_uniform_L16_T16/fc3_h64/weight_decay/seed_44/noise_sweep_matrix_mnist_fc3_h64_T16_mode_rate_uniform_schedule_normal_seed_44.csv
fc3_h64,64,weight_decay,44,16,16,rate_uniform,0.5,97.31,mnist-checkpoints/fc3_h64_L[16]_strict_seed44_ablation_wd_l16_fc3_h64.pth,noise3_exp/ablation_mne_l2_vs_weight_decay_l16_fc3_h4_h8_h16_h32_h64_h128/strict_seed_train_rate_uniform_L16_T16/fc3_h64/weight_decay/seed_44/noise_sweep_matrix_mnist_fc3_h64_T16_mode_rate_uniform_schedule_normal_seed_44.csv
fc3_h64,64,weight_decay,44,16,16,rate_uniform,0.55,97.27,mnist-checkpoints/fc3_h64_L[16]_strict_seed44_ablation_wd_l16_fc3_h64.pth,noise3_exp/ablation_mne_l2_vs_weight_decay_l16_fc3_h4_h8_h16_h32_h64_h128/strict_seed_train_rate_uniform_L16_T16/fc3_h64/weight_decay/seed_44/noise_sweep_matrix_mnist_fc3_h64_T16_mode_rate_uniform_schedule_normal_seed_44.csv
fc3_h64,64,weight_decay,44,16,16,rate_uniform,0.6,97.02,mnist-checkpoints/fc3_h64_L[16]_strict_seed44_ablation_wd_l16_fc3_h64.pth,noise3_exp/ablation_mne_l2_vs_weight_decay_l16_fc3_h4_h8_h16_h32_h64_h128/strict_seed_train_rate_uniform_L16_T16/fc3_h64/weight_decay/seed_44/noise_sweep_matrix_mnist_fc3_h64_T16_mode_rate_uniform_schedule_normal_seed_44.csv
fc3_h64,64,weight_decay,44,16,16,rate_uniform,0.65,96.28,mnist-checkpoints/fc3_h64_L[16]_strict_seed44_ablation_wd_l16_fc3_h64.pth,noise3_exp/ablation_mne_l2_vs_weight_decay_l16_fc3_h4_h8_h16_h32_h64_h128/strict_seed_train_rate_uniform_L16_T16/fc3_h64/weight_decay/seed_44/noise_sweep_matrix_mnist_fc3_h64_T16_mode_rate_uniform_schedule_normal_seed_44.csv
fc3_h64,64,weight_decay,44,16,16,rate_uniform,0.7,95.91,mnist-checkpoints/fc3_h64_L[16]_strict_seed44_ablation_wd_l16_fc3_h64.pth,noise3_exp/ablation_mne_l2_vs_weight_decay_l16_fc3_h4_h8_h16_h32_h64_h128/strict_seed_train_rate_uniform_L16_T16/fc3_h64/weight_decay/seed_44/noise_sweep_matrix_mnist_fc3_h64_T16_mode_rate_uniform_schedule_normal_seed_44.csv
fc3_h64,64,weight_decay,44,16,16,rate_uniform,0.75,94.92,mnist-checkpoints/fc3_h64_L[16]_strict_seed44_ablation_wd_l16_fc3_h64.pth,noise3_exp/ablation_mne_l2_vs_weight_decay_l16_fc3_h4_h8_h16_h32_h64_h128/strict_seed_train_rate_uniform_L16_T16/fc3_h64/weight_decay/seed_44/noise_sweep_matrix_mnist_fc3_h64_T16_mode_rate_uniform_schedule_normal_seed_44.csv
fc3_h64,64,weight_decay,44,16,16,rate_uniform,0.8,93.54,mnist-checkpoints/fc3_h64_L[16]_strict_seed44_ablation_wd_l16_fc3_h64.pth,noise3_exp/ablation_mne_l2_vs_weight_decay_l16_fc3_h4_h8_h16_h32_h64_h128/strict_seed_train_rate_uniform_L16_T16/fc3_h64/weight_decay/seed_44/noise_sweep_matrix_mnist_fc3_h64_T16_mode_rate_uniform_schedule_normal_seed_44.csv
fc3_h64,64,weight_decay,44,16,16,rate_uniform,0.85,92.16,mnist-checkpoints/fc3_h64_L[16]_strict_seed44_ablation_wd_l16_fc3_h64.pth,noise3_exp/ablation_mne_l2_vs_weight_decay_l16_fc3_h4_h8_h16_h32_h64_h128/strict_seed_train_rate_uniform_L16_T16/fc3_h64/weight_decay/seed_44/noise_sweep_matrix_mnist_fc3_h64_T16_mode_rate_uniform_schedule_normal_seed_44.csv
fc3_h64,64,weight_decay,44,16,16,rate_uniform,0.9,90.48,mnist-checkpoints/fc3_h64_L[16]_strict_seed44_ablation_wd_l16_fc3_h64.pth,noise3_exp/ablation_mne_l2_vs_weight_decay_l16_fc3_h4_h8_h16_h32_h64_h128/strict_seed_train_rate_uniform_L16_T16/fc3_h64/weight_decay/seed_44/noise_sweep_matrix_mnist_fc3_h64_T16_mode_rate_uniform_schedule_normal_seed_44.csv
fc3_h64,64,weight_decay,44,16,16,rate_uniform,0.95,88.0,mnist-checkpoints/fc3_h64_L[16]_strict_seed44_ablation_wd_l16_fc3_h64.pth,noise3_exp/ablation_mne_l2_vs_weight_decay_l16_fc3_h4_h8_h16_h32_h64_h128/strict_seed_train_rate_uniform_L16_T16/fc3_h64/weight_decay/seed_44/noise_sweep_matrix_mnist_fc3_h64_T16_mode_rate_uniform_schedule_normal_seed_44.csv
fc3_h64,64,weight_decay,44,16,16,rate_uniform,1.0,84.76,mnist-checkpoints/fc3_h64_L[16]_strict_seed44_ablation_wd_l16_fc3_h64.pth,noise3_exp/ablation_mne_l2_vs_weight_decay_l16_fc3_h4_h8_h16_h32_h64_h128/strict_seed_train_rate_uniform_L16_T16/fc3_h64/weight_decay/seed_44/noise_sweep_matrix_mnist_fc3_h64_T16_mode_rate_uniform_schedule_normal_seed_44.csv
fc3_h64,64,no_regularization,40,16,16,rate_uniform,0.0,96.72,mnist-checkpoints/fc3_h64_L[16]_strict_seed40_ablation_none_l16_fc3_h64.pth,noise3_exp/ablation_mne_l2_vs_weight_decay_l16_fc3_h4_h8_h16_h32_h64_h128/strict_seed_train_rate_uniform_L16_T16/fc3_h64/no_regularization/seed_40/noise_sweep_matrix_mnist_fc3_h64_T16_mode_rate_uniform_schedule_normal_seed_40.csv
fc3_h64,64,no_regularization,40,16,16,rate_uniform,0.05,96.61,mnist-checkpoints/fc3_h64_L[16]_strict_seed40_ablation_none_l16_fc3_h64.pth,noise3_exp/ablation_mne_l2_vs_weight_decay_l16_fc3_h4_h8_h16_h32_h64_h128/strict_seed_train_rate_uniform_L16_T16/fc3_h64/no_regularization/seed_40/noise_sweep_matrix_mnist_fc3_h64_T16_mode_rate_uniform_schedule_normal_seed_40.csv
fc3_h64,64,no_regularization,40,16,16,rate_uniform,0.1,96.55,mnist-checkpoints/fc3_h64_L[16]_strict_seed40_ablation_none_l16_fc3_h64.pth,noise3_exp/ablation_mne_l2_vs_weight_decay_l16_fc3_h4_h8_h16_h32_h64_h128/strict_seed_train_rate_uniform_L16_T16/fc3_h64/no_regularization/seed_40/noise_sweep_matrix_mnist_fc3_h64_T16_mode_rate_uniform_schedule_normal_seed_40.csv
fc3_h64,64,no_regularization,40,16,16,rate_uniform,0.15,96.67,mnist-checkpoints/fc3_h64_L[16]_strict_seed40_ablation_none_l16_fc3_h64.pth,noise3_exp/ablation_mne_l2_vs_weight_decay_l16_fc3_h4_h8_h16_h32_h64_h128/strict_seed_train_rate_uniform_L16_T16/fc3_h64/no_regularization/seed_40/noise_sweep_matrix_mnist_fc3_h64_T16_mode_rate_uniform_schedule_normal_seed_40.csv
fc3_h64,64,no_regularization,40,16,16,rate_uniform,0.2,96.56,mnist-checkpoints/fc3_h64_L[16]_strict_seed40_ablation_none_l16_fc3_h64.pth,noise3_exp/ablation_mne_l2_vs_weight_decay_l16_fc3_h4_h8_h16_h32_h64_h128/strict_seed_train_rate_uniform_L16_T16/fc3_h64/no_regularization/seed_40/noise_sweep_matrix_mnist_fc3_h64_T16_mode_rate_uniform_schedule_normal_seed_40.csv
fc3_h64,64,no_regularization,40,16,16,rate_uniform,0.25,96.62,mnist-checkpoints/fc3_h64_L[16]_strict_seed40_ablation_none_l16_fc3_h64.pth,noise3_exp/ablation_mne_l2_vs_weight_decay_l16_fc3_h4_h8_h16_h32_h64_h128/strict_seed_train_rate_uniform_L16_T16/fc3_h64/no_regularization/seed_40/noise_sweep_matrix_mnist_fc3_h64_T16_mode_rate_uniform_schedule_normal_seed_40.csv
fc3_h64,64,no_regularization,40,16,16,rate_uniform,0.3,96.38,mnist-checkpoints/fc3_h64_L[16]_strict_seed40_ablation_none_l16_fc3_h64.pth,noise3_exp/ablation_mne_l2_vs_weight_decay_l16_fc3_h4_h8_h16_h32_h64_h128/strict_seed_train_rate_uniform_L16_T16/fc3_h64/no_regularization/seed_40/noise_sweep_matrix_mnist_fc3_h64_T16_mode_rate_uniform_schedule_normal_seed_40.csv
fc3_h64,64,no_regularization,40,16,16,rate_uniform,0.35,96.22,mnist-checkpoints/fc3_h64_L[16]_strict_seed40_ablation_none_l16_fc3_h64.pth,noise3_exp/ablation_mne_l2_vs_weight_decay_l16_fc3_h4_h8_h16_h32_h64_h128/strict_seed_train_rate_uniform_L16_T16/fc3_h64/no_regularization/seed_40/noise_sweep_matrix_mnist_fc3_h64_T16_mode_rate_uniform_schedule_normal_seed_40.csv
fc3_h64,64,no_regularization,40,16,16,rate_uniform,0.4,95.89,mnist-checkpoints/fc3_h64_L[16]_strict_seed40_ablation_none_l16_fc3_h64.pth,noise3_exp/ablation_mne_l2_vs_weight_decay_l16_fc3_h4_h8_h16_h32_h64_h128/strict_seed_train_rate_uniform_L16_T16/fc3_h64/no_regularization/seed_40/noise_sweep_matrix_mnist_fc3_h64_T16_mode_rate_uniform_schedule_normal_seed_40.csv
fc3_h64,64,no_regularization,40,16,16,rate_uniform,0.45,95.51,mnist-checkpoints/fc3_h64_L[16]_strict_seed40_ablation_none_l16_fc3_h64.pth,noise3_exp/ablation_mne_l2_vs_weight_decay_l16_fc3_h4_h8_h16_h32_h64_h128/strict_seed_train_rate_uniform_L16_T16/fc3_h64/no_regularization/seed_40/noise_sweep_matrix_mnist_fc3_h64_T16_mode_rate_uniform_schedule_normal_seed_40.csv
fc3_h64,64,no_regularization,40,16,16,rate_uniform,0.5,94.68,mnist-checkpoints/fc3_h64_L[16]_strict_seed40_ablation_none_l16_fc3_h64.pth,noise3_exp/ablation_mne_l2_vs_weight_decay_l16_fc3_h4_h8_h16_h32_h64_h128/strict_seed_train_rate_uniform_L16_T16/fc3_h64/no_regularization/seed_40/noise_sweep_matrix_mnist_fc3_h64_T16_mode_rate_uniform_schedule_normal_seed_40.csv
fc3_h64,64,no_regularization,40,16,16,rate_uniform,0.55,93.64,mnist-checkpoints/fc3_h64_L[16]_strict_seed40_ablation_none_l16_fc3_h64.pth,noise3_exp/ablation_mne_l2_vs_weight_decay_l16_fc3_h4_h8_h16_h32_h64_h128/strict_seed_train_rate_uniform_L16_T16/fc3_h64/no_regularization/seed_40/noise_sweep_matrix_mnist_fc3_h64_T16_mode_rate_uniform_schedule_normal_seed_40.csv
fc3_h64,64,no_regularization,40,16,16,rate_uniform,0.6,90.73,mnist-checkpoints/fc3_h64_L[16]_strict_seed40_ablation_none_l16_fc3_h64.pth,noise3_exp/ablation_mne_l2_vs_weight_decay_l16_fc3_h4_h8_h16_h32_h64_h128/strict_seed_train_rate_uniform_L16_T16/fc3_h64/no_regularization/seed_40/noise_sweep_matrix_mnist_fc3_h64_T16_mode_rate_uniform_schedule_normal_seed_40.csv
fc3_h64,64,no_regularization,40,16,16,rate_uniform,0.65,87.25,mnist-checkpoints/fc3_h64_L[16]_strict_seed40_ablation_none_l16_fc3_h64.pth,noise3_exp/ablation_mne_l2_vs_weight_decay_l16_fc3_h4_h8_h16_h32_h64_h128/strict_seed_train_rate_uniform_L16_T16/fc3_h64/no_regularization/seed_40/noise_sweep_matrix_mnist_fc3_h64_T16_mode_rate_uniform_schedule_normal_seed_40.csv
fc3_h64,64,no_regularization,40,16,16,rate_uniform,0.7,83.88,mnist-checkpoints/fc3_h64_L[16]_strict_seed40_ablation_none_l16_fc3_h64.pth,noise3_exp/ablation_mne_l2_vs_weight_decay_l16_fc3_h4_h8_h16_h32_h64_h128/strict_seed_train_rate_uniform_L16_T16/fc3_h64/no_regularization/seed_40/noise_sweep_matrix_mnist_fc3_h64_T16_mode_rate_uniform_schedule_normal_seed_40.csv
fc3_h64,64,no_regularization,40,16,16,rate_uniform,0.75,80.38,mnist-checkpoints/fc3_h64_L[16]_strict_seed40_ablation_none_l16_fc3_h64.pth,noise3_exp/ablation_mne_l2_vs_weight_decay_l16_fc3_h4_h8_h16_h32_h64_h128/strict_seed_train_rate_uniform_L16_T16/fc3_h64/no_regularization/seed_40/noise_sweep_matrix_mnist_fc3_h64_T16_mode_rate_uniform_schedule_normal_seed_40.csv
fc3_h64,64,no_regularization,40,16,16,rate_uniform,0.8,77.04,mnist-checkpoints/fc3_h64_L[16]_strict_seed40_ablation_none_l16_fc3_h64.pth,noise3_exp/ablation_mne_l2_vs_weight_decay_l16_fc3_h4_h8_h16_h32_h64_h128/strict_seed_train_rate_uniform_L16_T16/fc3_h64/no_regularization/seed_40/noise_sweep_matrix_mnist_fc3_h64_T16_mode_rate_uniform_schedule_normal_seed_40.csv
fc3_h64,64,no_regularization,40,16,16,rate_uniform,0.85,73.28,mnist-checkpoints/fc3_h64_L[16]_strict_seed40_ablation_none_l16_fc3_h64.pth,noise3_exp/ablation_mne_l2_vs_weight_decay_l16_fc3_h4_h8_h16_h32_h64_h128/strict_seed_train_rate_uniform_L16_T16/fc3_h64/no_regularization/seed_40/noise_sweep_matrix_mnist_fc3_h64_T16_mode_rate_uniform_schedule_normal_seed_40.csv
fc3_h64,64,no_regularization,40,16,16,rate_uniform,0.9,70.15,mnist-checkpoints/fc3_h64_L[16]_strict_seed40_ablation_none_l16_fc3_h64.pth,noise3_exp/ablation_mne_l2_vs_weight_decay_l16_fc3_h4_h8_h16_h32_h64_h128/strict_seed_train_rate_uniform_L16_T16/fc3_h64/no_regularization/seed_40/noise_sweep_matrix_mnist_fc3_h64_T16_mode_rate_uniform_schedule_normal_seed_40.csv
fc3_h64,64,no_regularization,40,16,16,rate_uniform,0.95,66.91,mnist-checkpoints/fc3_h64_L[16]_strict_seed40_ablation_none_l16_fc3_h64.pth,noise3_exp/ablation_mne_l2_vs_weight_decay_l16_fc3_h4_h8_h16_h32_h64_h128/strict_seed_train_rate_uniform_L16_T16/fc3_h64/no_regularization/seed_40/noise_sweep_matrix_mnist_fc3_h64_T16_mode_rate_uniform_schedule_normal_seed_40.csv
fc3_h64,64,no_regularization,40,16,16,rate_uniform,1.0,64.16,mnist-checkpoints/fc3_h64_L[16]_strict_seed40_ablation_none_l16_fc3_h64.pth,noise3_exp/ablation_mne_l2_vs_weight_decay_l16_fc3_h4_h8_h16_h32_h64_h128/strict_seed_train_rate_uniform_L16_T16/fc3_h64/no_regularization/seed_40/noise_sweep_matrix_mnist_fc3_h64_T16_mode_rate_uniform_schedule_normal_seed_40.csv
fc3_h64,64,no_regularization,41,16,16,rate_uniform,0.0,96.62,mnist-checkpoints/fc3_h64_L[16]_strict_seed41_ablation_none_l16_fc3_h64.pth,noise3_exp/ablation_mne_l2_vs_weight_decay_l16_fc3_h4_h8_h16_h32_h64_h128/strict_seed_train_rate_uniform_L16_T16/fc3_h64/no_regularization/seed_41/noise_sweep_matrix_mnist_fc3_h64_T16_mode_rate_uniform_schedule_normal_seed_41.csv
fc3_h64,64,no_regularization,41,16,16,rate_uniform,0.05,96.54,mnist-checkpoints/fc3_h64_L[16]_strict_seed41_ablation_none_l16_fc3_h64.pth,noise3_exp/ablation_mne_l2_vs_weight_decay_l16_fc3_h4_h8_h16_h32_h64_h128/strict_seed_train_rate_uniform_L16_T16/fc3_h64/no_regularization/seed_41/noise_sweep_matrix_mnist_fc3_h64_T16_mode_rate_uniform_schedule_normal_seed_41.csv
fc3_h64,64,no_regularization,41,16,16,rate_uniform,0.1,96.44,mnist-checkpoints/fc3_h64_L[16]_strict_seed41_ablation_none_l16_fc3_h64.pth,noise3_exp/ablation_mne_l2_vs_weight_decay_l16_fc3_h4_h8_h16_h32_h64_h128/strict_seed_train_rate_uniform_L16_T16/fc3_h64/no_regularization/seed_41/noise_sweep_matrix_mnist_fc3_h64_T16_mode_rate_uniform_schedule_normal_seed_41.csv
fc3_h64,64,no_regularization,41,16,16,rate_uniform,0.15,96.5,mnist-checkpoints/fc3_h64_L[16]_strict_seed41_ablation_none_l16_fc3_h64.pth,noise3_exp/ablation_mne_l2_vs_weight_decay_l16_fc3_h4_h8_h16_h32_h64_h128/strict_seed_train_rate_uniform_L16_T16/fc3_h64/no_regularization/seed_41/noise_sweep_matrix_mnist_fc3_h64_T16_mode_rate_uniform_schedule_normal_seed_41.csv
fc3_h64,64,no_regularization,41,16,16,rate_uniform,0.2,96.53,mnist-checkpoints/fc3_h64_L[16]_strict_seed41_ablation_none_l16_fc3_h64.pth,noise3_exp/ablation_mne_l2_vs_weight_decay_l16_fc3_h4_h8_h16_h32_h64_h128/strict_seed_train_rate_uniform_L16_T16/fc3_h64/no_regularization/seed_41/noise_sweep_matrix_mnist_fc3_h64_T16_mode_rate_uniform_schedule_normal_seed_41.csv
fc3_h64,64,no_regularization,41,16,16,rate_uniform,0.25,96.4,mnist-checkpoints/fc3_h64_L[16]_strict_seed41_ablation_none_l16_fc3_h64.pth,noise3_exp/ablation_mne_l2_vs_weight_decay_l16_fc3_h4_h8_h16_h32_h64_h128/strict_seed_train_rate_uniform_L16_T16/fc3_h64/no_regularization/seed_41/noise_sweep_matrix_mnist_fc3_h64_T16_mode_rate_uniform_schedule_normal_seed_41.csv
fc3_h64,64,no_regularization,41,16,16,rate_uniform,0.3,96.36,mnist-checkpoints/fc3_h64_L[16]_strict_seed41_ablation_none_l16_fc3_h64.pth,noise3_exp/ablation_mne_l2_vs_weight_decay_l16_fc3_h4_h8_h16_h32_h64_h128/strict_seed_train_rate_uniform_L16_T16/fc3_h64/no_regularization/seed_41/noise_sweep_matrix_mnist_fc3_h64_T16_mode_rate_uniform_schedule_normal_seed_41.csv
fc3_h64,64,no_regularization,41,16,16,rate_uniform,0.35,96.33,mnist-checkpoints/fc3_h64_L[16]_strict_seed41_ablation_none_l16_fc3_h64.pth,noise3_exp/ablation_mne_l2_vs_weight_decay_l16_fc3_h4_h8_h16_h32_h64_h128/strict_seed_train_rate_uniform_L16_T16/fc3_h64/no_regularization/seed_41/noise_sweep_matrix_mnist_fc3_h64_T16_mode_rate_uniform_schedule_normal_seed_41.csv
fc3_h64,64,no_regularization,41,16,16,rate_uniform,0.4,96.38,mnist-checkpoints/fc3_h64_L[16]_strict_seed41_ablation_none_l16_fc3_h64.pth,noise3_exp/ablation_mne_l2_vs_weight_decay_l16_fc3_h4_h8_h16_h32_h64_h128/strict_seed_train_rate_uniform_L16_T16/fc3_h64/no_regularization/seed_41/noise_sweep_matrix_mnist_fc3_h64_T16_mode_rate_uniform_schedule_normal_seed_41.csv
fc3_h64,64,no_regularization,41,16,16,rate_uniform,0.45,96.1,mnist-checkpoints/fc3_h64_L[16]_strict_seed41_ablation_none_l16_fc3_h64.pth,noise3_exp/ablation_mne_l2_vs_weight_decay_l16_fc3_h4_h8_h16_h32_h64_h128/strict_seed_train_rate_uniform_L16_T16/fc3_h64/no_regularization/seed_41/noise_sweep_matrix_mnist_fc3_h64_T16_mode_rate_uniform_schedule_normal_seed_41.csv
fc3_h64,64,no_regularization,41,16,16,rate_uniform,0.5,95.72,mnist-checkpoints/fc3_h64_L[16]_strict_seed41_ablation_none_l16_fc3_h64.pth,noise3_exp/ablation_mne_l2_vs_weight_decay_l16_fc3_h4_h8_h16_h32_h64_h128/strict_seed_train_rate_uniform_L16_T16/fc3_h64/no_regularization/seed_41/noise_sweep_matrix_mnist_fc3_h64_T16_mode_rate_uniform_schedule_normal_seed_41.csv
fc3_h64,64,no_regularization,41,16,16,rate_uniform,0.55,95.34,mnist-checkpoints/fc3_h64_L[16]_strict_seed41_ablation_none_l16_fc3_h64.pth,noise3_exp/ablation_mne_l2_vs_weight_decay_l16_fc3_h4_h8_h16_h32_h64_h128/strict_seed_train_rate_uniform_L16_T16/fc3_h64/no_regularization/seed_41/noise_sweep_matrix_mnist_fc3_h64_T16_mode_rate_uniform_schedule_normal_seed_41.csv
fc3_h64,64,no_regularization,41,16,16,rate_uniform,0.6,94.72,mnist-checkpoints/fc3_h64_L[16]_strict_seed41_ablation_none_l16_fc3_h64.pth,noise3_exp/ablation_mne_l2_vs_weight_decay_l16_fc3_h4_h8_h16_h32_h64_h128/strict_seed_train_rate_uniform_L16_T16/fc3_h64/no_regularization/seed_41/noise_sweep_matrix_mnist_fc3_h64_T16_mode_rate_uniform_schedule_normal_seed_41.csv
fc3_h64,64,no_regularization,41,16,16,rate_uniform,0.65,93.89,mnist-checkpoints/fc3_h64_L[16]_strict_seed41_ablation_none_l16_fc3_h64.pth,noise3_exp/ablation_mne_l2_vs_weight_decay_l16_fc3_h4_h8_h16_h32_h64_h128/strict_seed_train_rate_uniform_L16_T16/fc3_h64/no_regularization/seed_41/noise_sweep_matrix_mnist_fc3_h64_T16_mode_rate_uniform_schedule_normal_seed_41.csv
fc3_h64,64,no_regularization,41,16,16,rate_uniform,0.7,92.42,mnist-checkpoints/fc3_h64_L[16]_strict_seed41_ablation_none_l16_fc3_h64.pth,noise3_exp/ablation_mne_l2_vs_weight_decay_l16_fc3_h4_h8_h16_h32_h64_h128/strict_seed_train_rate_uniform_L16_T16/fc3_h64/no_regularization/seed_41/noise_sweep_matrix_mnist_fc3_h64_T16_mode_rate_uniform_schedule_normal_seed_41.csv
fc3_h64,64,no_regularization,41,16,16,rate_uniform,0.75,91.04,mnist-checkpoints/fc3_h64_L[16]_strict_seed41_ablation_none_l16_fc3_h64.pth,noise3_exp/ablation_mne_l2_vs_weight_decay_l16_fc3_h4_h8_h16_h32_h64_h128/strict_seed_train_rate_uniform_L16_T16/fc3_h64/no_regularization/seed_41/noise_sweep_matrix_mnist_fc3_h64_T16_mode_rate_uniform_schedule_normal_seed_41.csv
fc3_h64,64,no_regularization,41,16,16,rate_uniform,0.8,88.51,mnist-checkpoints/fc3_h64_L[16]_strict_seed41_ablation_none_l16_fc3_h64.pth,noise3_exp/ablation_mne_l2_vs_weight_decay_l16_fc3_h4_h8_h16_h32_h64_h128/strict_seed_train_rate_uniform_L16_T16/fc3_h64/no_regularization/seed_41/noise_sweep_matrix_mnist_fc3_h64_T16_mode_rate_uniform_schedule_normal_seed_41.csv
fc3_h64,64,no_regularization,41,16,16,rate_uniform,0.85,86.33,mnist-checkpoints/fc3_h64_L[16]_strict_seed41_ablation_none_l16_fc3_h64.pth,noise3_exp/ablation_mne_l2_vs_weight_decay_l16_fc3_h4_h8_h16_h32_h64_h128/strict_seed_train_rate_uniform_L16_T16/fc3_h64/no_regularization/seed_41/noise_sweep_matrix_mnist_fc3_h64_T16_mode_rate_uniform_schedule_normal_seed_41.csv
fc3_h64,64,no_regularization,41,16,16,rate_uniform,0.9,83.45,mnist-checkpoints/fc3_h64_L[16]_strict_seed41_ablation_none_l16_fc3_h64.pth,noise3_exp/ablation_mne_l2_vs_weight_decay_l16_fc3_h4_h8_h16_h32_h64_h128/strict_seed_train_rate_uniform_L16_T16/fc3_h64/no_regularization/seed_41/noise_sweep_matrix_mnist_fc3_h64_T16_mode_rate_uniform_schedule_normal_seed_41.csv
fc3_h64,64,no_regularization,41,16,16,rate_uniform,0.95,79.37,mnist-checkpoints/fc3_h64_L[16]_strict_seed41_ablation_none_l16_fc3_h64.pth,noise3_exp/ablation_mne_l2_vs_weight_decay_l16_fc3_h4_h8_h16_h32_h64_h128/strict_seed_train_rate_uniform_L16_T16/fc3_h64/no_regularization/seed_41/noise_sweep_matrix_mnist_fc3_h64_T16_mode_rate_uniform_schedule_normal_seed_41.csv
fc3_h64,64,no_regularization,41,16,16,rate_uniform,1.0,76.94,mnist-checkpoints/fc3_h64_L[16]_strict_seed41_ablation_none_l16_fc3_h64.pth,noise3_exp/ablation_mne_l2_vs_weight_decay_l16_fc3_h4_h8_h16_h32_h64_h128/strict_seed_train_rate_uniform_L16_T16/fc3_h64/no_regularization/seed_41/noise_sweep_matrix_mnist_fc3_h64_T16_mode_rate_uniform_schedule_normal_seed_41.csv
fc3_h64,64,no_regularization,42,16,16,rate_uniform,0.0,96.74,mnist-checkpoints/fc3_h64_L[16]_strict_seed42_ablation_none_l16_fc3_h64.pth,noise3_exp/ablation_mne_l2_vs_weight_decay_l16_fc3_h4_h8_h16_h32_h64_h128/strict_seed_train_rate_uniform_L16_T16/fc3_h64/no_regularization/seed_42/noise_sweep_matrix_mnist_fc3_h64_T16_mode_rate_uniform_schedule_normal_seed_42.csv
fc3_h64,64,no_regularization,42,16,16,rate_uniform,0.05,96.63,mnist-checkpoints/fc3_h64_L[16]_strict_seed42_ablation_none_l16_fc3_h64.pth,noise3_exp/ablation_mne_l2_vs_weight_decay_l16_fc3_h4_h8_h16_h32_h64_h128/strict_seed_train_rate_uniform_L16_T16/fc3_h64/no_regularization/seed_42/noise_sweep_matrix_mnist_fc3_h64_T16_mode_rate_uniform_schedule_normal_seed_42.csv
fc3_h64,64,no_regularization,42,16,16,rate_uniform,0.1,96.68,mnist-checkpoints/fc3_h64_L[16]_strict_seed42_ablation_none_l16_fc3_h64.pth,noise3_exp/ablation_mne_l2_vs_weight_decay_l16_fc3_h4_h8_h16_h32_h64_h128/strict_seed_train_rate_uniform_L16_T16/fc3_h64/no_regularization/seed_42/noise_sweep_matrix_mnist_fc3_h64_T16_mode_rate_uniform_schedule_normal_seed_42.csv
fc3_h64,64,no_regularization,42,16,16,rate_uniform,0.15,96.64,mnist-checkpoints/fc3_h64_L[16]_strict_seed42_ablation_none_l16_fc3_h64.pth,noise3_exp/ablation_mne_l2_vs_weight_decay_l16_fc3_h4_h8_h16_h32_h64_h128/strict_seed_train_rate_uniform_L16_T16/fc3_h64/no_regularization/seed_42/noise_sweep_matrix_mnist_fc3_h64_T16_mode_rate_uniform_schedule_normal_seed_42.csv
fc3_h64,64,no_regularization,42,16,16,rate_uniform,0.2,96.58,mnist-checkpoints/fc3_h64_L[16]_strict_seed42_ablation_none_l16_fc3_h64.pth,noise3_exp/ablation_mne_l2_vs_weight_decay_l16_fc3_h4_h8_h16_h32_h64_h128/strict_seed_train_rate_uniform_L16_T16/fc3_h64/no_regularization/seed_42/noise_sweep_matrix_mnist_fc3_h64_T16_mode_rate_uniform_schedule_normal_seed_42.csv
fc3_h64,64,no_regularization,42,16,16,rate_uniform,0.25,96.37,mnist-checkpoints/fc3_h64_L[16]_strict_seed42_ablation_none_l16_fc3_h64.pth,noise3_exp/ablation_mne_l2_vs_weight_decay_l16_fc3_h4_h8_h16_h32_h64_h128/strict_seed_train_rate_uniform_L16_T16/fc3_h64/no_regularization/seed_42/noise_sweep_matrix_mnist_fc3_h64_T16_mode_rate_uniform_schedule_normal_seed_42.csv
fc3_h64,64,no_regularization,42,16,16,rate_uniform,0.3,96.28,mnist-checkpoints/fc3_h64_L[16]_strict_seed42_ablation_none_l16_fc3_h64.pth,noise3_exp/ablation_mne_l2_vs_weight_decay_l16_fc3_h4_h8_h16_h32_h64_h128/strict_seed_train_rate_uniform_L16_T16/fc3_h64/no_regularization/seed_42/noise_sweep_matrix_mnist_fc3_h64_T16_mode_rate_uniform_schedule_normal_seed_42.csv
fc3_h64,64,no_regularization,42,16,16,rate_uniform,0.35,96.01,mnist-checkpoints/fc3_h64_L[16]_strict_seed42_ablation_none_l16_fc3_h64.pth,noise3_exp/ablation_mne_l2_vs_weight_decay_l16_fc3_h4_h8_h16_h32_h64_h128/strict_seed_train_rate_uniform_L16_T16/fc3_h64/no_regularization/seed_42/noise_sweep_matrix_mnist_fc3_h64_T16_mode_rate_uniform_schedule_normal_seed_42.csv
fc3_h64,64,no_regularization,42,16,16,rate_uniform,0.4,95.11,mnist-checkpoints/fc3_h64_L[16]_strict_seed42_ablation_none_l16_fc3_h64.pth,noise3_exp/ablation_mne_l2_vs_weight_decay_l16_fc3_h4_h8_h16_h32_h64_h128/strict_seed_train_rate_uniform_L16_T16/fc3_h64/no_regularization/seed_42/noise_sweep_matrix_mnist_fc3_h64_T16_mode_rate_uniform_schedule_normal_seed_42.csv
fc3_h64,64,no_regularization,42,16,16,rate_uniform,0.45,93.86,mnist-checkpoints/fc3_h64_L[16]_strict_seed42_ablation_none_l16_fc3_h64.pth,noise3_exp/ablation_mne_l2_vs_weight_decay_l16_fc3_h4_h8_h16_h32_h64_h128/strict_seed_train_rate_uniform_L16_T16/fc3_h64/no_regularization/seed_42/noise_sweep_matrix_mnist_fc3_h64_T16_mode_rate_uniform_schedule_normal_seed_42.csv
fc3_h64,64,no_regularization,42,16,16,rate_uniform,0.5,90.79,mnist-checkpoints/fc3_h64_L[16]_strict_seed42_ablation_none_l16_fc3_h64.pth,noise3_exp/ablation_mne_l2_vs_weight_decay_l16_fc3_h4_h8_h16_h32_h64_h128/strict_seed_train_rate_uniform_L16_T16/fc3_h64/no_regularization/seed_42/noise_sweep_matrix_mnist_fc3_h64_T16_mode_rate_uniform_schedule_normal_seed_42.csv
fc3_h64,64,no_regularization,42,16,16,rate_uniform,0.55,86.76,mnist-checkpoints/fc3_h64_L[16]_strict_seed42_ablation_none_l16_fc3_h64.pth,noise3_exp/ablation_mne_l2_vs_weight_decay_l16_fc3_h4_h8_h16_h32_h64_h128/strict_seed_train_rate_uniform_L16_T16/fc3_h64/no_regularization/seed_42/noise_sweep_matrix_mnist_fc3_h64_T16_mode_rate_uniform_schedule_normal_seed_42.csv
fc3_h64,64,no_regularization,42,16,16,rate_uniform,0.6,82.05,mnist-checkpoints/fc3_h64_L[16]_strict_seed42_ablation_none_l16_fc3_h64.pth,noise3_exp/ablation_mne_l2_vs_weight_decay_l16_fc3_h4_h8_h16_h32_h64_h128/strict_seed_train_rate_uniform_L16_T16/fc3_h64/no_regularization/seed_42/noise_sweep_matrix_mnist_fc3_h64_T16_mode_rate_uniform_schedule_normal_seed_42.csv
fc3_h64,64,no_regularization,42,16,16,rate_uniform,0.65,77.07,mnist-checkpoints/fc3_h64_L[16]_strict_seed42_ablation_none_l16_fc3_h64.pth,noise3_exp/ablation_mne_l2_vs_weight_decay_l16_fc3_h4_h8_h16_h32_h64_h128/strict_seed_train_rate_uniform_L16_T16/fc3_h64/no_regularization/seed_42/noise_sweep_matrix_mnist_fc3_h64_T16_mode_rate_uniform_schedule_normal_seed_42.csv
fc3_h64,64,no_regularization,42,16,16,rate_uniform,0.7,73.04,mnist-checkpoints/fc3_h64_L[16]_strict_seed42_ablation_none_l16_fc3_h64.pth,noise3_exp/ablation_mne_l2_vs_weight_decay_l16_fc3_h4_h8_h16_h32_h64_h128/strict_seed_train_rate_uniform_L16_T16/fc3_h64/no_regularization/seed_42/noise_sweep_matrix_mnist_fc3_h64_T16_mode_rate_uniform_schedule_normal_seed_42.csv
fc3_h64,64,no_regularization,42,16,16,rate_uniform,0.75,69.43,mnist-checkpoints/fc3_h64_L[16]_strict_seed42_ablation_none_l16_fc3_h64.pth,noise3_exp/ablation_mne_l2_vs_weight_decay_l16_fc3_h4_h8_h16_h32_h64_h128/strict_seed_train_rate_uniform_L16_T16/fc3_h64/no_regularization/seed_42/noise_sweep_matrix_mnist_fc3_h64_T16_mode_rate_uniform_schedule_normal_seed_42.csv
fc3_h64,64,no_regularization,42,16,16,rate_uniform,0.8,65.06,mnist-checkpoints/fc3_h64_L[16]_strict_seed42_ablation_none_l16_fc3_h64.pth,noise3_exp/ablation_mne_l2_vs_weight_decay_l16_fc3_h4_h8_h16_h32_h64_h128/strict_seed_train_rate_uniform_L16_T16/fc3_h64/no_regularization/seed_42/noise_sweep_matrix_mnist_fc3_h64_T16_mode_rate_uniform_schedule_normal_seed_42.csv
fc3_h64,64,no_regularization,42,16,16,rate_uniform,0.85,61.15,mnist-checkpoints/fc3_h64_L[16]_strict_seed42_ablation_none_l16_fc3_h64.pth,noise3_exp/ablation_mne_l2_vs_weight_decay_l16_fc3_h4_h8_h16_h32_h64_h128/strict_seed_train_rate_uniform_L16_T16/fc3_h64/no_regularization/seed_42/noise_sweep_matrix_mnist_fc3_h64_T16_mode_rate_uniform_schedule_normal_seed_42.csv
fc3_h64,64,no_regularization,42,16,16,rate_uniform,0.9,58.6,mnist-checkpoints/fc3_h64_L[16]_strict_seed42_ablation_none_l16_fc3_h64.pth,noise3_exp/ablation_mne_l2_vs_weight_decay_l16_fc3_h4_h8_h16_h32_h64_h128/strict_seed_train_rate_uniform_L16_T16/fc3_h64/no_regularization/seed_42/noise_sweep_matrix_mnist_fc3_h64_T16_mode_rate_uniform_schedule_normal_seed_42.csv
fc3_h64,64,no_regularization,42,16,16,rate_uniform,0.95,54.32,mnist-checkpoints/fc3_h64_L[16]_strict_seed42_ablation_none_l16_fc3_h64.pth,noise3_exp/ablation_mne_l2_vs_weight_decay_l16_fc3_h4_h8_h16_h32_h64_h128/strict_seed_train_rate_uniform_L16_T16/fc3_h64/no_regularization/seed_42/noise_sweep_matrix_mnist_fc3_h64_T16_mode_rate_uniform_schedule_normal_seed_42.csv
fc3_h64,64,no_regularization,42,16,16,rate_uniform,1.0,51.86,mnist-checkpoints/fc3_h64_L[16]_strict_seed42_ablation_none_l16_fc3_h64.pth,noise3_exp/ablation_mne_l2_vs_weight_decay_l16_fc3_h4_h8_h16_h32_h64_h128/strict_seed_train_rate_uniform_L16_T16/fc3_h64/no_regularization/seed_42/noise_sweep_matrix_mnist_fc3_h64_T16_mode_rate_uniform_schedule_normal_seed_42.csv
fc3_h64,64,no_regularization,43,16,16,rate_uniform,0.0,96.65,mnist-checkpoints/fc3_h64_L[16]_strict_seed43_ablation_none_l16_fc3_h64.pth,noise3_exp/ablation_mne_l2_vs_weight_decay_l16_fc3_h4_h8_h16_h32_h64_h128/strict_seed_train_rate_uniform_L16_T16/fc3_h64/no_regularization/seed_43/noise_sweep_matrix_mnist_fc3_h64_T16_mode_rate_uniform_schedule_normal_seed_43.csv
fc3_h64,64,no_regularization,43,16,16,rate_uniform,0.05,96.68,mnist-checkpoints/fc3_h64_L[16]_strict_seed43_ablation_none_l16_fc3_h64.pth,noise3_exp/ablation_mne_l2_vs_weight_decay_l16_fc3_h4_h8_h16_h32_h64_h128/strict_seed_train_rate_uniform_L16_T16/fc3_h64/no_regularization/seed_43/noise_sweep_matrix_mnist_fc3_h64_T16_mode_rate_uniform_schedule_normal_seed_43.csv
fc3_h64,64,no_regularization,43,16,16,rate_uniform,0.1,96.55,mnist-checkpoints/fc3_h64_L[16]_strict_seed43_ablation_none_l16_fc3_h64.pth,noise3_exp/ablation_mne_l2_vs_weight_decay_l16_fc3_h4_h8_h16_h32_h64_h128/strict_seed_train_rate_uniform_L16_T16/fc3_h64/no_regularization/seed_43/noise_sweep_matrix_mnist_fc3_h64_T16_mode_rate_uniform_schedule_normal_seed_43.csv
fc3_h64,64,no_regularization,43,16,16,rate_uniform,0.15,96.56,mnist-checkpoints/fc3_h64_L[16]_strict_seed43_ablation_none_l16_fc3_h64.pth,noise3_exp/ablation_mne_l2_vs_weight_decay_l16_fc3_h4_h8_h16_h32_h64_h128/strict_seed_train_rate_uniform_L16_T16/fc3_h64/no_regularization/seed_43/noise_sweep_matrix_mnist_fc3_h64_T16_mode_rate_uniform_schedule_normal_seed_43.csv
fc3_h64,64,no_regularization,43,16,16,rate_uniform,0.2,96.58,mnist-checkpoints/fc3_h64_L[16]_strict_seed43_ablation_none_l16_fc3_h64.pth,noise3_exp/ablation_mne_l2_vs_weight_decay_l16_fc3_h4_h8_h16_h32_h64_h128/strict_seed_train_rate_uniform_L16_T16/fc3_h64/no_regularization/seed_43/noise_sweep_matrix_mnist_fc3_h64_T16_mode_rate_uniform_schedule_normal_seed_43.csv
fc3_h64,64,no_regularization,43,16,16,rate_uniform,0.25,96.56,mnist-checkpoints/fc3_h64_L[16]_strict_seed43_ablation_none_l16_fc3_h64.pth,noise3_exp/ablation_mne_l2_vs_weight_decay_l16_fc3_h4_h8_h16_h32_h64_h128/strict_seed_train_rate_uniform_L16_T16/fc3_h64/no_regularization/seed_43/noise_sweep_matrix_mnist_fc3_h64_T16_mode_rate_uniform_schedule_normal_seed_43.csv
fc3_h64,64,no_regularization,43,16,16,rate_uniform,0.3,96.52,mnist-checkpoints/fc3_h64_L[16]_strict_seed43_ablation_none_l16_fc3_h64.pth,noise3_exp/ablation_mne_l2_vs_weight_decay_l16_fc3_h4_h8_h16_h32_h64_h128/strict_seed_train_rate_uniform_L16_T16/fc3_h64/no_regularization/seed_43/noise_sweep_matrix_mnist_fc3_h64_T16_mode_rate_uniform_schedule_normal_seed_43.csv
fc3_h64,64,no_regularization,43,16,16,rate_uniform,0.35,96.23,mnist-checkpoints/fc3_h64_L[16]_strict_seed43_ablation_none_l16_fc3_h64.pth,noise3_exp/ablation_mne_l2_vs_weight_decay_l16_fc3_h4_h8_h16_h32_h64_h128/strict_seed_train_rate_uniform_L16_T16/fc3_h64/no_regularization/seed_43/noise_sweep_matrix_mnist_fc3_h64_T16_mode_rate_uniform_schedule_normal_seed_43.csv
fc3_h64,64,no_regularization,43,16,16,rate_uniform,0.4,95.38,mnist-checkpoints/fc3_h64_L[16]_strict_seed43_ablation_none_l16_fc3_h64.pth,noise3_exp/ablation_mne_l2_vs_weight_decay_l16_fc3_h4_h8_h16_h32_h64_h128/strict_seed_train_rate_uniform_L16_T16/fc3_h64/no_regularization/seed_43/noise_sweep_matrix_mnist_fc3_h64_T16_mode_rate_uniform_schedule_normal_seed_43.csv
fc3_h64,64,no_regularization,43,16,16,rate_uniform,0.45,93.77,mnist-checkpoints/fc3_h64_L[16]_strict_seed43_ablation_none_l16_fc3_h64.pth,noise3_exp/ablation_mne_l2_vs_weight_decay_l16_fc3_h4_h8_h16_h32_h64_h128/strict_seed_train_rate_uniform_L16_T16/fc3_h64/no_regularization/seed_43/noise_sweep_matrix_mnist_fc3_h64_T16_mode_rate_uniform_schedule_normal_seed_43.csv
fc3_h64,64,no_regularization,43,16,16,rate_uniform,0.5,91.21,mnist-checkpoints/fc3_h64_L[16]_strict_seed43_ablation_none_l16_fc3_h64.pth,noise3_exp/ablation_mne_l2_vs_weight_decay_l16_fc3_h4_h8_h16_h32_h64_h128/strict_seed_train_rate_uniform_L16_T16/fc3_h64/no_regularization/seed_43/noise_sweep_matrix_mnist_fc3_h64_T16_mode_rate_uniform_schedule_normal_seed_43.csv
fc3_h64,64,no_regularization,43,16,16,rate_uniform,0.55,87.34,mnist-checkpoints/fc3_h64_L[16]_strict_seed43_ablation_none_l16_fc3_h64.pth,noise3_exp/ablation_mne_l2_vs_weight_decay_l16_fc3_h4_h8_h16_h32_h64_h128/strict_seed_train_rate_uniform_L16_T16/fc3_h64/no_regularization/seed_43/noise_sweep_matrix_mnist_fc3_h64_T16_mode_rate_uniform_schedule_normal_seed_43.csv
fc3_h64,64,no_regularization,43,16,16,rate_uniform,0.6,82.79,mnist-checkpoints/fc3_h64_L[16]_strict_seed43_ablation_none_l16_fc3_h64.pth,noise3_exp/ablation_mne_l2_vs_weight_decay_l16_fc3_h4_h8_h16_h32_h64_h128/strict_seed_train_rate_uniform_L16_T16/fc3_h64/no_regularization/seed_43/noise_sweep_matrix_mnist_fc3_h64_T16_mode_rate_uniform_schedule_normal_seed_43.csv
fc3_h64,64,no_regularization,43,16,16,rate_uniform,0.65,78.72,mnist-checkpoints/fc3_h64_L[16]_strict_seed43_ablation_none_l16_fc3_h64.pth,noise3_exp/ablation_mne_l2_vs_weight_decay_l16_fc3_h4_h8_h16_h32_h64_h128/strict_seed_train_rate_uniform_L16_T16/fc3_h64/no_regularization/seed_43/noise_sweep_matrix_mnist_fc3_h64_T16_mode_rate_uniform_schedule_normal_seed_43.csv
fc3_h64,64,no_regularization,43,16,16,rate_uniform,0.7,73.74,mnist-checkpoints/fc3_h64_L[16]_strict_seed43_ablation_none_l16_fc3_h64.pth,noise3_exp/ablation_mne_l2_vs_weight_decay_l16_fc3_h4_h8_h16_h32_h64_h128/strict_seed_train_rate_uniform_L16_T16/fc3_h64/no_regularization/seed_43/noise_sweep_matrix_mnist_fc3_h64_T16_mode_rate_uniform_schedule_normal_seed_43.csv
fc3_h64,64,no_regularization,43,16,16,rate_uniform,0.75,69.3,mnist-checkpoints/fc3_h64_L[16]_strict_seed43_ablation_none_l16_fc3_h64.pth,noise3_exp/ablation_mne_l2_vs_weight_decay_l16_fc3_h4_h8_h16_h32_h64_h128/strict_seed_train_rate_uniform_L16_T16/fc3_h64/no_regularization/seed_43/noise_sweep_matrix_mnist_fc3_h64_T16_mode_rate_uniform_schedule_normal_seed_43.csv
fc3_h64,64,no_regularization,43,16,16,rate_uniform,0.8,65.68,mnist-checkpoints/fc3_h64_L[16]_strict_seed43_ablation_none_l16_fc3_h64.pth,noise3_exp/ablation_mne_l2_vs_weight_decay_l16_fc3_h4_h8_h16_h32_h64_h128/strict_seed_train_rate_uniform_L16_T16/fc3_h64/no_regularization/seed_43/noise_sweep_matrix_mnist_fc3_h64_T16_mode_rate_uniform_schedule_normal_seed_43.csv
fc3_h64,64,no_regularization,43,16,16,rate_uniform,0.85,61.51,mnist-checkpoints/fc3_h64_L[16]_strict_seed43_ablation_none_l16_fc3_h64.pth,noise3_exp/ablation_mne_l2_vs_weight_decay_l16_fc3_h4_h8_h16_h32_h64_h128/strict_seed_train_rate_uniform_L16_T16/fc3_h64/no_regularization/seed_43/noise_sweep_matrix_mnist_fc3_h64_T16_mode_rate_uniform_schedule_normal_seed_43.csv
fc3_h64,64,no_regularization,43,16,16,rate_uniform,0.9,58.39,mnist-checkpoints/fc3_h64_L[16]_strict_seed43_ablation_none_l16_fc3_h64.pth,noise3_exp/ablation_mne_l2_vs_weight_decay_l16_fc3_h4_h8_h16_h32_h64_h128/strict_seed_train_rate_uniform_L16_T16/fc3_h64/no_regularization/seed_43/noise_sweep_matrix_mnist_fc3_h64_T16_mode_rate_uniform_schedule_normal_seed_43.csv
fc3_h64,64,no_regularization,43,16,16,rate_uniform,0.95,55.56,mnist-checkpoints/fc3_h64_L[16]_strict_seed43_ablation_none_l16_fc3_h64.pth,noise3_exp/ablation_mne_l2_vs_weight_decay_l16_fc3_h4_h8_h16_h32_h64_h128/strict_seed_train_rate_uniform_L16_T16/fc3_h64/no_regularization/seed_43/noise_sweep_matrix_mnist_fc3_h64_T16_mode_rate_uniform_schedule_normal_seed_43.csv
fc3_h64,64,no_regularization,43,16,16,rate_uniform,1.0,51.85,mnist-checkpoints/fc3_h64_L[16]_strict_seed43_ablation_none_l16_fc3_h64.pth,noise3_exp/ablation_mne_l2_vs_weight_decay_l16_fc3_h4_h8_h16_h32_h64_h128/strict_seed_train_rate_uniform_L16_T16/fc3_h64/no_regularization/seed_43/noise_sweep_matrix_mnist_fc3_h64_T16_mode_rate_uniform_schedule_normal_seed_43.csv
fc3_h64,64,no_regularization,44,16,16,rate_uniform,0.0,96.93,mnist-checkpoints/fc3_h64_L[16]_strict_seed44_ablation_none_l16_fc3_h64.pth,noise3_exp/ablation_mne_l2_vs_weight_decay_l16_fc3_h4_h8_h16_h32_h64_h128/strict_seed_train_rate_uniform_L16_T16/fc3_h64/no_regularization/seed_44/noise_sweep_matrix_mnist_fc3_h64_T16_mode_rate_uniform_schedule_normal_seed_44.csv
fc3_h64,64,no_regularization,44,16,16,rate_uniform,0.05,96.88,mnist-checkpoints/fc3_h64_L[16]_strict_seed44_ablation_none_l16_fc3_h64.pth,noise3_exp/ablation_mne_l2_vs_weight_decay_l16_fc3_h4_h8_h16_h32_h64_h128/strict_seed_train_rate_uniform_L16_T16/fc3_h64/no_regularization/seed_44/noise_sweep_matrix_mnist_fc3_h64_T16_mode_rate_uniform_schedule_normal_seed_44.csv
fc3_h64,64,no_regularization,44,16,16,rate_uniform,0.1,96.88,mnist-checkpoints/fc3_h64_L[16]_strict_seed44_ablation_none_l16_fc3_h64.pth,noise3_exp/ablation_mne_l2_vs_weight_decay_l16_fc3_h4_h8_h16_h32_h64_h128/strict_seed_train_rate_uniform_L16_T16/fc3_h64/no_regularization/seed_44/noise_sweep_matrix_mnist_fc3_h64_T16_mode_rate_uniform_schedule_normal_seed_44.csv
fc3_h64,64,no_regularization,44,16,16,rate_uniform,0.15,96.81,mnist-checkpoints/fc3_h64_L[16]_strict_seed44_ablation_none_l16_fc3_h64.pth,noise3_exp/ablation_mne_l2_vs_weight_decay_l16_fc3_h4_h8_h16_h32_h64_h128/strict_seed_train_rate_uniform_L16_T16/fc3_h64/no_regularization/seed_44/noise_sweep_matrix_mnist_fc3_h64_T16_mode_rate_uniform_schedule_normal_seed_44.csv
fc3_h64,64,no_regularization,44,16,16,rate_uniform,0.2,96.78,mnist-checkpoints/fc3_h64_L[16]_strict_seed44_ablation_none_l16_fc3_h64.pth,noise3_exp/ablation_mne_l2_vs_weight_decay_l16_fc3_h4_h8_h16_h32_h64_h128/strict_seed_train_rate_uniform_L16_T16/fc3_h64/no_regularization/seed_44/noise_sweep_matrix_mnist_fc3_h64_T16_mode_rate_uniform_schedule_normal_seed_44.csv
fc3_h64,64,no_regularization,44,16,16,rate_uniform,0.25,96.74,mnist-checkpoints/fc3_h64_L[16]_strict_seed44_ablation_none_l16_fc3_h64.pth,noise3_exp/ablation_mne_l2_vs_weight_decay_l16_fc3_h4_h8_h16_h32_h64_h128/strict_seed_train_rate_uniform_L16_T16/fc3_h64/no_regularization/seed_44/noise_sweep_matrix_mnist_fc3_h64_T16_mode_rate_uniform_schedule_normal_seed_44.csv
fc3_h64,64,no_regularization,44,16,16,rate_uniform,0.3,96.78,mnist-checkpoints/fc3_h64_L[16]_strict_seed44_ablation_none_l16_fc3_h64.pth,noise3_exp/ablation_mne_l2_vs_weight_decay_l16_fc3_h4_h8_h16_h32_h64_h128/strict_seed_train_rate_uniform_L16_T16/fc3_h64/no_regularization/seed_44/noise_sweep_matrix_mnist_fc3_h64_T16_mode_rate_uniform_schedule_normal_seed_44.csv
fc3_h64,64,no_regularization,44,16,16,rate_uniform,0.35,96.49,mnist-checkpoints/fc3_h64_L[16]_strict_seed44_ablation_none_l16_fc3_h64.pth,noise3_exp/ablation_mne_l2_vs_weight_decay_l16_fc3_h4_h8_h16_h32_h64_h128/strict_seed_train_rate_uniform_L16_T16/fc3_h64/no_regularization/seed_44/noise_sweep_matrix_mnist_fc3_h64_T16_mode_rate_uniform_schedule_normal_seed_44.csv
fc3_h64,64,no_regularization,44,16,16,rate_uniform,0.4,95.86,mnist-checkpoints/fc3_h64_L[16]_strict_seed44_ablation_none_l16_fc3_h64.pth,noise3_exp/ablation_mne_l2_vs_weight_decay_l16_fc3_h4_h8_h16_h32_h64_h128/strict_seed_train_rate_uniform_L16_T16/fc3_h64/no_regularization/seed_44/noise_sweep_matrix_mnist_fc3_h64_T16_mode_rate_uniform_schedule_normal_seed_44.csv
fc3_h64,64,no_regularization,44,16,16,rate_uniform,0.45,94.46,mnist-checkpoints/fc3_h64_L[16]_strict_seed44_ablation_none_l16_fc3_h64.pth,noise3_exp/ablation_mne_l2_vs_weight_decay_l16_fc3_h4_h8_h16_h32_h64_h128/strict_seed_train_rate_uniform_L16_T16/fc3_h64/no_regularization/seed_44/noise_sweep_matrix_mnist_fc3_h64_T16_mode_rate_uniform_schedule_normal_seed_44.csv
fc3_h64,64,no_regularization,44,16,16,rate_uniform,0.5,91.72,mnist-checkpoints/fc3_h64_L[16]_strict_seed44_ablation_none_l16_fc3_h64.pth,noise3_exp/ablation_mne_l2_vs_weight_decay_l16_fc3_h4_h8_h16_h32_h64_h128/strict_seed_train_rate_uniform_L16_T16/fc3_h64/no_regularization/seed_44/noise_sweep_matrix_mnist_fc3_h64_T16_mode_rate_uniform_schedule_normal_seed_44.csv
fc3_h64,64,no_regularization,44,16,16,rate_uniform,0.55,87.66,mnist-checkpoints/fc3_h64_L[16]_strict_seed44_ablation_none_l16_fc3_h64.pth,noise3_exp/ablation_mne_l2_vs_weight_decay_l16_fc3_h4_h8_h16_h32_h64_h128/strict_seed_train_rate_uniform_L16_T16/fc3_h64/no_regularization/seed_44/noise_sweep_matrix_mnist_fc3_h64_T16_mode_rate_uniform_schedule_normal_seed_44.csv
fc3_h64,64,no_regularization,44,16,16,rate_uniform,0.6,83.29,mnist-checkpoints/fc3_h64_L[16]_strict_seed44_ablation_none_l16_fc3_h64.pth,noise3_exp/ablation_mne_l2_vs_weight_decay_l16_fc3_h4_h8_h16_h32_h64_h128/strict_seed_train_rate_uniform_L16_T16/fc3_h64/no_regularization/seed_44/noise_sweep_matrix_mnist_fc3_h64_T16_mode_rate_uniform_schedule_normal_seed_44.csv
fc3_h64,64,no_regularization,44,16,16,rate_uniform,0.65,78.5,mnist-checkpoints/fc3_h64_L[16]_strict_seed44_ablation_none_l16_fc3_h64.pth,noise3_exp/ablation_mne_l2_vs_weight_decay_l16_fc3_h4_h8_h16_h32_h64_h128/strict_seed_train_rate_uniform_L16_T16/fc3_h64/no_regularization/seed_44/noise_sweep_matrix_mnist_fc3_h64_T16_mode_rate_uniform_schedule_normal_seed_44.csv
fc3_h64,64,no_regularization,44,16,16,rate_uniform,0.7,73.61,mnist-checkpoints/fc3_h64_L[16]_strict_seed44_ablation_none_l16_fc3_h64.pth,noise3_exp/ablation_mne_l2_vs_weight_decay_l16_fc3_h4_h8_h16_h32_h64_h128/strict_seed_train_rate_uniform_L16_T16/fc3_h64/no_regularization/seed_44/noise_sweep_matrix_mnist_fc3_h64_T16_mode_rate_uniform_schedule_normal_seed_44.csv
fc3_h64,64,no_regularization,44,16,16,rate_uniform,0.75,70.01,mnist-checkpoints/fc3_h64_L[16]_strict_seed44_ablation_none_l16_fc3_h64.pth,noise3_exp/ablation_mne_l2_vs_weight_decay_l16_fc3_h4_h8_h16_h32_h64_h128/strict_seed_train_rate_uniform_L16_T16/fc3_h64/no_regularization/seed_44/noise_sweep_matrix_mnist_fc3_h64_T16_mode_rate_uniform_schedule_normal_seed_44.csv
fc3_h64,64,no_regularization,44,16,16,rate_uniform,0.8,65.36,mnist-checkpoints/fc3_h64_L[16]_strict_seed44_ablation_none_l16_fc3_h64.pth,noise3_exp/ablation_mne_l2_vs_weight_decay_l16_fc3_h4_h8_h16_h32_h64_h128/strict_seed_train_rate_uniform_L16_T16/fc3_h64/no_regularization/seed_44/noise_sweep_matrix_mnist_fc3_h64_T16_mode_rate_uniform_schedule_normal_seed_44.csv
fc3_h64,64,no_regularization,44,16,16,rate_uniform,0.85,62.05,mnist-checkpoints/fc3_h64_L[16]_strict_seed44_ablation_none_l16_fc3_h64.pth,noise3_exp/ablation_mne_l2_vs_weight_decay_l16_fc3_h4_h8_h16_h32_h64_h128/strict_seed_train_rate_uniform_L16_T16/fc3_h64/no_regularization/seed_44/noise_sweep_matrix_mnist_fc3_h64_T16_mode_rate_uniform_schedule_normal_seed_44.csv
fc3_h64,64,no_regularization,44,16,16,rate_uniform,0.9,58.76,mnist-checkpoints/fc3_h64_L[16]_strict_seed44_ablation_none_l16_fc3_h64.pth,noise3_exp/ablation_mne_l2_vs_weight_decay_l16_fc3_h4_h8_h16_h32_h64_h128/strict_seed_train_rate_uniform_L16_T16/fc3_h64/no_regularization/seed_44/noise_sweep_matrix_mnist_fc3_h64_T16_mode_rate_uniform_schedule_normal_seed_44.csv
fc3_h64,64,no_regularization,44,16,16,rate_uniform,0.95,55.43,mnist-checkpoints/fc3_h64_L[16]_strict_seed44_ablation_none_l16_fc3_h64.pth,noise3_exp/ablation_mne_l2_vs_weight_decay_l16_fc3_h4_h8_h16_h32_h64_h128/strict_seed_train_rate_uniform_L16_T16/fc3_h64/no_regularization/seed_44/noise_sweep_matrix_mnist_fc3_h64_T16_mode_rate_uniform_schedule_normal_seed_44.csv
fc3_h64,64,no_regularization,44,16,16,rate_uniform,1.0,52.99,mnist-checkpoints/fc3_h64_L[16]_strict_seed44_ablation_none_l16_fc3_h64.pth,noise3_exp/ablation_mne_l2_vs_weight_decay_l16_fc3_h4_h8_h16_h32_h64_h128/strict_seed_train_rate_uniform_L16_T16/fc3_h64/no_regularization/seed_44/noise_sweep_matrix_mnist_fc3_h64_T16_mode_rate_uniform_schedule_normal_seed_44.csv
fc3_h128,128,mne_l2,40,16,16,rate_uniform,0.0,98.12,mnist-checkpoints/fc3_h128_L[16]_strict_seed40_ablation_mne_l2_l16_fc3_h128_rc5em02.pth,noise3_exp/ablation_mne_l2_vs_weight_decay_l16_fc3_h4_h8_h16_h32_h64_h128/strict_seed_train_rate_uniform_L16_T16/fc3_h128/mne_l2/seed_40/noise_sweep_matrix_mnist_fc3_h128_T16_mode_rate_uniform_schedule_normal_seed_40.csv
fc3_h128,128,mne_l2,40,16,16,rate_uniform,0.05,98.1,mnist-checkpoints/fc3_h128_L[16]_strict_seed40_ablation_mne_l2_l16_fc3_h128_rc5em02.pth,noise3_exp/ablation_mne_l2_vs_weight_decay_l16_fc3_h4_h8_h16_h32_h64_h128/strict_seed_train_rate_uniform_L16_T16/fc3_h128/mne_l2/seed_40/noise_sweep_matrix_mnist_fc3_h128_T16_mode_rate_uniform_schedule_normal_seed_40.csv
fc3_h128,128,mne_l2,40,16,16,rate_uniform,0.1,98.0,mnist-checkpoints/fc3_h128_L[16]_strict_seed40_ablation_mne_l2_l16_fc3_h128_rc5em02.pth,noise3_exp/ablation_mne_l2_vs_weight_decay_l16_fc3_h4_h8_h16_h32_h64_h128/strict_seed_train_rate_uniform_L16_T16/fc3_h128/mne_l2/seed_40/noise_sweep_matrix_mnist_fc3_h128_T16_mode_rate_uniform_schedule_normal_seed_40.csv
fc3_h128,128,mne_l2,40,16,16,rate_uniform,0.15,98.0,mnist-checkpoints/fc3_h128_L[16]_strict_seed40_ablation_mne_l2_l16_fc3_h128_rc5em02.pth,noise3_exp/ablation_mne_l2_vs_weight_decay_l16_fc3_h4_h8_h16_h32_h64_h128/strict_seed_train_rate_uniform_L16_T16/fc3_h128/mne_l2/seed_40/noise_sweep_matrix_mnist_fc3_h128_T16_mode_rate_uniform_schedule_normal_seed_40.csv
fc3_h128,128,mne_l2,40,16,16,rate_uniform,0.2,97.84,mnist-checkpoints/fc3_h128_L[16]_strict_seed40_ablation_mne_l2_l16_fc3_h128_rc5em02.pth,noise3_exp/ablation_mne_l2_vs_weight_decay_l16_fc3_h4_h8_h16_h32_h64_h128/strict_seed_train_rate_uniform_L16_T16/fc3_h128/mne_l2/seed_40/noise_sweep_matrix_mnist_fc3_h128_T16_mode_rate_uniform_schedule_normal_seed_40.csv
fc3_h128,128,mne_l2,40,16,16,rate_uniform,0.25,98.01,mnist-checkpoints/fc3_h128_L[16]_strict_seed40_ablation_mne_l2_l16_fc3_h128_rc5em02.pth,noise3_exp/ablation_mne_l2_vs_weight_decay_l16_fc3_h4_h8_h16_h32_h64_h128/strict_seed_train_rate_uniform_L16_T16/fc3_h128/mne_l2/seed_40/noise_sweep_matrix_mnist_fc3_h128_T16_mode_rate_uniform_schedule_normal_seed_40.csv
fc3_h128,128,mne_l2,40,16,16,rate_uniform,0.3,98.08,mnist-checkpoints/fc3_h128_L[16]_strict_seed40_ablation_mne_l2_l16_fc3_h128_rc5em02.pth,noise3_exp/ablation_mne_l2_vs_weight_decay_l16_fc3_h4_h8_h16_h32_h64_h128/strict_seed_train_rate_uniform_L16_T16/fc3_h128/mne_l2/seed_40/noise_sweep_matrix_mnist_fc3_h128_T16_mode_rate_uniform_schedule_normal_seed_40.csv
fc3_h128,128,mne_l2,40,16,16,rate_uniform,0.35,97.75,mnist-checkpoints/fc3_h128_L[16]_strict_seed40_ablation_mne_l2_l16_fc3_h128_rc5em02.pth,noise3_exp/ablation_mne_l2_vs_weight_decay_l16_fc3_h4_h8_h16_h32_h64_h128/strict_seed_train_rate_uniform_L16_T16/fc3_h128/mne_l2/seed_40/noise_sweep_matrix_mnist_fc3_h128_T16_mode_rate_uniform_schedule_normal_seed_40.csv
fc3_h128,128,mne_l2,40,16,16,rate_uniform,0.4,97.86,mnist-checkpoints/fc3_h128_L[16]_strict_seed40_ablation_mne_l2_l16_fc3_h128_rc5em02.pth,noise3_exp/ablation_mne_l2_vs_weight_decay_l16_fc3_h4_h8_h16_h32_h64_h128/strict_seed_train_rate_uniform_L16_T16/fc3_h128/mne_l2/seed_40/noise_sweep_matrix_mnist_fc3_h128_T16_mode_rate_uniform_schedule_normal_seed_40.csv
fc3_h128,128,mne_l2,40,16,16,rate_uniform,0.45,97.63,mnist-checkpoints/fc3_h128_L[16]_strict_seed40_ablation_mne_l2_l16_fc3_h128_rc5em02.pth,noise3_exp/ablation_mne_l2_vs_weight_decay_l16_fc3_h4_h8_h16_h32_h64_h128/strict_seed_train_rate_uniform_L16_T16/fc3_h128/mne_l2/seed_40/noise_sweep_matrix_mnist_fc3_h128_T16_mode_rate_uniform_schedule_normal_seed_40.csv
fc3_h128,128,mne_l2,40,16,16,rate_uniform,0.5,97.5,mnist-checkpoints/fc3_h128_L[16]_strict_seed40_ablation_mne_l2_l16_fc3_h128_rc5em02.pth,noise3_exp/ablation_mne_l2_vs_weight_decay_l16_fc3_h4_h8_h16_h32_h64_h128/strict_seed_train_rate_uniform_L16_T16/fc3_h128/mne_l2/seed_40/noise_sweep_matrix_mnist_fc3_h128_T16_mode_rate_uniform_schedule_normal_seed_40.csv
fc3_h128,128,mne_l2,40,16,16,rate_uniform,0.55,97.22,mnist-checkpoints/fc3_h128_L[16]_strict_seed40_ablation_mne_l2_l16_fc3_h128_rc5em02.pth,noise3_exp/ablation_mne_l2_vs_weight_decay_l16_fc3_h4_h8_h16_h32_h64_h128/strict_seed_train_rate_uniform_L16_T16/fc3_h128/mne_l2/seed_40/noise_sweep_matrix_mnist_fc3_h128_T16_mode_rate_uniform_schedule_normal_seed_40.csv
fc3_h128,128,mne_l2,40,16,16,rate_uniform,0.6,96.94,mnist-checkpoints/fc3_h128_L[16]_strict_seed40_ablation_mne_l2_l16_fc3_h128_rc5em02.pth,noise3_exp/ablation_mne_l2_vs_weight_decay_l16_fc3_h4_h8_h16_h32_h64_h128/strict_seed_train_rate_uniform_L16_T16/fc3_h128/mne_l2/seed_40/noise_sweep_matrix_mnist_fc3_h128_T16_mode_rate_uniform_schedule_normal_seed_40.csv
fc3_h128,128,mne_l2,40,16,16,rate_uniform,0.65,96.43,mnist-checkpoints/fc3_h128_L[16]_strict_seed40_ablation_mne_l2_l16_fc3_h128_rc5em02.pth,noise3_exp/ablation_mne_l2_vs_weight_decay_l16_fc3_h4_h8_h16_h32_h64_h128/strict_seed_train_rate_uniform_L16_T16/fc3_h128/mne_l2/seed_40/noise_sweep_matrix_mnist_fc3_h128_T16_mode_rate_uniform_schedule_normal_seed_40.csv
fc3_h128,128,mne_l2,40,16,16,rate_uniform,0.7,95.98,mnist-checkpoints/fc3_h128_L[16]_strict_seed40_ablation_mne_l2_l16_fc3_h128_rc5em02.pth,noise3_exp/ablation_mne_l2_vs_weight_decay_l16_fc3_h4_h8_h16_h32_h64_h128/strict_seed_train_rate_uniform_L16_T16/fc3_h128/mne_l2/seed_40/noise_sweep_matrix_mnist_fc3_h128_T16_mode_rate_uniform_schedule_normal_seed_40.csv
fc3_h128,128,mne_l2,40,16,16,rate_uniform,0.75,94.96,mnist-checkpoints/fc3_h128_L[16]_strict_seed40_ablation_mne_l2_l16_fc3_h128_rc5em02.pth,noise3_exp/ablation_mne_l2_vs_weight_decay_l16_fc3_h4_h8_h16_h32_h64_h128/strict_seed_train_rate_uniform_L16_T16/fc3_h128/mne_l2/seed_40/noise_sweep_matrix_mnist_fc3_h128_T16_mode_rate_uniform_schedule_normal_seed_40.csv
fc3_h128,128,mne_l2,40,16,16,rate_uniform,0.8,94.02,mnist-checkpoints/fc3_h128_L[16]_strict_seed40_ablation_mne_l2_l16_fc3_h128_rc5em02.pth,noise3_exp/ablation_mne_l2_vs_weight_decay_l16_fc3_h4_h8_h16_h32_h64_h128/strict_seed_train_rate_uniform_L16_T16/fc3_h128/mne_l2/seed_40/noise_sweep_matrix_mnist_fc3_h128_T16_mode_rate_uniform_schedule_normal_seed_40.csv
fc3_h128,128,mne_l2,40,16,16,rate_uniform,0.85,92.0,mnist-checkpoints/fc3_h128_L[16]_strict_seed40_ablation_mne_l2_l16_fc3_h128_rc5em02.pth,noise3_exp/ablation_mne_l2_vs_weight_decay_l16_fc3_h4_h8_h16_h32_h64_h128/strict_seed_train_rate_uniform_L16_T16/fc3_h128/mne_l2/seed_40/noise_sweep_matrix_mnist_fc3_h128_T16_mode_rate_uniform_schedule_normal_seed_40.csv
fc3_h128,128,mne_l2,40,16,16,rate_uniform,0.9,90.16,mnist-checkpoints/fc3_h128_L[16]_strict_seed40_ablation_mne_l2_l16_fc3_h128_rc5em02.pth,noise3_exp/ablation_mne_l2_vs_weight_decay_l16_fc3_h4_h8_h16_h32_h64_h128/strict_seed_train_rate_uniform_L16_T16/fc3_h128/mne_l2/seed_40/noise_sweep_matrix_mnist_fc3_h128_T16_mode_rate_uniform_schedule_normal_seed_40.csv
fc3_h128,128,mne_l2,40,16,16,rate_uniform,0.95,87.64,mnist-checkpoints/fc3_h128_L[16]_strict_seed40_ablation_mne_l2_l16_fc3_h128_rc5em02.pth,noise3_exp/ablation_mne_l2_vs_weight_decay_l16_fc3_h4_h8_h16_h32_h64_h128/strict_seed_train_rate_uniform_L16_T16/fc3_h128/mne_l2/seed_40/noise_sweep_matrix_mnist_fc3_h128_T16_mode_rate_uniform_schedule_normal_seed_40.csv
fc3_h128,128,mne_l2,40,16,16,rate_uniform,1.0,85.02,mnist-checkpoints/fc3_h128_L[16]_strict_seed40_ablation_mne_l2_l16_fc3_h128_rc5em02.pth,noise3_exp/ablation_mne_l2_vs_weight_decay_l16_fc3_h4_h8_h16_h32_h64_h128/strict_seed_train_rate_uniform_L16_T16/fc3_h128/mne_l2/seed_40/noise_sweep_matrix_mnist_fc3_h128_T16_mode_rate_uniform_schedule_normal_seed_40.csv
fc3_h128,128,mne_l2,41,16,16,rate_uniform,0.0,97.83,mnist-checkpoints/fc3_h128_L[16]_strict_seed41_ablation_mne_l2_l16_fc3_h128_rc5em02.pth,noise3_exp/ablation_mne_l2_vs_weight_decay_l16_fc3_h4_h8_h16_h32_h64_h128/strict_seed_train_rate_uniform_L16_T16/fc3_h128/mne_l2/seed_41/noise_sweep_matrix_mnist_fc3_h128_T16_mode_rate_uniform_schedule_normal_seed_41.csv
fc3_h128,128,mne_l2,41,16,16,rate_uniform,0.05,97.77,mnist-checkpoints/fc3_h128_L[16]_strict_seed41_ablation_mne_l2_l16_fc3_h128_rc5em02.pth,noise3_exp/ablation_mne_l2_vs_weight_decay_l16_fc3_h4_h8_h16_h32_h64_h128/strict_seed_train_rate_uniform_L16_T16/fc3_h128/mne_l2/seed_41/noise_sweep_matrix_mnist_fc3_h128_T16_mode_rate_uniform_schedule_normal_seed_41.csv
fc3_h128,128,mne_l2,41,16,16,rate_uniform,0.1,97.74,mnist-checkpoints/fc3_h128_L[16]_strict_seed41_ablation_mne_l2_l16_fc3_h128_rc5em02.pth,noise3_exp/ablation_mne_l2_vs_weight_decay_l16_fc3_h4_h8_h16_h32_h64_h128/strict_seed_train_rate_uniform_L16_T16/fc3_h128/mne_l2/seed_41/noise_sweep_matrix_mnist_fc3_h128_T16_mode_rate_uniform_schedule_normal_seed_41.csv
fc3_h128,128,mne_l2,41,16,16,rate_uniform,0.15,97.73,mnist-checkpoints/fc3_h128_L[16]_strict_seed41_ablation_mne_l2_l16_fc3_h128_rc5em02.pth,noise3_exp/ablation_mne_l2_vs_weight_decay_l16_fc3_h4_h8_h16_h32_h64_h128/strict_seed_train_rate_uniform_L16_T16/fc3_h128/mne_l2/seed_41/noise_sweep_matrix_mnist_fc3_h128_T16_mode_rate_uniform_schedule_normal_seed_41.csv
fc3_h128,128,mne_l2,41,16,16,rate_uniform,0.2,97.65,mnist-checkpoints/fc3_h128_L[16]_strict_seed41_ablation_mne_l2_l16_fc3_h128_rc5em02.pth,noise3_exp/ablation_mne_l2_vs_weight_decay_l16_fc3_h4_h8_h16_h32_h64_h128/strict_seed_train_rate_uniform_L16_T16/fc3_h128/mne_l2/seed_41/noise_sweep_matrix_mnist_fc3_h128_T16_mode_rate_uniform_schedule_normal_seed_41.csv
fc3_h128,128,mne_l2,41,16,16,rate_uniform,0.25,97.77,mnist-checkpoints/fc3_h128_L[16]_strict_seed41_ablation_mne_l2_l16_fc3_h128_rc5em02.pth,noise3_exp/ablation_mne_l2_vs_weight_decay_l16_fc3_h4_h8_h16_h32_h64_h128/strict_seed_train_rate_uniform_L16_T16/fc3_h128/mne_l2/seed_41/noise_sweep_matrix_mnist_fc3_h128_T16_mode_rate_uniform_schedule_normal_seed_41.csv
fc3_h128,128,mne_l2,41,16,16,rate_uniform,0.3,97.68,mnist-checkpoints/fc3_h128_L[16]_strict_seed41_ablation_mne_l2_l16_fc3_h128_rc5em02.pth,noise3_exp/ablation_mne_l2_vs_weight_decay_l16_fc3_h4_h8_h16_h32_h64_h128/strict_seed_train_rate_uniform_L16_T16/fc3_h128/mne_l2/seed_41/noise_sweep_matrix_mnist_fc3_h128_T16_mode_rate_uniform_schedule_normal_seed_41.csv
fc3_h128,128,mne_l2,41,16,16,rate_uniform,0.35,97.61,mnist-checkpoints/fc3_h128_L[16]_strict_seed41_ablation_mne_l2_l16_fc3_h128_rc5em02.pth,noise3_exp/ablation_mne_l2_vs_weight_decay_l16_fc3_h4_h8_h16_h32_h64_h128/strict_seed_train_rate_uniform_L16_T16/fc3_h128/mne_l2/seed_41/noise_sweep_matrix_mnist_fc3_h128_T16_mode_rate_uniform_schedule_normal_seed_41.csv
fc3_h128,128,mne_l2,41,16,16,rate_uniform,0.4,97.66,mnist-checkpoints/fc3_h128_L[16]_strict_seed41_ablation_mne_l2_l16_fc3_h128_rc5em02.pth,noise3_exp/ablation_mne_l2_vs_weight_decay_l16_fc3_h4_h8_h16_h32_h64_h128/strict_seed_train_rate_uniform_L16_T16/fc3_h128/mne_l2/seed_41/noise_sweep_matrix_mnist_fc3_h128_T16_mode_rate_uniform_schedule_normal_seed_41.csv
fc3_h128,128,mne_l2,41,16,16,rate_uniform,0.45,97.47,mnist-checkpoints/fc3_h128_L[16]_strict_seed41_ablation_mne_l2_l16_fc3_h128_rc5em02.pth,noise3_exp/ablation_mne_l2_vs_weight_decay_l16_fc3_h4_h8_h16_h32_h64_h128/strict_seed_train_rate_uniform_L16_T16/fc3_h128/mne_l2/seed_41/noise_sweep_matrix_mnist_fc3_h128_T16_mode_rate_uniform_schedule_normal_seed_41.csv
fc3_h128,128,mne_l2,41,16,16,rate_uniform,0.5,97.26,mnist-checkpoints/fc3_h128_L[16]_strict_seed41_ablation_mne_l2_l16_fc3_h128_rc5em02.pth,noise3_exp/ablation_mne_l2_vs_weight_decay_l16_fc3_h4_h8_h16_h32_h64_h128/strict_seed_train_rate_uniform_L16_T16/fc3_h128/mne_l2/seed_41/noise_sweep_matrix_mnist_fc3_h128_T16_mode_rate_uniform_schedule_normal_seed_41.csv
fc3_h128,128,mne_l2,41,16,16,rate_uniform,0.55,97.26,mnist-checkpoints/fc3_h128_L[16]_strict_seed41_ablation_mne_l2_l16_fc3_h128_rc5em02.pth,noise3_exp/ablation_mne_l2_vs_weight_decay_l16_fc3_h4_h8_h16_h32_h64_h128/strict_seed_train_rate_uniform_L16_T16/fc3_h128/mne_l2/seed_41/noise_sweep_matrix_mnist_fc3_h128_T16_mode_rate_uniform_schedule_normal_seed_41.csv
fc3_h128,128,mne_l2,41,16,16,rate_uniform,0.6,96.79,mnist-checkpoints/fc3_h128_L[16]_strict_seed41_ablation_mne_l2_l16_fc3_h128_rc5em02.pth,noise3_exp/ablation_mne_l2_vs_weight_decay_l16_fc3_h4_h8_h16_h32_h64_h128/strict_seed_train_rate_uniform_L16_T16/fc3_h128/mne_l2/seed_41/noise_sweep_matrix_mnist_fc3_h128_T16_mode_rate_uniform_schedule_normal_seed_41.csv
fc3_h128,128,mne_l2,41,16,16,rate_uniform,0.65,96.49,mnist-checkpoints/fc3_h128_L[16]_strict_seed41_ablation_mne_l2_l16_fc3_h128_rc5em02.pth,noise3_exp/ablation_mne_l2_vs_weight_decay_l16_fc3_h4_h8_h16_h32_h64_h128/strict_seed_train_rate_uniform_L16_T16/fc3_h128/mne_l2/seed_41/noise_sweep_matrix_mnist_fc3_h128_T16_mode_rate_uniform_schedule_normal_seed_41.csv
fc3_h128,128,mne_l2,41,16,16,rate_uniform,0.7,95.83,mnist-checkpoints/fc3_h128_L[16]_strict_seed41_ablation_mne_l2_l16_fc3_h128_rc5em02.pth,noise3_exp/ablation_mne_l2_vs_weight_decay_l16_fc3_h4_h8_h16_h32_h64_h128/strict_seed_train_rate_uniform_L16_T16/fc3_h128/mne_l2/seed_41/noise_sweep_matrix_mnist_fc3_h128_T16_mode_rate_uniform_schedule_normal_seed_41.csv
fc3_h128,128,mne_l2,41,16,16,rate_uniform,0.75,94.59,mnist-checkpoints/fc3_h128_L[16]_strict_seed41_ablation_mne_l2_l16_fc3_h128_rc5em02.pth,noise3_exp/ablation_mne_l2_vs_weight_decay_l16_fc3_h4_h8_h16_h32_h64_h128/strict_seed_train_rate_uniform_L16_T16/fc3_h128/mne_l2/seed_41/noise_sweep_matrix_mnist_fc3_h128_T16_mode_rate_uniform_schedule_normal_seed_41.csv
fc3_h128,128,mne_l2,41,16,16,rate_uniform,0.8,93.77,mnist-checkpoints/fc3_h128_L[16]_strict_seed41_ablation_mne_l2_l16_fc3_h128_rc5em02.pth,noise3_exp/ablation_mne_l2_vs_weight_decay_l16_fc3_h4_h8_h16_h32_h64_h128/strict_seed_train_rate_uniform_L16_T16/fc3_h128/mne_l2/seed_41/noise_sweep_matrix_mnist_fc3_h128_T16_mode_rate_uniform_schedule_normal_seed_41.csv
fc3_h128,128,mne_l2,41,16,16,rate_uniform,0.85,91.77,mnist-checkpoints/fc3_h128_L[16]_strict_seed41_ablation_mne_l2_l16_fc3_h128_rc5em02.pth,noise3_exp/ablation_mne_l2_vs_weight_decay_l16_fc3_h4_h8_h16_h32_h64_h128/strict_seed_train_rate_uniform_L16_T16/fc3_h128/mne_l2/seed_41/noise_sweep_matrix_mnist_fc3_h128_T16_mode_rate_uniform_schedule_normal_seed_41.csv
fc3_h128,128,mne_l2,41,16,16,rate_uniform,0.9,89.8,mnist-checkpoints/fc3_h128_L[16]_strict_seed41_ablation_mne_l2_l16_fc3_h128_rc5em02.pth,noise3_exp/ablation_mne_l2_vs_weight_decay_l16_fc3_h4_h8_h16_h32_h64_h128/strict_seed_train_rate_uniform_L16_T16/fc3_h128/mne_l2/seed_41/noise_sweep_matrix_mnist_fc3_h128_T16_mode_rate_uniform_schedule_normal_seed_41.csv
fc3_h128,128,mne_l2,41,16,16,rate_uniform,0.95,86.69,mnist-checkpoints/fc3_h128_L[16]_strict_seed41_ablation_mne_l2_l16_fc3_h128_rc5em02.pth,noise3_exp/ablation_mne_l2_vs_weight_decay_l16_fc3_h4_h8_h16_h32_h64_h128/strict_seed_train_rate_uniform_L16_T16/fc3_h128/mne_l2/seed_41/noise_sweep_matrix_mnist_fc3_h128_T16_mode_rate_uniform_schedule_normal_seed_41.csv
fc3_h128,128,mne_l2,41,16,16,rate_uniform,1.0,84.47,mnist-checkpoints/fc3_h128_L[16]_strict_seed41_ablation_mne_l2_l16_fc3_h128_rc5em02.pth,noise3_exp/ablation_mne_l2_vs_weight_decay_l16_fc3_h4_h8_h16_h32_h64_h128/strict_seed_train_rate_uniform_L16_T16/fc3_h128/mne_l2/seed_41/noise_sweep_matrix_mnist_fc3_h128_T16_mode_rate_uniform_schedule_normal_seed_41.csv
fc3_h128,128,mne_l2,42,16,16,rate_uniform,0.0,98.03,mnist-checkpoints/fc3_h128_L[16]_strict_seed42_ablation_mne_l2_l16_fc3_h128_rc5em02.pth,noise3_exp/ablation_mne_l2_vs_weight_decay_l16_fc3_h4_h8_h16_h32_h64_h128/strict_seed_train_rate_uniform_L16_T16/fc3_h128/mne_l2/seed_42/noise_sweep_matrix_mnist_fc3_h128_T16_mode_rate_uniform_schedule_normal_seed_42.csv
fc3_h128,128,mne_l2,42,16,16,rate_uniform,0.05,98.04,mnist-checkpoints/fc3_h128_L[16]_strict_seed42_ablation_mne_l2_l16_fc3_h128_rc5em02.pth,noise3_exp/ablation_mne_l2_vs_weight_decay_l16_fc3_h4_h8_h16_h32_h64_h128/strict_seed_train_rate_uniform_L16_T16/fc3_h128/mne_l2/seed_42/noise_sweep_matrix_mnist_fc3_h128_T16_mode_rate_uniform_schedule_normal_seed_42.csv
fc3_h128,128,mne_l2,42,16,16,rate_uniform,0.1,97.94,mnist-checkpoints/fc3_h128_L[16]_strict_seed42_ablation_mne_l2_l16_fc3_h128_rc5em02.pth,noise3_exp/ablation_mne_l2_vs_weight_decay_l16_fc3_h4_h8_h16_h32_h64_h128/strict_seed_train_rate_uniform_L16_T16/fc3_h128/mne_l2/seed_42/noise_sweep_matrix_mnist_fc3_h128_T16_mode_rate_uniform_schedule_normal_seed_42.csv
fc3_h128,128,mne_l2,42,16,16,rate_uniform,0.15,98.02,mnist-checkpoints/fc3_h128_L[16]_strict_seed42_ablation_mne_l2_l16_fc3_h128_rc5em02.pth,noise3_exp/ablation_mne_l2_vs_weight_decay_l16_fc3_h4_h8_h16_h32_h64_h128/strict_seed_train_rate_uniform_L16_T16/fc3_h128/mne_l2/seed_42/noise_sweep_matrix_mnist_fc3_h128_T16_mode_rate_uniform_schedule_normal_seed_42.csv
fc3_h128,128,mne_l2,42,16,16,rate_uniform,0.2,98.03,mnist-checkpoints/fc3_h128_L[16]_strict_seed42_ablation_mne_l2_l16_fc3_h128_rc5em02.pth,noise3_exp/ablation_mne_l2_vs_weight_decay_l16_fc3_h4_h8_h16_h32_h64_h128/strict_seed_train_rate_uniform_L16_T16/fc3_h128/mne_l2/seed_42/noise_sweep_matrix_mnist_fc3_h128_T16_mode_rate_uniform_schedule_normal_seed_42.csv
fc3_h128,128,mne_l2,42,16,16,rate_uniform,0.25,97.94,mnist-checkpoints/fc3_h128_L[16]_strict_seed42_ablation_mne_l2_l16_fc3_h128_rc5em02.pth,noise3_exp/ablation_mne_l2_vs_weight_decay_l16_fc3_h4_h8_h16_h32_h64_h128/strict_seed_train_rate_uniform_L16_T16/fc3_h128/mne_l2/seed_42/noise_sweep_matrix_mnist_fc3_h128_T16_mode_rate_uniform_schedule_normal_seed_42.csv
fc3_h128,128,mne_l2,42,16,16,rate_uniform,0.3,97.91,mnist-checkpoints/fc3_h128_L[16]_strict_seed42_ablation_mne_l2_l16_fc3_h128_rc5em02.pth,noise3_exp/ablation_mne_l2_vs_weight_decay_l16_fc3_h4_h8_h16_h32_h64_h128/strict_seed_train_rate_uniform_L16_T16/fc3_h128/mne_l2/seed_42/noise_sweep_matrix_mnist_fc3_h128_T16_mode_rate_uniform_schedule_normal_seed_42.csv
fc3_h128,128,mne_l2,42,16,16,rate_uniform,0.35,97.84,mnist-checkpoints/fc3_h128_L[16]_strict_seed42_ablation_mne_l2_l16_fc3_h128_rc5em02.pth,noise3_exp/ablation_mne_l2_vs_weight_decay_l16_fc3_h4_h8_h16_h32_h64_h128/strict_seed_train_rate_uniform_L16_T16/fc3_h128/mne_l2/seed_42/noise_sweep_matrix_mnist_fc3_h128_T16_mode_rate_uniform_schedule_normal_seed_42.csv
fc3_h128,128,mne_l2,42,16,16,rate_uniform,0.4,97.8,mnist-checkpoints/fc3_h128_L[16]_strict_seed42_ablation_mne_l2_l16_fc3_h128_rc5em02.pth,noise3_exp/ablation_mne_l2_vs_weight_decay_l16_fc3_h4_h8_h16_h32_h64_h128/strict_seed_train_rate_uniform_L16_T16/fc3_h128/mne_l2/seed_42/noise_sweep_matrix_mnist_fc3_h128_T16_mode_rate_uniform_schedule_normal_seed_42.csv
fc3_h128,128,mne_l2,42,16,16,rate_uniform,0.45,97.66,mnist-checkpoints/fc3_h128_L[16]_strict_seed42_ablation_mne_l2_l16_fc3_h128_rc5em02.pth,noise3_exp/ablation_mne_l2_vs_weight_decay_l16_fc3_h4_h8_h16_h32_h64_h128/strict_seed_train_rate_uniform_L16_T16/fc3_h128/mne_l2/seed_42/noise_sweep_matrix_mnist_fc3_h128_T16_mode_rate_uniform_schedule_normal_seed_42.csv
fc3_h128,128,mne_l2,42,16,16,rate_uniform,0.5,97.55,mnist-checkpoints/fc3_h128_L[16]_strict_seed42_ablation_mne_l2_l16_fc3_h128_rc5em02.pth,noise3_exp/ablation_mne_l2_vs_weight_decay_l16_fc3_h4_h8_h16_h32_h64_h128/strict_seed_train_rate_uniform_L16_T16/fc3_h128/mne_l2/seed_42/noise_sweep_matrix_mnist_fc3_h128_T16_mode_rate_uniform_schedule_normal_seed_42.csv
fc3_h128,128,mne_l2,42,16,16,rate_uniform,0.55,97.31,mnist-checkpoints/fc3_h128_L[16]_strict_seed42_ablation_mne_l2_l16_fc3_h128_rc5em02.pth,noise3_exp/ablation_mne_l2_vs_weight_decay_l16_fc3_h4_h8_h16_h32_h64_h128/strict_seed_train_rate_uniform_L16_T16/fc3_h128/mne_l2/seed_42/noise_sweep_matrix_mnist_fc3_h128_T16_mode_rate_uniform_schedule_normal_seed_42.csv
fc3_h128,128,mne_l2,42,16,16,rate_uniform,0.6,97.05,mnist-checkpoints/fc3_h128_L[16]_strict_seed42_ablation_mne_l2_l16_fc3_h128_rc5em02.pth,noise3_exp/ablation_mne_l2_vs_weight_decay_l16_fc3_h4_h8_h16_h32_h64_h128/strict_seed_train_rate_uniform_L16_T16/fc3_h128/mne_l2/seed_42/noise_sweep_matrix_mnist_fc3_h128_T16_mode_rate_uniform_schedule_normal_seed_42.csv
fc3_h128,128,mne_l2,42,16,16,rate_uniform,0.65,96.69,mnist-checkpoints/fc3_h128_L[16]_strict_seed42_ablation_mne_l2_l16_fc3_h128_rc5em02.pth,noise3_exp/ablation_mne_l2_vs_weight_decay_l16_fc3_h4_h8_h16_h32_h64_h128/strict_seed_train_rate_uniform_L16_T16/fc3_h128/mne_l2/seed_42/noise_sweep_matrix_mnist_fc3_h128_T16_mode_rate_uniform_schedule_normal_seed_42.csv
fc3_h128,128,mne_l2,42,16,16,rate_uniform,0.7,95.88,mnist-checkpoints/fc3_h128_L[16]_strict_seed42_ablation_mne_l2_l16_fc3_h128_rc5em02.pth,noise3_exp/ablation_mne_l2_vs_weight_decay_l16_fc3_h4_h8_h16_h32_h64_h128/strict_seed_train_rate_uniform_L16_T16/fc3_h128/mne_l2/seed_42/noise_sweep_matrix_mnist_fc3_h128_T16_mode_rate_uniform_schedule_normal_seed_42.csv
fc3_h128,128,mne_l2,42,16,16,rate_uniform,0.75,95.25,mnist-checkpoints/fc3_h128_L[16]_strict_seed42_ablation_mne_l2_l16_fc3_h128_rc5em02.pth,noise3_exp/ablation_mne_l2_vs_weight_decay_l16_fc3_h4_h8_h16_h32_h64_h128/strict_seed_train_rate_uniform_L16_T16/fc3_h128/mne_l2/seed_42/noise_sweep_matrix_mnist_fc3_h128_T16_mode_rate_uniform_schedule_normal_seed_42.csv
fc3_h128,128,mne_l2,42,16,16,rate_uniform,0.8,93.71,mnist-checkpoints/fc3_h128_L[16]_strict_seed42_ablation_mne_l2_l16_fc3_h128_rc5em02.pth,noise3_exp/ablation_mne_l2_vs_weight_decay_l16_fc3_h4_h8_h16_h32_h64_h128/strict_seed_train_rate_uniform_L16_T16/fc3_h128/mne_l2/seed_42/noise_sweep_matrix_mnist_fc3_h128_T16_mode_rate_uniform_schedule_normal_seed_42.csv
fc3_h128,128,mne_l2,42,16,16,rate_uniform,0.85,92.25,mnist-checkpoints/fc3_h128_L[16]_strict_seed42_ablation_mne_l2_l16_fc3_h128_rc5em02.pth,noise3_exp/ablation_mne_l2_vs_weight_decay_l16_fc3_h4_h8_h16_h32_h64_h128/strict_seed_train_rate_uniform_L16_T16/fc3_h128/mne_l2/seed_42/noise_sweep_matrix_mnist_fc3_h128_T16_mode_rate_uniform_schedule_normal_seed_42.csv
fc3_h128,128,mne_l2,42,16,16,rate_uniform,0.9,90.49,mnist-checkpoints/fc3_h128_L[16]_strict_seed42_ablation_mne_l2_l16_fc3_h128_rc5em02.pth,noise3_exp/ablation_mne_l2_vs_weight_decay_l16_fc3_h4_h8_h16_h32_h64_h128/strict_seed_train_rate_uniform_L16_T16/fc3_h128/mne_l2/seed_42/noise_sweep_matrix_mnist_fc3_h128_T16_mode_rate_uniform_schedule_normal_seed_42.csv
fc3_h128,128,mne_l2,42,16,16,rate_uniform,0.95,88.09,mnist-checkpoints/fc3_h128_L[16]_strict_seed42_ablation_mne_l2_l16_fc3_h128_rc5em02.pth,noise3_exp/ablation_mne_l2_vs_weight_decay_l16_fc3_h4_h8_h16_h32_h64_h128/strict_seed_train_rate_uniform_L16_T16/fc3_h128/mne_l2/seed_42/noise_sweep_matrix_mnist_fc3_h128_T16_mode_rate_uniform_schedule_normal_seed_42.csv
fc3_h128,128,mne_l2,42,16,16,rate_uniform,1.0,85.49,mnist-checkpoints/fc3_h128_L[16]_strict_seed42_ablation_mne_l2_l16_fc3_h128_rc5em02.pth,noise3_exp/ablation_mne_l2_vs_weight_decay_l16_fc3_h4_h8_h16_h32_h64_h128/strict_seed_train_rate_uniform_L16_T16/fc3_h128/mne_l2/seed_42/noise_sweep_matrix_mnist_fc3_h128_T16_mode_rate_uniform_schedule_normal_seed_42.csv
fc3_h128,128,mne_l2,43,16,16,rate_uniform,0.0,97.92,mnist-checkpoints/fc3_h128_L[16]_strict_seed43_ablation_mne_l2_l16_fc3_h128_rc5em02.pth,noise3_exp/ablation_mne_l2_vs_weight_decay_l16_fc3_h4_h8_h16_h32_h64_h128/strict_seed_train_rate_uniform_L16_T16/fc3_h128/mne_l2/seed_43/noise_sweep_matrix_mnist_fc3_h128_T16_mode_rate_uniform_schedule_normal_seed_43.csv
fc3_h128,128,mne_l2,43,16,16,rate_uniform,0.05,97.83,mnist-checkpoints/fc3_h128_L[16]_strict_seed43_ablation_mne_l2_l16_fc3_h128_rc5em02.pth,noise3_exp/ablation_mne_l2_vs_weight_decay_l16_fc3_h4_h8_h16_h32_h64_h128/strict_seed_train_rate_uniform_L16_T16/fc3_h128/mne_l2/seed_43/noise_sweep_matrix_mnist_fc3_h128_T16_mode_rate_uniform_schedule_normal_seed_43.csv
fc3_h128,128,mne_l2,43,16,16,rate_uniform,0.1,97.76,mnist-checkpoints/fc3_h128_L[16]_strict_seed43_ablation_mne_l2_l16_fc3_h128_rc5em02.pth,noise3_exp/ablation_mne_l2_vs_weight_decay_l16_fc3_h4_h8_h16_h32_h64_h128/strict_seed_train_rate_uniform_L16_T16/fc3_h128/mne_l2/seed_43/noise_sweep_matrix_mnist_fc3_h128_T16_mode_rate_uniform_schedule_normal_seed_43.csv
fc3_h128,128,mne_l2,43,16,16,rate_uniform,0.15,97.94,mnist-checkpoints/fc3_h128_L[16]_strict_seed43_ablation_mne_l2_l16_fc3_h128_rc5em02.pth,noise3_exp/ablation_mne_l2_vs_weight_decay_l16_fc3_h4_h8_h16_h32_h64_h128/strict_seed_train_rate_uniform_L16_T16/fc3_h128/mne_l2/seed_43/noise_sweep_matrix_mnist_fc3_h128_T16_mode_rate_uniform_schedule_normal_seed_43.csv
fc3_h128,128,mne_l2,43,16,16,rate_uniform,0.2,97.85,mnist-checkpoints/fc3_h128_L[16]_strict_seed43_ablation_mne_l2_l16_fc3_h128_rc5em02.pth,noise3_exp/ablation_mne_l2_vs_weight_decay_l16_fc3_h4_h8_h16_h32_h64_h128/strict_seed_train_rate_uniform_L16_T16/fc3_h128/mne_l2/seed_43/noise_sweep_matrix_mnist_fc3_h128_T16_mode_rate_uniform_schedule_normal_seed_43.csv
fc3_h128,128,mne_l2,43,16,16,rate_uniform,0.25,97.73,mnist-checkpoints/fc3_h128_L[16]_strict_seed43_ablation_mne_l2_l16_fc3_h128_rc5em02.pth,noise3_exp/ablation_mne_l2_vs_weight_decay_l16_fc3_h4_h8_h16_h32_h64_h128/strict_seed_train_rate_uniform_L16_T16/fc3_h128/mne_l2/seed_43/noise_sweep_matrix_mnist_fc3_h128_T16_mode_rate_uniform_schedule_normal_seed_43.csv
fc3_h128,128,mne_l2,43,16,16,rate_uniform,0.3,98.03,mnist-checkpoints/fc3_h128_L[16]_strict_seed43_ablation_mne_l2_l16_fc3_h128_rc5em02.pth,noise3_exp/ablation_mne_l2_vs_weight_decay_l16_fc3_h4_h8_h16_h32_h64_h128/strict_seed_train_rate_uniform_L16_T16/fc3_h128/mne_l2/seed_43/noise_sweep_matrix_mnist_fc3_h128_T16_mode_rate_uniform_schedule_normal_seed_43.csv
fc3_h128,128,mne_l2,43,16,16,rate_uniform,0.35,97.79,mnist-checkpoints/fc3_h128_L[16]_strict_seed43_ablation_mne_l2_l16_fc3_h128_rc5em02.pth,noise3_exp/ablation_mne_l2_vs_weight_decay_l16_fc3_h4_h8_h16_h32_h64_h128/strict_seed_train_rate_uniform_L16_T16/fc3_h128/mne_l2/seed_43/noise_sweep_matrix_mnist_fc3_h128_T16_mode_rate_uniform_schedule_normal_seed_43.csv
fc3_h128,128,mne_l2,43,16,16,rate_uniform,0.4,97.57,mnist-checkpoints/fc3_h128_L[16]_strict_seed43_ablation_mne_l2_l16_fc3_h128_rc5em02.pth,noise3_exp/ablation_mne_l2_vs_weight_decay_l16_fc3_h4_h8_h16_h32_h64_h128/strict_seed_train_rate_uniform_L16_T16/fc3_h128/mne_l2/seed_43/noise_sweep_matrix_mnist_fc3_h128_T16_mode_rate_uniform_schedule_normal_seed_43.csv
fc3_h128,128,mne_l2,43,16,16,rate_uniform,0.45,97.64,mnist-checkpoints/fc3_h128_L[16]_strict_seed43_ablation_mne_l2_l16_fc3_h128_rc5em02.pth,noise3_exp/ablation_mne_l2_vs_weight_decay_l16_fc3_h4_h8_h16_h32_h64_h128/strict_seed_train_rate_uniform_L16_T16/fc3_h128/mne_l2/seed_43/noise_sweep_matrix_mnist_fc3_h128_T16_mode_rate_uniform_schedule_normal_seed_43.csv
fc3_h128,128,mne_l2,43,16,16,rate_uniform,0.5,97.37,mnist-checkpoints/fc3_h128_L[16]_strict_seed43_ablation_mne_l2_l16_fc3_h128_rc5em02.pth,noise3_exp/ablation_mne_l2_vs_weight_decay_l16_fc3_h4_h8_h16_h32_h64_h128/strict_seed_train_rate_uniform_L16_T16/fc3_h128/mne_l2/seed_43/noise_sweep_matrix_mnist_fc3_h128_T16_mode_rate_uniform_schedule_normal_seed_43.csv
fc3_h128,128,mne_l2,43,16,16,rate_uniform,0.55,97.53,mnist-checkpoints/fc3_h128_L[16]_strict_seed43_ablation_mne_l2_l16_fc3_h128_rc5em02.pth,noise3_exp/ablation_mne_l2_vs_weight_decay_l16_fc3_h4_h8_h16_h32_h64_h128/strict_seed_train_rate_uniform_L16_T16/fc3_h128/mne_l2/seed_43/noise_sweep_matrix_mnist_fc3_h128_T16_mode_rate_uniform_schedule_normal_seed_43.csv
fc3_h128,128,mne_l2,43,16,16,rate_uniform,0.6,97.04,mnist-checkpoints/fc3_h128_L[16]_strict_seed43_ablation_mne_l2_l16_fc3_h128_rc5em02.pth,noise3_exp/ablation_mne_l2_vs_weight_decay_l16_fc3_h4_h8_h16_h32_h64_h128/strict_seed_train_rate_uniform_L16_T16/fc3_h128/mne_l2/seed_43/noise_sweep_matrix_mnist_fc3_h128_T16_mode_rate_uniform_schedule_normal_seed_43.csv
fc3_h128,128,mne_l2,43,16,16,rate_uniform,0.65,96.77,mnist-checkpoints/fc3_h128_L[16]_strict_seed43_ablation_mne_l2_l16_fc3_h128_rc5em02.pth,noise3_exp/ablation_mne_l2_vs_weight_decay_l16_fc3_h4_h8_h16_h32_h64_h128/strict_seed_train_rate_uniform_L16_T16/fc3_h128/mne_l2/seed_43/noise_sweep_matrix_mnist_fc3_h128_T16_mode_rate_uniform_schedule_normal_seed_43.csv
fc3_h128,128,mne_l2,43,16,16,rate_uniform,0.7,96.26,mnist-checkpoints/fc3_h128_L[16]_strict_seed43_ablation_mne_l2_l16_fc3_h128_rc5em02.pth,noise3_exp/ablation_mne_l2_vs_weight_decay_l16_fc3_h4_h8_h16_h32_h64_h128/strict_seed_train_rate_uniform_L16_T16/fc3_h128/mne_l2/seed_43/noise_sweep_matrix_mnist_fc3_h128_T16_mode_rate_uniform_schedule_normal_seed_43.csv
fc3_h128,128,mne_l2,43,16,16,rate_uniform,0.75,95.52,mnist-checkpoints/fc3_h128_L[16]_strict_seed43_ablation_mne_l2_l16_fc3_h128_rc5em02.pth,noise3_exp/ablation_mne_l2_vs_weight_decay_l16_fc3_h4_h8_h16_h32_h64_h128/strict_seed_train_rate_uniform_L16_T16/fc3_h128/mne_l2/seed_43/noise_sweep_matrix_mnist_fc3_h128_T16_mode_rate_uniform_schedule_normal_seed_43.csv
fc3_h128,128,mne_l2,43,16,16,rate_uniform,0.8,94.77,mnist-checkpoints/fc3_h128_L[16]_strict_seed43_ablation_mne_l2_l16_fc3_h128_rc5em02.pth,noise3_exp/ablation_mne_l2_vs_weight_decay_l16_fc3_h4_h8_h16_h32_h64_h128/strict_seed_train_rate_uniform_L16_T16/fc3_h128/mne_l2/seed_43/noise_sweep_matrix_mnist_fc3_h128_T16_mode_rate_uniform_schedule_normal_seed_43.csv
fc3_h128,128,mne_l2,43,16,16,rate_uniform,0.85,93.41,mnist-checkpoints/fc3_h128_L[16]_strict_seed43_ablation_mne_l2_l16_fc3_h128_rc5em02.pth,noise3_exp/ablation_mne_l2_vs_weight_decay_l16_fc3_h4_h8_h16_h32_h64_h128/strict_seed_train_rate_uniform_L16_T16/fc3_h128/mne_l2/seed_43/noise_sweep_matrix_mnist_fc3_h128_T16_mode_rate_uniform_schedule_normal_seed_43.csv
fc3_h128,128,mne_l2,43,16,16,rate_uniform,0.9,92.19,mnist-checkpoints/fc3_h128_L[16]_strict_seed43_ablation_mne_l2_l16_fc3_h128_rc5em02.pth,noise3_exp/ablation_mne_l2_vs_weight_decay_l16_fc3_h4_h8_h16_h32_h64_h128/strict_seed_train_rate_uniform_L16_T16/fc3_h128/mne_l2/seed_43/noise_sweep_matrix_mnist_fc3_h128_T16_mode_rate_uniform_schedule_normal_seed_43.csv
fc3_h128,128,mne_l2,43,16,16,rate_uniform,0.95,90.29,mnist-checkpoints/fc3_h128_L[16]_strict_seed43_ablation_mne_l2_l16_fc3_h128_rc5em02.pth,noise3_exp/ablation_mne_l2_vs_weight_decay_l16_fc3_h4_h8_h16_h32_h64_h128/strict_seed_train_rate_uniform_L16_T16/fc3_h128/mne_l2/seed_43/noise_sweep_matrix_mnist_fc3_h128_T16_mode_rate_uniform_schedule_normal_seed_43.csv
fc3_h128,128,mne_l2,43,16,16,rate_uniform,1.0,88.78,mnist-checkpoints/fc3_h128_L[16]_strict_seed43_ablation_mne_l2_l16_fc3_h128_rc5em02.pth,noise3_exp/ablation_mne_l2_vs_weight_decay_l16_fc3_h4_h8_h16_h32_h64_h128/strict_seed_train_rate_uniform_L16_T16/fc3_h128/mne_l2/seed_43/noise_sweep_matrix_mnist_fc3_h128_T16_mode_rate_uniform_schedule_normal_seed_43.csv
fc3_h128,128,mne_l2,44,16,16,rate_uniform,0.0,98.08,mnist-checkpoints/fc3_h128_L[16]_strict_seed44_ablation_mne_l2_l16_fc3_h128_rc5em02.pth,noise3_exp/ablation_mne_l2_vs_weight_decay_l16_fc3_h4_h8_h16_h32_h64_h128/strict_seed_train_rate_uniform_L16_T16/fc3_h128/mne_l2/seed_44/noise_sweep_matrix_mnist_fc3_h128_T16_mode_rate_uniform_schedule_normal_seed_44.csv
fc3_h128,128,mne_l2,44,16,16,rate_uniform,0.05,98.01,mnist-checkpoints/fc3_h128_L[16]_strict_seed44_ablation_mne_l2_l16_fc3_h128_rc5em02.pth,noise3_exp/ablation_mne_l2_vs_weight_decay_l16_fc3_h4_h8_h16_h32_h64_h128/strict_seed_train_rate_uniform_L16_T16/fc3_h128/mne_l2/seed_44/noise_sweep_matrix_mnist_fc3_h128_T16_mode_rate_uniform_schedule_normal_seed_44.csv
fc3_h128,128,mne_l2,44,16,16,rate_uniform,0.1,98.01,mnist-checkpoints/fc3_h128_L[16]_strict_seed44_ablation_mne_l2_l16_fc3_h128_rc5em02.pth,noise3_exp/ablation_mne_l2_vs_weight_decay_l16_fc3_h4_h8_h16_h32_h64_h128/strict_seed_train_rate_uniform_L16_T16/fc3_h128/mne_l2/seed_44/noise_sweep_matrix_mnist_fc3_h128_T16_mode_rate_uniform_schedule_normal_seed_44.csv
fc3_h128,128,mne_l2,44,16,16,rate_uniform,0.15,98.07,mnist-checkpoints/fc3_h128_L[16]_strict_seed44_ablation_mne_l2_l16_fc3_h128_rc5em02.pth,noise3_exp/ablation_mne_l2_vs_weight_decay_l16_fc3_h4_h8_h16_h32_h64_h128/strict_seed_train_rate_uniform_L16_T16/fc3_h128/mne_l2/seed_44/noise_sweep_matrix_mnist_fc3_h128_T16_mode_rate_uniform_schedule_normal_seed_44.csv
fc3_h128,128,mne_l2,44,16,16,rate_uniform,0.2,98.1,mnist-checkpoints/fc3_h128_L[16]_strict_seed44_ablation_mne_l2_l16_fc3_h128_rc5em02.pth,noise3_exp/ablation_mne_l2_vs_weight_decay_l16_fc3_h4_h8_h16_h32_h64_h128/strict_seed_train_rate_uniform_L16_T16/fc3_h128/mne_l2/seed_44/noise_sweep_matrix_mnist_fc3_h128_T16_mode_rate_uniform_schedule_normal_seed_44.csv
fc3_h128,128,mne_l2,44,16,16,rate_uniform,0.25,98.02,mnist-checkpoints/fc3_h128_L[16]_strict_seed44_ablation_mne_l2_l16_fc3_h128_rc5em02.pth,noise3_exp/ablation_mne_l2_vs_weight_decay_l16_fc3_h4_h8_h16_h32_h64_h128/strict_seed_train_rate_uniform_L16_T16/fc3_h128/mne_l2/seed_44/noise_sweep_matrix_mnist_fc3_h128_T16_mode_rate_uniform_schedule_normal_seed_44.csv
fc3_h128,128,mne_l2,44,16,16,rate_uniform,0.3,97.92,mnist-checkpoints/fc3_h128_L[16]_strict_seed44_ablation_mne_l2_l16_fc3_h128_rc5em02.pth,noise3_exp/ablation_mne_l2_vs_weight_decay_l16_fc3_h4_h8_h16_h32_h64_h128/strict_seed_train_rate_uniform_L16_T16/fc3_h128/mne_l2/seed_44/noise_sweep_matrix_mnist_fc3_h128_T16_mode_rate_uniform_schedule_normal_seed_44.csv
fc3_h128,128,mne_l2,44,16,16,rate_uniform,0.35,97.91,mnist-checkpoints/fc3_h128_L[16]_strict_seed44_ablation_mne_l2_l16_fc3_h128_rc5em02.pth,noise3_exp/ablation_mne_l2_vs_weight_decay_l16_fc3_h4_h8_h16_h32_h64_h128/strict_seed_train_rate_uniform_L16_T16/fc3_h128/mne_l2/seed_44/noise_sweep_matrix_mnist_fc3_h128_T16_mode_rate_uniform_schedule_normal_seed_44.csv
fc3_h128,128,mne_l2,44,16,16,rate_uniform,0.4,97.78,mnist-checkpoints/fc3_h128_L[16]_strict_seed44_ablation_mne_l2_l16_fc3_h128_rc5em02.pth,noise3_exp/ablation_mne_l2_vs_weight_decay_l16_fc3_h4_h8_h16_h32_h64_h128/strict_seed_train_rate_uniform_L16_T16/fc3_h128/mne_l2/seed_44/noise_sweep_matrix_mnist_fc3_h128_T16_mode_rate_uniform_schedule_normal_seed_44.csv
fc3_h128,128,mne_l2,44,16,16,rate_uniform,0.45,97.64,mnist-checkpoints/fc3_h128_L[16]_strict_seed44_ablation_mne_l2_l16_fc3_h128_rc5em02.pth,noise3_exp/ablation_mne_l2_vs_weight_decay_l16_fc3_h4_h8_h16_h32_h64_h128/strict_seed_train_rate_uniform_L16_T16/fc3_h128/mne_l2/seed_44/noise_sweep_matrix_mnist_fc3_h128_T16_mode_rate_uniform_schedule_normal_seed_44.csv
fc3_h128,128,mne_l2,44,16,16,rate_uniform,0.5,97.58,mnist-checkpoints/fc3_h128_L[16]_strict_seed44_ablation_mne_l2_l16_fc3_h128_rc5em02.pth,noise3_exp/ablation_mne_l2_vs_weight_decay_l16_fc3_h4_h8_h16_h32_h64_h128/strict_seed_train_rate_uniform_L16_T16/fc3_h128/mne_l2/seed_44/noise_sweep_matrix_mnist_fc3_h128_T16_mode_rate_uniform_schedule_normal_seed_44.csv
fc3_h128,128,mne_l2,44,16,16,rate_uniform,0.55,97.29,mnist-checkpoints/fc3_h128_L[16]_strict_seed44_ablation_mne_l2_l16_fc3_h128_rc5em02.pth,noise3_exp/ablation_mne_l2_vs_weight_decay_l16_fc3_h4_h8_h16_h32_h64_h128/strict_seed_train_rate_uniform_L16_T16/fc3_h128/mne_l2/seed_44/noise_sweep_matrix_mnist_fc3_h128_T16_mode_rate_uniform_schedule_normal_seed_44.csv
fc3_h128,128,mne_l2,44,16,16,rate_uniform,0.6,97.08,mnist-checkpoints/fc3_h128_L[16]_strict_seed44_ablation_mne_l2_l16_fc3_h128_rc5em02.pth,noise3_exp/ablation_mne_l2_vs_weight_decay_l16_fc3_h4_h8_h16_h32_h64_h128/strict_seed_train_rate_uniform_L16_T16/fc3_h128/mne_l2/seed_44/noise_sweep_matrix_mnist_fc3_h128_T16_mode_rate_uniform_schedule_normal_seed_44.csv
fc3_h128,128,mne_l2,44,16,16,rate_uniform,0.65,96.91,mnist-checkpoints/fc3_h128_L[16]_strict_seed44_ablation_mne_l2_l16_fc3_h128_rc5em02.pth,noise3_exp/ablation_mne_l2_vs_weight_decay_l16_fc3_h4_h8_h16_h32_h64_h128/strict_seed_train_rate_uniform_L16_T16/fc3_h128/mne_l2/seed_44/noise_sweep_matrix_mnist_fc3_h128_T16_mode_rate_uniform_schedule_normal_seed_44.csv
fc3_h128,128,mne_l2,44,16,16,rate_uniform,0.7,95.83,mnist-checkpoints/fc3_h128_L[16]_strict_seed44_ablation_mne_l2_l16_fc3_h128_rc5em02.pth,noise3_exp/ablation_mne_l2_vs_weight_decay_l16_fc3_h4_h8_h16_h32_h64_h128/strict_seed_train_rate_uniform_L16_T16/fc3_h128/mne_l2/seed_44/noise_sweep_matrix_mnist_fc3_h128_T16_mode_rate_uniform_schedule_normal_seed_44.csv
fc3_h128,128,mne_l2,44,16,16,rate_uniform,0.75,94.96,mnist-checkpoints/fc3_h128_L[16]_strict_seed44_ablation_mne_l2_l16_fc3_h128_rc5em02.pth,noise3_exp/ablation_mne_l2_vs_weight_decay_l16_fc3_h4_h8_h16_h32_h64_h128/strict_seed_train_rate_uniform_L16_T16/fc3_h128/mne_l2/seed_44/noise_sweep_matrix_mnist_fc3_h128_T16_mode_rate_uniform_schedule_normal_seed_44.csv
fc3_h128,128,mne_l2,44,16,16,rate_uniform,0.8,93.24,mnist-checkpoints/fc3_h128_L[16]_strict_seed44_ablation_mne_l2_l16_fc3_h128_rc5em02.pth,noise3_exp/ablation_mne_l2_vs_weight_decay_l16_fc3_h4_h8_h16_h32_h64_h128/strict_seed_train_rate_uniform_L16_T16/fc3_h128/mne_l2/seed_44/noise_sweep_matrix_mnist_fc3_h128_T16_mode_rate_uniform_schedule_normal_seed_44.csv
fc3_h128,128,mne_l2,44,16,16,rate_uniform,0.85,91.53,mnist-checkpoints/fc3_h128_L[16]_strict_seed44_ablation_mne_l2_l16_fc3_h128_rc5em02.pth,noise3_exp/ablation_mne_l2_vs_weight_decay_l16_fc3_h4_h8_h16_h32_h64_h128/strict_seed_train_rate_uniform_L16_T16/fc3_h128/mne_l2/seed_44/noise_sweep_matrix_mnist_fc3_h128_T16_mode_rate_uniform_schedule_normal_seed_44.csv
fc3_h128,128,mne_l2,44,16,16,rate_uniform,0.9,88.95,mnist-checkpoints/fc3_h128_L[16]_strict_seed44_ablation_mne_l2_l16_fc3_h128_rc5em02.pth,noise3_exp/ablation_mne_l2_vs_weight_decay_l16_fc3_h4_h8_h16_h32_h64_h128/strict_seed_train_rate_uniform_L16_T16/fc3_h128/mne_l2/seed_44/noise_sweep_matrix_mnist_fc3_h128_T16_mode_rate_uniform_schedule_normal_seed_44.csv
fc3_h128,128,mne_l2,44,16,16,rate_uniform,0.95,86.06,mnist-checkpoints/fc3_h128_L[16]_strict_seed44_ablation_mne_l2_l16_fc3_h128_rc5em02.pth,noise3_exp/ablation_mne_l2_vs_weight_decay_l16_fc3_h4_h8_h16_h32_h64_h128/strict_seed_train_rate_uniform_L16_T16/fc3_h128/mne_l2/seed_44/noise_sweep_matrix_mnist_fc3_h128_T16_mode_rate_uniform_schedule_normal_seed_44.csv
fc3_h128,128,mne_l2,44,16,16,rate_uniform,1.0,83.34,mnist-checkpoints/fc3_h128_L[16]_strict_seed44_ablation_mne_l2_l16_fc3_h128_rc5em02.pth,noise3_exp/ablation_mne_l2_vs_weight_decay_l16_fc3_h4_h8_h16_h32_h64_h128/strict_seed_train_rate_uniform_L16_T16/fc3_h128/mne_l2/seed_44/noise_sweep_matrix_mnist_fc3_h128_T16_mode_rate_uniform_schedule_normal_seed_44.csv
fc3_h128,128,weight_decay,40,16,16,rate_uniform,0.0,97.84,mnist-checkpoints/fc3_h128_L[16]_strict_seed40_ablation_wd_l16_fc3_h128.pth,noise3_exp/ablation_mne_l2_vs_weight_decay_l16_fc3_h4_h8_h16_h32_h64_h128/strict_seed_train_rate_uniform_L16_T16/fc3_h128/weight_decay/seed_40/noise_sweep_matrix_mnist_fc3_h128_T16_mode_rate_uniform_schedule_normal_seed_40.csv
fc3_h128,128,weight_decay,40,16,16,rate_uniform,0.05,97.77,mnist-checkpoints/fc3_h128_L[16]_strict_seed40_ablation_wd_l16_fc3_h128.pth,noise3_exp/ablation_mne_l2_vs_weight_decay_l16_fc3_h4_h8_h16_h32_h64_h128/strict_seed_train_rate_uniform_L16_T16/fc3_h128/weight_decay/seed_40/noise_sweep_matrix_mnist_fc3_h128_T16_mode_rate_uniform_schedule_normal_seed_40.csv
fc3_h128,128,weight_decay,40,16,16,rate_uniform,0.1,97.74,mnist-checkpoints/fc3_h128_L[16]_strict_seed40_ablation_wd_l16_fc3_h128.pth,noise3_exp/ablation_mne_l2_vs_weight_decay_l16_fc3_h4_h8_h16_h32_h64_h128/strict_seed_train_rate_uniform_L16_T16/fc3_h128/weight_decay/seed_40/noise_sweep_matrix_mnist_fc3_h128_T16_mode_rate_uniform_schedule_normal_seed_40.csv
fc3_h128,128,weight_decay,40,16,16,rate_uniform,0.15,97.77,mnist-checkpoints/fc3_h128_L[16]_strict_seed40_ablation_wd_l16_fc3_h128.pth,noise3_exp/ablation_mne_l2_vs_weight_decay_l16_fc3_h4_h8_h16_h32_h64_h128/strict_seed_train_rate_uniform_L16_T16/fc3_h128/weight_decay/seed_40/noise_sweep_matrix_mnist_fc3_h128_T16_mode_rate_uniform_schedule_normal_seed_40.csv
fc3_h128,128,weight_decay,40,16,16,rate_uniform,0.2,97.78,mnist-checkpoints/fc3_h128_L[16]_strict_seed40_ablation_wd_l16_fc3_h128.pth,noise3_exp/ablation_mne_l2_vs_weight_decay_l16_fc3_h4_h8_h16_h32_h64_h128/strict_seed_train_rate_uniform_L16_T16/fc3_h128/weight_decay/seed_40/noise_sweep_matrix_mnist_fc3_h128_T16_mode_rate_uniform_schedule_normal_seed_40.csv
fc3_h128,128,weight_decay,40,16,16,rate_uniform,0.25,97.72,mnist-checkpoints/fc3_h128_L[16]_strict_seed40_ablation_wd_l16_fc3_h128.pth,noise3_exp/ablation_mne_l2_vs_weight_decay_l16_fc3_h4_h8_h16_h32_h64_h128/strict_seed_train_rate_uniform_L16_T16/fc3_h128/weight_decay/seed_40/noise_sweep_matrix_mnist_fc3_h128_T16_mode_rate_uniform_schedule_normal_seed_40.csv
fc3_h128,128,weight_decay,40,16,16,rate_uniform,0.3,97.77,mnist-checkpoints/fc3_h128_L[16]_strict_seed40_ablation_wd_l16_fc3_h128.pth,noise3_exp/ablation_mne_l2_vs_weight_decay_l16_fc3_h4_h8_h16_h32_h64_h128/strict_seed_train_rate_uniform_L16_T16/fc3_h128/weight_decay/seed_40/noise_sweep_matrix_mnist_fc3_h128_T16_mode_rate_uniform_schedule_normal_seed_40.csv
fc3_h128,128,weight_decay,40,16,16,rate_uniform,0.35,97.72,mnist-checkpoints/fc3_h128_L[16]_strict_seed40_ablation_wd_l16_fc3_h128.pth,noise3_exp/ablation_mne_l2_vs_weight_decay_l16_fc3_h4_h8_h16_h32_h64_h128/strict_seed_train_rate_uniform_L16_T16/fc3_h128/weight_decay/seed_40/noise_sweep_matrix_mnist_fc3_h128_T16_mode_rate_uniform_schedule_normal_seed_40.csv
fc3_h128,128,weight_decay,40,16,16,rate_uniform,0.4,97.6,mnist-checkpoints/fc3_h128_L[16]_strict_seed40_ablation_wd_l16_fc3_h128.pth,noise3_exp/ablation_mne_l2_vs_weight_decay_l16_fc3_h4_h8_h16_h32_h64_h128/strict_seed_train_rate_uniform_L16_T16/fc3_h128/weight_decay/seed_40/noise_sweep_matrix_mnist_fc3_h128_T16_mode_rate_uniform_schedule_normal_seed_40.csv
fc3_h128,128,weight_decay,40,16,16,rate_uniform,0.45,97.55,mnist-checkpoints/fc3_h128_L[16]_strict_seed40_ablation_wd_l16_fc3_h128.pth,noise3_exp/ablation_mne_l2_vs_weight_decay_l16_fc3_h4_h8_h16_h32_h64_h128/strict_seed_train_rate_uniform_L16_T16/fc3_h128/weight_decay/seed_40/noise_sweep_matrix_mnist_fc3_h128_T16_mode_rate_uniform_schedule_normal_seed_40.csv
fc3_h128,128,weight_decay,40,16,16,rate_uniform,0.5,97.29,mnist-checkpoints/fc3_h128_L[16]_strict_seed40_ablation_wd_l16_fc3_h128.pth,noise3_exp/ablation_mne_l2_vs_weight_decay_l16_fc3_h4_h8_h16_h32_h64_h128/strict_seed_train_rate_uniform_L16_T16/fc3_h128/weight_decay/seed_40/noise_sweep_matrix_mnist_fc3_h128_T16_mode_rate_uniform_schedule_normal_seed_40.csv
fc3_h128,128,weight_decay,40,16,16,rate_uniform,0.55,97.29,mnist-checkpoints/fc3_h128_L[16]_strict_seed40_ablation_wd_l16_fc3_h128.pth,noise3_exp/ablation_mne_l2_vs_weight_decay_l16_fc3_h4_h8_h16_h32_h64_h128/strict_seed_train_rate_uniform_L16_T16/fc3_h128/weight_decay/seed_40/noise_sweep_matrix_mnist_fc3_h128_T16_mode_rate_uniform_schedule_normal_seed_40.csv
fc3_h128,128,weight_decay,40,16,16,rate_uniform,0.6,96.94,mnist-checkpoints/fc3_h128_L[16]_strict_seed40_ablation_wd_l16_fc3_h128.pth,noise3_exp/ablation_mne_l2_vs_weight_decay_l16_fc3_h4_h8_h16_h32_h64_h128/strict_seed_train_rate_uniform_L16_T16/fc3_h128/weight_decay/seed_40/noise_sweep_matrix_mnist_fc3_h128_T16_mode_rate_uniform_schedule_normal_seed_40.csv
fc3_h128,128,weight_decay,40,16,16,rate_uniform,0.65,96.4,mnist-checkpoints/fc3_h128_L[16]_strict_seed40_ablation_wd_l16_fc3_h128.pth,noise3_exp/ablation_mne_l2_vs_weight_decay_l16_fc3_h4_h8_h16_h32_h64_h128/strict_seed_train_rate_uniform_L16_T16/fc3_h128/weight_decay/seed_40/noise_sweep_matrix_mnist_fc3_h128_T16_mode_rate_uniform_schedule_normal_seed_40.csv
fc3_h128,128,weight_decay,40,16,16,rate_uniform,0.7,95.95,mnist-checkpoints/fc3_h128_L[16]_strict_seed40_ablation_wd_l16_fc3_h128.pth,noise3_exp/ablation_mne_l2_vs_weight_decay_l16_fc3_h4_h8_h16_h32_h64_h128/strict_seed_train_rate_uniform_L16_T16/fc3_h128/weight_decay/seed_40/noise_sweep_matrix_mnist_fc3_h128_T16_mode_rate_uniform_schedule_normal_seed_40.csv
fc3_h128,128,weight_decay,40,16,16,rate_uniform,0.75,95.0,mnist-checkpoints/fc3_h128_L[16]_strict_seed40_ablation_wd_l16_fc3_h128.pth,noise3_exp/ablation_mne_l2_vs_weight_decay_l16_fc3_h4_h8_h16_h32_h64_h128/strict_seed_train_rate_uniform_L16_T16/fc3_h128/weight_decay/seed_40/noise_sweep_matrix_mnist_fc3_h128_T16_mode_rate_uniform_schedule_normal_seed_40.csv
fc3_h128,128,weight_decay,40,16,16,rate_uniform,0.8,93.78,mnist-checkpoints/fc3_h128_L[16]_strict_seed40_ablation_wd_l16_fc3_h128.pth,noise3_exp/ablation_mne_l2_vs_weight_decay_l16_fc3_h4_h8_h16_h32_h64_h128/strict_seed_train_rate_uniform_L16_T16/fc3_h128/weight_decay/seed_40/noise_sweep_matrix_mnist_fc3_h128_T16_mode_rate_uniform_schedule_normal_seed_40.csv
fc3_h128,128,weight_decay,40,16,16,rate_uniform,0.85,92.55,mnist-checkpoints/fc3_h128_L[16]_strict_seed40_ablation_wd_l16_fc3_h128.pth,noise3_exp/ablation_mne_l2_vs_weight_decay_l16_fc3_h4_h8_h16_h32_h64_h128/strict_seed_train_rate_uniform_L16_T16/fc3_h128/weight_decay/seed_40/noise_sweep_matrix_mnist_fc3_h128_T16_mode_rate_uniform_schedule_normal_seed_40.csv
fc3_h128,128,weight_decay,40,16,16,rate_uniform,0.9,90.64,mnist-checkpoints/fc3_h128_L[16]_strict_seed40_ablation_wd_l16_fc3_h128.pth,noise3_exp/ablation_mne_l2_vs_weight_decay_l16_fc3_h4_h8_h16_h32_h64_h128/strict_seed_train_rate_uniform_L16_T16/fc3_h128/weight_decay/seed_40/noise_sweep_matrix_mnist_fc3_h128_T16_mode_rate_uniform_schedule_normal_seed_40.csv
fc3_h128,128,weight_decay,40,16,16,rate_uniform,0.95,88.31,mnist-checkpoints/fc3_h128_L[16]_strict_seed40_ablation_wd_l16_fc3_h128.pth,noise3_exp/ablation_mne_l2_vs_weight_decay_l16_fc3_h4_h8_h16_h32_h64_h128/strict_seed_train_rate_uniform_L16_T16/fc3_h128/weight_decay/seed_40/noise_sweep_matrix_mnist_fc3_h128_T16_mode_rate_uniform_schedule_normal_seed_40.csv
fc3_h128,128,weight_decay,40,16,16,rate_uniform,1.0,85.92,mnist-checkpoints/fc3_h128_L[16]_strict_seed40_ablation_wd_l16_fc3_h128.pth,noise3_exp/ablation_mne_l2_vs_weight_decay_l16_fc3_h4_h8_h16_h32_h64_h128/strict_seed_train_rate_uniform_L16_T16/fc3_h128/weight_decay/seed_40/noise_sweep_matrix_mnist_fc3_h128_T16_mode_rate_uniform_schedule_normal_seed_40.csv
fc3_h128,128,weight_decay,41,16,16,rate_uniform,0.0,97.93,mnist-checkpoints/fc3_h128_L[16]_strict_seed41_ablation_wd_l16_fc3_h128.pth,noise3_exp/ablation_mne_l2_vs_weight_decay_l16_fc3_h4_h8_h16_h32_h64_h128/strict_seed_train_rate_uniform_L16_T16/fc3_h128/weight_decay/seed_41/noise_sweep_matrix_mnist_fc3_h128_T16_mode_rate_uniform_schedule_normal_seed_41.csv
fc3_h128,128,weight_decay,41,16,16,rate_uniform,0.05,97.87,mnist-checkpoints/fc3_h128_L[16]_strict_seed41_ablation_wd_l16_fc3_h128.pth,noise3_exp/ablation_mne_l2_vs_weight_decay_l16_fc3_h4_h8_h16_h32_h64_h128/strict_seed_train_rate_uniform_L16_T16/fc3_h128/weight_decay/seed_41/noise_sweep_matrix_mnist_fc3_h128_T16_mode_rate_uniform_schedule_normal_seed_41.csv
fc3_h128,128,weight_decay,41,16,16,rate_uniform,0.1,97.91,mnist-checkpoints/fc3_h128_L[16]_strict_seed41_ablation_wd_l16_fc3_h128.pth,noise3_exp/ablation_mne_l2_vs_weight_decay_l16_fc3_h4_h8_h16_h32_h64_h128/strict_seed_train_rate_uniform_L16_T16/fc3_h128/weight_decay/seed_41/noise_sweep_matrix_mnist_fc3_h128_T16_mode_rate_uniform_schedule_normal_seed_41.csv
fc3_h128,128,weight_decay,41,16,16,rate_uniform,0.15,97.86,mnist-checkpoints/fc3_h128_L[16]_strict_seed41_ablation_wd_l16_fc3_h128.pth,noise3_exp/ablation_mne_l2_vs_weight_decay_l16_fc3_h4_h8_h16_h32_h64_h128/strict_seed_train_rate_uniform_L16_T16/fc3_h128/weight_decay/seed_41/noise_sweep_matrix_mnist_fc3_h128_T16_mode_rate_uniform_schedule_normal_seed_41.csv
fc3_h128,128,weight_decay,41,16,16,rate_uniform,0.2,97.93,mnist-checkpoints/fc3_h128_L[16]_strict_seed41_ablation_wd_l16_fc3_h128.pth,noise3_exp/ablation_mne_l2_vs_weight_decay_l16_fc3_h4_h8_h16_h32_h64_h128/strict_seed_train_rate_uniform_L16_T16/fc3_h128/weight_decay/seed_41/noise_sweep_matrix_mnist_fc3_h128_T16_mode_rate_uniform_schedule_normal_seed_41.csv
fc3_h128,128,weight_decay,41,16,16,rate_uniform,0.25,97.95,mnist-checkpoints/fc3_h128_L[16]_strict_seed41_ablation_wd_l16_fc3_h128.pth,noise3_exp/ablation_mne_l2_vs_weight_decay_l16_fc3_h4_h8_h16_h32_h64_h128/strict_seed_train_rate_uniform_L16_T16/fc3_h128/weight_decay/seed_41/noise_sweep_matrix_mnist_fc3_h128_T16_mode_rate_uniform_schedule_normal_seed_41.csv
fc3_h128,128,weight_decay,41,16,16,rate_uniform,0.3,97.87,mnist-checkpoints/fc3_h128_L[16]_strict_seed41_ablation_wd_l16_fc3_h128.pth,noise3_exp/ablation_mne_l2_vs_weight_decay_l16_fc3_h4_h8_h16_h32_h64_h128/strict_seed_train_rate_uniform_L16_T16/fc3_h128/weight_decay/seed_41/noise_sweep_matrix_mnist_fc3_h128_T16_mode_rate_uniform_schedule_normal_seed_41.csv
fc3_h128,128,weight_decay,41,16,16,rate_uniform,0.35,97.81,mnist-checkpoints/fc3_h128_L[16]_strict_seed41_ablation_wd_l16_fc3_h128.pth,noise3_exp/ablation_mne_l2_vs_weight_decay_l16_fc3_h4_h8_h16_h32_h64_h128/strict_seed_train_rate_uniform_L16_T16/fc3_h128/weight_decay/seed_41/noise_sweep_matrix_mnist_fc3_h128_T16_mode_rate_uniform_schedule_normal_seed_41.csv
fc3_h128,128,weight_decay,41,16,16,rate_uniform,0.4,97.7,mnist-checkpoints/fc3_h128_L[16]_strict_seed41_ablation_wd_l16_fc3_h128.pth,noise3_exp/ablation_mne_l2_vs_weight_decay_l16_fc3_h4_h8_h16_h32_h64_h128/strict_seed_train_rate_uniform_L16_T16/fc3_h128/weight_decay/seed_41/noise_sweep_matrix_mnist_fc3_h128_T16_mode_rate_uniform_schedule_normal_seed_41.csv
fc3_h128,128,weight_decay,41,16,16,rate_uniform,0.45,97.59,mnist-checkpoints/fc3_h128_L[16]_strict_seed41_ablation_wd_l16_fc3_h128.pth,noise3_exp/ablation_mne_l2_vs_weight_decay_l16_fc3_h4_h8_h16_h32_h64_h128/strict_seed_train_rate_uniform_L16_T16/fc3_h128/weight_decay/seed_41/noise_sweep_matrix_mnist_fc3_h128_T16_mode_rate_uniform_schedule_normal_seed_41.csv
fc3_h128,128,weight_decay,41,16,16,rate_uniform,0.5,97.34,mnist-checkpoints/fc3_h128_L[16]_strict_seed41_ablation_wd_l16_fc3_h128.pth,noise3_exp/ablation_mne_l2_vs_weight_decay_l16_fc3_h4_h8_h16_h32_h64_h128/strict_seed_train_rate_uniform_L16_T16/fc3_h128/weight_decay/seed_41/noise_sweep_matrix_mnist_fc3_h128_T16_mode_rate_uniform_schedule_normal_seed_41.csv
fc3_h128,128,weight_decay,41,16,16,rate_uniform,0.55,97.27,mnist-checkpoints/fc3_h128_L[16]_strict_seed41_ablation_wd_l16_fc3_h128.pth,noise3_exp/ablation_mne_l2_vs_weight_decay_l16_fc3_h4_h8_h16_h32_h64_h128/strict_seed_train_rate_uniform_L16_T16/fc3_h128/weight_decay/seed_41/noise_sweep_matrix_mnist_fc3_h128_T16_mode_rate_uniform_schedule_normal_seed_41.csv
fc3_h128,128,weight_decay,41,16,16,rate_uniform,0.6,96.95,mnist-checkpoints/fc3_h128_L[16]_strict_seed41_ablation_wd_l16_fc3_h128.pth,noise3_exp/ablation_mne_l2_vs_weight_decay_l16_fc3_h4_h8_h16_h32_h64_h128/strict_seed_train_rate_uniform_L16_T16/fc3_h128/weight_decay/seed_41/noise_sweep_matrix_mnist_fc3_h128_T16_mode_rate_uniform_schedule_normal_seed_41.csv
fc3_h128,128,weight_decay,41,16,16,rate_uniform,0.65,96.46,mnist-checkpoints/fc3_h128_L[16]_strict_seed41_ablation_wd_l16_fc3_h128.pth,noise3_exp/ablation_mne_l2_vs_weight_decay_l16_fc3_h4_h8_h16_h32_h64_h128/strict_seed_train_rate_uniform_L16_T16/fc3_h128/weight_decay/seed_41/noise_sweep_matrix_mnist_fc3_h128_T16_mode_rate_uniform_schedule_normal_seed_41.csv
fc3_h128,128,weight_decay,41,16,16,rate_uniform,0.7,95.58,mnist-checkpoints/fc3_h128_L[16]_strict_seed41_ablation_wd_l16_fc3_h128.pth,noise3_exp/ablation_mne_l2_vs_weight_decay_l16_fc3_h4_h8_h16_h32_h64_h128/strict_seed_train_rate_uniform_L16_T16/fc3_h128/weight_decay/seed_41/noise_sweep_matrix_mnist_fc3_h128_T16_mode_rate_uniform_schedule_normal_seed_41.csv
fc3_h128,128,weight_decay,41,16,16,rate_uniform,0.75,94.86,mnist-checkpoints/fc3_h128_L[16]_strict_seed41_ablation_wd_l16_fc3_h128.pth,noise3_exp/ablation_mne_l2_vs_weight_decay_l16_fc3_h4_h8_h16_h32_h64_h128/strict_seed_train_rate_uniform_L16_T16/fc3_h128/weight_decay/seed_41/noise_sweep_matrix_mnist_fc3_h128_T16_mode_rate_uniform_schedule_normal_seed_41.csv
fc3_h128,128,weight_decay,41,16,16,rate_uniform,0.8,93.7,mnist-checkpoints/fc3_h128_L[16]_strict_seed41_ablation_wd_l16_fc3_h128.pth,noise3_exp/ablation_mne_l2_vs_weight_decay_l16_fc3_h4_h8_h16_h32_h64_h128/strict_seed_train_rate_uniform_L16_T16/fc3_h128/weight_decay/seed_41/noise_sweep_matrix_mnist_fc3_h128_T16_mode_rate_uniform_schedule_normal_seed_41.csv
fc3_h128,128,weight_decay,41,16,16,rate_uniform,0.85,91.79,mnist-checkpoints/fc3_h128_L[16]_strict_seed41_ablation_wd_l16_fc3_h128.pth,noise3_exp/ablation_mne_l2_vs_weight_decay_l16_fc3_h4_h8_h16_h32_h64_h128/strict_seed_train_rate_uniform_L16_T16/fc3_h128/weight_decay/seed_41/noise_sweep_matrix_mnist_fc3_h128_T16_mode_rate_uniform_schedule_normal_seed_41.csv
fc3_h128,128,weight_decay,41,16,16,rate_uniform,0.9,89.94,mnist-checkpoints/fc3_h128_L[16]_strict_seed41_ablation_wd_l16_fc3_h128.pth,noise3_exp/ablation_mne_l2_vs_weight_decay_l16_fc3_h4_h8_h16_h32_h64_h128/strict_seed_train_rate_uniform_L16_T16/fc3_h128/weight_decay/seed_41/noise_sweep_matrix_mnist_fc3_h128_T16_mode_rate_uniform_schedule_normal_seed_41.csv
fc3_h128,128,weight_decay,41,16,16,rate_uniform,0.95,87.38,mnist-checkpoints/fc3_h128_L[16]_strict_seed41_ablation_wd_l16_fc3_h128.pth,noise3_exp/ablation_mne_l2_vs_weight_decay_l16_fc3_h4_h8_h16_h32_h64_h128/strict_seed_train_rate_uniform_L16_T16/fc3_h128/weight_decay/seed_41/noise_sweep_matrix_mnist_fc3_h128_T16_mode_rate_uniform_schedule_normal_seed_41.csv
fc3_h128,128,weight_decay,41,16,16,rate_uniform,1.0,84.68,mnist-checkpoints/fc3_h128_L[16]_strict_seed41_ablation_wd_l16_fc3_h128.pth,noise3_exp/ablation_mne_l2_vs_weight_decay_l16_fc3_h4_h8_h16_h32_h64_h128/strict_seed_train_rate_uniform_L16_T16/fc3_h128/weight_decay/seed_41/noise_sweep_matrix_mnist_fc3_h128_T16_mode_rate_uniform_schedule_normal_seed_41.csv
fc3_h128,128,weight_decay,42,16,16,rate_uniform,0.0,97.66,mnist-checkpoints/fc3_h128_L[16]_strict_seed42_ablation_wd_l16_fc3_h128.pth,noise3_exp/ablation_mne_l2_vs_weight_decay_l16_fc3_h4_h8_h16_h32_h64_h128/strict_seed_train_rate_uniform_L16_T16/fc3_h128/weight_decay/seed_42/noise_sweep_matrix_mnist_fc3_h128_T16_mode_rate_uniform_schedule_normal_seed_42.csv
fc3_h128,128,weight_decay,42,16,16,rate_uniform,0.05,97.62,mnist-checkpoints/fc3_h128_L[16]_strict_seed42_ablation_wd_l16_fc3_h128.pth,noise3_exp/ablation_mne_l2_vs_weight_decay_l16_fc3_h4_h8_h16_h32_h64_h128/strict_seed_train_rate_uniform_L16_T16/fc3_h128/weight_decay/seed_42/noise_sweep_matrix_mnist_fc3_h128_T16_mode_rate_uniform_schedule_normal_seed_42.csv
fc3_h128,128,weight_decay,42,16,16,rate_uniform,0.1,97.62,mnist-checkpoints/fc3_h128_L[16]_strict_seed42_ablation_wd_l16_fc3_h128.pth,noise3_exp/ablation_mne_l2_vs_weight_decay_l16_fc3_h4_h8_h16_h32_h64_h128/strict_seed_train_rate_uniform_L16_T16/fc3_h128/weight_decay/seed_42/noise_sweep_matrix_mnist_fc3_h128_T16_mode_rate_uniform_schedule_normal_seed_42.csv
fc3_h128,128,weight_decay,42,16,16,rate_uniform,0.15,97.64,mnist-checkpoints/fc3_h128_L[16]_strict_seed42_ablation_wd_l16_fc3_h128.pth,noise3_exp/ablation_mne_l2_vs_weight_decay_l16_fc3_h4_h8_h16_h32_h64_h128/strict_seed_train_rate_uniform_L16_T16/fc3_h128/weight_decay/seed_42/noise_sweep_matrix_mnist_fc3_h128_T16_mode_rate_uniform_schedule_normal_seed_42.csv
fc3_h128,128,weight_decay,42,16,16,rate_uniform,0.2,97.61,mnist-checkpoints/fc3_h128_L[16]_strict_seed42_ablation_wd_l16_fc3_h128.pth,noise3_exp/ablation_mne_l2_vs_weight_decay_l16_fc3_h4_h8_h16_h32_h64_h128/strict_seed_train_rate_uniform_L16_T16/fc3_h128/weight_decay/seed_42/noise_sweep_matrix_mnist_fc3_h128_T16_mode_rate_uniform_schedule_normal_seed_42.csv
fc3_h128,128,weight_decay,42,16,16,rate_uniform,0.25,97.62,mnist-checkpoints/fc3_h128_L[16]_strict_seed42_ablation_wd_l16_fc3_h128.pth,noise3_exp/ablation_mne_l2_vs_weight_decay_l16_fc3_h4_h8_h16_h32_h64_h128/strict_seed_train_rate_uniform_L16_T16/fc3_h128/weight_decay/seed_42/noise_sweep_matrix_mnist_fc3_h128_T16_mode_rate_uniform_schedule_normal_seed_42.csv
fc3_h128,128,weight_decay,42,16,16,rate_uniform,0.3,97.53,mnist-checkpoints/fc3_h128_L[16]_strict_seed42_ablation_wd_l16_fc3_h128.pth,noise3_exp/ablation_mne_l2_vs_weight_decay_l16_fc3_h4_h8_h16_h32_h64_h128/strict_seed_train_rate_uniform_L16_T16/fc3_h128/weight_decay/seed_42/noise_sweep_matrix_mnist_fc3_h128_T16_mode_rate_uniform_schedule_normal_seed_42.csv
fc3_h128,128,weight_decay,42,16,16,rate_uniform,0.35,97.52,mnist-checkpoints/fc3_h128_L[16]_strict_seed42_ablation_wd_l16_fc3_h128.pth,noise3_exp/ablation_mne_l2_vs_weight_decay_l16_fc3_h4_h8_h16_h32_h64_h128/strict_seed_train_rate_uniform_L16_T16/fc3_h128/weight_decay/seed_42/noise_sweep_matrix_mnist_fc3_h128_T16_mode_rate_uniform_schedule_normal_seed_42.csv
fc3_h128,128,weight_decay,42,16,16,rate_uniform,0.4,97.5,mnist-checkpoints/fc3_h128_L[16]_strict_seed42_ablation_wd_l16_fc3_h128.pth,noise3_exp/ablation_mne_l2_vs_weight_decay_l16_fc3_h4_h8_h16_h32_h64_h128/strict_seed_train_rate_uniform_L16_T16/fc3_h128/weight_decay/seed_42/noise_sweep_matrix_mnist_fc3_h128_T16_mode_rate_uniform_schedule_normal_seed_42.csv
fc3_h128,128,weight_decay,42,16,16,rate_uniform,0.45,97.3,mnist-checkpoints/fc3_h128_L[16]_strict_seed42_ablation_wd_l16_fc3_h128.pth,noise3_exp/ablation_mne_l2_vs_weight_decay_l16_fc3_h4_h8_h16_h32_h64_h128/strict_seed_train_rate_uniform_L16_T16/fc3_h128/weight_decay/seed_42/noise_sweep_matrix_mnist_fc3_h128_T16_mode_rate_uniform_schedule_normal_seed_42.csv
fc3_h128,128,weight_decay,42,16,16,rate_uniform,0.5,97.28,mnist-checkpoints/fc3_h128_L[16]_strict_seed42_ablation_wd_l16_fc3_h128.pth,noise3_exp/ablation_mne_l2_vs_weight_decay_l16_fc3_h4_h8_h16_h32_h64_h128/strict_seed_train_rate_uniform_L16_T16/fc3_h128/weight_decay/seed_42/noise_sweep_matrix_mnist_fc3_h128_T16_mode_rate_uniform_schedule_normal_seed_42.csv
fc3_h128,128,weight_decay,42,16,16,rate_uniform,0.55,97.05,mnist-checkpoints/fc3_h128_L[16]_strict_seed42_ablation_wd_l16_fc3_h128.pth,noise3_exp/ablation_mne_l2_vs_weight_decay_l16_fc3_h4_h8_h16_h32_h64_h128/strict_seed_train_rate_uniform_L16_T16/fc3_h128/weight_decay/seed_42/noise_sweep_matrix_mnist_fc3_h128_T16_mode_rate_uniform_schedule_normal_seed_42.csv
fc3_h128,128,weight_decay,42,16,16,rate_uniform,0.6,96.56,mnist-checkpoints/fc3_h128_L[16]_strict_seed42_ablation_wd_l16_fc3_h128.pth,noise3_exp/ablation_mne_l2_vs_weight_decay_l16_fc3_h4_h8_h16_h32_h64_h128/strict_seed_train_rate_uniform_L16_T16/fc3_h128/weight_decay/seed_42/noise_sweep_matrix_mnist_fc3_h128_T16_mode_rate_uniform_schedule_normal_seed_42.csv
fc3_h128,128,weight_decay,42,16,16,rate_uniform,0.65,95.98,mnist-checkpoints/fc3_h128_L[16]_strict_seed42_ablation_wd_l16_fc3_h128.pth,noise3_exp/ablation_mne_l2_vs_weight_decay_l16_fc3_h4_h8_h16_h32_h64_h128/strict_seed_train_rate_uniform_L16_T16/fc3_h128/weight_decay/seed_42/noise_sweep_matrix_mnist_fc3_h128_T16_mode_rate_uniform_schedule_normal_seed_42.csv
fc3_h128,128,weight_decay,42,16,16,rate_uniform,0.7,95.06,mnist-checkpoints/fc3_h128_L[16]_strict_seed42_ablation_wd_l16_fc3_h128.pth,noise3_exp/ablation_mne_l2_vs_weight_decay_l16_fc3_h4_h8_h16_h32_h64_h128/strict_seed_train_rate_uniform_L16_T16/fc3_h128/weight_decay/seed_42/noise_sweep_matrix_mnist_fc3_h128_T16_mode_rate_uniform_schedule_normal_seed_42.csv
fc3_h128,128,weight_decay,42,16,16,rate_uniform,0.75,94.02,mnist-checkpoints/fc3_h128_L[16]_strict_seed42_ablation_wd_l16_fc3_h128.pth,noise3_exp/ablation_mne_l2_vs_weight_decay_l16_fc3_h4_h8_h16_h32_h64_h128/strict_seed_train_rate_uniform_L16_T16/fc3_h128/weight_decay/seed_42/noise_sweep_matrix_mnist_fc3_h128_T16_mode_rate_uniform_schedule_normal_seed_42.csv
fc3_h128,128,weight_decay,42,16,16,rate_uniform,0.8,92.05,mnist-checkpoints/fc3_h128_L[16]_strict_seed42_ablation_wd_l16_fc3_h128.pth,noise3_exp/ablation_mne_l2_vs_weight_decay_l16_fc3_h4_h8_h16_h32_h64_h128/strict_seed_train_rate_uniform_L16_T16/fc3_h128/weight_decay/seed_42/noise_sweep_matrix_mnist_fc3_h128_T16_mode_rate_uniform_schedule_normal_seed_42.csv
fc3_h128,128,weight_decay,42,16,16,rate_uniform,0.85,89.71,mnist-checkpoints/fc3_h128_L[16]_strict_seed42_ablation_wd_l16_fc3_h128.pth,noise3_exp/ablation_mne_l2_vs_weight_decay_l16_fc3_h4_h8_h16_h32_h64_h128/strict_seed_train_rate_uniform_L16_T16/fc3_h128/weight_decay/seed_42/noise_sweep_matrix_mnist_fc3_h128_T16_mode_rate_uniform_schedule_normal_seed_42.csv
fc3_h128,128,weight_decay,42,16,16,rate_uniform,0.9,87.51,mnist-checkpoints/fc3_h128_L[16]_strict_seed42_ablation_wd_l16_fc3_h128.pth,noise3_exp/ablation_mne_l2_vs_weight_decay_l16_fc3_h4_h8_h16_h32_h64_h128/strict_seed_train_rate_uniform_L16_T16/fc3_h128/weight_decay/seed_42/noise_sweep_matrix_mnist_fc3_h128_T16_mode_rate_uniform_schedule_normal_seed_42.csv
fc3_h128,128,weight_decay,42,16,16,rate_uniform,0.95,84.53,mnist-checkpoints/fc3_h128_L[16]_strict_seed42_ablation_wd_l16_fc3_h128.pth,noise3_exp/ablation_mne_l2_vs_weight_decay_l16_fc3_h4_h8_h16_h32_h64_h128/strict_seed_train_rate_uniform_L16_T16/fc3_h128/weight_decay/seed_42/noise_sweep_matrix_mnist_fc3_h128_T16_mode_rate_uniform_schedule_normal_seed_42.csv
fc3_h128,128,weight_decay,42,16,16,rate_uniform,1.0,81.79,mnist-checkpoints/fc3_h128_L[16]_strict_seed42_ablation_wd_l16_fc3_h128.pth,noise3_exp/ablation_mne_l2_vs_weight_decay_l16_fc3_h4_h8_h16_h32_h64_h128/strict_seed_train_rate_uniform_L16_T16/fc3_h128/weight_decay/seed_42/noise_sweep_matrix_mnist_fc3_h128_T16_mode_rate_uniform_schedule_normal_seed_42.csv
fc3_h128,128,weight_decay,43,16,16,rate_uniform,0.0,97.76,mnist-checkpoints/fc3_h128_L[16]_strict_seed43_ablation_wd_l16_fc3_h128.pth,noise3_exp/ablation_mne_l2_vs_weight_decay_l16_fc3_h4_h8_h16_h32_h64_h128/strict_seed_train_rate_uniform_L16_T16/fc3_h128/weight_decay/seed_43/noise_sweep_matrix_mnist_fc3_h128_T16_mode_rate_uniform_schedule_normal_seed_43.csv
fc3_h128,128,weight_decay,43,16,16,rate_uniform,0.05,97.65,mnist-checkpoints/fc3_h128_L[16]_strict_seed43_ablation_wd_l16_fc3_h128.pth,noise3_exp/ablation_mne_l2_vs_weight_decay_l16_fc3_h4_h8_h16_h32_h64_h128/strict_seed_train_rate_uniform_L16_T16/fc3_h128/weight_decay/seed_43/noise_sweep_matrix_mnist_fc3_h128_T16_mode_rate_uniform_schedule_normal_seed_43.csv
fc3_h128,128,weight_decay,43,16,16,rate_uniform,0.1,97.67,mnist-checkpoints/fc3_h128_L[16]_strict_seed43_ablation_wd_l16_fc3_h128.pth,noise3_exp/ablation_mne_l2_vs_weight_decay_l16_fc3_h4_h8_h16_h32_h64_h128/strict_seed_train_rate_uniform_L16_T16/fc3_h128/weight_decay/seed_43/noise_sweep_matrix_mnist_fc3_h128_T16_mode_rate_uniform_schedule_normal_seed_43.csv
fc3_h128,128,weight_decay,43,16,16,rate_uniform,0.15,97.68,mnist-checkpoints/fc3_h128_L[16]_strict_seed43_ablation_wd_l16_fc3_h128.pth,noise3_exp/ablation_mne_l2_vs_weight_decay_l16_fc3_h4_h8_h16_h32_h64_h128/strict_seed_train_rate_uniform_L16_T16/fc3_h128/weight_decay/seed_43/noise_sweep_matrix_mnist_fc3_h128_T16_mode_rate_uniform_schedule_normal_seed_43.csv
fc3_h128,128,weight_decay,43,16,16,rate_uniform,0.2,97.68,mnist-checkpoints/fc3_h128_L[16]_strict_seed43_ablation_wd_l16_fc3_h128.pth,noise3_exp/ablation_mne_l2_vs_weight_decay_l16_fc3_h4_h8_h16_h32_h64_h128/strict_seed_train_rate_uniform_L16_T16/fc3_h128/weight_decay/seed_43/noise_sweep_matrix_mnist_fc3_h128_T16_mode_rate_uniform_schedule_normal_seed_43.csv
fc3_h128,128,weight_decay,43,16,16,rate_uniform,0.25,97.57,mnist-checkpoints/fc3_h128_L[16]_strict_seed43_ablation_wd_l16_fc3_h128.pth,noise3_exp/ablation_mne_l2_vs_weight_decay_l16_fc3_h4_h8_h16_h32_h64_h128/strict_seed_train_rate_uniform_L16_T16/fc3_h128/weight_decay/seed_43/noise_sweep_matrix_mnist_fc3_h128_T16_mode_rate_uniform_schedule_normal_seed_43.csv
fc3_h128,128,weight_decay,43,16,16,rate_uniform,0.3,97.62,mnist-checkpoints/fc3_h128_L[16]_strict_seed43_ablation_wd_l16_fc3_h128.pth,noise3_exp/ablation_mne_l2_vs_weight_decay_l16_fc3_h4_h8_h16_h32_h64_h128/strict_seed_train_rate_uniform_L16_T16/fc3_h128/weight_decay/seed_43/noise_sweep_matrix_mnist_fc3_h128_T16_mode_rate_uniform_schedule_normal_seed_43.csv
fc3_h128,128,weight_decay,43,16,16,rate_uniform,0.35,97.59,mnist-checkpoints/fc3_h128_L[16]_strict_seed43_ablation_wd_l16_fc3_h128.pth,noise3_exp/ablation_mne_l2_vs_weight_decay_l16_fc3_h4_h8_h16_h32_h64_h128/strict_seed_train_rate_uniform_L16_T16/fc3_h128/weight_decay/seed_43/noise_sweep_matrix_mnist_fc3_h128_T16_mode_rate_uniform_schedule_normal_seed_43.csv
fc3_h128,128,weight_decay,43,16,16,rate_uniform,0.4,97.5,mnist-checkpoints/fc3_h128_L[16]_strict_seed43_ablation_wd_l16_fc3_h128.pth,noise3_exp/ablation_mne_l2_vs_weight_decay_l16_fc3_h4_h8_h16_h32_h64_h128/strict_seed_train_rate_uniform_L16_T16/fc3_h128/weight_decay/seed_43/noise_sweep_matrix_mnist_fc3_h128_T16_mode_rate_uniform_schedule_normal_seed_43.csv
fc3_h128,128,weight_decay,43,16,16,rate_uniform,0.45,97.49,mnist-checkpoints/fc3_h128_L[16]_strict_seed43_ablation_wd_l16_fc3_h128.pth,noise3_exp/ablation_mne_l2_vs_weight_decay_l16_fc3_h4_h8_h16_h32_h64_h128/strict_seed_train_rate_uniform_L16_T16/fc3_h128/weight_decay/seed_43/noise_sweep_matrix_mnist_fc3_h128_T16_mode_rate_uniform_schedule_normal_seed_43.csv
fc3_h128,128,weight_decay,43,16,16,rate_uniform,0.5,97.27,mnist-checkpoints/fc3_h128_L[16]_strict_seed43_ablation_wd_l16_fc3_h128.pth,noise3_exp/ablation_mne_l2_vs_weight_decay_l16_fc3_h4_h8_h16_h32_h64_h128/strict_seed_train_rate_uniform_L16_T16/fc3_h128/weight_decay/seed_43/noise_sweep_matrix_mnist_fc3_h128_T16_mode_rate_uniform_schedule_normal_seed_43.csv
fc3_h128,128,weight_decay,43,16,16,rate_uniform,0.55,97.12,mnist-checkpoints/fc3_h128_L[16]_strict_seed43_ablation_wd_l16_fc3_h128.pth,noise3_exp/ablation_mne_l2_vs_weight_decay_l16_fc3_h4_h8_h16_h32_h64_h128/strict_seed_train_rate_uniform_L16_T16/fc3_h128/weight_decay/seed_43/noise_sweep_matrix_mnist_fc3_h128_T16_mode_rate_uniform_schedule_normal_seed_43.csv
fc3_h128,128,weight_decay,43,16,16,rate_uniform,0.6,96.75,mnist-checkpoints/fc3_h128_L[16]_strict_seed43_ablation_wd_l16_fc3_h128.pth,noise3_exp/ablation_mne_l2_vs_weight_decay_l16_fc3_h4_h8_h16_h32_h64_h128/strict_seed_train_rate_uniform_L16_T16/fc3_h128/weight_decay/seed_43/noise_sweep_matrix_mnist_fc3_h128_T16_mode_rate_uniform_schedule_normal_seed_43.csv
fc3_h128,128,weight_decay,43,16,16,rate_uniform,0.65,96.31,mnist-checkpoints/fc3_h128_L[16]_strict_seed43_ablation_wd_l16_fc3_h128.pth,noise3_exp/ablation_mne_l2_vs_weight_decay_l16_fc3_h4_h8_h16_h32_h64_h128/strict_seed_train_rate_uniform_L16_T16/fc3_h128/weight_decay/seed_43/noise_sweep_matrix_mnist_fc3_h128_T16_mode_rate_uniform_schedule_normal_seed_43.csv
fc3_h128,128,weight_decay,43,16,16,rate_uniform,0.7,95.74,mnist-checkpoints/fc3_h128_L[16]_strict_seed43_ablation_wd_l16_fc3_h128.pth,noise3_exp/ablation_mne_l2_vs_weight_decay_l16_fc3_h4_h8_h16_h32_h64_h128/strict_seed_train_rate_uniform_L16_T16/fc3_h128/weight_decay/seed_43/noise_sweep_matrix_mnist_fc3_h128_T16_mode_rate_uniform_schedule_normal_seed_43.csv
fc3_h128,128,weight_decay,43,16,16,rate_uniform,0.75,95.19,mnist-checkpoints/fc3_h128_L[16]_strict_seed43_ablation_wd_l16_fc3_h128.pth,noise3_exp/ablation_mne_l2_vs_weight_decay_l16_fc3_h4_h8_h16_h32_h64_h128/strict_seed_train_rate_uniform_L16_T16/fc3_h128/weight_decay/seed_43/noise_sweep_matrix_mnist_fc3_h128_T16_mode_rate_uniform_schedule_normal_seed_43.csv
fc3_h128,128,weight_decay,43,16,16,rate_uniform,0.8,94.37,mnist-checkpoints/fc3_h128_L[16]_strict_seed43_ablation_wd_l16_fc3_h128.pth,noise3_exp/ablation_mne_l2_vs_weight_decay_l16_fc3_h4_h8_h16_h32_h64_h128/strict_seed_train_rate_uniform_L16_T16/fc3_h128/weight_decay/seed_43/noise_sweep_matrix_mnist_fc3_h128_T16_mode_rate_uniform_schedule_normal_seed_43.csv
fc3_h128,128,weight_decay,43,16,16,rate_uniform,0.85,92.8,mnist-checkpoints/fc3_h128_L[16]_strict_seed43_ablation_wd_l16_fc3_h128.pth,noise3_exp/ablation_mne_l2_vs_weight_decay_l16_fc3_h4_h8_h16_h32_h64_h128/strict_seed_train_rate_uniform_L16_T16/fc3_h128/weight_decay/seed_43/noise_sweep_matrix_mnist_fc3_h128_T16_mode_rate_uniform_schedule_normal_seed_43.csv
fc3_h128,128,weight_decay,43,16,16,rate_uniform,0.9,91.51,mnist-checkpoints/fc3_h128_L[16]_strict_seed43_ablation_wd_l16_fc3_h128.pth,noise3_exp/ablation_mne_l2_vs_weight_decay_l16_fc3_h4_h8_h16_h32_h64_h128/strict_seed_train_rate_uniform_L16_T16/fc3_h128/weight_decay/seed_43/noise_sweep_matrix_mnist_fc3_h128_T16_mode_rate_uniform_schedule_normal_seed_43.csv
fc3_h128,128,weight_decay,43,16,16,rate_uniform,0.95,89.83,mnist-checkpoints/fc3_h128_L[16]_strict_seed43_ablation_wd_l16_fc3_h128.pth,noise3_exp/ablation_mne_l2_vs_weight_decay_l16_fc3_h4_h8_h16_h32_h64_h128/strict_seed_train_rate_uniform_L16_T16/fc3_h128/weight_decay/seed_43/noise_sweep_matrix_mnist_fc3_h128_T16_mode_rate_uniform_schedule_normal_seed_43.csv
fc3_h128,128,weight_decay,43,16,16,rate_uniform,1.0,87.56,mnist-checkpoints/fc3_h128_L[16]_strict_seed43_ablation_wd_l16_fc3_h128.pth,noise3_exp/ablation_mne_l2_vs_weight_decay_l16_fc3_h4_h8_h16_h32_h64_h128/strict_seed_train_rate_uniform_L16_T16/fc3_h128/weight_decay/seed_43/noise_sweep_matrix_mnist_fc3_h128_T16_mode_rate_uniform_schedule_normal_seed_43.csv
fc3_h128,128,weight_decay,44,16,16,rate_uniform,0.0,97.87,mnist-checkpoints/fc3_h128_L[16]_strict_seed44_ablation_wd_l16_fc3_h128.pth,noise3_exp/ablation_mne_l2_vs_weight_decay_l16_fc3_h4_h8_h16_h32_h64_h128/strict_seed_train_rate_uniform_L16_T16/fc3_h128/weight_decay/seed_44/noise_sweep_matrix_mnist_fc3_h128_T16_mode_rate_uniform_schedule_normal_seed_44.csv
fc3_h128,128,weight_decay,44,16,16,rate_uniform,0.05,97.92,mnist-checkpoints/fc3_h128_L[16]_strict_seed44_ablation_wd_l16_fc3_h128.pth,noise3_exp/ablation_mne_l2_vs_weight_decay_l16_fc3_h4_h8_h16_h32_h64_h128/strict_seed_train_rate_uniform_L16_T16/fc3_h128/weight_decay/seed_44/noise_sweep_matrix_mnist_fc3_h128_T16_mode_rate_uniform_schedule_normal_seed_44.csv
fc3_h128,128,weight_decay,44,16,16,rate_uniform,0.1,97.93,mnist-checkpoints/fc3_h128_L[16]_strict_seed44_ablation_wd_l16_fc3_h128.pth,noise3_exp/ablation_mne_l2_vs_weight_decay_l16_fc3_h4_h8_h16_h32_h64_h128/strict_seed_train_rate_uniform_L16_T16/fc3_h128/weight_decay/seed_44/noise_sweep_matrix_mnist_fc3_h128_T16_mode_rate_uniform_schedule_normal_seed_44.csv
fc3_h128,128,weight_decay,44,16,16,rate_uniform,0.15,97.89,mnist-checkpoints/fc3_h128_L[16]_strict_seed44_ablation_wd_l16_fc3_h128.pth,noise3_exp/ablation_mne_l2_vs_weight_decay_l16_fc3_h4_h8_h16_h32_h64_h128/strict_seed_train_rate_uniform_L16_T16/fc3_h128/weight_decay/seed_44/noise_sweep_matrix_mnist_fc3_h128_T16_mode_rate_uniform_schedule_normal_seed_44.csv
fc3_h128,128,weight_decay,44,16,16,rate_uniform,0.2,97.79,mnist-checkpoints/fc3_h128_L[16]_strict_seed44_ablation_wd_l16_fc3_h128.pth,noise3_exp/ablation_mne_l2_vs_weight_decay_l16_fc3_h4_h8_h16_h32_h64_h128/strict_seed_train_rate_uniform_L16_T16/fc3_h128/weight_decay/seed_44/noise_sweep_matrix_mnist_fc3_h128_T16_mode_rate_uniform_schedule_normal_seed_44.csv
fc3_h128,128,weight_decay,44,16,16,rate_uniform,0.25,97.84,mnist-checkpoints/fc3_h128_L[16]_strict_seed44_ablation_wd_l16_fc3_h128.pth,noise3_exp/ablation_mne_l2_vs_weight_decay_l16_fc3_h4_h8_h16_h32_h64_h128/strict_seed_train_rate_uniform_L16_T16/fc3_h128/weight_decay/seed_44/noise_sweep_matrix_mnist_fc3_h128_T16_mode_rate_uniform_schedule_normal_seed_44.csv
fc3_h128,128,weight_decay,44,16,16,rate_uniform,0.3,97.88,mnist-checkpoints/fc3_h128_L[16]_strict_seed44_ablation_wd_l16_fc3_h128.pth,noise3_exp/ablation_mne_l2_vs_weight_decay_l16_fc3_h4_h8_h16_h32_h64_h128/strict_seed_train_rate_uniform_L16_T16/fc3_h128/weight_decay/seed_44/noise_sweep_matrix_mnist_fc3_h128_T16_mode_rate_uniform_schedule_normal_seed_44.csv
fc3_h128,128,weight_decay,44,16,16,rate_uniform,0.35,97.84,mnist-checkpoints/fc3_h128_L[16]_strict_seed44_ablation_wd_l16_fc3_h128.pth,noise3_exp/ablation_mne_l2_vs_weight_decay_l16_fc3_h4_h8_h16_h32_h64_h128/strict_seed_train_rate_uniform_L16_T16/fc3_h128/weight_decay/seed_44/noise_sweep_matrix_mnist_fc3_h128_T16_mode_rate_uniform_schedule_normal_seed_44.csv
fc3_h128,128,weight_decay,44,16,16,rate_uniform,0.4,97.67,mnist-checkpoints/fc3_h128_L[16]_strict_seed44_ablation_wd_l16_fc3_h128.pth,noise3_exp/ablation_mne_l2_vs_weight_decay_l16_fc3_h4_h8_h16_h32_h64_h128/strict_seed_train_rate_uniform_L16_T16/fc3_h128/weight_decay/seed_44/noise_sweep_matrix_mnist_fc3_h128_T16_mode_rate_uniform_schedule_normal_seed_44.csv
fc3_h128,128,weight_decay,44,16,16,rate_uniform,0.45,97.53,mnist-checkpoints/fc3_h128_L[16]_strict_seed44_ablation_wd_l16_fc3_h128.pth,noise3_exp/ablation_mne_l2_vs_weight_decay_l16_fc3_h4_h8_h16_h32_h64_h128/strict_seed_train_rate_uniform_L16_T16/fc3_h128/weight_decay/seed_44/noise_sweep_matrix_mnist_fc3_h128_T16_mode_rate_uniform_schedule_normal_seed_44.csv
fc3_h128,128,weight_decay,44,16,16,rate_uniform,0.5,97.43,mnist-checkpoints/fc3_h128_L[16]_strict_seed44_ablation_wd_l16_fc3_h128.pth,noise3_exp/ablation_mne_l2_vs_weight_decay_l16_fc3_h4_h8_h16_h32_h64_h128/strict_seed_train_rate_uniform_L16_T16/fc3_h128/weight_decay/seed_44/noise_sweep_matrix_mnist_fc3_h128_T16_mode_rate_uniform_schedule_normal_seed_44.csv
fc3_h128,128,weight_decay,44,16,16,rate_uniform,0.55,97.19,mnist-checkpoints/fc3_h128_L[16]_strict_seed44_ablation_wd_l16_fc3_h128.pth,noise3_exp/ablation_mne_l2_vs_weight_decay_l16_fc3_h4_h8_h16_h32_h64_h128/strict_seed_train_rate_uniform_L16_T16/fc3_h128/weight_decay/seed_44/noise_sweep_matrix_mnist_fc3_h128_T16_mode_rate_uniform_schedule_normal_seed_44.csv
fc3_h128,128,weight_decay,44,16,16,rate_uniform,0.6,97.01,mnist-checkpoints/fc3_h128_L[16]_strict_seed44_ablation_wd_l16_fc3_h128.pth,noise3_exp/ablation_mne_l2_vs_weight_decay_l16_fc3_h4_h8_h16_h32_h64_h128/strict_seed_train_rate_uniform_L16_T16/fc3_h128/weight_decay/seed_44/noise_sweep_matrix_mnist_fc3_h128_T16_mode_rate_uniform_schedule_normal_seed_44.csv
fc3_h128,128,weight_decay,44,16,16,rate_uniform,0.65,96.53,mnist-checkpoints/fc3_h128_L[16]_strict_seed44_ablation_wd_l16_fc3_h128.pth,noise3_exp/ablation_mne_l2_vs_weight_decay_l16_fc3_h4_h8_h16_h32_h64_h128/strict_seed_train_rate_uniform_L16_T16/fc3_h128/weight_decay/seed_44/noise_sweep_matrix_mnist_fc3_h128_T16_mode_rate_uniform_schedule_normal_seed_44.csv
fc3_h128,128,weight_decay,44,16,16,rate_uniform,0.7,96.01,mnist-checkpoints/fc3_h128_L[16]_strict_seed44_ablation_wd_l16_fc3_h128.pth,noise3_exp/ablation_mne_l2_vs_weight_decay_l16_fc3_h4_h8_h16_h32_h64_h128/strict_seed_train_rate_uniform_L16_T16/fc3_h128/weight_decay/seed_44/noise_sweep_matrix_mnist_fc3_h128_T16_mode_rate_uniform_schedule_normal_seed_44.csv
fc3_h128,128,weight_decay,44,16,16,rate_uniform,0.75,95.41,mnist-checkpoints/fc3_h128_L[16]_strict_seed44_ablation_wd_l16_fc3_h128.pth,noise3_exp/ablation_mne_l2_vs_weight_decay_l16_fc3_h4_h8_h16_h32_h64_h128/strict_seed_train_rate_uniform_L16_T16/fc3_h128/weight_decay/seed_44/noise_sweep_matrix_mnist_fc3_h128_T16_mode_rate_uniform_schedule_normal_seed_44.csv
fc3_h128,128,weight_decay,44,16,16,rate_uniform,0.8,94.56,mnist-checkpoints/fc3_h128_L[16]_strict_seed44_ablation_wd_l16_fc3_h128.pth,noise3_exp/ablation_mne_l2_vs_weight_decay_l16_fc3_h4_h8_h16_h32_h64_h128/strict_seed_train_rate_uniform_L16_T16/fc3_h128/weight_decay/seed_44/noise_sweep_matrix_mnist_fc3_h128_T16_mode_rate_uniform_schedule_normal_seed_44.csv
fc3_h128,128,weight_decay,44,16,16,rate_uniform,0.85,92.86,mnist-checkpoints/fc3_h128_L[16]_strict_seed44_ablation_wd_l16_fc3_h128.pth,noise3_exp/ablation_mne_l2_vs_weight_decay_l16_fc3_h4_h8_h16_h32_h64_h128/strict_seed_train_rate_uniform_L16_T16/fc3_h128/weight_decay/seed_44/noise_sweep_matrix_mnist_fc3_h128_T16_mode_rate_uniform_schedule_normal_seed_44.csv
fc3_h128,128,weight_decay,44,16,16,rate_uniform,0.9,91.3,mnist-checkpoints/fc3_h128_L[16]_strict_seed44_ablation_wd_l16_fc3_h128.pth,noise3_exp/ablation_mne_l2_vs_weight_decay_l16_fc3_h4_h8_h16_h32_h64_h128/strict_seed_train_rate_uniform_L16_T16/fc3_h128/weight_decay/seed_44/noise_sweep_matrix_mnist_fc3_h128_T16_mode_rate_uniform_schedule_normal_seed_44.csv
fc3_h128,128,weight_decay,44,16,16,rate_uniform,0.95,88.99,mnist-checkpoints/fc3_h128_L[16]_strict_seed44_ablation_wd_l16_fc3_h128.pth,noise3_exp/ablation_mne_l2_vs_weight_decay_l16_fc3_h4_h8_h16_h32_h64_h128/strict_seed_train_rate_uniform_L16_T16/fc3_h128/weight_decay/seed_44/noise_sweep_matrix_mnist_fc3_h128_T16_mode_rate_uniform_schedule_normal_seed_44.csv
fc3_h128,128,weight_decay,44,16,16,rate_uniform,1.0,86.73,mnist-checkpoints/fc3_h128_L[16]_strict_seed44_ablation_wd_l16_fc3_h128.pth,noise3_exp/ablation_mne_l2_vs_weight_decay_l16_fc3_h4_h8_h16_h32_h64_h128/strict_seed_train_rate_uniform_L16_T16/fc3_h128/weight_decay/seed_44/noise_sweep_matrix_mnist_fc3_h128_T16_mode_rate_uniform_schedule_normal_seed_44.csv
fc3_h128,128,no_regularization,40,16,16,rate_uniform,0.0,97.1,mnist-checkpoints/fc3_h128_L[16]_strict_seed40_ablation_none_l16_fc3_h128.pth,noise3_exp/ablation_mne_l2_vs_weight_decay_l16_fc3_h4_h8_h16_h32_h64_h128/strict_seed_train_rate_uniform_L16_T16/fc3_h128/no_regularization/seed_40/noise_sweep_matrix_mnist_fc3_h128_T16_mode_rate_uniform_schedule_normal_seed_40.csv
fc3_h128,128,no_regularization,40,16,16,rate_uniform,0.05,96.96,mnist-checkpoints/fc3_h128_L[16]_strict_seed40_ablation_none_l16_fc3_h128.pth,noise3_exp/ablation_mne_l2_vs_weight_decay_l16_fc3_h4_h8_h16_h32_h64_h128/strict_seed_train_rate_uniform_L16_T16/fc3_h128/no_regularization/seed_40/noise_sweep_matrix_mnist_fc3_h128_T16_mode_rate_uniform_schedule_normal_seed_40.csv
fc3_h128,128,no_regularization,40,16,16,rate_uniform,0.1,97.05,mnist-checkpoints/fc3_h128_L[16]_strict_seed40_ablation_none_l16_fc3_h128.pth,noise3_exp/ablation_mne_l2_vs_weight_decay_l16_fc3_h4_h8_h16_h32_h64_h128/strict_seed_train_rate_uniform_L16_T16/fc3_h128/no_regularization/seed_40/noise_sweep_matrix_mnist_fc3_h128_T16_mode_rate_uniform_schedule_normal_seed_40.csv
fc3_h128,128,no_regularization,40,16,16,rate_uniform,0.15,97.0,mnist-checkpoints/fc3_h128_L[16]_strict_seed40_ablation_none_l16_fc3_h128.pth,noise3_exp/ablation_mne_l2_vs_weight_decay_l16_fc3_h4_h8_h16_h32_h64_h128/strict_seed_train_rate_uniform_L16_T16/fc3_h128/no_regularization/seed_40/noise_sweep_matrix_mnist_fc3_h128_T16_mode_rate_uniform_schedule_normal_seed_40.csv
fc3_h128,128,no_regularization,40,16,16,rate_uniform,0.2,96.93,mnist-checkpoints/fc3_h128_L[16]_strict_seed40_ablation_none_l16_fc3_h128.pth,noise3_exp/ablation_mne_l2_vs_weight_decay_l16_fc3_h4_h8_h16_h32_h64_h128/strict_seed_train_rate_uniform_L16_T16/fc3_h128/no_regularization/seed_40/noise_sweep_matrix_mnist_fc3_h128_T16_mode_rate_uniform_schedule_normal_seed_40.csv
fc3_h128,128,no_regularization,40,16,16,rate_uniform,0.25,96.84,mnist-checkpoints/fc3_h128_L[16]_strict_seed40_ablation_none_l16_fc3_h128.pth,noise3_exp/ablation_mne_l2_vs_weight_decay_l16_fc3_h4_h8_h16_h32_h64_h128/strict_seed_train_rate_uniform_L16_T16/fc3_h128/no_regularization/seed_40/noise_sweep_matrix_mnist_fc3_h128_T16_mode_rate_uniform_schedule_normal_seed_40.csv
fc3_h128,128,no_regularization,40,16,16,rate_uniform,0.3,96.63,mnist-checkpoints/fc3_h128_L[16]_strict_seed40_ablation_none_l16_fc3_h128.pth,noise3_exp/ablation_mne_l2_vs_weight_decay_l16_fc3_h4_h8_h16_h32_h64_h128/strict_seed_train_rate_uniform_L16_T16/fc3_h128/no_regularization/seed_40/noise_sweep_matrix_mnist_fc3_h128_T16_mode_rate_uniform_schedule_normal_seed_40.csv
fc3_h128,128,no_regularization,40,16,16,rate_uniform,0.35,96.32,mnist-checkpoints/fc3_h128_L[16]_strict_seed40_ablation_none_l16_fc3_h128.pth,noise3_exp/ablation_mne_l2_vs_weight_decay_l16_fc3_h4_h8_h16_h32_h64_h128/strict_seed_train_rate_uniform_L16_T16/fc3_h128/no_regularization/seed_40/noise_sweep_matrix_mnist_fc3_h128_T16_mode_rate_uniform_schedule_normal_seed_40.csv
fc3_h128,128,no_regularization,40,16,16,rate_uniform,0.4,95.19,mnist-checkpoints/fc3_h128_L[16]_strict_seed40_ablation_none_l16_fc3_h128.pth,noise3_exp/ablation_mne_l2_vs_weight_decay_l16_fc3_h4_h8_h16_h32_h64_h128/strict_seed_train_rate_uniform_L16_T16/fc3_h128/no_regularization/seed_40/noise_sweep_matrix_mnist_fc3_h128_T16_mode_rate_uniform_schedule_normal_seed_40.csv
fc3_h128,128,no_regularization,40,16,16,rate_uniform,0.45,91.72,mnist-checkpoints/fc3_h128_L[16]_strict_seed40_ablation_none_l16_fc3_h128.pth,noise3_exp/ablation_mne_l2_vs_weight_decay_l16_fc3_h4_h8_h16_h32_h64_h128/strict_seed_train_rate_uniform_L16_T16/fc3_h128/no_regularization/seed_40/noise_sweep_matrix_mnist_fc3_h128_T16_mode_rate_uniform_schedule_normal_seed_40.csv
fc3_h128,128,no_regularization,40,16,16,rate_uniform,0.5,87.43,mnist-checkpoints/fc3_h128_L[16]_strict_seed40_ablation_none_l16_fc3_h128.pth,noise3_exp/ablation_mne_l2_vs_weight_decay_l16_fc3_h4_h8_h16_h32_h64_h128/strict_seed_train_rate_uniform_L16_T16/fc3_h128/no_regularization/seed_40/noise_sweep_matrix_mnist_fc3_h128_T16_mode_rate_uniform_schedule_normal_seed_40.csv
fc3_h128,128,no_regularization,40,16,16,rate_uniform,0.55,83.15,mnist-checkpoints/fc3_h128_L[16]_strict_seed40_ablation_none_l16_fc3_h128.pth,noise3_exp/ablation_mne_l2_vs_weight_decay_l16_fc3_h4_h8_h16_h32_h64_h128/strict_seed_train_rate_uniform_L16_T16/fc3_h128/no_regularization/seed_40/noise_sweep_matrix_mnist_fc3_h128_T16_mode_rate_uniform_schedule_normal_seed_40.csv
fc3_h128,128,no_regularization,40,16,16,rate_uniform,0.6,80.12,mnist-checkpoints/fc3_h128_L[16]_strict_seed40_ablation_none_l16_fc3_h128.pth,noise3_exp/ablation_mne_l2_vs_weight_decay_l16_fc3_h4_h8_h16_h32_h64_h128/strict_seed_train_rate_uniform_L16_T16/fc3_h128/no_regularization/seed_40/noise_sweep_matrix_mnist_fc3_h128_T16_mode_rate_uniform_schedule_normal_seed_40.csv
fc3_h128,128,no_regularization,40,16,16,rate_uniform,0.65,76.83,mnist-checkpoints/fc3_h128_L[16]_strict_seed40_ablation_none_l16_fc3_h128.pth,noise3_exp/ablation_mne_l2_vs_weight_decay_l16_fc3_h4_h8_h16_h32_h64_h128/strict_seed_train_rate_uniform_L16_T16/fc3_h128/no_regularization/seed_40/noise_sweep_matrix_mnist_fc3_h128_T16_mode_rate_uniform_schedule_normal_seed_40.csv
fc3_h128,128,no_regularization,40,16,16,rate_uniform,0.7,73.99,mnist-checkpoints/fc3_h128_L[16]_strict_seed40_ablation_none_l16_fc3_h128.pth,noise3_exp/ablation_mne_l2_vs_weight_decay_l16_fc3_h4_h8_h16_h32_h64_h128/strict_seed_train_rate_uniform_L16_T16/fc3_h128/no_regularization/seed_40/noise_sweep_matrix_mnist_fc3_h128_T16_mode_rate_uniform_schedule_normal_seed_40.csv
fc3_h128,128,no_regularization,40,16,16,rate_uniform,0.75,71.54,mnist-checkpoints/fc3_h128_L[16]_strict_seed40_ablation_none_l16_fc3_h128.pth,noise3_exp/ablation_mne_l2_vs_weight_decay_l16_fc3_h4_h8_h16_h32_h64_h128/strict_seed_train_rate_uniform_L16_T16/fc3_h128/no_regularization/seed_40/noise_sweep_matrix_mnist_fc3_h128_T16_mode_rate_uniform_schedule_normal_seed_40.csv
fc3_h128,128,no_regularization,40,16,16,rate_uniform,0.8,68.33,mnist-checkpoints/fc3_h128_L[16]_strict_seed40_ablation_none_l16_fc3_h128.pth,noise3_exp/ablation_mne_l2_vs_weight_decay_l16_fc3_h4_h8_h16_h32_h64_h128/strict_seed_train_rate_uniform_L16_T16/fc3_h128/no_regularization/seed_40/noise_sweep_matrix_mnist_fc3_h128_T16_mode_rate_uniform_schedule_normal_seed_40.csv
fc3_h128,128,no_regularization,40,16,16,rate_uniform,0.85,66.39,mnist-checkpoints/fc3_h128_L[16]_strict_seed40_ablation_none_l16_fc3_h128.pth,noise3_exp/ablation_mne_l2_vs_weight_decay_l16_fc3_h4_h8_h16_h32_h64_h128/strict_seed_train_rate_uniform_L16_T16/fc3_h128/no_regularization/seed_40/noise_sweep_matrix_mnist_fc3_h128_T16_mode_rate_uniform_schedule_normal_seed_40.csv
fc3_h128,128,no_regularization,40,16,16,rate_uniform,0.9,63.73,mnist-checkpoints/fc3_h128_L[16]_strict_seed40_ablation_none_l16_fc3_h128.pth,noise3_exp/ablation_mne_l2_vs_weight_decay_l16_fc3_h4_h8_h16_h32_h64_h128/strict_seed_train_rate_uniform_L16_T16/fc3_h128/no_regularization/seed_40/noise_sweep_matrix_mnist_fc3_h128_T16_mode_rate_uniform_schedule_normal_seed_40.csv
fc3_h128,128,no_regularization,40,16,16,rate_uniform,0.95,60.79,mnist-checkpoints/fc3_h128_L[16]_strict_seed40_ablation_none_l16_fc3_h128.pth,noise3_exp/ablation_mne_l2_vs_weight_decay_l16_fc3_h4_h8_h16_h32_h64_h128/strict_seed_train_rate_uniform_L16_T16/fc3_h128/no_regularization/seed_40/noise_sweep_matrix_mnist_fc3_h128_T16_mode_rate_uniform_schedule_normal_seed_40.csv
fc3_h128,128,no_regularization,40,16,16,rate_uniform,1.0,58.32,mnist-checkpoints/fc3_h128_L[16]_strict_seed40_ablation_none_l16_fc3_h128.pth,noise3_exp/ablation_mne_l2_vs_weight_decay_l16_fc3_h4_h8_h16_h32_h64_h128/strict_seed_train_rate_uniform_L16_T16/fc3_h128/no_regularization/seed_40/noise_sweep_matrix_mnist_fc3_h128_T16_mode_rate_uniform_schedule_normal_seed_40.csv
fc3_h128,128,no_regularization,41,16,16,rate_uniform,0.0,96.85,mnist-checkpoints/fc3_h128_L[16]_strict_seed41_ablation_none_l16_fc3_h128.pth,noise3_exp/ablation_mne_l2_vs_weight_decay_l16_fc3_h4_h8_h16_h32_h64_h128/strict_seed_train_rate_uniform_L16_T16/fc3_h128/no_regularization/seed_41/noise_sweep_matrix_mnist_fc3_h128_T16_mode_rate_uniform_schedule_normal_seed_41.csv
fc3_h128,128,no_regularization,41,16,16,rate_uniform,0.05,96.81,mnist-checkpoints/fc3_h128_L[16]_strict_seed41_ablation_none_l16_fc3_h128.pth,noise3_exp/ablation_mne_l2_vs_weight_decay_l16_fc3_h4_h8_h16_h32_h64_h128/strict_seed_train_rate_uniform_L16_T16/fc3_h128/no_regularization/seed_41/noise_sweep_matrix_mnist_fc3_h128_T16_mode_rate_uniform_schedule_normal_seed_41.csv
fc3_h128,128,no_regularization,41,16,16,rate_uniform,0.1,96.76,mnist-checkpoints/fc3_h128_L[16]_strict_seed41_ablation_none_l16_fc3_h128.pth,noise3_exp/ablation_mne_l2_vs_weight_decay_l16_fc3_h4_h8_h16_h32_h64_h128/strict_seed_train_rate_uniform_L16_T16/fc3_h128/no_regularization/seed_41/noise_sweep_matrix_mnist_fc3_h128_T16_mode_rate_uniform_schedule_normal_seed_41.csv
fc3_h128,128,no_regularization,41,16,16,rate_uniform,0.15,96.88,mnist-checkpoints/fc3_h128_L[16]_strict_seed41_ablation_none_l16_fc3_h128.pth,noise3_exp/ablation_mne_l2_vs_weight_decay_l16_fc3_h4_h8_h16_h32_h64_h128/strict_seed_train_rate_uniform_L16_T16/fc3_h128/no_regularization/seed_41/noise_sweep_matrix_mnist_fc3_h128_T16_mode_rate_uniform_schedule_normal_seed_41.csv
fc3_h128,128,no_regularization,41,16,16,rate_uniform,0.2,96.74,mnist-checkpoints/fc3_h128_L[16]_strict_seed41_ablation_none_l16_fc3_h128.pth,noise3_exp/ablation_mne_l2_vs_weight_decay_l16_fc3_h4_h8_h16_h32_h64_h128/strict_seed_train_rate_uniform_L16_T16/fc3_h128/no_regularization/seed_41/noise_sweep_matrix_mnist_fc3_h128_T16_mode_rate_uniform_schedule_normal_seed_41.csv
fc3_h128,128,no_regularization,41,16,16,rate_uniform,0.25,96.65,mnist-checkpoints/fc3_h128_L[16]_strict_seed41_ablation_none_l16_fc3_h128.pth,noise3_exp/ablation_mne_l2_vs_weight_decay_l16_fc3_h4_h8_h16_h32_h64_h128/strict_seed_train_rate_uniform_L16_T16/fc3_h128/no_regularization/seed_41/noise_sweep_matrix_mnist_fc3_h128_T16_mode_rate_uniform_schedule_normal_seed_41.csv
fc3_h128,128,no_regularization,41,16,16,rate_uniform,0.3,96.58,mnist-checkpoints/fc3_h128_L[16]_strict_seed41_ablation_none_l16_fc3_h128.pth,noise3_exp/ablation_mne_l2_vs_weight_decay_l16_fc3_h4_h8_h16_h32_h64_h128/strict_seed_train_rate_uniform_L16_T16/fc3_h128/no_regularization/seed_41/noise_sweep_matrix_mnist_fc3_h128_T16_mode_rate_uniform_schedule_normal_seed_41.csv
fc3_h128,128,no_regularization,41,16,16,rate_uniform,0.35,96.41,mnist-checkpoints/fc3_h128_L[16]_strict_seed41_ablation_none_l16_fc3_h128.pth,noise3_exp/ablation_mne_l2_vs_weight_decay_l16_fc3_h4_h8_h16_h32_h64_h128/strict_seed_train_rate_uniform_L16_T16/fc3_h128/no_regularization/seed_41/noise_sweep_matrix_mnist_fc3_h128_T16_mode_rate_uniform_schedule_normal_seed_41.csv
fc3_h128,128,no_regularization,41,16,16,rate_uniform,0.4,95.59,mnist-checkpoints/fc3_h128_L[16]_strict_seed41_ablation_none_l16_fc3_h128.pth,noise3_exp/ablation_mne_l2_vs_weight_decay_l16_fc3_h4_h8_h16_h32_h64_h128/strict_seed_train_rate_uniform_L16_T16/fc3_h128/no_regularization/seed_41/noise_sweep_matrix_mnist_fc3_h128_T16_mode_rate_uniform_schedule_normal_seed_41.csv
fc3_h128,128,no_regularization,41,16,16,rate_uniform,0.45,94.26,mnist-checkpoints/fc3_h128_L[16]_strict_seed41_ablation_none_l16_fc3_h128.pth,noise3_exp/ablation_mne_l2_vs_weight_decay_l16_fc3_h4_h8_h16_h32_h64_h128/strict_seed_train_rate_uniform_L16_T16/fc3_h128/no_regularization/seed_41/noise_sweep_matrix_mnist_fc3_h128_T16_mode_rate_uniform_schedule_normal_seed_41.csv
fc3_h128,128,no_regularization,41,16,16,rate_uniform,0.5,90.63,mnist-checkpoints/fc3_h128_L[16]_strict_seed41_ablation_none_l16_fc3_h128.pth,noise3_exp/ablation_mne_l2_vs_weight_decay_l16_fc3_h4_h8_h16_h32_h64_h128/strict_seed_train_rate_uniform_L16_T16/fc3_h128/no_regularization/seed_41/noise_sweep_matrix_mnist_fc3_h128_T16_mode_rate_uniform_schedule_normal_seed_41.csv
fc3_h128,128,no_regularization,41,16,16,rate_uniform,0.55,86.35,mnist-checkpoints/fc3_h128_L[16]_strict_seed41_ablation_none_l16_fc3_h128.pth,noise3_exp/ablation_mne_l2_vs_weight_decay_l16_fc3_h4_h8_h16_h32_h64_h128/strict_seed_train_rate_uniform_L16_T16/fc3_h128/no_regularization/seed_41/noise_sweep_matrix_mnist_fc3_h128_T16_mode_rate_uniform_schedule_normal_seed_41.csv
fc3_h128,128,no_regularization,41,16,16,rate_uniform,0.6,81.27,mnist-checkpoints/fc3_h128_L[16]_strict_seed41_ablation_none_l16_fc3_h128.pth,noise3_exp/ablation_mne_l2_vs_weight_decay_l16_fc3_h4_h8_h16_h32_h64_h128/strict_seed_train_rate_uniform_L16_T16/fc3_h128/no_regularization/seed_41/noise_sweep_matrix_mnist_fc3_h128_T16_mode_rate_uniform_schedule_normal_seed_41.csv
fc3_h128,128,no_regularization,41,16,16,rate_uniform,0.65,76.72,mnist-checkpoints/fc3_h128_L[16]_strict_seed41_ablation_none_l16_fc3_h128.pth,noise3_exp/ablation_mne_l2_vs_weight_decay_l16_fc3_h4_h8_h16_h32_h64_h128/strict_seed_train_rate_uniform_L16_T16/fc3_h128/no_regularization/seed_41/noise_sweep_matrix_mnist_fc3_h128_T16_mode_rate_uniform_schedule_normal_seed_41.csv
fc3_h128,128,no_regularization,41,16,16,rate_uniform,0.7,72.58,mnist-checkpoints/fc3_h128_L[16]_strict_seed41_ablation_none_l16_fc3_h128.pth,noise3_exp/ablation_mne_l2_vs_weight_decay_l16_fc3_h4_h8_h16_h32_h64_h128/strict_seed_train_rate_uniform_L16_T16/fc3_h128/no_regularization/seed_41/noise_sweep_matrix_mnist_fc3_h128_T16_mode_rate_uniform_schedule_normal_seed_41.csv
fc3_h128,128,no_regularization,41,16,16,rate_uniform,0.75,69.24,mnist-checkpoints/fc3_h128_L[16]_strict_seed41_ablation_none_l16_fc3_h128.pth,noise3_exp/ablation_mne_l2_vs_weight_decay_l16_fc3_h4_h8_h16_h32_h64_h128/strict_seed_train_rate_uniform_L16_T16/fc3_h128/no_regularization/seed_41/noise_sweep_matrix_mnist_fc3_h128_T16_mode_rate_uniform_schedule_normal_seed_41.csv
fc3_h128,128,no_regularization,41,16,16,rate_uniform,0.8,65.76,mnist-checkpoints/fc3_h128_L[16]_strict_seed41_ablation_none_l16_fc3_h128.pth,noise3_exp/ablation_mne_l2_vs_weight_decay_l16_fc3_h4_h8_h16_h32_h64_h128/strict_seed_train_rate_uniform_L16_T16/fc3_h128/no_regularization/seed_41/noise_sweep_matrix_mnist_fc3_h128_T16_mode_rate_uniform_schedule_normal_seed_41.csv
fc3_h128,128,no_regularization,41,16,16,rate_uniform,0.85,62.28,mnist-checkpoints/fc3_h128_L[16]_strict_seed41_ablation_none_l16_fc3_h128.pth,noise3_exp/ablation_mne_l2_vs_weight_decay_l16_fc3_h4_h8_h16_h32_h64_h128/strict_seed_train_rate_uniform_L16_T16/fc3_h128/no_regularization/seed_41/noise_sweep_matrix_mnist_fc3_h128_T16_mode_rate_uniform_schedule_normal_seed_41.csv
fc3_h128,128,no_regularization,41,16,16,rate_uniform,0.9,58.85,mnist-checkpoints/fc3_h128_L[16]_strict_seed41_ablation_none_l16_fc3_h128.pth,noise3_exp/ablation_mne_l2_vs_weight_decay_l16_fc3_h4_h8_h16_h32_h64_h128/strict_seed_train_rate_uniform_L16_T16/fc3_h128/no_regularization/seed_41/noise_sweep_matrix_mnist_fc3_h128_T16_mode_rate_uniform_schedule_normal_seed_41.csv
fc3_h128,128,no_regularization,41,16,16,rate_uniform,0.95,55.83,mnist-checkpoints/fc3_h128_L[16]_strict_seed41_ablation_none_l16_fc3_h128.pth,noise3_exp/ablation_mne_l2_vs_weight_decay_l16_fc3_h4_h8_h16_h32_h64_h128/strict_seed_train_rate_uniform_L16_T16/fc3_h128/no_regularization/seed_41/noise_sweep_matrix_mnist_fc3_h128_T16_mode_rate_uniform_schedule_normal_seed_41.csv
fc3_h128,128,no_regularization,41,16,16,rate_uniform,1.0,53.77,mnist-checkpoints/fc3_h128_L[16]_strict_seed41_ablation_none_l16_fc3_h128.pth,noise3_exp/ablation_mne_l2_vs_weight_decay_l16_fc3_h4_h8_h16_h32_h64_h128/strict_seed_train_rate_uniform_L16_T16/fc3_h128/no_regularization/seed_41/noise_sweep_matrix_mnist_fc3_h128_T16_mode_rate_uniform_schedule_normal_seed_41.csv
fc3_h128,128,no_regularization,42,16,16,rate_uniform,0.0,97.18,mnist-checkpoints/fc3_h128_L[16]_strict_seed42_ablation_none_l16_fc3_h128.pth,noise3_exp/ablation_mne_l2_vs_weight_decay_l16_fc3_h4_h8_h16_h32_h64_h128/strict_seed_train_rate_uniform_L16_T16/fc3_h128/no_regularization/seed_42/noise_sweep_matrix_mnist_fc3_h128_T16_mode_rate_uniform_schedule_normal_seed_42.csv
fc3_h128,128,no_regularization,42,16,16,rate_uniform,0.05,97.13,mnist-checkpoints/fc3_h128_L[16]_strict_seed42_ablation_none_l16_fc3_h128.pth,noise3_exp/ablation_mne_l2_vs_weight_decay_l16_fc3_h4_h8_h16_h32_h64_h128/strict_seed_train_rate_uniform_L16_T16/fc3_h128/no_regularization/seed_42/noise_sweep_matrix_mnist_fc3_h128_T16_mode_rate_uniform_schedule_normal_seed_42.csv
fc3_h128,128,no_regularization,42,16,16,rate_uniform,0.1,97.08,mnist-checkpoints/fc3_h128_L[16]_strict_seed42_ablation_none_l16_fc3_h128.pth,noise3_exp/ablation_mne_l2_vs_weight_decay_l16_fc3_h4_h8_h16_h32_h64_h128/strict_seed_train_rate_uniform_L16_T16/fc3_h128/no_regularization/seed_42/noise_sweep_matrix_mnist_fc3_h128_T16_mode_rate_uniform_schedule_normal_seed_42.csv
fc3_h128,128,no_regularization,42,16,16,rate_uniform,0.15,97.12,mnist-checkpoints/fc3_h128_L[16]_strict_seed42_ablation_none_l16_fc3_h128.pth,noise3_exp/ablation_mne_l2_vs_weight_decay_l16_fc3_h4_h8_h16_h32_h64_h128/strict_seed_train_rate_uniform_L16_T16/fc3_h128/no_regularization/seed_42/noise_sweep_matrix_mnist_fc3_h128_T16_mode_rate_uniform_schedule_normal_seed_42.csv
fc3_h128,128,no_regularization,42,16,16,rate_uniform,0.2,97.0,mnist-checkpoints/fc3_h128_L[16]_strict_seed42_ablation_none_l16_fc3_h128.pth,noise3_exp/ablation_mne_l2_vs_weight_decay_l16_fc3_h4_h8_h16_h32_h64_h128/strict_seed_train_rate_uniform_L16_T16/fc3_h128/no_regularization/seed_42/noise_sweep_matrix_mnist_fc3_h128_T16_mode_rate_uniform_schedule_normal_seed_42.csv
fc3_h128,128,no_regularization,42,16,16,rate_uniform,0.25,97.08,mnist-checkpoints/fc3_h128_L[16]_strict_seed42_ablation_none_l16_fc3_h128.pth,noise3_exp/ablation_mne_l2_vs_weight_decay_l16_fc3_h4_h8_h16_h32_h64_h128/strict_seed_train_rate_uniform_L16_T16/fc3_h128/no_regularization/seed_42/noise_sweep_matrix_mnist_fc3_h128_T16_mode_rate_uniform_schedule_normal_seed_42.csv
fc3_h128,128,no_regularization,42,16,16,rate_uniform,0.3,96.64,mnist-checkpoints/fc3_h128_L[16]_strict_seed42_ablation_none_l16_fc3_h128.pth,noise3_exp/ablation_mne_l2_vs_weight_decay_l16_fc3_h4_h8_h16_h32_h64_h128/strict_seed_train_rate_uniform_L16_T16/fc3_h128/no_regularization/seed_42/noise_sweep_matrix_mnist_fc3_h128_T16_mode_rate_uniform_schedule_normal_seed_42.csv
fc3_h128,128,no_regularization,42,16,16,rate_uniform,0.35,96.24,mnist-checkpoints/fc3_h128_L[16]_strict_seed42_ablation_none_l16_fc3_h128.pth,noise3_exp/ablation_mne_l2_vs_weight_decay_l16_fc3_h4_h8_h16_h32_h64_h128/strict_seed_train_rate_uniform_L16_T16/fc3_h128/no_regularization/seed_42/noise_sweep_matrix_mnist_fc3_h128_T16_mode_rate_uniform_schedule_normal_seed_42.csv
fc3_h128,128,no_regularization,42,16,16,rate_uniform,0.4,94.55,mnist-checkpoints/fc3_h128_L[16]_strict_seed42_ablation_none_l16_fc3_h128.pth,noise3_exp/ablation_mne_l2_vs_weight_decay_l16_fc3_h4_h8_h16_h32_h64_h128/strict_seed_train_rate_uniform_L16_T16/fc3_h128/no_regularization/seed_42/noise_sweep_matrix_mnist_fc3_h128_T16_mode_rate_uniform_schedule_normal_seed_42.csv
fc3_h128,128,no_regularization,42,16,16,rate_uniform,0.45,91.39,mnist-checkpoints/fc3_h128_L[16]_strict_seed42_ablation_none_l16_fc3_h128.pth,noise3_exp/ablation_mne_l2_vs_weight_decay_l16_fc3_h4_h8_h16_h32_h64_h128/strict_seed_train_rate_uniform_L16_T16/fc3_h128/no_regularization/seed_42/noise_sweep_matrix_mnist_fc3_h128_T16_mode_rate_uniform_schedule_normal_seed_42.csv
fc3_h128,128,no_regularization,42,16,16,rate_uniform,0.5,85.64,mnist-checkpoints/fc3_h128_L[16]_strict_seed42_ablation_none_l16_fc3_h128.pth,noise3_exp/ablation_mne_l2_vs_weight_decay_l16_fc3_h4_h8_h16_h32_h64_h128/strict_seed_train_rate_uniform_L16_T16/fc3_h128/no_regularization/seed_42/noise_sweep_matrix_mnist_fc3_h128_T16_mode_rate_uniform_schedule_normal_seed_42.csv
fc3_h128,128,no_regularization,42,16,16,rate_uniform,0.55,79.43,mnist-checkpoints/fc3_h128_L[16]_strict_seed42_ablation_none_l16_fc3_h128.pth,noise3_exp/ablation_mne_l2_vs_weight_decay_l16_fc3_h4_h8_h16_h32_h64_h128/strict_seed_train_rate_uniform_L16_T16/fc3_h128/no_regularization/seed_42/noise_sweep_matrix_mnist_fc3_h128_T16_mode_rate_uniform_schedule_normal_seed_42.csv
fc3_h128,128,no_regularization,42,16,16,rate_uniform,0.6,73.9,mnist-checkpoints/fc3_h128_L[16]_strict_seed42_ablation_none_l16_fc3_h128.pth,noise3_exp/ablation_mne_l2_vs_weight_decay_l16_fc3_h4_h8_h16_h32_h64_h128/strict_seed_train_rate_uniform_L16_T16/fc3_h128/no_regularization/seed_42/noise_sweep_matrix_mnist_fc3_h128_T16_mode_rate_uniform_schedule_normal_seed_42.csv
fc3_h128,128,no_regularization,42,16,16,rate_uniform,0.65,69.71,mnist-checkpoints/fc3_h128_L[16]_strict_seed42_ablation_none_l16_fc3_h128.pth,noise3_exp/ablation_mne_l2_vs_weight_decay_l16_fc3_h4_h8_h16_h32_h64_h128/strict_seed_train_rate_uniform_L16_T16/fc3_h128/no_regularization/seed_42/noise_sweep_matrix_mnist_fc3_h128_T16_mode_rate_uniform_schedule_normal_seed_42.csv
fc3_h128,128,no_regularization,42,16,16,rate_uniform,0.7,64.67,mnist-checkpoints/fc3_h128_L[16]_strict_seed42_ablation_none_l16_fc3_h128.pth,noise3_exp/ablation_mne_l2_vs_weight_decay_l16_fc3_h4_h8_h16_h32_h64_h128/strict_seed_train_rate_uniform_L16_T16/fc3_h128/no_regularization/seed_42/noise_sweep_matrix_mnist_fc3_h128_T16_mode_rate_uniform_schedule_normal_seed_42.csv
fc3_h128,128,no_regularization,42,16,16,rate_uniform,0.75,60.73,mnist-checkpoints/fc3_h128_L[16]_strict_seed42_ablation_none_l16_fc3_h128.pth,noise3_exp/ablation_mne_l2_vs_weight_decay_l16_fc3_h4_h8_h16_h32_h64_h128/strict_seed_train_rate_uniform_L16_T16/fc3_h128/no_regularization/seed_42/noise_sweep_matrix_mnist_fc3_h128_T16_mode_rate_uniform_schedule_normal_seed_42.csv
fc3_h128,128,no_regularization,42,16,16,rate_uniform,0.8,57.4,mnist-checkpoints/fc3_h128_L[16]_strict_seed42_ablation_none_l16_fc3_h128.pth,noise3_exp/ablation_mne_l2_vs_weight_decay_l16_fc3_h4_h8_h16_h32_h64_h128/strict_seed_train_rate_uniform_L16_T16/fc3_h128/no_regularization/seed_42/noise_sweep_matrix_mnist_fc3_h128_T16_mode_rate_uniform_schedule_normal_seed_42.csv
fc3_h128,128,no_regularization,42,16,16,rate_uniform,0.85,53.39,mnist-checkpoints/fc3_h128_L[16]_strict_seed42_ablation_none_l16_fc3_h128.pth,noise3_exp/ablation_mne_l2_vs_weight_decay_l16_fc3_h4_h8_h16_h32_h64_h128/strict_seed_train_rate_uniform_L16_T16/fc3_h128/no_regularization/seed_42/noise_sweep_matrix_mnist_fc3_h128_T16_mode_rate_uniform_schedule_normal_seed_42.csv
fc3_h128,128,no_regularization,42,16,16,rate_uniform,0.9,50.97,mnist-checkpoints/fc3_h128_L[16]_strict_seed42_ablation_none_l16_fc3_h128.pth,noise3_exp/ablation_mne_l2_vs_weight_decay_l16_fc3_h4_h8_h16_h32_h64_h128/strict_seed_train_rate_uniform_L16_T16/fc3_h128/no_regularization/seed_42/noise_sweep_matrix_mnist_fc3_h128_T16_mode_rate_uniform_schedule_normal_seed_42.csv
fc3_h128,128,no_regularization,42,16,16,rate_uniform,0.95,48.07,mnist-checkpoints/fc3_h128_L[16]_strict_seed42_ablation_none_l16_fc3_h128.pth,noise3_exp/ablation_mne_l2_vs_weight_decay_l16_fc3_h4_h8_h16_h32_h64_h128/strict_seed_train_rate_uniform_L16_T16/fc3_h128/no_regularization/seed_42/noise_sweep_matrix_mnist_fc3_h128_T16_mode_rate_uniform_schedule_normal_seed_42.csv
fc3_h128,128,no_regularization,42,16,16,rate_uniform,1.0,45.71,mnist-checkpoints/fc3_h128_L[16]_strict_seed42_ablation_none_l16_fc3_h128.pth,noise3_exp/ablation_mne_l2_vs_weight_decay_l16_fc3_h4_h8_h16_h32_h64_h128/strict_seed_train_rate_uniform_L16_T16/fc3_h128/no_regularization/seed_42/noise_sweep_matrix_mnist_fc3_h128_T16_mode_rate_uniform_schedule_normal_seed_42.csv
fc3_h128,128,no_regularization,43,16,16,rate_uniform,0.0,96.33,mnist-checkpoints/fc3_h128_L[16]_strict_seed43_ablation_none_l16_fc3_h128.pth,noise3_exp/ablation_mne_l2_vs_weight_decay_l16_fc3_h4_h8_h16_h32_h64_h128/strict_seed_train_rate_uniform_L16_T16/fc3_h128/no_regularization/seed_43/noise_sweep_matrix_mnist_fc3_h128_T16_mode_rate_uniform_schedule_normal_seed_43.csv
fc3_h128,128,no_regularization,43,16,16,rate_uniform,0.05,96.23,mnist-checkpoints/fc3_h128_L[16]_strict_seed43_ablation_none_l16_fc3_h128.pth,noise3_exp/ablation_mne_l2_vs_weight_decay_l16_fc3_h4_h8_h16_h32_h64_h128/strict_seed_train_rate_uniform_L16_T16/fc3_h128/no_regularization/seed_43/noise_sweep_matrix_mnist_fc3_h128_T16_mode_rate_uniform_schedule_normal_seed_43.csv
fc3_h128,128,no_regularization,43,16,16,rate_uniform,0.1,96.21,mnist-checkpoints/fc3_h128_L[16]_strict_seed43_ablation_none_l16_fc3_h128.pth,noise3_exp/ablation_mne_l2_vs_weight_decay_l16_fc3_h4_h8_h16_h32_h64_h128/strict_seed_train_rate_uniform_L16_T16/fc3_h128/no_regularization/seed_43/noise_sweep_matrix_mnist_fc3_h128_T16_mode_rate_uniform_schedule_normal_seed_43.csv
fc3_h128,128,no_regularization,43,16,16,rate_uniform,0.15,96.26,mnist-checkpoints/fc3_h128_L[16]_strict_seed43_ablation_none_l16_fc3_h128.pth,noise3_exp/ablation_mne_l2_vs_weight_decay_l16_fc3_h4_h8_h16_h32_h64_h128/strict_seed_train_rate_uniform_L16_T16/fc3_h128/no_regularization/seed_43/noise_sweep_matrix_mnist_fc3_h128_T16_mode_rate_uniform_schedule_normal_seed_43.csv
fc3_h128,128,no_regularization,43,16,16,rate_uniform,0.2,96.37,mnist-checkpoints/fc3_h128_L[16]_strict_seed43_ablation_none_l16_fc3_h128.pth,noise3_exp/ablation_mne_l2_vs_weight_decay_l16_fc3_h4_h8_h16_h32_h64_h128/strict_seed_train_rate_uniform_L16_T16/fc3_h128/no_regularization/seed_43/noise_sweep_matrix_mnist_fc3_h128_T16_mode_rate_uniform_schedule_normal_seed_43.csv
fc3_h128,128,no_regularization,43,16,16,rate_uniform,0.25,96.33,mnist-checkpoints/fc3_h128_L[16]_strict_seed43_ablation_none_l16_fc3_h128.pth,noise3_exp/ablation_mne_l2_vs_weight_decay_l16_fc3_h4_h8_h16_h32_h64_h128/strict_seed_train_rate_uniform_L16_T16/fc3_h128/no_regularization/seed_43/noise_sweep_matrix_mnist_fc3_h128_T16_mode_rate_uniform_schedule_normal_seed_43.csv
fc3_h128,128,no_regularization,43,16,16,rate_uniform,0.3,96.21,mnist-checkpoints/fc3_h128_L[16]_strict_seed43_ablation_none_l16_fc3_h128.pth,noise3_exp/ablation_mne_l2_vs_weight_decay_l16_fc3_h4_h8_h16_h32_h64_h128/strict_seed_train_rate_uniform_L16_T16/fc3_h128/no_regularization/seed_43/noise_sweep_matrix_mnist_fc3_h128_T16_mode_rate_uniform_schedule_normal_seed_43.csv
fc3_h128,128,no_regularization,43,16,16,rate_uniform,0.35,96.0,mnist-checkpoints/fc3_h128_L[16]_strict_seed43_ablation_none_l16_fc3_h128.pth,noise3_exp/ablation_mne_l2_vs_weight_decay_l16_fc3_h4_h8_h16_h32_h64_h128/strict_seed_train_rate_uniform_L16_T16/fc3_h128/no_regularization/seed_43/noise_sweep_matrix_mnist_fc3_h128_T16_mode_rate_uniform_schedule_normal_seed_43.csv
fc3_h128,128,no_regularization,43,16,16,rate_uniform,0.4,96.11,mnist-checkpoints/fc3_h128_L[16]_strict_seed43_ablation_none_l16_fc3_h128.pth,noise3_exp/ablation_mne_l2_vs_weight_decay_l16_fc3_h4_h8_h16_h32_h64_h128/strict_seed_train_rate_uniform_L16_T16/fc3_h128/no_regularization/seed_43/noise_sweep_matrix_mnist_fc3_h128_T16_mode_rate_uniform_schedule_normal_seed_43.csv
fc3_h128,128,no_regularization,43,16,16,rate_uniform,0.45,95.61,mnist-checkpoints/fc3_h128_L[16]_strict_seed43_ablation_none_l16_fc3_h128.pth,noise3_exp/ablation_mne_l2_vs_weight_decay_l16_fc3_h4_h8_h16_h32_h64_h128/strict_seed_train_rate_uniform_L16_T16/fc3_h128/no_regularization/seed_43/noise_sweep_matrix_mnist_fc3_h128_T16_mode_rate_uniform_schedule_normal_seed_43.csv
fc3_h128,128,no_regularization,43,16,16,rate_uniform,0.5,95.18,mnist-checkpoints/fc3_h128_L[16]_strict_seed43_ablation_none_l16_fc3_h128.pth,noise3_exp/ablation_mne_l2_vs_weight_decay_l16_fc3_h4_h8_h16_h32_h64_h128/strict_seed_train_rate_uniform_L16_T16/fc3_h128/no_regularization/seed_43/noise_sweep_matrix_mnist_fc3_h128_T16_mode_rate_uniform_schedule_normal_seed_43.csv
fc3_h128,128,no_regularization,43,16,16,rate_uniform,0.55,94.95,mnist-checkpoints/fc3_h128_L[16]_strict_seed43_ablation_none_l16_fc3_h128.pth,noise3_exp/ablation_mne_l2_vs_weight_decay_l16_fc3_h4_h8_h16_h32_h64_h128/strict_seed_train_rate_uniform_L16_T16/fc3_h128/no_regularization/seed_43/noise_sweep_matrix_mnist_fc3_h128_T16_mode_rate_uniform_schedule_normal_seed_43.csv
fc3_h128,128,no_regularization,43,16,16,rate_uniform,0.6,93.63,mnist-checkpoints/fc3_h128_L[16]_strict_seed43_ablation_none_l16_fc3_h128.pth,noise3_exp/ablation_mne_l2_vs_weight_decay_l16_fc3_h4_h8_h16_h32_h64_h128/strict_seed_train_rate_uniform_L16_T16/fc3_h128/no_regularization/seed_43/noise_sweep_matrix_mnist_fc3_h128_T16_mode_rate_uniform_schedule_normal_seed_43.csv
fc3_h128,128,no_regularization,43,16,16,rate_uniform,0.65,91.97,mnist-checkpoints/fc3_h128_L[16]_strict_seed43_ablation_none_l16_fc3_h128.pth,noise3_exp/ablation_mne_l2_vs_weight_decay_l16_fc3_h4_h8_h16_h32_h64_h128/strict_seed_train_rate_uniform_L16_T16/fc3_h128/no_regularization/seed_43/noise_sweep_matrix_mnist_fc3_h128_T16_mode_rate_uniform_schedule_normal_seed_43.csv
fc3_h128,128,no_regularization,43,16,16,rate_uniform,0.7,89.94,mnist-checkpoints/fc3_h128_L[16]_strict_seed43_ablation_none_l16_fc3_h128.pth,noise3_exp/ablation_mne_l2_vs_weight_decay_l16_fc3_h4_h8_h16_h32_h64_h128/strict_seed_train_rate_uniform_L16_T16/fc3_h128/no_regularization/seed_43/noise_sweep_matrix_mnist_fc3_h128_T16_mode_rate_uniform_schedule_normal_seed_43.csv
fc3_h128,128,no_regularization,43,16,16,rate_uniform,0.75,87.2,mnist-checkpoints/fc3_h128_L[16]_strict_seed43_ablation_none_l16_fc3_h128.pth,noise3_exp/ablation_mne_l2_vs_weight_decay_l16_fc3_h4_h8_h16_h32_h64_h128/strict_seed_train_rate_uniform_L16_T16/fc3_h128/no_regularization/seed_43/noise_sweep_matrix_mnist_fc3_h128_T16_mode_rate_uniform_schedule_normal_seed_43.csv
fc3_h128,128,no_regularization,43,16,16,rate_uniform,0.8,83.91,mnist-checkpoints/fc3_h128_L[16]_strict_seed43_ablation_none_l16_fc3_h128.pth,noise3_exp/ablation_mne_l2_vs_weight_decay_l16_fc3_h4_h8_h16_h32_h64_h128/strict_seed_train_rate_uniform_L16_T16/fc3_h128/no_regularization/seed_43/noise_sweep_matrix_mnist_fc3_h128_T16_mode_rate_uniform_schedule_normal_seed_43.csv
fc3_h128,128,no_regularization,43,16,16,rate_uniform,0.85,80.75,mnist-checkpoints/fc3_h128_L[16]_strict_seed43_ablation_none_l16_fc3_h128.pth,noise3_exp/ablation_mne_l2_vs_weight_decay_l16_fc3_h4_h8_h16_h32_h64_h128/strict_seed_train_rate_uniform_L16_T16/fc3_h128/no_regularization/seed_43/noise_sweep_matrix_mnist_fc3_h128_T16_mode_rate_uniform_schedule_normal_seed_43.csv
fc3_h128,128,no_regularization,43,16,16,rate_uniform,0.9,77.45,mnist-checkpoints/fc3_h128_L[16]_strict_seed43_ablation_none_l16_fc3_h128.pth,noise3_exp/ablation_mne_l2_vs_weight_decay_l16_fc3_h4_h8_h16_h32_h64_h128/strict_seed_train_rate_uniform_L16_T16/fc3_h128/no_regularization/seed_43/noise_sweep_matrix_mnist_fc3_h128_T16_mode_rate_uniform_schedule_normal_seed_43.csv
fc3_h128,128,no_regularization,43,16,16,rate_uniform,0.95,74.02,mnist-checkpoints/fc3_h128_L[16]_strict_seed43_ablation_none_l16_fc3_h128.pth,noise3_exp/ablation_mne_l2_vs_weight_decay_l16_fc3_h4_h8_h16_h32_h64_h128/strict_seed_train_rate_uniform_L16_T16/fc3_h128/no_regularization/seed_43/noise_sweep_matrix_mnist_fc3_h128_T16_mode_rate_uniform_schedule_normal_seed_43.csv
fc3_h128,128,no_regularization,43,16,16,rate_uniform,1.0,71.97,mnist-checkpoints/fc3_h128_L[16]_strict_seed43_ablation_none_l16_fc3_h128.pth,noise3_exp/ablation_mne_l2_vs_weight_decay_l16_fc3_h4_h8_h16_h32_h64_h128/strict_seed_train_rate_uniform_L16_T16/fc3_h128/no_regularization/seed_43/noise_sweep_matrix_mnist_fc3_h128_T16_mode_rate_uniform_schedule_normal_seed_43.csv
fc3_h128,128,no_regularization,44,16,16,rate_uniform,0.0,97.23,mnist-checkpoints/fc3_h128_L[16]_strict_seed44_ablation_none_l16_fc3_h128.pth,noise3_exp/ablation_mne_l2_vs_weight_decay_l16_fc3_h4_h8_h16_h32_h64_h128/strict_seed_train_rate_uniform_L16_T16/fc3_h128/no_regularization/seed_44/noise_sweep_matrix_mnist_fc3_h128_T16_mode_rate_uniform_schedule_normal_seed_44.csv
fc3_h128,128,no_regularization,44,16,16,rate_uniform,0.05,97.15,mnist-checkpoints/fc3_h128_L[16]_strict_seed44_ablation_none_l16_fc3_h128.pth,noise3_exp/ablation_mne_l2_vs_weight_decay_l16_fc3_h4_h8_h16_h32_h64_h128/strict_seed_train_rate_uniform_L16_T16/fc3_h128/no_regularization/seed_44/noise_sweep_matrix_mnist_fc3_h128_T16_mode_rate_uniform_schedule_normal_seed_44.csv
fc3_h128,128,no_regularization,44,16,16,rate_uniform,0.1,97.14,mnist-checkpoints/fc3_h128_L[16]_strict_seed44_ablation_none_l16_fc3_h128.pth,noise3_exp/ablation_mne_l2_vs_weight_decay_l16_fc3_h4_h8_h16_h32_h64_h128/strict_seed_train_rate_uniform_L16_T16/fc3_h128/no_regularization/seed_44/noise_sweep_matrix_mnist_fc3_h128_T16_mode_rate_uniform_schedule_normal_seed_44.csv
fc3_h128,128,no_regularization,44,16,16,rate_uniform,0.15,97.13,mnist-checkpoints/fc3_h128_L[16]_strict_seed44_ablation_none_l16_fc3_h128.pth,noise3_exp/ablation_mne_l2_vs_weight_decay_l16_fc3_h4_h8_h16_h32_h64_h128/strict_seed_train_rate_uniform_L16_T16/fc3_h128/no_regularization/seed_44/noise_sweep_matrix_mnist_fc3_h128_T16_mode_rate_uniform_schedule_normal_seed_44.csv
fc3_h128,128,no_regularization,44,16,16,rate_uniform,0.2,96.98,mnist-checkpoints/fc3_h128_L[16]_strict_seed44_ablation_none_l16_fc3_h128.pth,noise3_exp/ablation_mne_l2_vs_weight_decay_l16_fc3_h4_h8_h16_h32_h64_h128/strict_seed_train_rate_uniform_L16_T16/fc3_h128/no_regularization/seed_44/noise_sweep_matrix_mnist_fc3_h128_T16_mode_rate_uniform_schedule_normal_seed_44.csv
fc3_h128,128,no_regularization,44,16,16,rate_uniform,0.25,97.08,mnist-checkpoints/fc3_h128_L[16]_strict_seed44_ablation_none_l16_fc3_h128.pth,noise3_exp/ablation_mne_l2_vs_weight_decay_l16_fc3_h4_h8_h16_h32_h64_h128/strict_seed_train_rate_uniform_L16_T16/fc3_h128/no_regularization/seed_44/noise_sweep_matrix_mnist_fc3_h128_T16_mode_rate_uniform_schedule_normal_seed_44.csv
fc3_h128,128,no_regularization,44,16,16,rate_uniform,0.3,96.85,mnist-checkpoints/fc3_h128_L[16]_strict_seed44_ablation_none_l16_fc3_h128.pth,noise3_exp/ablation_mne_l2_vs_weight_decay_l16_fc3_h4_h8_h16_h32_h64_h128/strict_seed_train_rate_uniform_L16_T16/fc3_h128/no_regularization/seed_44/noise_sweep_matrix_mnist_fc3_h128_T16_mode_rate_uniform_schedule_normal_seed_44.csv
fc3_h128,128,no_regularization,44,16,16,rate_uniform,0.35,96.56,mnist-checkpoints/fc3_h128_L[16]_strict_seed44_ablation_none_l16_fc3_h128.pth,noise3_exp/ablation_mne_l2_vs_weight_decay_l16_fc3_h4_h8_h16_h32_h64_h128/strict_seed_train_rate_uniform_L16_T16/fc3_h128/no_regularization/seed_44/noise_sweep_matrix_mnist_fc3_h128_T16_mode_rate_uniform_schedule_normal_seed_44.csv
fc3_h128,128,no_regularization,44,16,16,rate_uniform,0.4,94.99,mnist-checkpoints/fc3_h128_L[16]_strict_seed44_ablation_none_l16_fc3_h128.pth,noise3_exp/ablation_mne_l2_vs_weight_decay_l16_fc3_h4_h8_h16_h32_h64_h128/strict_seed_train_rate_uniform_L16_T16/fc3_h128/no_regularization/seed_44/noise_sweep_matrix_mnist_fc3_h128_T16_mode_rate_uniform_schedule_normal_seed_44.csv
fc3_h128,128,no_regularization,44,16,16,rate_uniform,0.45,91.44,mnist-checkpoints/fc3_h128_L[16]_strict_seed44_ablation_none_l16_fc3_h128.pth,noise3_exp/ablation_mne_l2_vs_weight_decay_l16_fc3_h4_h8_h16_h32_h64_h128/strict_seed_train_rate_uniform_L16_T16/fc3_h128/no_regularization/seed_44/noise_sweep_matrix_mnist_fc3_h128_T16_mode_rate_uniform_schedule_normal_seed_44.csv
fc3_h128,128,no_regularization,44,16,16,rate_uniform,0.5,86.15,mnist-checkpoints/fc3_h128_L[16]_strict_seed44_ablation_none_l16_fc3_h128.pth,noise3_exp/ablation_mne_l2_vs_weight_decay_l16_fc3_h4_h8_h16_h32_h64_h128/strict_seed_train_rate_uniform_L16_T16/fc3_h128/no_regularization/seed_44/noise_sweep_matrix_mnist_fc3_h128_T16_mode_rate_uniform_schedule_normal_seed_44.csv
fc3_h128,128,no_regularization,44,16,16,rate_uniform,0.55,81.29,mnist-checkpoints/fc3_h128_L[16]_strict_seed44_ablation_none_l16_fc3_h128.pth,noise3_exp/ablation_mne_l2_vs_weight_decay_l16_fc3_h4_h8_h16_h32_h64_h128/strict_seed_train_rate_uniform_L16_T16/fc3_h128/no_regularization/seed_44/noise_sweep_matrix_mnist_fc3_h128_T16_mode_rate_uniform_schedule_normal_seed_44.csv
fc3_h128,128,no_regularization,44,16,16,rate_uniform,0.6,77.19,mnist-checkpoints/fc3_h128_L[16]_strict_seed44_ablation_none_l16_fc3_h128.pth,noise3_exp/ablation_mne_l2_vs_weight_decay_l16_fc3_h4_h8_h16_h32_h64_h128/strict_seed_train_rate_uniform_L16_T16/fc3_h128/no_regularization/seed_44/noise_sweep_matrix_mnist_fc3_h128_T16_mode_rate_uniform_schedule_normal_seed_44.csv
fc3_h128,128,no_regularization,44,16,16,rate_uniform,0.65,73.92,mnist-checkpoints/fc3_h128_L[16]_strict_seed44_ablation_none_l16_fc3_h128.pth,noise3_exp/ablation_mne_l2_vs_weight_decay_l16_fc3_h4_h8_h16_h32_h64_h128/strict_seed_train_rate_uniform_L16_T16/fc3_h128/no_regularization/seed_44/noise_sweep_matrix_mnist_fc3_h128_T16_mode_rate_uniform_schedule_normal_seed_44.csv
fc3_h128,128,no_regularization,44,16,16,rate_uniform,0.7,70.32,mnist-checkpoints/fc3_h128_L[16]_strict_seed44_ablation_none_l16_fc3_h128.pth,noise3_exp/ablation_mne_l2_vs_weight_decay_l16_fc3_h4_h8_h16_h32_h64_h128/strict_seed_train_rate_uniform_L16_T16/fc3_h128/no_regularization/seed_44/noise_sweep_matrix_mnist_fc3_h128_T16_mode_rate_uniform_schedule_normal_seed_44.csv
fc3_h128,128,no_regularization,44,16,16,rate_uniform,0.75,67.67,mnist-checkpoints/fc3_h128_L[16]_strict_seed44_ablation_none_l16_fc3_h128.pth,noise3_exp/ablation_mne_l2_vs_weight_decay_l16_fc3_h4_h8_h16_h32_h64_h128/strict_seed_train_rate_uniform_L16_T16/fc3_h128/no_regularization/seed_44/noise_sweep_matrix_mnist_fc3_h128_T16_mode_rate_uniform_schedule_normal_seed_44.csv
fc3_h128,128,no_regularization,44,16,16,rate_uniform,0.8,64.37,mnist-checkpoints/fc3_h128_L[16]_strict_seed44_ablation_none_l16_fc3_h128.pth,noise3_exp/ablation_mne_l2_vs_weight_decay_l16_fc3_h4_h8_h16_h32_h64_h128/strict_seed_train_rate_uniform_L16_T16/fc3_h128/no_regularization/seed_44/noise_sweep_matrix_mnist_fc3_h128_T16_mode_rate_uniform_schedule_normal_seed_44.csv
fc3_h128,128,no_regularization,44,16,16,rate_uniform,0.85,61.7,mnist-checkpoints/fc3_h128_L[16]_strict_seed44_ablation_none_l16_fc3_h128.pth,noise3_exp/ablation_mne_l2_vs_weight_decay_l16_fc3_h4_h8_h16_h32_h64_h128/strict_seed_train_rate_uniform_L16_T16/fc3_h128/no_regularization/seed_44/noise_sweep_matrix_mnist_fc3_h128_T16_mode_rate_uniform_schedule_normal_seed_44.csv
fc3_h128,128,no_regularization,44,16,16,rate_uniform,0.9,59.18,mnist-checkpoints/fc3_h128_L[16]_strict_seed44_ablation_none_l16_fc3_h128.pth,noise3_exp/ablation_mne_l2_vs_weight_decay_l16_fc3_h4_h8_h16_h32_h64_h128/strict_seed_train_rate_uniform_L16_T16/fc3_h128/no_regularization/seed_44/noise_sweep_matrix_mnist_fc3_h128_T16_mode_rate_uniform_schedule_normal_seed_44.csv
fc3_h128,128,no_regularization,44,16,16,rate_uniform,0.95,57.32,mnist-checkpoints/fc3_h128_L[16]_strict_seed44_ablation_none_l16_fc3_h128.pth,noise3_exp/ablation_mne_l2_vs_weight_decay_l16_fc3_h4_h8_h16_h32_h64_h128/strict_seed_train_rate_uniform_L16_T16/fc3_h128/no_regularization/seed_44/noise_sweep_matrix_mnist_fc3_h128_T16_mode_rate_uniform_schedule_normal_seed_44.csv
fc3_h128,128,no_regularization,44,16,16,rate_uniform,1.0,54.86,mnist-checkpoints/fc3_h128_L[16]_strict_seed44_ablation_none_l16_fc3_h128.pth,noise3_exp/ablation_mne_l2_vs_weight_decay_l16_fc3_h4_h8_h16_h32_h64_h128/strict_seed_train_rate_uniform_L16_T16/fc3_h128/no_regularization/seed_44/noise_sweep_matrix_mnist_fc3_h128_T16_mode_rate_uniform_schedule_normal_seed_44.csv
