dataset,arch,method,label,reg_coeff,weight_decay,seed,L,T,if_mode,sigma,acc,checkpoint,matrix_csv
cifar10,vgg16,weight_decay,weight_decay,,0.0005,40,16,16,rate_uniform,0.0,90.79,cifar10-checkpoints/vgg16_L[16]_strict_seed40_schemeC_noout_wd_l16_vgg16.pth,/home/595/sl9144/codes/snn_simulation/important_results/pre_input_if_noise/cifar10_vgg16_three_regs/weight_decay/seed_40/noise_sweep_matrix_cifar10_vgg16_T16_mode_rate_uniform_schedule_normal_seed_40.csv
cifar10,vgg16,weight_decay,weight_decay,,0.0005,40,16,16,rate_uniform,0.05,90.77,cifar10-checkpoints/vgg16_L[16]_strict_seed40_schemeC_noout_wd_l16_vgg16.pth,/home/595/sl9144/codes/snn_simulation/important_results/pre_input_if_noise/cifar10_vgg16_three_regs/weight_decay/seed_40/noise_sweep_matrix_cifar10_vgg16_T16_mode_rate_uniform_schedule_normal_seed_40.csv
cifar10,vgg16,weight_decay,weight_decay,,0.0005,40,16,16,rate_uniform,0.1,90.76,cifar10-checkpoints/vgg16_L[16]_strict_seed40_schemeC_noout_wd_l16_vgg16.pth,/home/595/sl9144/codes/snn_simulation/important_results/pre_input_if_noise/cifar10_vgg16_three_regs/weight_decay/seed_40/noise_sweep_matrix_cifar10_vgg16_T16_mode_rate_uniform_schedule_normal_seed_40.csv
cifar10,vgg16,weight_decay,weight_decay,,0.0005,40,16,16,rate_uniform,0.15,90.77,cifar10-checkpoints/vgg16_L[16]_strict_seed40_schemeC_noout_wd_l16_vgg16.pth,/home/595/sl9144/codes/snn_simulation/important_results/pre_input_if_noise/cifar10_vgg16_three_regs/weight_decay/seed_40/noise_sweep_matrix_cifar10_vgg16_T16_mode_rate_uniform_schedule_normal_seed_40.csv
cifar10,vgg16,weight_decay,weight_decay,,0.0005,40,16,16,rate_uniform,0.2,90.63,cifar10-checkpoints/vgg16_L[16]_strict_seed40_schemeC_noout_wd_l16_vgg16.pth,/home/595/sl9144/codes/snn_simulation/important_results/pre_input_if_noise/cifar10_vgg16_three_regs/weight_decay/seed_40/noise_sweep_matrix_cifar10_vgg16_T16_mode_rate_uniform_schedule_normal_seed_40.csv
cifar10,vgg16,weight_decay,weight_decay,,0.0005,40,16,16,rate_uniform,0.25,90.48,cifar10-checkpoints/vgg16_L[16]_strict_seed40_schemeC_noout_wd_l16_vgg16.pth,/home/595/sl9144/codes/snn_simulation/important_results/pre_input_if_noise/cifar10_vgg16_three_regs/weight_decay/seed_40/noise_sweep_matrix_cifar10_vgg16_T16_mode_rate_uniform_schedule_normal_seed_40.csv
cifar10,vgg16,weight_decay,weight_decay,,0.0005,40,16,16,rate_uniform,0.3,90.53,cifar10-checkpoints/vgg16_L[16]_strict_seed40_schemeC_noout_wd_l16_vgg16.pth,/home/595/sl9144/codes/snn_simulation/important_results/pre_input_if_noise/cifar10_vgg16_three_regs/weight_decay/seed_40/noise_sweep_matrix_cifar10_vgg16_T16_mode_rate_uniform_schedule_normal_seed_40.csv
cifar10,vgg16,weight_decay,weight_decay,,0.0005,40,16,16,rate_uniform,0.35,90.36,cifar10-checkpoints/vgg16_L[16]_strict_seed40_schemeC_noout_wd_l16_vgg16.pth,/home/595/sl9144/codes/snn_simulation/important_results/pre_input_if_noise/cifar10_vgg16_three_regs/weight_decay/seed_40/noise_sweep_matrix_cifar10_vgg16_T16_mode_rate_uniform_schedule_normal_seed_40.csv
cifar10,vgg16,weight_decay,weight_decay,,0.0005,40,16,16,rate_uniform,0.4,90.02,cifar10-checkpoints/vgg16_L[16]_strict_seed40_schemeC_noout_wd_l16_vgg16.pth,/home/595/sl9144/codes/snn_simulation/important_results/pre_input_if_noise/cifar10_vgg16_three_regs/weight_decay/seed_40/noise_sweep_matrix_cifar10_vgg16_T16_mode_rate_uniform_schedule_normal_seed_40.csv
cifar10,vgg16,weight_decay,weight_decay,,0.0005,40,16,16,rate_uniform,0.45,89.95,cifar10-checkpoints/vgg16_L[16]_strict_seed40_schemeC_noout_wd_l16_vgg16.pth,/home/595/sl9144/codes/snn_simulation/important_results/pre_input_if_noise/cifar10_vgg16_three_regs/weight_decay/seed_40/noise_sweep_matrix_cifar10_vgg16_T16_mode_rate_uniform_schedule_normal_seed_40.csv
cifar10,vgg16,weight_decay,weight_decay,,0.0005,40,16,16,rate_uniform,0.5,89.39,cifar10-checkpoints/vgg16_L[16]_strict_seed40_schemeC_noout_wd_l16_vgg16.pth,/home/595/sl9144/codes/snn_simulation/important_results/pre_input_if_noise/cifar10_vgg16_three_regs/weight_decay/seed_40/noise_sweep_matrix_cifar10_vgg16_T16_mode_rate_uniform_schedule_normal_seed_40.csv
cifar10,vgg16,weight_decay,weight_decay,,0.0005,40,16,16,rate_uniform,0.55,88.86,cifar10-checkpoints/vgg16_L[16]_strict_seed40_schemeC_noout_wd_l16_vgg16.pth,/home/595/sl9144/codes/snn_simulation/important_results/pre_input_if_noise/cifar10_vgg16_three_regs/weight_decay/seed_40/noise_sweep_matrix_cifar10_vgg16_T16_mode_rate_uniform_schedule_normal_seed_40.csv
cifar10,vgg16,weight_decay,weight_decay,,0.0005,40,16,16,rate_uniform,0.6,88.21,cifar10-checkpoints/vgg16_L[16]_strict_seed40_schemeC_noout_wd_l16_vgg16.pth,/home/595/sl9144/codes/snn_simulation/important_results/pre_input_if_noise/cifar10_vgg16_three_regs/weight_decay/seed_40/noise_sweep_matrix_cifar10_vgg16_T16_mode_rate_uniform_schedule_normal_seed_40.csv
cifar10,vgg16,weight_decay,weight_decay,,0.0005,40,16,16,rate_uniform,0.65,87.95,cifar10-checkpoints/vgg16_L[16]_strict_seed40_schemeC_noout_wd_l16_vgg16.pth,/home/595/sl9144/codes/snn_simulation/important_results/pre_input_if_noise/cifar10_vgg16_three_regs/weight_decay/seed_40/noise_sweep_matrix_cifar10_vgg16_T16_mode_rate_uniform_schedule_normal_seed_40.csv
cifar10,vgg16,weight_decay,weight_decay,,0.0005,40,16,16,rate_uniform,0.7,87.35,cifar10-checkpoints/vgg16_L[16]_strict_seed40_schemeC_noout_wd_l16_vgg16.pth,/home/595/sl9144/codes/snn_simulation/important_results/pre_input_if_noise/cifar10_vgg16_three_regs/weight_decay/seed_40/noise_sweep_matrix_cifar10_vgg16_T16_mode_rate_uniform_schedule_normal_seed_40.csv
cifar10,vgg16,weight_decay,weight_decay,,0.0005,40,16,16,rate_uniform,0.75,86.62,cifar10-checkpoints/vgg16_L[16]_strict_seed40_schemeC_noout_wd_l16_vgg16.pth,/home/595/sl9144/codes/snn_simulation/important_results/pre_input_if_noise/cifar10_vgg16_three_regs/weight_decay/seed_40/noise_sweep_matrix_cifar10_vgg16_T16_mode_rate_uniform_schedule_normal_seed_40.csv
cifar10,vgg16,weight_decay,weight_decay,,0.0005,40,16,16,rate_uniform,0.8,86.3,cifar10-checkpoints/vgg16_L[16]_strict_seed40_schemeC_noout_wd_l16_vgg16.pth,/home/595/sl9144/codes/snn_simulation/important_results/pre_input_if_noise/cifar10_vgg16_three_regs/weight_decay/seed_40/noise_sweep_matrix_cifar10_vgg16_T16_mode_rate_uniform_schedule_normal_seed_40.csv
cifar10,vgg16,weight_decay,weight_decay,,0.0005,40,16,16,rate_uniform,0.85,85.6,cifar10-checkpoints/vgg16_L[16]_strict_seed40_schemeC_noout_wd_l16_vgg16.pth,/home/595/sl9144/codes/snn_simulation/important_results/pre_input_if_noise/cifar10_vgg16_three_regs/weight_decay/seed_40/noise_sweep_matrix_cifar10_vgg16_T16_mode_rate_uniform_schedule_normal_seed_40.csv
cifar10,vgg16,weight_decay,weight_decay,,0.0005,40,16,16,rate_uniform,0.9,84.85,cifar10-checkpoints/vgg16_L[16]_strict_seed40_schemeC_noout_wd_l16_vgg16.pth,/home/595/sl9144/codes/snn_simulation/important_results/pre_input_if_noise/cifar10_vgg16_three_regs/weight_decay/seed_40/noise_sweep_matrix_cifar10_vgg16_T16_mode_rate_uniform_schedule_normal_seed_40.csv
cifar10,vgg16,weight_decay,weight_decay,,0.0005,40,16,16,rate_uniform,0.95,84.09,cifar10-checkpoints/vgg16_L[16]_strict_seed40_schemeC_noout_wd_l16_vgg16.pth,/home/595/sl9144/codes/snn_simulation/important_results/pre_input_if_noise/cifar10_vgg16_three_regs/weight_decay/seed_40/noise_sweep_matrix_cifar10_vgg16_T16_mode_rate_uniform_schedule_normal_seed_40.csv
cifar10,vgg16,weight_decay,weight_decay,,0.0005,40,16,16,rate_uniform,1.0,82.89,cifar10-checkpoints/vgg16_L[16]_strict_seed40_schemeC_noout_wd_l16_vgg16.pth,/home/595/sl9144/codes/snn_simulation/important_results/pre_input_if_noise/cifar10_vgg16_three_regs/weight_decay/seed_40/noise_sweep_matrix_cifar10_vgg16_T16_mode_rate_uniform_schedule_normal_seed_40.csv
cifar10,vgg16,weight_decay,weight_decay,,0.0005,41,16,16,rate_uniform,0.0,90.45,cifar10-checkpoints/vgg16_L[16]_strict_seed41_schemeC_noout_wd_l16_vgg16.pth,/home/595/sl9144/codes/snn_simulation/important_results/pre_input_if_noise/cifar10_vgg16_three_regs/weight_decay/seed_41/noise_sweep_matrix_cifar10_vgg16_T16_mode_rate_uniform_schedule_normal_seed_41.csv
cifar10,vgg16,weight_decay,weight_decay,,0.0005,41,16,16,rate_uniform,0.05,90.56,cifar10-checkpoints/vgg16_L[16]_strict_seed41_schemeC_noout_wd_l16_vgg16.pth,/home/595/sl9144/codes/snn_simulation/important_results/pre_input_if_noise/cifar10_vgg16_three_regs/weight_decay/seed_41/noise_sweep_matrix_cifar10_vgg16_T16_mode_rate_uniform_schedule_normal_seed_41.csv
cifar10,vgg16,weight_decay,weight_decay,,0.0005,41,16,16,rate_uniform,0.1,90.41,cifar10-checkpoints/vgg16_L[16]_strict_seed41_schemeC_noout_wd_l16_vgg16.pth,/home/595/sl9144/codes/snn_simulation/important_results/pre_input_if_noise/cifar10_vgg16_three_regs/weight_decay/seed_41/noise_sweep_matrix_cifar10_vgg16_T16_mode_rate_uniform_schedule_normal_seed_41.csv
cifar10,vgg16,weight_decay,weight_decay,,0.0005,41,16,16,rate_uniform,0.15,90.44,cifar10-checkpoints/vgg16_L[16]_strict_seed41_schemeC_noout_wd_l16_vgg16.pth,/home/595/sl9144/codes/snn_simulation/important_results/pre_input_if_noise/cifar10_vgg16_three_regs/weight_decay/seed_41/noise_sweep_matrix_cifar10_vgg16_T16_mode_rate_uniform_schedule_normal_seed_41.csv
cifar10,vgg16,weight_decay,weight_decay,,0.0005,41,16,16,rate_uniform,0.2,90.26,cifar10-checkpoints/vgg16_L[16]_strict_seed41_schemeC_noout_wd_l16_vgg16.pth,/home/595/sl9144/codes/snn_simulation/important_results/pre_input_if_noise/cifar10_vgg16_three_regs/weight_decay/seed_41/noise_sweep_matrix_cifar10_vgg16_T16_mode_rate_uniform_schedule_normal_seed_41.csv
cifar10,vgg16,weight_decay,weight_decay,,0.0005,41,16,16,rate_uniform,0.25,90.08,cifar10-checkpoints/vgg16_L[16]_strict_seed41_schemeC_noout_wd_l16_vgg16.pth,/home/595/sl9144/codes/snn_simulation/important_results/pre_input_if_noise/cifar10_vgg16_three_regs/weight_decay/seed_41/noise_sweep_matrix_cifar10_vgg16_T16_mode_rate_uniform_schedule_normal_seed_41.csv
cifar10,vgg16,weight_decay,weight_decay,,0.0005,41,16,16,rate_uniform,0.3,89.88,cifar10-checkpoints/vgg16_L[16]_strict_seed41_schemeC_noout_wd_l16_vgg16.pth,/home/595/sl9144/codes/snn_simulation/important_results/pre_input_if_noise/cifar10_vgg16_three_regs/weight_decay/seed_41/noise_sweep_matrix_cifar10_vgg16_T16_mode_rate_uniform_schedule_normal_seed_41.csv
cifar10,vgg16,weight_decay,weight_decay,,0.0005,41,16,16,rate_uniform,0.35,90.06,cifar10-checkpoints/vgg16_L[16]_strict_seed41_schemeC_noout_wd_l16_vgg16.pth,/home/595/sl9144/codes/snn_simulation/important_results/pre_input_if_noise/cifar10_vgg16_three_regs/weight_decay/seed_41/noise_sweep_matrix_cifar10_vgg16_T16_mode_rate_uniform_schedule_normal_seed_41.csv
cifar10,vgg16,weight_decay,weight_decay,,0.0005,41,16,16,rate_uniform,0.4,89.76,cifar10-checkpoints/vgg16_L[16]_strict_seed41_schemeC_noout_wd_l16_vgg16.pth,/home/595/sl9144/codes/snn_simulation/important_results/pre_input_if_noise/cifar10_vgg16_three_regs/weight_decay/seed_41/noise_sweep_matrix_cifar10_vgg16_T16_mode_rate_uniform_schedule_normal_seed_41.csv
cifar10,vgg16,weight_decay,weight_decay,,0.0005,41,16,16,rate_uniform,0.45,89.29,cifar10-checkpoints/vgg16_L[16]_strict_seed41_schemeC_noout_wd_l16_vgg16.pth,/home/595/sl9144/codes/snn_simulation/important_results/pre_input_if_noise/cifar10_vgg16_three_regs/weight_decay/seed_41/noise_sweep_matrix_cifar10_vgg16_T16_mode_rate_uniform_schedule_normal_seed_41.csv
cifar10,vgg16,weight_decay,weight_decay,,0.0005,41,16,16,rate_uniform,0.5,89.17,cifar10-checkpoints/vgg16_L[16]_strict_seed41_schemeC_noout_wd_l16_vgg16.pth,/home/595/sl9144/codes/snn_simulation/important_results/pre_input_if_noise/cifar10_vgg16_three_regs/weight_decay/seed_41/noise_sweep_matrix_cifar10_vgg16_T16_mode_rate_uniform_schedule_normal_seed_41.csv
cifar10,vgg16,weight_decay,weight_decay,,0.0005,41,16,16,rate_uniform,0.55,89.12,cifar10-checkpoints/vgg16_L[16]_strict_seed41_schemeC_noout_wd_l16_vgg16.pth,/home/595/sl9144/codes/snn_simulation/important_results/pre_input_if_noise/cifar10_vgg16_three_regs/weight_decay/seed_41/noise_sweep_matrix_cifar10_vgg16_T16_mode_rate_uniform_schedule_normal_seed_41.csv
cifar10,vgg16,weight_decay,weight_decay,,0.0005,41,16,16,rate_uniform,0.6,88.57,cifar10-checkpoints/vgg16_L[16]_strict_seed41_schemeC_noout_wd_l16_vgg16.pth,/home/595/sl9144/codes/snn_simulation/important_results/pre_input_if_noise/cifar10_vgg16_three_regs/weight_decay/seed_41/noise_sweep_matrix_cifar10_vgg16_T16_mode_rate_uniform_schedule_normal_seed_41.csv
cifar10,vgg16,weight_decay,weight_decay,,0.0005,41,16,16,rate_uniform,0.65,87.84,cifar10-checkpoints/vgg16_L[16]_strict_seed41_schemeC_noout_wd_l16_vgg16.pth,/home/595/sl9144/codes/snn_simulation/important_results/pre_input_if_noise/cifar10_vgg16_three_regs/weight_decay/seed_41/noise_sweep_matrix_cifar10_vgg16_T16_mode_rate_uniform_schedule_normal_seed_41.csv
cifar10,vgg16,weight_decay,weight_decay,,0.0005,41,16,16,rate_uniform,0.7,87.57,cifar10-checkpoints/vgg16_L[16]_strict_seed41_schemeC_noout_wd_l16_vgg16.pth,/home/595/sl9144/codes/snn_simulation/important_results/pre_input_if_noise/cifar10_vgg16_three_regs/weight_decay/seed_41/noise_sweep_matrix_cifar10_vgg16_T16_mode_rate_uniform_schedule_normal_seed_41.csv
cifar10,vgg16,weight_decay,weight_decay,,0.0005,41,16,16,rate_uniform,0.75,87.16,cifar10-checkpoints/vgg16_L[16]_strict_seed41_schemeC_noout_wd_l16_vgg16.pth,/home/595/sl9144/codes/snn_simulation/important_results/pre_input_if_noise/cifar10_vgg16_three_regs/weight_decay/seed_41/noise_sweep_matrix_cifar10_vgg16_T16_mode_rate_uniform_schedule_normal_seed_41.csv
cifar10,vgg16,weight_decay,weight_decay,,0.0005,41,16,16,rate_uniform,0.8,86.18,cifar10-checkpoints/vgg16_L[16]_strict_seed41_schemeC_noout_wd_l16_vgg16.pth,/home/595/sl9144/codes/snn_simulation/important_results/pre_input_if_noise/cifar10_vgg16_three_regs/weight_decay/seed_41/noise_sweep_matrix_cifar10_vgg16_T16_mode_rate_uniform_schedule_normal_seed_41.csv
cifar10,vgg16,weight_decay,weight_decay,,0.0005,41,16,16,rate_uniform,0.85,85.93,cifar10-checkpoints/vgg16_L[16]_strict_seed41_schemeC_noout_wd_l16_vgg16.pth,/home/595/sl9144/codes/snn_simulation/important_results/pre_input_if_noise/cifar10_vgg16_three_regs/weight_decay/seed_41/noise_sweep_matrix_cifar10_vgg16_T16_mode_rate_uniform_schedule_normal_seed_41.csv
cifar10,vgg16,weight_decay,weight_decay,,0.0005,41,16,16,rate_uniform,0.9,85.54,cifar10-checkpoints/vgg16_L[16]_strict_seed41_schemeC_noout_wd_l16_vgg16.pth,/home/595/sl9144/codes/snn_simulation/important_results/pre_input_if_noise/cifar10_vgg16_three_regs/weight_decay/seed_41/noise_sweep_matrix_cifar10_vgg16_T16_mode_rate_uniform_schedule_normal_seed_41.csv
cifar10,vgg16,weight_decay,weight_decay,,0.0005,41,16,16,rate_uniform,0.95,84.65,cifar10-checkpoints/vgg16_L[16]_strict_seed41_schemeC_noout_wd_l16_vgg16.pth,/home/595/sl9144/codes/snn_simulation/important_results/pre_input_if_noise/cifar10_vgg16_three_regs/weight_decay/seed_41/noise_sweep_matrix_cifar10_vgg16_T16_mode_rate_uniform_schedule_normal_seed_41.csv
cifar10,vgg16,weight_decay,weight_decay,,0.0005,41,16,16,rate_uniform,1.0,84.31,cifar10-checkpoints/vgg16_L[16]_strict_seed41_schemeC_noout_wd_l16_vgg16.pth,/home/595/sl9144/codes/snn_simulation/important_results/pre_input_if_noise/cifar10_vgg16_three_regs/weight_decay/seed_41/noise_sweep_matrix_cifar10_vgg16_T16_mode_rate_uniform_schedule_normal_seed_41.csv
cifar10,vgg16,weight_decay,weight_decay,,0.0005,42,16,16,rate_uniform,0.0,90.5,cifar10-checkpoints/vgg16_L[16]_strict_seed42_schemeC_noout_wd_l16_vgg16.pth,/home/595/sl9144/codes/snn_simulation/important_results/pre_input_if_noise/cifar10_vgg16_three_regs/weight_decay/seed_42/noise_sweep_matrix_cifar10_vgg16_T16_mode_rate_uniform_schedule_normal_seed_42.csv
cifar10,vgg16,weight_decay,weight_decay,,0.0005,42,16,16,rate_uniform,0.05,90.47,cifar10-checkpoints/vgg16_L[16]_strict_seed42_schemeC_noout_wd_l16_vgg16.pth,/home/595/sl9144/codes/snn_simulation/important_results/pre_input_if_noise/cifar10_vgg16_three_regs/weight_decay/seed_42/noise_sweep_matrix_cifar10_vgg16_T16_mode_rate_uniform_schedule_normal_seed_42.csv
cifar10,vgg16,weight_decay,weight_decay,,0.0005,42,16,16,rate_uniform,0.1,90.44,cifar10-checkpoints/vgg16_L[16]_strict_seed42_schemeC_noout_wd_l16_vgg16.pth,/home/595/sl9144/codes/snn_simulation/important_results/pre_input_if_noise/cifar10_vgg16_three_regs/weight_decay/seed_42/noise_sweep_matrix_cifar10_vgg16_T16_mode_rate_uniform_schedule_normal_seed_42.csv
cifar10,vgg16,weight_decay,weight_decay,,0.0005,42,16,16,rate_uniform,0.15,90.34,cifar10-checkpoints/vgg16_L[16]_strict_seed42_schemeC_noout_wd_l16_vgg16.pth,/home/595/sl9144/codes/snn_simulation/important_results/pre_input_if_noise/cifar10_vgg16_three_regs/weight_decay/seed_42/noise_sweep_matrix_cifar10_vgg16_T16_mode_rate_uniform_schedule_normal_seed_42.csv
cifar10,vgg16,weight_decay,weight_decay,,0.0005,42,16,16,rate_uniform,0.2,90.34,cifar10-checkpoints/vgg16_L[16]_strict_seed42_schemeC_noout_wd_l16_vgg16.pth,/home/595/sl9144/codes/snn_simulation/important_results/pre_input_if_noise/cifar10_vgg16_three_regs/weight_decay/seed_42/noise_sweep_matrix_cifar10_vgg16_T16_mode_rate_uniform_schedule_normal_seed_42.csv
cifar10,vgg16,weight_decay,weight_decay,,0.0005,42,16,16,rate_uniform,0.25,90.29,cifar10-checkpoints/vgg16_L[16]_strict_seed42_schemeC_noout_wd_l16_vgg16.pth,/home/595/sl9144/codes/snn_simulation/important_results/pre_input_if_noise/cifar10_vgg16_three_regs/weight_decay/seed_42/noise_sweep_matrix_cifar10_vgg16_T16_mode_rate_uniform_schedule_normal_seed_42.csv
cifar10,vgg16,weight_decay,weight_decay,,0.0005,42,16,16,rate_uniform,0.3,90.28,cifar10-checkpoints/vgg16_L[16]_strict_seed42_schemeC_noout_wd_l16_vgg16.pth,/home/595/sl9144/codes/snn_simulation/important_results/pre_input_if_noise/cifar10_vgg16_three_regs/weight_decay/seed_42/noise_sweep_matrix_cifar10_vgg16_T16_mode_rate_uniform_schedule_normal_seed_42.csv
cifar10,vgg16,weight_decay,weight_decay,,0.0005,42,16,16,rate_uniform,0.35,90.02,cifar10-checkpoints/vgg16_L[16]_strict_seed42_schemeC_noout_wd_l16_vgg16.pth,/home/595/sl9144/codes/snn_simulation/important_results/pre_input_if_noise/cifar10_vgg16_three_regs/weight_decay/seed_42/noise_sweep_matrix_cifar10_vgg16_T16_mode_rate_uniform_schedule_normal_seed_42.csv
cifar10,vgg16,weight_decay,weight_decay,,0.0005,42,16,16,rate_uniform,0.4,89.77,cifar10-checkpoints/vgg16_L[16]_strict_seed42_schemeC_noout_wd_l16_vgg16.pth,/home/595/sl9144/codes/snn_simulation/important_results/pre_input_if_noise/cifar10_vgg16_three_regs/weight_decay/seed_42/noise_sweep_matrix_cifar10_vgg16_T16_mode_rate_uniform_schedule_normal_seed_42.csv
cifar10,vgg16,weight_decay,weight_decay,,0.0005,42,16,16,rate_uniform,0.45,89.56,cifar10-checkpoints/vgg16_L[16]_strict_seed42_schemeC_noout_wd_l16_vgg16.pth,/home/595/sl9144/codes/snn_simulation/important_results/pre_input_if_noise/cifar10_vgg16_three_regs/weight_decay/seed_42/noise_sweep_matrix_cifar10_vgg16_T16_mode_rate_uniform_schedule_normal_seed_42.csv
cifar10,vgg16,weight_decay,weight_decay,,0.0005,42,16,16,rate_uniform,0.5,89.22,cifar10-checkpoints/vgg16_L[16]_strict_seed42_schemeC_noout_wd_l16_vgg16.pth,/home/595/sl9144/codes/snn_simulation/important_results/pre_input_if_noise/cifar10_vgg16_three_regs/weight_decay/seed_42/noise_sweep_matrix_cifar10_vgg16_T16_mode_rate_uniform_schedule_normal_seed_42.csv
cifar10,vgg16,weight_decay,weight_decay,,0.0005,42,16,16,rate_uniform,0.55,88.9,cifar10-checkpoints/vgg16_L[16]_strict_seed42_schemeC_noout_wd_l16_vgg16.pth,/home/595/sl9144/codes/snn_simulation/important_results/pre_input_if_noise/cifar10_vgg16_three_regs/weight_decay/seed_42/noise_sweep_matrix_cifar10_vgg16_T16_mode_rate_uniform_schedule_normal_seed_42.csv
cifar10,vgg16,weight_decay,weight_decay,,0.0005,42,16,16,rate_uniform,0.6,88.6,cifar10-checkpoints/vgg16_L[16]_strict_seed42_schemeC_noout_wd_l16_vgg16.pth,/home/595/sl9144/codes/snn_simulation/important_results/pre_input_if_noise/cifar10_vgg16_three_regs/weight_decay/seed_42/noise_sweep_matrix_cifar10_vgg16_T16_mode_rate_uniform_schedule_normal_seed_42.csv
cifar10,vgg16,weight_decay,weight_decay,,0.0005,42,16,16,rate_uniform,0.65,88.24,cifar10-checkpoints/vgg16_L[16]_strict_seed42_schemeC_noout_wd_l16_vgg16.pth,/home/595/sl9144/codes/snn_simulation/important_results/pre_input_if_noise/cifar10_vgg16_three_regs/weight_decay/seed_42/noise_sweep_matrix_cifar10_vgg16_T16_mode_rate_uniform_schedule_normal_seed_42.csv
cifar10,vgg16,weight_decay,weight_decay,,0.0005,42,16,16,rate_uniform,0.7,87.43,cifar10-checkpoints/vgg16_L[16]_strict_seed42_schemeC_noout_wd_l16_vgg16.pth,/home/595/sl9144/codes/snn_simulation/important_results/pre_input_if_noise/cifar10_vgg16_three_regs/weight_decay/seed_42/noise_sweep_matrix_cifar10_vgg16_T16_mode_rate_uniform_schedule_normal_seed_42.csv
cifar10,vgg16,weight_decay,weight_decay,,0.0005,42,16,16,rate_uniform,0.75,87.1,cifar10-checkpoints/vgg16_L[16]_strict_seed42_schemeC_noout_wd_l16_vgg16.pth,/home/595/sl9144/codes/snn_simulation/important_results/pre_input_if_noise/cifar10_vgg16_three_regs/weight_decay/seed_42/noise_sweep_matrix_cifar10_vgg16_T16_mode_rate_uniform_schedule_normal_seed_42.csv
cifar10,vgg16,weight_decay,weight_decay,,0.0005,42,16,16,rate_uniform,0.8,86.53,cifar10-checkpoints/vgg16_L[16]_strict_seed42_schemeC_noout_wd_l16_vgg16.pth,/home/595/sl9144/codes/snn_simulation/important_results/pre_input_if_noise/cifar10_vgg16_three_regs/weight_decay/seed_42/noise_sweep_matrix_cifar10_vgg16_T16_mode_rate_uniform_schedule_normal_seed_42.csv
cifar10,vgg16,weight_decay,weight_decay,,0.0005,42,16,16,rate_uniform,0.85,85.83,cifar10-checkpoints/vgg16_L[16]_strict_seed42_schemeC_noout_wd_l16_vgg16.pth,/home/595/sl9144/codes/snn_simulation/important_results/pre_input_if_noise/cifar10_vgg16_three_regs/weight_decay/seed_42/noise_sweep_matrix_cifar10_vgg16_T16_mode_rate_uniform_schedule_normal_seed_42.csv
cifar10,vgg16,weight_decay,weight_decay,,0.0005,42,16,16,rate_uniform,0.9,85.03,cifar10-checkpoints/vgg16_L[16]_strict_seed42_schemeC_noout_wd_l16_vgg16.pth,/home/595/sl9144/codes/snn_simulation/important_results/pre_input_if_noise/cifar10_vgg16_three_regs/weight_decay/seed_42/noise_sweep_matrix_cifar10_vgg16_T16_mode_rate_uniform_schedule_normal_seed_42.csv
cifar10,vgg16,weight_decay,weight_decay,,0.0005,42,16,16,rate_uniform,0.95,84.19,cifar10-checkpoints/vgg16_L[16]_strict_seed42_schemeC_noout_wd_l16_vgg16.pth,/home/595/sl9144/codes/snn_simulation/important_results/pre_input_if_noise/cifar10_vgg16_three_regs/weight_decay/seed_42/noise_sweep_matrix_cifar10_vgg16_T16_mode_rate_uniform_schedule_normal_seed_42.csv
cifar10,vgg16,weight_decay,weight_decay,,0.0005,42,16,16,rate_uniform,1.0,83.17,cifar10-checkpoints/vgg16_L[16]_strict_seed42_schemeC_noout_wd_l16_vgg16.pth,/home/595/sl9144/codes/snn_simulation/important_results/pre_input_if_noise/cifar10_vgg16_three_regs/weight_decay/seed_42/noise_sweep_matrix_cifar10_vgg16_T16_mode_rate_uniform_schedule_normal_seed_42.csv
cifar10,vgg16,weight_decay,weight_decay,,0.0005,43,16,16,rate_uniform,0.0,90.59,cifar10-checkpoints/vgg16_L[16]_strict_seed43_schemeC_noout_wd_l16_vgg16.pth,/home/595/sl9144/codes/snn_simulation/important_results/pre_input_if_noise/cifar10_vgg16_three_regs/weight_decay/seed_43/noise_sweep_matrix_cifar10_vgg16_T16_mode_rate_uniform_schedule_normal_seed_43.csv
cifar10,vgg16,weight_decay,weight_decay,,0.0005,43,16,16,rate_uniform,0.05,90.59,cifar10-checkpoints/vgg16_L[16]_strict_seed43_schemeC_noout_wd_l16_vgg16.pth,/home/595/sl9144/codes/snn_simulation/important_results/pre_input_if_noise/cifar10_vgg16_three_regs/weight_decay/seed_43/noise_sweep_matrix_cifar10_vgg16_T16_mode_rate_uniform_schedule_normal_seed_43.csv
cifar10,vgg16,weight_decay,weight_decay,,0.0005,43,16,16,rate_uniform,0.1,90.5,cifar10-checkpoints/vgg16_L[16]_strict_seed43_schemeC_noout_wd_l16_vgg16.pth,/home/595/sl9144/codes/snn_simulation/important_results/pre_input_if_noise/cifar10_vgg16_three_regs/weight_decay/seed_43/noise_sweep_matrix_cifar10_vgg16_T16_mode_rate_uniform_schedule_normal_seed_43.csv
cifar10,vgg16,weight_decay,weight_decay,,0.0005,43,16,16,rate_uniform,0.15,90.53,cifar10-checkpoints/vgg16_L[16]_strict_seed43_schemeC_noout_wd_l16_vgg16.pth,/home/595/sl9144/codes/snn_simulation/important_results/pre_input_if_noise/cifar10_vgg16_three_regs/weight_decay/seed_43/noise_sweep_matrix_cifar10_vgg16_T16_mode_rate_uniform_schedule_normal_seed_43.csv
cifar10,vgg16,weight_decay,weight_decay,,0.0005,43,16,16,rate_uniform,0.2,90.49,cifar10-checkpoints/vgg16_L[16]_strict_seed43_schemeC_noout_wd_l16_vgg16.pth,/home/595/sl9144/codes/snn_simulation/important_results/pre_input_if_noise/cifar10_vgg16_three_regs/weight_decay/seed_43/noise_sweep_matrix_cifar10_vgg16_T16_mode_rate_uniform_schedule_normal_seed_43.csv
cifar10,vgg16,weight_decay,weight_decay,,0.0005,43,16,16,rate_uniform,0.25,90.16,cifar10-checkpoints/vgg16_L[16]_strict_seed43_schemeC_noout_wd_l16_vgg16.pth,/home/595/sl9144/codes/snn_simulation/important_results/pre_input_if_noise/cifar10_vgg16_three_regs/weight_decay/seed_43/noise_sweep_matrix_cifar10_vgg16_T16_mode_rate_uniform_schedule_normal_seed_43.csv
cifar10,vgg16,weight_decay,weight_decay,,0.0005,43,16,16,rate_uniform,0.3,89.96,cifar10-checkpoints/vgg16_L[16]_strict_seed43_schemeC_noout_wd_l16_vgg16.pth,/home/595/sl9144/codes/snn_simulation/important_results/pre_input_if_noise/cifar10_vgg16_three_regs/weight_decay/seed_43/noise_sweep_matrix_cifar10_vgg16_T16_mode_rate_uniform_schedule_normal_seed_43.csv
cifar10,vgg16,weight_decay,weight_decay,,0.0005,43,16,16,rate_uniform,0.35,89.8,cifar10-checkpoints/vgg16_L[16]_strict_seed43_schemeC_noout_wd_l16_vgg16.pth,/home/595/sl9144/codes/snn_simulation/important_results/pre_input_if_noise/cifar10_vgg16_three_regs/weight_decay/seed_43/noise_sweep_matrix_cifar10_vgg16_T16_mode_rate_uniform_schedule_normal_seed_43.csv
cifar10,vgg16,weight_decay,weight_decay,,0.0005,43,16,16,rate_uniform,0.4,89.53,cifar10-checkpoints/vgg16_L[16]_strict_seed43_schemeC_noout_wd_l16_vgg16.pth,/home/595/sl9144/codes/snn_simulation/important_results/pre_input_if_noise/cifar10_vgg16_three_regs/weight_decay/seed_43/noise_sweep_matrix_cifar10_vgg16_T16_mode_rate_uniform_schedule_normal_seed_43.csv
cifar10,vgg16,weight_decay,weight_decay,,0.0005,43,16,16,rate_uniform,0.45,89.13,cifar10-checkpoints/vgg16_L[16]_strict_seed43_schemeC_noout_wd_l16_vgg16.pth,/home/595/sl9144/codes/snn_simulation/important_results/pre_input_if_noise/cifar10_vgg16_three_regs/weight_decay/seed_43/noise_sweep_matrix_cifar10_vgg16_T16_mode_rate_uniform_schedule_normal_seed_43.csv
cifar10,vgg16,weight_decay,weight_decay,,0.0005,43,16,16,rate_uniform,0.5,88.79,cifar10-checkpoints/vgg16_L[16]_strict_seed43_schemeC_noout_wd_l16_vgg16.pth,/home/595/sl9144/codes/snn_simulation/important_results/pre_input_if_noise/cifar10_vgg16_three_regs/weight_decay/seed_43/noise_sweep_matrix_cifar10_vgg16_T16_mode_rate_uniform_schedule_normal_seed_43.csv
cifar10,vgg16,weight_decay,weight_decay,,0.0005,43,16,16,rate_uniform,0.55,88.33,cifar10-checkpoints/vgg16_L[16]_strict_seed43_schemeC_noout_wd_l16_vgg16.pth,/home/595/sl9144/codes/snn_simulation/important_results/pre_input_if_noise/cifar10_vgg16_three_regs/weight_decay/seed_43/noise_sweep_matrix_cifar10_vgg16_T16_mode_rate_uniform_schedule_normal_seed_43.csv
cifar10,vgg16,weight_decay,weight_decay,,0.0005,43,16,16,rate_uniform,0.6,87.8,cifar10-checkpoints/vgg16_L[16]_strict_seed43_schemeC_noout_wd_l16_vgg16.pth,/home/595/sl9144/codes/snn_simulation/important_results/pre_input_if_noise/cifar10_vgg16_three_regs/weight_decay/seed_43/noise_sweep_matrix_cifar10_vgg16_T16_mode_rate_uniform_schedule_normal_seed_43.csv
cifar10,vgg16,weight_decay,weight_decay,,0.0005,43,16,16,rate_uniform,0.65,87.27,cifar10-checkpoints/vgg16_L[16]_strict_seed43_schemeC_noout_wd_l16_vgg16.pth,/home/595/sl9144/codes/snn_simulation/important_results/pre_input_if_noise/cifar10_vgg16_three_regs/weight_decay/seed_43/noise_sweep_matrix_cifar10_vgg16_T16_mode_rate_uniform_schedule_normal_seed_43.csv
cifar10,vgg16,weight_decay,weight_decay,,0.0005,43,16,16,rate_uniform,0.7,86.68,cifar10-checkpoints/vgg16_L[16]_strict_seed43_schemeC_noout_wd_l16_vgg16.pth,/home/595/sl9144/codes/snn_simulation/important_results/pre_input_if_noise/cifar10_vgg16_three_regs/weight_decay/seed_43/noise_sweep_matrix_cifar10_vgg16_T16_mode_rate_uniform_schedule_normal_seed_43.csv
cifar10,vgg16,weight_decay,weight_decay,,0.0005,43,16,16,rate_uniform,0.75,86.01,cifar10-checkpoints/vgg16_L[16]_strict_seed43_schemeC_noout_wd_l16_vgg16.pth,/home/595/sl9144/codes/snn_simulation/important_results/pre_input_if_noise/cifar10_vgg16_three_regs/weight_decay/seed_43/noise_sweep_matrix_cifar10_vgg16_T16_mode_rate_uniform_schedule_normal_seed_43.csv
cifar10,vgg16,weight_decay,weight_decay,,0.0005,43,16,16,rate_uniform,0.8,85.06,cifar10-checkpoints/vgg16_L[16]_strict_seed43_schemeC_noout_wd_l16_vgg16.pth,/home/595/sl9144/codes/snn_simulation/important_results/pre_input_if_noise/cifar10_vgg16_three_regs/weight_decay/seed_43/noise_sweep_matrix_cifar10_vgg16_T16_mode_rate_uniform_schedule_normal_seed_43.csv
cifar10,vgg16,weight_decay,weight_decay,,0.0005,43,16,16,rate_uniform,0.85,84.74,cifar10-checkpoints/vgg16_L[16]_strict_seed43_schemeC_noout_wd_l16_vgg16.pth,/home/595/sl9144/codes/snn_simulation/important_results/pre_input_if_noise/cifar10_vgg16_three_regs/weight_decay/seed_43/noise_sweep_matrix_cifar10_vgg16_T16_mode_rate_uniform_schedule_normal_seed_43.csv
cifar10,vgg16,weight_decay,weight_decay,,0.0005,43,16,16,rate_uniform,0.9,83.98,cifar10-checkpoints/vgg16_L[16]_strict_seed43_schemeC_noout_wd_l16_vgg16.pth,/home/595/sl9144/codes/snn_simulation/important_results/pre_input_if_noise/cifar10_vgg16_three_regs/weight_decay/seed_43/noise_sweep_matrix_cifar10_vgg16_T16_mode_rate_uniform_schedule_normal_seed_43.csv
cifar10,vgg16,weight_decay,weight_decay,,0.0005,43,16,16,rate_uniform,0.95,82.99,cifar10-checkpoints/vgg16_L[16]_strict_seed43_schemeC_noout_wd_l16_vgg16.pth,/home/595/sl9144/codes/snn_simulation/important_results/pre_input_if_noise/cifar10_vgg16_three_regs/weight_decay/seed_43/noise_sweep_matrix_cifar10_vgg16_T16_mode_rate_uniform_schedule_normal_seed_43.csv
cifar10,vgg16,weight_decay,weight_decay,,0.0005,43,16,16,rate_uniform,1.0,82.53,cifar10-checkpoints/vgg16_L[16]_strict_seed43_schemeC_noout_wd_l16_vgg16.pth,/home/595/sl9144/codes/snn_simulation/important_results/pre_input_if_noise/cifar10_vgg16_three_regs/weight_decay/seed_43/noise_sweep_matrix_cifar10_vgg16_T16_mode_rate_uniform_schedule_normal_seed_43.csv
cifar10,vgg16,weight_decay,weight_decay,,0.0005,44,16,16,rate_uniform,0.0,90.64,cifar10-checkpoints/vgg16_L[16]_strict_seed44_schemeC_noout_wd_l16_vgg16.pth,/home/595/sl9144/codes/snn_simulation/important_results/pre_input_if_noise/cifar10_vgg16_three_regs/weight_decay/seed_44/noise_sweep_matrix_cifar10_vgg16_T16_mode_rate_uniform_schedule_normal_seed_44.csv
cifar10,vgg16,weight_decay,weight_decay,,0.0005,44,16,16,rate_uniform,0.05,90.5,cifar10-checkpoints/vgg16_L[16]_strict_seed44_schemeC_noout_wd_l16_vgg16.pth,/home/595/sl9144/codes/snn_simulation/important_results/pre_input_if_noise/cifar10_vgg16_three_regs/weight_decay/seed_44/noise_sweep_matrix_cifar10_vgg16_T16_mode_rate_uniform_schedule_normal_seed_44.csv
cifar10,vgg16,weight_decay,weight_decay,,0.0005,44,16,16,rate_uniform,0.1,90.44,cifar10-checkpoints/vgg16_L[16]_strict_seed44_schemeC_noout_wd_l16_vgg16.pth,/home/595/sl9144/codes/snn_simulation/important_results/pre_input_if_noise/cifar10_vgg16_three_regs/weight_decay/seed_44/noise_sweep_matrix_cifar10_vgg16_T16_mode_rate_uniform_schedule_normal_seed_44.csv
cifar10,vgg16,weight_decay,weight_decay,,0.0005,44,16,16,rate_uniform,0.15,90.44,cifar10-checkpoints/vgg16_L[16]_strict_seed44_schemeC_noout_wd_l16_vgg16.pth,/home/595/sl9144/codes/snn_simulation/important_results/pre_input_if_noise/cifar10_vgg16_three_regs/weight_decay/seed_44/noise_sweep_matrix_cifar10_vgg16_T16_mode_rate_uniform_schedule_normal_seed_44.csv
cifar10,vgg16,weight_decay,weight_decay,,0.0005,44,16,16,rate_uniform,0.2,90.41,cifar10-checkpoints/vgg16_L[16]_strict_seed44_schemeC_noout_wd_l16_vgg16.pth,/home/595/sl9144/codes/snn_simulation/important_results/pre_input_if_noise/cifar10_vgg16_three_regs/weight_decay/seed_44/noise_sweep_matrix_cifar10_vgg16_T16_mode_rate_uniform_schedule_normal_seed_44.csv
cifar10,vgg16,weight_decay,weight_decay,,0.0005,44,16,16,rate_uniform,0.25,90.21,cifar10-checkpoints/vgg16_L[16]_strict_seed44_schemeC_noout_wd_l16_vgg16.pth,/home/595/sl9144/codes/snn_simulation/important_results/pre_input_if_noise/cifar10_vgg16_three_regs/weight_decay/seed_44/noise_sweep_matrix_cifar10_vgg16_T16_mode_rate_uniform_schedule_normal_seed_44.csv
cifar10,vgg16,weight_decay,weight_decay,,0.0005,44,16,16,rate_uniform,0.3,90.13,cifar10-checkpoints/vgg16_L[16]_strict_seed44_schemeC_noout_wd_l16_vgg16.pth,/home/595/sl9144/codes/snn_simulation/important_results/pre_input_if_noise/cifar10_vgg16_three_regs/weight_decay/seed_44/noise_sweep_matrix_cifar10_vgg16_T16_mode_rate_uniform_schedule_normal_seed_44.csv
cifar10,vgg16,weight_decay,weight_decay,,0.0005,44,16,16,rate_uniform,0.35,89.83,cifar10-checkpoints/vgg16_L[16]_strict_seed44_schemeC_noout_wd_l16_vgg16.pth,/home/595/sl9144/codes/snn_simulation/important_results/pre_input_if_noise/cifar10_vgg16_three_regs/weight_decay/seed_44/noise_sweep_matrix_cifar10_vgg16_T16_mode_rate_uniform_schedule_normal_seed_44.csv
cifar10,vgg16,weight_decay,weight_decay,,0.0005,44,16,16,rate_uniform,0.4,89.75,cifar10-checkpoints/vgg16_L[16]_strict_seed44_schemeC_noout_wd_l16_vgg16.pth,/home/595/sl9144/codes/snn_simulation/important_results/pre_input_if_noise/cifar10_vgg16_three_regs/weight_decay/seed_44/noise_sweep_matrix_cifar10_vgg16_T16_mode_rate_uniform_schedule_normal_seed_44.csv
cifar10,vgg16,weight_decay,weight_decay,,0.0005,44,16,16,rate_uniform,0.45,89.31,cifar10-checkpoints/vgg16_L[16]_strict_seed44_schemeC_noout_wd_l16_vgg16.pth,/home/595/sl9144/codes/snn_simulation/important_results/pre_input_if_noise/cifar10_vgg16_three_regs/weight_decay/seed_44/noise_sweep_matrix_cifar10_vgg16_T16_mode_rate_uniform_schedule_normal_seed_44.csv
cifar10,vgg16,weight_decay,weight_decay,,0.0005,44,16,16,rate_uniform,0.5,89.08,cifar10-checkpoints/vgg16_L[16]_strict_seed44_schemeC_noout_wd_l16_vgg16.pth,/home/595/sl9144/codes/snn_simulation/important_results/pre_input_if_noise/cifar10_vgg16_three_regs/weight_decay/seed_44/noise_sweep_matrix_cifar10_vgg16_T16_mode_rate_uniform_schedule_normal_seed_44.csv
cifar10,vgg16,weight_decay,weight_decay,,0.0005,44,16,16,rate_uniform,0.55,88.86,cifar10-checkpoints/vgg16_L[16]_strict_seed44_schemeC_noout_wd_l16_vgg16.pth,/home/595/sl9144/codes/snn_simulation/important_results/pre_input_if_noise/cifar10_vgg16_three_regs/weight_decay/seed_44/noise_sweep_matrix_cifar10_vgg16_T16_mode_rate_uniform_schedule_normal_seed_44.csv
cifar10,vgg16,weight_decay,weight_decay,,0.0005,44,16,16,rate_uniform,0.6,88.48,cifar10-checkpoints/vgg16_L[16]_strict_seed44_schemeC_noout_wd_l16_vgg16.pth,/home/595/sl9144/codes/snn_simulation/important_results/pre_input_if_noise/cifar10_vgg16_three_regs/weight_decay/seed_44/noise_sweep_matrix_cifar10_vgg16_T16_mode_rate_uniform_schedule_normal_seed_44.csv
cifar10,vgg16,weight_decay,weight_decay,,0.0005,44,16,16,rate_uniform,0.65,87.91,cifar10-checkpoints/vgg16_L[16]_strict_seed44_schemeC_noout_wd_l16_vgg16.pth,/home/595/sl9144/codes/snn_simulation/important_results/pre_input_if_noise/cifar10_vgg16_three_regs/weight_decay/seed_44/noise_sweep_matrix_cifar10_vgg16_T16_mode_rate_uniform_schedule_normal_seed_44.csv
cifar10,vgg16,weight_decay,weight_decay,,0.0005,44,16,16,rate_uniform,0.7,87.42,cifar10-checkpoints/vgg16_L[16]_strict_seed44_schemeC_noout_wd_l16_vgg16.pth,/home/595/sl9144/codes/snn_simulation/important_results/pre_input_if_noise/cifar10_vgg16_three_regs/weight_decay/seed_44/noise_sweep_matrix_cifar10_vgg16_T16_mode_rate_uniform_schedule_normal_seed_44.csv
cifar10,vgg16,weight_decay,weight_decay,,0.0005,44,16,16,rate_uniform,0.75,86.74,cifar10-checkpoints/vgg16_L[16]_strict_seed44_schemeC_noout_wd_l16_vgg16.pth,/home/595/sl9144/codes/snn_simulation/important_results/pre_input_if_noise/cifar10_vgg16_three_regs/weight_decay/seed_44/noise_sweep_matrix_cifar10_vgg16_T16_mode_rate_uniform_schedule_normal_seed_44.csv
cifar10,vgg16,weight_decay,weight_decay,,0.0005,44,16,16,rate_uniform,0.8,86.01,cifar10-checkpoints/vgg16_L[16]_strict_seed44_schemeC_noout_wd_l16_vgg16.pth,/home/595/sl9144/codes/snn_simulation/important_results/pre_input_if_noise/cifar10_vgg16_three_regs/weight_decay/seed_44/noise_sweep_matrix_cifar10_vgg16_T16_mode_rate_uniform_schedule_normal_seed_44.csv
cifar10,vgg16,weight_decay,weight_decay,,0.0005,44,16,16,rate_uniform,0.85,85.74,cifar10-checkpoints/vgg16_L[16]_strict_seed44_schemeC_noout_wd_l16_vgg16.pth,/home/595/sl9144/codes/snn_simulation/important_results/pre_input_if_noise/cifar10_vgg16_three_regs/weight_decay/seed_44/noise_sweep_matrix_cifar10_vgg16_T16_mode_rate_uniform_schedule_normal_seed_44.csv
cifar10,vgg16,weight_decay,weight_decay,,0.0005,44,16,16,rate_uniform,0.9,84.86,cifar10-checkpoints/vgg16_L[16]_strict_seed44_schemeC_noout_wd_l16_vgg16.pth,/home/595/sl9144/codes/snn_simulation/important_results/pre_input_if_noise/cifar10_vgg16_three_regs/weight_decay/seed_44/noise_sweep_matrix_cifar10_vgg16_T16_mode_rate_uniform_schedule_normal_seed_44.csv
cifar10,vgg16,weight_decay,weight_decay,,0.0005,44,16,16,rate_uniform,0.95,84.07,cifar10-checkpoints/vgg16_L[16]_strict_seed44_schemeC_noout_wd_l16_vgg16.pth,/home/595/sl9144/codes/snn_simulation/important_results/pre_input_if_noise/cifar10_vgg16_three_regs/weight_decay/seed_44/noise_sweep_matrix_cifar10_vgg16_T16_mode_rate_uniform_schedule_normal_seed_44.csv
cifar10,vgg16,weight_decay,weight_decay,,0.0005,44,16,16,rate_uniform,1.0,83.18,cifar10-checkpoints/vgg16_L[16]_strict_seed44_schemeC_noout_wd_l16_vgg16.pth,/home/595/sl9144/codes/snn_simulation/important_results/pre_input_if_noise/cifar10_vgg16_three_regs/weight_decay/seed_44/noise_sweep_matrix_cifar10_vgg16_T16_mode_rate_uniform_schedule_normal_seed_44.csv
cifar10,vgg16,mne_l2,mne_l2 rc=1e-4,0.0001,0.0,40,16,16,rate_uniform,0.0,90.56,cifar10-checkpoints/vgg16_L[16]_strict_seed40_schemeC_noout_mne_l2_l16_vgg16_rc1em04.pth,/home/595/sl9144/codes/snn_simulation/important_results/pre_input_if_noise/cifar10_vgg16_three_regs/mne_l2_rc1e-4/seed_40/noise_sweep_matrix_cifar10_vgg16_T16_mode_rate_uniform_schedule_normal_seed_40.csv
cifar10,vgg16,mne_l2,mne_l2 rc=1e-4,0.0001,0.0,40,16,16,rate_uniform,0.05,90.5,cifar10-checkpoints/vgg16_L[16]_strict_seed40_schemeC_noout_mne_l2_l16_vgg16_rc1em04.pth,/home/595/sl9144/codes/snn_simulation/important_results/pre_input_if_noise/cifar10_vgg16_three_regs/mne_l2_rc1e-4/seed_40/noise_sweep_matrix_cifar10_vgg16_T16_mode_rate_uniform_schedule_normal_seed_40.csv
cifar10,vgg16,mne_l2,mne_l2 rc=1e-4,0.0001,0.0,40,16,16,rate_uniform,0.1,90.46,cifar10-checkpoints/vgg16_L[16]_strict_seed40_schemeC_noout_mne_l2_l16_vgg16_rc1em04.pth,/home/595/sl9144/codes/snn_simulation/important_results/pre_input_if_noise/cifar10_vgg16_three_regs/mne_l2_rc1e-4/seed_40/noise_sweep_matrix_cifar10_vgg16_T16_mode_rate_uniform_schedule_normal_seed_40.csv
cifar10,vgg16,mne_l2,mne_l2 rc=1e-4,0.0001,0.0,40,16,16,rate_uniform,0.15,90.48,cifar10-checkpoints/vgg16_L[16]_strict_seed40_schemeC_noout_mne_l2_l16_vgg16_rc1em04.pth,/home/595/sl9144/codes/snn_simulation/important_results/pre_input_if_noise/cifar10_vgg16_three_regs/mne_l2_rc1e-4/seed_40/noise_sweep_matrix_cifar10_vgg16_T16_mode_rate_uniform_schedule_normal_seed_40.csv
cifar10,vgg16,mne_l2,mne_l2 rc=1e-4,0.0001,0.0,40,16,16,rate_uniform,0.2,90.53,cifar10-checkpoints/vgg16_L[16]_strict_seed40_schemeC_noout_mne_l2_l16_vgg16_rc1em04.pth,/home/595/sl9144/codes/snn_simulation/important_results/pre_input_if_noise/cifar10_vgg16_three_regs/mne_l2_rc1e-4/seed_40/noise_sweep_matrix_cifar10_vgg16_T16_mode_rate_uniform_schedule_normal_seed_40.csv
cifar10,vgg16,mne_l2,mne_l2 rc=1e-4,0.0001,0.0,40,16,16,rate_uniform,0.25,90.56,cifar10-checkpoints/vgg16_L[16]_strict_seed40_schemeC_noout_mne_l2_l16_vgg16_rc1em04.pth,/home/595/sl9144/codes/snn_simulation/important_results/pre_input_if_noise/cifar10_vgg16_three_regs/mne_l2_rc1e-4/seed_40/noise_sweep_matrix_cifar10_vgg16_T16_mode_rate_uniform_schedule_normal_seed_40.csv
cifar10,vgg16,mne_l2,mne_l2 rc=1e-4,0.0001,0.0,40,16,16,rate_uniform,0.3,90.56,cifar10-checkpoints/vgg16_L[16]_strict_seed40_schemeC_noout_mne_l2_l16_vgg16_rc1em04.pth,/home/595/sl9144/codes/snn_simulation/important_results/pre_input_if_noise/cifar10_vgg16_three_regs/mne_l2_rc1e-4/seed_40/noise_sweep_matrix_cifar10_vgg16_T16_mode_rate_uniform_schedule_normal_seed_40.csv
cifar10,vgg16,mne_l2,mne_l2 rc=1e-4,0.0001,0.0,40,16,16,rate_uniform,0.35,90.48,cifar10-checkpoints/vgg16_L[16]_strict_seed40_schemeC_noout_mne_l2_l16_vgg16_rc1em04.pth,/home/595/sl9144/codes/snn_simulation/important_results/pre_input_if_noise/cifar10_vgg16_three_regs/mne_l2_rc1e-4/seed_40/noise_sweep_matrix_cifar10_vgg16_T16_mode_rate_uniform_schedule_normal_seed_40.csv
cifar10,vgg16,mne_l2,mne_l2 rc=1e-4,0.0001,0.0,40,16,16,rate_uniform,0.4,90.42,cifar10-checkpoints/vgg16_L[16]_strict_seed40_schemeC_noout_mne_l2_l16_vgg16_rc1em04.pth,/home/595/sl9144/codes/snn_simulation/important_results/pre_input_if_noise/cifar10_vgg16_three_regs/mne_l2_rc1e-4/seed_40/noise_sweep_matrix_cifar10_vgg16_T16_mode_rate_uniform_schedule_normal_seed_40.csv
cifar10,vgg16,mne_l2,mne_l2 rc=1e-4,0.0001,0.0,40,16,16,rate_uniform,0.45,90.51,cifar10-checkpoints/vgg16_L[16]_strict_seed40_schemeC_noout_mne_l2_l16_vgg16_rc1em04.pth,/home/595/sl9144/codes/snn_simulation/important_results/pre_input_if_noise/cifar10_vgg16_three_regs/mne_l2_rc1e-4/seed_40/noise_sweep_matrix_cifar10_vgg16_T16_mode_rate_uniform_schedule_normal_seed_40.csv
cifar10,vgg16,mne_l2,mne_l2 rc=1e-4,0.0001,0.0,40,16,16,rate_uniform,0.5,90.54,cifar10-checkpoints/vgg16_L[16]_strict_seed40_schemeC_noout_mne_l2_l16_vgg16_rc1em04.pth,/home/595/sl9144/codes/snn_simulation/important_results/pre_input_if_noise/cifar10_vgg16_three_regs/mne_l2_rc1e-4/seed_40/noise_sweep_matrix_cifar10_vgg16_T16_mode_rate_uniform_schedule_normal_seed_40.csv
cifar10,vgg16,mne_l2,mne_l2 rc=1e-4,0.0001,0.0,40,16,16,rate_uniform,0.55,90.46,cifar10-checkpoints/vgg16_L[16]_strict_seed40_schemeC_noout_mne_l2_l16_vgg16_rc1em04.pth,/home/595/sl9144/codes/snn_simulation/important_results/pre_input_if_noise/cifar10_vgg16_three_regs/mne_l2_rc1e-4/seed_40/noise_sweep_matrix_cifar10_vgg16_T16_mode_rate_uniform_schedule_normal_seed_40.csv
cifar10,vgg16,mne_l2,mne_l2 rc=1e-4,0.0001,0.0,40,16,16,rate_uniform,0.6,90.42,cifar10-checkpoints/vgg16_L[16]_strict_seed40_schemeC_noout_mne_l2_l16_vgg16_rc1em04.pth,/home/595/sl9144/codes/snn_simulation/important_results/pre_input_if_noise/cifar10_vgg16_three_regs/mne_l2_rc1e-4/seed_40/noise_sweep_matrix_cifar10_vgg16_T16_mode_rate_uniform_schedule_normal_seed_40.csv
cifar10,vgg16,mne_l2,mne_l2 rc=1e-4,0.0001,0.0,40,16,16,rate_uniform,0.65,90.5,cifar10-checkpoints/vgg16_L[16]_strict_seed40_schemeC_noout_mne_l2_l16_vgg16_rc1em04.pth,/home/595/sl9144/codes/snn_simulation/important_results/pre_input_if_noise/cifar10_vgg16_three_regs/mne_l2_rc1e-4/seed_40/noise_sweep_matrix_cifar10_vgg16_T16_mode_rate_uniform_schedule_normal_seed_40.csv
cifar10,vgg16,mne_l2,mne_l2 rc=1e-4,0.0001,0.0,40,16,16,rate_uniform,0.7,90.4,cifar10-checkpoints/vgg16_L[16]_strict_seed40_schemeC_noout_mne_l2_l16_vgg16_rc1em04.pth,/home/595/sl9144/codes/snn_simulation/important_results/pre_input_if_noise/cifar10_vgg16_three_regs/mne_l2_rc1e-4/seed_40/noise_sweep_matrix_cifar10_vgg16_T16_mode_rate_uniform_schedule_normal_seed_40.csv
cifar10,vgg16,mne_l2,mne_l2 rc=1e-4,0.0001,0.0,40,16,16,rate_uniform,0.75,90.37,cifar10-checkpoints/vgg16_L[16]_strict_seed40_schemeC_noout_mne_l2_l16_vgg16_rc1em04.pth,/home/595/sl9144/codes/snn_simulation/important_results/pre_input_if_noise/cifar10_vgg16_three_regs/mne_l2_rc1e-4/seed_40/noise_sweep_matrix_cifar10_vgg16_T16_mode_rate_uniform_schedule_normal_seed_40.csv
cifar10,vgg16,mne_l2,mne_l2 rc=1e-4,0.0001,0.0,40,16,16,rate_uniform,0.8,90.37,cifar10-checkpoints/vgg16_L[16]_strict_seed40_schemeC_noout_mne_l2_l16_vgg16_rc1em04.pth,/home/595/sl9144/codes/snn_simulation/important_results/pre_input_if_noise/cifar10_vgg16_three_regs/mne_l2_rc1e-4/seed_40/noise_sweep_matrix_cifar10_vgg16_T16_mode_rate_uniform_schedule_normal_seed_40.csv
cifar10,vgg16,mne_l2,mne_l2 rc=1e-4,0.0001,0.0,40,16,16,rate_uniform,0.85,90.4,cifar10-checkpoints/vgg16_L[16]_strict_seed40_schemeC_noout_mne_l2_l16_vgg16_rc1em04.pth,/home/595/sl9144/codes/snn_simulation/important_results/pre_input_if_noise/cifar10_vgg16_three_regs/mne_l2_rc1e-4/seed_40/noise_sweep_matrix_cifar10_vgg16_T16_mode_rate_uniform_schedule_normal_seed_40.csv
cifar10,vgg16,mne_l2,mne_l2 rc=1e-4,0.0001,0.0,40,16,16,rate_uniform,0.9,90.42,cifar10-checkpoints/vgg16_L[16]_strict_seed40_schemeC_noout_mne_l2_l16_vgg16_rc1em04.pth,/home/595/sl9144/codes/snn_simulation/important_results/pre_input_if_noise/cifar10_vgg16_three_regs/mne_l2_rc1e-4/seed_40/noise_sweep_matrix_cifar10_vgg16_T16_mode_rate_uniform_schedule_normal_seed_40.csv
cifar10,vgg16,mne_l2,mne_l2 rc=1e-4,0.0001,0.0,40,16,16,rate_uniform,0.95,90.34,cifar10-checkpoints/vgg16_L[16]_strict_seed40_schemeC_noout_mne_l2_l16_vgg16_rc1em04.pth,/home/595/sl9144/codes/snn_simulation/important_results/pre_input_if_noise/cifar10_vgg16_three_regs/mne_l2_rc1e-4/seed_40/noise_sweep_matrix_cifar10_vgg16_T16_mode_rate_uniform_schedule_normal_seed_40.csv
cifar10,vgg16,mne_l2,mne_l2 rc=1e-4,0.0001,0.0,40,16,16,rate_uniform,1.0,90.38,cifar10-checkpoints/vgg16_L[16]_strict_seed40_schemeC_noout_mne_l2_l16_vgg16_rc1em04.pth,/home/595/sl9144/codes/snn_simulation/important_results/pre_input_if_noise/cifar10_vgg16_three_regs/mne_l2_rc1e-4/seed_40/noise_sweep_matrix_cifar10_vgg16_T16_mode_rate_uniform_schedule_normal_seed_40.csv
cifar10,vgg16,mne_l2,mne_l2 rc=1e-4,0.0001,0.0,41,16,16,rate_uniform,0.0,90.32,cifar10-checkpoints/vgg16_L[16]_strict_seed41_schemeC_noout_mne_l2_l16_vgg16_rc1em04.pth,/home/595/sl9144/codes/snn_simulation/important_results/pre_input_if_noise/cifar10_vgg16_three_regs/mne_l2_rc1e-4/seed_41/noise_sweep_matrix_cifar10_vgg16_T16_mode_rate_uniform_schedule_normal_seed_41.csv
cifar10,vgg16,mne_l2,mne_l2 rc=1e-4,0.0001,0.0,41,16,16,rate_uniform,0.05,90.21,cifar10-checkpoints/vgg16_L[16]_strict_seed41_schemeC_noout_mne_l2_l16_vgg16_rc1em04.pth,/home/595/sl9144/codes/snn_simulation/important_results/pre_input_if_noise/cifar10_vgg16_three_regs/mne_l2_rc1e-4/seed_41/noise_sweep_matrix_cifar10_vgg16_T16_mode_rate_uniform_schedule_normal_seed_41.csv
cifar10,vgg16,mne_l2,mne_l2 rc=1e-4,0.0001,0.0,41,16,16,rate_uniform,0.1,90.25,cifar10-checkpoints/vgg16_L[16]_strict_seed41_schemeC_noout_mne_l2_l16_vgg16_rc1em04.pth,/home/595/sl9144/codes/snn_simulation/important_results/pre_input_if_noise/cifar10_vgg16_three_regs/mne_l2_rc1e-4/seed_41/noise_sweep_matrix_cifar10_vgg16_T16_mode_rate_uniform_schedule_normal_seed_41.csv
cifar10,vgg16,mne_l2,mne_l2 rc=1e-4,0.0001,0.0,41,16,16,rate_uniform,0.15,90.28,cifar10-checkpoints/vgg16_L[16]_strict_seed41_schemeC_noout_mne_l2_l16_vgg16_rc1em04.pth,/home/595/sl9144/codes/snn_simulation/important_results/pre_input_if_noise/cifar10_vgg16_three_regs/mne_l2_rc1e-4/seed_41/noise_sweep_matrix_cifar10_vgg16_T16_mode_rate_uniform_schedule_normal_seed_41.csv
cifar10,vgg16,mne_l2,mne_l2 rc=1e-4,0.0001,0.0,41,16,16,rate_uniform,0.2,90.21,cifar10-checkpoints/vgg16_L[16]_strict_seed41_schemeC_noout_mne_l2_l16_vgg16_rc1em04.pth,/home/595/sl9144/codes/snn_simulation/important_results/pre_input_if_noise/cifar10_vgg16_three_regs/mne_l2_rc1e-4/seed_41/noise_sweep_matrix_cifar10_vgg16_T16_mode_rate_uniform_schedule_normal_seed_41.csv
cifar10,vgg16,mne_l2,mne_l2 rc=1e-4,0.0001,0.0,41,16,16,rate_uniform,0.25,90.25,cifar10-checkpoints/vgg16_L[16]_strict_seed41_schemeC_noout_mne_l2_l16_vgg16_rc1em04.pth,/home/595/sl9144/codes/snn_simulation/important_results/pre_input_if_noise/cifar10_vgg16_three_regs/mne_l2_rc1e-4/seed_41/noise_sweep_matrix_cifar10_vgg16_T16_mode_rate_uniform_schedule_normal_seed_41.csv
cifar10,vgg16,mne_l2,mne_l2 rc=1e-4,0.0001,0.0,41,16,16,rate_uniform,0.3,90.3,cifar10-checkpoints/vgg16_L[16]_strict_seed41_schemeC_noout_mne_l2_l16_vgg16_rc1em04.pth,/home/595/sl9144/codes/snn_simulation/important_results/pre_input_if_noise/cifar10_vgg16_three_regs/mne_l2_rc1e-4/seed_41/noise_sweep_matrix_cifar10_vgg16_T16_mode_rate_uniform_schedule_normal_seed_41.csv
cifar10,vgg16,mne_l2,mne_l2 rc=1e-4,0.0001,0.0,41,16,16,rate_uniform,0.35,90.27,cifar10-checkpoints/vgg16_L[16]_strict_seed41_schemeC_noout_mne_l2_l16_vgg16_rc1em04.pth,/home/595/sl9144/codes/snn_simulation/important_results/pre_input_if_noise/cifar10_vgg16_three_regs/mne_l2_rc1e-4/seed_41/noise_sweep_matrix_cifar10_vgg16_T16_mode_rate_uniform_schedule_normal_seed_41.csv
cifar10,vgg16,mne_l2,mne_l2 rc=1e-4,0.0001,0.0,41,16,16,rate_uniform,0.4,90.36,cifar10-checkpoints/vgg16_L[16]_strict_seed41_schemeC_noout_mne_l2_l16_vgg16_rc1em04.pth,/home/595/sl9144/codes/snn_simulation/important_results/pre_input_if_noise/cifar10_vgg16_three_regs/mne_l2_rc1e-4/seed_41/noise_sweep_matrix_cifar10_vgg16_T16_mode_rate_uniform_schedule_normal_seed_41.csv
cifar10,vgg16,mne_l2,mne_l2 rc=1e-4,0.0001,0.0,41,16,16,rate_uniform,0.45,90.28,cifar10-checkpoints/vgg16_L[16]_strict_seed41_schemeC_noout_mne_l2_l16_vgg16_rc1em04.pth,/home/595/sl9144/codes/snn_simulation/important_results/pre_input_if_noise/cifar10_vgg16_three_regs/mne_l2_rc1e-4/seed_41/noise_sweep_matrix_cifar10_vgg16_T16_mode_rate_uniform_schedule_normal_seed_41.csv
cifar10,vgg16,mne_l2,mne_l2 rc=1e-4,0.0001,0.0,41,16,16,rate_uniform,0.5,90.27,cifar10-checkpoints/vgg16_L[16]_strict_seed41_schemeC_noout_mne_l2_l16_vgg16_rc1em04.pth,/home/595/sl9144/codes/snn_simulation/important_results/pre_input_if_noise/cifar10_vgg16_three_regs/mne_l2_rc1e-4/seed_41/noise_sweep_matrix_cifar10_vgg16_T16_mode_rate_uniform_schedule_normal_seed_41.csv
cifar10,vgg16,mne_l2,mne_l2 rc=1e-4,0.0001,0.0,41,16,16,rate_uniform,0.55,90.29,cifar10-checkpoints/vgg16_L[16]_strict_seed41_schemeC_noout_mne_l2_l16_vgg16_rc1em04.pth,/home/595/sl9144/codes/snn_simulation/important_results/pre_input_if_noise/cifar10_vgg16_three_regs/mne_l2_rc1e-4/seed_41/noise_sweep_matrix_cifar10_vgg16_T16_mode_rate_uniform_schedule_normal_seed_41.csv
cifar10,vgg16,mne_l2,mne_l2 rc=1e-4,0.0001,0.0,41,16,16,rate_uniform,0.6,90.24,cifar10-checkpoints/vgg16_L[16]_strict_seed41_schemeC_noout_mne_l2_l16_vgg16_rc1em04.pth,/home/595/sl9144/codes/snn_simulation/important_results/pre_input_if_noise/cifar10_vgg16_three_regs/mne_l2_rc1e-4/seed_41/noise_sweep_matrix_cifar10_vgg16_T16_mode_rate_uniform_schedule_normal_seed_41.csv
cifar10,vgg16,mne_l2,mne_l2 rc=1e-4,0.0001,0.0,41,16,16,rate_uniform,0.65,90.24,cifar10-checkpoints/vgg16_L[16]_strict_seed41_schemeC_noout_mne_l2_l16_vgg16_rc1em04.pth,/home/595/sl9144/codes/snn_simulation/important_results/pre_input_if_noise/cifar10_vgg16_three_regs/mne_l2_rc1e-4/seed_41/noise_sweep_matrix_cifar10_vgg16_T16_mode_rate_uniform_schedule_normal_seed_41.csv
cifar10,vgg16,mne_l2,mne_l2 rc=1e-4,0.0001,0.0,41,16,16,rate_uniform,0.7,90.27,cifar10-checkpoints/vgg16_L[16]_strict_seed41_schemeC_noout_mne_l2_l16_vgg16_rc1em04.pth,/home/595/sl9144/codes/snn_simulation/important_results/pre_input_if_noise/cifar10_vgg16_three_regs/mne_l2_rc1e-4/seed_41/noise_sweep_matrix_cifar10_vgg16_T16_mode_rate_uniform_schedule_normal_seed_41.csv
cifar10,vgg16,mne_l2,mne_l2 rc=1e-4,0.0001,0.0,41,16,16,rate_uniform,0.75,90.21,cifar10-checkpoints/vgg16_L[16]_strict_seed41_schemeC_noout_mne_l2_l16_vgg16_rc1em04.pth,/home/595/sl9144/codes/snn_simulation/important_results/pre_input_if_noise/cifar10_vgg16_three_regs/mne_l2_rc1e-4/seed_41/noise_sweep_matrix_cifar10_vgg16_T16_mode_rate_uniform_schedule_normal_seed_41.csv
cifar10,vgg16,mne_l2,mne_l2 rc=1e-4,0.0001,0.0,41,16,16,rate_uniform,0.8,90.33,cifar10-checkpoints/vgg16_L[16]_strict_seed41_schemeC_noout_mne_l2_l16_vgg16_rc1em04.pth,/home/595/sl9144/codes/snn_simulation/important_results/pre_input_if_noise/cifar10_vgg16_three_regs/mne_l2_rc1e-4/seed_41/noise_sweep_matrix_cifar10_vgg16_T16_mode_rate_uniform_schedule_normal_seed_41.csv
cifar10,vgg16,mne_l2,mne_l2 rc=1e-4,0.0001,0.0,41,16,16,rate_uniform,0.85,90.12,cifar10-checkpoints/vgg16_L[16]_strict_seed41_schemeC_noout_mne_l2_l16_vgg16_rc1em04.pth,/home/595/sl9144/codes/snn_simulation/important_results/pre_input_if_noise/cifar10_vgg16_three_regs/mne_l2_rc1e-4/seed_41/noise_sweep_matrix_cifar10_vgg16_T16_mode_rate_uniform_schedule_normal_seed_41.csv
cifar10,vgg16,mne_l2,mne_l2 rc=1e-4,0.0001,0.0,41,16,16,rate_uniform,0.9,90.06,cifar10-checkpoints/vgg16_L[16]_strict_seed41_schemeC_noout_mne_l2_l16_vgg16_rc1em04.pth,/home/595/sl9144/codes/snn_simulation/important_results/pre_input_if_noise/cifar10_vgg16_three_regs/mne_l2_rc1e-4/seed_41/noise_sweep_matrix_cifar10_vgg16_T16_mode_rate_uniform_schedule_normal_seed_41.csv
cifar10,vgg16,mne_l2,mne_l2 rc=1e-4,0.0001,0.0,41,16,16,rate_uniform,0.95,90.16,cifar10-checkpoints/vgg16_L[16]_strict_seed41_schemeC_noout_mne_l2_l16_vgg16_rc1em04.pth,/home/595/sl9144/codes/snn_simulation/important_results/pre_input_if_noise/cifar10_vgg16_three_regs/mne_l2_rc1e-4/seed_41/noise_sweep_matrix_cifar10_vgg16_T16_mode_rate_uniform_schedule_normal_seed_41.csv
cifar10,vgg16,mne_l2,mne_l2 rc=1e-4,0.0001,0.0,41,16,16,rate_uniform,1.0,90.18,cifar10-checkpoints/vgg16_L[16]_strict_seed41_schemeC_noout_mne_l2_l16_vgg16_rc1em04.pth,/home/595/sl9144/codes/snn_simulation/important_results/pre_input_if_noise/cifar10_vgg16_three_regs/mne_l2_rc1e-4/seed_41/noise_sweep_matrix_cifar10_vgg16_T16_mode_rate_uniform_schedule_normal_seed_41.csv
cifar10,vgg16,mne_l2,mne_l2 rc=1e-4,0.0001,0.0,42,16,16,rate_uniform,0.0,90.5,cifar10-checkpoints/vgg16_L[16]_strict_seed42_schemeC_noout_mne_l2_l16_vgg16_rc1em04.pth,/home/595/sl9144/codes/snn_simulation/important_results/pre_input_if_noise/cifar10_vgg16_three_regs/mne_l2_rc1e-4/seed_42/noise_sweep_matrix_cifar10_vgg16_T16_mode_rate_uniform_schedule_normal_seed_42.csv
cifar10,vgg16,mne_l2,mne_l2 rc=1e-4,0.0001,0.0,42,16,16,rate_uniform,0.05,90.53,cifar10-checkpoints/vgg16_L[16]_strict_seed42_schemeC_noout_mne_l2_l16_vgg16_rc1em04.pth,/home/595/sl9144/codes/snn_simulation/important_results/pre_input_if_noise/cifar10_vgg16_three_regs/mne_l2_rc1e-4/seed_42/noise_sweep_matrix_cifar10_vgg16_T16_mode_rate_uniform_schedule_normal_seed_42.csv
cifar10,vgg16,mne_l2,mne_l2 rc=1e-4,0.0001,0.0,42,16,16,rate_uniform,0.1,90.57,cifar10-checkpoints/vgg16_L[16]_strict_seed42_schemeC_noout_mne_l2_l16_vgg16_rc1em04.pth,/home/595/sl9144/codes/snn_simulation/important_results/pre_input_if_noise/cifar10_vgg16_three_regs/mne_l2_rc1e-4/seed_42/noise_sweep_matrix_cifar10_vgg16_T16_mode_rate_uniform_schedule_normal_seed_42.csv
cifar10,vgg16,mne_l2,mne_l2 rc=1e-4,0.0001,0.0,42,16,16,rate_uniform,0.15,90.5,cifar10-checkpoints/vgg16_L[16]_strict_seed42_schemeC_noout_mne_l2_l16_vgg16_rc1em04.pth,/home/595/sl9144/codes/snn_simulation/important_results/pre_input_if_noise/cifar10_vgg16_three_regs/mne_l2_rc1e-4/seed_42/noise_sweep_matrix_cifar10_vgg16_T16_mode_rate_uniform_schedule_normal_seed_42.csv
cifar10,vgg16,mne_l2,mne_l2 rc=1e-4,0.0001,0.0,42,16,16,rate_uniform,0.2,90.59,cifar10-checkpoints/vgg16_L[16]_strict_seed42_schemeC_noout_mne_l2_l16_vgg16_rc1em04.pth,/home/595/sl9144/codes/snn_simulation/important_results/pre_input_if_noise/cifar10_vgg16_three_regs/mne_l2_rc1e-4/seed_42/noise_sweep_matrix_cifar10_vgg16_T16_mode_rate_uniform_schedule_normal_seed_42.csv
cifar10,vgg16,mne_l2,mne_l2 rc=1e-4,0.0001,0.0,42,16,16,rate_uniform,0.25,90.49,cifar10-checkpoints/vgg16_L[16]_strict_seed42_schemeC_noout_mne_l2_l16_vgg16_rc1em04.pth,/home/595/sl9144/codes/snn_simulation/important_results/pre_input_if_noise/cifar10_vgg16_three_regs/mne_l2_rc1e-4/seed_42/noise_sweep_matrix_cifar10_vgg16_T16_mode_rate_uniform_schedule_normal_seed_42.csv
cifar10,vgg16,mne_l2,mne_l2 rc=1e-4,0.0001,0.0,42,16,16,rate_uniform,0.3,90.48,cifar10-checkpoints/vgg16_L[16]_strict_seed42_schemeC_noout_mne_l2_l16_vgg16_rc1em04.pth,/home/595/sl9144/codes/snn_simulation/important_results/pre_input_if_noise/cifar10_vgg16_three_regs/mne_l2_rc1e-4/seed_42/noise_sweep_matrix_cifar10_vgg16_T16_mode_rate_uniform_schedule_normal_seed_42.csv
cifar10,vgg16,mne_l2,mne_l2 rc=1e-4,0.0001,0.0,42,16,16,rate_uniform,0.35,90.48,cifar10-checkpoints/vgg16_L[16]_strict_seed42_schemeC_noout_mne_l2_l16_vgg16_rc1em04.pth,/home/595/sl9144/codes/snn_simulation/important_results/pre_input_if_noise/cifar10_vgg16_three_regs/mne_l2_rc1e-4/seed_42/noise_sweep_matrix_cifar10_vgg16_T16_mode_rate_uniform_schedule_normal_seed_42.csv
cifar10,vgg16,mne_l2,mne_l2 rc=1e-4,0.0001,0.0,42,16,16,rate_uniform,0.4,90.51,cifar10-checkpoints/vgg16_L[16]_strict_seed42_schemeC_noout_mne_l2_l16_vgg16_rc1em04.pth,/home/595/sl9144/codes/snn_simulation/important_results/pre_input_if_noise/cifar10_vgg16_three_regs/mne_l2_rc1e-4/seed_42/noise_sweep_matrix_cifar10_vgg16_T16_mode_rate_uniform_schedule_normal_seed_42.csv
cifar10,vgg16,mne_l2,mne_l2 rc=1e-4,0.0001,0.0,42,16,16,rate_uniform,0.45,90.4,cifar10-checkpoints/vgg16_L[16]_strict_seed42_schemeC_noout_mne_l2_l16_vgg16_rc1em04.pth,/home/595/sl9144/codes/snn_simulation/important_results/pre_input_if_noise/cifar10_vgg16_three_regs/mne_l2_rc1e-4/seed_42/noise_sweep_matrix_cifar10_vgg16_T16_mode_rate_uniform_schedule_normal_seed_42.csv
cifar10,vgg16,mne_l2,mne_l2 rc=1e-4,0.0001,0.0,42,16,16,rate_uniform,0.5,90.5,cifar10-checkpoints/vgg16_L[16]_strict_seed42_schemeC_noout_mne_l2_l16_vgg16_rc1em04.pth,/home/595/sl9144/codes/snn_simulation/important_results/pre_input_if_noise/cifar10_vgg16_three_regs/mne_l2_rc1e-4/seed_42/noise_sweep_matrix_cifar10_vgg16_T16_mode_rate_uniform_schedule_normal_seed_42.csv
cifar10,vgg16,mne_l2,mne_l2 rc=1e-4,0.0001,0.0,42,16,16,rate_uniform,0.55,90.42,cifar10-checkpoints/vgg16_L[16]_strict_seed42_schemeC_noout_mne_l2_l16_vgg16_rc1em04.pth,/home/595/sl9144/codes/snn_simulation/important_results/pre_input_if_noise/cifar10_vgg16_three_regs/mne_l2_rc1e-4/seed_42/noise_sweep_matrix_cifar10_vgg16_T16_mode_rate_uniform_schedule_normal_seed_42.csv
cifar10,vgg16,mne_l2,mne_l2 rc=1e-4,0.0001,0.0,42,16,16,rate_uniform,0.6,90.44,cifar10-checkpoints/vgg16_L[16]_strict_seed42_schemeC_noout_mne_l2_l16_vgg16_rc1em04.pth,/home/595/sl9144/codes/snn_simulation/important_results/pre_input_if_noise/cifar10_vgg16_three_regs/mne_l2_rc1e-4/seed_42/noise_sweep_matrix_cifar10_vgg16_T16_mode_rate_uniform_schedule_normal_seed_42.csv
cifar10,vgg16,mne_l2,mne_l2 rc=1e-4,0.0001,0.0,42,16,16,rate_uniform,0.65,90.34,cifar10-checkpoints/vgg16_L[16]_strict_seed42_schemeC_noout_mne_l2_l16_vgg16_rc1em04.pth,/home/595/sl9144/codes/snn_simulation/important_results/pre_input_if_noise/cifar10_vgg16_three_regs/mne_l2_rc1e-4/seed_42/noise_sweep_matrix_cifar10_vgg16_T16_mode_rate_uniform_schedule_normal_seed_42.csv
cifar10,vgg16,mne_l2,mne_l2 rc=1e-4,0.0001,0.0,42,16,16,rate_uniform,0.7,90.31,cifar10-checkpoints/vgg16_L[16]_strict_seed42_schemeC_noout_mne_l2_l16_vgg16_rc1em04.pth,/home/595/sl9144/codes/snn_simulation/important_results/pre_input_if_noise/cifar10_vgg16_three_regs/mne_l2_rc1e-4/seed_42/noise_sweep_matrix_cifar10_vgg16_T16_mode_rate_uniform_schedule_normal_seed_42.csv
cifar10,vgg16,mne_l2,mne_l2 rc=1e-4,0.0001,0.0,42,16,16,rate_uniform,0.75,90.4,cifar10-checkpoints/vgg16_L[16]_strict_seed42_schemeC_noout_mne_l2_l16_vgg16_rc1em04.pth,/home/595/sl9144/codes/snn_simulation/important_results/pre_input_if_noise/cifar10_vgg16_three_regs/mne_l2_rc1e-4/seed_42/noise_sweep_matrix_cifar10_vgg16_T16_mode_rate_uniform_schedule_normal_seed_42.csv
cifar10,vgg16,mne_l2,mne_l2 rc=1e-4,0.0001,0.0,42,16,16,rate_uniform,0.8,90.31,cifar10-checkpoints/vgg16_L[16]_strict_seed42_schemeC_noout_mne_l2_l16_vgg16_rc1em04.pth,/home/595/sl9144/codes/snn_simulation/important_results/pre_input_if_noise/cifar10_vgg16_three_regs/mne_l2_rc1e-4/seed_42/noise_sweep_matrix_cifar10_vgg16_T16_mode_rate_uniform_schedule_normal_seed_42.csv
cifar10,vgg16,mne_l2,mne_l2 rc=1e-4,0.0001,0.0,42,16,16,rate_uniform,0.85,90.42,cifar10-checkpoints/vgg16_L[16]_strict_seed42_schemeC_noout_mne_l2_l16_vgg16_rc1em04.pth,/home/595/sl9144/codes/snn_simulation/important_results/pre_input_if_noise/cifar10_vgg16_three_regs/mne_l2_rc1e-4/seed_42/noise_sweep_matrix_cifar10_vgg16_T16_mode_rate_uniform_schedule_normal_seed_42.csv
cifar10,vgg16,mne_l2,mne_l2 rc=1e-4,0.0001,0.0,42,16,16,rate_uniform,0.9,90.32,cifar10-checkpoints/vgg16_L[16]_strict_seed42_schemeC_noout_mne_l2_l16_vgg16_rc1em04.pth,/home/595/sl9144/codes/snn_simulation/important_results/pre_input_if_noise/cifar10_vgg16_three_regs/mne_l2_rc1e-4/seed_42/noise_sweep_matrix_cifar10_vgg16_T16_mode_rate_uniform_schedule_normal_seed_42.csv
cifar10,vgg16,mne_l2,mne_l2 rc=1e-4,0.0001,0.0,42,16,16,rate_uniform,0.95,90.26,cifar10-checkpoints/vgg16_L[16]_strict_seed42_schemeC_noout_mne_l2_l16_vgg16_rc1em04.pth,/home/595/sl9144/codes/snn_simulation/important_results/pre_input_if_noise/cifar10_vgg16_three_regs/mne_l2_rc1e-4/seed_42/noise_sweep_matrix_cifar10_vgg16_T16_mode_rate_uniform_schedule_normal_seed_42.csv
cifar10,vgg16,mne_l2,mne_l2 rc=1e-4,0.0001,0.0,42,16,16,rate_uniform,1.0,90.35,cifar10-checkpoints/vgg16_L[16]_strict_seed42_schemeC_noout_mne_l2_l16_vgg16_rc1em04.pth,/home/595/sl9144/codes/snn_simulation/important_results/pre_input_if_noise/cifar10_vgg16_three_regs/mne_l2_rc1e-4/seed_42/noise_sweep_matrix_cifar10_vgg16_T16_mode_rate_uniform_schedule_normal_seed_42.csv
cifar10,vgg16,mne_l2,mne_l2 rc=1e-4,0.0001,0.0,43,16,16,rate_uniform,0.0,90.22,cifar10-checkpoints/vgg16_L[16]_strict_seed43_schemeC_noout_mne_l2_l16_vgg16_rc1em04.pth,/home/595/sl9144/codes/snn_simulation/important_results/pre_input_if_noise/cifar10_vgg16_three_regs/mne_l2_rc1e-4/seed_43/noise_sweep_matrix_cifar10_vgg16_T16_mode_rate_uniform_schedule_normal_seed_43.csv
cifar10,vgg16,mne_l2,mne_l2 rc=1e-4,0.0001,0.0,43,16,16,rate_uniform,0.05,90.17,cifar10-checkpoints/vgg16_L[16]_strict_seed43_schemeC_noout_mne_l2_l16_vgg16_rc1em04.pth,/home/595/sl9144/codes/snn_simulation/important_results/pre_input_if_noise/cifar10_vgg16_three_regs/mne_l2_rc1e-4/seed_43/noise_sweep_matrix_cifar10_vgg16_T16_mode_rate_uniform_schedule_normal_seed_43.csv
cifar10,vgg16,mne_l2,mne_l2 rc=1e-4,0.0001,0.0,43,16,16,rate_uniform,0.1,90.22,cifar10-checkpoints/vgg16_L[16]_strict_seed43_schemeC_noout_mne_l2_l16_vgg16_rc1em04.pth,/home/595/sl9144/codes/snn_simulation/important_results/pre_input_if_noise/cifar10_vgg16_three_regs/mne_l2_rc1e-4/seed_43/noise_sweep_matrix_cifar10_vgg16_T16_mode_rate_uniform_schedule_normal_seed_43.csv
cifar10,vgg16,mne_l2,mne_l2 rc=1e-4,0.0001,0.0,43,16,16,rate_uniform,0.15,90.11,cifar10-checkpoints/vgg16_L[16]_strict_seed43_schemeC_noout_mne_l2_l16_vgg16_rc1em04.pth,/home/595/sl9144/codes/snn_simulation/important_results/pre_input_if_noise/cifar10_vgg16_three_regs/mne_l2_rc1e-4/seed_43/noise_sweep_matrix_cifar10_vgg16_T16_mode_rate_uniform_schedule_normal_seed_43.csv
cifar10,vgg16,mne_l2,mne_l2 rc=1e-4,0.0001,0.0,43,16,16,rate_uniform,0.2,90.14,cifar10-checkpoints/vgg16_L[16]_strict_seed43_schemeC_noout_mne_l2_l16_vgg16_rc1em04.pth,/home/595/sl9144/codes/snn_simulation/important_results/pre_input_if_noise/cifar10_vgg16_three_regs/mne_l2_rc1e-4/seed_43/noise_sweep_matrix_cifar10_vgg16_T16_mode_rate_uniform_schedule_normal_seed_43.csv
cifar10,vgg16,mne_l2,mne_l2 rc=1e-4,0.0001,0.0,43,16,16,rate_uniform,0.25,90.17,cifar10-checkpoints/vgg16_L[16]_strict_seed43_schemeC_noout_mne_l2_l16_vgg16_rc1em04.pth,/home/595/sl9144/codes/snn_simulation/important_results/pre_input_if_noise/cifar10_vgg16_three_regs/mne_l2_rc1e-4/seed_43/noise_sweep_matrix_cifar10_vgg16_T16_mode_rate_uniform_schedule_normal_seed_43.csv
cifar10,vgg16,mne_l2,mne_l2 rc=1e-4,0.0001,0.0,43,16,16,rate_uniform,0.3,90.17,cifar10-checkpoints/vgg16_L[16]_strict_seed43_schemeC_noout_mne_l2_l16_vgg16_rc1em04.pth,/home/595/sl9144/codes/snn_simulation/important_results/pre_input_if_noise/cifar10_vgg16_three_regs/mne_l2_rc1e-4/seed_43/noise_sweep_matrix_cifar10_vgg16_T16_mode_rate_uniform_schedule_normal_seed_43.csv
cifar10,vgg16,mne_l2,mne_l2 rc=1e-4,0.0001,0.0,43,16,16,rate_uniform,0.35,90.26,cifar10-checkpoints/vgg16_L[16]_strict_seed43_schemeC_noout_mne_l2_l16_vgg16_rc1em04.pth,/home/595/sl9144/codes/snn_simulation/important_results/pre_input_if_noise/cifar10_vgg16_three_regs/mne_l2_rc1e-4/seed_43/noise_sweep_matrix_cifar10_vgg16_T16_mode_rate_uniform_schedule_normal_seed_43.csv
cifar10,vgg16,mne_l2,mne_l2 rc=1e-4,0.0001,0.0,43,16,16,rate_uniform,0.4,90.21,cifar10-checkpoints/vgg16_L[16]_strict_seed43_schemeC_noout_mne_l2_l16_vgg16_rc1em04.pth,/home/595/sl9144/codes/snn_simulation/important_results/pre_input_if_noise/cifar10_vgg16_three_regs/mne_l2_rc1e-4/seed_43/noise_sweep_matrix_cifar10_vgg16_T16_mode_rate_uniform_schedule_normal_seed_43.csv
cifar10,vgg16,mne_l2,mne_l2 rc=1e-4,0.0001,0.0,43,16,16,rate_uniform,0.45,90.16,cifar10-checkpoints/vgg16_L[16]_strict_seed43_schemeC_noout_mne_l2_l16_vgg16_rc1em04.pth,/home/595/sl9144/codes/snn_simulation/important_results/pre_input_if_noise/cifar10_vgg16_three_regs/mne_l2_rc1e-4/seed_43/noise_sweep_matrix_cifar10_vgg16_T16_mode_rate_uniform_schedule_normal_seed_43.csv
cifar10,vgg16,mne_l2,mne_l2 rc=1e-4,0.0001,0.0,43,16,16,rate_uniform,0.5,90.09,cifar10-checkpoints/vgg16_L[16]_strict_seed43_schemeC_noout_mne_l2_l16_vgg16_rc1em04.pth,/home/595/sl9144/codes/snn_simulation/important_results/pre_input_if_noise/cifar10_vgg16_three_regs/mne_l2_rc1e-4/seed_43/noise_sweep_matrix_cifar10_vgg16_T16_mode_rate_uniform_schedule_normal_seed_43.csv
cifar10,vgg16,mne_l2,mne_l2 rc=1e-4,0.0001,0.0,43,16,16,rate_uniform,0.55,90.14,cifar10-checkpoints/vgg16_L[16]_strict_seed43_schemeC_noout_mne_l2_l16_vgg16_rc1em04.pth,/home/595/sl9144/codes/snn_simulation/important_results/pre_input_if_noise/cifar10_vgg16_three_regs/mne_l2_rc1e-4/seed_43/noise_sweep_matrix_cifar10_vgg16_T16_mode_rate_uniform_schedule_normal_seed_43.csv
cifar10,vgg16,mne_l2,mne_l2 rc=1e-4,0.0001,0.0,43,16,16,rate_uniform,0.6,90.05,cifar10-checkpoints/vgg16_L[16]_strict_seed43_schemeC_noout_mne_l2_l16_vgg16_rc1em04.pth,/home/595/sl9144/codes/snn_simulation/important_results/pre_input_if_noise/cifar10_vgg16_three_regs/mne_l2_rc1e-4/seed_43/noise_sweep_matrix_cifar10_vgg16_T16_mode_rate_uniform_schedule_normal_seed_43.csv
cifar10,vgg16,mne_l2,mne_l2 rc=1e-4,0.0001,0.0,43,16,16,rate_uniform,0.65,90.16,cifar10-checkpoints/vgg16_L[16]_strict_seed43_schemeC_noout_mne_l2_l16_vgg16_rc1em04.pth,/home/595/sl9144/codes/snn_simulation/important_results/pre_input_if_noise/cifar10_vgg16_three_regs/mne_l2_rc1e-4/seed_43/noise_sweep_matrix_cifar10_vgg16_T16_mode_rate_uniform_schedule_normal_seed_43.csv
cifar10,vgg16,mne_l2,mne_l2 rc=1e-4,0.0001,0.0,43,16,16,rate_uniform,0.7,90.18,cifar10-checkpoints/vgg16_L[16]_strict_seed43_schemeC_noout_mne_l2_l16_vgg16_rc1em04.pth,/home/595/sl9144/codes/snn_simulation/important_results/pre_input_if_noise/cifar10_vgg16_three_regs/mne_l2_rc1e-4/seed_43/noise_sweep_matrix_cifar10_vgg16_T16_mode_rate_uniform_schedule_normal_seed_43.csv
cifar10,vgg16,mne_l2,mne_l2 rc=1e-4,0.0001,0.0,43,16,16,rate_uniform,0.75,90.07,cifar10-checkpoints/vgg16_L[16]_strict_seed43_schemeC_noout_mne_l2_l16_vgg16_rc1em04.pth,/home/595/sl9144/codes/snn_simulation/important_results/pre_input_if_noise/cifar10_vgg16_three_regs/mne_l2_rc1e-4/seed_43/noise_sweep_matrix_cifar10_vgg16_T16_mode_rate_uniform_schedule_normal_seed_43.csv
cifar10,vgg16,mne_l2,mne_l2 rc=1e-4,0.0001,0.0,43,16,16,rate_uniform,0.8,90.0,cifar10-checkpoints/vgg16_L[16]_strict_seed43_schemeC_noout_mne_l2_l16_vgg16_rc1em04.pth,/home/595/sl9144/codes/snn_simulation/important_results/pre_input_if_noise/cifar10_vgg16_three_regs/mne_l2_rc1e-4/seed_43/noise_sweep_matrix_cifar10_vgg16_T16_mode_rate_uniform_schedule_normal_seed_43.csv
cifar10,vgg16,mne_l2,mne_l2 rc=1e-4,0.0001,0.0,43,16,16,rate_uniform,0.85,90.09,cifar10-checkpoints/vgg16_L[16]_strict_seed43_schemeC_noout_mne_l2_l16_vgg16_rc1em04.pth,/home/595/sl9144/codes/snn_simulation/important_results/pre_input_if_noise/cifar10_vgg16_three_regs/mne_l2_rc1e-4/seed_43/noise_sweep_matrix_cifar10_vgg16_T16_mode_rate_uniform_schedule_normal_seed_43.csv
cifar10,vgg16,mne_l2,mne_l2 rc=1e-4,0.0001,0.0,43,16,16,rate_uniform,0.9,90.09,cifar10-checkpoints/vgg16_L[16]_strict_seed43_schemeC_noout_mne_l2_l16_vgg16_rc1em04.pth,/home/595/sl9144/codes/snn_simulation/important_results/pre_input_if_noise/cifar10_vgg16_three_regs/mne_l2_rc1e-4/seed_43/noise_sweep_matrix_cifar10_vgg16_T16_mode_rate_uniform_schedule_normal_seed_43.csv
cifar10,vgg16,mne_l2,mne_l2 rc=1e-4,0.0001,0.0,43,16,16,rate_uniform,0.95,90.03,cifar10-checkpoints/vgg16_L[16]_strict_seed43_schemeC_noout_mne_l2_l16_vgg16_rc1em04.pth,/home/595/sl9144/codes/snn_simulation/important_results/pre_input_if_noise/cifar10_vgg16_three_regs/mne_l2_rc1e-4/seed_43/noise_sweep_matrix_cifar10_vgg16_T16_mode_rate_uniform_schedule_normal_seed_43.csv
cifar10,vgg16,mne_l2,mne_l2 rc=1e-4,0.0001,0.0,43,16,16,rate_uniform,1.0,89.94,cifar10-checkpoints/vgg16_L[16]_strict_seed43_schemeC_noout_mne_l2_l16_vgg16_rc1em04.pth,/home/595/sl9144/codes/snn_simulation/important_results/pre_input_if_noise/cifar10_vgg16_three_regs/mne_l2_rc1e-4/seed_43/noise_sweep_matrix_cifar10_vgg16_T16_mode_rate_uniform_schedule_normal_seed_43.csv
cifar10,vgg16,mne_l2,mne_l2 rc=1e-4,0.0001,0.0,44,16,16,rate_uniform,0.0,90.29,cifar10-checkpoints/vgg16_L[16]_strict_seed44_schemeC_noout_mne_l2_l16_vgg16_rc1em04.pth,/home/595/sl9144/codes/snn_simulation/important_results/pre_input_if_noise/cifar10_vgg16_three_regs/mne_l2_rc1e-4/seed_44/noise_sweep_matrix_cifar10_vgg16_T16_mode_rate_uniform_schedule_normal_seed_44.csv
cifar10,vgg16,mne_l2,mne_l2 rc=1e-4,0.0001,0.0,44,16,16,rate_uniform,0.05,90.32,cifar10-checkpoints/vgg16_L[16]_strict_seed44_schemeC_noout_mne_l2_l16_vgg16_rc1em04.pth,/home/595/sl9144/codes/snn_simulation/important_results/pre_input_if_noise/cifar10_vgg16_three_regs/mne_l2_rc1e-4/seed_44/noise_sweep_matrix_cifar10_vgg16_T16_mode_rate_uniform_schedule_normal_seed_44.csv
cifar10,vgg16,mne_l2,mne_l2 rc=1e-4,0.0001,0.0,44,16,16,rate_uniform,0.1,90.28,cifar10-checkpoints/vgg16_L[16]_strict_seed44_schemeC_noout_mne_l2_l16_vgg16_rc1em04.pth,/home/595/sl9144/codes/snn_simulation/important_results/pre_input_if_noise/cifar10_vgg16_three_regs/mne_l2_rc1e-4/seed_44/noise_sweep_matrix_cifar10_vgg16_T16_mode_rate_uniform_schedule_normal_seed_44.csv
cifar10,vgg16,mne_l2,mne_l2 rc=1e-4,0.0001,0.0,44,16,16,rate_uniform,0.15,90.21,cifar10-checkpoints/vgg16_L[16]_strict_seed44_schemeC_noout_mne_l2_l16_vgg16_rc1em04.pth,/home/595/sl9144/codes/snn_simulation/important_results/pre_input_if_noise/cifar10_vgg16_three_regs/mne_l2_rc1e-4/seed_44/noise_sweep_matrix_cifar10_vgg16_T16_mode_rate_uniform_schedule_normal_seed_44.csv
cifar10,vgg16,mne_l2,mne_l2 rc=1e-4,0.0001,0.0,44,16,16,rate_uniform,0.2,90.22,cifar10-checkpoints/vgg16_L[16]_strict_seed44_schemeC_noout_mne_l2_l16_vgg16_rc1em04.pth,/home/595/sl9144/codes/snn_simulation/important_results/pre_input_if_noise/cifar10_vgg16_three_regs/mne_l2_rc1e-4/seed_44/noise_sweep_matrix_cifar10_vgg16_T16_mode_rate_uniform_schedule_normal_seed_44.csv
cifar10,vgg16,mne_l2,mne_l2 rc=1e-4,0.0001,0.0,44,16,16,rate_uniform,0.25,90.23,cifar10-checkpoints/vgg16_L[16]_strict_seed44_schemeC_noout_mne_l2_l16_vgg16_rc1em04.pth,/home/595/sl9144/codes/snn_simulation/important_results/pre_input_if_noise/cifar10_vgg16_three_regs/mne_l2_rc1e-4/seed_44/noise_sweep_matrix_cifar10_vgg16_T16_mode_rate_uniform_schedule_normal_seed_44.csv
cifar10,vgg16,mne_l2,mne_l2 rc=1e-4,0.0001,0.0,44,16,16,rate_uniform,0.3,90.25,cifar10-checkpoints/vgg16_L[16]_strict_seed44_schemeC_noout_mne_l2_l16_vgg16_rc1em04.pth,/home/595/sl9144/codes/snn_simulation/important_results/pre_input_if_noise/cifar10_vgg16_three_regs/mne_l2_rc1e-4/seed_44/noise_sweep_matrix_cifar10_vgg16_T16_mode_rate_uniform_schedule_normal_seed_44.csv
cifar10,vgg16,mne_l2,mne_l2 rc=1e-4,0.0001,0.0,44,16,16,rate_uniform,0.35,90.31,cifar10-checkpoints/vgg16_L[16]_strict_seed44_schemeC_noout_mne_l2_l16_vgg16_rc1em04.pth,/home/595/sl9144/codes/snn_simulation/important_results/pre_input_if_noise/cifar10_vgg16_three_regs/mne_l2_rc1e-4/seed_44/noise_sweep_matrix_cifar10_vgg16_T16_mode_rate_uniform_schedule_normal_seed_44.csv
cifar10,vgg16,mne_l2,mne_l2 rc=1e-4,0.0001,0.0,44,16,16,rate_uniform,0.4,90.16,cifar10-checkpoints/vgg16_L[16]_strict_seed44_schemeC_noout_mne_l2_l16_vgg16_rc1em04.pth,/home/595/sl9144/codes/snn_simulation/important_results/pre_input_if_noise/cifar10_vgg16_three_regs/mne_l2_rc1e-4/seed_44/noise_sweep_matrix_cifar10_vgg16_T16_mode_rate_uniform_schedule_normal_seed_44.csv
cifar10,vgg16,mne_l2,mne_l2 rc=1e-4,0.0001,0.0,44,16,16,rate_uniform,0.45,90.24,cifar10-checkpoints/vgg16_L[16]_strict_seed44_schemeC_noout_mne_l2_l16_vgg16_rc1em04.pth,/home/595/sl9144/codes/snn_simulation/important_results/pre_input_if_noise/cifar10_vgg16_three_regs/mne_l2_rc1e-4/seed_44/noise_sweep_matrix_cifar10_vgg16_T16_mode_rate_uniform_schedule_normal_seed_44.csv
cifar10,vgg16,mne_l2,mne_l2 rc=1e-4,0.0001,0.0,44,16,16,rate_uniform,0.5,90.26,cifar10-checkpoints/vgg16_L[16]_strict_seed44_schemeC_noout_mne_l2_l16_vgg16_rc1em04.pth,/home/595/sl9144/codes/snn_simulation/important_results/pre_input_if_noise/cifar10_vgg16_three_regs/mne_l2_rc1e-4/seed_44/noise_sweep_matrix_cifar10_vgg16_T16_mode_rate_uniform_schedule_normal_seed_44.csv
cifar10,vgg16,mne_l2,mne_l2 rc=1e-4,0.0001,0.0,44,16,16,rate_uniform,0.55,90.2,cifar10-checkpoints/vgg16_L[16]_strict_seed44_schemeC_noout_mne_l2_l16_vgg16_rc1em04.pth,/home/595/sl9144/codes/snn_simulation/important_results/pre_input_if_noise/cifar10_vgg16_three_regs/mne_l2_rc1e-4/seed_44/noise_sweep_matrix_cifar10_vgg16_T16_mode_rate_uniform_schedule_normal_seed_44.csv
cifar10,vgg16,mne_l2,mne_l2 rc=1e-4,0.0001,0.0,44,16,16,rate_uniform,0.6,90.09,cifar10-checkpoints/vgg16_L[16]_strict_seed44_schemeC_noout_mne_l2_l16_vgg16_rc1em04.pth,/home/595/sl9144/codes/snn_simulation/important_results/pre_input_if_noise/cifar10_vgg16_three_regs/mne_l2_rc1e-4/seed_44/noise_sweep_matrix_cifar10_vgg16_T16_mode_rate_uniform_schedule_normal_seed_44.csv
cifar10,vgg16,mne_l2,mne_l2 rc=1e-4,0.0001,0.0,44,16,16,rate_uniform,0.65,90.22,cifar10-checkpoints/vgg16_L[16]_strict_seed44_schemeC_noout_mne_l2_l16_vgg16_rc1em04.pth,/home/595/sl9144/codes/snn_simulation/important_results/pre_input_if_noise/cifar10_vgg16_three_regs/mne_l2_rc1e-4/seed_44/noise_sweep_matrix_cifar10_vgg16_T16_mode_rate_uniform_schedule_normal_seed_44.csv
cifar10,vgg16,mne_l2,mne_l2 rc=1e-4,0.0001,0.0,44,16,16,rate_uniform,0.7,90.12,cifar10-checkpoints/vgg16_L[16]_strict_seed44_schemeC_noout_mne_l2_l16_vgg16_rc1em04.pth,/home/595/sl9144/codes/snn_simulation/important_results/pre_input_if_noise/cifar10_vgg16_three_regs/mne_l2_rc1e-4/seed_44/noise_sweep_matrix_cifar10_vgg16_T16_mode_rate_uniform_schedule_normal_seed_44.csv
cifar10,vgg16,mne_l2,mne_l2 rc=1e-4,0.0001,0.0,44,16,16,rate_uniform,0.75,90.14,cifar10-checkpoints/vgg16_L[16]_strict_seed44_schemeC_noout_mne_l2_l16_vgg16_rc1em04.pth,/home/595/sl9144/codes/snn_simulation/important_results/pre_input_if_noise/cifar10_vgg16_three_regs/mne_l2_rc1e-4/seed_44/noise_sweep_matrix_cifar10_vgg16_T16_mode_rate_uniform_schedule_normal_seed_44.csv
cifar10,vgg16,mne_l2,mne_l2 rc=1e-4,0.0001,0.0,44,16,16,rate_uniform,0.8,90.0,cifar10-checkpoints/vgg16_L[16]_strict_seed44_schemeC_noout_mne_l2_l16_vgg16_rc1em04.pth,/home/595/sl9144/codes/snn_simulation/important_results/pre_input_if_noise/cifar10_vgg16_three_regs/mne_l2_rc1e-4/seed_44/noise_sweep_matrix_cifar10_vgg16_T16_mode_rate_uniform_schedule_normal_seed_44.csv
cifar10,vgg16,mne_l2,mne_l2 rc=1e-4,0.0001,0.0,44,16,16,rate_uniform,0.85,90.04,cifar10-checkpoints/vgg16_L[16]_strict_seed44_schemeC_noout_mne_l2_l16_vgg16_rc1em04.pth,/home/595/sl9144/codes/snn_simulation/important_results/pre_input_if_noise/cifar10_vgg16_three_regs/mne_l2_rc1e-4/seed_44/noise_sweep_matrix_cifar10_vgg16_T16_mode_rate_uniform_schedule_normal_seed_44.csv
cifar10,vgg16,mne_l2,mne_l2 rc=1e-4,0.0001,0.0,44,16,16,rate_uniform,0.9,90.03,cifar10-checkpoints/vgg16_L[16]_strict_seed44_schemeC_noout_mne_l2_l16_vgg16_rc1em04.pth,/home/595/sl9144/codes/snn_simulation/important_results/pre_input_if_noise/cifar10_vgg16_three_regs/mne_l2_rc1e-4/seed_44/noise_sweep_matrix_cifar10_vgg16_T16_mode_rate_uniform_schedule_normal_seed_44.csv
cifar10,vgg16,mne_l2,mne_l2 rc=1e-4,0.0001,0.0,44,16,16,rate_uniform,0.95,90.18,cifar10-checkpoints/vgg16_L[16]_strict_seed44_schemeC_noout_mne_l2_l16_vgg16_rc1em04.pth,/home/595/sl9144/codes/snn_simulation/important_results/pre_input_if_noise/cifar10_vgg16_three_regs/mne_l2_rc1e-4/seed_44/noise_sweep_matrix_cifar10_vgg16_T16_mode_rate_uniform_schedule_normal_seed_44.csv
cifar10,vgg16,mne_l2,mne_l2 rc=1e-4,0.0001,0.0,44,16,16,rate_uniform,1.0,89.93,cifar10-checkpoints/vgg16_L[16]_strict_seed44_schemeC_noout_mne_l2_l16_vgg16_rc1em04.pth,/home/595/sl9144/codes/snn_simulation/important_results/pre_input_if_noise/cifar10_vgg16_three_regs/mne_l2_rc1e-4/seed_44/noise_sweep_matrix_cifar10_vgg16_T16_mode_rate_uniform_schedule_normal_seed_44.csv
cifar10,vgg16,no_regularization,no regularization,,0.0,40,16,16,rate_uniform,0.0,89.91,cifar10-checkpoints/vgg16_L[16]_strict_seed40_schemeC_noout_none_l16_vgg16.pth,/home/595/sl9144/codes/snn_simulation/important_results/pre_input_if_noise/cifar10_vgg16_three_regs/no_regularization/seed_40/noise_sweep_matrix_cifar10_vgg16_T16_mode_rate_uniform_schedule_normal_seed_40.csv
cifar10,vgg16,no_regularization,no regularization,,0.0,40,16,16,rate_uniform,0.05,89.85,cifar10-checkpoints/vgg16_L[16]_strict_seed40_schemeC_noout_none_l16_vgg16.pth,/home/595/sl9144/codes/snn_simulation/important_results/pre_input_if_noise/cifar10_vgg16_three_regs/no_regularization/seed_40/noise_sweep_matrix_cifar10_vgg16_T16_mode_rate_uniform_schedule_normal_seed_40.csv
cifar10,vgg16,no_regularization,no regularization,,0.0,40,16,16,rate_uniform,0.1,89.8,cifar10-checkpoints/vgg16_L[16]_strict_seed40_schemeC_noout_none_l16_vgg16.pth,/home/595/sl9144/codes/snn_simulation/important_results/pre_input_if_noise/cifar10_vgg16_three_regs/no_regularization/seed_40/noise_sweep_matrix_cifar10_vgg16_T16_mode_rate_uniform_schedule_normal_seed_40.csv
cifar10,vgg16,no_regularization,no regularization,,0.0,40,16,16,rate_uniform,0.15,89.81,cifar10-checkpoints/vgg16_L[16]_strict_seed40_schemeC_noout_none_l16_vgg16.pth,/home/595/sl9144/codes/snn_simulation/important_results/pre_input_if_noise/cifar10_vgg16_three_regs/no_regularization/seed_40/noise_sweep_matrix_cifar10_vgg16_T16_mode_rate_uniform_schedule_normal_seed_40.csv
cifar10,vgg16,no_regularization,no regularization,,0.0,40,16,16,rate_uniform,0.2,89.89,cifar10-checkpoints/vgg16_L[16]_strict_seed40_schemeC_noout_none_l16_vgg16.pth,/home/595/sl9144/codes/snn_simulation/important_results/pre_input_if_noise/cifar10_vgg16_three_regs/no_regularization/seed_40/noise_sweep_matrix_cifar10_vgg16_T16_mode_rate_uniform_schedule_normal_seed_40.csv
cifar10,vgg16,no_regularization,no regularization,,0.0,40,16,16,rate_uniform,0.25,89.69,cifar10-checkpoints/vgg16_L[16]_strict_seed40_schemeC_noout_none_l16_vgg16.pth,/home/595/sl9144/codes/snn_simulation/important_results/pre_input_if_noise/cifar10_vgg16_three_regs/no_regularization/seed_40/noise_sweep_matrix_cifar10_vgg16_T16_mode_rate_uniform_schedule_normal_seed_40.csv
cifar10,vgg16,no_regularization,no regularization,,0.0,40,16,16,rate_uniform,0.3,89.82,cifar10-checkpoints/vgg16_L[16]_strict_seed40_schemeC_noout_none_l16_vgg16.pth,/home/595/sl9144/codes/snn_simulation/important_results/pre_input_if_noise/cifar10_vgg16_three_regs/no_regularization/seed_40/noise_sweep_matrix_cifar10_vgg16_T16_mode_rate_uniform_schedule_normal_seed_40.csv
cifar10,vgg16,no_regularization,no regularization,,0.0,40,16,16,rate_uniform,0.35,89.84,cifar10-checkpoints/vgg16_L[16]_strict_seed40_schemeC_noout_none_l16_vgg16.pth,/home/595/sl9144/codes/snn_simulation/important_results/pre_input_if_noise/cifar10_vgg16_three_regs/no_regularization/seed_40/noise_sweep_matrix_cifar10_vgg16_T16_mode_rate_uniform_schedule_normal_seed_40.csv
cifar10,vgg16,no_regularization,no regularization,,0.0,40,16,16,rate_uniform,0.4,89.73,cifar10-checkpoints/vgg16_L[16]_strict_seed40_schemeC_noout_none_l16_vgg16.pth,/home/595/sl9144/codes/snn_simulation/important_results/pre_input_if_noise/cifar10_vgg16_three_regs/no_regularization/seed_40/noise_sweep_matrix_cifar10_vgg16_T16_mode_rate_uniform_schedule_normal_seed_40.csv
cifar10,vgg16,no_regularization,no regularization,,0.0,40,16,16,rate_uniform,0.45,89.62,cifar10-checkpoints/vgg16_L[16]_strict_seed40_schemeC_noout_none_l16_vgg16.pth,/home/595/sl9144/codes/snn_simulation/important_results/pre_input_if_noise/cifar10_vgg16_three_regs/no_regularization/seed_40/noise_sweep_matrix_cifar10_vgg16_T16_mode_rate_uniform_schedule_normal_seed_40.csv
cifar10,vgg16,no_regularization,no regularization,,0.0,40,16,16,rate_uniform,0.5,89.7,cifar10-checkpoints/vgg16_L[16]_strict_seed40_schemeC_noout_none_l16_vgg16.pth,/home/595/sl9144/codes/snn_simulation/important_results/pre_input_if_noise/cifar10_vgg16_three_regs/no_regularization/seed_40/noise_sweep_matrix_cifar10_vgg16_T16_mode_rate_uniform_schedule_normal_seed_40.csv
cifar10,vgg16,no_regularization,no regularization,,0.0,40,16,16,rate_uniform,0.55,89.62,cifar10-checkpoints/vgg16_L[16]_strict_seed40_schemeC_noout_none_l16_vgg16.pth,/home/595/sl9144/codes/snn_simulation/important_results/pre_input_if_noise/cifar10_vgg16_three_regs/no_regularization/seed_40/noise_sweep_matrix_cifar10_vgg16_T16_mode_rate_uniform_schedule_normal_seed_40.csv
cifar10,vgg16,no_regularization,no regularization,,0.0,40,16,16,rate_uniform,0.6,89.62,cifar10-checkpoints/vgg16_L[16]_strict_seed40_schemeC_noout_none_l16_vgg16.pth,/home/595/sl9144/codes/snn_simulation/important_results/pre_input_if_noise/cifar10_vgg16_three_regs/no_regularization/seed_40/noise_sweep_matrix_cifar10_vgg16_T16_mode_rate_uniform_schedule_normal_seed_40.csv
cifar10,vgg16,no_regularization,no regularization,,0.0,40,16,16,rate_uniform,0.65,89.64,cifar10-checkpoints/vgg16_L[16]_strict_seed40_schemeC_noout_none_l16_vgg16.pth,/home/595/sl9144/codes/snn_simulation/important_results/pre_input_if_noise/cifar10_vgg16_three_regs/no_regularization/seed_40/noise_sweep_matrix_cifar10_vgg16_T16_mode_rate_uniform_schedule_normal_seed_40.csv
cifar10,vgg16,no_regularization,no regularization,,0.0,40,16,16,rate_uniform,0.7,89.55,cifar10-checkpoints/vgg16_L[16]_strict_seed40_schemeC_noout_none_l16_vgg16.pth,/home/595/sl9144/codes/snn_simulation/important_results/pre_input_if_noise/cifar10_vgg16_three_regs/no_regularization/seed_40/noise_sweep_matrix_cifar10_vgg16_T16_mode_rate_uniform_schedule_normal_seed_40.csv
cifar10,vgg16,no_regularization,no regularization,,0.0,40,16,16,rate_uniform,0.75,89.4,cifar10-checkpoints/vgg16_L[16]_strict_seed40_schemeC_noout_none_l16_vgg16.pth,/home/595/sl9144/codes/snn_simulation/important_results/pre_input_if_noise/cifar10_vgg16_three_regs/no_regularization/seed_40/noise_sweep_matrix_cifar10_vgg16_T16_mode_rate_uniform_schedule_normal_seed_40.csv
cifar10,vgg16,no_regularization,no regularization,,0.0,40,16,16,rate_uniform,0.8,89.41,cifar10-checkpoints/vgg16_L[16]_strict_seed40_schemeC_noout_none_l16_vgg16.pth,/home/595/sl9144/codes/snn_simulation/important_results/pre_input_if_noise/cifar10_vgg16_three_regs/no_regularization/seed_40/noise_sweep_matrix_cifar10_vgg16_T16_mode_rate_uniform_schedule_normal_seed_40.csv
cifar10,vgg16,no_regularization,no regularization,,0.0,40,16,16,rate_uniform,0.85,89.37,cifar10-checkpoints/vgg16_L[16]_strict_seed40_schemeC_noout_none_l16_vgg16.pth,/home/595/sl9144/codes/snn_simulation/important_results/pre_input_if_noise/cifar10_vgg16_three_regs/no_regularization/seed_40/noise_sweep_matrix_cifar10_vgg16_T16_mode_rate_uniform_schedule_normal_seed_40.csv
cifar10,vgg16,no_regularization,no regularization,,0.0,40,16,16,rate_uniform,0.9,89.18,cifar10-checkpoints/vgg16_L[16]_strict_seed40_schemeC_noout_none_l16_vgg16.pth,/home/595/sl9144/codes/snn_simulation/important_results/pre_input_if_noise/cifar10_vgg16_three_regs/no_regularization/seed_40/noise_sweep_matrix_cifar10_vgg16_T16_mode_rate_uniform_schedule_normal_seed_40.csv
cifar10,vgg16,no_regularization,no regularization,,0.0,40,16,16,rate_uniform,0.95,89.12,cifar10-checkpoints/vgg16_L[16]_strict_seed40_schemeC_noout_none_l16_vgg16.pth,/home/595/sl9144/codes/snn_simulation/important_results/pre_input_if_noise/cifar10_vgg16_three_regs/no_regularization/seed_40/noise_sweep_matrix_cifar10_vgg16_T16_mode_rate_uniform_schedule_normal_seed_40.csv
cifar10,vgg16,no_regularization,no regularization,,0.0,40,16,16,rate_uniform,1.0,89.21,cifar10-checkpoints/vgg16_L[16]_strict_seed40_schemeC_noout_none_l16_vgg16.pth,/home/595/sl9144/codes/snn_simulation/important_results/pre_input_if_noise/cifar10_vgg16_three_regs/no_regularization/seed_40/noise_sweep_matrix_cifar10_vgg16_T16_mode_rate_uniform_schedule_normal_seed_40.csv
cifar10,vgg16,no_regularization,no regularization,,0.0,41,16,16,rate_uniform,0.0,85.06,cifar10-checkpoints/vgg16_L[16]_strict_seed41_schemeC_noout_none_l16_vgg16.pth,/home/595/sl9144/codes/snn_simulation/important_results/pre_input_if_noise/cifar10_vgg16_three_regs/no_regularization/seed_41/noise_sweep_matrix_cifar10_vgg16_T16_mode_rate_uniform_schedule_normal_seed_41.csv
cifar10,vgg16,no_regularization,no regularization,,0.0,41,16,16,rate_uniform,0.05,84.99,cifar10-checkpoints/vgg16_L[16]_strict_seed41_schemeC_noout_none_l16_vgg16.pth,/home/595/sl9144/codes/snn_simulation/important_results/pre_input_if_noise/cifar10_vgg16_three_regs/no_regularization/seed_41/noise_sweep_matrix_cifar10_vgg16_T16_mode_rate_uniform_schedule_normal_seed_41.csv
cifar10,vgg16,no_regularization,no regularization,,0.0,41,16,16,rate_uniform,0.1,85.05,cifar10-checkpoints/vgg16_L[16]_strict_seed41_schemeC_noout_none_l16_vgg16.pth,/home/595/sl9144/codes/snn_simulation/important_results/pre_input_if_noise/cifar10_vgg16_three_regs/no_regularization/seed_41/noise_sweep_matrix_cifar10_vgg16_T16_mode_rate_uniform_schedule_normal_seed_41.csv
cifar10,vgg16,no_regularization,no regularization,,0.0,41,16,16,rate_uniform,0.15,85.07,cifar10-checkpoints/vgg16_L[16]_strict_seed41_schemeC_noout_none_l16_vgg16.pth,/home/595/sl9144/codes/snn_simulation/important_results/pre_input_if_noise/cifar10_vgg16_three_regs/no_regularization/seed_41/noise_sweep_matrix_cifar10_vgg16_T16_mode_rate_uniform_schedule_normal_seed_41.csv
cifar10,vgg16,no_regularization,no regularization,,0.0,41,16,16,rate_uniform,0.2,85.02,cifar10-checkpoints/vgg16_L[16]_strict_seed41_schemeC_noout_none_l16_vgg16.pth,/home/595/sl9144/codes/snn_simulation/important_results/pre_input_if_noise/cifar10_vgg16_three_regs/no_regularization/seed_41/noise_sweep_matrix_cifar10_vgg16_T16_mode_rate_uniform_schedule_normal_seed_41.csv
cifar10,vgg16,no_regularization,no regularization,,0.0,41,16,16,rate_uniform,0.25,85.08,cifar10-checkpoints/vgg16_L[16]_strict_seed41_schemeC_noout_none_l16_vgg16.pth,/home/595/sl9144/codes/snn_simulation/important_results/pre_input_if_noise/cifar10_vgg16_three_regs/no_regularization/seed_41/noise_sweep_matrix_cifar10_vgg16_T16_mode_rate_uniform_schedule_normal_seed_41.csv
cifar10,vgg16,no_regularization,no regularization,,0.0,41,16,16,rate_uniform,0.3,84.94,cifar10-checkpoints/vgg16_L[16]_strict_seed41_schemeC_noout_none_l16_vgg16.pth,/home/595/sl9144/codes/snn_simulation/important_results/pre_input_if_noise/cifar10_vgg16_three_regs/no_regularization/seed_41/noise_sweep_matrix_cifar10_vgg16_T16_mode_rate_uniform_schedule_normal_seed_41.csv
cifar10,vgg16,no_regularization,no regularization,,0.0,41,16,16,rate_uniform,0.35,84.92,cifar10-checkpoints/vgg16_L[16]_strict_seed41_schemeC_noout_none_l16_vgg16.pth,/home/595/sl9144/codes/snn_simulation/important_results/pre_input_if_noise/cifar10_vgg16_three_regs/no_regularization/seed_41/noise_sweep_matrix_cifar10_vgg16_T16_mode_rate_uniform_schedule_normal_seed_41.csv
cifar10,vgg16,no_regularization,no regularization,,0.0,41,16,16,rate_uniform,0.4,85.02,cifar10-checkpoints/vgg16_L[16]_strict_seed41_schemeC_noout_none_l16_vgg16.pth,/home/595/sl9144/codes/snn_simulation/important_results/pre_input_if_noise/cifar10_vgg16_three_regs/no_regularization/seed_41/noise_sweep_matrix_cifar10_vgg16_T16_mode_rate_uniform_schedule_normal_seed_41.csv
cifar10,vgg16,no_regularization,no regularization,,0.0,41,16,16,rate_uniform,0.45,84.97,cifar10-checkpoints/vgg16_L[16]_strict_seed41_schemeC_noout_none_l16_vgg16.pth,/home/595/sl9144/codes/snn_simulation/important_results/pre_input_if_noise/cifar10_vgg16_three_regs/no_regularization/seed_41/noise_sweep_matrix_cifar10_vgg16_T16_mode_rate_uniform_schedule_normal_seed_41.csv
cifar10,vgg16,no_regularization,no regularization,,0.0,41,16,16,rate_uniform,0.5,84.98,cifar10-checkpoints/vgg16_L[16]_strict_seed41_schemeC_noout_none_l16_vgg16.pth,/home/595/sl9144/codes/snn_simulation/important_results/pre_input_if_noise/cifar10_vgg16_three_regs/no_regularization/seed_41/noise_sweep_matrix_cifar10_vgg16_T16_mode_rate_uniform_schedule_normal_seed_41.csv
cifar10,vgg16,no_regularization,no regularization,,0.0,41,16,16,rate_uniform,0.55,84.92,cifar10-checkpoints/vgg16_L[16]_strict_seed41_schemeC_noout_none_l16_vgg16.pth,/home/595/sl9144/codes/snn_simulation/important_results/pre_input_if_noise/cifar10_vgg16_three_regs/no_regularization/seed_41/noise_sweep_matrix_cifar10_vgg16_T16_mode_rate_uniform_schedule_normal_seed_41.csv
cifar10,vgg16,no_regularization,no regularization,,0.0,41,16,16,rate_uniform,0.6,84.77,cifar10-checkpoints/vgg16_L[16]_strict_seed41_schemeC_noout_none_l16_vgg16.pth,/home/595/sl9144/codes/snn_simulation/important_results/pre_input_if_noise/cifar10_vgg16_three_regs/no_regularization/seed_41/noise_sweep_matrix_cifar10_vgg16_T16_mode_rate_uniform_schedule_normal_seed_41.csv
cifar10,vgg16,no_regularization,no regularization,,0.0,41,16,16,rate_uniform,0.65,84.77,cifar10-checkpoints/vgg16_L[16]_strict_seed41_schemeC_noout_none_l16_vgg16.pth,/home/595/sl9144/codes/snn_simulation/important_results/pre_input_if_noise/cifar10_vgg16_three_regs/no_regularization/seed_41/noise_sweep_matrix_cifar10_vgg16_T16_mode_rate_uniform_schedule_normal_seed_41.csv
cifar10,vgg16,no_regularization,no regularization,,0.0,41,16,16,rate_uniform,0.7,84.88,cifar10-checkpoints/vgg16_L[16]_strict_seed41_schemeC_noout_none_l16_vgg16.pth,/home/595/sl9144/codes/snn_simulation/important_results/pre_input_if_noise/cifar10_vgg16_three_regs/no_regularization/seed_41/noise_sweep_matrix_cifar10_vgg16_T16_mode_rate_uniform_schedule_normal_seed_41.csv
cifar10,vgg16,no_regularization,no regularization,,0.0,41,16,16,rate_uniform,0.75,84.83,cifar10-checkpoints/vgg16_L[16]_strict_seed41_schemeC_noout_none_l16_vgg16.pth,/home/595/sl9144/codes/snn_simulation/important_results/pre_input_if_noise/cifar10_vgg16_three_regs/no_regularization/seed_41/noise_sweep_matrix_cifar10_vgg16_T16_mode_rate_uniform_schedule_normal_seed_41.csv
cifar10,vgg16,no_regularization,no regularization,,0.0,41,16,16,rate_uniform,0.8,84.58,cifar10-checkpoints/vgg16_L[16]_strict_seed41_schemeC_noout_none_l16_vgg16.pth,/home/595/sl9144/codes/snn_simulation/important_results/pre_input_if_noise/cifar10_vgg16_three_regs/no_regularization/seed_41/noise_sweep_matrix_cifar10_vgg16_T16_mode_rate_uniform_schedule_normal_seed_41.csv
cifar10,vgg16,no_regularization,no regularization,,0.0,41,16,16,rate_uniform,0.85,84.6,cifar10-checkpoints/vgg16_L[16]_strict_seed41_schemeC_noout_none_l16_vgg16.pth,/home/595/sl9144/codes/snn_simulation/important_results/pre_input_if_noise/cifar10_vgg16_three_regs/no_regularization/seed_41/noise_sweep_matrix_cifar10_vgg16_T16_mode_rate_uniform_schedule_normal_seed_41.csv
cifar10,vgg16,no_regularization,no regularization,,0.0,41,16,16,rate_uniform,0.9,84.74,cifar10-checkpoints/vgg16_L[16]_strict_seed41_schemeC_noout_none_l16_vgg16.pth,/home/595/sl9144/codes/snn_simulation/important_results/pre_input_if_noise/cifar10_vgg16_three_regs/no_regularization/seed_41/noise_sweep_matrix_cifar10_vgg16_T16_mode_rate_uniform_schedule_normal_seed_41.csv
cifar10,vgg16,no_regularization,no regularization,,0.0,41,16,16,rate_uniform,0.95,84.68,cifar10-checkpoints/vgg16_L[16]_strict_seed41_schemeC_noout_none_l16_vgg16.pth,/home/595/sl9144/codes/snn_simulation/important_results/pre_input_if_noise/cifar10_vgg16_three_regs/no_regularization/seed_41/noise_sweep_matrix_cifar10_vgg16_T16_mode_rate_uniform_schedule_normal_seed_41.csv
cifar10,vgg16,no_regularization,no regularization,,0.0,41,16,16,rate_uniform,1.0,84.52,cifar10-checkpoints/vgg16_L[16]_strict_seed41_schemeC_noout_none_l16_vgg16.pth,/home/595/sl9144/codes/snn_simulation/important_results/pre_input_if_noise/cifar10_vgg16_three_regs/no_regularization/seed_41/noise_sweep_matrix_cifar10_vgg16_T16_mode_rate_uniform_schedule_normal_seed_41.csv
cifar10,vgg16,no_regularization,no regularization,,0.0,42,16,16,rate_uniform,0.0,89.82,cifar10-checkpoints/vgg16_L[16]_strict_seed42_schemeC_noout_none_l16_vgg16.pth,/home/595/sl9144/codes/snn_simulation/important_results/pre_input_if_noise/cifar10_vgg16_three_regs/no_regularization/seed_42/noise_sweep_matrix_cifar10_vgg16_T16_mode_rate_uniform_schedule_normal_seed_42.csv
cifar10,vgg16,no_regularization,no regularization,,0.0,42,16,16,rate_uniform,0.05,89.81,cifar10-checkpoints/vgg16_L[16]_strict_seed42_schemeC_noout_none_l16_vgg16.pth,/home/595/sl9144/codes/snn_simulation/important_results/pre_input_if_noise/cifar10_vgg16_three_regs/no_regularization/seed_42/noise_sweep_matrix_cifar10_vgg16_T16_mode_rate_uniform_schedule_normal_seed_42.csv
cifar10,vgg16,no_regularization,no regularization,,0.0,42,16,16,rate_uniform,0.1,89.81,cifar10-checkpoints/vgg16_L[16]_strict_seed42_schemeC_noout_none_l16_vgg16.pth,/home/595/sl9144/codes/snn_simulation/important_results/pre_input_if_noise/cifar10_vgg16_three_regs/no_regularization/seed_42/noise_sweep_matrix_cifar10_vgg16_T16_mode_rate_uniform_schedule_normal_seed_42.csv
cifar10,vgg16,no_regularization,no regularization,,0.0,42,16,16,rate_uniform,0.15,89.75,cifar10-checkpoints/vgg16_L[16]_strict_seed42_schemeC_noout_none_l16_vgg16.pth,/home/595/sl9144/codes/snn_simulation/important_results/pre_input_if_noise/cifar10_vgg16_three_regs/no_regularization/seed_42/noise_sweep_matrix_cifar10_vgg16_T16_mode_rate_uniform_schedule_normal_seed_42.csv
cifar10,vgg16,no_regularization,no regularization,,0.0,42,16,16,rate_uniform,0.2,89.8,cifar10-checkpoints/vgg16_L[16]_strict_seed42_schemeC_noout_none_l16_vgg16.pth,/home/595/sl9144/codes/snn_simulation/important_results/pre_input_if_noise/cifar10_vgg16_three_regs/no_regularization/seed_42/noise_sweep_matrix_cifar10_vgg16_T16_mode_rate_uniform_schedule_normal_seed_42.csv
cifar10,vgg16,no_regularization,no regularization,,0.0,42,16,16,rate_uniform,0.25,89.79,cifar10-checkpoints/vgg16_L[16]_strict_seed42_schemeC_noout_none_l16_vgg16.pth,/home/595/sl9144/codes/snn_simulation/important_results/pre_input_if_noise/cifar10_vgg16_three_regs/no_regularization/seed_42/noise_sweep_matrix_cifar10_vgg16_T16_mode_rate_uniform_schedule_normal_seed_42.csv
cifar10,vgg16,no_regularization,no regularization,,0.0,42,16,16,rate_uniform,0.3,89.84,cifar10-checkpoints/vgg16_L[16]_strict_seed42_schemeC_noout_none_l16_vgg16.pth,/home/595/sl9144/codes/snn_simulation/important_results/pre_input_if_noise/cifar10_vgg16_three_regs/no_regularization/seed_42/noise_sweep_matrix_cifar10_vgg16_T16_mode_rate_uniform_schedule_normal_seed_42.csv
cifar10,vgg16,no_regularization,no regularization,,0.0,42,16,16,rate_uniform,0.35,89.78,cifar10-checkpoints/vgg16_L[16]_strict_seed42_schemeC_noout_none_l16_vgg16.pth,/home/595/sl9144/codes/snn_simulation/important_results/pre_input_if_noise/cifar10_vgg16_three_regs/no_regularization/seed_42/noise_sweep_matrix_cifar10_vgg16_T16_mode_rate_uniform_schedule_normal_seed_42.csv
cifar10,vgg16,no_regularization,no regularization,,0.0,42,16,16,rate_uniform,0.4,89.73,cifar10-checkpoints/vgg16_L[16]_strict_seed42_schemeC_noout_none_l16_vgg16.pth,/home/595/sl9144/codes/snn_simulation/important_results/pre_input_if_noise/cifar10_vgg16_three_regs/no_regularization/seed_42/noise_sweep_matrix_cifar10_vgg16_T16_mode_rate_uniform_schedule_normal_seed_42.csv
cifar10,vgg16,no_regularization,no regularization,,0.0,42,16,16,rate_uniform,0.45,89.65,cifar10-checkpoints/vgg16_L[16]_strict_seed42_schemeC_noout_none_l16_vgg16.pth,/home/595/sl9144/codes/snn_simulation/important_results/pre_input_if_noise/cifar10_vgg16_three_regs/no_regularization/seed_42/noise_sweep_matrix_cifar10_vgg16_T16_mode_rate_uniform_schedule_normal_seed_42.csv
cifar10,vgg16,no_regularization,no regularization,,0.0,42,16,16,rate_uniform,0.5,89.53,cifar10-checkpoints/vgg16_L[16]_strict_seed42_schemeC_noout_none_l16_vgg16.pth,/home/595/sl9144/codes/snn_simulation/important_results/pre_input_if_noise/cifar10_vgg16_three_regs/no_regularization/seed_42/noise_sweep_matrix_cifar10_vgg16_T16_mode_rate_uniform_schedule_normal_seed_42.csv
cifar10,vgg16,no_regularization,no regularization,,0.0,42,16,16,rate_uniform,0.55,89.64,cifar10-checkpoints/vgg16_L[16]_strict_seed42_schemeC_noout_none_l16_vgg16.pth,/home/595/sl9144/codes/snn_simulation/important_results/pre_input_if_noise/cifar10_vgg16_three_regs/no_regularization/seed_42/noise_sweep_matrix_cifar10_vgg16_T16_mode_rate_uniform_schedule_normal_seed_42.csv
cifar10,vgg16,no_regularization,no regularization,,0.0,42,16,16,rate_uniform,0.6,89.61,cifar10-checkpoints/vgg16_L[16]_strict_seed42_schemeC_noout_none_l16_vgg16.pth,/home/595/sl9144/codes/snn_simulation/important_results/pre_input_if_noise/cifar10_vgg16_three_regs/no_regularization/seed_42/noise_sweep_matrix_cifar10_vgg16_T16_mode_rate_uniform_schedule_normal_seed_42.csv
cifar10,vgg16,no_regularization,no regularization,,0.0,42,16,16,rate_uniform,0.65,89.62,cifar10-checkpoints/vgg16_L[16]_strict_seed42_schemeC_noout_none_l16_vgg16.pth,/home/595/sl9144/codes/snn_simulation/important_results/pre_input_if_noise/cifar10_vgg16_three_regs/no_regularization/seed_42/noise_sweep_matrix_cifar10_vgg16_T16_mode_rate_uniform_schedule_normal_seed_42.csv
cifar10,vgg16,no_regularization,no regularization,,0.0,42,16,16,rate_uniform,0.7,89.57,cifar10-checkpoints/vgg16_L[16]_strict_seed42_schemeC_noout_none_l16_vgg16.pth,/home/595/sl9144/codes/snn_simulation/important_results/pre_input_if_noise/cifar10_vgg16_three_regs/no_regularization/seed_42/noise_sweep_matrix_cifar10_vgg16_T16_mode_rate_uniform_schedule_normal_seed_42.csv
cifar10,vgg16,no_regularization,no regularization,,0.0,42,16,16,rate_uniform,0.75,89.42,cifar10-checkpoints/vgg16_L[16]_strict_seed42_schemeC_noout_none_l16_vgg16.pth,/home/595/sl9144/codes/snn_simulation/important_results/pre_input_if_noise/cifar10_vgg16_three_regs/no_regularization/seed_42/noise_sweep_matrix_cifar10_vgg16_T16_mode_rate_uniform_schedule_normal_seed_42.csv
cifar10,vgg16,no_regularization,no regularization,,0.0,42,16,16,rate_uniform,0.8,89.36,cifar10-checkpoints/vgg16_L[16]_strict_seed42_schemeC_noout_none_l16_vgg16.pth,/home/595/sl9144/codes/snn_simulation/important_results/pre_input_if_noise/cifar10_vgg16_three_regs/no_regularization/seed_42/noise_sweep_matrix_cifar10_vgg16_T16_mode_rate_uniform_schedule_normal_seed_42.csv
cifar10,vgg16,no_regularization,no regularization,,0.0,42,16,16,rate_uniform,0.85,89.42,cifar10-checkpoints/vgg16_L[16]_strict_seed42_schemeC_noout_none_l16_vgg16.pth,/home/595/sl9144/codes/snn_simulation/important_results/pre_input_if_noise/cifar10_vgg16_three_regs/no_regularization/seed_42/noise_sweep_matrix_cifar10_vgg16_T16_mode_rate_uniform_schedule_normal_seed_42.csv
cifar10,vgg16,no_regularization,no regularization,,0.0,42,16,16,rate_uniform,0.9,89.29,cifar10-checkpoints/vgg16_L[16]_strict_seed42_schemeC_noout_none_l16_vgg16.pth,/home/595/sl9144/codes/snn_simulation/important_results/pre_input_if_noise/cifar10_vgg16_three_regs/no_regularization/seed_42/noise_sweep_matrix_cifar10_vgg16_T16_mode_rate_uniform_schedule_normal_seed_42.csv
cifar10,vgg16,no_regularization,no regularization,,0.0,42,16,16,rate_uniform,0.95,89.24,cifar10-checkpoints/vgg16_L[16]_strict_seed42_schemeC_noout_none_l16_vgg16.pth,/home/595/sl9144/codes/snn_simulation/important_results/pre_input_if_noise/cifar10_vgg16_three_regs/no_regularization/seed_42/noise_sweep_matrix_cifar10_vgg16_T16_mode_rate_uniform_schedule_normal_seed_42.csv
cifar10,vgg16,no_regularization,no regularization,,0.0,42,16,16,rate_uniform,1.0,89.28,cifar10-checkpoints/vgg16_L[16]_strict_seed42_schemeC_noout_none_l16_vgg16.pth,/home/595/sl9144/codes/snn_simulation/important_results/pre_input_if_noise/cifar10_vgg16_three_regs/no_regularization/seed_42/noise_sweep_matrix_cifar10_vgg16_T16_mode_rate_uniform_schedule_normal_seed_42.csv
cifar10,vgg16,no_regularization,no regularization,,0.0,43,16,16,rate_uniform,0.0,90.02,cifar10-checkpoints/vgg16_L[16]_strict_seed43_schemeC_noout_none_l16_vgg16.pth,/home/595/sl9144/codes/snn_simulation/important_results/pre_input_if_noise/cifar10_vgg16_three_regs/no_regularization/seed_43/noise_sweep_matrix_cifar10_vgg16_T16_mode_rate_uniform_schedule_normal_seed_43.csv
cifar10,vgg16,no_regularization,no regularization,,0.0,43,16,16,rate_uniform,0.05,89.92,cifar10-checkpoints/vgg16_L[16]_strict_seed43_schemeC_noout_none_l16_vgg16.pth,/home/595/sl9144/codes/snn_simulation/important_results/pre_input_if_noise/cifar10_vgg16_three_regs/no_regularization/seed_43/noise_sweep_matrix_cifar10_vgg16_T16_mode_rate_uniform_schedule_normal_seed_43.csv
cifar10,vgg16,no_regularization,no regularization,,0.0,43,16,16,rate_uniform,0.1,89.92,cifar10-checkpoints/vgg16_L[16]_strict_seed43_schemeC_noout_none_l16_vgg16.pth,/home/595/sl9144/codes/snn_simulation/important_results/pre_input_if_noise/cifar10_vgg16_three_regs/no_regularization/seed_43/noise_sweep_matrix_cifar10_vgg16_T16_mode_rate_uniform_schedule_normal_seed_43.csv
cifar10,vgg16,no_regularization,no regularization,,0.0,43,16,16,rate_uniform,0.15,89.91,cifar10-checkpoints/vgg16_L[16]_strict_seed43_schemeC_noout_none_l16_vgg16.pth,/home/595/sl9144/codes/snn_simulation/important_results/pre_input_if_noise/cifar10_vgg16_three_regs/no_regularization/seed_43/noise_sweep_matrix_cifar10_vgg16_T16_mode_rate_uniform_schedule_normal_seed_43.csv
cifar10,vgg16,no_regularization,no regularization,,0.0,43,16,16,rate_uniform,0.2,89.94,cifar10-checkpoints/vgg16_L[16]_strict_seed43_schemeC_noout_none_l16_vgg16.pth,/home/595/sl9144/codes/snn_simulation/important_results/pre_input_if_noise/cifar10_vgg16_three_regs/no_regularization/seed_43/noise_sweep_matrix_cifar10_vgg16_T16_mode_rate_uniform_schedule_normal_seed_43.csv
cifar10,vgg16,no_regularization,no regularization,,0.0,43,16,16,rate_uniform,0.25,89.76,cifar10-checkpoints/vgg16_L[16]_strict_seed43_schemeC_noout_none_l16_vgg16.pth,/home/595/sl9144/codes/snn_simulation/important_results/pre_input_if_noise/cifar10_vgg16_three_regs/no_regularization/seed_43/noise_sweep_matrix_cifar10_vgg16_T16_mode_rate_uniform_schedule_normal_seed_43.csv
cifar10,vgg16,no_regularization,no regularization,,0.0,43,16,16,rate_uniform,0.3,89.89,cifar10-checkpoints/vgg16_L[16]_strict_seed43_schemeC_noout_none_l16_vgg16.pth,/home/595/sl9144/codes/snn_simulation/important_results/pre_input_if_noise/cifar10_vgg16_three_regs/no_regularization/seed_43/noise_sweep_matrix_cifar10_vgg16_T16_mode_rate_uniform_schedule_normal_seed_43.csv
cifar10,vgg16,no_regularization,no regularization,,0.0,43,16,16,rate_uniform,0.35,89.95,cifar10-checkpoints/vgg16_L[16]_strict_seed43_schemeC_noout_none_l16_vgg16.pth,/home/595/sl9144/codes/snn_simulation/important_results/pre_input_if_noise/cifar10_vgg16_three_regs/no_regularization/seed_43/noise_sweep_matrix_cifar10_vgg16_T16_mode_rate_uniform_schedule_normal_seed_43.csv
cifar10,vgg16,no_regularization,no regularization,,0.0,43,16,16,rate_uniform,0.4,89.82,cifar10-checkpoints/vgg16_L[16]_strict_seed43_schemeC_noout_none_l16_vgg16.pth,/home/595/sl9144/codes/snn_simulation/important_results/pre_input_if_noise/cifar10_vgg16_three_regs/no_regularization/seed_43/noise_sweep_matrix_cifar10_vgg16_T16_mode_rate_uniform_schedule_normal_seed_43.csv
cifar10,vgg16,no_regularization,no regularization,,0.0,43,16,16,rate_uniform,0.45,89.83,cifar10-checkpoints/vgg16_L[16]_strict_seed43_schemeC_noout_none_l16_vgg16.pth,/home/595/sl9144/codes/snn_simulation/important_results/pre_input_if_noise/cifar10_vgg16_three_regs/no_regularization/seed_43/noise_sweep_matrix_cifar10_vgg16_T16_mode_rate_uniform_schedule_normal_seed_43.csv
cifar10,vgg16,no_regularization,no regularization,,0.0,43,16,16,rate_uniform,0.5,89.84,cifar10-checkpoints/vgg16_L[16]_strict_seed43_schemeC_noout_none_l16_vgg16.pth,/home/595/sl9144/codes/snn_simulation/important_results/pre_input_if_noise/cifar10_vgg16_three_regs/no_regularization/seed_43/noise_sweep_matrix_cifar10_vgg16_T16_mode_rate_uniform_schedule_normal_seed_43.csv
cifar10,vgg16,no_regularization,no regularization,,0.0,43,16,16,rate_uniform,0.55,89.72,cifar10-checkpoints/vgg16_L[16]_strict_seed43_schemeC_noout_none_l16_vgg16.pth,/home/595/sl9144/codes/snn_simulation/important_results/pre_input_if_noise/cifar10_vgg16_three_regs/no_regularization/seed_43/noise_sweep_matrix_cifar10_vgg16_T16_mode_rate_uniform_schedule_normal_seed_43.csv
cifar10,vgg16,no_regularization,no regularization,,0.0,43,16,16,rate_uniform,0.6,89.83,cifar10-checkpoints/vgg16_L[16]_strict_seed43_schemeC_noout_none_l16_vgg16.pth,/home/595/sl9144/codes/snn_simulation/important_results/pre_input_if_noise/cifar10_vgg16_three_regs/no_regularization/seed_43/noise_sweep_matrix_cifar10_vgg16_T16_mode_rate_uniform_schedule_normal_seed_43.csv
cifar10,vgg16,no_regularization,no regularization,,0.0,43,16,16,rate_uniform,0.65,89.81,cifar10-checkpoints/vgg16_L[16]_strict_seed43_schemeC_noout_none_l16_vgg16.pth,/home/595/sl9144/codes/snn_simulation/important_results/pre_input_if_noise/cifar10_vgg16_three_regs/no_regularization/seed_43/noise_sweep_matrix_cifar10_vgg16_T16_mode_rate_uniform_schedule_normal_seed_43.csv
cifar10,vgg16,no_regularization,no regularization,,0.0,43,16,16,rate_uniform,0.7,89.62,cifar10-checkpoints/vgg16_L[16]_strict_seed43_schemeC_noout_none_l16_vgg16.pth,/home/595/sl9144/codes/snn_simulation/important_results/pre_input_if_noise/cifar10_vgg16_three_regs/no_regularization/seed_43/noise_sweep_matrix_cifar10_vgg16_T16_mode_rate_uniform_schedule_normal_seed_43.csv
cifar10,vgg16,no_regularization,no regularization,,0.0,43,16,16,rate_uniform,0.75,89.56,cifar10-checkpoints/vgg16_L[16]_strict_seed43_schemeC_noout_none_l16_vgg16.pth,/home/595/sl9144/codes/snn_simulation/important_results/pre_input_if_noise/cifar10_vgg16_three_regs/no_regularization/seed_43/noise_sweep_matrix_cifar10_vgg16_T16_mode_rate_uniform_schedule_normal_seed_43.csv
cifar10,vgg16,no_regularization,no regularization,,0.0,43,16,16,rate_uniform,0.8,89.46,cifar10-checkpoints/vgg16_L[16]_strict_seed43_schemeC_noout_none_l16_vgg16.pth,/home/595/sl9144/codes/snn_simulation/important_results/pre_input_if_noise/cifar10_vgg16_three_regs/no_regularization/seed_43/noise_sweep_matrix_cifar10_vgg16_T16_mode_rate_uniform_schedule_normal_seed_43.csv
cifar10,vgg16,no_regularization,no regularization,,0.0,43,16,16,rate_uniform,0.85,89.46,cifar10-checkpoints/vgg16_L[16]_strict_seed43_schemeC_noout_none_l16_vgg16.pth,/home/595/sl9144/codes/snn_simulation/important_results/pre_input_if_noise/cifar10_vgg16_three_regs/no_regularization/seed_43/noise_sweep_matrix_cifar10_vgg16_T16_mode_rate_uniform_schedule_normal_seed_43.csv
cifar10,vgg16,no_regularization,no regularization,,0.0,43,16,16,rate_uniform,0.9,89.4,cifar10-checkpoints/vgg16_L[16]_strict_seed43_schemeC_noout_none_l16_vgg16.pth,/home/595/sl9144/codes/snn_simulation/important_results/pre_input_if_noise/cifar10_vgg16_three_regs/no_regularization/seed_43/noise_sweep_matrix_cifar10_vgg16_T16_mode_rate_uniform_schedule_normal_seed_43.csv
cifar10,vgg16,no_regularization,no regularization,,0.0,43,16,16,rate_uniform,0.95,89.27,cifar10-checkpoints/vgg16_L[16]_strict_seed43_schemeC_noout_none_l16_vgg16.pth,/home/595/sl9144/codes/snn_simulation/important_results/pre_input_if_noise/cifar10_vgg16_three_regs/no_regularization/seed_43/noise_sweep_matrix_cifar10_vgg16_T16_mode_rate_uniform_schedule_normal_seed_43.csv
cifar10,vgg16,no_regularization,no regularization,,0.0,43,16,16,rate_uniform,1.0,89.08,cifar10-checkpoints/vgg16_L[16]_strict_seed43_schemeC_noout_none_l16_vgg16.pth,/home/595/sl9144/codes/snn_simulation/important_results/pre_input_if_noise/cifar10_vgg16_three_regs/no_regularization/seed_43/noise_sweep_matrix_cifar10_vgg16_T16_mode_rate_uniform_schedule_normal_seed_43.csv
cifar10,vgg16,no_regularization,no regularization,,0.0,44,16,16,rate_uniform,0.0,84.89,cifar10-checkpoints/vgg16_L[16]_strict_seed44_schemeC_noout_none_l16_vgg16.pth,/home/595/sl9144/codes/snn_simulation/important_results/pre_input_if_noise/cifar10_vgg16_three_regs/no_regularization/seed_44/noise_sweep_matrix_cifar10_vgg16_T16_mode_rate_uniform_schedule_normal_seed_44.csv
cifar10,vgg16,no_regularization,no regularization,,0.0,44,16,16,rate_uniform,0.05,84.82,cifar10-checkpoints/vgg16_L[16]_strict_seed44_schemeC_noout_none_l16_vgg16.pth,/home/595/sl9144/codes/snn_simulation/important_results/pre_input_if_noise/cifar10_vgg16_three_regs/no_regularization/seed_44/noise_sweep_matrix_cifar10_vgg16_T16_mode_rate_uniform_schedule_normal_seed_44.csv
cifar10,vgg16,no_regularization,no regularization,,0.0,44,16,16,rate_uniform,0.1,84.83,cifar10-checkpoints/vgg16_L[16]_strict_seed44_schemeC_noout_none_l16_vgg16.pth,/home/595/sl9144/codes/snn_simulation/important_results/pre_input_if_noise/cifar10_vgg16_three_regs/no_regularization/seed_44/noise_sweep_matrix_cifar10_vgg16_T16_mode_rate_uniform_schedule_normal_seed_44.csv
cifar10,vgg16,no_regularization,no regularization,,0.0,44,16,16,rate_uniform,0.15,84.75,cifar10-checkpoints/vgg16_L[16]_strict_seed44_schemeC_noout_none_l16_vgg16.pth,/home/595/sl9144/codes/snn_simulation/important_results/pre_input_if_noise/cifar10_vgg16_three_regs/no_regularization/seed_44/noise_sweep_matrix_cifar10_vgg16_T16_mode_rate_uniform_schedule_normal_seed_44.csv
cifar10,vgg16,no_regularization,no regularization,,0.0,44,16,16,rate_uniform,0.2,84.67,cifar10-checkpoints/vgg16_L[16]_strict_seed44_schemeC_noout_none_l16_vgg16.pth,/home/595/sl9144/codes/snn_simulation/important_results/pre_input_if_noise/cifar10_vgg16_three_regs/no_regularization/seed_44/noise_sweep_matrix_cifar10_vgg16_T16_mode_rate_uniform_schedule_normal_seed_44.csv
cifar10,vgg16,no_regularization,no regularization,,0.0,44,16,16,rate_uniform,0.25,84.75,cifar10-checkpoints/vgg16_L[16]_strict_seed44_schemeC_noout_none_l16_vgg16.pth,/home/595/sl9144/codes/snn_simulation/important_results/pre_input_if_noise/cifar10_vgg16_three_regs/no_regularization/seed_44/noise_sweep_matrix_cifar10_vgg16_T16_mode_rate_uniform_schedule_normal_seed_44.csv
cifar10,vgg16,no_regularization,no regularization,,0.0,44,16,16,rate_uniform,0.3,84.85,cifar10-checkpoints/vgg16_L[16]_strict_seed44_schemeC_noout_none_l16_vgg16.pth,/home/595/sl9144/codes/snn_simulation/important_results/pre_input_if_noise/cifar10_vgg16_three_regs/no_regularization/seed_44/noise_sweep_matrix_cifar10_vgg16_T16_mode_rate_uniform_schedule_normal_seed_44.csv
cifar10,vgg16,no_regularization,no regularization,,0.0,44,16,16,rate_uniform,0.35,84.69,cifar10-checkpoints/vgg16_L[16]_strict_seed44_schemeC_noout_none_l16_vgg16.pth,/home/595/sl9144/codes/snn_simulation/important_results/pre_input_if_noise/cifar10_vgg16_three_regs/no_regularization/seed_44/noise_sweep_matrix_cifar10_vgg16_T16_mode_rate_uniform_schedule_normal_seed_44.csv
cifar10,vgg16,no_regularization,no regularization,,0.0,44,16,16,rate_uniform,0.4,84.71,cifar10-checkpoints/vgg16_L[16]_strict_seed44_schemeC_noout_none_l16_vgg16.pth,/home/595/sl9144/codes/snn_simulation/important_results/pre_input_if_noise/cifar10_vgg16_three_regs/no_regularization/seed_44/noise_sweep_matrix_cifar10_vgg16_T16_mode_rate_uniform_schedule_normal_seed_44.csv
cifar10,vgg16,no_regularization,no regularization,,0.0,44,16,16,rate_uniform,0.45,84.79,cifar10-checkpoints/vgg16_L[16]_strict_seed44_schemeC_noout_none_l16_vgg16.pth,/home/595/sl9144/codes/snn_simulation/important_results/pre_input_if_noise/cifar10_vgg16_three_regs/no_regularization/seed_44/noise_sweep_matrix_cifar10_vgg16_T16_mode_rate_uniform_schedule_normal_seed_44.csv
cifar10,vgg16,no_regularization,no regularization,,0.0,44,16,16,rate_uniform,0.5,84.59,cifar10-checkpoints/vgg16_L[16]_strict_seed44_schemeC_noout_none_l16_vgg16.pth,/home/595/sl9144/codes/snn_simulation/important_results/pre_input_if_noise/cifar10_vgg16_three_regs/no_regularization/seed_44/noise_sweep_matrix_cifar10_vgg16_T16_mode_rate_uniform_schedule_normal_seed_44.csv
cifar10,vgg16,no_regularization,no regularization,,0.0,44,16,16,rate_uniform,0.55,84.73,cifar10-checkpoints/vgg16_L[16]_strict_seed44_schemeC_noout_none_l16_vgg16.pth,/home/595/sl9144/codes/snn_simulation/important_results/pre_input_if_noise/cifar10_vgg16_three_regs/no_regularization/seed_44/noise_sweep_matrix_cifar10_vgg16_T16_mode_rate_uniform_schedule_normal_seed_44.csv
cifar10,vgg16,no_regularization,no regularization,,0.0,44,16,16,rate_uniform,0.6,84.62,cifar10-checkpoints/vgg16_L[16]_strict_seed44_schemeC_noout_none_l16_vgg16.pth,/home/595/sl9144/codes/snn_simulation/important_results/pre_input_if_noise/cifar10_vgg16_three_regs/no_regularization/seed_44/noise_sweep_matrix_cifar10_vgg16_T16_mode_rate_uniform_schedule_normal_seed_44.csv
cifar10,vgg16,no_regularization,no regularization,,0.0,44,16,16,rate_uniform,0.65,84.64,cifar10-checkpoints/vgg16_L[16]_strict_seed44_schemeC_noout_none_l16_vgg16.pth,/home/595/sl9144/codes/snn_simulation/important_results/pre_input_if_noise/cifar10_vgg16_three_regs/no_regularization/seed_44/noise_sweep_matrix_cifar10_vgg16_T16_mode_rate_uniform_schedule_normal_seed_44.csv
cifar10,vgg16,no_regularization,no regularization,,0.0,44,16,16,rate_uniform,0.7,84.63,cifar10-checkpoints/vgg16_L[16]_strict_seed44_schemeC_noout_none_l16_vgg16.pth,/home/595/sl9144/codes/snn_simulation/important_results/pre_input_if_noise/cifar10_vgg16_three_regs/no_regularization/seed_44/noise_sweep_matrix_cifar10_vgg16_T16_mode_rate_uniform_schedule_normal_seed_44.csv
cifar10,vgg16,no_regularization,no regularization,,0.0,44,16,16,rate_uniform,0.75,84.62,cifar10-checkpoints/vgg16_L[16]_strict_seed44_schemeC_noout_none_l16_vgg16.pth,/home/595/sl9144/codes/snn_simulation/important_results/pre_input_if_noise/cifar10_vgg16_three_regs/no_regularization/seed_44/noise_sweep_matrix_cifar10_vgg16_T16_mode_rate_uniform_schedule_normal_seed_44.csv
cifar10,vgg16,no_regularization,no regularization,,0.0,44,16,16,rate_uniform,0.8,84.55,cifar10-checkpoints/vgg16_L[16]_strict_seed44_schemeC_noout_none_l16_vgg16.pth,/home/595/sl9144/codes/snn_simulation/important_results/pre_input_if_noise/cifar10_vgg16_three_regs/no_regularization/seed_44/noise_sweep_matrix_cifar10_vgg16_T16_mode_rate_uniform_schedule_normal_seed_44.csv
cifar10,vgg16,no_regularization,no regularization,,0.0,44,16,16,rate_uniform,0.85,84.58,cifar10-checkpoints/vgg16_L[16]_strict_seed44_schemeC_noout_none_l16_vgg16.pth,/home/595/sl9144/codes/snn_simulation/important_results/pre_input_if_noise/cifar10_vgg16_three_regs/no_regularization/seed_44/noise_sweep_matrix_cifar10_vgg16_T16_mode_rate_uniform_schedule_normal_seed_44.csv
cifar10,vgg16,no_regularization,no regularization,,0.0,44,16,16,rate_uniform,0.9,84.44,cifar10-checkpoints/vgg16_L[16]_strict_seed44_schemeC_noout_none_l16_vgg16.pth,/home/595/sl9144/codes/snn_simulation/important_results/pre_input_if_noise/cifar10_vgg16_three_regs/no_regularization/seed_44/noise_sweep_matrix_cifar10_vgg16_T16_mode_rate_uniform_schedule_normal_seed_44.csv
cifar10,vgg16,no_regularization,no regularization,,0.0,44,16,16,rate_uniform,0.95,84.6,cifar10-checkpoints/vgg16_L[16]_strict_seed44_schemeC_noout_none_l16_vgg16.pth,/home/595/sl9144/codes/snn_simulation/important_results/pre_input_if_noise/cifar10_vgg16_three_regs/no_regularization/seed_44/noise_sweep_matrix_cifar10_vgg16_T16_mode_rate_uniform_schedule_normal_seed_44.csv
cifar10,vgg16,no_regularization,no regularization,,0.0,44,16,16,rate_uniform,1.0,84.41,cifar10-checkpoints/vgg16_L[16]_strict_seed44_schemeC_noout_none_l16_vgg16.pth,/home/595/sl9144/codes/snn_simulation/important_results/pre_input_if_noise/cifar10_vgg16_three_regs/no_regularization/seed_44/noise_sweep_matrix_cifar10_vgg16_T16_mode_rate_uniform_schedule_normal_seed_44.csv
