arch,hidden_size,regularizer,if_mode,L,T,seed,sigma,acc,checkpoint,matrix_csv
fc3rev_h8,8,mne_l2,rate_uniform,16,16,40,0.00,78.940000,,important results/fashion_mnist_fc3rev_three_regs/noise_sweep_rate_uniform_L16_T16/fc3rev_h8/mne_l2/seed_40/noise_sweep_matrix_fashion_mnist_fc3rev_h8_T16_mode_rate_uniform_schedule_normal_seed_40.csv
fc3rev_h8,8,mne_l2,rate_uniform,16,16,40,0.05,78.860000,,important results/fashion_mnist_fc3rev_three_regs/noise_sweep_rate_uniform_L16_T16/fc3rev_h8/mne_l2/seed_40/noise_sweep_matrix_fashion_mnist_fc3rev_h8_T16_mode_rate_uniform_schedule_normal_seed_40.csv
fc3rev_h8,8,mne_l2,rate_uniform,16,16,40,0.10,78.840000,,important results/fashion_mnist_fc3rev_three_regs/noise_sweep_rate_uniform_L16_T16/fc3rev_h8/mne_l2/seed_40/noise_sweep_matrix_fashion_mnist_fc3rev_h8_T16_mode_rate_uniform_schedule_normal_seed_40.csv
fc3rev_h8,8,mne_l2,rate_uniform,16,16,40,0.15,78.740000,,important results/fashion_mnist_fc3rev_three_regs/noise_sweep_rate_uniform_L16_T16/fc3rev_h8/mne_l2/seed_40/noise_sweep_matrix_fashion_mnist_fc3rev_h8_T16_mode_rate_uniform_schedule_normal_seed_40.csv
fc3rev_h8,8,mne_l2,rate_uniform,16,16,40,0.20,79.000000,,important results/fashion_mnist_fc3rev_three_regs/noise_sweep_rate_uniform_L16_T16/fc3rev_h8/mne_l2/seed_40/noise_sweep_matrix_fashion_mnist_fc3rev_h8_T16_mode_rate_uniform_schedule_normal_seed_40.csv
fc3rev_h8,8,mne_l2,rate_uniform,16,16,40,0.25,78.710000,,important results/fashion_mnist_fc3rev_three_regs/noise_sweep_rate_uniform_L16_T16/fc3rev_h8/mne_l2/seed_40/noise_sweep_matrix_fashion_mnist_fc3rev_h8_T16_mode_rate_uniform_schedule_normal_seed_40.csv
fc3rev_h8,8,mne_l2,rate_uniform,16,16,40,0.30,78.540000,,important results/fashion_mnist_fc3rev_three_regs/noise_sweep_rate_uniform_L16_T16/fc3rev_h8/mne_l2/seed_40/noise_sweep_matrix_fashion_mnist_fc3rev_h8_T16_mode_rate_uniform_schedule_normal_seed_40.csv
fc3rev_h8,8,mne_l2,rate_uniform,16,16,40,0.35,78.570000,,important results/fashion_mnist_fc3rev_three_regs/noise_sweep_rate_uniform_L16_T16/fc3rev_h8/mne_l2/seed_40/noise_sweep_matrix_fashion_mnist_fc3rev_h8_T16_mode_rate_uniform_schedule_normal_seed_40.csv
fc3rev_h8,8,mne_l2,rate_uniform,16,16,40,0.40,78.560000,,important results/fashion_mnist_fc3rev_three_regs/noise_sweep_rate_uniform_L16_T16/fc3rev_h8/mne_l2/seed_40/noise_sweep_matrix_fashion_mnist_fc3rev_h8_T16_mode_rate_uniform_schedule_normal_seed_40.csv
fc3rev_h8,8,mne_l2,rate_uniform,16,16,40,0.45,78.440000,,important results/fashion_mnist_fc3rev_three_regs/noise_sweep_rate_uniform_L16_T16/fc3rev_h8/mne_l2/seed_40/noise_sweep_matrix_fashion_mnist_fc3rev_h8_T16_mode_rate_uniform_schedule_normal_seed_40.csv
fc3rev_h8,8,mne_l2,rate_uniform,16,16,40,0.50,78.610000,,important results/fashion_mnist_fc3rev_three_regs/noise_sweep_rate_uniform_L16_T16/fc3rev_h8/mne_l2/seed_40/noise_sweep_matrix_fashion_mnist_fc3rev_h8_T16_mode_rate_uniform_schedule_normal_seed_40.csv
fc3rev_h8,8,mne_l2,rate_uniform,16,16,40,0.55,78.780000,,important results/fashion_mnist_fc3rev_three_regs/noise_sweep_rate_uniform_L16_T16/fc3rev_h8/mne_l2/seed_40/noise_sweep_matrix_fashion_mnist_fc3rev_h8_T16_mode_rate_uniform_schedule_normal_seed_40.csv
fc3rev_h8,8,mne_l2,rate_uniform,16,16,40,0.60,78.270000,,important results/fashion_mnist_fc3rev_three_regs/noise_sweep_rate_uniform_L16_T16/fc3rev_h8/mne_l2/seed_40/noise_sweep_matrix_fashion_mnist_fc3rev_h8_T16_mode_rate_uniform_schedule_normal_seed_40.csv
fc3rev_h8,8,mne_l2,rate_uniform,16,16,40,0.65,78.520000,,important results/fashion_mnist_fc3rev_three_regs/noise_sweep_rate_uniform_L16_T16/fc3rev_h8/mne_l2/seed_40/noise_sweep_matrix_fashion_mnist_fc3rev_h8_T16_mode_rate_uniform_schedule_normal_seed_40.csv
fc3rev_h8,8,mne_l2,rate_uniform,16,16,40,0.70,78.010000,,important results/fashion_mnist_fc3rev_three_regs/noise_sweep_rate_uniform_L16_T16/fc3rev_h8/mne_l2/seed_40/noise_sweep_matrix_fashion_mnist_fc3rev_h8_T16_mode_rate_uniform_schedule_normal_seed_40.csv
fc3rev_h8,8,mne_l2,rate_uniform,16,16,40,0.75,78.200000,,important results/fashion_mnist_fc3rev_three_regs/noise_sweep_rate_uniform_L16_T16/fc3rev_h8/mne_l2/seed_40/noise_sweep_matrix_fashion_mnist_fc3rev_h8_T16_mode_rate_uniform_schedule_normal_seed_40.csv
fc3rev_h8,8,mne_l2,rate_uniform,16,16,40,0.80,78.300000,,important results/fashion_mnist_fc3rev_three_regs/noise_sweep_rate_uniform_L16_T16/fc3rev_h8/mne_l2/seed_40/noise_sweep_matrix_fashion_mnist_fc3rev_h8_T16_mode_rate_uniform_schedule_normal_seed_40.csv
fc3rev_h8,8,mne_l2,rate_uniform,16,16,40,0.85,77.930000,,important results/fashion_mnist_fc3rev_three_regs/noise_sweep_rate_uniform_L16_T16/fc3rev_h8/mne_l2/seed_40/noise_sweep_matrix_fashion_mnist_fc3rev_h8_T16_mode_rate_uniform_schedule_normal_seed_40.csv
fc3rev_h8,8,mne_l2,rate_uniform,16,16,40,0.90,78.390000,,important results/fashion_mnist_fc3rev_three_regs/noise_sweep_rate_uniform_L16_T16/fc3rev_h8/mne_l2/seed_40/noise_sweep_matrix_fashion_mnist_fc3rev_h8_T16_mode_rate_uniform_schedule_normal_seed_40.csv
fc3rev_h8,8,mne_l2,rate_uniform,16,16,40,0.95,77.650000,,important results/fashion_mnist_fc3rev_three_regs/noise_sweep_rate_uniform_L16_T16/fc3rev_h8/mne_l2/seed_40/noise_sweep_matrix_fashion_mnist_fc3rev_h8_T16_mode_rate_uniform_schedule_normal_seed_40.csv
fc3rev_h8,8,mne_l2,rate_uniform,16,16,40,1.00,77.940000,,important results/fashion_mnist_fc3rev_three_regs/noise_sweep_rate_uniform_L16_T16/fc3rev_h8/mne_l2/seed_40/noise_sweep_matrix_fashion_mnist_fc3rev_h8_T16_mode_rate_uniform_schedule_normal_seed_40.csv
fc3rev_h8,8,mne_l2,rate_uniform,16,16,41,0.00,81.420000,,important results/fashion_mnist_fc3rev_three_regs/noise_sweep_rate_uniform_L16_T16/fc3rev_h8/mne_l2/seed_41/noise_sweep_matrix_fashion_mnist_fc3rev_h8_T16_mode_rate_uniform_schedule_normal_seed_41.csv
fc3rev_h8,8,mne_l2,rate_uniform,16,16,41,0.05,81.240000,,important results/fashion_mnist_fc3rev_three_regs/noise_sweep_rate_uniform_L16_T16/fc3rev_h8/mne_l2/seed_41/noise_sweep_matrix_fashion_mnist_fc3rev_h8_T16_mode_rate_uniform_schedule_normal_seed_41.csv
fc3rev_h8,8,mne_l2,rate_uniform,16,16,41,0.10,81.250000,,important results/fashion_mnist_fc3rev_three_regs/noise_sweep_rate_uniform_L16_T16/fc3rev_h8/mne_l2/seed_41/noise_sweep_matrix_fashion_mnist_fc3rev_h8_T16_mode_rate_uniform_schedule_normal_seed_41.csv
fc3rev_h8,8,mne_l2,rate_uniform,16,16,41,0.15,81.370000,,important results/fashion_mnist_fc3rev_three_regs/noise_sweep_rate_uniform_L16_T16/fc3rev_h8/mne_l2/seed_41/noise_sweep_matrix_fashion_mnist_fc3rev_h8_T16_mode_rate_uniform_schedule_normal_seed_41.csv
fc3rev_h8,8,mne_l2,rate_uniform,16,16,41,0.20,81.150000,,important results/fashion_mnist_fc3rev_three_regs/noise_sweep_rate_uniform_L16_T16/fc3rev_h8/mne_l2/seed_41/noise_sweep_matrix_fashion_mnist_fc3rev_h8_T16_mode_rate_uniform_schedule_normal_seed_41.csv
fc3rev_h8,8,mne_l2,rate_uniform,16,16,41,0.25,81.340000,,important results/fashion_mnist_fc3rev_three_regs/noise_sweep_rate_uniform_L16_T16/fc3rev_h8/mne_l2/seed_41/noise_sweep_matrix_fashion_mnist_fc3rev_h8_T16_mode_rate_uniform_schedule_normal_seed_41.csv
fc3rev_h8,8,mne_l2,rate_uniform,16,16,41,0.30,81.130000,,important results/fashion_mnist_fc3rev_three_regs/noise_sweep_rate_uniform_L16_T16/fc3rev_h8/mne_l2/seed_41/noise_sweep_matrix_fashion_mnist_fc3rev_h8_T16_mode_rate_uniform_schedule_normal_seed_41.csv
fc3rev_h8,8,mne_l2,rate_uniform,16,16,41,0.35,80.910000,,important results/fashion_mnist_fc3rev_three_regs/noise_sweep_rate_uniform_L16_T16/fc3rev_h8/mne_l2/seed_41/noise_sweep_matrix_fashion_mnist_fc3rev_h8_T16_mode_rate_uniform_schedule_normal_seed_41.csv
fc3rev_h8,8,mne_l2,rate_uniform,16,16,41,0.40,81.250000,,important results/fashion_mnist_fc3rev_three_regs/noise_sweep_rate_uniform_L16_T16/fc3rev_h8/mne_l2/seed_41/noise_sweep_matrix_fashion_mnist_fc3rev_h8_T16_mode_rate_uniform_schedule_normal_seed_41.csv
fc3rev_h8,8,mne_l2,rate_uniform,16,16,41,0.45,81.090000,,important results/fashion_mnist_fc3rev_three_regs/noise_sweep_rate_uniform_L16_T16/fc3rev_h8/mne_l2/seed_41/noise_sweep_matrix_fashion_mnist_fc3rev_h8_T16_mode_rate_uniform_schedule_normal_seed_41.csv
fc3rev_h8,8,mne_l2,rate_uniform,16,16,41,0.50,80.900000,,important results/fashion_mnist_fc3rev_three_regs/noise_sweep_rate_uniform_L16_T16/fc3rev_h8/mne_l2/seed_41/noise_sweep_matrix_fashion_mnist_fc3rev_h8_T16_mode_rate_uniform_schedule_normal_seed_41.csv
fc3rev_h8,8,mne_l2,rate_uniform,16,16,41,0.55,80.680000,,important results/fashion_mnist_fc3rev_three_regs/noise_sweep_rate_uniform_L16_T16/fc3rev_h8/mne_l2/seed_41/noise_sweep_matrix_fashion_mnist_fc3rev_h8_T16_mode_rate_uniform_schedule_normal_seed_41.csv
fc3rev_h8,8,mne_l2,rate_uniform,16,16,41,0.60,80.940000,,important results/fashion_mnist_fc3rev_three_regs/noise_sweep_rate_uniform_L16_T16/fc3rev_h8/mne_l2/seed_41/noise_sweep_matrix_fashion_mnist_fc3rev_h8_T16_mode_rate_uniform_schedule_normal_seed_41.csv
fc3rev_h8,8,mne_l2,rate_uniform,16,16,41,0.65,80.830000,,important results/fashion_mnist_fc3rev_three_regs/noise_sweep_rate_uniform_L16_T16/fc3rev_h8/mne_l2/seed_41/noise_sweep_matrix_fashion_mnist_fc3rev_h8_T16_mode_rate_uniform_schedule_normal_seed_41.csv
fc3rev_h8,8,mne_l2,rate_uniform,16,16,41,0.70,80.300000,,important results/fashion_mnist_fc3rev_three_regs/noise_sweep_rate_uniform_L16_T16/fc3rev_h8/mne_l2/seed_41/noise_sweep_matrix_fashion_mnist_fc3rev_h8_T16_mode_rate_uniform_schedule_normal_seed_41.csv
fc3rev_h8,8,mne_l2,rate_uniform,16,16,41,0.75,80.350000,,important results/fashion_mnist_fc3rev_three_regs/noise_sweep_rate_uniform_L16_T16/fc3rev_h8/mne_l2/seed_41/noise_sweep_matrix_fashion_mnist_fc3rev_h8_T16_mode_rate_uniform_schedule_normal_seed_41.csv
fc3rev_h8,8,mne_l2,rate_uniform,16,16,41,0.80,80.440000,,important results/fashion_mnist_fc3rev_three_regs/noise_sweep_rate_uniform_L16_T16/fc3rev_h8/mne_l2/seed_41/noise_sweep_matrix_fashion_mnist_fc3rev_h8_T16_mode_rate_uniform_schedule_normal_seed_41.csv
fc3rev_h8,8,mne_l2,rate_uniform,16,16,41,0.85,80.410000,,important results/fashion_mnist_fc3rev_three_regs/noise_sweep_rate_uniform_L16_T16/fc3rev_h8/mne_l2/seed_41/noise_sweep_matrix_fashion_mnist_fc3rev_h8_T16_mode_rate_uniform_schedule_normal_seed_41.csv
fc3rev_h8,8,mne_l2,rate_uniform,16,16,41,0.90,79.850000,,important results/fashion_mnist_fc3rev_three_regs/noise_sweep_rate_uniform_L16_T16/fc3rev_h8/mne_l2/seed_41/noise_sweep_matrix_fashion_mnist_fc3rev_h8_T16_mode_rate_uniform_schedule_normal_seed_41.csv
fc3rev_h8,8,mne_l2,rate_uniform,16,16,41,0.95,79.750000,,important results/fashion_mnist_fc3rev_three_regs/noise_sweep_rate_uniform_L16_T16/fc3rev_h8/mne_l2/seed_41/noise_sweep_matrix_fashion_mnist_fc3rev_h8_T16_mode_rate_uniform_schedule_normal_seed_41.csv
fc3rev_h8,8,mne_l2,rate_uniform,16,16,41,1.00,79.840000,,important results/fashion_mnist_fc3rev_three_regs/noise_sweep_rate_uniform_L16_T16/fc3rev_h8/mne_l2/seed_41/noise_sweep_matrix_fashion_mnist_fc3rev_h8_T16_mode_rate_uniform_schedule_normal_seed_41.csv
fc3rev_h8,8,mne_l2,rate_uniform,16,16,42,0.00,80.080000,,important results/fashion_mnist_fc3rev_three_regs/noise_sweep_rate_uniform_L16_T16/fc3rev_h8/mne_l2/seed_42/noise_sweep_matrix_fashion_mnist_fc3rev_h8_T16_mode_rate_uniform_schedule_normal_seed_42.csv
fc3rev_h8,8,mne_l2,rate_uniform,16,16,42,0.05,80.120000,,important results/fashion_mnist_fc3rev_three_regs/noise_sweep_rate_uniform_L16_T16/fc3rev_h8/mne_l2/seed_42/noise_sweep_matrix_fashion_mnist_fc3rev_h8_T16_mode_rate_uniform_schedule_normal_seed_42.csv
fc3rev_h8,8,mne_l2,rate_uniform,16,16,42,0.10,80.110000,,important results/fashion_mnist_fc3rev_three_regs/noise_sweep_rate_uniform_L16_T16/fc3rev_h8/mne_l2/seed_42/noise_sweep_matrix_fashion_mnist_fc3rev_h8_T16_mode_rate_uniform_schedule_normal_seed_42.csv
fc3rev_h8,8,mne_l2,rate_uniform,16,16,42,0.15,79.930000,,important results/fashion_mnist_fc3rev_three_regs/noise_sweep_rate_uniform_L16_T16/fc3rev_h8/mne_l2/seed_42/noise_sweep_matrix_fashion_mnist_fc3rev_h8_T16_mode_rate_uniform_schedule_normal_seed_42.csv
fc3rev_h8,8,mne_l2,rate_uniform,16,16,42,0.20,80.040000,,important results/fashion_mnist_fc3rev_three_regs/noise_sweep_rate_uniform_L16_T16/fc3rev_h8/mne_l2/seed_42/noise_sweep_matrix_fashion_mnist_fc3rev_h8_T16_mode_rate_uniform_schedule_normal_seed_42.csv
fc3rev_h8,8,mne_l2,rate_uniform,16,16,42,0.25,80.090000,,important results/fashion_mnist_fc3rev_three_regs/noise_sweep_rate_uniform_L16_T16/fc3rev_h8/mne_l2/seed_42/noise_sweep_matrix_fashion_mnist_fc3rev_h8_T16_mode_rate_uniform_schedule_normal_seed_42.csv
fc3rev_h8,8,mne_l2,rate_uniform,16,16,42,0.30,79.830000,,important results/fashion_mnist_fc3rev_three_regs/noise_sweep_rate_uniform_L16_T16/fc3rev_h8/mne_l2/seed_42/noise_sweep_matrix_fashion_mnist_fc3rev_h8_T16_mode_rate_uniform_schedule_normal_seed_42.csv
fc3rev_h8,8,mne_l2,rate_uniform,16,16,42,0.35,79.580000,,important results/fashion_mnist_fc3rev_three_regs/noise_sweep_rate_uniform_L16_T16/fc3rev_h8/mne_l2/seed_42/noise_sweep_matrix_fashion_mnist_fc3rev_h8_T16_mode_rate_uniform_schedule_normal_seed_42.csv
fc3rev_h8,8,mne_l2,rate_uniform,16,16,42,0.40,79.810000,,important results/fashion_mnist_fc3rev_three_regs/noise_sweep_rate_uniform_L16_T16/fc3rev_h8/mne_l2/seed_42/noise_sweep_matrix_fashion_mnist_fc3rev_h8_T16_mode_rate_uniform_schedule_normal_seed_42.csv
fc3rev_h8,8,mne_l2,rate_uniform,16,16,42,0.45,79.690000,,important results/fashion_mnist_fc3rev_three_regs/noise_sweep_rate_uniform_L16_T16/fc3rev_h8/mne_l2/seed_42/noise_sweep_matrix_fashion_mnist_fc3rev_h8_T16_mode_rate_uniform_schedule_normal_seed_42.csv
fc3rev_h8,8,mne_l2,rate_uniform,16,16,42,0.50,79.470000,,important results/fashion_mnist_fc3rev_three_regs/noise_sweep_rate_uniform_L16_T16/fc3rev_h8/mne_l2/seed_42/noise_sweep_matrix_fashion_mnist_fc3rev_h8_T16_mode_rate_uniform_schedule_normal_seed_42.csv
fc3rev_h8,8,mne_l2,rate_uniform,16,16,42,0.55,79.690000,,important results/fashion_mnist_fc3rev_three_regs/noise_sweep_rate_uniform_L16_T16/fc3rev_h8/mne_l2/seed_42/noise_sweep_matrix_fashion_mnist_fc3rev_h8_T16_mode_rate_uniform_schedule_normal_seed_42.csv
fc3rev_h8,8,mne_l2,rate_uniform,16,16,42,0.60,79.510000,,important results/fashion_mnist_fc3rev_three_regs/noise_sweep_rate_uniform_L16_T16/fc3rev_h8/mne_l2/seed_42/noise_sweep_matrix_fashion_mnist_fc3rev_h8_T16_mode_rate_uniform_schedule_normal_seed_42.csv
fc3rev_h8,8,mne_l2,rate_uniform,16,16,42,0.65,79.410000,,important results/fashion_mnist_fc3rev_three_regs/noise_sweep_rate_uniform_L16_T16/fc3rev_h8/mne_l2/seed_42/noise_sweep_matrix_fashion_mnist_fc3rev_h8_T16_mode_rate_uniform_schedule_normal_seed_42.csv
fc3rev_h8,8,mne_l2,rate_uniform,16,16,42,0.70,79.490000,,important results/fashion_mnist_fc3rev_three_regs/noise_sweep_rate_uniform_L16_T16/fc3rev_h8/mne_l2/seed_42/noise_sweep_matrix_fashion_mnist_fc3rev_h8_T16_mode_rate_uniform_schedule_normal_seed_42.csv
fc3rev_h8,8,mne_l2,rate_uniform,16,16,42,0.75,78.940000,,important results/fashion_mnist_fc3rev_three_regs/noise_sweep_rate_uniform_L16_T16/fc3rev_h8/mne_l2/seed_42/noise_sweep_matrix_fashion_mnist_fc3rev_h8_T16_mode_rate_uniform_schedule_normal_seed_42.csv
fc3rev_h8,8,mne_l2,rate_uniform,16,16,42,0.80,78.880000,,important results/fashion_mnist_fc3rev_three_regs/noise_sweep_rate_uniform_L16_T16/fc3rev_h8/mne_l2/seed_42/noise_sweep_matrix_fashion_mnist_fc3rev_h8_T16_mode_rate_uniform_schedule_normal_seed_42.csv
fc3rev_h8,8,mne_l2,rate_uniform,16,16,42,0.85,78.660000,,important results/fashion_mnist_fc3rev_three_regs/noise_sweep_rate_uniform_L16_T16/fc3rev_h8/mne_l2/seed_42/noise_sweep_matrix_fashion_mnist_fc3rev_h8_T16_mode_rate_uniform_schedule_normal_seed_42.csv
fc3rev_h8,8,mne_l2,rate_uniform,16,16,42,0.90,78.500000,,important results/fashion_mnist_fc3rev_three_regs/noise_sweep_rate_uniform_L16_T16/fc3rev_h8/mne_l2/seed_42/noise_sweep_matrix_fashion_mnist_fc3rev_h8_T16_mode_rate_uniform_schedule_normal_seed_42.csv
fc3rev_h8,8,mne_l2,rate_uniform,16,16,42,0.95,78.590000,,important results/fashion_mnist_fc3rev_three_regs/noise_sweep_rate_uniform_L16_T16/fc3rev_h8/mne_l2/seed_42/noise_sweep_matrix_fashion_mnist_fc3rev_h8_T16_mode_rate_uniform_schedule_normal_seed_42.csv
fc3rev_h8,8,mne_l2,rate_uniform,16,16,42,1.00,78.760000,,important results/fashion_mnist_fc3rev_three_regs/noise_sweep_rate_uniform_L16_T16/fc3rev_h8/mne_l2/seed_42/noise_sweep_matrix_fashion_mnist_fc3rev_h8_T16_mode_rate_uniform_schedule_normal_seed_42.csv
fc3rev_h8,8,mne_l2,rate_uniform,16,16,43,0.00,80.380000,,important results/fashion_mnist_fc3rev_three_regs/noise_sweep_rate_uniform_L16_T16/fc3rev_h8/mne_l2/seed_43/noise_sweep_matrix_fashion_mnist_fc3rev_h8_T16_mode_rate_uniform_schedule_normal_seed_43.csv
fc3rev_h8,8,mne_l2,rate_uniform,16,16,43,0.05,80.310000,,important results/fashion_mnist_fc3rev_three_regs/noise_sweep_rate_uniform_L16_T16/fc3rev_h8/mne_l2/seed_43/noise_sweep_matrix_fashion_mnist_fc3rev_h8_T16_mode_rate_uniform_schedule_normal_seed_43.csv
fc3rev_h8,8,mne_l2,rate_uniform,16,16,43,0.10,80.390000,,important results/fashion_mnist_fc3rev_three_regs/noise_sweep_rate_uniform_L16_T16/fc3rev_h8/mne_l2/seed_43/noise_sweep_matrix_fashion_mnist_fc3rev_h8_T16_mode_rate_uniform_schedule_normal_seed_43.csv
fc3rev_h8,8,mne_l2,rate_uniform,16,16,43,0.15,80.190000,,important results/fashion_mnist_fc3rev_three_regs/noise_sweep_rate_uniform_L16_T16/fc3rev_h8/mne_l2/seed_43/noise_sweep_matrix_fashion_mnist_fc3rev_h8_T16_mode_rate_uniform_schedule_normal_seed_43.csv
fc3rev_h8,8,mne_l2,rate_uniform,16,16,43,0.20,80.110000,,important results/fashion_mnist_fc3rev_three_regs/noise_sweep_rate_uniform_L16_T16/fc3rev_h8/mne_l2/seed_43/noise_sweep_matrix_fashion_mnist_fc3rev_h8_T16_mode_rate_uniform_schedule_normal_seed_43.csv
fc3rev_h8,8,mne_l2,rate_uniform,16,16,43,0.25,79.960000,,important results/fashion_mnist_fc3rev_three_regs/noise_sweep_rate_uniform_L16_T16/fc3rev_h8/mne_l2/seed_43/noise_sweep_matrix_fashion_mnist_fc3rev_h8_T16_mode_rate_uniform_schedule_normal_seed_43.csv
fc3rev_h8,8,mne_l2,rate_uniform,16,16,43,0.30,80.090000,,important results/fashion_mnist_fc3rev_three_regs/noise_sweep_rate_uniform_L16_T16/fc3rev_h8/mne_l2/seed_43/noise_sweep_matrix_fashion_mnist_fc3rev_h8_T16_mode_rate_uniform_schedule_normal_seed_43.csv
fc3rev_h8,8,mne_l2,rate_uniform,16,16,43,0.35,79.780000,,important results/fashion_mnist_fc3rev_three_regs/noise_sweep_rate_uniform_L16_T16/fc3rev_h8/mne_l2/seed_43/noise_sweep_matrix_fashion_mnist_fc3rev_h8_T16_mode_rate_uniform_schedule_normal_seed_43.csv
fc3rev_h8,8,mne_l2,rate_uniform,16,16,43,0.40,79.970000,,important results/fashion_mnist_fc3rev_three_regs/noise_sweep_rate_uniform_L16_T16/fc3rev_h8/mne_l2/seed_43/noise_sweep_matrix_fashion_mnist_fc3rev_h8_T16_mode_rate_uniform_schedule_normal_seed_43.csv
fc3rev_h8,8,mne_l2,rate_uniform,16,16,43,0.45,80.240000,,important results/fashion_mnist_fc3rev_three_regs/noise_sweep_rate_uniform_L16_T16/fc3rev_h8/mne_l2/seed_43/noise_sweep_matrix_fashion_mnist_fc3rev_h8_T16_mode_rate_uniform_schedule_normal_seed_43.csv
fc3rev_h8,8,mne_l2,rate_uniform,16,16,43,0.50,79.780000,,important results/fashion_mnist_fc3rev_three_regs/noise_sweep_rate_uniform_L16_T16/fc3rev_h8/mne_l2/seed_43/noise_sweep_matrix_fashion_mnist_fc3rev_h8_T16_mode_rate_uniform_schedule_normal_seed_43.csv
fc3rev_h8,8,mne_l2,rate_uniform,16,16,43,0.55,79.790000,,important results/fashion_mnist_fc3rev_three_regs/noise_sweep_rate_uniform_L16_T16/fc3rev_h8/mne_l2/seed_43/noise_sweep_matrix_fashion_mnist_fc3rev_h8_T16_mode_rate_uniform_schedule_normal_seed_43.csv
fc3rev_h8,8,mne_l2,rate_uniform,16,16,43,0.60,79.890000,,important results/fashion_mnist_fc3rev_three_regs/noise_sweep_rate_uniform_L16_T16/fc3rev_h8/mne_l2/seed_43/noise_sweep_matrix_fashion_mnist_fc3rev_h8_T16_mode_rate_uniform_schedule_normal_seed_43.csv
fc3rev_h8,8,mne_l2,rate_uniform,16,16,43,0.65,79.180000,,important results/fashion_mnist_fc3rev_three_regs/noise_sweep_rate_uniform_L16_T16/fc3rev_h8/mne_l2/seed_43/noise_sweep_matrix_fashion_mnist_fc3rev_h8_T16_mode_rate_uniform_schedule_normal_seed_43.csv
fc3rev_h8,8,mne_l2,rate_uniform,16,16,43,0.70,79.450000,,important results/fashion_mnist_fc3rev_three_regs/noise_sweep_rate_uniform_L16_T16/fc3rev_h8/mne_l2/seed_43/noise_sweep_matrix_fashion_mnist_fc3rev_h8_T16_mode_rate_uniform_schedule_normal_seed_43.csv
fc3rev_h8,8,mne_l2,rate_uniform,16,16,43,0.75,79.110000,,important results/fashion_mnist_fc3rev_three_regs/noise_sweep_rate_uniform_L16_T16/fc3rev_h8/mne_l2/seed_43/noise_sweep_matrix_fashion_mnist_fc3rev_h8_T16_mode_rate_uniform_schedule_normal_seed_43.csv
fc3rev_h8,8,mne_l2,rate_uniform,16,16,43,0.80,79.350000,,important results/fashion_mnist_fc3rev_three_regs/noise_sweep_rate_uniform_L16_T16/fc3rev_h8/mne_l2/seed_43/noise_sweep_matrix_fashion_mnist_fc3rev_h8_T16_mode_rate_uniform_schedule_normal_seed_43.csv
fc3rev_h8,8,mne_l2,rate_uniform,16,16,43,0.85,79.410000,,important results/fashion_mnist_fc3rev_three_regs/noise_sweep_rate_uniform_L16_T16/fc3rev_h8/mne_l2/seed_43/noise_sweep_matrix_fashion_mnist_fc3rev_h8_T16_mode_rate_uniform_schedule_normal_seed_43.csv
fc3rev_h8,8,mne_l2,rate_uniform,16,16,43,0.90,79.180000,,important results/fashion_mnist_fc3rev_three_regs/noise_sweep_rate_uniform_L16_T16/fc3rev_h8/mne_l2/seed_43/noise_sweep_matrix_fashion_mnist_fc3rev_h8_T16_mode_rate_uniform_schedule_normal_seed_43.csv
fc3rev_h8,8,mne_l2,rate_uniform,16,16,43,0.95,79.170000,,important results/fashion_mnist_fc3rev_three_regs/noise_sweep_rate_uniform_L16_T16/fc3rev_h8/mne_l2/seed_43/noise_sweep_matrix_fashion_mnist_fc3rev_h8_T16_mode_rate_uniform_schedule_normal_seed_43.csv
fc3rev_h8,8,mne_l2,rate_uniform,16,16,43,1.00,79.010000,,important results/fashion_mnist_fc3rev_three_regs/noise_sweep_rate_uniform_L16_T16/fc3rev_h8/mne_l2/seed_43/noise_sweep_matrix_fashion_mnist_fc3rev_h8_T16_mode_rate_uniform_schedule_normal_seed_43.csv
fc3rev_h8,8,mne_l2,rate_uniform,16,16,44,0.00,81.050000,,important results/fashion_mnist_fc3rev_three_regs/noise_sweep_rate_uniform_L16_T16/fc3rev_h8/mne_l2/seed_44/noise_sweep_matrix_fashion_mnist_fc3rev_h8_T16_mode_rate_uniform_schedule_normal_seed_44.csv
fc3rev_h8,8,mne_l2,rate_uniform,16,16,44,0.05,81.150000,,important results/fashion_mnist_fc3rev_three_regs/noise_sweep_rate_uniform_L16_T16/fc3rev_h8/mne_l2/seed_44/noise_sweep_matrix_fashion_mnist_fc3rev_h8_T16_mode_rate_uniform_schedule_normal_seed_44.csv
fc3rev_h8,8,mne_l2,rate_uniform,16,16,44,0.10,81.110000,,important results/fashion_mnist_fc3rev_three_regs/noise_sweep_rate_uniform_L16_T16/fc3rev_h8/mne_l2/seed_44/noise_sweep_matrix_fashion_mnist_fc3rev_h8_T16_mode_rate_uniform_schedule_normal_seed_44.csv
fc3rev_h8,8,mne_l2,rate_uniform,16,16,44,0.15,81.100000,,important results/fashion_mnist_fc3rev_three_regs/noise_sweep_rate_uniform_L16_T16/fc3rev_h8/mne_l2/seed_44/noise_sweep_matrix_fashion_mnist_fc3rev_h8_T16_mode_rate_uniform_schedule_normal_seed_44.csv
fc3rev_h8,8,mne_l2,rate_uniform,16,16,44,0.20,81.160000,,important results/fashion_mnist_fc3rev_three_regs/noise_sweep_rate_uniform_L16_T16/fc3rev_h8/mne_l2/seed_44/noise_sweep_matrix_fashion_mnist_fc3rev_h8_T16_mode_rate_uniform_schedule_normal_seed_44.csv
fc3rev_h8,8,mne_l2,rate_uniform,16,16,44,0.25,80.930000,,important results/fashion_mnist_fc3rev_three_regs/noise_sweep_rate_uniform_L16_T16/fc3rev_h8/mne_l2/seed_44/noise_sweep_matrix_fashion_mnist_fc3rev_h8_T16_mode_rate_uniform_schedule_normal_seed_44.csv
fc3rev_h8,8,mne_l2,rate_uniform,16,16,44,0.30,80.630000,,important results/fashion_mnist_fc3rev_three_regs/noise_sweep_rate_uniform_L16_T16/fc3rev_h8/mne_l2/seed_44/noise_sweep_matrix_fashion_mnist_fc3rev_h8_T16_mode_rate_uniform_schedule_normal_seed_44.csv
fc3rev_h8,8,mne_l2,rate_uniform,16,16,44,0.35,80.790000,,important results/fashion_mnist_fc3rev_three_regs/noise_sweep_rate_uniform_L16_T16/fc3rev_h8/mne_l2/seed_44/noise_sweep_matrix_fashion_mnist_fc3rev_h8_T16_mode_rate_uniform_schedule_normal_seed_44.csv
fc3rev_h8,8,mne_l2,rate_uniform,16,16,44,0.40,80.690000,,important results/fashion_mnist_fc3rev_three_regs/noise_sweep_rate_uniform_L16_T16/fc3rev_h8/mne_l2/seed_44/noise_sweep_matrix_fashion_mnist_fc3rev_h8_T16_mode_rate_uniform_schedule_normal_seed_44.csv
fc3rev_h8,8,mne_l2,rate_uniform,16,16,44,0.45,80.750000,,important results/fashion_mnist_fc3rev_three_regs/noise_sweep_rate_uniform_L16_T16/fc3rev_h8/mne_l2/seed_44/noise_sweep_matrix_fashion_mnist_fc3rev_h8_T16_mode_rate_uniform_schedule_normal_seed_44.csv
fc3rev_h8,8,mne_l2,rate_uniform,16,16,44,0.50,80.420000,,important results/fashion_mnist_fc3rev_three_regs/noise_sweep_rate_uniform_L16_T16/fc3rev_h8/mne_l2/seed_44/noise_sweep_matrix_fashion_mnist_fc3rev_h8_T16_mode_rate_uniform_schedule_normal_seed_44.csv
fc3rev_h8,8,mne_l2,rate_uniform,16,16,44,0.55,80.410000,,important results/fashion_mnist_fc3rev_three_regs/noise_sweep_rate_uniform_L16_T16/fc3rev_h8/mne_l2/seed_44/noise_sweep_matrix_fashion_mnist_fc3rev_h8_T16_mode_rate_uniform_schedule_normal_seed_44.csv
fc3rev_h8,8,mne_l2,rate_uniform,16,16,44,0.60,80.580000,,important results/fashion_mnist_fc3rev_three_regs/noise_sweep_rate_uniform_L16_T16/fc3rev_h8/mne_l2/seed_44/noise_sweep_matrix_fashion_mnist_fc3rev_h8_T16_mode_rate_uniform_schedule_normal_seed_44.csv
fc3rev_h8,8,mne_l2,rate_uniform,16,16,44,0.65,80.640000,,important results/fashion_mnist_fc3rev_three_regs/noise_sweep_rate_uniform_L16_T16/fc3rev_h8/mne_l2/seed_44/noise_sweep_matrix_fashion_mnist_fc3rev_h8_T16_mode_rate_uniform_schedule_normal_seed_44.csv
fc3rev_h8,8,mne_l2,rate_uniform,16,16,44,0.70,80.620000,,important results/fashion_mnist_fc3rev_three_regs/noise_sweep_rate_uniform_L16_T16/fc3rev_h8/mne_l2/seed_44/noise_sweep_matrix_fashion_mnist_fc3rev_h8_T16_mode_rate_uniform_schedule_normal_seed_44.csv
fc3rev_h8,8,mne_l2,rate_uniform,16,16,44,0.75,80.300000,,important results/fashion_mnist_fc3rev_three_regs/noise_sweep_rate_uniform_L16_T16/fc3rev_h8/mne_l2/seed_44/noise_sweep_matrix_fashion_mnist_fc3rev_h8_T16_mode_rate_uniform_schedule_normal_seed_44.csv
fc3rev_h8,8,mne_l2,rate_uniform,16,16,44,0.80,80.520000,,important results/fashion_mnist_fc3rev_three_regs/noise_sweep_rate_uniform_L16_T16/fc3rev_h8/mne_l2/seed_44/noise_sweep_matrix_fashion_mnist_fc3rev_h8_T16_mode_rate_uniform_schedule_normal_seed_44.csv
fc3rev_h8,8,mne_l2,rate_uniform,16,16,44,0.85,80.270000,,important results/fashion_mnist_fc3rev_three_regs/noise_sweep_rate_uniform_L16_T16/fc3rev_h8/mne_l2/seed_44/noise_sweep_matrix_fashion_mnist_fc3rev_h8_T16_mode_rate_uniform_schedule_normal_seed_44.csv
fc3rev_h8,8,mne_l2,rate_uniform,16,16,44,0.90,79.940000,,important results/fashion_mnist_fc3rev_three_regs/noise_sweep_rate_uniform_L16_T16/fc3rev_h8/mne_l2/seed_44/noise_sweep_matrix_fashion_mnist_fc3rev_h8_T16_mode_rate_uniform_schedule_normal_seed_44.csv
fc3rev_h8,8,mne_l2,rate_uniform,16,16,44,0.95,79.940000,,important results/fashion_mnist_fc3rev_three_regs/noise_sweep_rate_uniform_L16_T16/fc3rev_h8/mne_l2/seed_44/noise_sweep_matrix_fashion_mnist_fc3rev_h8_T16_mode_rate_uniform_schedule_normal_seed_44.csv
fc3rev_h8,8,mne_l2,rate_uniform,16,16,44,1.00,79.840000,,important results/fashion_mnist_fc3rev_three_regs/noise_sweep_rate_uniform_L16_T16/fc3rev_h8/mne_l2/seed_44/noise_sweep_matrix_fashion_mnist_fc3rev_h8_T16_mode_rate_uniform_schedule_normal_seed_44.csv
fc3rev_h8,8,no_regularization,rate_uniform,16,16,40,0.00,82.190000,,important results/fashion_mnist_fc3rev_three_regs/noise_sweep_rate_uniform_L16_T16/fc3rev_h8/no_regularization/seed_40/noise_sweep_matrix_fashion_mnist_fc3rev_h8_T16_mode_rate_uniform_schedule_normal_seed_40.csv
fc3rev_h8,8,no_regularization,rate_uniform,16,16,40,0.05,81.990000,,important results/fashion_mnist_fc3rev_three_regs/noise_sweep_rate_uniform_L16_T16/fc3rev_h8/no_regularization/seed_40/noise_sweep_matrix_fashion_mnist_fc3rev_h8_T16_mode_rate_uniform_schedule_normal_seed_40.csv
fc3rev_h8,8,no_regularization,rate_uniform,16,16,40,0.10,81.900000,,important results/fashion_mnist_fc3rev_three_regs/noise_sweep_rate_uniform_L16_T16/fc3rev_h8/no_regularization/seed_40/noise_sweep_matrix_fashion_mnist_fc3rev_h8_T16_mode_rate_uniform_schedule_normal_seed_40.csv
fc3rev_h8,8,no_regularization,rate_uniform,16,16,40,0.15,81.740000,,important results/fashion_mnist_fc3rev_three_regs/noise_sweep_rate_uniform_L16_T16/fc3rev_h8/no_regularization/seed_40/noise_sweep_matrix_fashion_mnist_fc3rev_h8_T16_mode_rate_uniform_schedule_normal_seed_40.csv
fc3rev_h8,8,no_regularization,rate_uniform,16,16,40,0.20,82.050000,,important results/fashion_mnist_fc3rev_three_regs/noise_sweep_rate_uniform_L16_T16/fc3rev_h8/no_regularization/seed_40/noise_sweep_matrix_fashion_mnist_fc3rev_h8_T16_mode_rate_uniform_schedule_normal_seed_40.csv
fc3rev_h8,8,no_regularization,rate_uniform,16,16,40,0.25,81.720000,,important results/fashion_mnist_fc3rev_three_regs/noise_sweep_rate_uniform_L16_T16/fc3rev_h8/no_regularization/seed_40/noise_sweep_matrix_fashion_mnist_fc3rev_h8_T16_mode_rate_uniform_schedule_normal_seed_40.csv
fc3rev_h8,8,no_regularization,rate_uniform,16,16,40,0.30,81.470000,,important results/fashion_mnist_fc3rev_three_regs/noise_sweep_rate_uniform_L16_T16/fc3rev_h8/no_regularization/seed_40/noise_sweep_matrix_fashion_mnist_fc3rev_h8_T16_mode_rate_uniform_schedule_normal_seed_40.csv
fc3rev_h8,8,no_regularization,rate_uniform,16,16,40,0.35,81.470000,,important results/fashion_mnist_fc3rev_three_regs/noise_sweep_rate_uniform_L16_T16/fc3rev_h8/no_regularization/seed_40/noise_sweep_matrix_fashion_mnist_fc3rev_h8_T16_mode_rate_uniform_schedule_normal_seed_40.csv
fc3rev_h8,8,no_regularization,rate_uniform,16,16,40,0.40,81.380000,,important results/fashion_mnist_fc3rev_three_regs/noise_sweep_rate_uniform_L16_T16/fc3rev_h8/no_regularization/seed_40/noise_sweep_matrix_fashion_mnist_fc3rev_h8_T16_mode_rate_uniform_schedule_normal_seed_40.csv
fc3rev_h8,8,no_regularization,rate_uniform,16,16,40,0.45,81.250000,,important results/fashion_mnist_fc3rev_three_regs/noise_sweep_rate_uniform_L16_T16/fc3rev_h8/no_regularization/seed_40/noise_sweep_matrix_fashion_mnist_fc3rev_h8_T16_mode_rate_uniform_schedule_normal_seed_40.csv
fc3rev_h8,8,no_regularization,rate_uniform,16,16,40,0.50,80.870000,,important results/fashion_mnist_fc3rev_three_regs/noise_sweep_rate_uniform_L16_T16/fc3rev_h8/no_regularization/seed_40/noise_sweep_matrix_fashion_mnist_fc3rev_h8_T16_mode_rate_uniform_schedule_normal_seed_40.csv
fc3rev_h8,8,no_regularization,rate_uniform,16,16,40,0.55,80.680000,,important results/fashion_mnist_fc3rev_three_regs/noise_sweep_rate_uniform_L16_T16/fc3rev_h8/no_regularization/seed_40/noise_sweep_matrix_fashion_mnist_fc3rev_h8_T16_mode_rate_uniform_schedule_normal_seed_40.csv
fc3rev_h8,8,no_regularization,rate_uniform,16,16,40,0.60,80.360000,,important results/fashion_mnist_fc3rev_three_regs/noise_sweep_rate_uniform_L16_T16/fc3rev_h8/no_regularization/seed_40/noise_sweep_matrix_fashion_mnist_fc3rev_h8_T16_mode_rate_uniform_schedule_normal_seed_40.csv
fc3rev_h8,8,no_regularization,rate_uniform,16,16,40,0.65,79.800000,,important results/fashion_mnist_fc3rev_three_regs/noise_sweep_rate_uniform_L16_T16/fc3rev_h8/no_regularization/seed_40/noise_sweep_matrix_fashion_mnist_fc3rev_h8_T16_mode_rate_uniform_schedule_normal_seed_40.csv
fc3rev_h8,8,no_regularization,rate_uniform,16,16,40,0.70,79.990000,,important results/fashion_mnist_fc3rev_three_regs/noise_sweep_rate_uniform_L16_T16/fc3rev_h8/no_regularization/seed_40/noise_sweep_matrix_fashion_mnist_fc3rev_h8_T16_mode_rate_uniform_schedule_normal_seed_40.csv
fc3rev_h8,8,no_regularization,rate_uniform,16,16,40,0.75,79.680000,,important results/fashion_mnist_fc3rev_three_regs/noise_sweep_rate_uniform_L16_T16/fc3rev_h8/no_regularization/seed_40/noise_sweep_matrix_fashion_mnist_fc3rev_h8_T16_mode_rate_uniform_schedule_normal_seed_40.csv
fc3rev_h8,8,no_regularization,rate_uniform,16,16,40,0.80,79.490000,,important results/fashion_mnist_fc3rev_three_regs/noise_sweep_rate_uniform_L16_T16/fc3rev_h8/no_regularization/seed_40/noise_sweep_matrix_fashion_mnist_fc3rev_h8_T16_mode_rate_uniform_schedule_normal_seed_40.csv
fc3rev_h8,8,no_regularization,rate_uniform,16,16,40,0.85,79.030000,,important results/fashion_mnist_fc3rev_three_regs/noise_sweep_rate_uniform_L16_T16/fc3rev_h8/no_regularization/seed_40/noise_sweep_matrix_fashion_mnist_fc3rev_h8_T16_mode_rate_uniform_schedule_normal_seed_40.csv
fc3rev_h8,8,no_regularization,rate_uniform,16,16,40,0.90,78.550000,,important results/fashion_mnist_fc3rev_three_regs/noise_sweep_rate_uniform_L16_T16/fc3rev_h8/no_regularization/seed_40/noise_sweep_matrix_fashion_mnist_fc3rev_h8_T16_mode_rate_uniform_schedule_normal_seed_40.csv
fc3rev_h8,8,no_regularization,rate_uniform,16,16,40,0.95,77.970000,,important results/fashion_mnist_fc3rev_three_regs/noise_sweep_rate_uniform_L16_T16/fc3rev_h8/no_regularization/seed_40/noise_sweep_matrix_fashion_mnist_fc3rev_h8_T16_mode_rate_uniform_schedule_normal_seed_40.csv
fc3rev_h8,8,no_regularization,rate_uniform,16,16,40,1.00,77.320000,,important results/fashion_mnist_fc3rev_three_regs/noise_sweep_rate_uniform_L16_T16/fc3rev_h8/no_regularization/seed_40/noise_sweep_matrix_fashion_mnist_fc3rev_h8_T16_mode_rate_uniform_schedule_normal_seed_40.csv
fc3rev_h8,8,no_regularization,rate_uniform,16,16,41,0.00,83.520000,,important results/fashion_mnist_fc3rev_three_regs/noise_sweep_rate_uniform_L16_T16/fc3rev_h8/no_regularization/seed_41/noise_sweep_matrix_fashion_mnist_fc3rev_h8_T16_mode_rate_uniform_schedule_normal_seed_41.csv
fc3rev_h8,8,no_regularization,rate_uniform,16,16,41,0.05,83.410000,,important results/fashion_mnist_fc3rev_three_regs/noise_sweep_rate_uniform_L16_T16/fc3rev_h8/no_regularization/seed_41/noise_sweep_matrix_fashion_mnist_fc3rev_h8_T16_mode_rate_uniform_schedule_normal_seed_41.csv
fc3rev_h8,8,no_regularization,rate_uniform,16,16,41,0.10,83.210000,,important results/fashion_mnist_fc3rev_three_regs/noise_sweep_rate_uniform_L16_T16/fc3rev_h8/no_regularization/seed_41/noise_sweep_matrix_fashion_mnist_fc3rev_h8_T16_mode_rate_uniform_schedule_normal_seed_41.csv
fc3rev_h8,8,no_regularization,rate_uniform,16,16,41,0.15,83.190000,,important results/fashion_mnist_fc3rev_three_regs/noise_sweep_rate_uniform_L16_T16/fc3rev_h8/no_regularization/seed_41/noise_sweep_matrix_fashion_mnist_fc3rev_h8_T16_mode_rate_uniform_schedule_normal_seed_41.csv
fc3rev_h8,8,no_regularization,rate_uniform,16,16,41,0.20,82.800000,,important results/fashion_mnist_fc3rev_three_regs/noise_sweep_rate_uniform_L16_T16/fc3rev_h8/no_regularization/seed_41/noise_sweep_matrix_fashion_mnist_fc3rev_h8_T16_mode_rate_uniform_schedule_normal_seed_41.csv
fc3rev_h8,8,no_regularization,rate_uniform,16,16,41,0.25,82.840000,,important results/fashion_mnist_fc3rev_three_regs/noise_sweep_rate_uniform_L16_T16/fc3rev_h8/no_regularization/seed_41/noise_sweep_matrix_fashion_mnist_fc3rev_h8_T16_mode_rate_uniform_schedule_normal_seed_41.csv
fc3rev_h8,8,no_regularization,rate_uniform,16,16,41,0.30,82.900000,,important results/fashion_mnist_fc3rev_three_regs/noise_sweep_rate_uniform_L16_T16/fc3rev_h8/no_regularization/seed_41/noise_sweep_matrix_fashion_mnist_fc3rev_h8_T16_mode_rate_uniform_schedule_normal_seed_41.csv
fc3rev_h8,8,no_regularization,rate_uniform,16,16,41,0.35,82.710000,,important results/fashion_mnist_fc3rev_three_regs/noise_sweep_rate_uniform_L16_T16/fc3rev_h8/no_regularization/seed_41/noise_sweep_matrix_fashion_mnist_fc3rev_h8_T16_mode_rate_uniform_schedule_normal_seed_41.csv
fc3rev_h8,8,no_regularization,rate_uniform,16,16,41,0.40,82.630000,,important results/fashion_mnist_fc3rev_three_regs/noise_sweep_rate_uniform_L16_T16/fc3rev_h8/no_regularization/seed_41/noise_sweep_matrix_fashion_mnist_fc3rev_h8_T16_mode_rate_uniform_schedule_normal_seed_41.csv
fc3rev_h8,8,no_regularization,rate_uniform,16,16,41,0.45,82.430000,,important results/fashion_mnist_fc3rev_three_regs/noise_sweep_rate_uniform_L16_T16/fc3rev_h8/no_regularization/seed_41/noise_sweep_matrix_fashion_mnist_fc3rev_h8_T16_mode_rate_uniform_schedule_normal_seed_41.csv
fc3rev_h8,8,no_regularization,rate_uniform,16,16,41,0.50,82.490000,,important results/fashion_mnist_fc3rev_three_regs/noise_sweep_rate_uniform_L16_T16/fc3rev_h8/no_regularization/seed_41/noise_sweep_matrix_fashion_mnist_fc3rev_h8_T16_mode_rate_uniform_schedule_normal_seed_41.csv
fc3rev_h8,8,no_regularization,rate_uniform,16,16,41,0.55,81.680000,,important results/fashion_mnist_fc3rev_three_regs/noise_sweep_rate_uniform_L16_T16/fc3rev_h8/no_regularization/seed_41/noise_sweep_matrix_fashion_mnist_fc3rev_h8_T16_mode_rate_uniform_schedule_normal_seed_41.csv
fc3rev_h8,8,no_regularization,rate_uniform,16,16,41,0.60,82.060000,,important results/fashion_mnist_fc3rev_three_regs/noise_sweep_rate_uniform_L16_T16/fc3rev_h8/no_regularization/seed_41/noise_sweep_matrix_fashion_mnist_fc3rev_h8_T16_mode_rate_uniform_schedule_normal_seed_41.csv
fc3rev_h8,8,no_regularization,rate_uniform,16,16,41,0.65,81.620000,,important results/fashion_mnist_fc3rev_three_regs/noise_sweep_rate_uniform_L16_T16/fc3rev_h8/no_regularization/seed_41/noise_sweep_matrix_fashion_mnist_fc3rev_h8_T16_mode_rate_uniform_schedule_normal_seed_41.csv
fc3rev_h8,8,no_regularization,rate_uniform,16,16,41,0.70,81.250000,,important results/fashion_mnist_fc3rev_three_regs/noise_sweep_rate_uniform_L16_T16/fc3rev_h8/no_regularization/seed_41/noise_sweep_matrix_fashion_mnist_fc3rev_h8_T16_mode_rate_uniform_schedule_normal_seed_41.csv
fc3rev_h8,8,no_regularization,rate_uniform,16,16,41,0.75,80.820000,,important results/fashion_mnist_fc3rev_three_regs/noise_sweep_rate_uniform_L16_T16/fc3rev_h8/no_regularization/seed_41/noise_sweep_matrix_fashion_mnist_fc3rev_h8_T16_mode_rate_uniform_schedule_normal_seed_41.csv
fc3rev_h8,8,no_regularization,rate_uniform,16,16,41,0.80,80.940000,,important results/fashion_mnist_fc3rev_three_regs/noise_sweep_rate_uniform_L16_T16/fc3rev_h8/no_regularization/seed_41/noise_sweep_matrix_fashion_mnist_fc3rev_h8_T16_mode_rate_uniform_schedule_normal_seed_41.csv
fc3rev_h8,8,no_regularization,rate_uniform,16,16,41,0.85,80.280000,,important results/fashion_mnist_fc3rev_three_regs/noise_sweep_rate_uniform_L16_T16/fc3rev_h8/no_regularization/seed_41/noise_sweep_matrix_fashion_mnist_fc3rev_h8_T16_mode_rate_uniform_schedule_normal_seed_41.csv
fc3rev_h8,8,no_regularization,rate_uniform,16,16,41,0.90,79.910000,,important results/fashion_mnist_fc3rev_three_regs/noise_sweep_rate_uniform_L16_T16/fc3rev_h8/no_regularization/seed_41/noise_sweep_matrix_fashion_mnist_fc3rev_h8_T16_mode_rate_uniform_schedule_normal_seed_41.csv
fc3rev_h8,8,no_regularization,rate_uniform,16,16,41,0.95,78.940000,,important results/fashion_mnist_fc3rev_three_regs/noise_sweep_rate_uniform_L16_T16/fc3rev_h8/no_regularization/seed_41/noise_sweep_matrix_fashion_mnist_fc3rev_h8_T16_mode_rate_uniform_schedule_normal_seed_41.csv
fc3rev_h8,8,no_regularization,rate_uniform,16,16,41,1.00,78.700000,,important results/fashion_mnist_fc3rev_three_regs/noise_sweep_rate_uniform_L16_T16/fc3rev_h8/no_regularization/seed_41/noise_sweep_matrix_fashion_mnist_fc3rev_h8_T16_mode_rate_uniform_schedule_normal_seed_41.csv
fc3rev_h8,8,no_regularization,rate_uniform,16,16,42,0.00,82.890000,,important results/fashion_mnist_fc3rev_three_regs/noise_sweep_rate_uniform_L16_T16/fc3rev_h8/no_regularization/seed_42/noise_sweep_matrix_fashion_mnist_fc3rev_h8_T16_mode_rate_uniform_schedule_normal_seed_42.csv
fc3rev_h8,8,no_regularization,rate_uniform,16,16,42,0.05,82.590000,,important results/fashion_mnist_fc3rev_three_regs/noise_sweep_rate_uniform_L16_T16/fc3rev_h8/no_regularization/seed_42/noise_sweep_matrix_fashion_mnist_fc3rev_h8_T16_mode_rate_uniform_schedule_normal_seed_42.csv
fc3rev_h8,8,no_regularization,rate_uniform,16,16,42,0.10,82.580000,,important results/fashion_mnist_fc3rev_three_regs/noise_sweep_rate_uniform_L16_T16/fc3rev_h8/no_regularization/seed_42/noise_sweep_matrix_fashion_mnist_fc3rev_h8_T16_mode_rate_uniform_schedule_normal_seed_42.csv
fc3rev_h8,8,no_regularization,rate_uniform,16,16,42,0.15,82.500000,,important results/fashion_mnist_fc3rev_three_regs/noise_sweep_rate_uniform_L16_T16/fc3rev_h8/no_regularization/seed_42/noise_sweep_matrix_fashion_mnist_fc3rev_h8_T16_mode_rate_uniform_schedule_normal_seed_42.csv
fc3rev_h8,8,no_regularization,rate_uniform,16,16,42,0.20,82.360000,,important results/fashion_mnist_fc3rev_three_regs/noise_sweep_rate_uniform_L16_T16/fc3rev_h8/no_regularization/seed_42/noise_sweep_matrix_fashion_mnist_fc3rev_h8_T16_mode_rate_uniform_schedule_normal_seed_42.csv
fc3rev_h8,8,no_regularization,rate_uniform,16,16,42,0.25,82.640000,,important results/fashion_mnist_fc3rev_three_regs/noise_sweep_rate_uniform_L16_T16/fc3rev_h8/no_regularization/seed_42/noise_sweep_matrix_fashion_mnist_fc3rev_h8_T16_mode_rate_uniform_schedule_normal_seed_42.csv
fc3rev_h8,8,no_regularization,rate_uniform,16,16,42,0.30,82.170000,,important results/fashion_mnist_fc3rev_three_regs/noise_sweep_rate_uniform_L16_T16/fc3rev_h8/no_regularization/seed_42/noise_sweep_matrix_fashion_mnist_fc3rev_h8_T16_mode_rate_uniform_schedule_normal_seed_42.csv
fc3rev_h8,8,no_regularization,rate_uniform,16,16,42,0.35,81.880000,,important results/fashion_mnist_fc3rev_three_regs/noise_sweep_rate_uniform_L16_T16/fc3rev_h8/no_regularization/seed_42/noise_sweep_matrix_fashion_mnist_fc3rev_h8_T16_mode_rate_uniform_schedule_normal_seed_42.csv
fc3rev_h8,8,no_regularization,rate_uniform,16,16,42,0.40,81.680000,,important results/fashion_mnist_fc3rev_three_regs/noise_sweep_rate_uniform_L16_T16/fc3rev_h8/no_regularization/seed_42/noise_sweep_matrix_fashion_mnist_fc3rev_h8_T16_mode_rate_uniform_schedule_normal_seed_42.csv
fc3rev_h8,8,no_regularization,rate_uniform,16,16,42,0.45,81.720000,,important results/fashion_mnist_fc3rev_three_regs/noise_sweep_rate_uniform_L16_T16/fc3rev_h8/no_regularization/seed_42/noise_sweep_matrix_fashion_mnist_fc3rev_h8_T16_mode_rate_uniform_schedule_normal_seed_42.csv
fc3rev_h8,8,no_regularization,rate_uniform,16,16,42,0.50,81.510000,,important results/fashion_mnist_fc3rev_three_regs/noise_sweep_rate_uniform_L16_T16/fc3rev_h8/no_regularization/seed_42/noise_sweep_matrix_fashion_mnist_fc3rev_h8_T16_mode_rate_uniform_schedule_normal_seed_42.csv
fc3rev_h8,8,no_regularization,rate_uniform,16,16,42,0.55,81.430000,,important results/fashion_mnist_fc3rev_three_regs/noise_sweep_rate_uniform_L16_T16/fc3rev_h8/no_regularization/seed_42/noise_sweep_matrix_fashion_mnist_fc3rev_h8_T16_mode_rate_uniform_schedule_normal_seed_42.csv
fc3rev_h8,8,no_regularization,rate_uniform,16,16,42,0.60,81.290000,,important results/fashion_mnist_fc3rev_three_regs/noise_sweep_rate_uniform_L16_T16/fc3rev_h8/no_regularization/seed_42/noise_sweep_matrix_fashion_mnist_fc3rev_h8_T16_mode_rate_uniform_schedule_normal_seed_42.csv
fc3rev_h8,8,no_regularization,rate_uniform,16,16,42,0.65,80.740000,,important results/fashion_mnist_fc3rev_three_regs/noise_sweep_rate_uniform_L16_T16/fc3rev_h8/no_regularization/seed_42/noise_sweep_matrix_fashion_mnist_fc3rev_h8_T16_mode_rate_uniform_schedule_normal_seed_42.csv
fc3rev_h8,8,no_regularization,rate_uniform,16,16,42,0.70,80.650000,,important results/fashion_mnist_fc3rev_three_regs/noise_sweep_rate_uniform_L16_T16/fc3rev_h8/no_regularization/seed_42/noise_sweep_matrix_fashion_mnist_fc3rev_h8_T16_mode_rate_uniform_schedule_normal_seed_42.csv
fc3rev_h8,8,no_regularization,rate_uniform,16,16,42,0.75,80.310000,,important results/fashion_mnist_fc3rev_three_regs/noise_sweep_rate_uniform_L16_T16/fc3rev_h8/no_regularization/seed_42/noise_sweep_matrix_fashion_mnist_fc3rev_h8_T16_mode_rate_uniform_schedule_normal_seed_42.csv
fc3rev_h8,8,no_regularization,rate_uniform,16,16,42,0.80,79.970000,,important results/fashion_mnist_fc3rev_three_regs/noise_sweep_rate_uniform_L16_T16/fc3rev_h8/no_regularization/seed_42/noise_sweep_matrix_fashion_mnist_fc3rev_h8_T16_mode_rate_uniform_schedule_normal_seed_42.csv
fc3rev_h8,8,no_regularization,rate_uniform,16,16,42,0.85,79.780000,,important results/fashion_mnist_fc3rev_three_regs/noise_sweep_rate_uniform_L16_T16/fc3rev_h8/no_regularization/seed_42/noise_sweep_matrix_fashion_mnist_fc3rev_h8_T16_mode_rate_uniform_schedule_normal_seed_42.csv
fc3rev_h8,8,no_regularization,rate_uniform,16,16,42,0.90,79.140000,,important results/fashion_mnist_fc3rev_three_regs/noise_sweep_rate_uniform_L16_T16/fc3rev_h8/no_regularization/seed_42/noise_sweep_matrix_fashion_mnist_fc3rev_h8_T16_mode_rate_uniform_schedule_normal_seed_42.csv
fc3rev_h8,8,no_regularization,rate_uniform,16,16,42,0.95,79.570000,,important results/fashion_mnist_fc3rev_three_regs/noise_sweep_rate_uniform_L16_T16/fc3rev_h8/no_regularization/seed_42/noise_sweep_matrix_fashion_mnist_fc3rev_h8_T16_mode_rate_uniform_schedule_normal_seed_42.csv
fc3rev_h8,8,no_regularization,rate_uniform,16,16,42,1.00,79.170000,,important results/fashion_mnist_fc3rev_three_regs/noise_sweep_rate_uniform_L16_T16/fc3rev_h8/no_regularization/seed_42/noise_sweep_matrix_fashion_mnist_fc3rev_h8_T16_mode_rate_uniform_schedule_normal_seed_42.csv
fc3rev_h8,8,no_regularization,rate_uniform,16,16,43,0.00,83.170000,,important results/fashion_mnist_fc3rev_three_regs/noise_sweep_rate_uniform_L16_T16/fc3rev_h8/no_regularization/seed_43/noise_sweep_matrix_fashion_mnist_fc3rev_h8_T16_mode_rate_uniform_schedule_normal_seed_43.csv
fc3rev_h8,8,no_regularization,rate_uniform,16,16,43,0.05,83.180000,,important results/fashion_mnist_fc3rev_three_regs/noise_sweep_rate_uniform_L16_T16/fc3rev_h8/no_regularization/seed_43/noise_sweep_matrix_fashion_mnist_fc3rev_h8_T16_mode_rate_uniform_schedule_normal_seed_43.csv
fc3rev_h8,8,no_regularization,rate_uniform,16,16,43,0.10,83.000000,,important results/fashion_mnist_fc3rev_three_regs/noise_sweep_rate_uniform_L16_T16/fc3rev_h8/no_regularization/seed_43/noise_sweep_matrix_fashion_mnist_fc3rev_h8_T16_mode_rate_uniform_schedule_normal_seed_43.csv
fc3rev_h8,8,no_regularization,rate_uniform,16,16,43,0.15,82.910000,,important results/fashion_mnist_fc3rev_three_regs/noise_sweep_rate_uniform_L16_T16/fc3rev_h8/no_regularization/seed_43/noise_sweep_matrix_fashion_mnist_fc3rev_h8_T16_mode_rate_uniform_schedule_normal_seed_43.csv
fc3rev_h8,8,no_regularization,rate_uniform,16,16,43,0.20,82.970000,,important results/fashion_mnist_fc3rev_three_regs/noise_sweep_rate_uniform_L16_T16/fc3rev_h8/no_regularization/seed_43/noise_sweep_matrix_fashion_mnist_fc3rev_h8_T16_mode_rate_uniform_schedule_normal_seed_43.csv
fc3rev_h8,8,no_regularization,rate_uniform,16,16,43,0.25,82.720000,,important results/fashion_mnist_fc3rev_three_regs/noise_sweep_rate_uniform_L16_T16/fc3rev_h8/no_regularization/seed_43/noise_sweep_matrix_fashion_mnist_fc3rev_h8_T16_mode_rate_uniform_schedule_normal_seed_43.csv
fc3rev_h8,8,no_regularization,rate_uniform,16,16,43,0.30,82.350000,,important results/fashion_mnist_fc3rev_three_regs/noise_sweep_rate_uniform_L16_T16/fc3rev_h8/no_regularization/seed_43/noise_sweep_matrix_fashion_mnist_fc3rev_h8_T16_mode_rate_uniform_schedule_normal_seed_43.csv
fc3rev_h8,8,no_regularization,rate_uniform,16,16,43,0.35,82.650000,,important results/fashion_mnist_fc3rev_three_regs/noise_sweep_rate_uniform_L16_T16/fc3rev_h8/no_regularization/seed_43/noise_sweep_matrix_fashion_mnist_fc3rev_h8_T16_mode_rate_uniform_schedule_normal_seed_43.csv
fc3rev_h8,8,no_regularization,rate_uniform,16,16,43,0.40,82.030000,,important results/fashion_mnist_fc3rev_three_regs/noise_sweep_rate_uniform_L16_T16/fc3rev_h8/no_regularization/seed_43/noise_sweep_matrix_fashion_mnist_fc3rev_h8_T16_mode_rate_uniform_schedule_normal_seed_43.csv
fc3rev_h8,8,no_regularization,rate_uniform,16,16,43,0.45,82.030000,,important results/fashion_mnist_fc3rev_three_regs/noise_sweep_rate_uniform_L16_T16/fc3rev_h8/no_regularization/seed_43/noise_sweep_matrix_fashion_mnist_fc3rev_h8_T16_mode_rate_uniform_schedule_normal_seed_43.csv
fc3rev_h8,8,no_regularization,rate_uniform,16,16,43,0.50,82.230000,,important results/fashion_mnist_fc3rev_three_regs/noise_sweep_rate_uniform_L16_T16/fc3rev_h8/no_regularization/seed_43/noise_sweep_matrix_fashion_mnist_fc3rev_h8_T16_mode_rate_uniform_schedule_normal_seed_43.csv
fc3rev_h8,8,no_regularization,rate_uniform,16,16,43,0.55,81.400000,,important results/fashion_mnist_fc3rev_three_regs/noise_sweep_rate_uniform_L16_T16/fc3rev_h8/no_regularization/seed_43/noise_sweep_matrix_fashion_mnist_fc3rev_h8_T16_mode_rate_uniform_schedule_normal_seed_43.csv
fc3rev_h8,8,no_regularization,rate_uniform,16,16,43,0.60,81.770000,,important results/fashion_mnist_fc3rev_three_regs/noise_sweep_rate_uniform_L16_T16/fc3rev_h8/no_regularization/seed_43/noise_sweep_matrix_fashion_mnist_fc3rev_h8_T16_mode_rate_uniform_schedule_normal_seed_43.csv
fc3rev_h8,8,no_regularization,rate_uniform,16,16,43,0.65,81.270000,,important results/fashion_mnist_fc3rev_three_regs/noise_sweep_rate_uniform_L16_T16/fc3rev_h8/no_regularization/seed_43/noise_sweep_matrix_fashion_mnist_fc3rev_h8_T16_mode_rate_uniform_schedule_normal_seed_43.csv
fc3rev_h8,8,no_regularization,rate_uniform,16,16,43,0.70,81.550000,,important results/fashion_mnist_fc3rev_three_regs/noise_sweep_rate_uniform_L16_T16/fc3rev_h8/no_regularization/seed_43/noise_sweep_matrix_fashion_mnist_fc3rev_h8_T16_mode_rate_uniform_schedule_normal_seed_43.csv
fc3rev_h8,8,no_regularization,rate_uniform,16,16,43,0.75,81.090000,,important results/fashion_mnist_fc3rev_three_regs/noise_sweep_rate_uniform_L16_T16/fc3rev_h8/no_regularization/seed_43/noise_sweep_matrix_fashion_mnist_fc3rev_h8_T16_mode_rate_uniform_schedule_normal_seed_43.csv
fc3rev_h8,8,no_regularization,rate_uniform,16,16,43,0.80,80.700000,,important results/fashion_mnist_fc3rev_three_regs/noise_sweep_rate_uniform_L16_T16/fc3rev_h8/no_regularization/seed_43/noise_sweep_matrix_fashion_mnist_fc3rev_h8_T16_mode_rate_uniform_schedule_normal_seed_43.csv
fc3rev_h8,8,no_regularization,rate_uniform,16,16,43,0.85,80.380000,,important results/fashion_mnist_fc3rev_three_regs/noise_sweep_rate_uniform_L16_T16/fc3rev_h8/no_regularization/seed_43/noise_sweep_matrix_fashion_mnist_fc3rev_h8_T16_mode_rate_uniform_schedule_normal_seed_43.csv
fc3rev_h8,8,no_regularization,rate_uniform,16,16,43,0.90,79.930000,,important results/fashion_mnist_fc3rev_three_regs/noise_sweep_rate_uniform_L16_T16/fc3rev_h8/no_regularization/seed_43/noise_sweep_matrix_fashion_mnist_fc3rev_h8_T16_mode_rate_uniform_schedule_normal_seed_43.csv
fc3rev_h8,8,no_regularization,rate_uniform,16,16,43,0.95,79.880000,,important results/fashion_mnist_fc3rev_three_regs/noise_sweep_rate_uniform_L16_T16/fc3rev_h8/no_regularization/seed_43/noise_sweep_matrix_fashion_mnist_fc3rev_h8_T16_mode_rate_uniform_schedule_normal_seed_43.csv
fc3rev_h8,8,no_regularization,rate_uniform,16,16,43,1.00,79.000000,,important results/fashion_mnist_fc3rev_three_regs/noise_sweep_rate_uniform_L16_T16/fc3rev_h8/no_regularization/seed_43/noise_sweep_matrix_fashion_mnist_fc3rev_h8_T16_mode_rate_uniform_schedule_normal_seed_43.csv
fc3rev_h8,8,no_regularization,rate_uniform,16,16,44,0.00,83.130000,,important results/fashion_mnist_fc3rev_three_regs/noise_sweep_rate_uniform_L16_T16/fc3rev_h8/no_regularization/seed_44/noise_sweep_matrix_fashion_mnist_fc3rev_h8_T16_mode_rate_uniform_schedule_normal_seed_44.csv
fc3rev_h8,8,no_regularization,rate_uniform,16,16,44,0.05,83.150000,,important results/fashion_mnist_fc3rev_three_regs/noise_sweep_rate_uniform_L16_T16/fc3rev_h8/no_regularization/seed_44/noise_sweep_matrix_fashion_mnist_fc3rev_h8_T16_mode_rate_uniform_schedule_normal_seed_44.csv
fc3rev_h8,8,no_regularization,rate_uniform,16,16,44,0.10,83.080000,,important results/fashion_mnist_fc3rev_three_regs/noise_sweep_rate_uniform_L16_T16/fc3rev_h8/no_regularization/seed_44/noise_sweep_matrix_fashion_mnist_fc3rev_h8_T16_mode_rate_uniform_schedule_normal_seed_44.csv
fc3rev_h8,8,no_regularization,rate_uniform,16,16,44,0.15,82.830000,,important results/fashion_mnist_fc3rev_three_regs/noise_sweep_rate_uniform_L16_T16/fc3rev_h8/no_regularization/seed_44/noise_sweep_matrix_fashion_mnist_fc3rev_h8_T16_mode_rate_uniform_schedule_normal_seed_44.csv
fc3rev_h8,8,no_regularization,rate_uniform,16,16,44,0.20,82.990000,,important results/fashion_mnist_fc3rev_three_regs/noise_sweep_rate_uniform_L16_T16/fc3rev_h8/no_regularization/seed_44/noise_sweep_matrix_fashion_mnist_fc3rev_h8_T16_mode_rate_uniform_schedule_normal_seed_44.csv
fc3rev_h8,8,no_regularization,rate_uniform,16,16,44,0.25,82.920000,,important results/fashion_mnist_fc3rev_three_regs/noise_sweep_rate_uniform_L16_T16/fc3rev_h8/no_regularization/seed_44/noise_sweep_matrix_fashion_mnist_fc3rev_h8_T16_mode_rate_uniform_schedule_normal_seed_44.csv
fc3rev_h8,8,no_regularization,rate_uniform,16,16,44,0.30,82.850000,,important results/fashion_mnist_fc3rev_three_regs/noise_sweep_rate_uniform_L16_T16/fc3rev_h8/no_regularization/seed_44/noise_sweep_matrix_fashion_mnist_fc3rev_h8_T16_mode_rate_uniform_schedule_normal_seed_44.csv
fc3rev_h8,8,no_regularization,rate_uniform,16,16,44,0.35,82.590000,,important results/fashion_mnist_fc3rev_three_regs/noise_sweep_rate_uniform_L16_T16/fc3rev_h8/no_regularization/seed_44/noise_sweep_matrix_fashion_mnist_fc3rev_h8_T16_mode_rate_uniform_schedule_normal_seed_44.csv
fc3rev_h8,8,no_regularization,rate_uniform,16,16,44,0.40,82.360000,,important results/fashion_mnist_fc3rev_three_regs/noise_sweep_rate_uniform_L16_T16/fc3rev_h8/no_regularization/seed_44/noise_sweep_matrix_fashion_mnist_fc3rev_h8_T16_mode_rate_uniform_schedule_normal_seed_44.csv
fc3rev_h8,8,no_regularization,rate_uniform,16,16,44,0.45,82.190000,,important results/fashion_mnist_fc3rev_three_regs/noise_sweep_rate_uniform_L16_T16/fc3rev_h8/no_regularization/seed_44/noise_sweep_matrix_fashion_mnist_fc3rev_h8_T16_mode_rate_uniform_schedule_normal_seed_44.csv
fc3rev_h8,8,no_regularization,rate_uniform,16,16,44,0.50,81.830000,,important results/fashion_mnist_fc3rev_three_regs/noise_sweep_rate_uniform_L16_T16/fc3rev_h8/no_regularization/seed_44/noise_sweep_matrix_fashion_mnist_fc3rev_h8_T16_mode_rate_uniform_schedule_normal_seed_44.csv
fc3rev_h8,8,no_regularization,rate_uniform,16,16,44,0.55,81.880000,,important results/fashion_mnist_fc3rev_three_regs/noise_sweep_rate_uniform_L16_T16/fc3rev_h8/no_regularization/seed_44/noise_sweep_matrix_fashion_mnist_fc3rev_h8_T16_mode_rate_uniform_schedule_normal_seed_44.csv
fc3rev_h8,8,no_regularization,rate_uniform,16,16,44,0.60,81.800000,,important results/fashion_mnist_fc3rev_three_regs/noise_sweep_rate_uniform_L16_T16/fc3rev_h8/no_regularization/seed_44/noise_sweep_matrix_fashion_mnist_fc3rev_h8_T16_mode_rate_uniform_schedule_normal_seed_44.csv
fc3rev_h8,8,no_regularization,rate_uniform,16,16,44,0.65,81.560000,,important results/fashion_mnist_fc3rev_three_regs/noise_sweep_rate_uniform_L16_T16/fc3rev_h8/no_regularization/seed_44/noise_sweep_matrix_fashion_mnist_fc3rev_h8_T16_mode_rate_uniform_schedule_normal_seed_44.csv
fc3rev_h8,8,no_regularization,rate_uniform,16,16,44,0.70,81.640000,,important results/fashion_mnist_fc3rev_three_regs/noise_sweep_rate_uniform_L16_T16/fc3rev_h8/no_regularization/seed_44/noise_sweep_matrix_fashion_mnist_fc3rev_h8_T16_mode_rate_uniform_schedule_normal_seed_44.csv
fc3rev_h8,8,no_regularization,rate_uniform,16,16,44,0.75,80.750000,,important results/fashion_mnist_fc3rev_three_regs/noise_sweep_rate_uniform_L16_T16/fc3rev_h8/no_regularization/seed_44/noise_sweep_matrix_fashion_mnist_fc3rev_h8_T16_mode_rate_uniform_schedule_normal_seed_44.csv
fc3rev_h8,8,no_regularization,rate_uniform,16,16,44,0.80,81.110000,,important results/fashion_mnist_fc3rev_three_regs/noise_sweep_rate_uniform_L16_T16/fc3rev_h8/no_regularization/seed_44/noise_sweep_matrix_fashion_mnist_fc3rev_h8_T16_mode_rate_uniform_schedule_normal_seed_44.csv
fc3rev_h8,8,no_regularization,rate_uniform,16,16,44,0.85,80.330000,,important results/fashion_mnist_fc3rev_three_regs/noise_sweep_rate_uniform_L16_T16/fc3rev_h8/no_regularization/seed_44/noise_sweep_matrix_fashion_mnist_fc3rev_h8_T16_mode_rate_uniform_schedule_normal_seed_44.csv
fc3rev_h8,8,no_regularization,rate_uniform,16,16,44,0.90,80.040000,,important results/fashion_mnist_fc3rev_three_regs/noise_sweep_rate_uniform_L16_T16/fc3rev_h8/no_regularization/seed_44/noise_sweep_matrix_fashion_mnist_fc3rev_h8_T16_mode_rate_uniform_schedule_normal_seed_44.csv
fc3rev_h8,8,no_regularization,rate_uniform,16,16,44,0.95,80.000000,,important results/fashion_mnist_fc3rev_three_regs/noise_sweep_rate_uniform_L16_T16/fc3rev_h8/no_regularization/seed_44/noise_sweep_matrix_fashion_mnist_fc3rev_h8_T16_mode_rate_uniform_schedule_normal_seed_44.csv
fc3rev_h8,8,no_regularization,rate_uniform,16,16,44,1.00,79.190000,,important results/fashion_mnist_fc3rev_three_regs/noise_sweep_rate_uniform_L16_T16/fc3rev_h8/no_regularization/seed_44/noise_sweep_matrix_fashion_mnist_fc3rev_h8_T16_mode_rate_uniform_schedule_normal_seed_44.csv
fc3rev_h8,8,weight_decay,rate_uniform,16,16,40,0.00,82.660000,,important results/fashion_mnist_fc3rev_three_regs/noise_sweep_rate_uniform_L16_T16/fc3rev_h8/weight_decay/seed_40/noise_sweep_matrix_fashion_mnist_fc3rev_h8_T16_mode_rate_uniform_schedule_normal_seed_40.csv
fc3rev_h8,8,weight_decay,rate_uniform,16,16,40,0.05,82.510000,,important results/fashion_mnist_fc3rev_three_regs/noise_sweep_rate_uniform_L16_T16/fc3rev_h8/weight_decay/seed_40/noise_sweep_matrix_fashion_mnist_fc3rev_h8_T16_mode_rate_uniform_schedule_normal_seed_40.csv
fc3rev_h8,8,weight_decay,rate_uniform,16,16,40,0.10,82.710000,,important results/fashion_mnist_fc3rev_three_regs/noise_sweep_rate_uniform_L16_T16/fc3rev_h8/weight_decay/seed_40/noise_sweep_matrix_fashion_mnist_fc3rev_h8_T16_mode_rate_uniform_schedule_normal_seed_40.csv
fc3rev_h8,8,weight_decay,rate_uniform,16,16,40,0.15,82.250000,,important results/fashion_mnist_fc3rev_three_regs/noise_sweep_rate_uniform_L16_T16/fc3rev_h8/weight_decay/seed_40/noise_sweep_matrix_fashion_mnist_fc3rev_h8_T16_mode_rate_uniform_schedule_normal_seed_40.csv
fc3rev_h8,8,weight_decay,rate_uniform,16,16,40,0.20,82.240000,,important results/fashion_mnist_fc3rev_three_regs/noise_sweep_rate_uniform_L16_T16/fc3rev_h8/weight_decay/seed_40/noise_sweep_matrix_fashion_mnist_fc3rev_h8_T16_mode_rate_uniform_schedule_normal_seed_40.csv
fc3rev_h8,8,weight_decay,rate_uniform,16,16,40,0.25,82.150000,,important results/fashion_mnist_fc3rev_three_regs/noise_sweep_rate_uniform_L16_T16/fc3rev_h8/weight_decay/seed_40/noise_sweep_matrix_fashion_mnist_fc3rev_h8_T16_mode_rate_uniform_schedule_normal_seed_40.csv
fc3rev_h8,8,weight_decay,rate_uniform,16,16,40,0.30,82.090000,,important results/fashion_mnist_fc3rev_three_regs/noise_sweep_rate_uniform_L16_T16/fc3rev_h8/weight_decay/seed_40/noise_sweep_matrix_fashion_mnist_fc3rev_h8_T16_mode_rate_uniform_schedule_normal_seed_40.csv
fc3rev_h8,8,weight_decay,rate_uniform,16,16,40,0.35,82.220000,,important results/fashion_mnist_fc3rev_three_regs/noise_sweep_rate_uniform_L16_T16/fc3rev_h8/weight_decay/seed_40/noise_sweep_matrix_fashion_mnist_fc3rev_h8_T16_mode_rate_uniform_schedule_normal_seed_40.csv
fc3rev_h8,8,weight_decay,rate_uniform,16,16,40,0.40,81.890000,,important results/fashion_mnist_fc3rev_three_regs/noise_sweep_rate_uniform_L16_T16/fc3rev_h8/weight_decay/seed_40/noise_sweep_matrix_fashion_mnist_fc3rev_h8_T16_mode_rate_uniform_schedule_normal_seed_40.csv
fc3rev_h8,8,weight_decay,rate_uniform,16,16,40,0.45,81.790000,,important results/fashion_mnist_fc3rev_three_regs/noise_sweep_rate_uniform_L16_T16/fc3rev_h8/weight_decay/seed_40/noise_sweep_matrix_fashion_mnist_fc3rev_h8_T16_mode_rate_uniform_schedule_normal_seed_40.csv
fc3rev_h8,8,weight_decay,rate_uniform,16,16,40,0.50,81.940000,,important results/fashion_mnist_fc3rev_three_regs/noise_sweep_rate_uniform_L16_T16/fc3rev_h8/weight_decay/seed_40/noise_sweep_matrix_fashion_mnist_fc3rev_h8_T16_mode_rate_uniform_schedule_normal_seed_40.csv
fc3rev_h8,8,weight_decay,rate_uniform,16,16,40,0.55,81.290000,,important results/fashion_mnist_fc3rev_three_regs/noise_sweep_rate_uniform_L16_T16/fc3rev_h8/weight_decay/seed_40/noise_sweep_matrix_fashion_mnist_fc3rev_h8_T16_mode_rate_uniform_schedule_normal_seed_40.csv
fc3rev_h8,8,weight_decay,rate_uniform,16,16,40,0.60,81.130000,,important results/fashion_mnist_fc3rev_three_regs/noise_sweep_rate_uniform_L16_T16/fc3rev_h8/weight_decay/seed_40/noise_sweep_matrix_fashion_mnist_fc3rev_h8_T16_mode_rate_uniform_schedule_normal_seed_40.csv
fc3rev_h8,8,weight_decay,rate_uniform,16,16,40,0.65,80.790000,,important results/fashion_mnist_fc3rev_three_regs/noise_sweep_rate_uniform_L16_T16/fc3rev_h8/weight_decay/seed_40/noise_sweep_matrix_fashion_mnist_fc3rev_h8_T16_mode_rate_uniform_schedule_normal_seed_40.csv
fc3rev_h8,8,weight_decay,rate_uniform,16,16,40,0.70,80.630000,,important results/fashion_mnist_fc3rev_three_regs/noise_sweep_rate_uniform_L16_T16/fc3rev_h8/weight_decay/seed_40/noise_sweep_matrix_fashion_mnist_fc3rev_h8_T16_mode_rate_uniform_schedule_normal_seed_40.csv
fc3rev_h8,8,weight_decay,rate_uniform,16,16,40,0.75,80.700000,,important results/fashion_mnist_fc3rev_three_regs/noise_sweep_rate_uniform_L16_T16/fc3rev_h8/weight_decay/seed_40/noise_sweep_matrix_fashion_mnist_fc3rev_h8_T16_mode_rate_uniform_schedule_normal_seed_40.csv
fc3rev_h8,8,weight_decay,rate_uniform,16,16,40,0.80,80.290000,,important results/fashion_mnist_fc3rev_three_regs/noise_sweep_rate_uniform_L16_T16/fc3rev_h8/weight_decay/seed_40/noise_sweep_matrix_fashion_mnist_fc3rev_h8_T16_mode_rate_uniform_schedule_normal_seed_40.csv
fc3rev_h8,8,weight_decay,rate_uniform,16,16,40,0.85,79.890000,,important results/fashion_mnist_fc3rev_three_regs/noise_sweep_rate_uniform_L16_T16/fc3rev_h8/weight_decay/seed_40/noise_sweep_matrix_fashion_mnist_fc3rev_h8_T16_mode_rate_uniform_schedule_normal_seed_40.csv
fc3rev_h8,8,weight_decay,rate_uniform,16,16,40,0.90,79.750000,,important results/fashion_mnist_fc3rev_three_regs/noise_sweep_rate_uniform_L16_T16/fc3rev_h8/weight_decay/seed_40/noise_sweep_matrix_fashion_mnist_fc3rev_h8_T16_mode_rate_uniform_schedule_normal_seed_40.csv
fc3rev_h8,8,weight_decay,rate_uniform,16,16,40,0.95,79.170000,,important results/fashion_mnist_fc3rev_three_regs/noise_sweep_rate_uniform_L16_T16/fc3rev_h8/weight_decay/seed_40/noise_sweep_matrix_fashion_mnist_fc3rev_h8_T16_mode_rate_uniform_schedule_normal_seed_40.csv
fc3rev_h8,8,weight_decay,rate_uniform,16,16,40,1.00,79.000000,,important results/fashion_mnist_fc3rev_three_regs/noise_sweep_rate_uniform_L16_T16/fc3rev_h8/weight_decay/seed_40/noise_sweep_matrix_fashion_mnist_fc3rev_h8_T16_mode_rate_uniform_schedule_normal_seed_40.csv
fc3rev_h8,8,weight_decay,rate_uniform,16,16,41,0.00,83.710000,,important results/fashion_mnist_fc3rev_three_regs/noise_sweep_rate_uniform_L16_T16/fc3rev_h8/weight_decay/seed_41/noise_sweep_matrix_fashion_mnist_fc3rev_h8_T16_mode_rate_uniform_schedule_normal_seed_41.csv
fc3rev_h8,8,weight_decay,rate_uniform,16,16,41,0.05,83.640000,,important results/fashion_mnist_fc3rev_three_regs/noise_sweep_rate_uniform_L16_T16/fc3rev_h8/weight_decay/seed_41/noise_sweep_matrix_fashion_mnist_fc3rev_h8_T16_mode_rate_uniform_schedule_normal_seed_41.csv
fc3rev_h8,8,weight_decay,rate_uniform,16,16,41,0.10,83.490000,,important results/fashion_mnist_fc3rev_three_regs/noise_sweep_rate_uniform_L16_T16/fc3rev_h8/weight_decay/seed_41/noise_sweep_matrix_fashion_mnist_fc3rev_h8_T16_mode_rate_uniform_schedule_normal_seed_41.csv
fc3rev_h8,8,weight_decay,rate_uniform,16,16,41,0.15,83.300000,,important results/fashion_mnist_fc3rev_three_regs/noise_sweep_rate_uniform_L16_T16/fc3rev_h8/weight_decay/seed_41/noise_sweep_matrix_fashion_mnist_fc3rev_h8_T16_mode_rate_uniform_schedule_normal_seed_41.csv
fc3rev_h8,8,weight_decay,rate_uniform,16,16,41,0.20,83.530000,,important results/fashion_mnist_fc3rev_three_regs/noise_sweep_rate_uniform_L16_T16/fc3rev_h8/weight_decay/seed_41/noise_sweep_matrix_fashion_mnist_fc3rev_h8_T16_mode_rate_uniform_schedule_normal_seed_41.csv
fc3rev_h8,8,weight_decay,rate_uniform,16,16,41,0.25,83.250000,,important results/fashion_mnist_fc3rev_three_regs/noise_sweep_rate_uniform_L16_T16/fc3rev_h8/weight_decay/seed_41/noise_sweep_matrix_fashion_mnist_fc3rev_h8_T16_mode_rate_uniform_schedule_normal_seed_41.csv
fc3rev_h8,8,weight_decay,rate_uniform,16,16,41,0.30,83.310000,,important results/fashion_mnist_fc3rev_three_regs/noise_sweep_rate_uniform_L16_T16/fc3rev_h8/weight_decay/seed_41/noise_sweep_matrix_fashion_mnist_fc3rev_h8_T16_mode_rate_uniform_schedule_normal_seed_41.csv
fc3rev_h8,8,weight_decay,rate_uniform,16,16,41,0.35,83.220000,,important results/fashion_mnist_fc3rev_three_regs/noise_sweep_rate_uniform_L16_T16/fc3rev_h8/weight_decay/seed_41/noise_sweep_matrix_fashion_mnist_fc3rev_h8_T16_mode_rate_uniform_schedule_normal_seed_41.csv
fc3rev_h8,8,weight_decay,rate_uniform,16,16,41,0.40,83.010000,,important results/fashion_mnist_fc3rev_three_regs/noise_sweep_rate_uniform_L16_T16/fc3rev_h8/weight_decay/seed_41/noise_sweep_matrix_fashion_mnist_fc3rev_h8_T16_mode_rate_uniform_schedule_normal_seed_41.csv
fc3rev_h8,8,weight_decay,rate_uniform,16,16,41,0.45,82.660000,,important results/fashion_mnist_fc3rev_three_regs/noise_sweep_rate_uniform_L16_T16/fc3rev_h8/weight_decay/seed_41/noise_sweep_matrix_fashion_mnist_fc3rev_h8_T16_mode_rate_uniform_schedule_normal_seed_41.csv
fc3rev_h8,8,weight_decay,rate_uniform,16,16,41,0.50,82.470000,,important results/fashion_mnist_fc3rev_three_regs/noise_sweep_rate_uniform_L16_T16/fc3rev_h8/weight_decay/seed_41/noise_sweep_matrix_fashion_mnist_fc3rev_h8_T16_mode_rate_uniform_schedule_normal_seed_41.csv
fc3rev_h8,8,weight_decay,rate_uniform,16,16,41,0.55,82.120000,,important results/fashion_mnist_fc3rev_three_regs/noise_sweep_rate_uniform_L16_T16/fc3rev_h8/weight_decay/seed_41/noise_sweep_matrix_fashion_mnist_fc3rev_h8_T16_mode_rate_uniform_schedule_normal_seed_41.csv
fc3rev_h8,8,weight_decay,rate_uniform,16,16,41,0.60,81.960000,,important results/fashion_mnist_fc3rev_three_regs/noise_sweep_rate_uniform_L16_T16/fc3rev_h8/weight_decay/seed_41/noise_sweep_matrix_fashion_mnist_fc3rev_h8_T16_mode_rate_uniform_schedule_normal_seed_41.csv
fc3rev_h8,8,weight_decay,rate_uniform,16,16,41,0.65,81.590000,,important results/fashion_mnist_fc3rev_three_regs/noise_sweep_rate_uniform_L16_T16/fc3rev_h8/weight_decay/seed_41/noise_sweep_matrix_fashion_mnist_fc3rev_h8_T16_mode_rate_uniform_schedule_normal_seed_41.csv
fc3rev_h8,8,weight_decay,rate_uniform,16,16,41,0.70,81.460000,,important results/fashion_mnist_fc3rev_three_regs/noise_sweep_rate_uniform_L16_T16/fc3rev_h8/weight_decay/seed_41/noise_sweep_matrix_fashion_mnist_fc3rev_h8_T16_mode_rate_uniform_schedule_normal_seed_41.csv
fc3rev_h8,8,weight_decay,rate_uniform,16,16,41,0.75,81.130000,,important results/fashion_mnist_fc3rev_three_regs/noise_sweep_rate_uniform_L16_T16/fc3rev_h8/weight_decay/seed_41/noise_sweep_matrix_fashion_mnist_fc3rev_h8_T16_mode_rate_uniform_schedule_normal_seed_41.csv
fc3rev_h8,8,weight_decay,rate_uniform,16,16,41,0.80,80.640000,,important results/fashion_mnist_fc3rev_three_regs/noise_sweep_rate_uniform_L16_T16/fc3rev_h8/weight_decay/seed_41/noise_sweep_matrix_fashion_mnist_fc3rev_h8_T16_mode_rate_uniform_schedule_normal_seed_41.csv
fc3rev_h8,8,weight_decay,rate_uniform,16,16,41,0.85,80.510000,,important results/fashion_mnist_fc3rev_three_regs/noise_sweep_rate_uniform_L16_T16/fc3rev_h8/weight_decay/seed_41/noise_sweep_matrix_fashion_mnist_fc3rev_h8_T16_mode_rate_uniform_schedule_normal_seed_41.csv
fc3rev_h8,8,weight_decay,rate_uniform,16,16,41,0.90,80.040000,,important results/fashion_mnist_fc3rev_three_regs/noise_sweep_rate_uniform_L16_T16/fc3rev_h8/weight_decay/seed_41/noise_sweep_matrix_fashion_mnist_fc3rev_h8_T16_mode_rate_uniform_schedule_normal_seed_41.csv
fc3rev_h8,8,weight_decay,rate_uniform,16,16,41,0.95,79.720000,,important results/fashion_mnist_fc3rev_three_regs/noise_sweep_rate_uniform_L16_T16/fc3rev_h8/weight_decay/seed_41/noise_sweep_matrix_fashion_mnist_fc3rev_h8_T16_mode_rate_uniform_schedule_normal_seed_41.csv
fc3rev_h8,8,weight_decay,rate_uniform,16,16,41,1.00,79.230000,,important results/fashion_mnist_fc3rev_three_regs/noise_sweep_rate_uniform_L16_T16/fc3rev_h8/weight_decay/seed_41/noise_sweep_matrix_fashion_mnist_fc3rev_h8_T16_mode_rate_uniform_schedule_normal_seed_41.csv
fc3rev_h8,8,weight_decay,rate_uniform,16,16,42,0.00,83.470000,,important results/fashion_mnist_fc3rev_three_regs/noise_sweep_rate_uniform_L16_T16/fc3rev_h8/weight_decay/seed_42/noise_sweep_matrix_fashion_mnist_fc3rev_h8_T16_mode_rate_uniform_schedule_normal_seed_42.csv
fc3rev_h8,8,weight_decay,rate_uniform,16,16,42,0.05,83.400000,,important results/fashion_mnist_fc3rev_three_regs/noise_sweep_rate_uniform_L16_T16/fc3rev_h8/weight_decay/seed_42/noise_sweep_matrix_fashion_mnist_fc3rev_h8_T16_mode_rate_uniform_schedule_normal_seed_42.csv
fc3rev_h8,8,weight_decay,rate_uniform,16,16,42,0.10,83.450000,,important results/fashion_mnist_fc3rev_three_regs/noise_sweep_rate_uniform_L16_T16/fc3rev_h8/weight_decay/seed_42/noise_sweep_matrix_fashion_mnist_fc3rev_h8_T16_mode_rate_uniform_schedule_normal_seed_42.csv
fc3rev_h8,8,weight_decay,rate_uniform,16,16,42,0.15,83.440000,,important results/fashion_mnist_fc3rev_three_regs/noise_sweep_rate_uniform_L16_T16/fc3rev_h8/weight_decay/seed_42/noise_sweep_matrix_fashion_mnist_fc3rev_h8_T16_mode_rate_uniform_schedule_normal_seed_42.csv
fc3rev_h8,8,weight_decay,rate_uniform,16,16,42,0.20,83.130000,,important results/fashion_mnist_fc3rev_three_regs/noise_sweep_rate_uniform_L16_T16/fc3rev_h8/weight_decay/seed_42/noise_sweep_matrix_fashion_mnist_fc3rev_h8_T16_mode_rate_uniform_schedule_normal_seed_42.csv
fc3rev_h8,8,weight_decay,rate_uniform,16,16,42,0.25,82.990000,,important results/fashion_mnist_fc3rev_three_regs/noise_sweep_rate_uniform_L16_T16/fc3rev_h8/weight_decay/seed_42/noise_sweep_matrix_fashion_mnist_fc3rev_h8_T16_mode_rate_uniform_schedule_normal_seed_42.csv
fc3rev_h8,8,weight_decay,rate_uniform,16,16,42,0.30,83.030000,,important results/fashion_mnist_fc3rev_three_regs/noise_sweep_rate_uniform_L16_T16/fc3rev_h8/weight_decay/seed_42/noise_sweep_matrix_fashion_mnist_fc3rev_h8_T16_mode_rate_uniform_schedule_normal_seed_42.csv
fc3rev_h8,8,weight_decay,rate_uniform,16,16,42,0.35,82.790000,,important results/fashion_mnist_fc3rev_three_regs/noise_sweep_rate_uniform_L16_T16/fc3rev_h8/weight_decay/seed_42/noise_sweep_matrix_fashion_mnist_fc3rev_h8_T16_mode_rate_uniform_schedule_normal_seed_42.csv
fc3rev_h8,8,weight_decay,rate_uniform,16,16,42,0.40,82.740000,,important results/fashion_mnist_fc3rev_three_regs/noise_sweep_rate_uniform_L16_T16/fc3rev_h8/weight_decay/seed_42/noise_sweep_matrix_fashion_mnist_fc3rev_h8_T16_mode_rate_uniform_schedule_normal_seed_42.csv
fc3rev_h8,8,weight_decay,rate_uniform,16,16,42,0.45,82.570000,,important results/fashion_mnist_fc3rev_three_regs/noise_sweep_rate_uniform_L16_T16/fc3rev_h8/weight_decay/seed_42/noise_sweep_matrix_fashion_mnist_fc3rev_h8_T16_mode_rate_uniform_schedule_normal_seed_42.csv
fc3rev_h8,8,weight_decay,rate_uniform,16,16,42,0.50,82.460000,,important results/fashion_mnist_fc3rev_three_regs/noise_sweep_rate_uniform_L16_T16/fc3rev_h8/weight_decay/seed_42/noise_sweep_matrix_fashion_mnist_fc3rev_h8_T16_mode_rate_uniform_schedule_normal_seed_42.csv
fc3rev_h8,8,weight_decay,rate_uniform,16,16,42,0.55,82.050000,,important results/fashion_mnist_fc3rev_three_regs/noise_sweep_rate_uniform_L16_T16/fc3rev_h8/weight_decay/seed_42/noise_sweep_matrix_fashion_mnist_fc3rev_h8_T16_mode_rate_uniform_schedule_normal_seed_42.csv
fc3rev_h8,8,weight_decay,rate_uniform,16,16,42,0.60,82.080000,,important results/fashion_mnist_fc3rev_three_regs/noise_sweep_rate_uniform_L16_T16/fc3rev_h8/weight_decay/seed_42/noise_sweep_matrix_fashion_mnist_fc3rev_h8_T16_mode_rate_uniform_schedule_normal_seed_42.csv
fc3rev_h8,8,weight_decay,rate_uniform,16,16,42,0.65,81.750000,,important results/fashion_mnist_fc3rev_three_regs/noise_sweep_rate_uniform_L16_T16/fc3rev_h8/weight_decay/seed_42/noise_sweep_matrix_fashion_mnist_fc3rev_h8_T16_mode_rate_uniform_schedule_normal_seed_42.csv
fc3rev_h8,8,weight_decay,rate_uniform,16,16,42,0.70,81.270000,,important results/fashion_mnist_fc3rev_three_regs/noise_sweep_rate_uniform_L16_T16/fc3rev_h8/weight_decay/seed_42/noise_sweep_matrix_fashion_mnist_fc3rev_h8_T16_mode_rate_uniform_schedule_normal_seed_42.csv
fc3rev_h8,8,weight_decay,rate_uniform,16,16,42,0.75,80.740000,,important results/fashion_mnist_fc3rev_three_regs/noise_sweep_rate_uniform_L16_T16/fc3rev_h8/weight_decay/seed_42/noise_sweep_matrix_fashion_mnist_fc3rev_h8_T16_mode_rate_uniform_schedule_normal_seed_42.csv
fc3rev_h8,8,weight_decay,rate_uniform,16,16,42,0.80,80.560000,,important results/fashion_mnist_fc3rev_three_regs/noise_sweep_rate_uniform_L16_T16/fc3rev_h8/weight_decay/seed_42/noise_sweep_matrix_fashion_mnist_fc3rev_h8_T16_mode_rate_uniform_schedule_normal_seed_42.csv
fc3rev_h8,8,weight_decay,rate_uniform,16,16,42,0.85,80.900000,,important results/fashion_mnist_fc3rev_three_regs/noise_sweep_rate_uniform_L16_T16/fc3rev_h8/weight_decay/seed_42/noise_sweep_matrix_fashion_mnist_fc3rev_h8_T16_mode_rate_uniform_schedule_normal_seed_42.csv
fc3rev_h8,8,weight_decay,rate_uniform,16,16,42,0.90,79.880000,,important results/fashion_mnist_fc3rev_three_regs/noise_sweep_rate_uniform_L16_T16/fc3rev_h8/weight_decay/seed_42/noise_sweep_matrix_fashion_mnist_fc3rev_h8_T16_mode_rate_uniform_schedule_normal_seed_42.csv
fc3rev_h8,8,weight_decay,rate_uniform,16,16,42,0.95,80.050000,,important results/fashion_mnist_fc3rev_three_regs/noise_sweep_rate_uniform_L16_T16/fc3rev_h8/weight_decay/seed_42/noise_sweep_matrix_fashion_mnist_fc3rev_h8_T16_mode_rate_uniform_schedule_normal_seed_42.csv
fc3rev_h8,8,weight_decay,rate_uniform,16,16,42,1.00,79.520000,,important results/fashion_mnist_fc3rev_three_regs/noise_sweep_rate_uniform_L16_T16/fc3rev_h8/weight_decay/seed_42/noise_sweep_matrix_fashion_mnist_fc3rev_h8_T16_mode_rate_uniform_schedule_normal_seed_42.csv
fc3rev_h8,8,weight_decay,rate_uniform,16,16,43,0.00,83.220000,,important results/fashion_mnist_fc3rev_three_regs/noise_sweep_rate_uniform_L16_T16/fc3rev_h8/weight_decay/seed_43/noise_sweep_matrix_fashion_mnist_fc3rev_h8_T16_mode_rate_uniform_schedule_normal_seed_43.csv
fc3rev_h8,8,weight_decay,rate_uniform,16,16,43,0.05,83.210000,,important results/fashion_mnist_fc3rev_three_regs/noise_sweep_rate_uniform_L16_T16/fc3rev_h8/weight_decay/seed_43/noise_sweep_matrix_fashion_mnist_fc3rev_h8_T16_mode_rate_uniform_schedule_normal_seed_43.csv
fc3rev_h8,8,weight_decay,rate_uniform,16,16,43,0.10,83.240000,,important results/fashion_mnist_fc3rev_three_regs/noise_sweep_rate_uniform_L16_T16/fc3rev_h8/weight_decay/seed_43/noise_sweep_matrix_fashion_mnist_fc3rev_h8_T16_mode_rate_uniform_schedule_normal_seed_43.csv
fc3rev_h8,8,weight_decay,rate_uniform,16,16,43,0.15,83.070000,,important results/fashion_mnist_fc3rev_three_regs/noise_sweep_rate_uniform_L16_T16/fc3rev_h8/weight_decay/seed_43/noise_sweep_matrix_fashion_mnist_fc3rev_h8_T16_mode_rate_uniform_schedule_normal_seed_43.csv
fc3rev_h8,8,weight_decay,rate_uniform,16,16,43,0.20,82.910000,,important results/fashion_mnist_fc3rev_three_regs/noise_sweep_rate_uniform_L16_T16/fc3rev_h8/weight_decay/seed_43/noise_sweep_matrix_fashion_mnist_fc3rev_h8_T16_mode_rate_uniform_schedule_normal_seed_43.csv
fc3rev_h8,8,weight_decay,rate_uniform,16,16,43,0.25,83.110000,,important results/fashion_mnist_fc3rev_three_regs/noise_sweep_rate_uniform_L16_T16/fc3rev_h8/weight_decay/seed_43/noise_sweep_matrix_fashion_mnist_fc3rev_h8_T16_mode_rate_uniform_schedule_normal_seed_43.csv
fc3rev_h8,8,weight_decay,rate_uniform,16,16,43,0.30,82.870000,,important results/fashion_mnist_fc3rev_three_regs/noise_sweep_rate_uniform_L16_T16/fc3rev_h8/weight_decay/seed_43/noise_sweep_matrix_fashion_mnist_fc3rev_h8_T16_mode_rate_uniform_schedule_normal_seed_43.csv
fc3rev_h8,8,weight_decay,rate_uniform,16,16,43,0.35,82.780000,,important results/fashion_mnist_fc3rev_three_regs/noise_sweep_rate_uniform_L16_T16/fc3rev_h8/weight_decay/seed_43/noise_sweep_matrix_fashion_mnist_fc3rev_h8_T16_mode_rate_uniform_schedule_normal_seed_43.csv
fc3rev_h8,8,weight_decay,rate_uniform,16,16,43,0.40,82.850000,,important results/fashion_mnist_fc3rev_three_regs/noise_sweep_rate_uniform_L16_T16/fc3rev_h8/weight_decay/seed_43/noise_sweep_matrix_fashion_mnist_fc3rev_h8_T16_mode_rate_uniform_schedule_normal_seed_43.csv
fc3rev_h8,8,weight_decay,rate_uniform,16,16,43,0.45,82.600000,,important results/fashion_mnist_fc3rev_three_regs/noise_sweep_rate_uniform_L16_T16/fc3rev_h8/weight_decay/seed_43/noise_sweep_matrix_fashion_mnist_fc3rev_h8_T16_mode_rate_uniform_schedule_normal_seed_43.csv
fc3rev_h8,8,weight_decay,rate_uniform,16,16,43,0.50,82.300000,,important results/fashion_mnist_fc3rev_three_regs/noise_sweep_rate_uniform_L16_T16/fc3rev_h8/weight_decay/seed_43/noise_sweep_matrix_fashion_mnist_fc3rev_h8_T16_mode_rate_uniform_schedule_normal_seed_43.csv
fc3rev_h8,8,weight_decay,rate_uniform,16,16,43,0.55,82.190000,,important results/fashion_mnist_fc3rev_three_regs/noise_sweep_rate_uniform_L16_T16/fc3rev_h8/weight_decay/seed_43/noise_sweep_matrix_fashion_mnist_fc3rev_h8_T16_mode_rate_uniform_schedule_normal_seed_43.csv
fc3rev_h8,8,weight_decay,rate_uniform,16,16,43,0.60,82.150000,,important results/fashion_mnist_fc3rev_three_regs/noise_sweep_rate_uniform_L16_T16/fc3rev_h8/weight_decay/seed_43/noise_sweep_matrix_fashion_mnist_fc3rev_h8_T16_mode_rate_uniform_schedule_normal_seed_43.csv
fc3rev_h8,8,weight_decay,rate_uniform,16,16,43,0.65,81.520000,,important results/fashion_mnist_fc3rev_three_regs/noise_sweep_rate_uniform_L16_T16/fc3rev_h8/weight_decay/seed_43/noise_sweep_matrix_fashion_mnist_fc3rev_h8_T16_mode_rate_uniform_schedule_normal_seed_43.csv
fc3rev_h8,8,weight_decay,rate_uniform,16,16,43,0.70,81.420000,,important results/fashion_mnist_fc3rev_three_regs/noise_sweep_rate_uniform_L16_T16/fc3rev_h8/weight_decay/seed_43/noise_sweep_matrix_fashion_mnist_fc3rev_h8_T16_mode_rate_uniform_schedule_normal_seed_43.csv
fc3rev_h8,8,weight_decay,rate_uniform,16,16,43,0.75,80.790000,,important results/fashion_mnist_fc3rev_three_regs/noise_sweep_rate_uniform_L16_T16/fc3rev_h8/weight_decay/seed_43/noise_sweep_matrix_fashion_mnist_fc3rev_h8_T16_mode_rate_uniform_schedule_normal_seed_43.csv
fc3rev_h8,8,weight_decay,rate_uniform,16,16,43,0.80,80.750000,,important results/fashion_mnist_fc3rev_three_regs/noise_sweep_rate_uniform_L16_T16/fc3rev_h8/weight_decay/seed_43/noise_sweep_matrix_fashion_mnist_fc3rev_h8_T16_mode_rate_uniform_schedule_normal_seed_43.csv
fc3rev_h8,8,weight_decay,rate_uniform,16,16,43,0.85,80.730000,,important results/fashion_mnist_fc3rev_three_regs/noise_sweep_rate_uniform_L16_T16/fc3rev_h8/weight_decay/seed_43/noise_sweep_matrix_fashion_mnist_fc3rev_h8_T16_mode_rate_uniform_schedule_normal_seed_43.csv
fc3rev_h8,8,weight_decay,rate_uniform,16,16,43,0.90,80.440000,,important results/fashion_mnist_fc3rev_three_regs/noise_sweep_rate_uniform_L16_T16/fc3rev_h8/weight_decay/seed_43/noise_sweep_matrix_fashion_mnist_fc3rev_h8_T16_mode_rate_uniform_schedule_normal_seed_43.csv
fc3rev_h8,8,weight_decay,rate_uniform,16,16,43,0.95,80.070000,,important results/fashion_mnist_fc3rev_three_regs/noise_sweep_rate_uniform_L16_T16/fc3rev_h8/weight_decay/seed_43/noise_sweep_matrix_fashion_mnist_fc3rev_h8_T16_mode_rate_uniform_schedule_normal_seed_43.csv
fc3rev_h8,8,weight_decay,rate_uniform,16,16,43,1.00,79.210000,,important results/fashion_mnist_fc3rev_three_regs/noise_sweep_rate_uniform_L16_T16/fc3rev_h8/weight_decay/seed_43/noise_sweep_matrix_fashion_mnist_fc3rev_h8_T16_mode_rate_uniform_schedule_normal_seed_43.csv
fc3rev_h8,8,weight_decay,rate_uniform,16,16,44,0.00,83.400000,,important results/fashion_mnist_fc3rev_three_regs/noise_sweep_rate_uniform_L16_T16/fc3rev_h8/weight_decay/seed_44/noise_sweep_matrix_fashion_mnist_fc3rev_h8_T16_mode_rate_uniform_schedule_normal_seed_44.csv
fc3rev_h8,8,weight_decay,rate_uniform,16,16,44,0.05,83.430000,,important results/fashion_mnist_fc3rev_three_regs/noise_sweep_rate_uniform_L16_T16/fc3rev_h8/weight_decay/seed_44/noise_sweep_matrix_fashion_mnist_fc3rev_h8_T16_mode_rate_uniform_schedule_normal_seed_44.csv
fc3rev_h8,8,weight_decay,rate_uniform,16,16,44,0.10,83.320000,,important results/fashion_mnist_fc3rev_three_regs/noise_sweep_rate_uniform_L16_T16/fc3rev_h8/weight_decay/seed_44/noise_sweep_matrix_fashion_mnist_fc3rev_h8_T16_mode_rate_uniform_schedule_normal_seed_44.csv
fc3rev_h8,8,weight_decay,rate_uniform,16,16,44,0.15,83.140000,,important results/fashion_mnist_fc3rev_three_regs/noise_sweep_rate_uniform_L16_T16/fc3rev_h8/weight_decay/seed_44/noise_sweep_matrix_fashion_mnist_fc3rev_h8_T16_mode_rate_uniform_schedule_normal_seed_44.csv
fc3rev_h8,8,weight_decay,rate_uniform,16,16,44,0.20,83.620000,,important results/fashion_mnist_fc3rev_three_regs/noise_sweep_rate_uniform_L16_T16/fc3rev_h8/weight_decay/seed_44/noise_sweep_matrix_fashion_mnist_fc3rev_h8_T16_mode_rate_uniform_schedule_normal_seed_44.csv
fc3rev_h8,8,weight_decay,rate_uniform,16,16,44,0.25,83.340000,,important results/fashion_mnist_fc3rev_three_regs/noise_sweep_rate_uniform_L16_T16/fc3rev_h8/weight_decay/seed_44/noise_sweep_matrix_fashion_mnist_fc3rev_h8_T16_mode_rate_uniform_schedule_normal_seed_44.csv
fc3rev_h8,8,weight_decay,rate_uniform,16,16,44,0.30,82.960000,,important results/fashion_mnist_fc3rev_three_regs/noise_sweep_rate_uniform_L16_T16/fc3rev_h8/weight_decay/seed_44/noise_sweep_matrix_fashion_mnist_fc3rev_h8_T16_mode_rate_uniform_schedule_normal_seed_44.csv
fc3rev_h8,8,weight_decay,rate_uniform,16,16,44,0.35,82.980000,,important results/fashion_mnist_fc3rev_three_regs/noise_sweep_rate_uniform_L16_T16/fc3rev_h8/weight_decay/seed_44/noise_sweep_matrix_fashion_mnist_fc3rev_h8_T16_mode_rate_uniform_schedule_normal_seed_44.csv
fc3rev_h8,8,weight_decay,rate_uniform,16,16,44,0.40,82.700000,,important results/fashion_mnist_fc3rev_three_regs/noise_sweep_rate_uniform_L16_T16/fc3rev_h8/weight_decay/seed_44/noise_sweep_matrix_fashion_mnist_fc3rev_h8_T16_mode_rate_uniform_schedule_normal_seed_44.csv
fc3rev_h8,8,weight_decay,rate_uniform,16,16,44,0.45,82.150000,,important results/fashion_mnist_fc3rev_three_regs/noise_sweep_rate_uniform_L16_T16/fc3rev_h8/weight_decay/seed_44/noise_sweep_matrix_fashion_mnist_fc3rev_h8_T16_mode_rate_uniform_schedule_normal_seed_44.csv
fc3rev_h8,8,weight_decay,rate_uniform,16,16,44,0.50,82.510000,,important results/fashion_mnist_fc3rev_three_regs/noise_sweep_rate_uniform_L16_T16/fc3rev_h8/weight_decay/seed_44/noise_sweep_matrix_fashion_mnist_fc3rev_h8_T16_mode_rate_uniform_schedule_normal_seed_44.csv
fc3rev_h8,8,weight_decay,rate_uniform,16,16,44,0.55,82.270000,,important results/fashion_mnist_fc3rev_three_regs/noise_sweep_rate_uniform_L16_T16/fc3rev_h8/weight_decay/seed_44/noise_sweep_matrix_fashion_mnist_fc3rev_h8_T16_mode_rate_uniform_schedule_normal_seed_44.csv
fc3rev_h8,8,weight_decay,rate_uniform,16,16,44,0.60,82.080000,,important results/fashion_mnist_fc3rev_three_regs/noise_sweep_rate_uniform_L16_T16/fc3rev_h8/weight_decay/seed_44/noise_sweep_matrix_fashion_mnist_fc3rev_h8_T16_mode_rate_uniform_schedule_normal_seed_44.csv
fc3rev_h8,8,weight_decay,rate_uniform,16,16,44,0.65,82.230000,,important results/fashion_mnist_fc3rev_three_regs/noise_sweep_rate_uniform_L16_T16/fc3rev_h8/weight_decay/seed_44/noise_sweep_matrix_fashion_mnist_fc3rev_h8_T16_mode_rate_uniform_schedule_normal_seed_44.csv
fc3rev_h8,8,weight_decay,rate_uniform,16,16,44,0.70,81.780000,,important results/fashion_mnist_fc3rev_three_regs/noise_sweep_rate_uniform_L16_T16/fc3rev_h8/weight_decay/seed_44/noise_sweep_matrix_fashion_mnist_fc3rev_h8_T16_mode_rate_uniform_schedule_normal_seed_44.csv
fc3rev_h8,8,weight_decay,rate_uniform,16,16,44,0.75,81.400000,,important results/fashion_mnist_fc3rev_three_regs/noise_sweep_rate_uniform_L16_T16/fc3rev_h8/weight_decay/seed_44/noise_sweep_matrix_fashion_mnist_fc3rev_h8_T16_mode_rate_uniform_schedule_normal_seed_44.csv
fc3rev_h8,8,weight_decay,rate_uniform,16,16,44,0.80,80.990000,,important results/fashion_mnist_fc3rev_three_regs/noise_sweep_rate_uniform_L16_T16/fc3rev_h8/weight_decay/seed_44/noise_sweep_matrix_fashion_mnist_fc3rev_h8_T16_mode_rate_uniform_schedule_normal_seed_44.csv
fc3rev_h8,8,weight_decay,rate_uniform,16,16,44,0.85,80.750000,,important results/fashion_mnist_fc3rev_three_regs/noise_sweep_rate_uniform_L16_T16/fc3rev_h8/weight_decay/seed_44/noise_sweep_matrix_fashion_mnist_fc3rev_h8_T16_mode_rate_uniform_schedule_normal_seed_44.csv
fc3rev_h8,8,weight_decay,rate_uniform,16,16,44,0.90,80.540000,,important results/fashion_mnist_fc3rev_three_regs/noise_sweep_rate_uniform_L16_T16/fc3rev_h8/weight_decay/seed_44/noise_sweep_matrix_fashion_mnist_fc3rev_h8_T16_mode_rate_uniform_schedule_normal_seed_44.csv
fc3rev_h8,8,weight_decay,rate_uniform,16,16,44,0.95,80.410000,,important results/fashion_mnist_fc3rev_three_regs/noise_sweep_rate_uniform_L16_T16/fc3rev_h8/weight_decay/seed_44/noise_sweep_matrix_fashion_mnist_fc3rev_h8_T16_mode_rate_uniform_schedule_normal_seed_44.csv
fc3rev_h8,8,weight_decay,rate_uniform,16,16,44,1.00,80.200000,,important results/fashion_mnist_fc3rev_three_regs/noise_sweep_rate_uniform_L16_T16/fc3rev_h8/weight_decay/seed_44/noise_sweep_matrix_fashion_mnist_fc3rev_h8_T16_mode_rate_uniform_schedule_normal_seed_44.csv
fc3rev_h16,16,mne_l2,rate_uniform,16,16,40,0.00,82.670000,,important results/fashion_mnist_fc3rev_three_regs/noise_sweep_rate_uniform_L16_T16/fc3rev_h16/mne_l2/seed_40/noise_sweep_matrix_fashion_mnist_fc3rev_h16_T16_mode_rate_uniform_schedule_normal_seed_40.csv
fc3rev_h16,16,mne_l2,rate_uniform,16,16,40,0.05,82.590000,,important results/fashion_mnist_fc3rev_three_regs/noise_sweep_rate_uniform_L16_T16/fc3rev_h16/mne_l2/seed_40/noise_sweep_matrix_fashion_mnist_fc3rev_h16_T16_mode_rate_uniform_schedule_normal_seed_40.csv
fc3rev_h16,16,mne_l2,rate_uniform,16,16,40,0.10,82.620000,,important results/fashion_mnist_fc3rev_three_regs/noise_sweep_rate_uniform_L16_T16/fc3rev_h16/mne_l2/seed_40/noise_sweep_matrix_fashion_mnist_fc3rev_h16_T16_mode_rate_uniform_schedule_normal_seed_40.csv
fc3rev_h16,16,mne_l2,rate_uniform,16,16,40,0.15,82.610000,,important results/fashion_mnist_fc3rev_three_regs/noise_sweep_rate_uniform_L16_T16/fc3rev_h16/mne_l2/seed_40/noise_sweep_matrix_fashion_mnist_fc3rev_h16_T16_mode_rate_uniform_schedule_normal_seed_40.csv
fc3rev_h16,16,mne_l2,rate_uniform,16,16,40,0.20,82.790000,,important results/fashion_mnist_fc3rev_three_regs/noise_sweep_rate_uniform_L16_T16/fc3rev_h16/mne_l2/seed_40/noise_sweep_matrix_fashion_mnist_fc3rev_h16_T16_mode_rate_uniform_schedule_normal_seed_40.csv
fc3rev_h16,16,mne_l2,rate_uniform,16,16,40,0.25,82.650000,,important results/fashion_mnist_fc3rev_three_regs/noise_sweep_rate_uniform_L16_T16/fc3rev_h16/mne_l2/seed_40/noise_sweep_matrix_fashion_mnist_fc3rev_h16_T16_mode_rate_uniform_schedule_normal_seed_40.csv
fc3rev_h16,16,mne_l2,rate_uniform,16,16,40,0.30,82.820000,,important results/fashion_mnist_fc3rev_three_regs/noise_sweep_rate_uniform_L16_T16/fc3rev_h16/mne_l2/seed_40/noise_sweep_matrix_fashion_mnist_fc3rev_h16_T16_mode_rate_uniform_schedule_normal_seed_40.csv
fc3rev_h16,16,mne_l2,rate_uniform,16,16,40,0.35,82.550000,,important results/fashion_mnist_fc3rev_three_regs/noise_sweep_rate_uniform_L16_T16/fc3rev_h16/mne_l2/seed_40/noise_sweep_matrix_fashion_mnist_fc3rev_h16_T16_mode_rate_uniform_schedule_normal_seed_40.csv
fc3rev_h16,16,mne_l2,rate_uniform,16,16,40,0.40,82.560000,,important results/fashion_mnist_fc3rev_three_regs/noise_sweep_rate_uniform_L16_T16/fc3rev_h16/mne_l2/seed_40/noise_sweep_matrix_fashion_mnist_fc3rev_h16_T16_mode_rate_uniform_schedule_normal_seed_40.csv
fc3rev_h16,16,mne_l2,rate_uniform,16,16,40,0.45,82.480000,,important results/fashion_mnist_fc3rev_three_regs/noise_sweep_rate_uniform_L16_T16/fc3rev_h16/mne_l2/seed_40/noise_sweep_matrix_fashion_mnist_fc3rev_h16_T16_mode_rate_uniform_schedule_normal_seed_40.csv
fc3rev_h16,16,mne_l2,rate_uniform,16,16,40,0.50,82.510000,,important results/fashion_mnist_fc3rev_three_regs/noise_sweep_rate_uniform_L16_T16/fc3rev_h16/mne_l2/seed_40/noise_sweep_matrix_fashion_mnist_fc3rev_h16_T16_mode_rate_uniform_schedule_normal_seed_40.csv
fc3rev_h16,16,mne_l2,rate_uniform,16,16,40,0.55,82.540000,,important results/fashion_mnist_fc3rev_three_regs/noise_sweep_rate_uniform_L16_T16/fc3rev_h16/mne_l2/seed_40/noise_sweep_matrix_fashion_mnist_fc3rev_h16_T16_mode_rate_uniform_schedule_normal_seed_40.csv
fc3rev_h16,16,mne_l2,rate_uniform,16,16,40,0.60,82.380000,,important results/fashion_mnist_fc3rev_three_regs/noise_sweep_rate_uniform_L16_T16/fc3rev_h16/mne_l2/seed_40/noise_sweep_matrix_fashion_mnist_fc3rev_h16_T16_mode_rate_uniform_schedule_normal_seed_40.csv
fc3rev_h16,16,mne_l2,rate_uniform,16,16,40,0.65,82.220000,,important results/fashion_mnist_fc3rev_three_regs/noise_sweep_rate_uniform_L16_T16/fc3rev_h16/mne_l2/seed_40/noise_sweep_matrix_fashion_mnist_fc3rev_h16_T16_mode_rate_uniform_schedule_normal_seed_40.csv
fc3rev_h16,16,mne_l2,rate_uniform,16,16,40,0.70,81.580000,,important results/fashion_mnist_fc3rev_three_regs/noise_sweep_rate_uniform_L16_T16/fc3rev_h16/mne_l2/seed_40/noise_sweep_matrix_fashion_mnist_fc3rev_h16_T16_mode_rate_uniform_schedule_normal_seed_40.csv
fc3rev_h16,16,mne_l2,rate_uniform,16,16,40,0.75,81.760000,,important results/fashion_mnist_fc3rev_three_regs/noise_sweep_rate_uniform_L16_T16/fc3rev_h16/mne_l2/seed_40/noise_sweep_matrix_fashion_mnist_fc3rev_h16_T16_mode_rate_uniform_schedule_normal_seed_40.csv
fc3rev_h16,16,mne_l2,rate_uniform,16,16,40,0.80,81.800000,,important results/fashion_mnist_fc3rev_three_regs/noise_sweep_rate_uniform_L16_T16/fc3rev_h16/mne_l2/seed_40/noise_sweep_matrix_fashion_mnist_fc3rev_h16_T16_mode_rate_uniform_schedule_normal_seed_40.csv
fc3rev_h16,16,mne_l2,rate_uniform,16,16,40,0.85,81.700000,,important results/fashion_mnist_fc3rev_three_regs/noise_sweep_rate_uniform_L16_T16/fc3rev_h16/mne_l2/seed_40/noise_sweep_matrix_fashion_mnist_fc3rev_h16_T16_mode_rate_uniform_schedule_normal_seed_40.csv
fc3rev_h16,16,mne_l2,rate_uniform,16,16,40,0.90,81.390000,,important results/fashion_mnist_fc3rev_three_regs/noise_sweep_rate_uniform_L16_T16/fc3rev_h16/mne_l2/seed_40/noise_sweep_matrix_fashion_mnist_fc3rev_h16_T16_mode_rate_uniform_schedule_normal_seed_40.csv
fc3rev_h16,16,mne_l2,rate_uniform,16,16,40,0.95,81.670000,,important results/fashion_mnist_fc3rev_three_regs/noise_sweep_rate_uniform_L16_T16/fc3rev_h16/mne_l2/seed_40/noise_sweep_matrix_fashion_mnist_fc3rev_h16_T16_mode_rate_uniform_schedule_normal_seed_40.csv
fc3rev_h16,16,mne_l2,rate_uniform,16,16,40,1.00,81.320000,,important results/fashion_mnist_fc3rev_three_regs/noise_sweep_rate_uniform_L16_T16/fc3rev_h16/mne_l2/seed_40/noise_sweep_matrix_fashion_mnist_fc3rev_h16_T16_mode_rate_uniform_schedule_normal_seed_40.csv
fc3rev_h16,16,mne_l2,rate_uniform,16,16,41,0.00,83.160000,,important results/fashion_mnist_fc3rev_three_regs/noise_sweep_rate_uniform_L16_T16/fc3rev_h16/mne_l2/seed_41/noise_sweep_matrix_fashion_mnist_fc3rev_h16_T16_mode_rate_uniform_schedule_normal_seed_41.csv
fc3rev_h16,16,mne_l2,rate_uniform,16,16,41,0.05,82.950000,,important results/fashion_mnist_fc3rev_three_regs/noise_sweep_rate_uniform_L16_T16/fc3rev_h16/mne_l2/seed_41/noise_sweep_matrix_fashion_mnist_fc3rev_h16_T16_mode_rate_uniform_schedule_normal_seed_41.csv
fc3rev_h16,16,mne_l2,rate_uniform,16,16,41,0.10,83.090000,,important results/fashion_mnist_fc3rev_three_regs/noise_sweep_rate_uniform_L16_T16/fc3rev_h16/mne_l2/seed_41/noise_sweep_matrix_fashion_mnist_fc3rev_h16_T16_mode_rate_uniform_schedule_normal_seed_41.csv
fc3rev_h16,16,mne_l2,rate_uniform,16,16,41,0.15,83.080000,,important results/fashion_mnist_fc3rev_three_regs/noise_sweep_rate_uniform_L16_T16/fc3rev_h16/mne_l2/seed_41/noise_sweep_matrix_fashion_mnist_fc3rev_h16_T16_mode_rate_uniform_schedule_normal_seed_41.csv
fc3rev_h16,16,mne_l2,rate_uniform,16,16,41,0.20,83.100000,,important results/fashion_mnist_fc3rev_three_regs/noise_sweep_rate_uniform_L16_T16/fc3rev_h16/mne_l2/seed_41/noise_sweep_matrix_fashion_mnist_fc3rev_h16_T16_mode_rate_uniform_schedule_normal_seed_41.csv
fc3rev_h16,16,mne_l2,rate_uniform,16,16,41,0.25,83.190000,,important results/fashion_mnist_fc3rev_three_regs/noise_sweep_rate_uniform_L16_T16/fc3rev_h16/mne_l2/seed_41/noise_sweep_matrix_fashion_mnist_fc3rev_h16_T16_mode_rate_uniform_schedule_normal_seed_41.csv
fc3rev_h16,16,mne_l2,rate_uniform,16,16,41,0.30,82.550000,,important results/fashion_mnist_fc3rev_three_regs/noise_sweep_rate_uniform_L16_T16/fc3rev_h16/mne_l2/seed_41/noise_sweep_matrix_fashion_mnist_fc3rev_h16_T16_mode_rate_uniform_schedule_normal_seed_41.csv
fc3rev_h16,16,mne_l2,rate_uniform,16,16,41,0.35,82.910000,,important results/fashion_mnist_fc3rev_three_regs/noise_sweep_rate_uniform_L16_T16/fc3rev_h16/mne_l2/seed_41/noise_sweep_matrix_fashion_mnist_fc3rev_h16_T16_mode_rate_uniform_schedule_normal_seed_41.csv
fc3rev_h16,16,mne_l2,rate_uniform,16,16,41,0.40,82.650000,,important results/fashion_mnist_fc3rev_three_regs/noise_sweep_rate_uniform_L16_T16/fc3rev_h16/mne_l2/seed_41/noise_sweep_matrix_fashion_mnist_fc3rev_h16_T16_mode_rate_uniform_schedule_normal_seed_41.csv
fc3rev_h16,16,mne_l2,rate_uniform,16,16,41,0.45,83.110000,,important results/fashion_mnist_fc3rev_three_regs/noise_sweep_rate_uniform_L16_T16/fc3rev_h16/mne_l2/seed_41/noise_sweep_matrix_fashion_mnist_fc3rev_h16_T16_mode_rate_uniform_schedule_normal_seed_41.csv
fc3rev_h16,16,mne_l2,rate_uniform,16,16,41,0.50,82.780000,,important results/fashion_mnist_fc3rev_three_regs/noise_sweep_rate_uniform_L16_T16/fc3rev_h16/mne_l2/seed_41/noise_sweep_matrix_fashion_mnist_fc3rev_h16_T16_mode_rate_uniform_schedule_normal_seed_41.csv
fc3rev_h16,16,mne_l2,rate_uniform,16,16,41,0.55,82.670000,,important results/fashion_mnist_fc3rev_three_regs/noise_sweep_rate_uniform_L16_T16/fc3rev_h16/mne_l2/seed_41/noise_sweep_matrix_fashion_mnist_fc3rev_h16_T16_mode_rate_uniform_schedule_normal_seed_41.csv
fc3rev_h16,16,mne_l2,rate_uniform,16,16,41,0.60,82.510000,,important results/fashion_mnist_fc3rev_three_regs/noise_sweep_rate_uniform_L16_T16/fc3rev_h16/mne_l2/seed_41/noise_sweep_matrix_fashion_mnist_fc3rev_h16_T16_mode_rate_uniform_schedule_normal_seed_41.csv
fc3rev_h16,16,mne_l2,rate_uniform,16,16,41,0.65,82.560000,,important results/fashion_mnist_fc3rev_three_regs/noise_sweep_rate_uniform_L16_T16/fc3rev_h16/mne_l2/seed_41/noise_sweep_matrix_fashion_mnist_fc3rev_h16_T16_mode_rate_uniform_schedule_normal_seed_41.csv
fc3rev_h16,16,mne_l2,rate_uniform,16,16,41,0.70,82.580000,,important results/fashion_mnist_fc3rev_three_regs/noise_sweep_rate_uniform_L16_T16/fc3rev_h16/mne_l2/seed_41/noise_sweep_matrix_fashion_mnist_fc3rev_h16_T16_mode_rate_uniform_schedule_normal_seed_41.csv
fc3rev_h16,16,mne_l2,rate_uniform,16,16,41,0.75,82.040000,,important results/fashion_mnist_fc3rev_three_regs/noise_sweep_rate_uniform_L16_T16/fc3rev_h16/mne_l2/seed_41/noise_sweep_matrix_fashion_mnist_fc3rev_h16_T16_mode_rate_uniform_schedule_normal_seed_41.csv
fc3rev_h16,16,mne_l2,rate_uniform,16,16,41,0.80,82.390000,,important results/fashion_mnist_fc3rev_three_regs/noise_sweep_rate_uniform_L16_T16/fc3rev_h16/mne_l2/seed_41/noise_sweep_matrix_fashion_mnist_fc3rev_h16_T16_mode_rate_uniform_schedule_normal_seed_41.csv
fc3rev_h16,16,mne_l2,rate_uniform,16,16,41,0.85,82.090000,,important results/fashion_mnist_fc3rev_three_regs/noise_sweep_rate_uniform_L16_T16/fc3rev_h16/mne_l2/seed_41/noise_sweep_matrix_fashion_mnist_fc3rev_h16_T16_mode_rate_uniform_schedule_normal_seed_41.csv
fc3rev_h16,16,mne_l2,rate_uniform,16,16,41,0.90,81.730000,,important results/fashion_mnist_fc3rev_three_regs/noise_sweep_rate_uniform_L16_T16/fc3rev_h16/mne_l2/seed_41/noise_sweep_matrix_fashion_mnist_fc3rev_h16_T16_mode_rate_uniform_schedule_normal_seed_41.csv
fc3rev_h16,16,mne_l2,rate_uniform,16,16,41,0.95,81.760000,,important results/fashion_mnist_fc3rev_three_regs/noise_sweep_rate_uniform_L16_T16/fc3rev_h16/mne_l2/seed_41/noise_sweep_matrix_fashion_mnist_fc3rev_h16_T16_mode_rate_uniform_schedule_normal_seed_41.csv
fc3rev_h16,16,mne_l2,rate_uniform,16,16,41,1.00,82.080000,,important results/fashion_mnist_fc3rev_three_regs/noise_sweep_rate_uniform_L16_T16/fc3rev_h16/mne_l2/seed_41/noise_sweep_matrix_fashion_mnist_fc3rev_h16_T16_mode_rate_uniform_schedule_normal_seed_41.csv
fc3rev_h16,16,mne_l2,rate_uniform,16,16,42,0.00,83.130000,,important results/fashion_mnist_fc3rev_three_regs/noise_sweep_rate_uniform_L16_T16/fc3rev_h16/mne_l2/seed_42/noise_sweep_matrix_fashion_mnist_fc3rev_h16_T16_mode_rate_uniform_schedule_normal_seed_42.csv
fc3rev_h16,16,mne_l2,rate_uniform,16,16,42,0.05,82.980000,,important results/fashion_mnist_fc3rev_three_regs/noise_sweep_rate_uniform_L16_T16/fc3rev_h16/mne_l2/seed_42/noise_sweep_matrix_fashion_mnist_fc3rev_h16_T16_mode_rate_uniform_schedule_normal_seed_42.csv
fc3rev_h16,16,mne_l2,rate_uniform,16,16,42,0.10,82.810000,,important results/fashion_mnist_fc3rev_three_regs/noise_sweep_rate_uniform_L16_T16/fc3rev_h16/mne_l2/seed_42/noise_sweep_matrix_fashion_mnist_fc3rev_h16_T16_mode_rate_uniform_schedule_normal_seed_42.csv
fc3rev_h16,16,mne_l2,rate_uniform,16,16,42,0.15,83.050000,,important results/fashion_mnist_fc3rev_three_regs/noise_sweep_rate_uniform_L16_T16/fc3rev_h16/mne_l2/seed_42/noise_sweep_matrix_fashion_mnist_fc3rev_h16_T16_mode_rate_uniform_schedule_normal_seed_42.csv
fc3rev_h16,16,mne_l2,rate_uniform,16,16,42,0.20,82.720000,,important results/fashion_mnist_fc3rev_three_regs/noise_sweep_rate_uniform_L16_T16/fc3rev_h16/mne_l2/seed_42/noise_sweep_matrix_fashion_mnist_fc3rev_h16_T16_mode_rate_uniform_schedule_normal_seed_42.csv
fc3rev_h16,16,mne_l2,rate_uniform,16,16,42,0.25,82.610000,,important results/fashion_mnist_fc3rev_three_regs/noise_sweep_rate_uniform_L16_T16/fc3rev_h16/mne_l2/seed_42/noise_sweep_matrix_fashion_mnist_fc3rev_h16_T16_mode_rate_uniform_schedule_normal_seed_42.csv
fc3rev_h16,16,mne_l2,rate_uniform,16,16,42,0.30,83.110000,,important results/fashion_mnist_fc3rev_three_regs/noise_sweep_rate_uniform_L16_T16/fc3rev_h16/mne_l2/seed_42/noise_sweep_matrix_fashion_mnist_fc3rev_h16_T16_mode_rate_uniform_schedule_normal_seed_42.csv
fc3rev_h16,16,mne_l2,rate_uniform,16,16,42,0.35,82.640000,,important results/fashion_mnist_fc3rev_three_regs/noise_sweep_rate_uniform_L16_T16/fc3rev_h16/mne_l2/seed_42/noise_sweep_matrix_fashion_mnist_fc3rev_h16_T16_mode_rate_uniform_schedule_normal_seed_42.csv
fc3rev_h16,16,mne_l2,rate_uniform,16,16,42,0.40,82.840000,,important results/fashion_mnist_fc3rev_three_regs/noise_sweep_rate_uniform_L16_T16/fc3rev_h16/mne_l2/seed_42/noise_sweep_matrix_fashion_mnist_fc3rev_h16_T16_mode_rate_uniform_schedule_normal_seed_42.csv
fc3rev_h16,16,mne_l2,rate_uniform,16,16,42,0.45,82.640000,,important results/fashion_mnist_fc3rev_three_regs/noise_sweep_rate_uniform_L16_T16/fc3rev_h16/mne_l2/seed_42/noise_sweep_matrix_fashion_mnist_fc3rev_h16_T16_mode_rate_uniform_schedule_normal_seed_42.csv
fc3rev_h16,16,mne_l2,rate_uniform,16,16,42,0.50,82.580000,,important results/fashion_mnist_fc3rev_three_regs/noise_sweep_rate_uniform_L16_T16/fc3rev_h16/mne_l2/seed_42/noise_sweep_matrix_fashion_mnist_fc3rev_h16_T16_mode_rate_uniform_schedule_normal_seed_42.csv
fc3rev_h16,16,mne_l2,rate_uniform,16,16,42,0.55,82.520000,,important results/fashion_mnist_fc3rev_three_regs/noise_sweep_rate_uniform_L16_T16/fc3rev_h16/mne_l2/seed_42/noise_sweep_matrix_fashion_mnist_fc3rev_h16_T16_mode_rate_uniform_schedule_normal_seed_42.csv
fc3rev_h16,16,mne_l2,rate_uniform,16,16,42,0.60,82.410000,,important results/fashion_mnist_fc3rev_three_regs/noise_sweep_rate_uniform_L16_T16/fc3rev_h16/mne_l2/seed_42/noise_sweep_matrix_fashion_mnist_fc3rev_h16_T16_mode_rate_uniform_schedule_normal_seed_42.csv
fc3rev_h16,16,mne_l2,rate_uniform,16,16,42,0.65,82.110000,,important results/fashion_mnist_fc3rev_three_regs/noise_sweep_rate_uniform_L16_T16/fc3rev_h16/mne_l2/seed_42/noise_sweep_matrix_fashion_mnist_fc3rev_h16_T16_mode_rate_uniform_schedule_normal_seed_42.csv
fc3rev_h16,16,mne_l2,rate_uniform,16,16,42,0.70,82.200000,,important results/fashion_mnist_fc3rev_three_regs/noise_sweep_rate_uniform_L16_T16/fc3rev_h16/mne_l2/seed_42/noise_sweep_matrix_fashion_mnist_fc3rev_h16_T16_mode_rate_uniform_schedule_normal_seed_42.csv
fc3rev_h16,16,mne_l2,rate_uniform,16,16,42,0.75,82.290000,,important results/fashion_mnist_fc3rev_three_regs/noise_sweep_rate_uniform_L16_T16/fc3rev_h16/mne_l2/seed_42/noise_sweep_matrix_fashion_mnist_fc3rev_h16_T16_mode_rate_uniform_schedule_normal_seed_42.csv
fc3rev_h16,16,mne_l2,rate_uniform,16,16,42,0.80,82.120000,,important results/fashion_mnist_fc3rev_three_regs/noise_sweep_rate_uniform_L16_T16/fc3rev_h16/mne_l2/seed_42/noise_sweep_matrix_fashion_mnist_fc3rev_h16_T16_mode_rate_uniform_schedule_normal_seed_42.csv
fc3rev_h16,16,mne_l2,rate_uniform,16,16,42,0.85,81.790000,,important results/fashion_mnist_fc3rev_three_regs/noise_sweep_rate_uniform_L16_T16/fc3rev_h16/mne_l2/seed_42/noise_sweep_matrix_fashion_mnist_fc3rev_h16_T16_mode_rate_uniform_schedule_normal_seed_42.csv
fc3rev_h16,16,mne_l2,rate_uniform,16,16,42,0.90,81.810000,,important results/fashion_mnist_fc3rev_three_regs/noise_sweep_rate_uniform_L16_T16/fc3rev_h16/mne_l2/seed_42/noise_sweep_matrix_fashion_mnist_fc3rev_h16_T16_mode_rate_uniform_schedule_normal_seed_42.csv
fc3rev_h16,16,mne_l2,rate_uniform,16,16,42,0.95,81.700000,,important results/fashion_mnist_fc3rev_three_regs/noise_sweep_rate_uniform_L16_T16/fc3rev_h16/mne_l2/seed_42/noise_sweep_matrix_fashion_mnist_fc3rev_h16_T16_mode_rate_uniform_schedule_normal_seed_42.csv
fc3rev_h16,16,mne_l2,rate_uniform,16,16,42,1.00,81.450000,,important results/fashion_mnist_fc3rev_three_regs/noise_sweep_rate_uniform_L16_T16/fc3rev_h16/mne_l2/seed_42/noise_sweep_matrix_fashion_mnist_fc3rev_h16_T16_mode_rate_uniform_schedule_normal_seed_42.csv
fc3rev_h16,16,mne_l2,rate_uniform,16,16,43,0.00,83.190000,,important results/fashion_mnist_fc3rev_three_regs/noise_sweep_rate_uniform_L16_T16/fc3rev_h16/mne_l2/seed_43/noise_sweep_matrix_fashion_mnist_fc3rev_h16_T16_mode_rate_uniform_schedule_normal_seed_43.csv
fc3rev_h16,16,mne_l2,rate_uniform,16,16,43,0.05,83.040000,,important results/fashion_mnist_fc3rev_three_regs/noise_sweep_rate_uniform_L16_T16/fc3rev_h16/mne_l2/seed_43/noise_sweep_matrix_fashion_mnist_fc3rev_h16_T16_mode_rate_uniform_schedule_normal_seed_43.csv
fc3rev_h16,16,mne_l2,rate_uniform,16,16,43,0.10,82.990000,,important results/fashion_mnist_fc3rev_three_regs/noise_sweep_rate_uniform_L16_T16/fc3rev_h16/mne_l2/seed_43/noise_sweep_matrix_fashion_mnist_fc3rev_h16_T16_mode_rate_uniform_schedule_normal_seed_43.csv
fc3rev_h16,16,mne_l2,rate_uniform,16,16,43,0.15,82.980000,,important results/fashion_mnist_fc3rev_three_regs/noise_sweep_rate_uniform_L16_T16/fc3rev_h16/mne_l2/seed_43/noise_sweep_matrix_fashion_mnist_fc3rev_h16_T16_mode_rate_uniform_schedule_normal_seed_43.csv
fc3rev_h16,16,mne_l2,rate_uniform,16,16,43,0.20,82.700000,,important results/fashion_mnist_fc3rev_three_regs/noise_sweep_rate_uniform_L16_T16/fc3rev_h16/mne_l2/seed_43/noise_sweep_matrix_fashion_mnist_fc3rev_h16_T16_mode_rate_uniform_schedule_normal_seed_43.csv
fc3rev_h16,16,mne_l2,rate_uniform,16,16,43,0.25,82.960000,,important results/fashion_mnist_fc3rev_three_regs/noise_sweep_rate_uniform_L16_T16/fc3rev_h16/mne_l2/seed_43/noise_sweep_matrix_fashion_mnist_fc3rev_h16_T16_mode_rate_uniform_schedule_normal_seed_43.csv
fc3rev_h16,16,mne_l2,rate_uniform,16,16,43,0.30,82.820000,,important results/fashion_mnist_fc3rev_three_regs/noise_sweep_rate_uniform_L16_T16/fc3rev_h16/mne_l2/seed_43/noise_sweep_matrix_fashion_mnist_fc3rev_h16_T16_mode_rate_uniform_schedule_normal_seed_43.csv
fc3rev_h16,16,mne_l2,rate_uniform,16,16,43,0.35,82.790000,,important results/fashion_mnist_fc3rev_three_regs/noise_sweep_rate_uniform_L16_T16/fc3rev_h16/mne_l2/seed_43/noise_sweep_matrix_fashion_mnist_fc3rev_h16_T16_mode_rate_uniform_schedule_normal_seed_43.csv
fc3rev_h16,16,mne_l2,rate_uniform,16,16,43,0.40,82.630000,,important results/fashion_mnist_fc3rev_three_regs/noise_sweep_rate_uniform_L16_T16/fc3rev_h16/mne_l2/seed_43/noise_sweep_matrix_fashion_mnist_fc3rev_h16_T16_mode_rate_uniform_schedule_normal_seed_43.csv
fc3rev_h16,16,mne_l2,rate_uniform,16,16,43,0.45,82.800000,,important results/fashion_mnist_fc3rev_three_regs/noise_sweep_rate_uniform_L16_T16/fc3rev_h16/mne_l2/seed_43/noise_sweep_matrix_fashion_mnist_fc3rev_h16_T16_mode_rate_uniform_schedule_normal_seed_43.csv
fc3rev_h16,16,mne_l2,rate_uniform,16,16,43,0.50,82.830000,,important results/fashion_mnist_fc3rev_three_regs/noise_sweep_rate_uniform_L16_T16/fc3rev_h16/mne_l2/seed_43/noise_sweep_matrix_fashion_mnist_fc3rev_h16_T16_mode_rate_uniform_schedule_normal_seed_43.csv
fc3rev_h16,16,mne_l2,rate_uniform,16,16,43,0.55,82.320000,,important results/fashion_mnist_fc3rev_three_regs/noise_sweep_rate_uniform_L16_T16/fc3rev_h16/mne_l2/seed_43/noise_sweep_matrix_fashion_mnist_fc3rev_h16_T16_mode_rate_uniform_schedule_normal_seed_43.csv
fc3rev_h16,16,mne_l2,rate_uniform,16,16,43,0.60,82.910000,,important results/fashion_mnist_fc3rev_three_regs/noise_sweep_rate_uniform_L16_T16/fc3rev_h16/mne_l2/seed_43/noise_sweep_matrix_fashion_mnist_fc3rev_h16_T16_mode_rate_uniform_schedule_normal_seed_43.csv
fc3rev_h16,16,mne_l2,rate_uniform,16,16,43,0.65,81.930000,,important results/fashion_mnist_fc3rev_three_regs/noise_sweep_rate_uniform_L16_T16/fc3rev_h16/mne_l2/seed_43/noise_sweep_matrix_fashion_mnist_fc3rev_h16_T16_mode_rate_uniform_schedule_normal_seed_43.csv
fc3rev_h16,16,mne_l2,rate_uniform,16,16,43,0.70,82.430000,,important results/fashion_mnist_fc3rev_three_regs/noise_sweep_rate_uniform_L16_T16/fc3rev_h16/mne_l2/seed_43/noise_sweep_matrix_fashion_mnist_fc3rev_h16_T16_mode_rate_uniform_schedule_normal_seed_43.csv
fc3rev_h16,16,mne_l2,rate_uniform,16,16,43,0.75,81.900000,,important results/fashion_mnist_fc3rev_three_regs/noise_sweep_rate_uniform_L16_T16/fc3rev_h16/mne_l2/seed_43/noise_sweep_matrix_fashion_mnist_fc3rev_h16_T16_mode_rate_uniform_schedule_normal_seed_43.csv
fc3rev_h16,16,mne_l2,rate_uniform,16,16,43,0.80,82.070000,,important results/fashion_mnist_fc3rev_three_regs/noise_sweep_rate_uniform_L16_T16/fc3rev_h16/mne_l2/seed_43/noise_sweep_matrix_fashion_mnist_fc3rev_h16_T16_mode_rate_uniform_schedule_normal_seed_43.csv
fc3rev_h16,16,mne_l2,rate_uniform,16,16,43,0.85,82.100000,,important results/fashion_mnist_fc3rev_three_regs/noise_sweep_rate_uniform_L16_T16/fc3rev_h16/mne_l2/seed_43/noise_sweep_matrix_fashion_mnist_fc3rev_h16_T16_mode_rate_uniform_schedule_normal_seed_43.csv
fc3rev_h16,16,mne_l2,rate_uniform,16,16,43,0.90,82.040000,,important results/fashion_mnist_fc3rev_three_regs/noise_sweep_rate_uniform_L16_T16/fc3rev_h16/mne_l2/seed_43/noise_sweep_matrix_fashion_mnist_fc3rev_h16_T16_mode_rate_uniform_schedule_normal_seed_43.csv
fc3rev_h16,16,mne_l2,rate_uniform,16,16,43,0.95,82.210000,,important results/fashion_mnist_fc3rev_three_regs/noise_sweep_rate_uniform_L16_T16/fc3rev_h16/mne_l2/seed_43/noise_sweep_matrix_fashion_mnist_fc3rev_h16_T16_mode_rate_uniform_schedule_normal_seed_43.csv
fc3rev_h16,16,mne_l2,rate_uniform,16,16,43,1.00,81.930000,,important results/fashion_mnist_fc3rev_three_regs/noise_sweep_rate_uniform_L16_T16/fc3rev_h16/mne_l2/seed_43/noise_sweep_matrix_fashion_mnist_fc3rev_h16_T16_mode_rate_uniform_schedule_normal_seed_43.csv
fc3rev_h16,16,mne_l2,rate_uniform,16,16,44,0.00,83.770000,,important results/fashion_mnist_fc3rev_three_regs/noise_sweep_rate_uniform_L16_T16/fc3rev_h16/mne_l2/seed_44/noise_sweep_matrix_fashion_mnist_fc3rev_h16_T16_mode_rate_uniform_schedule_normal_seed_44.csv
fc3rev_h16,16,mne_l2,rate_uniform,16,16,44,0.05,83.700000,,important results/fashion_mnist_fc3rev_three_regs/noise_sweep_rate_uniform_L16_T16/fc3rev_h16/mne_l2/seed_44/noise_sweep_matrix_fashion_mnist_fc3rev_h16_T16_mode_rate_uniform_schedule_normal_seed_44.csv
fc3rev_h16,16,mne_l2,rate_uniform,16,16,44,0.10,83.670000,,important results/fashion_mnist_fc3rev_three_regs/noise_sweep_rate_uniform_L16_T16/fc3rev_h16/mne_l2/seed_44/noise_sweep_matrix_fashion_mnist_fc3rev_h16_T16_mode_rate_uniform_schedule_normal_seed_44.csv
fc3rev_h16,16,mne_l2,rate_uniform,16,16,44,0.15,83.510000,,important results/fashion_mnist_fc3rev_three_regs/noise_sweep_rate_uniform_L16_T16/fc3rev_h16/mne_l2/seed_44/noise_sweep_matrix_fashion_mnist_fc3rev_h16_T16_mode_rate_uniform_schedule_normal_seed_44.csv
fc3rev_h16,16,mne_l2,rate_uniform,16,16,44,0.20,83.300000,,important results/fashion_mnist_fc3rev_three_regs/noise_sweep_rate_uniform_L16_T16/fc3rev_h16/mne_l2/seed_44/noise_sweep_matrix_fashion_mnist_fc3rev_h16_T16_mode_rate_uniform_schedule_normal_seed_44.csv
fc3rev_h16,16,mne_l2,rate_uniform,16,16,44,0.25,83.400000,,important results/fashion_mnist_fc3rev_three_regs/noise_sweep_rate_uniform_L16_T16/fc3rev_h16/mne_l2/seed_44/noise_sweep_matrix_fashion_mnist_fc3rev_h16_T16_mode_rate_uniform_schedule_normal_seed_44.csv
fc3rev_h16,16,mne_l2,rate_uniform,16,16,44,0.30,83.440000,,important results/fashion_mnist_fc3rev_three_regs/noise_sweep_rate_uniform_L16_T16/fc3rev_h16/mne_l2/seed_44/noise_sweep_matrix_fashion_mnist_fc3rev_h16_T16_mode_rate_uniform_schedule_normal_seed_44.csv
fc3rev_h16,16,mne_l2,rate_uniform,16,16,44,0.35,83.530000,,important results/fashion_mnist_fc3rev_three_regs/noise_sweep_rate_uniform_L16_T16/fc3rev_h16/mne_l2/seed_44/noise_sweep_matrix_fashion_mnist_fc3rev_h16_T16_mode_rate_uniform_schedule_normal_seed_44.csv
fc3rev_h16,16,mne_l2,rate_uniform,16,16,44,0.40,83.200000,,important results/fashion_mnist_fc3rev_three_regs/noise_sweep_rate_uniform_L16_T16/fc3rev_h16/mne_l2/seed_44/noise_sweep_matrix_fashion_mnist_fc3rev_h16_T16_mode_rate_uniform_schedule_normal_seed_44.csv
fc3rev_h16,16,mne_l2,rate_uniform,16,16,44,0.45,83.260000,,important results/fashion_mnist_fc3rev_three_regs/noise_sweep_rate_uniform_L16_T16/fc3rev_h16/mne_l2/seed_44/noise_sweep_matrix_fashion_mnist_fc3rev_h16_T16_mode_rate_uniform_schedule_normal_seed_44.csv
fc3rev_h16,16,mne_l2,rate_uniform,16,16,44,0.50,83.270000,,important results/fashion_mnist_fc3rev_three_regs/noise_sweep_rate_uniform_L16_T16/fc3rev_h16/mne_l2/seed_44/noise_sweep_matrix_fashion_mnist_fc3rev_h16_T16_mode_rate_uniform_schedule_normal_seed_44.csv
fc3rev_h16,16,mne_l2,rate_uniform,16,16,44,0.55,82.520000,,important results/fashion_mnist_fc3rev_three_regs/noise_sweep_rate_uniform_L16_T16/fc3rev_h16/mne_l2/seed_44/noise_sweep_matrix_fashion_mnist_fc3rev_h16_T16_mode_rate_uniform_schedule_normal_seed_44.csv
fc3rev_h16,16,mne_l2,rate_uniform,16,16,44,0.60,82.860000,,important results/fashion_mnist_fc3rev_three_regs/noise_sweep_rate_uniform_L16_T16/fc3rev_h16/mne_l2/seed_44/noise_sweep_matrix_fashion_mnist_fc3rev_h16_T16_mode_rate_uniform_schedule_normal_seed_44.csv
fc3rev_h16,16,mne_l2,rate_uniform,16,16,44,0.65,82.750000,,important results/fashion_mnist_fc3rev_three_regs/noise_sweep_rate_uniform_L16_T16/fc3rev_h16/mne_l2/seed_44/noise_sweep_matrix_fashion_mnist_fc3rev_h16_T16_mode_rate_uniform_schedule_normal_seed_44.csv
fc3rev_h16,16,mne_l2,rate_uniform,16,16,44,0.70,82.340000,,important results/fashion_mnist_fc3rev_three_regs/noise_sweep_rate_uniform_L16_T16/fc3rev_h16/mne_l2/seed_44/noise_sweep_matrix_fashion_mnist_fc3rev_h16_T16_mode_rate_uniform_schedule_normal_seed_44.csv
fc3rev_h16,16,mne_l2,rate_uniform,16,16,44,0.75,82.830000,,important results/fashion_mnist_fc3rev_three_regs/noise_sweep_rate_uniform_L16_T16/fc3rev_h16/mne_l2/seed_44/noise_sweep_matrix_fashion_mnist_fc3rev_h16_T16_mode_rate_uniform_schedule_normal_seed_44.csv
fc3rev_h16,16,mne_l2,rate_uniform,16,16,44,0.80,82.530000,,important results/fashion_mnist_fc3rev_three_regs/noise_sweep_rate_uniform_L16_T16/fc3rev_h16/mne_l2/seed_44/noise_sweep_matrix_fashion_mnist_fc3rev_h16_T16_mode_rate_uniform_schedule_normal_seed_44.csv
fc3rev_h16,16,mne_l2,rate_uniform,16,16,44,0.85,82.070000,,important results/fashion_mnist_fc3rev_three_regs/noise_sweep_rate_uniform_L16_T16/fc3rev_h16/mne_l2/seed_44/noise_sweep_matrix_fashion_mnist_fc3rev_h16_T16_mode_rate_uniform_schedule_normal_seed_44.csv
fc3rev_h16,16,mne_l2,rate_uniform,16,16,44,0.90,82.220000,,important results/fashion_mnist_fc3rev_three_regs/noise_sweep_rate_uniform_L16_T16/fc3rev_h16/mne_l2/seed_44/noise_sweep_matrix_fashion_mnist_fc3rev_h16_T16_mode_rate_uniform_schedule_normal_seed_44.csv
fc3rev_h16,16,mne_l2,rate_uniform,16,16,44,0.95,82.250000,,important results/fashion_mnist_fc3rev_three_regs/noise_sweep_rate_uniform_L16_T16/fc3rev_h16/mne_l2/seed_44/noise_sweep_matrix_fashion_mnist_fc3rev_h16_T16_mode_rate_uniform_schedule_normal_seed_44.csv
fc3rev_h16,16,mne_l2,rate_uniform,16,16,44,1.00,82.030000,,important results/fashion_mnist_fc3rev_three_regs/noise_sweep_rate_uniform_L16_T16/fc3rev_h16/mne_l2/seed_44/noise_sweep_matrix_fashion_mnist_fc3rev_h16_T16_mode_rate_uniform_schedule_normal_seed_44.csv
fc3rev_h16,16,no_regularization,rate_uniform,16,16,40,0.00,84.460000,,important results/fashion_mnist_fc3rev_three_regs/noise_sweep_rate_uniform_L16_T16/fc3rev_h16/no_regularization/seed_40/noise_sweep_matrix_fashion_mnist_fc3rev_h16_T16_mode_rate_uniform_schedule_normal_seed_40.csv
fc3rev_h16,16,no_regularization,rate_uniform,16,16,40,0.05,84.230000,,important results/fashion_mnist_fc3rev_three_regs/noise_sweep_rate_uniform_L16_T16/fc3rev_h16/no_regularization/seed_40/noise_sweep_matrix_fashion_mnist_fc3rev_h16_T16_mode_rate_uniform_schedule_normal_seed_40.csv
fc3rev_h16,16,no_regularization,rate_uniform,16,16,40,0.10,84.450000,,important results/fashion_mnist_fc3rev_three_regs/noise_sweep_rate_uniform_L16_T16/fc3rev_h16/no_regularization/seed_40/noise_sweep_matrix_fashion_mnist_fc3rev_h16_T16_mode_rate_uniform_schedule_normal_seed_40.csv
fc3rev_h16,16,no_regularization,rate_uniform,16,16,40,0.15,84.350000,,important results/fashion_mnist_fc3rev_three_regs/noise_sweep_rate_uniform_L16_T16/fc3rev_h16/no_regularization/seed_40/noise_sweep_matrix_fashion_mnist_fc3rev_h16_T16_mode_rate_uniform_schedule_normal_seed_40.csv
fc3rev_h16,16,no_regularization,rate_uniform,16,16,40,0.20,83.980000,,important results/fashion_mnist_fc3rev_three_regs/noise_sweep_rate_uniform_L16_T16/fc3rev_h16/no_regularization/seed_40/noise_sweep_matrix_fashion_mnist_fc3rev_h16_T16_mode_rate_uniform_schedule_normal_seed_40.csv
fc3rev_h16,16,no_regularization,rate_uniform,16,16,40,0.25,84.200000,,important results/fashion_mnist_fc3rev_three_regs/noise_sweep_rate_uniform_L16_T16/fc3rev_h16/no_regularization/seed_40/noise_sweep_matrix_fashion_mnist_fc3rev_h16_T16_mode_rate_uniform_schedule_normal_seed_40.csv
fc3rev_h16,16,no_regularization,rate_uniform,16,16,40,0.30,84.060000,,important results/fashion_mnist_fc3rev_three_regs/noise_sweep_rate_uniform_L16_T16/fc3rev_h16/no_regularization/seed_40/noise_sweep_matrix_fashion_mnist_fc3rev_h16_T16_mode_rate_uniform_schedule_normal_seed_40.csv
fc3rev_h16,16,no_regularization,rate_uniform,16,16,40,0.35,83.930000,,important results/fashion_mnist_fc3rev_three_regs/noise_sweep_rate_uniform_L16_T16/fc3rev_h16/no_regularization/seed_40/noise_sweep_matrix_fashion_mnist_fc3rev_h16_T16_mode_rate_uniform_schedule_normal_seed_40.csv
fc3rev_h16,16,no_regularization,rate_uniform,16,16,40,0.40,83.680000,,important results/fashion_mnist_fc3rev_three_regs/noise_sweep_rate_uniform_L16_T16/fc3rev_h16/no_regularization/seed_40/noise_sweep_matrix_fashion_mnist_fc3rev_h16_T16_mode_rate_uniform_schedule_normal_seed_40.csv
fc3rev_h16,16,no_regularization,rate_uniform,16,16,40,0.45,83.460000,,important results/fashion_mnist_fc3rev_three_regs/noise_sweep_rate_uniform_L16_T16/fc3rev_h16/no_regularization/seed_40/noise_sweep_matrix_fashion_mnist_fc3rev_h16_T16_mode_rate_uniform_schedule_normal_seed_40.csv
fc3rev_h16,16,no_regularization,rate_uniform,16,16,40,0.50,83.540000,,important results/fashion_mnist_fc3rev_three_regs/noise_sweep_rate_uniform_L16_T16/fc3rev_h16/no_regularization/seed_40/noise_sweep_matrix_fashion_mnist_fc3rev_h16_T16_mode_rate_uniform_schedule_normal_seed_40.csv
fc3rev_h16,16,no_regularization,rate_uniform,16,16,40,0.55,83.050000,,important results/fashion_mnist_fc3rev_three_regs/noise_sweep_rate_uniform_L16_T16/fc3rev_h16/no_regularization/seed_40/noise_sweep_matrix_fashion_mnist_fc3rev_h16_T16_mode_rate_uniform_schedule_normal_seed_40.csv
fc3rev_h16,16,no_regularization,rate_uniform,16,16,40,0.60,83.210000,,important results/fashion_mnist_fc3rev_three_regs/noise_sweep_rate_uniform_L16_T16/fc3rev_h16/no_regularization/seed_40/noise_sweep_matrix_fashion_mnist_fc3rev_h16_T16_mode_rate_uniform_schedule_normal_seed_40.csv
fc3rev_h16,16,no_regularization,rate_uniform,16,16,40,0.65,82.080000,,important results/fashion_mnist_fc3rev_three_regs/noise_sweep_rate_uniform_L16_T16/fc3rev_h16/no_regularization/seed_40/noise_sweep_matrix_fashion_mnist_fc3rev_h16_T16_mode_rate_uniform_schedule_normal_seed_40.csv
fc3rev_h16,16,no_regularization,rate_uniform,16,16,40,0.70,82.410000,,important results/fashion_mnist_fc3rev_three_regs/noise_sweep_rate_uniform_L16_T16/fc3rev_h16/no_regularization/seed_40/noise_sweep_matrix_fashion_mnist_fc3rev_h16_T16_mode_rate_uniform_schedule_normal_seed_40.csv
fc3rev_h16,16,no_regularization,rate_uniform,16,16,40,0.75,82.720000,,important results/fashion_mnist_fc3rev_three_regs/noise_sweep_rate_uniform_L16_T16/fc3rev_h16/no_regularization/seed_40/noise_sweep_matrix_fashion_mnist_fc3rev_h16_T16_mode_rate_uniform_schedule_normal_seed_40.csv
fc3rev_h16,16,no_regularization,rate_uniform,16,16,40,0.80,82.140000,,important results/fashion_mnist_fc3rev_three_regs/noise_sweep_rate_uniform_L16_T16/fc3rev_h16/no_regularization/seed_40/noise_sweep_matrix_fashion_mnist_fc3rev_h16_T16_mode_rate_uniform_schedule_normal_seed_40.csv
fc3rev_h16,16,no_regularization,rate_uniform,16,16,40,0.85,81.670000,,important results/fashion_mnist_fc3rev_three_regs/noise_sweep_rate_uniform_L16_T16/fc3rev_h16/no_regularization/seed_40/noise_sweep_matrix_fashion_mnist_fc3rev_h16_T16_mode_rate_uniform_schedule_normal_seed_40.csv
fc3rev_h16,16,no_regularization,rate_uniform,16,16,40,0.90,81.650000,,important results/fashion_mnist_fc3rev_three_regs/noise_sweep_rate_uniform_L16_T16/fc3rev_h16/no_regularization/seed_40/noise_sweep_matrix_fashion_mnist_fc3rev_h16_T16_mode_rate_uniform_schedule_normal_seed_40.csv
fc3rev_h16,16,no_regularization,rate_uniform,16,16,40,0.95,81.490000,,important results/fashion_mnist_fc3rev_three_regs/noise_sweep_rate_uniform_L16_T16/fc3rev_h16/no_regularization/seed_40/noise_sweep_matrix_fashion_mnist_fc3rev_h16_T16_mode_rate_uniform_schedule_normal_seed_40.csv
fc3rev_h16,16,no_regularization,rate_uniform,16,16,40,1.00,80.430000,,important results/fashion_mnist_fc3rev_three_regs/noise_sweep_rate_uniform_L16_T16/fc3rev_h16/no_regularization/seed_40/noise_sweep_matrix_fashion_mnist_fc3rev_h16_T16_mode_rate_uniform_schedule_normal_seed_40.csv
fc3rev_h16,16,no_regularization,rate_uniform,16,16,41,0.00,85.080000,,important results/fashion_mnist_fc3rev_three_regs/noise_sweep_rate_uniform_L16_T16/fc3rev_h16/no_regularization/seed_41/noise_sweep_matrix_fashion_mnist_fc3rev_h16_T16_mode_rate_uniform_schedule_normal_seed_41.csv
fc3rev_h16,16,no_regularization,rate_uniform,16,16,41,0.05,84.790000,,important results/fashion_mnist_fc3rev_three_regs/noise_sweep_rate_uniform_L16_T16/fc3rev_h16/no_regularization/seed_41/noise_sweep_matrix_fashion_mnist_fc3rev_h16_T16_mode_rate_uniform_schedule_normal_seed_41.csv
fc3rev_h16,16,no_regularization,rate_uniform,16,16,41,0.10,84.880000,,important results/fashion_mnist_fc3rev_three_regs/noise_sweep_rate_uniform_L16_T16/fc3rev_h16/no_regularization/seed_41/noise_sweep_matrix_fashion_mnist_fc3rev_h16_T16_mode_rate_uniform_schedule_normal_seed_41.csv
fc3rev_h16,16,no_regularization,rate_uniform,16,16,41,0.15,84.770000,,important results/fashion_mnist_fc3rev_three_regs/noise_sweep_rate_uniform_L16_T16/fc3rev_h16/no_regularization/seed_41/noise_sweep_matrix_fashion_mnist_fc3rev_h16_T16_mode_rate_uniform_schedule_normal_seed_41.csv
fc3rev_h16,16,no_regularization,rate_uniform,16,16,41,0.20,84.680000,,important results/fashion_mnist_fc3rev_three_regs/noise_sweep_rate_uniform_L16_T16/fc3rev_h16/no_regularization/seed_41/noise_sweep_matrix_fashion_mnist_fc3rev_h16_T16_mode_rate_uniform_schedule_normal_seed_41.csv
fc3rev_h16,16,no_regularization,rate_uniform,16,16,41,0.25,84.560000,,important results/fashion_mnist_fc3rev_three_regs/noise_sweep_rate_uniform_L16_T16/fc3rev_h16/no_regularization/seed_41/noise_sweep_matrix_fashion_mnist_fc3rev_h16_T16_mode_rate_uniform_schedule_normal_seed_41.csv
fc3rev_h16,16,no_regularization,rate_uniform,16,16,41,0.30,84.670000,,important results/fashion_mnist_fc3rev_three_regs/noise_sweep_rate_uniform_L16_T16/fc3rev_h16/no_regularization/seed_41/noise_sweep_matrix_fashion_mnist_fc3rev_h16_T16_mode_rate_uniform_schedule_normal_seed_41.csv
fc3rev_h16,16,no_regularization,rate_uniform,16,16,41,0.35,84.740000,,important results/fashion_mnist_fc3rev_three_regs/noise_sweep_rate_uniform_L16_T16/fc3rev_h16/no_regularization/seed_41/noise_sweep_matrix_fashion_mnist_fc3rev_h16_T16_mode_rate_uniform_schedule_normal_seed_41.csv
fc3rev_h16,16,no_regularization,rate_uniform,16,16,41,0.40,84.570000,,important results/fashion_mnist_fc3rev_three_regs/noise_sweep_rate_uniform_L16_T16/fc3rev_h16/no_regularization/seed_41/noise_sweep_matrix_fashion_mnist_fc3rev_h16_T16_mode_rate_uniform_schedule_normal_seed_41.csv
fc3rev_h16,16,no_regularization,rate_uniform,16,16,41,0.45,84.370000,,important results/fashion_mnist_fc3rev_three_regs/noise_sweep_rate_uniform_L16_T16/fc3rev_h16/no_regularization/seed_41/noise_sweep_matrix_fashion_mnist_fc3rev_h16_T16_mode_rate_uniform_schedule_normal_seed_41.csv
fc3rev_h16,16,no_regularization,rate_uniform,16,16,41,0.50,83.830000,,important results/fashion_mnist_fc3rev_three_regs/noise_sweep_rate_uniform_L16_T16/fc3rev_h16/no_regularization/seed_41/noise_sweep_matrix_fashion_mnist_fc3rev_h16_T16_mode_rate_uniform_schedule_normal_seed_41.csv
fc3rev_h16,16,no_regularization,rate_uniform,16,16,41,0.55,83.780000,,important results/fashion_mnist_fc3rev_three_regs/noise_sweep_rate_uniform_L16_T16/fc3rev_h16/no_regularization/seed_41/noise_sweep_matrix_fashion_mnist_fc3rev_h16_T16_mode_rate_uniform_schedule_normal_seed_41.csv
fc3rev_h16,16,no_regularization,rate_uniform,16,16,41,0.60,83.640000,,important results/fashion_mnist_fc3rev_three_regs/noise_sweep_rate_uniform_L16_T16/fc3rev_h16/no_regularization/seed_41/noise_sweep_matrix_fashion_mnist_fc3rev_h16_T16_mode_rate_uniform_schedule_normal_seed_41.csv
fc3rev_h16,16,no_regularization,rate_uniform,16,16,41,0.65,83.130000,,important results/fashion_mnist_fc3rev_three_regs/noise_sweep_rate_uniform_L16_T16/fc3rev_h16/no_regularization/seed_41/noise_sweep_matrix_fashion_mnist_fc3rev_h16_T16_mode_rate_uniform_schedule_normal_seed_41.csv
fc3rev_h16,16,no_regularization,rate_uniform,16,16,41,0.70,83.050000,,important results/fashion_mnist_fc3rev_three_regs/noise_sweep_rate_uniform_L16_T16/fc3rev_h16/no_regularization/seed_41/noise_sweep_matrix_fashion_mnist_fc3rev_h16_T16_mode_rate_uniform_schedule_normal_seed_41.csv
fc3rev_h16,16,no_regularization,rate_uniform,16,16,41,0.75,82.590000,,important results/fashion_mnist_fc3rev_three_regs/noise_sweep_rate_uniform_L16_T16/fc3rev_h16/no_regularization/seed_41/noise_sweep_matrix_fashion_mnist_fc3rev_h16_T16_mode_rate_uniform_schedule_normal_seed_41.csv
fc3rev_h16,16,no_regularization,rate_uniform,16,16,41,0.80,82.750000,,important results/fashion_mnist_fc3rev_three_regs/noise_sweep_rate_uniform_L16_T16/fc3rev_h16/no_regularization/seed_41/noise_sweep_matrix_fashion_mnist_fc3rev_h16_T16_mode_rate_uniform_schedule_normal_seed_41.csv
fc3rev_h16,16,no_regularization,rate_uniform,16,16,41,0.85,82.260000,,important results/fashion_mnist_fc3rev_three_regs/noise_sweep_rate_uniform_L16_T16/fc3rev_h16/no_regularization/seed_41/noise_sweep_matrix_fashion_mnist_fc3rev_h16_T16_mode_rate_uniform_schedule_normal_seed_41.csv
fc3rev_h16,16,no_regularization,rate_uniform,16,16,41,0.90,82.410000,,important results/fashion_mnist_fc3rev_three_regs/noise_sweep_rate_uniform_L16_T16/fc3rev_h16/no_regularization/seed_41/noise_sweep_matrix_fashion_mnist_fc3rev_h16_T16_mode_rate_uniform_schedule_normal_seed_41.csv
fc3rev_h16,16,no_regularization,rate_uniform,16,16,41,0.95,81.700000,,important results/fashion_mnist_fc3rev_three_regs/noise_sweep_rate_uniform_L16_T16/fc3rev_h16/no_regularization/seed_41/noise_sweep_matrix_fashion_mnist_fc3rev_h16_T16_mode_rate_uniform_schedule_normal_seed_41.csv
fc3rev_h16,16,no_regularization,rate_uniform,16,16,41,1.00,81.640000,,important results/fashion_mnist_fc3rev_three_regs/noise_sweep_rate_uniform_L16_T16/fc3rev_h16/no_regularization/seed_41/noise_sweep_matrix_fashion_mnist_fc3rev_h16_T16_mode_rate_uniform_schedule_normal_seed_41.csv
fc3rev_h16,16,no_regularization,rate_uniform,16,16,42,0.00,84.730000,,important results/fashion_mnist_fc3rev_three_regs/noise_sweep_rate_uniform_L16_T16/fc3rev_h16/no_regularization/seed_42/noise_sweep_matrix_fashion_mnist_fc3rev_h16_T16_mode_rate_uniform_schedule_normal_seed_42.csv
fc3rev_h16,16,no_regularization,rate_uniform,16,16,42,0.05,84.740000,,important results/fashion_mnist_fc3rev_three_regs/noise_sweep_rate_uniform_L16_T16/fc3rev_h16/no_regularization/seed_42/noise_sweep_matrix_fashion_mnist_fc3rev_h16_T16_mode_rate_uniform_schedule_normal_seed_42.csv
fc3rev_h16,16,no_regularization,rate_uniform,16,16,42,0.10,84.640000,,important results/fashion_mnist_fc3rev_three_regs/noise_sweep_rate_uniform_L16_T16/fc3rev_h16/no_regularization/seed_42/noise_sweep_matrix_fashion_mnist_fc3rev_h16_T16_mode_rate_uniform_schedule_normal_seed_42.csv
fc3rev_h16,16,no_regularization,rate_uniform,16,16,42,0.15,84.800000,,important results/fashion_mnist_fc3rev_three_regs/noise_sweep_rate_uniform_L16_T16/fc3rev_h16/no_regularization/seed_42/noise_sweep_matrix_fashion_mnist_fc3rev_h16_T16_mode_rate_uniform_schedule_normal_seed_42.csv
fc3rev_h16,16,no_regularization,rate_uniform,16,16,42,0.20,84.510000,,important results/fashion_mnist_fc3rev_three_regs/noise_sweep_rate_uniform_L16_T16/fc3rev_h16/no_regularization/seed_42/noise_sweep_matrix_fashion_mnist_fc3rev_h16_T16_mode_rate_uniform_schedule_normal_seed_42.csv
fc3rev_h16,16,no_regularization,rate_uniform,16,16,42,0.25,84.290000,,important results/fashion_mnist_fc3rev_three_regs/noise_sweep_rate_uniform_L16_T16/fc3rev_h16/no_regularization/seed_42/noise_sweep_matrix_fashion_mnist_fc3rev_h16_T16_mode_rate_uniform_schedule_normal_seed_42.csv
fc3rev_h16,16,no_regularization,rate_uniform,16,16,42,0.30,84.370000,,important results/fashion_mnist_fc3rev_three_regs/noise_sweep_rate_uniform_L16_T16/fc3rev_h16/no_regularization/seed_42/noise_sweep_matrix_fashion_mnist_fc3rev_h16_T16_mode_rate_uniform_schedule_normal_seed_42.csv
fc3rev_h16,16,no_regularization,rate_uniform,16,16,42,0.35,84.240000,,important results/fashion_mnist_fc3rev_three_regs/noise_sweep_rate_uniform_L16_T16/fc3rev_h16/no_regularization/seed_42/noise_sweep_matrix_fashion_mnist_fc3rev_h16_T16_mode_rate_uniform_schedule_normal_seed_42.csv
fc3rev_h16,16,no_regularization,rate_uniform,16,16,42,0.40,84.270000,,important results/fashion_mnist_fc3rev_three_regs/noise_sweep_rate_uniform_L16_T16/fc3rev_h16/no_regularization/seed_42/noise_sweep_matrix_fashion_mnist_fc3rev_h16_T16_mode_rate_uniform_schedule_normal_seed_42.csv
fc3rev_h16,16,no_regularization,rate_uniform,16,16,42,0.45,83.860000,,important results/fashion_mnist_fc3rev_three_regs/noise_sweep_rate_uniform_L16_T16/fc3rev_h16/no_regularization/seed_42/noise_sweep_matrix_fashion_mnist_fc3rev_h16_T16_mode_rate_uniform_schedule_normal_seed_42.csv
fc3rev_h16,16,no_regularization,rate_uniform,16,16,42,0.50,83.660000,,important results/fashion_mnist_fc3rev_three_regs/noise_sweep_rate_uniform_L16_T16/fc3rev_h16/no_regularization/seed_42/noise_sweep_matrix_fashion_mnist_fc3rev_h16_T16_mode_rate_uniform_schedule_normal_seed_42.csv
fc3rev_h16,16,no_regularization,rate_uniform,16,16,42,0.55,83.760000,,important results/fashion_mnist_fc3rev_three_regs/noise_sweep_rate_uniform_L16_T16/fc3rev_h16/no_regularization/seed_42/noise_sweep_matrix_fashion_mnist_fc3rev_h16_T16_mode_rate_uniform_schedule_normal_seed_42.csv
fc3rev_h16,16,no_regularization,rate_uniform,16,16,42,0.60,83.300000,,important results/fashion_mnist_fc3rev_three_regs/noise_sweep_rate_uniform_L16_T16/fc3rev_h16/no_regularization/seed_42/noise_sweep_matrix_fashion_mnist_fc3rev_h16_T16_mode_rate_uniform_schedule_normal_seed_42.csv
fc3rev_h16,16,no_regularization,rate_uniform,16,16,42,0.65,82.900000,,important results/fashion_mnist_fc3rev_three_regs/noise_sweep_rate_uniform_L16_T16/fc3rev_h16/no_regularization/seed_42/noise_sweep_matrix_fashion_mnist_fc3rev_h16_T16_mode_rate_uniform_schedule_normal_seed_42.csv
fc3rev_h16,16,no_regularization,rate_uniform,16,16,42,0.70,82.670000,,important results/fashion_mnist_fc3rev_three_regs/noise_sweep_rate_uniform_L16_T16/fc3rev_h16/no_regularization/seed_42/noise_sweep_matrix_fashion_mnist_fc3rev_h16_T16_mode_rate_uniform_schedule_normal_seed_42.csv
fc3rev_h16,16,no_regularization,rate_uniform,16,16,42,0.75,82.700000,,important results/fashion_mnist_fc3rev_three_regs/noise_sweep_rate_uniform_L16_T16/fc3rev_h16/no_regularization/seed_42/noise_sweep_matrix_fashion_mnist_fc3rev_h16_T16_mode_rate_uniform_schedule_normal_seed_42.csv
fc3rev_h16,16,no_regularization,rate_uniform,16,16,42,0.80,82.470000,,important results/fashion_mnist_fc3rev_three_regs/noise_sweep_rate_uniform_L16_T16/fc3rev_h16/no_regularization/seed_42/noise_sweep_matrix_fashion_mnist_fc3rev_h16_T16_mode_rate_uniform_schedule_normal_seed_42.csv
fc3rev_h16,16,no_regularization,rate_uniform,16,16,42,0.85,82.120000,,important results/fashion_mnist_fc3rev_three_regs/noise_sweep_rate_uniform_L16_T16/fc3rev_h16/no_regularization/seed_42/noise_sweep_matrix_fashion_mnist_fc3rev_h16_T16_mode_rate_uniform_schedule_normal_seed_42.csv
fc3rev_h16,16,no_regularization,rate_uniform,16,16,42,0.90,82.110000,,important results/fashion_mnist_fc3rev_three_regs/noise_sweep_rate_uniform_L16_T16/fc3rev_h16/no_regularization/seed_42/noise_sweep_matrix_fashion_mnist_fc3rev_h16_T16_mode_rate_uniform_schedule_normal_seed_42.csv
fc3rev_h16,16,no_regularization,rate_uniform,16,16,42,0.95,81.830000,,important results/fashion_mnist_fc3rev_three_regs/noise_sweep_rate_uniform_L16_T16/fc3rev_h16/no_regularization/seed_42/noise_sweep_matrix_fashion_mnist_fc3rev_h16_T16_mode_rate_uniform_schedule_normal_seed_42.csv
fc3rev_h16,16,no_regularization,rate_uniform,16,16,42,1.00,81.500000,,important results/fashion_mnist_fc3rev_three_regs/noise_sweep_rate_uniform_L16_T16/fc3rev_h16/no_regularization/seed_42/noise_sweep_matrix_fashion_mnist_fc3rev_h16_T16_mode_rate_uniform_schedule_normal_seed_42.csv
fc3rev_h16,16,no_regularization,rate_uniform,16,16,43,0.00,84.930000,,important results/fashion_mnist_fc3rev_three_regs/noise_sweep_rate_uniform_L16_T16/fc3rev_h16/no_regularization/seed_43/noise_sweep_matrix_fashion_mnist_fc3rev_h16_T16_mode_rate_uniform_schedule_normal_seed_43.csv
fc3rev_h16,16,no_regularization,rate_uniform,16,16,43,0.05,84.820000,,important results/fashion_mnist_fc3rev_three_regs/noise_sweep_rate_uniform_L16_T16/fc3rev_h16/no_regularization/seed_43/noise_sweep_matrix_fashion_mnist_fc3rev_h16_T16_mode_rate_uniform_schedule_normal_seed_43.csv
fc3rev_h16,16,no_regularization,rate_uniform,16,16,43,0.10,84.770000,,important results/fashion_mnist_fc3rev_three_regs/noise_sweep_rate_uniform_L16_T16/fc3rev_h16/no_regularization/seed_43/noise_sweep_matrix_fashion_mnist_fc3rev_h16_T16_mode_rate_uniform_schedule_normal_seed_43.csv
fc3rev_h16,16,no_regularization,rate_uniform,16,16,43,0.15,84.940000,,important results/fashion_mnist_fc3rev_three_regs/noise_sweep_rate_uniform_L16_T16/fc3rev_h16/no_regularization/seed_43/noise_sweep_matrix_fashion_mnist_fc3rev_h16_T16_mode_rate_uniform_schedule_normal_seed_43.csv
fc3rev_h16,16,no_regularization,rate_uniform,16,16,43,0.20,84.530000,,important results/fashion_mnist_fc3rev_three_regs/noise_sweep_rate_uniform_L16_T16/fc3rev_h16/no_regularization/seed_43/noise_sweep_matrix_fashion_mnist_fc3rev_h16_T16_mode_rate_uniform_schedule_normal_seed_43.csv
fc3rev_h16,16,no_regularization,rate_uniform,16,16,43,0.25,84.470000,,important results/fashion_mnist_fc3rev_three_regs/noise_sweep_rate_uniform_L16_T16/fc3rev_h16/no_regularization/seed_43/noise_sweep_matrix_fashion_mnist_fc3rev_h16_T16_mode_rate_uniform_schedule_normal_seed_43.csv
fc3rev_h16,16,no_regularization,rate_uniform,16,16,43,0.30,84.500000,,important results/fashion_mnist_fc3rev_three_regs/noise_sweep_rate_uniform_L16_T16/fc3rev_h16/no_regularization/seed_43/noise_sweep_matrix_fashion_mnist_fc3rev_h16_T16_mode_rate_uniform_schedule_normal_seed_43.csv
fc3rev_h16,16,no_regularization,rate_uniform,16,16,43,0.35,84.430000,,important results/fashion_mnist_fc3rev_three_regs/noise_sweep_rate_uniform_L16_T16/fc3rev_h16/no_regularization/seed_43/noise_sweep_matrix_fashion_mnist_fc3rev_h16_T16_mode_rate_uniform_schedule_normal_seed_43.csv
fc3rev_h16,16,no_regularization,rate_uniform,16,16,43,0.40,83.990000,,important results/fashion_mnist_fc3rev_three_regs/noise_sweep_rate_uniform_L16_T16/fc3rev_h16/no_regularization/seed_43/noise_sweep_matrix_fashion_mnist_fc3rev_h16_T16_mode_rate_uniform_schedule_normal_seed_43.csv
fc3rev_h16,16,no_regularization,rate_uniform,16,16,43,0.45,84.180000,,important results/fashion_mnist_fc3rev_three_regs/noise_sweep_rate_uniform_L16_T16/fc3rev_h16/no_regularization/seed_43/noise_sweep_matrix_fashion_mnist_fc3rev_h16_T16_mode_rate_uniform_schedule_normal_seed_43.csv
fc3rev_h16,16,no_regularization,rate_uniform,16,16,43,0.50,84.020000,,important results/fashion_mnist_fc3rev_three_regs/noise_sweep_rate_uniform_L16_T16/fc3rev_h16/no_regularization/seed_43/noise_sweep_matrix_fashion_mnist_fc3rev_h16_T16_mode_rate_uniform_schedule_normal_seed_43.csv
fc3rev_h16,16,no_regularization,rate_uniform,16,16,43,0.55,83.660000,,important results/fashion_mnist_fc3rev_three_regs/noise_sweep_rate_uniform_L16_T16/fc3rev_h16/no_regularization/seed_43/noise_sweep_matrix_fashion_mnist_fc3rev_h16_T16_mode_rate_uniform_schedule_normal_seed_43.csv
fc3rev_h16,16,no_regularization,rate_uniform,16,16,43,0.60,83.870000,,important results/fashion_mnist_fc3rev_three_regs/noise_sweep_rate_uniform_L16_T16/fc3rev_h16/no_regularization/seed_43/noise_sweep_matrix_fashion_mnist_fc3rev_h16_T16_mode_rate_uniform_schedule_normal_seed_43.csv
fc3rev_h16,16,no_regularization,rate_uniform,16,16,43,0.65,83.330000,,important results/fashion_mnist_fc3rev_three_regs/noise_sweep_rate_uniform_L16_T16/fc3rev_h16/no_regularization/seed_43/noise_sweep_matrix_fashion_mnist_fc3rev_h16_T16_mode_rate_uniform_schedule_normal_seed_43.csv
fc3rev_h16,16,no_regularization,rate_uniform,16,16,43,0.70,82.900000,,important results/fashion_mnist_fc3rev_three_regs/noise_sweep_rate_uniform_L16_T16/fc3rev_h16/no_regularization/seed_43/noise_sweep_matrix_fashion_mnist_fc3rev_h16_T16_mode_rate_uniform_schedule_normal_seed_43.csv
fc3rev_h16,16,no_regularization,rate_uniform,16,16,43,0.75,82.970000,,important results/fashion_mnist_fc3rev_three_regs/noise_sweep_rate_uniform_L16_T16/fc3rev_h16/no_regularization/seed_43/noise_sweep_matrix_fashion_mnist_fc3rev_h16_T16_mode_rate_uniform_schedule_normal_seed_43.csv
fc3rev_h16,16,no_regularization,rate_uniform,16,16,43,0.80,82.360000,,important results/fashion_mnist_fc3rev_three_regs/noise_sweep_rate_uniform_L16_T16/fc3rev_h16/no_regularization/seed_43/noise_sweep_matrix_fashion_mnist_fc3rev_h16_T16_mode_rate_uniform_schedule_normal_seed_43.csv
fc3rev_h16,16,no_regularization,rate_uniform,16,16,43,0.85,82.100000,,important results/fashion_mnist_fc3rev_three_regs/noise_sweep_rate_uniform_L16_T16/fc3rev_h16/no_regularization/seed_43/noise_sweep_matrix_fashion_mnist_fc3rev_h16_T16_mode_rate_uniform_schedule_normal_seed_43.csv
fc3rev_h16,16,no_regularization,rate_uniform,16,16,43,0.90,81.750000,,important results/fashion_mnist_fc3rev_three_regs/noise_sweep_rate_uniform_L16_T16/fc3rev_h16/no_regularization/seed_43/noise_sweep_matrix_fashion_mnist_fc3rev_h16_T16_mode_rate_uniform_schedule_normal_seed_43.csv
fc3rev_h16,16,no_regularization,rate_uniform,16,16,43,0.95,81.690000,,important results/fashion_mnist_fc3rev_three_regs/noise_sweep_rate_uniform_L16_T16/fc3rev_h16/no_regularization/seed_43/noise_sweep_matrix_fashion_mnist_fc3rev_h16_T16_mode_rate_uniform_schedule_normal_seed_43.csv
fc3rev_h16,16,no_regularization,rate_uniform,16,16,43,1.00,81.130000,,important results/fashion_mnist_fc3rev_three_regs/noise_sweep_rate_uniform_L16_T16/fc3rev_h16/no_regularization/seed_43/noise_sweep_matrix_fashion_mnist_fc3rev_h16_T16_mode_rate_uniform_schedule_normal_seed_43.csv
fc3rev_h16,16,no_regularization,rate_uniform,16,16,44,0.00,84.490000,,important results/fashion_mnist_fc3rev_three_regs/noise_sweep_rate_uniform_L16_T16/fc3rev_h16/no_regularization/seed_44/noise_sweep_matrix_fashion_mnist_fc3rev_h16_T16_mode_rate_uniform_schedule_normal_seed_44.csv
fc3rev_h16,16,no_regularization,rate_uniform,16,16,44,0.05,84.450000,,important results/fashion_mnist_fc3rev_three_regs/noise_sweep_rate_uniform_L16_T16/fc3rev_h16/no_regularization/seed_44/noise_sweep_matrix_fashion_mnist_fc3rev_h16_T16_mode_rate_uniform_schedule_normal_seed_44.csv
fc3rev_h16,16,no_regularization,rate_uniform,16,16,44,0.10,84.460000,,important results/fashion_mnist_fc3rev_three_regs/noise_sweep_rate_uniform_L16_T16/fc3rev_h16/no_regularization/seed_44/noise_sweep_matrix_fashion_mnist_fc3rev_h16_T16_mode_rate_uniform_schedule_normal_seed_44.csv
fc3rev_h16,16,no_regularization,rate_uniform,16,16,44,0.15,84.340000,,important results/fashion_mnist_fc3rev_three_regs/noise_sweep_rate_uniform_L16_T16/fc3rev_h16/no_regularization/seed_44/noise_sweep_matrix_fashion_mnist_fc3rev_h16_T16_mode_rate_uniform_schedule_normal_seed_44.csv
fc3rev_h16,16,no_regularization,rate_uniform,16,16,44,0.20,84.020000,,important results/fashion_mnist_fc3rev_three_regs/noise_sweep_rate_uniform_L16_T16/fc3rev_h16/no_regularization/seed_44/noise_sweep_matrix_fashion_mnist_fc3rev_h16_T16_mode_rate_uniform_schedule_normal_seed_44.csv
fc3rev_h16,16,no_regularization,rate_uniform,16,16,44,0.25,84.240000,,important results/fashion_mnist_fc3rev_three_regs/noise_sweep_rate_uniform_L16_T16/fc3rev_h16/no_regularization/seed_44/noise_sweep_matrix_fashion_mnist_fc3rev_h16_T16_mode_rate_uniform_schedule_normal_seed_44.csv
fc3rev_h16,16,no_regularization,rate_uniform,16,16,44,0.30,84.370000,,important results/fashion_mnist_fc3rev_three_regs/noise_sweep_rate_uniform_L16_T16/fc3rev_h16/no_regularization/seed_44/noise_sweep_matrix_fashion_mnist_fc3rev_h16_T16_mode_rate_uniform_schedule_normal_seed_44.csv
fc3rev_h16,16,no_regularization,rate_uniform,16,16,44,0.35,83.930000,,important results/fashion_mnist_fc3rev_three_regs/noise_sweep_rate_uniform_L16_T16/fc3rev_h16/no_regularization/seed_44/noise_sweep_matrix_fashion_mnist_fc3rev_h16_T16_mode_rate_uniform_schedule_normal_seed_44.csv
fc3rev_h16,16,no_regularization,rate_uniform,16,16,44,0.40,83.670000,,important results/fashion_mnist_fc3rev_three_regs/noise_sweep_rate_uniform_L16_T16/fc3rev_h16/no_regularization/seed_44/noise_sweep_matrix_fashion_mnist_fc3rev_h16_T16_mode_rate_uniform_schedule_normal_seed_44.csv
fc3rev_h16,16,no_regularization,rate_uniform,16,16,44,0.45,83.570000,,important results/fashion_mnist_fc3rev_three_regs/noise_sweep_rate_uniform_L16_T16/fc3rev_h16/no_regularization/seed_44/noise_sweep_matrix_fashion_mnist_fc3rev_h16_T16_mode_rate_uniform_schedule_normal_seed_44.csv
fc3rev_h16,16,no_regularization,rate_uniform,16,16,44,0.50,83.390000,,important results/fashion_mnist_fc3rev_three_regs/noise_sweep_rate_uniform_L16_T16/fc3rev_h16/no_regularization/seed_44/noise_sweep_matrix_fashion_mnist_fc3rev_h16_T16_mode_rate_uniform_schedule_normal_seed_44.csv
fc3rev_h16,16,no_regularization,rate_uniform,16,16,44,0.55,83.330000,,important results/fashion_mnist_fc3rev_three_regs/noise_sweep_rate_uniform_L16_T16/fc3rev_h16/no_regularization/seed_44/noise_sweep_matrix_fashion_mnist_fc3rev_h16_T16_mode_rate_uniform_schedule_normal_seed_44.csv
fc3rev_h16,16,no_regularization,rate_uniform,16,16,44,0.60,83.190000,,important results/fashion_mnist_fc3rev_three_regs/noise_sweep_rate_uniform_L16_T16/fc3rev_h16/no_regularization/seed_44/noise_sweep_matrix_fashion_mnist_fc3rev_h16_T16_mode_rate_uniform_schedule_normal_seed_44.csv
fc3rev_h16,16,no_regularization,rate_uniform,16,16,44,0.65,82.770000,,important results/fashion_mnist_fc3rev_three_regs/noise_sweep_rate_uniform_L16_T16/fc3rev_h16/no_regularization/seed_44/noise_sweep_matrix_fashion_mnist_fc3rev_h16_T16_mode_rate_uniform_schedule_normal_seed_44.csv
fc3rev_h16,16,no_regularization,rate_uniform,16,16,44,0.70,82.760000,,important results/fashion_mnist_fc3rev_three_regs/noise_sweep_rate_uniform_L16_T16/fc3rev_h16/no_regularization/seed_44/noise_sweep_matrix_fashion_mnist_fc3rev_h16_T16_mode_rate_uniform_schedule_normal_seed_44.csv
fc3rev_h16,16,no_regularization,rate_uniform,16,16,44,0.75,82.670000,,important results/fashion_mnist_fc3rev_three_regs/noise_sweep_rate_uniform_L16_T16/fc3rev_h16/no_regularization/seed_44/noise_sweep_matrix_fashion_mnist_fc3rev_h16_T16_mode_rate_uniform_schedule_normal_seed_44.csv
fc3rev_h16,16,no_regularization,rate_uniform,16,16,44,0.80,82.490000,,important results/fashion_mnist_fc3rev_three_regs/noise_sweep_rate_uniform_L16_T16/fc3rev_h16/no_regularization/seed_44/noise_sweep_matrix_fashion_mnist_fc3rev_h16_T16_mode_rate_uniform_schedule_normal_seed_44.csv
fc3rev_h16,16,no_regularization,rate_uniform,16,16,44,0.85,82.100000,,important results/fashion_mnist_fc3rev_three_regs/noise_sweep_rate_uniform_L16_T16/fc3rev_h16/no_regularization/seed_44/noise_sweep_matrix_fashion_mnist_fc3rev_h16_T16_mode_rate_uniform_schedule_normal_seed_44.csv
fc3rev_h16,16,no_regularization,rate_uniform,16,16,44,0.90,81.740000,,important results/fashion_mnist_fc3rev_three_regs/noise_sweep_rate_uniform_L16_T16/fc3rev_h16/no_regularization/seed_44/noise_sweep_matrix_fashion_mnist_fc3rev_h16_T16_mode_rate_uniform_schedule_normal_seed_44.csv
fc3rev_h16,16,no_regularization,rate_uniform,16,16,44,0.95,81.300000,,important results/fashion_mnist_fc3rev_three_regs/noise_sweep_rate_uniform_L16_T16/fc3rev_h16/no_regularization/seed_44/noise_sweep_matrix_fashion_mnist_fc3rev_h16_T16_mode_rate_uniform_schedule_normal_seed_44.csv
fc3rev_h16,16,no_regularization,rate_uniform,16,16,44,1.00,81.160000,,important results/fashion_mnist_fc3rev_three_regs/noise_sweep_rate_uniform_L16_T16/fc3rev_h16/no_regularization/seed_44/noise_sweep_matrix_fashion_mnist_fc3rev_h16_T16_mode_rate_uniform_schedule_normal_seed_44.csv
fc3rev_h16,16,weight_decay,rate_uniform,16,16,40,0.00,85.210000,,important results/fashion_mnist_fc3rev_three_regs/noise_sweep_rate_uniform_L16_T16/fc3rev_h16/weight_decay/seed_40/noise_sweep_matrix_fashion_mnist_fc3rev_h16_T16_mode_rate_uniform_schedule_normal_seed_40.csv
fc3rev_h16,16,weight_decay,rate_uniform,16,16,40,0.05,85.300000,,important results/fashion_mnist_fc3rev_three_regs/noise_sweep_rate_uniform_L16_T16/fc3rev_h16/weight_decay/seed_40/noise_sweep_matrix_fashion_mnist_fc3rev_h16_T16_mode_rate_uniform_schedule_normal_seed_40.csv
fc3rev_h16,16,weight_decay,rate_uniform,16,16,40,0.10,85.060000,,important results/fashion_mnist_fc3rev_three_regs/noise_sweep_rate_uniform_L16_T16/fc3rev_h16/weight_decay/seed_40/noise_sweep_matrix_fashion_mnist_fc3rev_h16_T16_mode_rate_uniform_schedule_normal_seed_40.csv
fc3rev_h16,16,weight_decay,rate_uniform,16,16,40,0.15,85.000000,,important results/fashion_mnist_fc3rev_three_regs/noise_sweep_rate_uniform_L16_T16/fc3rev_h16/weight_decay/seed_40/noise_sweep_matrix_fashion_mnist_fc3rev_h16_T16_mode_rate_uniform_schedule_normal_seed_40.csv
fc3rev_h16,16,weight_decay,rate_uniform,16,16,40,0.20,84.990000,,important results/fashion_mnist_fc3rev_three_regs/noise_sweep_rate_uniform_L16_T16/fc3rev_h16/weight_decay/seed_40/noise_sweep_matrix_fashion_mnist_fc3rev_h16_T16_mode_rate_uniform_schedule_normal_seed_40.csv
fc3rev_h16,16,weight_decay,rate_uniform,16,16,40,0.25,84.920000,,important results/fashion_mnist_fc3rev_three_regs/noise_sweep_rate_uniform_L16_T16/fc3rev_h16/weight_decay/seed_40/noise_sweep_matrix_fashion_mnist_fc3rev_h16_T16_mode_rate_uniform_schedule_normal_seed_40.csv
fc3rev_h16,16,weight_decay,rate_uniform,16,16,40,0.30,84.720000,,important results/fashion_mnist_fc3rev_three_regs/noise_sweep_rate_uniform_L16_T16/fc3rev_h16/weight_decay/seed_40/noise_sweep_matrix_fashion_mnist_fc3rev_h16_T16_mode_rate_uniform_schedule_normal_seed_40.csv
fc3rev_h16,16,weight_decay,rate_uniform,16,16,40,0.35,84.520000,,important results/fashion_mnist_fc3rev_three_regs/noise_sweep_rate_uniform_L16_T16/fc3rev_h16/weight_decay/seed_40/noise_sweep_matrix_fashion_mnist_fc3rev_h16_T16_mode_rate_uniform_schedule_normal_seed_40.csv
fc3rev_h16,16,weight_decay,rate_uniform,16,16,40,0.40,84.730000,,important results/fashion_mnist_fc3rev_three_regs/noise_sweep_rate_uniform_L16_T16/fc3rev_h16/weight_decay/seed_40/noise_sweep_matrix_fashion_mnist_fc3rev_h16_T16_mode_rate_uniform_schedule_normal_seed_40.csv
fc3rev_h16,16,weight_decay,rate_uniform,16,16,40,0.45,84.730000,,important results/fashion_mnist_fc3rev_three_regs/noise_sweep_rate_uniform_L16_T16/fc3rev_h16/weight_decay/seed_40/noise_sweep_matrix_fashion_mnist_fc3rev_h16_T16_mode_rate_uniform_schedule_normal_seed_40.csv
fc3rev_h16,16,weight_decay,rate_uniform,16,16,40,0.50,84.460000,,important results/fashion_mnist_fc3rev_three_regs/noise_sweep_rate_uniform_L16_T16/fc3rev_h16/weight_decay/seed_40/noise_sweep_matrix_fashion_mnist_fc3rev_h16_T16_mode_rate_uniform_schedule_normal_seed_40.csv
fc3rev_h16,16,weight_decay,rate_uniform,16,16,40,0.55,84.100000,,important results/fashion_mnist_fc3rev_three_regs/noise_sweep_rate_uniform_L16_T16/fc3rev_h16/weight_decay/seed_40/noise_sweep_matrix_fashion_mnist_fc3rev_h16_T16_mode_rate_uniform_schedule_normal_seed_40.csv
fc3rev_h16,16,weight_decay,rate_uniform,16,16,40,0.60,83.970000,,important results/fashion_mnist_fc3rev_three_regs/noise_sweep_rate_uniform_L16_T16/fc3rev_h16/weight_decay/seed_40/noise_sweep_matrix_fashion_mnist_fc3rev_h16_T16_mode_rate_uniform_schedule_normal_seed_40.csv
fc3rev_h16,16,weight_decay,rate_uniform,16,16,40,0.65,83.650000,,important results/fashion_mnist_fc3rev_three_regs/noise_sweep_rate_uniform_L16_T16/fc3rev_h16/weight_decay/seed_40/noise_sweep_matrix_fashion_mnist_fc3rev_h16_T16_mode_rate_uniform_schedule_normal_seed_40.csv
fc3rev_h16,16,weight_decay,rate_uniform,16,16,40,0.70,83.020000,,important results/fashion_mnist_fc3rev_three_regs/noise_sweep_rate_uniform_L16_T16/fc3rev_h16/weight_decay/seed_40/noise_sweep_matrix_fashion_mnist_fc3rev_h16_T16_mode_rate_uniform_schedule_normal_seed_40.csv
fc3rev_h16,16,weight_decay,rate_uniform,16,16,40,0.75,83.110000,,important results/fashion_mnist_fc3rev_three_regs/noise_sweep_rate_uniform_L16_T16/fc3rev_h16/weight_decay/seed_40/noise_sweep_matrix_fashion_mnist_fc3rev_h16_T16_mode_rate_uniform_schedule_normal_seed_40.csv
fc3rev_h16,16,weight_decay,rate_uniform,16,16,40,0.80,82.740000,,important results/fashion_mnist_fc3rev_three_regs/noise_sweep_rate_uniform_L16_T16/fc3rev_h16/weight_decay/seed_40/noise_sweep_matrix_fashion_mnist_fc3rev_h16_T16_mode_rate_uniform_schedule_normal_seed_40.csv
fc3rev_h16,16,weight_decay,rate_uniform,16,16,40,0.85,82.360000,,important results/fashion_mnist_fc3rev_three_regs/noise_sweep_rate_uniform_L16_T16/fc3rev_h16/weight_decay/seed_40/noise_sweep_matrix_fashion_mnist_fc3rev_h16_T16_mode_rate_uniform_schedule_normal_seed_40.csv
fc3rev_h16,16,weight_decay,rate_uniform,16,16,40,0.90,82.540000,,important results/fashion_mnist_fc3rev_three_regs/noise_sweep_rate_uniform_L16_T16/fc3rev_h16/weight_decay/seed_40/noise_sweep_matrix_fashion_mnist_fc3rev_h16_T16_mode_rate_uniform_schedule_normal_seed_40.csv
fc3rev_h16,16,weight_decay,rate_uniform,16,16,40,0.95,82.150000,,important results/fashion_mnist_fc3rev_three_regs/noise_sweep_rate_uniform_L16_T16/fc3rev_h16/weight_decay/seed_40/noise_sweep_matrix_fashion_mnist_fc3rev_h16_T16_mode_rate_uniform_schedule_normal_seed_40.csv
fc3rev_h16,16,weight_decay,rate_uniform,16,16,40,1.00,81.100000,,important results/fashion_mnist_fc3rev_three_regs/noise_sweep_rate_uniform_L16_T16/fc3rev_h16/weight_decay/seed_40/noise_sweep_matrix_fashion_mnist_fc3rev_h16_T16_mode_rate_uniform_schedule_normal_seed_40.csv
fc3rev_h16,16,weight_decay,rate_uniform,16,16,41,0.00,85.260000,,important results/fashion_mnist_fc3rev_three_regs/noise_sweep_rate_uniform_L16_T16/fc3rev_h16/weight_decay/seed_41/noise_sweep_matrix_fashion_mnist_fc3rev_h16_T16_mode_rate_uniform_schedule_normal_seed_41.csv
fc3rev_h16,16,weight_decay,rate_uniform,16,16,41,0.05,85.210000,,important results/fashion_mnist_fc3rev_three_regs/noise_sweep_rate_uniform_L16_T16/fc3rev_h16/weight_decay/seed_41/noise_sweep_matrix_fashion_mnist_fc3rev_h16_T16_mode_rate_uniform_schedule_normal_seed_41.csv
fc3rev_h16,16,weight_decay,rate_uniform,16,16,41,0.10,85.110000,,important results/fashion_mnist_fc3rev_three_regs/noise_sweep_rate_uniform_L16_T16/fc3rev_h16/weight_decay/seed_41/noise_sweep_matrix_fashion_mnist_fc3rev_h16_T16_mode_rate_uniform_schedule_normal_seed_41.csv
fc3rev_h16,16,weight_decay,rate_uniform,16,16,41,0.15,85.150000,,important results/fashion_mnist_fc3rev_three_regs/noise_sweep_rate_uniform_L16_T16/fc3rev_h16/weight_decay/seed_41/noise_sweep_matrix_fashion_mnist_fc3rev_h16_T16_mode_rate_uniform_schedule_normal_seed_41.csv
fc3rev_h16,16,weight_decay,rate_uniform,16,16,41,0.20,85.020000,,important results/fashion_mnist_fc3rev_three_regs/noise_sweep_rate_uniform_L16_T16/fc3rev_h16/weight_decay/seed_41/noise_sweep_matrix_fashion_mnist_fc3rev_h16_T16_mode_rate_uniform_schedule_normal_seed_41.csv
fc3rev_h16,16,weight_decay,rate_uniform,16,16,41,0.25,85.000000,,important results/fashion_mnist_fc3rev_three_regs/noise_sweep_rate_uniform_L16_T16/fc3rev_h16/weight_decay/seed_41/noise_sweep_matrix_fashion_mnist_fc3rev_h16_T16_mode_rate_uniform_schedule_normal_seed_41.csv
fc3rev_h16,16,weight_decay,rate_uniform,16,16,41,0.30,84.790000,,important results/fashion_mnist_fc3rev_three_regs/noise_sweep_rate_uniform_L16_T16/fc3rev_h16/weight_decay/seed_41/noise_sweep_matrix_fashion_mnist_fc3rev_h16_T16_mode_rate_uniform_schedule_normal_seed_41.csv
fc3rev_h16,16,weight_decay,rate_uniform,16,16,41,0.35,84.770000,,important results/fashion_mnist_fc3rev_three_regs/noise_sweep_rate_uniform_L16_T16/fc3rev_h16/weight_decay/seed_41/noise_sweep_matrix_fashion_mnist_fc3rev_h16_T16_mode_rate_uniform_schedule_normal_seed_41.csv
fc3rev_h16,16,weight_decay,rate_uniform,16,16,41,0.40,84.770000,,important results/fashion_mnist_fc3rev_three_regs/noise_sweep_rate_uniform_L16_T16/fc3rev_h16/weight_decay/seed_41/noise_sweep_matrix_fashion_mnist_fc3rev_h16_T16_mode_rate_uniform_schedule_normal_seed_41.csv
fc3rev_h16,16,weight_decay,rate_uniform,16,16,41,0.45,84.630000,,important results/fashion_mnist_fc3rev_three_regs/noise_sweep_rate_uniform_L16_T16/fc3rev_h16/weight_decay/seed_41/noise_sweep_matrix_fashion_mnist_fc3rev_h16_T16_mode_rate_uniform_schedule_normal_seed_41.csv
fc3rev_h16,16,weight_decay,rate_uniform,16,16,41,0.50,84.580000,,important results/fashion_mnist_fc3rev_three_regs/noise_sweep_rate_uniform_L16_T16/fc3rev_h16/weight_decay/seed_41/noise_sweep_matrix_fashion_mnist_fc3rev_h16_T16_mode_rate_uniform_schedule_normal_seed_41.csv
fc3rev_h16,16,weight_decay,rate_uniform,16,16,41,0.55,84.070000,,important results/fashion_mnist_fc3rev_three_regs/noise_sweep_rate_uniform_L16_T16/fc3rev_h16/weight_decay/seed_41/noise_sweep_matrix_fashion_mnist_fc3rev_h16_T16_mode_rate_uniform_schedule_normal_seed_41.csv
fc3rev_h16,16,weight_decay,rate_uniform,16,16,41,0.60,83.850000,,important results/fashion_mnist_fc3rev_three_regs/noise_sweep_rate_uniform_L16_T16/fc3rev_h16/weight_decay/seed_41/noise_sweep_matrix_fashion_mnist_fc3rev_h16_T16_mode_rate_uniform_schedule_normal_seed_41.csv
fc3rev_h16,16,weight_decay,rate_uniform,16,16,41,0.65,83.670000,,important results/fashion_mnist_fc3rev_three_regs/noise_sweep_rate_uniform_L16_T16/fc3rev_h16/weight_decay/seed_41/noise_sweep_matrix_fashion_mnist_fc3rev_h16_T16_mode_rate_uniform_schedule_normal_seed_41.csv
fc3rev_h16,16,weight_decay,rate_uniform,16,16,41,0.70,82.990000,,important results/fashion_mnist_fc3rev_three_regs/noise_sweep_rate_uniform_L16_T16/fc3rev_h16/weight_decay/seed_41/noise_sweep_matrix_fashion_mnist_fc3rev_h16_T16_mode_rate_uniform_schedule_normal_seed_41.csv
fc3rev_h16,16,weight_decay,rate_uniform,16,16,41,0.75,83.070000,,important results/fashion_mnist_fc3rev_three_regs/noise_sweep_rate_uniform_L16_T16/fc3rev_h16/weight_decay/seed_41/noise_sweep_matrix_fashion_mnist_fc3rev_h16_T16_mode_rate_uniform_schedule_normal_seed_41.csv
fc3rev_h16,16,weight_decay,rate_uniform,16,16,41,0.80,83.090000,,important results/fashion_mnist_fc3rev_three_regs/noise_sweep_rate_uniform_L16_T16/fc3rev_h16/weight_decay/seed_41/noise_sweep_matrix_fashion_mnist_fc3rev_h16_T16_mode_rate_uniform_schedule_normal_seed_41.csv
fc3rev_h16,16,weight_decay,rate_uniform,16,16,41,0.85,82.710000,,important results/fashion_mnist_fc3rev_three_regs/noise_sweep_rate_uniform_L16_T16/fc3rev_h16/weight_decay/seed_41/noise_sweep_matrix_fashion_mnist_fc3rev_h16_T16_mode_rate_uniform_schedule_normal_seed_41.csv
fc3rev_h16,16,weight_decay,rate_uniform,16,16,41,0.90,82.370000,,important results/fashion_mnist_fc3rev_three_regs/noise_sweep_rate_uniform_L16_T16/fc3rev_h16/weight_decay/seed_41/noise_sweep_matrix_fashion_mnist_fc3rev_h16_T16_mode_rate_uniform_schedule_normal_seed_41.csv
fc3rev_h16,16,weight_decay,rate_uniform,16,16,41,0.95,82.060000,,important results/fashion_mnist_fc3rev_three_regs/noise_sweep_rate_uniform_L16_T16/fc3rev_h16/weight_decay/seed_41/noise_sweep_matrix_fashion_mnist_fc3rev_h16_T16_mode_rate_uniform_schedule_normal_seed_41.csv
fc3rev_h16,16,weight_decay,rate_uniform,16,16,41,1.00,82.030000,,important results/fashion_mnist_fc3rev_three_regs/noise_sweep_rate_uniform_L16_T16/fc3rev_h16/weight_decay/seed_41/noise_sweep_matrix_fashion_mnist_fc3rev_h16_T16_mode_rate_uniform_schedule_normal_seed_41.csv
fc3rev_h16,16,weight_decay,rate_uniform,16,16,42,0.00,85.310000,,important results/fashion_mnist_fc3rev_three_regs/noise_sweep_rate_uniform_L16_T16/fc3rev_h16/weight_decay/seed_42/noise_sweep_matrix_fashion_mnist_fc3rev_h16_T16_mode_rate_uniform_schedule_normal_seed_42.csv
fc3rev_h16,16,weight_decay,rate_uniform,16,16,42,0.05,85.110000,,important results/fashion_mnist_fc3rev_three_regs/noise_sweep_rate_uniform_L16_T16/fc3rev_h16/weight_decay/seed_42/noise_sweep_matrix_fashion_mnist_fc3rev_h16_T16_mode_rate_uniform_schedule_normal_seed_42.csv
fc3rev_h16,16,weight_decay,rate_uniform,16,16,42,0.10,85.320000,,important results/fashion_mnist_fc3rev_three_regs/noise_sweep_rate_uniform_L16_T16/fc3rev_h16/weight_decay/seed_42/noise_sweep_matrix_fashion_mnist_fc3rev_h16_T16_mode_rate_uniform_schedule_normal_seed_42.csv
fc3rev_h16,16,weight_decay,rate_uniform,16,16,42,0.15,85.380000,,important results/fashion_mnist_fc3rev_three_regs/noise_sweep_rate_uniform_L16_T16/fc3rev_h16/weight_decay/seed_42/noise_sweep_matrix_fashion_mnist_fc3rev_h16_T16_mode_rate_uniform_schedule_normal_seed_42.csv
fc3rev_h16,16,weight_decay,rate_uniform,16,16,42,0.20,85.290000,,important results/fashion_mnist_fc3rev_three_regs/noise_sweep_rate_uniform_L16_T16/fc3rev_h16/weight_decay/seed_42/noise_sweep_matrix_fashion_mnist_fc3rev_h16_T16_mode_rate_uniform_schedule_normal_seed_42.csv
fc3rev_h16,16,weight_decay,rate_uniform,16,16,42,0.25,84.800000,,important results/fashion_mnist_fc3rev_three_regs/noise_sweep_rate_uniform_L16_T16/fc3rev_h16/weight_decay/seed_42/noise_sweep_matrix_fashion_mnist_fc3rev_h16_T16_mode_rate_uniform_schedule_normal_seed_42.csv
fc3rev_h16,16,weight_decay,rate_uniform,16,16,42,0.30,85.130000,,important results/fashion_mnist_fc3rev_three_regs/noise_sweep_rate_uniform_L16_T16/fc3rev_h16/weight_decay/seed_42/noise_sweep_matrix_fashion_mnist_fc3rev_h16_T16_mode_rate_uniform_schedule_normal_seed_42.csv
fc3rev_h16,16,weight_decay,rate_uniform,16,16,42,0.35,84.790000,,important results/fashion_mnist_fc3rev_three_regs/noise_sweep_rate_uniform_L16_T16/fc3rev_h16/weight_decay/seed_42/noise_sweep_matrix_fashion_mnist_fc3rev_h16_T16_mode_rate_uniform_schedule_normal_seed_42.csv
fc3rev_h16,16,weight_decay,rate_uniform,16,16,42,0.40,84.770000,,important results/fashion_mnist_fc3rev_three_regs/noise_sweep_rate_uniform_L16_T16/fc3rev_h16/weight_decay/seed_42/noise_sweep_matrix_fashion_mnist_fc3rev_h16_T16_mode_rate_uniform_schedule_normal_seed_42.csv
fc3rev_h16,16,weight_decay,rate_uniform,16,16,42,0.45,84.650000,,important results/fashion_mnist_fc3rev_three_regs/noise_sweep_rate_uniform_L16_T16/fc3rev_h16/weight_decay/seed_42/noise_sweep_matrix_fashion_mnist_fc3rev_h16_T16_mode_rate_uniform_schedule_normal_seed_42.csv
fc3rev_h16,16,weight_decay,rate_uniform,16,16,42,0.50,84.620000,,important results/fashion_mnist_fc3rev_three_regs/noise_sweep_rate_uniform_L16_T16/fc3rev_h16/weight_decay/seed_42/noise_sweep_matrix_fashion_mnist_fc3rev_h16_T16_mode_rate_uniform_schedule_normal_seed_42.csv
fc3rev_h16,16,weight_decay,rate_uniform,16,16,42,0.55,84.330000,,important results/fashion_mnist_fc3rev_three_regs/noise_sweep_rate_uniform_L16_T16/fc3rev_h16/weight_decay/seed_42/noise_sweep_matrix_fashion_mnist_fc3rev_h16_T16_mode_rate_uniform_schedule_normal_seed_42.csv
fc3rev_h16,16,weight_decay,rate_uniform,16,16,42,0.60,84.070000,,important results/fashion_mnist_fc3rev_three_regs/noise_sweep_rate_uniform_L16_T16/fc3rev_h16/weight_decay/seed_42/noise_sweep_matrix_fashion_mnist_fc3rev_h16_T16_mode_rate_uniform_schedule_normal_seed_42.csv
fc3rev_h16,16,weight_decay,rate_uniform,16,16,42,0.65,83.990000,,important results/fashion_mnist_fc3rev_three_regs/noise_sweep_rate_uniform_L16_T16/fc3rev_h16/weight_decay/seed_42/noise_sweep_matrix_fashion_mnist_fc3rev_h16_T16_mode_rate_uniform_schedule_normal_seed_42.csv
fc3rev_h16,16,weight_decay,rate_uniform,16,16,42,0.70,83.710000,,important results/fashion_mnist_fc3rev_three_regs/noise_sweep_rate_uniform_L16_T16/fc3rev_h16/weight_decay/seed_42/noise_sweep_matrix_fashion_mnist_fc3rev_h16_T16_mode_rate_uniform_schedule_normal_seed_42.csv
fc3rev_h16,16,weight_decay,rate_uniform,16,16,42,0.75,83.430000,,important results/fashion_mnist_fc3rev_three_regs/noise_sweep_rate_uniform_L16_T16/fc3rev_h16/weight_decay/seed_42/noise_sweep_matrix_fashion_mnist_fc3rev_h16_T16_mode_rate_uniform_schedule_normal_seed_42.csv
fc3rev_h16,16,weight_decay,rate_uniform,16,16,42,0.80,83.170000,,important results/fashion_mnist_fc3rev_three_regs/noise_sweep_rate_uniform_L16_T16/fc3rev_h16/weight_decay/seed_42/noise_sweep_matrix_fashion_mnist_fc3rev_h16_T16_mode_rate_uniform_schedule_normal_seed_42.csv
fc3rev_h16,16,weight_decay,rate_uniform,16,16,42,0.85,83.230000,,important results/fashion_mnist_fc3rev_three_regs/noise_sweep_rate_uniform_L16_T16/fc3rev_h16/weight_decay/seed_42/noise_sweep_matrix_fashion_mnist_fc3rev_h16_T16_mode_rate_uniform_schedule_normal_seed_42.csv
fc3rev_h16,16,weight_decay,rate_uniform,16,16,42,0.90,82.680000,,important results/fashion_mnist_fc3rev_three_regs/noise_sweep_rate_uniform_L16_T16/fc3rev_h16/weight_decay/seed_42/noise_sweep_matrix_fashion_mnist_fc3rev_h16_T16_mode_rate_uniform_schedule_normal_seed_42.csv
fc3rev_h16,16,weight_decay,rate_uniform,16,16,42,0.95,82.320000,,important results/fashion_mnist_fc3rev_three_regs/noise_sweep_rate_uniform_L16_T16/fc3rev_h16/weight_decay/seed_42/noise_sweep_matrix_fashion_mnist_fc3rev_h16_T16_mode_rate_uniform_schedule_normal_seed_42.csv
fc3rev_h16,16,weight_decay,rate_uniform,16,16,42,1.00,82.250000,,important results/fashion_mnist_fc3rev_three_regs/noise_sweep_rate_uniform_L16_T16/fc3rev_h16/weight_decay/seed_42/noise_sweep_matrix_fashion_mnist_fc3rev_h16_T16_mode_rate_uniform_schedule_normal_seed_42.csv
fc3rev_h16,16,weight_decay,rate_uniform,16,16,43,0.00,85.330000,,important results/fashion_mnist_fc3rev_three_regs/noise_sweep_rate_uniform_L16_T16/fc3rev_h16/weight_decay/seed_43/noise_sweep_matrix_fashion_mnist_fc3rev_h16_T16_mode_rate_uniform_schedule_normal_seed_43.csv
fc3rev_h16,16,weight_decay,rate_uniform,16,16,43,0.05,85.330000,,important results/fashion_mnist_fc3rev_three_regs/noise_sweep_rate_uniform_L16_T16/fc3rev_h16/weight_decay/seed_43/noise_sweep_matrix_fashion_mnist_fc3rev_h16_T16_mode_rate_uniform_schedule_normal_seed_43.csv
fc3rev_h16,16,weight_decay,rate_uniform,16,16,43,0.10,85.250000,,important results/fashion_mnist_fc3rev_three_regs/noise_sweep_rate_uniform_L16_T16/fc3rev_h16/weight_decay/seed_43/noise_sweep_matrix_fashion_mnist_fc3rev_h16_T16_mode_rate_uniform_schedule_normal_seed_43.csv
fc3rev_h16,16,weight_decay,rate_uniform,16,16,43,0.15,85.450000,,important results/fashion_mnist_fc3rev_three_regs/noise_sweep_rate_uniform_L16_T16/fc3rev_h16/weight_decay/seed_43/noise_sweep_matrix_fashion_mnist_fc3rev_h16_T16_mode_rate_uniform_schedule_normal_seed_43.csv
fc3rev_h16,16,weight_decay,rate_uniform,16,16,43,0.20,85.050000,,important results/fashion_mnist_fc3rev_three_regs/noise_sweep_rate_uniform_L16_T16/fc3rev_h16/weight_decay/seed_43/noise_sweep_matrix_fashion_mnist_fc3rev_h16_T16_mode_rate_uniform_schedule_normal_seed_43.csv
fc3rev_h16,16,weight_decay,rate_uniform,16,16,43,0.25,85.020000,,important results/fashion_mnist_fc3rev_three_regs/noise_sweep_rate_uniform_L16_T16/fc3rev_h16/weight_decay/seed_43/noise_sweep_matrix_fashion_mnist_fc3rev_h16_T16_mode_rate_uniform_schedule_normal_seed_43.csv
fc3rev_h16,16,weight_decay,rate_uniform,16,16,43,0.30,84.820000,,important results/fashion_mnist_fc3rev_three_regs/noise_sweep_rate_uniform_L16_T16/fc3rev_h16/weight_decay/seed_43/noise_sweep_matrix_fashion_mnist_fc3rev_h16_T16_mode_rate_uniform_schedule_normal_seed_43.csv
fc3rev_h16,16,weight_decay,rate_uniform,16,16,43,0.35,84.970000,,important results/fashion_mnist_fc3rev_three_regs/noise_sweep_rate_uniform_L16_T16/fc3rev_h16/weight_decay/seed_43/noise_sweep_matrix_fashion_mnist_fc3rev_h16_T16_mode_rate_uniform_schedule_normal_seed_43.csv
fc3rev_h16,16,weight_decay,rate_uniform,16,16,43,0.40,84.410000,,important results/fashion_mnist_fc3rev_three_regs/noise_sweep_rate_uniform_L16_T16/fc3rev_h16/weight_decay/seed_43/noise_sweep_matrix_fashion_mnist_fc3rev_h16_T16_mode_rate_uniform_schedule_normal_seed_43.csv
fc3rev_h16,16,weight_decay,rate_uniform,16,16,43,0.45,84.730000,,important results/fashion_mnist_fc3rev_three_regs/noise_sweep_rate_uniform_L16_T16/fc3rev_h16/weight_decay/seed_43/noise_sweep_matrix_fashion_mnist_fc3rev_h16_T16_mode_rate_uniform_schedule_normal_seed_43.csv
fc3rev_h16,16,weight_decay,rate_uniform,16,16,43,0.50,84.540000,,important results/fashion_mnist_fc3rev_three_regs/noise_sweep_rate_uniform_L16_T16/fc3rev_h16/weight_decay/seed_43/noise_sweep_matrix_fashion_mnist_fc3rev_h16_T16_mode_rate_uniform_schedule_normal_seed_43.csv
fc3rev_h16,16,weight_decay,rate_uniform,16,16,43,0.55,84.110000,,important results/fashion_mnist_fc3rev_three_regs/noise_sweep_rate_uniform_L16_T16/fc3rev_h16/weight_decay/seed_43/noise_sweep_matrix_fashion_mnist_fc3rev_h16_T16_mode_rate_uniform_schedule_normal_seed_43.csv
fc3rev_h16,16,weight_decay,rate_uniform,16,16,43,0.60,84.240000,,important results/fashion_mnist_fc3rev_three_regs/noise_sweep_rate_uniform_L16_T16/fc3rev_h16/weight_decay/seed_43/noise_sweep_matrix_fashion_mnist_fc3rev_h16_T16_mode_rate_uniform_schedule_normal_seed_43.csv
fc3rev_h16,16,weight_decay,rate_uniform,16,16,43,0.65,83.940000,,important results/fashion_mnist_fc3rev_three_regs/noise_sweep_rate_uniform_L16_T16/fc3rev_h16/weight_decay/seed_43/noise_sweep_matrix_fashion_mnist_fc3rev_h16_T16_mode_rate_uniform_schedule_normal_seed_43.csv
fc3rev_h16,16,weight_decay,rate_uniform,16,16,43,0.70,84.040000,,important results/fashion_mnist_fc3rev_three_regs/noise_sweep_rate_uniform_L16_T16/fc3rev_h16/weight_decay/seed_43/noise_sweep_matrix_fashion_mnist_fc3rev_h16_T16_mode_rate_uniform_schedule_normal_seed_43.csv
fc3rev_h16,16,weight_decay,rate_uniform,16,16,43,0.75,83.490000,,important results/fashion_mnist_fc3rev_three_regs/noise_sweep_rate_uniform_L16_T16/fc3rev_h16/weight_decay/seed_43/noise_sweep_matrix_fashion_mnist_fc3rev_h16_T16_mode_rate_uniform_schedule_normal_seed_43.csv
fc3rev_h16,16,weight_decay,rate_uniform,16,16,43,0.80,83.060000,,important results/fashion_mnist_fc3rev_three_regs/noise_sweep_rate_uniform_L16_T16/fc3rev_h16/weight_decay/seed_43/noise_sweep_matrix_fashion_mnist_fc3rev_h16_T16_mode_rate_uniform_schedule_normal_seed_43.csv
fc3rev_h16,16,weight_decay,rate_uniform,16,16,43,0.85,83.120000,,important results/fashion_mnist_fc3rev_three_regs/noise_sweep_rate_uniform_L16_T16/fc3rev_h16/weight_decay/seed_43/noise_sweep_matrix_fashion_mnist_fc3rev_h16_T16_mode_rate_uniform_schedule_normal_seed_43.csv
fc3rev_h16,16,weight_decay,rate_uniform,16,16,43,0.90,82.890000,,important results/fashion_mnist_fc3rev_three_regs/noise_sweep_rate_uniform_L16_T16/fc3rev_h16/weight_decay/seed_43/noise_sweep_matrix_fashion_mnist_fc3rev_h16_T16_mode_rate_uniform_schedule_normal_seed_43.csv
fc3rev_h16,16,weight_decay,rate_uniform,16,16,43,0.95,83.020000,,important results/fashion_mnist_fc3rev_three_regs/noise_sweep_rate_uniform_L16_T16/fc3rev_h16/weight_decay/seed_43/noise_sweep_matrix_fashion_mnist_fc3rev_h16_T16_mode_rate_uniform_schedule_normal_seed_43.csv
fc3rev_h16,16,weight_decay,rate_uniform,16,16,43,1.00,82.170000,,important results/fashion_mnist_fc3rev_three_regs/noise_sweep_rate_uniform_L16_T16/fc3rev_h16/weight_decay/seed_43/noise_sweep_matrix_fashion_mnist_fc3rev_h16_T16_mode_rate_uniform_schedule_normal_seed_43.csv
fc3rev_h16,16,weight_decay,rate_uniform,16,16,44,0.00,85.240000,,important results/fashion_mnist_fc3rev_three_regs/noise_sweep_rate_uniform_L16_T16/fc3rev_h16/weight_decay/seed_44/noise_sweep_matrix_fashion_mnist_fc3rev_h16_T16_mode_rate_uniform_schedule_normal_seed_44.csv
fc3rev_h16,16,weight_decay,rate_uniform,16,16,44,0.05,85.120000,,important results/fashion_mnist_fc3rev_three_regs/noise_sweep_rate_uniform_L16_T16/fc3rev_h16/weight_decay/seed_44/noise_sweep_matrix_fashion_mnist_fc3rev_h16_T16_mode_rate_uniform_schedule_normal_seed_44.csv
fc3rev_h16,16,weight_decay,rate_uniform,16,16,44,0.10,85.010000,,important results/fashion_mnist_fc3rev_three_regs/noise_sweep_rate_uniform_L16_T16/fc3rev_h16/weight_decay/seed_44/noise_sweep_matrix_fashion_mnist_fc3rev_h16_T16_mode_rate_uniform_schedule_normal_seed_44.csv
fc3rev_h16,16,weight_decay,rate_uniform,16,16,44,0.15,85.020000,,important results/fashion_mnist_fc3rev_three_regs/noise_sweep_rate_uniform_L16_T16/fc3rev_h16/weight_decay/seed_44/noise_sweep_matrix_fashion_mnist_fc3rev_h16_T16_mode_rate_uniform_schedule_normal_seed_44.csv
fc3rev_h16,16,weight_decay,rate_uniform,16,16,44,0.20,84.990000,,important results/fashion_mnist_fc3rev_three_regs/noise_sweep_rate_uniform_L16_T16/fc3rev_h16/weight_decay/seed_44/noise_sweep_matrix_fashion_mnist_fc3rev_h16_T16_mode_rate_uniform_schedule_normal_seed_44.csv
fc3rev_h16,16,weight_decay,rate_uniform,16,16,44,0.25,84.600000,,important results/fashion_mnist_fc3rev_three_regs/noise_sweep_rate_uniform_L16_T16/fc3rev_h16/weight_decay/seed_44/noise_sweep_matrix_fashion_mnist_fc3rev_h16_T16_mode_rate_uniform_schedule_normal_seed_44.csv
fc3rev_h16,16,weight_decay,rate_uniform,16,16,44,0.30,84.720000,,important results/fashion_mnist_fc3rev_three_regs/noise_sweep_rate_uniform_L16_T16/fc3rev_h16/weight_decay/seed_44/noise_sweep_matrix_fashion_mnist_fc3rev_h16_T16_mode_rate_uniform_schedule_normal_seed_44.csv
fc3rev_h16,16,weight_decay,rate_uniform,16,16,44,0.35,84.560000,,important results/fashion_mnist_fc3rev_three_regs/noise_sweep_rate_uniform_L16_T16/fc3rev_h16/weight_decay/seed_44/noise_sweep_matrix_fashion_mnist_fc3rev_h16_T16_mode_rate_uniform_schedule_normal_seed_44.csv
fc3rev_h16,16,weight_decay,rate_uniform,16,16,44,0.40,84.440000,,important results/fashion_mnist_fc3rev_three_regs/noise_sweep_rate_uniform_L16_T16/fc3rev_h16/weight_decay/seed_44/noise_sweep_matrix_fashion_mnist_fc3rev_h16_T16_mode_rate_uniform_schedule_normal_seed_44.csv
fc3rev_h16,16,weight_decay,rate_uniform,16,16,44,0.45,84.290000,,important results/fashion_mnist_fc3rev_three_regs/noise_sweep_rate_uniform_L16_T16/fc3rev_h16/weight_decay/seed_44/noise_sweep_matrix_fashion_mnist_fc3rev_h16_T16_mode_rate_uniform_schedule_normal_seed_44.csv
fc3rev_h16,16,weight_decay,rate_uniform,16,16,44,0.50,84.080000,,important results/fashion_mnist_fc3rev_three_regs/noise_sweep_rate_uniform_L16_T16/fc3rev_h16/weight_decay/seed_44/noise_sweep_matrix_fashion_mnist_fc3rev_h16_T16_mode_rate_uniform_schedule_normal_seed_44.csv
fc3rev_h16,16,weight_decay,rate_uniform,16,16,44,0.55,83.850000,,important results/fashion_mnist_fc3rev_three_regs/noise_sweep_rate_uniform_L16_T16/fc3rev_h16/weight_decay/seed_44/noise_sweep_matrix_fashion_mnist_fc3rev_h16_T16_mode_rate_uniform_schedule_normal_seed_44.csv
fc3rev_h16,16,weight_decay,rate_uniform,16,16,44,0.60,84.120000,,important results/fashion_mnist_fc3rev_three_regs/noise_sweep_rate_uniform_L16_T16/fc3rev_h16/weight_decay/seed_44/noise_sweep_matrix_fashion_mnist_fc3rev_h16_T16_mode_rate_uniform_schedule_normal_seed_44.csv
fc3rev_h16,16,weight_decay,rate_uniform,16,16,44,0.65,83.460000,,important results/fashion_mnist_fc3rev_three_regs/noise_sweep_rate_uniform_L16_T16/fc3rev_h16/weight_decay/seed_44/noise_sweep_matrix_fashion_mnist_fc3rev_h16_T16_mode_rate_uniform_schedule_normal_seed_44.csv
fc3rev_h16,16,weight_decay,rate_uniform,16,16,44,0.70,83.520000,,important results/fashion_mnist_fc3rev_three_regs/noise_sweep_rate_uniform_L16_T16/fc3rev_h16/weight_decay/seed_44/noise_sweep_matrix_fashion_mnist_fc3rev_h16_T16_mode_rate_uniform_schedule_normal_seed_44.csv
fc3rev_h16,16,weight_decay,rate_uniform,16,16,44,0.75,83.410000,,important results/fashion_mnist_fc3rev_three_regs/noise_sweep_rate_uniform_L16_T16/fc3rev_h16/weight_decay/seed_44/noise_sweep_matrix_fashion_mnist_fc3rev_h16_T16_mode_rate_uniform_schedule_normal_seed_44.csv
fc3rev_h16,16,weight_decay,rate_uniform,16,16,44,0.80,82.930000,,important results/fashion_mnist_fc3rev_three_regs/noise_sweep_rate_uniform_L16_T16/fc3rev_h16/weight_decay/seed_44/noise_sweep_matrix_fashion_mnist_fc3rev_h16_T16_mode_rate_uniform_schedule_normal_seed_44.csv
fc3rev_h16,16,weight_decay,rate_uniform,16,16,44,0.85,82.600000,,important results/fashion_mnist_fc3rev_three_regs/noise_sweep_rate_uniform_L16_T16/fc3rev_h16/weight_decay/seed_44/noise_sweep_matrix_fashion_mnist_fc3rev_h16_T16_mode_rate_uniform_schedule_normal_seed_44.csv
fc3rev_h16,16,weight_decay,rate_uniform,16,16,44,0.90,82.330000,,important results/fashion_mnist_fc3rev_three_regs/noise_sweep_rate_uniform_L16_T16/fc3rev_h16/weight_decay/seed_44/noise_sweep_matrix_fashion_mnist_fc3rev_h16_T16_mode_rate_uniform_schedule_normal_seed_44.csv
fc3rev_h16,16,weight_decay,rate_uniform,16,16,44,0.95,82.450000,,important results/fashion_mnist_fc3rev_three_regs/noise_sweep_rate_uniform_L16_T16/fc3rev_h16/weight_decay/seed_44/noise_sweep_matrix_fashion_mnist_fc3rev_h16_T16_mode_rate_uniform_schedule_normal_seed_44.csv
fc3rev_h16,16,weight_decay,rate_uniform,16,16,44,1.00,81.610000,,important results/fashion_mnist_fc3rev_three_regs/noise_sweep_rate_uniform_L16_T16/fc3rev_h16/weight_decay/seed_44/noise_sweep_matrix_fashion_mnist_fc3rev_h16_T16_mode_rate_uniform_schedule_normal_seed_44.csv
fc3rev_h32,32,mne_l2,rate_uniform,16,16,40,0.00,84.570000,,important results/fashion_mnist_fc3rev_three_regs/noise_sweep_rate_uniform_L16_T16/fc3rev_h32/mne_l2/seed_40/noise_sweep_matrix_fashion_mnist_fc3rev_h32_T16_mode_rate_uniform_schedule_normal_seed_40.csv
fc3rev_h32,32,mne_l2,rate_uniform,16,16,40,0.05,84.480000,,important results/fashion_mnist_fc3rev_three_regs/noise_sweep_rate_uniform_L16_T16/fc3rev_h32/mne_l2/seed_40/noise_sweep_matrix_fashion_mnist_fc3rev_h32_T16_mode_rate_uniform_schedule_normal_seed_40.csv
fc3rev_h32,32,mne_l2,rate_uniform,16,16,40,0.10,84.470000,,important results/fashion_mnist_fc3rev_three_regs/noise_sweep_rate_uniform_L16_T16/fc3rev_h32/mne_l2/seed_40/noise_sweep_matrix_fashion_mnist_fc3rev_h32_T16_mode_rate_uniform_schedule_normal_seed_40.csv
fc3rev_h32,32,mne_l2,rate_uniform,16,16,40,0.15,84.380000,,important results/fashion_mnist_fc3rev_three_regs/noise_sweep_rate_uniform_L16_T16/fc3rev_h32/mne_l2/seed_40/noise_sweep_matrix_fashion_mnist_fc3rev_h32_T16_mode_rate_uniform_schedule_normal_seed_40.csv
fc3rev_h32,32,mne_l2,rate_uniform,16,16,40,0.20,84.330000,,important results/fashion_mnist_fc3rev_three_regs/noise_sweep_rate_uniform_L16_T16/fc3rev_h32/mne_l2/seed_40/noise_sweep_matrix_fashion_mnist_fc3rev_h32_T16_mode_rate_uniform_schedule_normal_seed_40.csv
fc3rev_h32,32,mne_l2,rate_uniform,16,16,40,0.25,84.570000,,important results/fashion_mnist_fc3rev_three_regs/noise_sweep_rate_uniform_L16_T16/fc3rev_h32/mne_l2/seed_40/noise_sweep_matrix_fashion_mnist_fc3rev_h32_T16_mode_rate_uniform_schedule_normal_seed_40.csv
fc3rev_h32,32,mne_l2,rate_uniform,16,16,40,0.30,84.110000,,important results/fashion_mnist_fc3rev_three_regs/noise_sweep_rate_uniform_L16_T16/fc3rev_h32/mne_l2/seed_40/noise_sweep_matrix_fashion_mnist_fc3rev_h32_T16_mode_rate_uniform_schedule_normal_seed_40.csv
fc3rev_h32,32,mne_l2,rate_uniform,16,16,40,0.35,83.990000,,important results/fashion_mnist_fc3rev_three_regs/noise_sweep_rate_uniform_L16_T16/fc3rev_h32/mne_l2/seed_40/noise_sweep_matrix_fashion_mnist_fc3rev_h32_T16_mode_rate_uniform_schedule_normal_seed_40.csv
fc3rev_h32,32,mne_l2,rate_uniform,16,16,40,0.40,84.030000,,important results/fashion_mnist_fc3rev_three_regs/noise_sweep_rate_uniform_L16_T16/fc3rev_h32/mne_l2/seed_40/noise_sweep_matrix_fashion_mnist_fc3rev_h32_T16_mode_rate_uniform_schedule_normal_seed_40.csv
fc3rev_h32,32,mne_l2,rate_uniform,16,16,40,0.45,84.180000,,important results/fashion_mnist_fc3rev_three_regs/noise_sweep_rate_uniform_L16_T16/fc3rev_h32/mne_l2/seed_40/noise_sweep_matrix_fashion_mnist_fc3rev_h32_T16_mode_rate_uniform_schedule_normal_seed_40.csv
fc3rev_h32,32,mne_l2,rate_uniform,16,16,40,0.50,84.460000,,important results/fashion_mnist_fc3rev_three_regs/noise_sweep_rate_uniform_L16_T16/fc3rev_h32/mne_l2/seed_40/noise_sweep_matrix_fashion_mnist_fc3rev_h32_T16_mode_rate_uniform_schedule_normal_seed_40.csv
fc3rev_h32,32,mne_l2,rate_uniform,16,16,40,0.55,84.000000,,important results/fashion_mnist_fc3rev_three_regs/noise_sweep_rate_uniform_L16_T16/fc3rev_h32/mne_l2/seed_40/noise_sweep_matrix_fashion_mnist_fc3rev_h32_T16_mode_rate_uniform_schedule_normal_seed_40.csv
fc3rev_h32,32,mne_l2,rate_uniform,16,16,40,0.60,83.750000,,important results/fashion_mnist_fc3rev_three_regs/noise_sweep_rate_uniform_L16_T16/fc3rev_h32/mne_l2/seed_40/noise_sweep_matrix_fashion_mnist_fc3rev_h32_T16_mode_rate_uniform_schedule_normal_seed_40.csv
fc3rev_h32,32,mne_l2,rate_uniform,16,16,40,0.65,83.690000,,important results/fashion_mnist_fc3rev_three_regs/noise_sweep_rate_uniform_L16_T16/fc3rev_h32/mne_l2/seed_40/noise_sweep_matrix_fashion_mnist_fc3rev_h32_T16_mode_rate_uniform_schedule_normal_seed_40.csv
fc3rev_h32,32,mne_l2,rate_uniform,16,16,40,0.70,83.680000,,important results/fashion_mnist_fc3rev_three_regs/noise_sweep_rate_uniform_L16_T16/fc3rev_h32/mne_l2/seed_40/noise_sweep_matrix_fashion_mnist_fc3rev_h32_T16_mode_rate_uniform_schedule_normal_seed_40.csv
fc3rev_h32,32,mne_l2,rate_uniform,16,16,40,0.75,83.720000,,important results/fashion_mnist_fc3rev_three_regs/noise_sweep_rate_uniform_L16_T16/fc3rev_h32/mne_l2/seed_40/noise_sweep_matrix_fashion_mnist_fc3rev_h32_T16_mode_rate_uniform_schedule_normal_seed_40.csv
fc3rev_h32,32,mne_l2,rate_uniform,16,16,40,0.80,83.410000,,important results/fashion_mnist_fc3rev_three_regs/noise_sweep_rate_uniform_L16_T16/fc3rev_h32/mne_l2/seed_40/noise_sweep_matrix_fashion_mnist_fc3rev_h32_T16_mode_rate_uniform_schedule_normal_seed_40.csv
fc3rev_h32,32,mne_l2,rate_uniform,16,16,40,0.85,83.190000,,important results/fashion_mnist_fc3rev_three_regs/noise_sweep_rate_uniform_L16_T16/fc3rev_h32/mne_l2/seed_40/noise_sweep_matrix_fashion_mnist_fc3rev_h32_T16_mode_rate_uniform_schedule_normal_seed_40.csv
fc3rev_h32,32,mne_l2,rate_uniform,16,16,40,0.90,83.500000,,important results/fashion_mnist_fc3rev_three_regs/noise_sweep_rate_uniform_L16_T16/fc3rev_h32/mne_l2/seed_40/noise_sweep_matrix_fashion_mnist_fc3rev_h32_T16_mode_rate_uniform_schedule_normal_seed_40.csv
fc3rev_h32,32,mne_l2,rate_uniform,16,16,40,0.95,82.610000,,important results/fashion_mnist_fc3rev_three_regs/noise_sweep_rate_uniform_L16_T16/fc3rev_h32/mne_l2/seed_40/noise_sweep_matrix_fashion_mnist_fc3rev_h32_T16_mode_rate_uniform_schedule_normal_seed_40.csv
fc3rev_h32,32,mne_l2,rate_uniform,16,16,40,1.00,82.830000,,important results/fashion_mnist_fc3rev_three_regs/noise_sweep_rate_uniform_L16_T16/fc3rev_h32/mne_l2/seed_40/noise_sweep_matrix_fashion_mnist_fc3rev_h32_T16_mode_rate_uniform_schedule_normal_seed_40.csv
fc3rev_h32,32,mne_l2,rate_uniform,16,16,41,0.00,84.900000,,important results/fashion_mnist_fc3rev_three_regs/noise_sweep_rate_uniform_L16_T16/fc3rev_h32/mne_l2/seed_41/noise_sweep_matrix_fashion_mnist_fc3rev_h32_T16_mode_rate_uniform_schedule_normal_seed_41.csv
fc3rev_h32,32,mne_l2,rate_uniform,16,16,41,0.05,84.790000,,important results/fashion_mnist_fc3rev_three_regs/noise_sweep_rate_uniform_L16_T16/fc3rev_h32/mne_l2/seed_41/noise_sweep_matrix_fashion_mnist_fc3rev_h32_T16_mode_rate_uniform_schedule_normal_seed_41.csv
fc3rev_h32,32,mne_l2,rate_uniform,16,16,41,0.10,84.630000,,important results/fashion_mnist_fc3rev_three_regs/noise_sweep_rate_uniform_L16_T16/fc3rev_h32/mne_l2/seed_41/noise_sweep_matrix_fashion_mnist_fc3rev_h32_T16_mode_rate_uniform_schedule_normal_seed_41.csv
fc3rev_h32,32,mne_l2,rate_uniform,16,16,41,0.15,84.850000,,important results/fashion_mnist_fc3rev_three_regs/noise_sweep_rate_uniform_L16_T16/fc3rev_h32/mne_l2/seed_41/noise_sweep_matrix_fashion_mnist_fc3rev_h32_T16_mode_rate_uniform_schedule_normal_seed_41.csv
fc3rev_h32,32,mne_l2,rate_uniform,16,16,41,0.20,84.590000,,important results/fashion_mnist_fc3rev_three_regs/noise_sweep_rate_uniform_L16_T16/fc3rev_h32/mne_l2/seed_41/noise_sweep_matrix_fashion_mnist_fc3rev_h32_T16_mode_rate_uniform_schedule_normal_seed_41.csv
fc3rev_h32,32,mne_l2,rate_uniform,16,16,41,0.25,84.250000,,important results/fashion_mnist_fc3rev_three_regs/noise_sweep_rate_uniform_L16_T16/fc3rev_h32/mne_l2/seed_41/noise_sweep_matrix_fashion_mnist_fc3rev_h32_T16_mode_rate_uniform_schedule_normal_seed_41.csv
fc3rev_h32,32,mne_l2,rate_uniform,16,16,41,0.30,84.770000,,important results/fashion_mnist_fc3rev_three_regs/noise_sweep_rate_uniform_L16_T16/fc3rev_h32/mne_l2/seed_41/noise_sweep_matrix_fashion_mnist_fc3rev_h32_T16_mode_rate_uniform_schedule_normal_seed_41.csv
fc3rev_h32,32,mne_l2,rate_uniform,16,16,41,0.35,84.340000,,important results/fashion_mnist_fc3rev_three_regs/noise_sweep_rate_uniform_L16_T16/fc3rev_h32/mne_l2/seed_41/noise_sweep_matrix_fashion_mnist_fc3rev_h32_T16_mode_rate_uniform_schedule_normal_seed_41.csv
fc3rev_h32,32,mne_l2,rate_uniform,16,16,41,0.40,84.280000,,important results/fashion_mnist_fc3rev_three_regs/noise_sweep_rate_uniform_L16_T16/fc3rev_h32/mne_l2/seed_41/noise_sweep_matrix_fashion_mnist_fc3rev_h32_T16_mode_rate_uniform_schedule_normal_seed_41.csv
fc3rev_h32,32,mne_l2,rate_uniform,16,16,41,0.45,84.480000,,important results/fashion_mnist_fc3rev_three_regs/noise_sweep_rate_uniform_L16_T16/fc3rev_h32/mne_l2/seed_41/noise_sweep_matrix_fashion_mnist_fc3rev_h32_T16_mode_rate_uniform_schedule_normal_seed_41.csv
fc3rev_h32,32,mne_l2,rate_uniform,16,16,41,0.50,84.370000,,important results/fashion_mnist_fc3rev_three_regs/noise_sweep_rate_uniform_L16_T16/fc3rev_h32/mne_l2/seed_41/noise_sweep_matrix_fashion_mnist_fc3rev_h32_T16_mode_rate_uniform_schedule_normal_seed_41.csv
fc3rev_h32,32,mne_l2,rate_uniform,16,16,41,0.55,84.090000,,important results/fashion_mnist_fc3rev_three_regs/noise_sweep_rate_uniform_L16_T16/fc3rev_h32/mne_l2/seed_41/noise_sweep_matrix_fashion_mnist_fc3rev_h32_T16_mode_rate_uniform_schedule_normal_seed_41.csv
fc3rev_h32,32,mne_l2,rate_uniform,16,16,41,0.60,83.970000,,important results/fashion_mnist_fc3rev_three_regs/noise_sweep_rate_uniform_L16_T16/fc3rev_h32/mne_l2/seed_41/noise_sweep_matrix_fashion_mnist_fc3rev_h32_T16_mode_rate_uniform_schedule_normal_seed_41.csv
fc3rev_h32,32,mne_l2,rate_uniform,16,16,41,0.65,84.170000,,important results/fashion_mnist_fc3rev_three_regs/noise_sweep_rate_uniform_L16_T16/fc3rev_h32/mne_l2/seed_41/noise_sweep_matrix_fashion_mnist_fc3rev_h32_T16_mode_rate_uniform_schedule_normal_seed_41.csv
fc3rev_h32,32,mne_l2,rate_uniform,16,16,41,0.70,83.430000,,important results/fashion_mnist_fc3rev_three_regs/noise_sweep_rate_uniform_L16_T16/fc3rev_h32/mne_l2/seed_41/noise_sweep_matrix_fashion_mnist_fc3rev_h32_T16_mode_rate_uniform_schedule_normal_seed_41.csv
fc3rev_h32,32,mne_l2,rate_uniform,16,16,41,0.75,83.300000,,important results/fashion_mnist_fc3rev_three_regs/noise_sweep_rate_uniform_L16_T16/fc3rev_h32/mne_l2/seed_41/noise_sweep_matrix_fashion_mnist_fc3rev_h32_T16_mode_rate_uniform_schedule_normal_seed_41.csv
fc3rev_h32,32,mne_l2,rate_uniform,16,16,41,0.80,83.550000,,important results/fashion_mnist_fc3rev_three_regs/noise_sweep_rate_uniform_L16_T16/fc3rev_h32/mne_l2/seed_41/noise_sweep_matrix_fashion_mnist_fc3rev_h32_T16_mode_rate_uniform_schedule_normal_seed_41.csv
fc3rev_h32,32,mne_l2,rate_uniform,16,16,41,0.85,83.660000,,important results/fashion_mnist_fc3rev_three_regs/noise_sweep_rate_uniform_L16_T16/fc3rev_h32/mne_l2/seed_41/noise_sweep_matrix_fashion_mnist_fc3rev_h32_T16_mode_rate_uniform_schedule_normal_seed_41.csv
fc3rev_h32,32,mne_l2,rate_uniform,16,16,41,0.90,82.790000,,important results/fashion_mnist_fc3rev_three_regs/noise_sweep_rate_uniform_L16_T16/fc3rev_h32/mne_l2/seed_41/noise_sweep_matrix_fashion_mnist_fc3rev_h32_T16_mode_rate_uniform_schedule_normal_seed_41.csv
fc3rev_h32,32,mne_l2,rate_uniform,16,16,41,0.95,82.940000,,important results/fashion_mnist_fc3rev_three_regs/noise_sweep_rate_uniform_L16_T16/fc3rev_h32/mne_l2/seed_41/noise_sweep_matrix_fashion_mnist_fc3rev_h32_T16_mode_rate_uniform_schedule_normal_seed_41.csv
fc3rev_h32,32,mne_l2,rate_uniform,16,16,41,1.00,83.190000,,important results/fashion_mnist_fc3rev_three_regs/noise_sweep_rate_uniform_L16_T16/fc3rev_h32/mne_l2/seed_41/noise_sweep_matrix_fashion_mnist_fc3rev_h32_T16_mode_rate_uniform_schedule_normal_seed_41.csv
fc3rev_h32,32,mne_l2,rate_uniform,16,16,42,0.00,84.650000,,important results/fashion_mnist_fc3rev_three_regs/noise_sweep_rate_uniform_L16_T16/fc3rev_h32/mne_l2/seed_42/noise_sweep_matrix_fashion_mnist_fc3rev_h32_T16_mode_rate_uniform_schedule_normal_seed_42.csv
fc3rev_h32,32,mne_l2,rate_uniform,16,16,42,0.05,84.500000,,important results/fashion_mnist_fc3rev_three_regs/noise_sweep_rate_uniform_L16_T16/fc3rev_h32/mne_l2/seed_42/noise_sweep_matrix_fashion_mnist_fc3rev_h32_T16_mode_rate_uniform_schedule_normal_seed_42.csv
fc3rev_h32,32,mne_l2,rate_uniform,16,16,42,0.10,84.140000,,important results/fashion_mnist_fc3rev_three_regs/noise_sweep_rate_uniform_L16_T16/fc3rev_h32/mne_l2/seed_42/noise_sweep_matrix_fashion_mnist_fc3rev_h32_T16_mode_rate_uniform_schedule_normal_seed_42.csv
fc3rev_h32,32,mne_l2,rate_uniform,16,16,42,0.15,84.530000,,important results/fashion_mnist_fc3rev_three_regs/noise_sweep_rate_uniform_L16_T16/fc3rev_h32/mne_l2/seed_42/noise_sweep_matrix_fashion_mnist_fc3rev_h32_T16_mode_rate_uniform_schedule_normal_seed_42.csv
fc3rev_h32,32,mne_l2,rate_uniform,16,16,42,0.20,84.240000,,important results/fashion_mnist_fc3rev_three_regs/noise_sweep_rate_uniform_L16_T16/fc3rev_h32/mne_l2/seed_42/noise_sweep_matrix_fashion_mnist_fc3rev_h32_T16_mode_rate_uniform_schedule_normal_seed_42.csv
fc3rev_h32,32,mne_l2,rate_uniform,16,16,42,0.25,84.490000,,important results/fashion_mnist_fc3rev_three_regs/noise_sweep_rate_uniform_L16_T16/fc3rev_h32/mne_l2/seed_42/noise_sweep_matrix_fashion_mnist_fc3rev_h32_T16_mode_rate_uniform_schedule_normal_seed_42.csv
fc3rev_h32,32,mne_l2,rate_uniform,16,16,42,0.30,84.490000,,important results/fashion_mnist_fc3rev_three_regs/noise_sweep_rate_uniform_L16_T16/fc3rev_h32/mne_l2/seed_42/noise_sweep_matrix_fashion_mnist_fc3rev_h32_T16_mode_rate_uniform_schedule_normal_seed_42.csv
fc3rev_h32,32,mne_l2,rate_uniform,16,16,42,0.35,84.230000,,important results/fashion_mnist_fc3rev_three_regs/noise_sweep_rate_uniform_L16_T16/fc3rev_h32/mne_l2/seed_42/noise_sweep_matrix_fashion_mnist_fc3rev_h32_T16_mode_rate_uniform_schedule_normal_seed_42.csv
fc3rev_h32,32,mne_l2,rate_uniform,16,16,42,0.40,84.240000,,important results/fashion_mnist_fc3rev_three_regs/noise_sweep_rate_uniform_L16_T16/fc3rev_h32/mne_l2/seed_42/noise_sweep_matrix_fashion_mnist_fc3rev_h32_T16_mode_rate_uniform_schedule_normal_seed_42.csv
fc3rev_h32,32,mne_l2,rate_uniform,16,16,42,0.45,84.350000,,important results/fashion_mnist_fc3rev_three_regs/noise_sweep_rate_uniform_L16_T16/fc3rev_h32/mne_l2/seed_42/noise_sweep_matrix_fashion_mnist_fc3rev_h32_T16_mode_rate_uniform_schedule_normal_seed_42.csv
fc3rev_h32,32,mne_l2,rate_uniform,16,16,42,0.50,83.990000,,important results/fashion_mnist_fc3rev_three_regs/noise_sweep_rate_uniform_L16_T16/fc3rev_h32/mne_l2/seed_42/noise_sweep_matrix_fashion_mnist_fc3rev_h32_T16_mode_rate_uniform_schedule_normal_seed_42.csv
fc3rev_h32,32,mne_l2,rate_uniform,16,16,42,0.55,83.980000,,important results/fashion_mnist_fc3rev_three_regs/noise_sweep_rate_uniform_L16_T16/fc3rev_h32/mne_l2/seed_42/noise_sweep_matrix_fashion_mnist_fc3rev_h32_T16_mode_rate_uniform_schedule_normal_seed_42.csv
fc3rev_h32,32,mne_l2,rate_uniform,16,16,42,0.60,83.730000,,important results/fashion_mnist_fc3rev_three_regs/noise_sweep_rate_uniform_L16_T16/fc3rev_h32/mne_l2/seed_42/noise_sweep_matrix_fashion_mnist_fc3rev_h32_T16_mode_rate_uniform_schedule_normal_seed_42.csv
fc3rev_h32,32,mne_l2,rate_uniform,16,16,42,0.65,83.930000,,important results/fashion_mnist_fc3rev_three_regs/noise_sweep_rate_uniform_L16_T16/fc3rev_h32/mne_l2/seed_42/noise_sweep_matrix_fashion_mnist_fc3rev_h32_T16_mode_rate_uniform_schedule_normal_seed_42.csv
fc3rev_h32,32,mne_l2,rate_uniform,16,16,42,0.70,83.940000,,important results/fashion_mnist_fc3rev_three_regs/noise_sweep_rate_uniform_L16_T16/fc3rev_h32/mne_l2/seed_42/noise_sweep_matrix_fashion_mnist_fc3rev_h32_T16_mode_rate_uniform_schedule_normal_seed_42.csv
fc3rev_h32,32,mne_l2,rate_uniform,16,16,42,0.75,83.230000,,important results/fashion_mnist_fc3rev_three_regs/noise_sweep_rate_uniform_L16_T16/fc3rev_h32/mne_l2/seed_42/noise_sweep_matrix_fashion_mnist_fc3rev_h32_T16_mode_rate_uniform_schedule_normal_seed_42.csv
fc3rev_h32,32,mne_l2,rate_uniform,16,16,42,0.80,82.890000,,important results/fashion_mnist_fc3rev_three_regs/noise_sweep_rate_uniform_L16_T16/fc3rev_h32/mne_l2/seed_42/noise_sweep_matrix_fashion_mnist_fc3rev_h32_T16_mode_rate_uniform_schedule_normal_seed_42.csv
fc3rev_h32,32,mne_l2,rate_uniform,16,16,42,0.85,83.560000,,important results/fashion_mnist_fc3rev_three_regs/noise_sweep_rate_uniform_L16_T16/fc3rev_h32/mne_l2/seed_42/noise_sweep_matrix_fashion_mnist_fc3rev_h32_T16_mode_rate_uniform_schedule_normal_seed_42.csv
fc3rev_h32,32,mne_l2,rate_uniform,16,16,42,0.90,83.200000,,important results/fashion_mnist_fc3rev_three_regs/noise_sweep_rate_uniform_L16_T16/fc3rev_h32/mne_l2/seed_42/noise_sweep_matrix_fashion_mnist_fc3rev_h32_T16_mode_rate_uniform_schedule_normal_seed_42.csv
fc3rev_h32,32,mne_l2,rate_uniform,16,16,42,0.95,83.190000,,important results/fashion_mnist_fc3rev_three_regs/noise_sweep_rate_uniform_L16_T16/fc3rev_h32/mne_l2/seed_42/noise_sweep_matrix_fashion_mnist_fc3rev_h32_T16_mode_rate_uniform_schedule_normal_seed_42.csv
fc3rev_h32,32,mne_l2,rate_uniform,16,16,42,1.00,82.920000,,important results/fashion_mnist_fc3rev_three_regs/noise_sweep_rate_uniform_L16_T16/fc3rev_h32/mne_l2/seed_42/noise_sweep_matrix_fashion_mnist_fc3rev_h32_T16_mode_rate_uniform_schedule_normal_seed_42.csv
fc3rev_h32,32,mne_l2,rate_uniform,16,16,43,0.00,84.740000,,important results/fashion_mnist_fc3rev_three_regs/noise_sweep_rate_uniform_L16_T16/fc3rev_h32/mne_l2/seed_43/noise_sweep_matrix_fashion_mnist_fc3rev_h32_T16_mode_rate_uniform_schedule_normal_seed_43.csv
fc3rev_h32,32,mne_l2,rate_uniform,16,16,43,0.05,84.710000,,important results/fashion_mnist_fc3rev_three_regs/noise_sweep_rate_uniform_L16_T16/fc3rev_h32/mne_l2/seed_43/noise_sweep_matrix_fashion_mnist_fc3rev_h32_T16_mode_rate_uniform_schedule_normal_seed_43.csv
fc3rev_h32,32,mne_l2,rate_uniform,16,16,43,0.10,84.510000,,important results/fashion_mnist_fc3rev_three_regs/noise_sweep_rate_uniform_L16_T16/fc3rev_h32/mne_l2/seed_43/noise_sweep_matrix_fashion_mnist_fc3rev_h32_T16_mode_rate_uniform_schedule_normal_seed_43.csv
fc3rev_h32,32,mne_l2,rate_uniform,16,16,43,0.15,84.650000,,important results/fashion_mnist_fc3rev_three_regs/noise_sweep_rate_uniform_L16_T16/fc3rev_h32/mne_l2/seed_43/noise_sweep_matrix_fashion_mnist_fc3rev_h32_T16_mode_rate_uniform_schedule_normal_seed_43.csv
fc3rev_h32,32,mne_l2,rate_uniform,16,16,43,0.20,84.530000,,important results/fashion_mnist_fc3rev_three_regs/noise_sweep_rate_uniform_L16_T16/fc3rev_h32/mne_l2/seed_43/noise_sweep_matrix_fashion_mnist_fc3rev_h32_T16_mode_rate_uniform_schedule_normal_seed_43.csv
fc3rev_h32,32,mne_l2,rate_uniform,16,16,43,0.25,84.760000,,important results/fashion_mnist_fc3rev_three_regs/noise_sweep_rate_uniform_L16_T16/fc3rev_h32/mne_l2/seed_43/noise_sweep_matrix_fashion_mnist_fc3rev_h32_T16_mode_rate_uniform_schedule_normal_seed_43.csv
fc3rev_h32,32,mne_l2,rate_uniform,16,16,43,0.30,84.530000,,important results/fashion_mnist_fc3rev_three_regs/noise_sweep_rate_uniform_L16_T16/fc3rev_h32/mne_l2/seed_43/noise_sweep_matrix_fashion_mnist_fc3rev_h32_T16_mode_rate_uniform_schedule_normal_seed_43.csv
fc3rev_h32,32,mne_l2,rate_uniform,16,16,43,0.35,84.810000,,important results/fashion_mnist_fc3rev_three_regs/noise_sweep_rate_uniform_L16_T16/fc3rev_h32/mne_l2/seed_43/noise_sweep_matrix_fashion_mnist_fc3rev_h32_T16_mode_rate_uniform_schedule_normal_seed_43.csv
fc3rev_h32,32,mne_l2,rate_uniform,16,16,43,0.40,84.660000,,important results/fashion_mnist_fc3rev_three_regs/noise_sweep_rate_uniform_L16_T16/fc3rev_h32/mne_l2/seed_43/noise_sweep_matrix_fashion_mnist_fc3rev_h32_T16_mode_rate_uniform_schedule_normal_seed_43.csv
fc3rev_h32,32,mne_l2,rate_uniform,16,16,43,0.45,84.100000,,important results/fashion_mnist_fc3rev_three_regs/noise_sweep_rate_uniform_L16_T16/fc3rev_h32/mne_l2/seed_43/noise_sweep_matrix_fashion_mnist_fc3rev_h32_T16_mode_rate_uniform_schedule_normal_seed_43.csv
fc3rev_h32,32,mne_l2,rate_uniform,16,16,43,0.50,84.450000,,important results/fashion_mnist_fc3rev_three_regs/noise_sweep_rate_uniform_L16_T16/fc3rev_h32/mne_l2/seed_43/noise_sweep_matrix_fashion_mnist_fc3rev_h32_T16_mode_rate_uniform_schedule_normal_seed_43.csv
fc3rev_h32,32,mne_l2,rate_uniform,16,16,43,0.55,83.610000,,important results/fashion_mnist_fc3rev_three_regs/noise_sweep_rate_uniform_L16_T16/fc3rev_h32/mne_l2/seed_43/noise_sweep_matrix_fashion_mnist_fc3rev_h32_T16_mode_rate_uniform_schedule_normal_seed_43.csv
fc3rev_h32,32,mne_l2,rate_uniform,16,16,43,0.60,83.880000,,important results/fashion_mnist_fc3rev_three_regs/noise_sweep_rate_uniform_L16_T16/fc3rev_h32/mne_l2/seed_43/noise_sweep_matrix_fashion_mnist_fc3rev_h32_T16_mode_rate_uniform_schedule_normal_seed_43.csv
fc3rev_h32,32,mne_l2,rate_uniform,16,16,43,0.65,83.470000,,important results/fashion_mnist_fc3rev_three_regs/noise_sweep_rate_uniform_L16_T16/fc3rev_h32/mne_l2/seed_43/noise_sweep_matrix_fashion_mnist_fc3rev_h32_T16_mode_rate_uniform_schedule_normal_seed_43.csv
fc3rev_h32,32,mne_l2,rate_uniform,16,16,43,0.70,83.320000,,important results/fashion_mnist_fc3rev_three_regs/noise_sweep_rate_uniform_L16_T16/fc3rev_h32/mne_l2/seed_43/noise_sweep_matrix_fashion_mnist_fc3rev_h32_T16_mode_rate_uniform_schedule_normal_seed_43.csv
fc3rev_h32,32,mne_l2,rate_uniform,16,16,43,0.75,83.470000,,important results/fashion_mnist_fc3rev_three_regs/noise_sweep_rate_uniform_L16_T16/fc3rev_h32/mne_l2/seed_43/noise_sweep_matrix_fashion_mnist_fc3rev_h32_T16_mode_rate_uniform_schedule_normal_seed_43.csv
fc3rev_h32,32,mne_l2,rate_uniform,16,16,43,0.80,82.910000,,important results/fashion_mnist_fc3rev_three_regs/noise_sweep_rate_uniform_L16_T16/fc3rev_h32/mne_l2/seed_43/noise_sweep_matrix_fashion_mnist_fc3rev_h32_T16_mode_rate_uniform_schedule_normal_seed_43.csv
fc3rev_h32,32,mne_l2,rate_uniform,16,16,43,0.85,83.360000,,important results/fashion_mnist_fc3rev_three_regs/noise_sweep_rate_uniform_L16_T16/fc3rev_h32/mne_l2/seed_43/noise_sweep_matrix_fashion_mnist_fc3rev_h32_T16_mode_rate_uniform_schedule_normal_seed_43.csv
fc3rev_h32,32,mne_l2,rate_uniform,16,16,43,0.90,83.480000,,important results/fashion_mnist_fc3rev_three_regs/noise_sweep_rate_uniform_L16_T16/fc3rev_h32/mne_l2/seed_43/noise_sweep_matrix_fashion_mnist_fc3rev_h32_T16_mode_rate_uniform_schedule_normal_seed_43.csv
fc3rev_h32,32,mne_l2,rate_uniform,16,16,43,0.95,82.930000,,important results/fashion_mnist_fc3rev_three_regs/noise_sweep_rate_uniform_L16_T16/fc3rev_h32/mne_l2/seed_43/noise_sweep_matrix_fashion_mnist_fc3rev_h32_T16_mode_rate_uniform_schedule_normal_seed_43.csv
fc3rev_h32,32,mne_l2,rate_uniform,16,16,43,1.00,82.720000,,important results/fashion_mnist_fc3rev_three_regs/noise_sweep_rate_uniform_L16_T16/fc3rev_h32/mne_l2/seed_43/noise_sweep_matrix_fashion_mnist_fc3rev_h32_T16_mode_rate_uniform_schedule_normal_seed_43.csv
fc3rev_h32,32,mne_l2,rate_uniform,16,16,44,0.00,84.880000,,important results/fashion_mnist_fc3rev_three_regs/noise_sweep_rate_uniform_L16_T16/fc3rev_h32/mne_l2/seed_44/noise_sweep_matrix_fashion_mnist_fc3rev_h32_T16_mode_rate_uniform_schedule_normal_seed_44.csv
fc3rev_h32,32,mne_l2,rate_uniform,16,16,44,0.05,84.840000,,important results/fashion_mnist_fc3rev_three_regs/noise_sweep_rate_uniform_L16_T16/fc3rev_h32/mne_l2/seed_44/noise_sweep_matrix_fashion_mnist_fc3rev_h32_T16_mode_rate_uniform_schedule_normal_seed_44.csv
fc3rev_h32,32,mne_l2,rate_uniform,16,16,44,0.10,84.810000,,important results/fashion_mnist_fc3rev_three_regs/noise_sweep_rate_uniform_L16_T16/fc3rev_h32/mne_l2/seed_44/noise_sweep_matrix_fashion_mnist_fc3rev_h32_T16_mode_rate_uniform_schedule_normal_seed_44.csv
fc3rev_h32,32,mne_l2,rate_uniform,16,16,44,0.15,84.690000,,important results/fashion_mnist_fc3rev_three_regs/noise_sweep_rate_uniform_L16_T16/fc3rev_h32/mne_l2/seed_44/noise_sweep_matrix_fashion_mnist_fc3rev_h32_T16_mode_rate_uniform_schedule_normal_seed_44.csv
fc3rev_h32,32,mne_l2,rate_uniform,16,16,44,0.20,84.880000,,important results/fashion_mnist_fc3rev_three_regs/noise_sweep_rate_uniform_L16_T16/fc3rev_h32/mne_l2/seed_44/noise_sweep_matrix_fashion_mnist_fc3rev_h32_T16_mode_rate_uniform_schedule_normal_seed_44.csv
fc3rev_h32,32,mne_l2,rate_uniform,16,16,44,0.25,84.400000,,important results/fashion_mnist_fc3rev_three_regs/noise_sweep_rate_uniform_L16_T16/fc3rev_h32/mne_l2/seed_44/noise_sweep_matrix_fashion_mnist_fc3rev_h32_T16_mode_rate_uniform_schedule_normal_seed_44.csv
fc3rev_h32,32,mne_l2,rate_uniform,16,16,44,0.30,84.740000,,important results/fashion_mnist_fc3rev_three_regs/noise_sweep_rate_uniform_L16_T16/fc3rev_h32/mne_l2/seed_44/noise_sweep_matrix_fashion_mnist_fc3rev_h32_T16_mode_rate_uniform_schedule_normal_seed_44.csv
fc3rev_h32,32,mne_l2,rate_uniform,16,16,44,0.35,84.420000,,important results/fashion_mnist_fc3rev_three_regs/noise_sweep_rate_uniform_L16_T16/fc3rev_h32/mne_l2/seed_44/noise_sweep_matrix_fashion_mnist_fc3rev_h32_T16_mode_rate_uniform_schedule_normal_seed_44.csv
fc3rev_h32,32,mne_l2,rate_uniform,16,16,44,0.40,84.270000,,important results/fashion_mnist_fc3rev_three_regs/noise_sweep_rate_uniform_L16_T16/fc3rev_h32/mne_l2/seed_44/noise_sweep_matrix_fashion_mnist_fc3rev_h32_T16_mode_rate_uniform_schedule_normal_seed_44.csv
fc3rev_h32,32,mne_l2,rate_uniform,16,16,44,0.45,84.560000,,important results/fashion_mnist_fc3rev_three_regs/noise_sweep_rate_uniform_L16_T16/fc3rev_h32/mne_l2/seed_44/noise_sweep_matrix_fashion_mnist_fc3rev_h32_T16_mode_rate_uniform_schedule_normal_seed_44.csv
fc3rev_h32,32,mne_l2,rate_uniform,16,16,44,0.50,84.290000,,important results/fashion_mnist_fc3rev_three_regs/noise_sweep_rate_uniform_L16_T16/fc3rev_h32/mne_l2/seed_44/noise_sweep_matrix_fashion_mnist_fc3rev_h32_T16_mode_rate_uniform_schedule_normal_seed_44.csv
fc3rev_h32,32,mne_l2,rate_uniform,16,16,44,0.55,83.940000,,important results/fashion_mnist_fc3rev_three_regs/noise_sweep_rate_uniform_L16_T16/fc3rev_h32/mne_l2/seed_44/noise_sweep_matrix_fashion_mnist_fc3rev_h32_T16_mode_rate_uniform_schedule_normal_seed_44.csv
fc3rev_h32,32,mne_l2,rate_uniform,16,16,44,0.60,84.310000,,important results/fashion_mnist_fc3rev_three_regs/noise_sweep_rate_uniform_L16_T16/fc3rev_h32/mne_l2/seed_44/noise_sweep_matrix_fashion_mnist_fc3rev_h32_T16_mode_rate_uniform_schedule_normal_seed_44.csv
fc3rev_h32,32,mne_l2,rate_uniform,16,16,44,0.65,84.070000,,important results/fashion_mnist_fc3rev_three_regs/noise_sweep_rate_uniform_L16_T16/fc3rev_h32/mne_l2/seed_44/noise_sweep_matrix_fashion_mnist_fc3rev_h32_T16_mode_rate_uniform_schedule_normal_seed_44.csv
fc3rev_h32,32,mne_l2,rate_uniform,16,16,44,0.70,83.630000,,important results/fashion_mnist_fc3rev_three_regs/noise_sweep_rate_uniform_L16_T16/fc3rev_h32/mne_l2/seed_44/noise_sweep_matrix_fashion_mnist_fc3rev_h32_T16_mode_rate_uniform_schedule_normal_seed_44.csv
fc3rev_h32,32,mne_l2,rate_uniform,16,16,44,0.75,83.800000,,important results/fashion_mnist_fc3rev_three_regs/noise_sweep_rate_uniform_L16_T16/fc3rev_h32/mne_l2/seed_44/noise_sweep_matrix_fashion_mnist_fc3rev_h32_T16_mode_rate_uniform_schedule_normal_seed_44.csv
fc3rev_h32,32,mne_l2,rate_uniform,16,16,44,0.80,83.730000,,important results/fashion_mnist_fc3rev_three_regs/noise_sweep_rate_uniform_L16_T16/fc3rev_h32/mne_l2/seed_44/noise_sweep_matrix_fashion_mnist_fc3rev_h32_T16_mode_rate_uniform_schedule_normal_seed_44.csv
fc3rev_h32,32,mne_l2,rate_uniform,16,16,44,0.85,83.440000,,important results/fashion_mnist_fc3rev_three_regs/noise_sweep_rate_uniform_L16_T16/fc3rev_h32/mne_l2/seed_44/noise_sweep_matrix_fashion_mnist_fc3rev_h32_T16_mode_rate_uniform_schedule_normal_seed_44.csv
fc3rev_h32,32,mne_l2,rate_uniform,16,16,44,0.90,83.190000,,important results/fashion_mnist_fc3rev_three_regs/noise_sweep_rate_uniform_L16_T16/fc3rev_h32/mne_l2/seed_44/noise_sweep_matrix_fashion_mnist_fc3rev_h32_T16_mode_rate_uniform_schedule_normal_seed_44.csv
fc3rev_h32,32,mne_l2,rate_uniform,16,16,44,0.95,83.200000,,important results/fashion_mnist_fc3rev_three_regs/noise_sweep_rate_uniform_L16_T16/fc3rev_h32/mne_l2/seed_44/noise_sweep_matrix_fashion_mnist_fc3rev_h32_T16_mode_rate_uniform_schedule_normal_seed_44.csv
fc3rev_h32,32,mne_l2,rate_uniform,16,16,44,1.00,83.120000,,important results/fashion_mnist_fc3rev_three_regs/noise_sweep_rate_uniform_L16_T16/fc3rev_h32/mne_l2/seed_44/noise_sweep_matrix_fashion_mnist_fc3rev_h32_T16_mode_rate_uniform_schedule_normal_seed_44.csv
fc3rev_h32,32,no_regularization,rate_uniform,16,16,40,0.00,85.660000,,important results/fashion_mnist_fc3rev_three_regs/noise_sweep_rate_uniform_L16_T16/fc3rev_h32/no_regularization/seed_40/noise_sweep_matrix_fashion_mnist_fc3rev_h32_T16_mode_rate_uniform_schedule_normal_seed_40.csv
fc3rev_h32,32,no_regularization,rate_uniform,16,16,40,0.05,85.580000,,important results/fashion_mnist_fc3rev_three_regs/noise_sweep_rate_uniform_L16_T16/fc3rev_h32/no_regularization/seed_40/noise_sweep_matrix_fashion_mnist_fc3rev_h32_T16_mode_rate_uniform_schedule_normal_seed_40.csv
fc3rev_h32,32,no_regularization,rate_uniform,16,16,40,0.10,85.410000,,important results/fashion_mnist_fc3rev_three_regs/noise_sweep_rate_uniform_L16_T16/fc3rev_h32/no_regularization/seed_40/noise_sweep_matrix_fashion_mnist_fc3rev_h32_T16_mode_rate_uniform_schedule_normal_seed_40.csv
fc3rev_h32,32,no_regularization,rate_uniform,16,16,40,0.15,85.200000,,important results/fashion_mnist_fc3rev_three_regs/noise_sweep_rate_uniform_L16_T16/fc3rev_h32/no_regularization/seed_40/noise_sweep_matrix_fashion_mnist_fc3rev_h32_T16_mode_rate_uniform_schedule_normal_seed_40.csv
fc3rev_h32,32,no_regularization,rate_uniform,16,16,40,0.20,85.240000,,important results/fashion_mnist_fc3rev_three_regs/noise_sweep_rate_uniform_L16_T16/fc3rev_h32/no_regularization/seed_40/noise_sweep_matrix_fashion_mnist_fc3rev_h32_T16_mode_rate_uniform_schedule_normal_seed_40.csv
fc3rev_h32,32,no_regularization,rate_uniform,16,16,40,0.25,85.220000,,important results/fashion_mnist_fc3rev_three_regs/noise_sweep_rate_uniform_L16_T16/fc3rev_h32/no_regularization/seed_40/noise_sweep_matrix_fashion_mnist_fc3rev_h32_T16_mode_rate_uniform_schedule_normal_seed_40.csv
fc3rev_h32,32,no_regularization,rate_uniform,16,16,40,0.30,85.310000,,important results/fashion_mnist_fc3rev_three_regs/noise_sweep_rate_uniform_L16_T16/fc3rev_h32/no_regularization/seed_40/noise_sweep_matrix_fashion_mnist_fc3rev_h32_T16_mode_rate_uniform_schedule_normal_seed_40.csv
fc3rev_h32,32,no_regularization,rate_uniform,16,16,40,0.35,84.940000,,important results/fashion_mnist_fc3rev_three_regs/noise_sweep_rate_uniform_L16_T16/fc3rev_h32/no_regularization/seed_40/noise_sweep_matrix_fashion_mnist_fc3rev_h32_T16_mode_rate_uniform_schedule_normal_seed_40.csv
fc3rev_h32,32,no_regularization,rate_uniform,16,16,40,0.40,84.920000,,important results/fashion_mnist_fc3rev_three_regs/noise_sweep_rate_uniform_L16_T16/fc3rev_h32/no_regularization/seed_40/noise_sweep_matrix_fashion_mnist_fc3rev_h32_T16_mode_rate_uniform_schedule_normal_seed_40.csv
fc3rev_h32,32,no_regularization,rate_uniform,16,16,40,0.45,84.870000,,important results/fashion_mnist_fc3rev_three_regs/noise_sweep_rate_uniform_L16_T16/fc3rev_h32/no_regularization/seed_40/noise_sweep_matrix_fashion_mnist_fc3rev_h32_T16_mode_rate_uniform_schedule_normal_seed_40.csv
fc3rev_h32,32,no_regularization,rate_uniform,16,16,40,0.50,84.700000,,important results/fashion_mnist_fc3rev_three_regs/noise_sweep_rate_uniform_L16_T16/fc3rev_h32/no_regularization/seed_40/noise_sweep_matrix_fashion_mnist_fc3rev_h32_T16_mode_rate_uniform_schedule_normal_seed_40.csv
fc3rev_h32,32,no_regularization,rate_uniform,16,16,40,0.55,84.580000,,important results/fashion_mnist_fc3rev_three_regs/noise_sweep_rate_uniform_L16_T16/fc3rev_h32/no_regularization/seed_40/noise_sweep_matrix_fashion_mnist_fc3rev_h32_T16_mode_rate_uniform_schedule_normal_seed_40.csv
fc3rev_h32,32,no_regularization,rate_uniform,16,16,40,0.60,84.430000,,important results/fashion_mnist_fc3rev_three_regs/noise_sweep_rate_uniform_L16_T16/fc3rev_h32/no_regularization/seed_40/noise_sweep_matrix_fashion_mnist_fc3rev_h32_T16_mode_rate_uniform_schedule_normal_seed_40.csv
fc3rev_h32,32,no_regularization,rate_uniform,16,16,40,0.65,83.870000,,important results/fashion_mnist_fc3rev_three_regs/noise_sweep_rate_uniform_L16_T16/fc3rev_h32/no_regularization/seed_40/noise_sweep_matrix_fashion_mnist_fc3rev_h32_T16_mode_rate_uniform_schedule_normal_seed_40.csv
fc3rev_h32,32,no_regularization,rate_uniform,16,16,40,0.70,84.090000,,important results/fashion_mnist_fc3rev_three_regs/noise_sweep_rate_uniform_L16_T16/fc3rev_h32/no_regularization/seed_40/noise_sweep_matrix_fashion_mnist_fc3rev_h32_T16_mode_rate_uniform_schedule_normal_seed_40.csv
fc3rev_h32,32,no_regularization,rate_uniform,16,16,40,0.75,83.880000,,important results/fashion_mnist_fc3rev_three_regs/noise_sweep_rate_uniform_L16_T16/fc3rev_h32/no_regularization/seed_40/noise_sweep_matrix_fashion_mnist_fc3rev_h32_T16_mode_rate_uniform_schedule_normal_seed_40.csv
fc3rev_h32,32,no_regularization,rate_uniform,16,16,40,0.80,83.540000,,important results/fashion_mnist_fc3rev_three_regs/noise_sweep_rate_uniform_L16_T16/fc3rev_h32/no_regularization/seed_40/noise_sweep_matrix_fashion_mnist_fc3rev_h32_T16_mode_rate_uniform_schedule_normal_seed_40.csv
fc3rev_h32,32,no_regularization,rate_uniform,16,16,40,0.85,83.230000,,important results/fashion_mnist_fc3rev_three_regs/noise_sweep_rate_uniform_L16_T16/fc3rev_h32/no_regularization/seed_40/noise_sweep_matrix_fashion_mnist_fc3rev_h32_T16_mode_rate_uniform_schedule_normal_seed_40.csv
fc3rev_h32,32,no_regularization,rate_uniform,16,16,40,0.90,82.800000,,important results/fashion_mnist_fc3rev_three_regs/noise_sweep_rate_uniform_L16_T16/fc3rev_h32/no_regularization/seed_40/noise_sweep_matrix_fashion_mnist_fc3rev_h32_T16_mode_rate_uniform_schedule_normal_seed_40.csv
fc3rev_h32,32,no_regularization,rate_uniform,16,16,40,0.95,82.350000,,important results/fashion_mnist_fc3rev_three_regs/noise_sweep_rate_uniform_L16_T16/fc3rev_h32/no_regularization/seed_40/noise_sweep_matrix_fashion_mnist_fc3rev_h32_T16_mode_rate_uniform_schedule_normal_seed_40.csv
fc3rev_h32,32,no_regularization,rate_uniform,16,16,40,1.00,82.060000,,important results/fashion_mnist_fc3rev_three_regs/noise_sweep_rate_uniform_L16_T16/fc3rev_h32/no_regularization/seed_40/noise_sweep_matrix_fashion_mnist_fc3rev_h32_T16_mode_rate_uniform_schedule_normal_seed_40.csv
fc3rev_h32,32,no_regularization,rate_uniform,16,16,41,0.00,86.020000,,important results/fashion_mnist_fc3rev_three_regs/noise_sweep_rate_uniform_L16_T16/fc3rev_h32/no_regularization/seed_41/noise_sweep_matrix_fashion_mnist_fc3rev_h32_T16_mode_rate_uniform_schedule_normal_seed_41.csv
fc3rev_h32,32,no_regularization,rate_uniform,16,16,41,0.05,85.770000,,important results/fashion_mnist_fc3rev_three_regs/noise_sweep_rate_uniform_L16_T16/fc3rev_h32/no_regularization/seed_41/noise_sweep_matrix_fashion_mnist_fc3rev_h32_T16_mode_rate_uniform_schedule_normal_seed_41.csv
fc3rev_h32,32,no_regularization,rate_uniform,16,16,41,0.10,85.640000,,important results/fashion_mnist_fc3rev_three_regs/noise_sweep_rate_uniform_L16_T16/fc3rev_h32/no_regularization/seed_41/noise_sweep_matrix_fashion_mnist_fc3rev_h32_T16_mode_rate_uniform_schedule_normal_seed_41.csv
fc3rev_h32,32,no_regularization,rate_uniform,16,16,41,0.15,85.920000,,important results/fashion_mnist_fc3rev_three_regs/noise_sweep_rate_uniform_L16_T16/fc3rev_h32/no_regularization/seed_41/noise_sweep_matrix_fashion_mnist_fc3rev_h32_T16_mode_rate_uniform_schedule_normal_seed_41.csv
fc3rev_h32,32,no_regularization,rate_uniform,16,16,41,0.20,85.680000,,important results/fashion_mnist_fc3rev_three_regs/noise_sweep_rate_uniform_L16_T16/fc3rev_h32/no_regularization/seed_41/noise_sweep_matrix_fashion_mnist_fc3rev_h32_T16_mode_rate_uniform_schedule_normal_seed_41.csv
fc3rev_h32,32,no_regularization,rate_uniform,16,16,41,0.25,85.870000,,important results/fashion_mnist_fc3rev_three_regs/noise_sweep_rate_uniform_L16_T16/fc3rev_h32/no_regularization/seed_41/noise_sweep_matrix_fashion_mnist_fc3rev_h32_T16_mode_rate_uniform_schedule_normal_seed_41.csv
fc3rev_h32,32,no_regularization,rate_uniform,16,16,41,0.30,85.410000,,important results/fashion_mnist_fc3rev_three_regs/noise_sweep_rate_uniform_L16_T16/fc3rev_h32/no_regularization/seed_41/noise_sweep_matrix_fashion_mnist_fc3rev_h32_T16_mode_rate_uniform_schedule_normal_seed_41.csv
fc3rev_h32,32,no_regularization,rate_uniform,16,16,41,0.35,85.650000,,important results/fashion_mnist_fc3rev_three_regs/noise_sweep_rate_uniform_L16_T16/fc3rev_h32/no_regularization/seed_41/noise_sweep_matrix_fashion_mnist_fc3rev_h32_T16_mode_rate_uniform_schedule_normal_seed_41.csv
fc3rev_h32,32,no_regularization,rate_uniform,16,16,41,0.40,85.090000,,important results/fashion_mnist_fc3rev_three_regs/noise_sweep_rate_uniform_L16_T16/fc3rev_h32/no_regularization/seed_41/noise_sweep_matrix_fashion_mnist_fc3rev_h32_T16_mode_rate_uniform_schedule_normal_seed_41.csv
fc3rev_h32,32,no_regularization,rate_uniform,16,16,41,0.45,85.340000,,important results/fashion_mnist_fc3rev_three_regs/noise_sweep_rate_uniform_L16_T16/fc3rev_h32/no_regularization/seed_41/noise_sweep_matrix_fashion_mnist_fc3rev_h32_T16_mode_rate_uniform_schedule_normal_seed_41.csv
fc3rev_h32,32,no_regularization,rate_uniform,16,16,41,0.50,85.310000,,important results/fashion_mnist_fc3rev_three_regs/noise_sweep_rate_uniform_L16_T16/fc3rev_h32/no_regularization/seed_41/noise_sweep_matrix_fashion_mnist_fc3rev_h32_T16_mode_rate_uniform_schedule_normal_seed_41.csv
fc3rev_h32,32,no_regularization,rate_uniform,16,16,41,0.55,84.520000,,important results/fashion_mnist_fc3rev_three_regs/noise_sweep_rate_uniform_L16_T16/fc3rev_h32/no_regularization/seed_41/noise_sweep_matrix_fashion_mnist_fc3rev_h32_T16_mode_rate_uniform_schedule_normal_seed_41.csv
fc3rev_h32,32,no_regularization,rate_uniform,16,16,41,0.60,84.750000,,important results/fashion_mnist_fc3rev_three_regs/noise_sweep_rate_uniform_L16_T16/fc3rev_h32/no_regularization/seed_41/noise_sweep_matrix_fashion_mnist_fc3rev_h32_T16_mode_rate_uniform_schedule_normal_seed_41.csv
fc3rev_h32,32,no_regularization,rate_uniform,16,16,41,0.65,84.760000,,important results/fashion_mnist_fc3rev_three_regs/noise_sweep_rate_uniform_L16_T16/fc3rev_h32/no_regularization/seed_41/noise_sweep_matrix_fashion_mnist_fc3rev_h32_T16_mode_rate_uniform_schedule_normal_seed_41.csv
fc3rev_h32,32,no_regularization,rate_uniform,16,16,41,0.70,84.210000,,important results/fashion_mnist_fc3rev_three_regs/noise_sweep_rate_uniform_L16_T16/fc3rev_h32/no_regularization/seed_41/noise_sweep_matrix_fashion_mnist_fc3rev_h32_T16_mode_rate_uniform_schedule_normal_seed_41.csv
fc3rev_h32,32,no_regularization,rate_uniform,16,16,41,0.75,84.330000,,important results/fashion_mnist_fc3rev_three_regs/noise_sweep_rate_uniform_L16_T16/fc3rev_h32/no_regularization/seed_41/noise_sweep_matrix_fashion_mnist_fc3rev_h32_T16_mode_rate_uniform_schedule_normal_seed_41.csv
fc3rev_h32,32,no_regularization,rate_uniform,16,16,41,0.80,83.760000,,important results/fashion_mnist_fc3rev_three_regs/noise_sweep_rate_uniform_L16_T16/fc3rev_h32/no_regularization/seed_41/noise_sweep_matrix_fashion_mnist_fc3rev_h32_T16_mode_rate_uniform_schedule_normal_seed_41.csv
fc3rev_h32,32,no_regularization,rate_uniform,16,16,41,0.85,83.340000,,important results/fashion_mnist_fc3rev_three_regs/noise_sweep_rate_uniform_L16_T16/fc3rev_h32/no_regularization/seed_41/noise_sweep_matrix_fashion_mnist_fc3rev_h32_T16_mode_rate_uniform_schedule_normal_seed_41.csv
fc3rev_h32,32,no_regularization,rate_uniform,16,16,41,0.90,83.320000,,important results/fashion_mnist_fc3rev_three_regs/noise_sweep_rate_uniform_L16_T16/fc3rev_h32/no_regularization/seed_41/noise_sweep_matrix_fashion_mnist_fc3rev_h32_T16_mode_rate_uniform_schedule_normal_seed_41.csv
fc3rev_h32,32,no_regularization,rate_uniform,16,16,41,0.95,82.810000,,important results/fashion_mnist_fc3rev_three_regs/noise_sweep_rate_uniform_L16_T16/fc3rev_h32/no_regularization/seed_41/noise_sweep_matrix_fashion_mnist_fc3rev_h32_T16_mode_rate_uniform_schedule_normal_seed_41.csv
fc3rev_h32,32,no_regularization,rate_uniform,16,16,41,1.00,83.020000,,important results/fashion_mnist_fc3rev_three_regs/noise_sweep_rate_uniform_L16_T16/fc3rev_h32/no_regularization/seed_41/noise_sweep_matrix_fashion_mnist_fc3rev_h32_T16_mode_rate_uniform_schedule_normal_seed_41.csv
fc3rev_h32,32,no_regularization,rate_uniform,16,16,42,0.00,85.560000,,important results/fashion_mnist_fc3rev_three_regs/noise_sweep_rate_uniform_L16_T16/fc3rev_h32/no_regularization/seed_42/noise_sweep_matrix_fashion_mnist_fc3rev_h32_T16_mode_rate_uniform_schedule_normal_seed_42.csv
fc3rev_h32,32,no_regularization,rate_uniform,16,16,42,0.05,85.470000,,important results/fashion_mnist_fc3rev_three_regs/noise_sweep_rate_uniform_L16_T16/fc3rev_h32/no_regularization/seed_42/noise_sweep_matrix_fashion_mnist_fc3rev_h32_T16_mode_rate_uniform_schedule_normal_seed_42.csv
fc3rev_h32,32,no_regularization,rate_uniform,16,16,42,0.10,85.390000,,important results/fashion_mnist_fc3rev_three_regs/noise_sweep_rate_uniform_L16_T16/fc3rev_h32/no_regularization/seed_42/noise_sweep_matrix_fashion_mnist_fc3rev_h32_T16_mode_rate_uniform_schedule_normal_seed_42.csv
fc3rev_h32,32,no_regularization,rate_uniform,16,16,42,0.15,85.260000,,important results/fashion_mnist_fc3rev_three_regs/noise_sweep_rate_uniform_L16_T16/fc3rev_h32/no_regularization/seed_42/noise_sweep_matrix_fashion_mnist_fc3rev_h32_T16_mode_rate_uniform_schedule_normal_seed_42.csv
fc3rev_h32,32,no_regularization,rate_uniform,16,16,42,0.20,85.180000,,important results/fashion_mnist_fc3rev_three_regs/noise_sweep_rate_uniform_L16_T16/fc3rev_h32/no_regularization/seed_42/noise_sweep_matrix_fashion_mnist_fc3rev_h32_T16_mode_rate_uniform_schedule_normal_seed_42.csv
fc3rev_h32,32,no_regularization,rate_uniform,16,16,42,0.25,85.170000,,important results/fashion_mnist_fc3rev_three_regs/noise_sweep_rate_uniform_L16_T16/fc3rev_h32/no_regularization/seed_42/noise_sweep_matrix_fashion_mnist_fc3rev_h32_T16_mode_rate_uniform_schedule_normal_seed_42.csv
fc3rev_h32,32,no_regularization,rate_uniform,16,16,42,0.30,85.140000,,important results/fashion_mnist_fc3rev_three_regs/noise_sweep_rate_uniform_L16_T16/fc3rev_h32/no_regularization/seed_42/noise_sweep_matrix_fashion_mnist_fc3rev_h32_T16_mode_rate_uniform_schedule_normal_seed_42.csv
fc3rev_h32,32,no_regularization,rate_uniform,16,16,42,0.35,84.850000,,important results/fashion_mnist_fc3rev_three_regs/noise_sweep_rate_uniform_L16_T16/fc3rev_h32/no_regularization/seed_42/noise_sweep_matrix_fashion_mnist_fc3rev_h32_T16_mode_rate_uniform_schedule_normal_seed_42.csv
fc3rev_h32,32,no_regularization,rate_uniform,16,16,42,0.40,85.030000,,important results/fashion_mnist_fc3rev_three_regs/noise_sweep_rate_uniform_L16_T16/fc3rev_h32/no_regularization/seed_42/noise_sweep_matrix_fashion_mnist_fc3rev_h32_T16_mode_rate_uniform_schedule_normal_seed_42.csv
fc3rev_h32,32,no_regularization,rate_uniform,16,16,42,0.45,84.810000,,important results/fashion_mnist_fc3rev_three_regs/noise_sweep_rate_uniform_L16_T16/fc3rev_h32/no_regularization/seed_42/noise_sweep_matrix_fashion_mnist_fc3rev_h32_T16_mode_rate_uniform_schedule_normal_seed_42.csv
fc3rev_h32,32,no_regularization,rate_uniform,16,16,42,0.50,84.510000,,important results/fashion_mnist_fc3rev_three_regs/noise_sweep_rate_uniform_L16_T16/fc3rev_h32/no_regularization/seed_42/noise_sweep_matrix_fashion_mnist_fc3rev_h32_T16_mode_rate_uniform_schedule_normal_seed_42.csv
fc3rev_h32,32,no_regularization,rate_uniform,16,16,42,0.55,84.630000,,important results/fashion_mnist_fc3rev_three_regs/noise_sweep_rate_uniform_L16_T16/fc3rev_h32/no_regularization/seed_42/noise_sweep_matrix_fashion_mnist_fc3rev_h32_T16_mode_rate_uniform_schedule_normal_seed_42.csv
fc3rev_h32,32,no_regularization,rate_uniform,16,16,42,0.60,84.080000,,important results/fashion_mnist_fc3rev_three_regs/noise_sweep_rate_uniform_L16_T16/fc3rev_h32/no_regularization/seed_42/noise_sweep_matrix_fashion_mnist_fc3rev_h32_T16_mode_rate_uniform_schedule_normal_seed_42.csv
fc3rev_h32,32,no_regularization,rate_uniform,16,16,42,0.65,84.170000,,important results/fashion_mnist_fc3rev_three_regs/noise_sweep_rate_uniform_L16_T16/fc3rev_h32/no_regularization/seed_42/noise_sweep_matrix_fashion_mnist_fc3rev_h32_T16_mode_rate_uniform_schedule_normal_seed_42.csv
fc3rev_h32,32,no_regularization,rate_uniform,16,16,42,0.70,83.780000,,important results/fashion_mnist_fc3rev_three_regs/noise_sweep_rate_uniform_L16_T16/fc3rev_h32/no_regularization/seed_42/noise_sweep_matrix_fashion_mnist_fc3rev_h32_T16_mode_rate_uniform_schedule_normal_seed_42.csv
fc3rev_h32,32,no_regularization,rate_uniform,16,16,42,0.75,83.290000,,important results/fashion_mnist_fc3rev_three_regs/noise_sweep_rate_uniform_L16_T16/fc3rev_h32/no_regularization/seed_42/noise_sweep_matrix_fashion_mnist_fc3rev_h32_T16_mode_rate_uniform_schedule_normal_seed_42.csv
fc3rev_h32,32,no_regularization,rate_uniform,16,16,42,0.80,83.310000,,important results/fashion_mnist_fc3rev_three_regs/noise_sweep_rate_uniform_L16_T16/fc3rev_h32/no_regularization/seed_42/noise_sweep_matrix_fashion_mnist_fc3rev_h32_T16_mode_rate_uniform_schedule_normal_seed_42.csv
fc3rev_h32,32,no_regularization,rate_uniform,16,16,42,0.85,83.090000,,important results/fashion_mnist_fc3rev_three_regs/noise_sweep_rate_uniform_L16_T16/fc3rev_h32/no_regularization/seed_42/noise_sweep_matrix_fashion_mnist_fc3rev_h32_T16_mode_rate_uniform_schedule_normal_seed_42.csv
fc3rev_h32,32,no_regularization,rate_uniform,16,16,42,0.90,83.030000,,important results/fashion_mnist_fc3rev_three_regs/noise_sweep_rate_uniform_L16_T16/fc3rev_h32/no_regularization/seed_42/noise_sweep_matrix_fashion_mnist_fc3rev_h32_T16_mode_rate_uniform_schedule_normal_seed_42.csv
fc3rev_h32,32,no_regularization,rate_uniform,16,16,42,0.95,82.560000,,important results/fashion_mnist_fc3rev_three_regs/noise_sweep_rate_uniform_L16_T16/fc3rev_h32/no_regularization/seed_42/noise_sweep_matrix_fashion_mnist_fc3rev_h32_T16_mode_rate_uniform_schedule_normal_seed_42.csv
fc3rev_h32,32,no_regularization,rate_uniform,16,16,42,1.00,81.950000,,important results/fashion_mnist_fc3rev_three_regs/noise_sweep_rate_uniform_L16_T16/fc3rev_h32/no_regularization/seed_42/noise_sweep_matrix_fashion_mnist_fc3rev_h32_T16_mode_rate_uniform_schedule_normal_seed_42.csv
fc3rev_h32,32,no_regularization,rate_uniform,16,16,43,0.00,85.810000,,important results/fashion_mnist_fc3rev_three_regs/noise_sweep_rate_uniform_L16_T16/fc3rev_h32/no_regularization/seed_43/noise_sweep_matrix_fashion_mnist_fc3rev_h32_T16_mode_rate_uniform_schedule_normal_seed_43.csv
fc3rev_h32,32,no_regularization,rate_uniform,16,16,43,0.05,85.710000,,important results/fashion_mnist_fc3rev_three_regs/noise_sweep_rate_uniform_L16_T16/fc3rev_h32/no_regularization/seed_43/noise_sweep_matrix_fashion_mnist_fc3rev_h32_T16_mode_rate_uniform_schedule_normal_seed_43.csv
fc3rev_h32,32,no_regularization,rate_uniform,16,16,43,0.10,85.840000,,important results/fashion_mnist_fc3rev_three_regs/noise_sweep_rate_uniform_L16_T16/fc3rev_h32/no_regularization/seed_43/noise_sweep_matrix_fashion_mnist_fc3rev_h32_T16_mode_rate_uniform_schedule_normal_seed_43.csv
fc3rev_h32,32,no_regularization,rate_uniform,16,16,43,0.15,85.420000,,important results/fashion_mnist_fc3rev_three_regs/noise_sweep_rate_uniform_L16_T16/fc3rev_h32/no_regularization/seed_43/noise_sweep_matrix_fashion_mnist_fc3rev_h32_T16_mode_rate_uniform_schedule_normal_seed_43.csv
fc3rev_h32,32,no_regularization,rate_uniform,16,16,43,0.20,85.610000,,important results/fashion_mnist_fc3rev_three_regs/noise_sweep_rate_uniform_L16_T16/fc3rev_h32/no_regularization/seed_43/noise_sweep_matrix_fashion_mnist_fc3rev_h32_T16_mode_rate_uniform_schedule_normal_seed_43.csv
fc3rev_h32,32,no_regularization,rate_uniform,16,16,43,0.25,85.510000,,important results/fashion_mnist_fc3rev_three_regs/noise_sweep_rate_uniform_L16_T16/fc3rev_h32/no_regularization/seed_43/noise_sweep_matrix_fashion_mnist_fc3rev_h32_T16_mode_rate_uniform_schedule_normal_seed_43.csv
fc3rev_h32,32,no_regularization,rate_uniform,16,16,43,0.30,85.550000,,important results/fashion_mnist_fc3rev_three_regs/noise_sweep_rate_uniform_L16_T16/fc3rev_h32/no_regularization/seed_43/noise_sweep_matrix_fashion_mnist_fc3rev_h32_T16_mode_rate_uniform_schedule_normal_seed_43.csv
fc3rev_h32,32,no_regularization,rate_uniform,16,16,43,0.35,85.260000,,important results/fashion_mnist_fc3rev_three_regs/noise_sweep_rate_uniform_L16_T16/fc3rev_h32/no_regularization/seed_43/noise_sweep_matrix_fashion_mnist_fc3rev_h32_T16_mode_rate_uniform_schedule_normal_seed_43.csv
fc3rev_h32,32,no_regularization,rate_uniform,16,16,43,0.40,85.170000,,important results/fashion_mnist_fc3rev_three_regs/noise_sweep_rate_uniform_L16_T16/fc3rev_h32/no_regularization/seed_43/noise_sweep_matrix_fashion_mnist_fc3rev_h32_T16_mode_rate_uniform_schedule_normal_seed_43.csv
fc3rev_h32,32,no_regularization,rate_uniform,16,16,43,0.45,84.920000,,important results/fashion_mnist_fc3rev_three_regs/noise_sweep_rate_uniform_L16_T16/fc3rev_h32/no_regularization/seed_43/noise_sweep_matrix_fashion_mnist_fc3rev_h32_T16_mode_rate_uniform_schedule_normal_seed_43.csv
fc3rev_h32,32,no_regularization,rate_uniform,16,16,43,0.50,85.070000,,important results/fashion_mnist_fc3rev_three_regs/noise_sweep_rate_uniform_L16_T16/fc3rev_h32/no_regularization/seed_43/noise_sweep_matrix_fashion_mnist_fc3rev_h32_T16_mode_rate_uniform_schedule_normal_seed_43.csv
fc3rev_h32,32,no_regularization,rate_uniform,16,16,43,0.55,84.730000,,important results/fashion_mnist_fc3rev_three_regs/noise_sweep_rate_uniform_L16_T16/fc3rev_h32/no_regularization/seed_43/noise_sweep_matrix_fashion_mnist_fc3rev_h32_T16_mode_rate_uniform_schedule_normal_seed_43.csv
fc3rev_h32,32,no_regularization,rate_uniform,16,16,43,0.60,84.780000,,important results/fashion_mnist_fc3rev_three_regs/noise_sweep_rate_uniform_L16_T16/fc3rev_h32/no_regularization/seed_43/noise_sweep_matrix_fashion_mnist_fc3rev_h32_T16_mode_rate_uniform_schedule_normal_seed_43.csv
fc3rev_h32,32,no_regularization,rate_uniform,16,16,43,0.65,84.280000,,important results/fashion_mnist_fc3rev_three_regs/noise_sweep_rate_uniform_L16_T16/fc3rev_h32/no_regularization/seed_43/noise_sweep_matrix_fashion_mnist_fc3rev_h32_T16_mode_rate_uniform_schedule_normal_seed_43.csv
fc3rev_h32,32,no_regularization,rate_uniform,16,16,43,0.70,84.080000,,important results/fashion_mnist_fc3rev_three_regs/noise_sweep_rate_uniform_L16_T16/fc3rev_h32/no_regularization/seed_43/noise_sweep_matrix_fashion_mnist_fc3rev_h32_T16_mode_rate_uniform_schedule_normal_seed_43.csv
fc3rev_h32,32,no_regularization,rate_uniform,16,16,43,0.75,83.870000,,important results/fashion_mnist_fc3rev_three_regs/noise_sweep_rate_uniform_L16_T16/fc3rev_h32/no_regularization/seed_43/noise_sweep_matrix_fashion_mnist_fc3rev_h32_T16_mode_rate_uniform_schedule_normal_seed_43.csv
fc3rev_h32,32,no_regularization,rate_uniform,16,16,43,0.80,83.810000,,important results/fashion_mnist_fc3rev_three_regs/noise_sweep_rate_uniform_L16_T16/fc3rev_h32/no_regularization/seed_43/noise_sweep_matrix_fashion_mnist_fc3rev_h32_T16_mode_rate_uniform_schedule_normal_seed_43.csv
fc3rev_h32,32,no_regularization,rate_uniform,16,16,43,0.85,83.450000,,important results/fashion_mnist_fc3rev_three_regs/noise_sweep_rate_uniform_L16_T16/fc3rev_h32/no_regularization/seed_43/noise_sweep_matrix_fashion_mnist_fc3rev_h32_T16_mode_rate_uniform_schedule_normal_seed_43.csv
fc3rev_h32,32,no_regularization,rate_uniform,16,16,43,0.90,83.170000,,important results/fashion_mnist_fc3rev_three_regs/noise_sweep_rate_uniform_L16_T16/fc3rev_h32/no_regularization/seed_43/noise_sweep_matrix_fashion_mnist_fc3rev_h32_T16_mode_rate_uniform_schedule_normal_seed_43.csv
fc3rev_h32,32,no_regularization,rate_uniform,16,16,43,0.95,82.970000,,important results/fashion_mnist_fc3rev_three_regs/noise_sweep_rate_uniform_L16_T16/fc3rev_h32/no_regularization/seed_43/noise_sweep_matrix_fashion_mnist_fc3rev_h32_T16_mode_rate_uniform_schedule_normal_seed_43.csv
fc3rev_h32,32,no_regularization,rate_uniform,16,16,43,1.00,82.550000,,important results/fashion_mnist_fc3rev_three_regs/noise_sweep_rate_uniform_L16_T16/fc3rev_h32/no_regularization/seed_43/noise_sweep_matrix_fashion_mnist_fc3rev_h32_T16_mode_rate_uniform_schedule_normal_seed_43.csv
fc3rev_h32,32,no_regularization,rate_uniform,16,16,44,0.00,86.060000,,important results/fashion_mnist_fc3rev_three_regs/noise_sweep_rate_uniform_L16_T16/fc3rev_h32/no_regularization/seed_44/noise_sweep_matrix_fashion_mnist_fc3rev_h32_T16_mode_rate_uniform_schedule_normal_seed_44.csv
fc3rev_h32,32,no_regularization,rate_uniform,16,16,44,0.05,85.810000,,important results/fashion_mnist_fc3rev_three_regs/noise_sweep_rate_uniform_L16_T16/fc3rev_h32/no_regularization/seed_44/noise_sweep_matrix_fashion_mnist_fc3rev_h32_T16_mode_rate_uniform_schedule_normal_seed_44.csv
fc3rev_h32,32,no_regularization,rate_uniform,16,16,44,0.10,85.900000,,important results/fashion_mnist_fc3rev_three_regs/noise_sweep_rate_uniform_L16_T16/fc3rev_h32/no_regularization/seed_44/noise_sweep_matrix_fashion_mnist_fc3rev_h32_T16_mode_rate_uniform_schedule_normal_seed_44.csv
fc3rev_h32,32,no_regularization,rate_uniform,16,16,44,0.15,86.070000,,important results/fashion_mnist_fc3rev_three_regs/noise_sweep_rate_uniform_L16_T16/fc3rev_h32/no_regularization/seed_44/noise_sweep_matrix_fashion_mnist_fc3rev_h32_T16_mode_rate_uniform_schedule_normal_seed_44.csv
fc3rev_h32,32,no_regularization,rate_uniform,16,16,44,0.20,85.650000,,important results/fashion_mnist_fc3rev_three_regs/noise_sweep_rate_uniform_L16_T16/fc3rev_h32/no_regularization/seed_44/noise_sweep_matrix_fashion_mnist_fc3rev_h32_T16_mode_rate_uniform_schedule_normal_seed_44.csv
fc3rev_h32,32,no_regularization,rate_uniform,16,16,44,0.25,85.670000,,important results/fashion_mnist_fc3rev_three_regs/noise_sweep_rate_uniform_L16_T16/fc3rev_h32/no_regularization/seed_44/noise_sweep_matrix_fashion_mnist_fc3rev_h32_T16_mode_rate_uniform_schedule_normal_seed_44.csv
fc3rev_h32,32,no_regularization,rate_uniform,16,16,44,0.30,85.410000,,important results/fashion_mnist_fc3rev_three_regs/noise_sweep_rate_uniform_L16_T16/fc3rev_h32/no_regularization/seed_44/noise_sweep_matrix_fashion_mnist_fc3rev_h32_T16_mode_rate_uniform_schedule_normal_seed_44.csv
fc3rev_h32,32,no_regularization,rate_uniform,16,16,44,0.35,85.580000,,important results/fashion_mnist_fc3rev_three_regs/noise_sweep_rate_uniform_L16_T16/fc3rev_h32/no_regularization/seed_44/noise_sweep_matrix_fashion_mnist_fc3rev_h32_T16_mode_rate_uniform_schedule_normal_seed_44.csv
fc3rev_h32,32,no_regularization,rate_uniform,16,16,44,0.40,85.360000,,important results/fashion_mnist_fc3rev_three_regs/noise_sweep_rate_uniform_L16_T16/fc3rev_h32/no_regularization/seed_44/noise_sweep_matrix_fashion_mnist_fc3rev_h32_T16_mode_rate_uniform_schedule_normal_seed_44.csv
fc3rev_h32,32,no_regularization,rate_uniform,16,16,44,0.45,85.420000,,important results/fashion_mnist_fc3rev_three_regs/noise_sweep_rate_uniform_L16_T16/fc3rev_h32/no_regularization/seed_44/noise_sweep_matrix_fashion_mnist_fc3rev_h32_T16_mode_rate_uniform_schedule_normal_seed_44.csv
fc3rev_h32,32,no_regularization,rate_uniform,16,16,44,0.50,84.980000,,important results/fashion_mnist_fc3rev_three_regs/noise_sweep_rate_uniform_L16_T16/fc3rev_h32/no_regularization/seed_44/noise_sweep_matrix_fashion_mnist_fc3rev_h32_T16_mode_rate_uniform_schedule_normal_seed_44.csv
fc3rev_h32,32,no_regularization,rate_uniform,16,16,44,0.55,84.950000,,important results/fashion_mnist_fc3rev_three_regs/noise_sweep_rate_uniform_L16_T16/fc3rev_h32/no_regularization/seed_44/noise_sweep_matrix_fashion_mnist_fc3rev_h32_T16_mode_rate_uniform_schedule_normal_seed_44.csv
fc3rev_h32,32,no_regularization,rate_uniform,16,16,44,0.60,84.570000,,important results/fashion_mnist_fc3rev_three_regs/noise_sweep_rate_uniform_L16_T16/fc3rev_h32/no_regularization/seed_44/noise_sweep_matrix_fashion_mnist_fc3rev_h32_T16_mode_rate_uniform_schedule_normal_seed_44.csv
fc3rev_h32,32,no_regularization,rate_uniform,16,16,44,0.65,84.660000,,important results/fashion_mnist_fc3rev_three_regs/noise_sweep_rate_uniform_L16_T16/fc3rev_h32/no_regularization/seed_44/noise_sweep_matrix_fashion_mnist_fc3rev_h32_T16_mode_rate_uniform_schedule_normal_seed_44.csv
fc3rev_h32,32,no_regularization,rate_uniform,16,16,44,0.70,84.010000,,important results/fashion_mnist_fc3rev_three_regs/noise_sweep_rate_uniform_L16_T16/fc3rev_h32/no_regularization/seed_44/noise_sweep_matrix_fashion_mnist_fc3rev_h32_T16_mode_rate_uniform_schedule_normal_seed_44.csv
fc3rev_h32,32,no_regularization,rate_uniform,16,16,44,0.75,84.080000,,important results/fashion_mnist_fc3rev_three_regs/noise_sweep_rate_uniform_L16_T16/fc3rev_h32/no_regularization/seed_44/noise_sweep_matrix_fashion_mnist_fc3rev_h32_T16_mode_rate_uniform_schedule_normal_seed_44.csv
fc3rev_h32,32,no_regularization,rate_uniform,16,16,44,0.80,83.750000,,important results/fashion_mnist_fc3rev_three_regs/noise_sweep_rate_uniform_L16_T16/fc3rev_h32/no_regularization/seed_44/noise_sweep_matrix_fashion_mnist_fc3rev_h32_T16_mode_rate_uniform_schedule_normal_seed_44.csv
fc3rev_h32,32,no_regularization,rate_uniform,16,16,44,0.85,83.490000,,important results/fashion_mnist_fc3rev_three_regs/noise_sweep_rate_uniform_L16_T16/fc3rev_h32/no_regularization/seed_44/noise_sweep_matrix_fashion_mnist_fc3rev_h32_T16_mode_rate_uniform_schedule_normal_seed_44.csv
fc3rev_h32,32,no_regularization,rate_uniform,16,16,44,0.90,83.380000,,important results/fashion_mnist_fc3rev_three_regs/noise_sweep_rate_uniform_L16_T16/fc3rev_h32/no_regularization/seed_44/noise_sweep_matrix_fashion_mnist_fc3rev_h32_T16_mode_rate_uniform_schedule_normal_seed_44.csv
fc3rev_h32,32,no_regularization,rate_uniform,16,16,44,0.95,83.060000,,important results/fashion_mnist_fc3rev_three_regs/noise_sweep_rate_uniform_L16_T16/fc3rev_h32/no_regularization/seed_44/noise_sweep_matrix_fashion_mnist_fc3rev_h32_T16_mode_rate_uniform_schedule_normal_seed_44.csv
fc3rev_h32,32,no_regularization,rate_uniform,16,16,44,1.00,82.270000,,important results/fashion_mnist_fc3rev_three_regs/noise_sweep_rate_uniform_L16_T16/fc3rev_h32/no_regularization/seed_44/noise_sweep_matrix_fashion_mnist_fc3rev_h32_T16_mode_rate_uniform_schedule_normal_seed_44.csv
fc3rev_h32,32,weight_decay,rate_uniform,16,16,40,0.00,86.580000,,important results/fashion_mnist_fc3rev_three_regs/noise_sweep_rate_uniform_L16_T16/fc3rev_h32/weight_decay/seed_40/noise_sweep_matrix_fashion_mnist_fc3rev_h32_T16_mode_rate_uniform_schedule_normal_seed_40.csv
fc3rev_h32,32,weight_decay,rate_uniform,16,16,40,0.05,86.400000,,important results/fashion_mnist_fc3rev_three_regs/noise_sweep_rate_uniform_L16_T16/fc3rev_h32/weight_decay/seed_40/noise_sweep_matrix_fashion_mnist_fc3rev_h32_T16_mode_rate_uniform_schedule_normal_seed_40.csv
fc3rev_h32,32,weight_decay,rate_uniform,16,16,40,0.10,86.280000,,important results/fashion_mnist_fc3rev_three_regs/noise_sweep_rate_uniform_L16_T16/fc3rev_h32/weight_decay/seed_40/noise_sweep_matrix_fashion_mnist_fc3rev_h32_T16_mode_rate_uniform_schedule_normal_seed_40.csv
fc3rev_h32,32,weight_decay,rate_uniform,16,16,40,0.15,86.260000,,important results/fashion_mnist_fc3rev_three_regs/noise_sweep_rate_uniform_L16_T16/fc3rev_h32/weight_decay/seed_40/noise_sweep_matrix_fashion_mnist_fc3rev_h32_T16_mode_rate_uniform_schedule_normal_seed_40.csv
fc3rev_h32,32,weight_decay,rate_uniform,16,16,40,0.20,86.290000,,important results/fashion_mnist_fc3rev_three_regs/noise_sweep_rate_uniform_L16_T16/fc3rev_h32/weight_decay/seed_40/noise_sweep_matrix_fashion_mnist_fc3rev_h32_T16_mode_rate_uniform_schedule_normal_seed_40.csv
fc3rev_h32,32,weight_decay,rate_uniform,16,16,40,0.25,86.150000,,important results/fashion_mnist_fc3rev_three_regs/noise_sweep_rate_uniform_L16_T16/fc3rev_h32/weight_decay/seed_40/noise_sweep_matrix_fashion_mnist_fc3rev_h32_T16_mode_rate_uniform_schedule_normal_seed_40.csv
fc3rev_h32,32,weight_decay,rate_uniform,16,16,40,0.30,85.920000,,important results/fashion_mnist_fc3rev_three_regs/noise_sweep_rate_uniform_L16_T16/fc3rev_h32/weight_decay/seed_40/noise_sweep_matrix_fashion_mnist_fc3rev_h32_T16_mode_rate_uniform_schedule_normal_seed_40.csv
fc3rev_h32,32,weight_decay,rate_uniform,16,16,40,0.35,86.160000,,important results/fashion_mnist_fc3rev_three_regs/noise_sweep_rate_uniform_L16_T16/fc3rev_h32/weight_decay/seed_40/noise_sweep_matrix_fashion_mnist_fc3rev_h32_T16_mode_rate_uniform_schedule_normal_seed_40.csv
fc3rev_h32,32,weight_decay,rate_uniform,16,16,40,0.40,85.980000,,important results/fashion_mnist_fc3rev_three_regs/noise_sweep_rate_uniform_L16_T16/fc3rev_h32/weight_decay/seed_40/noise_sweep_matrix_fashion_mnist_fc3rev_h32_T16_mode_rate_uniform_schedule_normal_seed_40.csv
fc3rev_h32,32,weight_decay,rate_uniform,16,16,40,0.45,85.990000,,important results/fashion_mnist_fc3rev_three_regs/noise_sweep_rate_uniform_L16_T16/fc3rev_h32/weight_decay/seed_40/noise_sweep_matrix_fashion_mnist_fc3rev_h32_T16_mode_rate_uniform_schedule_normal_seed_40.csv
fc3rev_h32,32,weight_decay,rate_uniform,16,16,40,0.50,85.920000,,important results/fashion_mnist_fc3rev_three_regs/noise_sweep_rate_uniform_L16_T16/fc3rev_h32/weight_decay/seed_40/noise_sweep_matrix_fashion_mnist_fc3rev_h32_T16_mode_rate_uniform_schedule_normal_seed_40.csv
fc3rev_h32,32,weight_decay,rate_uniform,16,16,40,0.55,85.880000,,important results/fashion_mnist_fc3rev_three_regs/noise_sweep_rate_uniform_L16_T16/fc3rev_h32/weight_decay/seed_40/noise_sweep_matrix_fashion_mnist_fc3rev_h32_T16_mode_rate_uniform_schedule_normal_seed_40.csv
fc3rev_h32,32,weight_decay,rate_uniform,16,16,40,0.60,85.200000,,important results/fashion_mnist_fc3rev_three_regs/noise_sweep_rate_uniform_L16_T16/fc3rev_h32/weight_decay/seed_40/noise_sweep_matrix_fashion_mnist_fc3rev_h32_T16_mode_rate_uniform_schedule_normal_seed_40.csv
fc3rev_h32,32,weight_decay,rate_uniform,16,16,40,0.65,85.120000,,important results/fashion_mnist_fc3rev_three_regs/noise_sweep_rate_uniform_L16_T16/fc3rev_h32/weight_decay/seed_40/noise_sweep_matrix_fashion_mnist_fc3rev_h32_T16_mode_rate_uniform_schedule_normal_seed_40.csv
fc3rev_h32,32,weight_decay,rate_uniform,16,16,40,0.70,84.760000,,important results/fashion_mnist_fc3rev_three_regs/noise_sweep_rate_uniform_L16_T16/fc3rev_h32/weight_decay/seed_40/noise_sweep_matrix_fashion_mnist_fc3rev_h32_T16_mode_rate_uniform_schedule_normal_seed_40.csv
fc3rev_h32,32,weight_decay,rate_uniform,16,16,40,0.75,84.740000,,important results/fashion_mnist_fc3rev_three_regs/noise_sweep_rate_uniform_L16_T16/fc3rev_h32/weight_decay/seed_40/noise_sweep_matrix_fashion_mnist_fc3rev_h32_T16_mode_rate_uniform_schedule_normal_seed_40.csv
fc3rev_h32,32,weight_decay,rate_uniform,16,16,40,0.80,84.670000,,important results/fashion_mnist_fc3rev_three_regs/noise_sweep_rate_uniform_L16_T16/fc3rev_h32/weight_decay/seed_40/noise_sweep_matrix_fashion_mnist_fc3rev_h32_T16_mode_rate_uniform_schedule_normal_seed_40.csv
fc3rev_h32,32,weight_decay,rate_uniform,16,16,40,0.85,83.880000,,important results/fashion_mnist_fc3rev_three_regs/noise_sweep_rate_uniform_L16_T16/fc3rev_h32/weight_decay/seed_40/noise_sweep_matrix_fashion_mnist_fc3rev_h32_T16_mode_rate_uniform_schedule_normal_seed_40.csv
fc3rev_h32,32,weight_decay,rate_uniform,16,16,40,0.90,83.570000,,important results/fashion_mnist_fc3rev_three_regs/noise_sweep_rate_uniform_L16_T16/fc3rev_h32/weight_decay/seed_40/noise_sweep_matrix_fashion_mnist_fc3rev_h32_T16_mode_rate_uniform_schedule_normal_seed_40.csv
fc3rev_h32,32,weight_decay,rate_uniform,16,16,40,0.95,83.830000,,important results/fashion_mnist_fc3rev_three_regs/noise_sweep_rate_uniform_L16_T16/fc3rev_h32/weight_decay/seed_40/noise_sweep_matrix_fashion_mnist_fc3rev_h32_T16_mode_rate_uniform_schedule_normal_seed_40.csv
fc3rev_h32,32,weight_decay,rate_uniform,16,16,40,1.00,83.130000,,important results/fashion_mnist_fc3rev_three_regs/noise_sweep_rate_uniform_L16_T16/fc3rev_h32/weight_decay/seed_40/noise_sweep_matrix_fashion_mnist_fc3rev_h32_T16_mode_rate_uniform_schedule_normal_seed_40.csv
fc3rev_h32,32,weight_decay,rate_uniform,16,16,41,0.00,86.520000,,important results/fashion_mnist_fc3rev_three_regs/noise_sweep_rate_uniform_L16_T16/fc3rev_h32/weight_decay/seed_41/noise_sweep_matrix_fashion_mnist_fc3rev_h32_T16_mode_rate_uniform_schedule_normal_seed_41.csv
fc3rev_h32,32,weight_decay,rate_uniform,16,16,41,0.05,86.460000,,important results/fashion_mnist_fc3rev_three_regs/noise_sweep_rate_uniform_L16_T16/fc3rev_h32/weight_decay/seed_41/noise_sweep_matrix_fashion_mnist_fc3rev_h32_T16_mode_rate_uniform_schedule_normal_seed_41.csv
fc3rev_h32,32,weight_decay,rate_uniform,16,16,41,0.10,86.230000,,important results/fashion_mnist_fc3rev_three_regs/noise_sweep_rate_uniform_L16_T16/fc3rev_h32/weight_decay/seed_41/noise_sweep_matrix_fashion_mnist_fc3rev_h32_T16_mode_rate_uniform_schedule_normal_seed_41.csv
fc3rev_h32,32,weight_decay,rate_uniform,16,16,41,0.15,86.070000,,important results/fashion_mnist_fc3rev_three_regs/noise_sweep_rate_uniform_L16_T16/fc3rev_h32/weight_decay/seed_41/noise_sweep_matrix_fashion_mnist_fc3rev_h32_T16_mode_rate_uniform_schedule_normal_seed_41.csv
fc3rev_h32,32,weight_decay,rate_uniform,16,16,41,0.20,86.490000,,important results/fashion_mnist_fc3rev_three_regs/noise_sweep_rate_uniform_L16_T16/fc3rev_h32/weight_decay/seed_41/noise_sweep_matrix_fashion_mnist_fc3rev_h32_T16_mode_rate_uniform_schedule_normal_seed_41.csv
fc3rev_h32,32,weight_decay,rate_uniform,16,16,41,0.25,86.030000,,important results/fashion_mnist_fc3rev_three_regs/noise_sweep_rate_uniform_L16_T16/fc3rev_h32/weight_decay/seed_41/noise_sweep_matrix_fashion_mnist_fc3rev_h32_T16_mode_rate_uniform_schedule_normal_seed_41.csv
fc3rev_h32,32,weight_decay,rate_uniform,16,16,41,0.30,86.300000,,important results/fashion_mnist_fc3rev_three_regs/noise_sweep_rate_uniform_L16_T16/fc3rev_h32/weight_decay/seed_41/noise_sweep_matrix_fashion_mnist_fc3rev_h32_T16_mode_rate_uniform_schedule_normal_seed_41.csv
fc3rev_h32,32,weight_decay,rate_uniform,16,16,41,0.35,86.260000,,important results/fashion_mnist_fc3rev_three_regs/noise_sweep_rate_uniform_L16_T16/fc3rev_h32/weight_decay/seed_41/noise_sweep_matrix_fashion_mnist_fc3rev_h32_T16_mode_rate_uniform_schedule_normal_seed_41.csv
fc3rev_h32,32,weight_decay,rate_uniform,16,16,41,0.40,86.040000,,important results/fashion_mnist_fc3rev_three_regs/noise_sweep_rate_uniform_L16_T16/fc3rev_h32/weight_decay/seed_41/noise_sweep_matrix_fashion_mnist_fc3rev_h32_T16_mode_rate_uniform_schedule_normal_seed_41.csv
fc3rev_h32,32,weight_decay,rate_uniform,16,16,41,0.45,85.790000,,important results/fashion_mnist_fc3rev_three_regs/noise_sweep_rate_uniform_L16_T16/fc3rev_h32/weight_decay/seed_41/noise_sweep_matrix_fashion_mnist_fc3rev_h32_T16_mode_rate_uniform_schedule_normal_seed_41.csv
fc3rev_h32,32,weight_decay,rate_uniform,16,16,41,0.50,85.710000,,important results/fashion_mnist_fc3rev_three_regs/noise_sweep_rate_uniform_L16_T16/fc3rev_h32/weight_decay/seed_41/noise_sweep_matrix_fashion_mnist_fc3rev_h32_T16_mode_rate_uniform_schedule_normal_seed_41.csv
fc3rev_h32,32,weight_decay,rate_uniform,16,16,41,0.55,85.300000,,important results/fashion_mnist_fc3rev_three_regs/noise_sweep_rate_uniform_L16_T16/fc3rev_h32/weight_decay/seed_41/noise_sweep_matrix_fashion_mnist_fc3rev_h32_T16_mode_rate_uniform_schedule_normal_seed_41.csv
fc3rev_h32,32,weight_decay,rate_uniform,16,16,41,0.60,85.430000,,important results/fashion_mnist_fc3rev_three_regs/noise_sweep_rate_uniform_L16_T16/fc3rev_h32/weight_decay/seed_41/noise_sweep_matrix_fashion_mnist_fc3rev_h32_T16_mode_rate_uniform_schedule_normal_seed_41.csv
fc3rev_h32,32,weight_decay,rate_uniform,16,16,41,0.65,85.170000,,important results/fashion_mnist_fc3rev_three_regs/noise_sweep_rate_uniform_L16_T16/fc3rev_h32/weight_decay/seed_41/noise_sweep_matrix_fashion_mnist_fc3rev_h32_T16_mode_rate_uniform_schedule_normal_seed_41.csv
fc3rev_h32,32,weight_decay,rate_uniform,16,16,41,0.70,84.830000,,important results/fashion_mnist_fc3rev_three_regs/noise_sweep_rate_uniform_L16_T16/fc3rev_h32/weight_decay/seed_41/noise_sweep_matrix_fashion_mnist_fc3rev_h32_T16_mode_rate_uniform_schedule_normal_seed_41.csv
fc3rev_h32,32,weight_decay,rate_uniform,16,16,41,0.75,84.710000,,important results/fashion_mnist_fc3rev_three_regs/noise_sweep_rate_uniform_L16_T16/fc3rev_h32/weight_decay/seed_41/noise_sweep_matrix_fashion_mnist_fc3rev_h32_T16_mode_rate_uniform_schedule_normal_seed_41.csv
fc3rev_h32,32,weight_decay,rate_uniform,16,16,41,0.80,84.140000,,important results/fashion_mnist_fc3rev_three_regs/noise_sweep_rate_uniform_L16_T16/fc3rev_h32/weight_decay/seed_41/noise_sweep_matrix_fashion_mnist_fc3rev_h32_T16_mode_rate_uniform_schedule_normal_seed_41.csv
fc3rev_h32,32,weight_decay,rate_uniform,16,16,41,0.85,83.840000,,important results/fashion_mnist_fc3rev_three_regs/noise_sweep_rate_uniform_L16_T16/fc3rev_h32/weight_decay/seed_41/noise_sweep_matrix_fashion_mnist_fc3rev_h32_T16_mode_rate_uniform_schedule_normal_seed_41.csv
fc3rev_h32,32,weight_decay,rate_uniform,16,16,41,0.90,83.510000,,important results/fashion_mnist_fc3rev_three_regs/noise_sweep_rate_uniform_L16_T16/fc3rev_h32/weight_decay/seed_41/noise_sweep_matrix_fashion_mnist_fc3rev_h32_T16_mode_rate_uniform_schedule_normal_seed_41.csv
fc3rev_h32,32,weight_decay,rate_uniform,16,16,41,0.95,83.470000,,important results/fashion_mnist_fc3rev_three_regs/noise_sweep_rate_uniform_L16_T16/fc3rev_h32/weight_decay/seed_41/noise_sweep_matrix_fashion_mnist_fc3rev_h32_T16_mode_rate_uniform_schedule_normal_seed_41.csv
fc3rev_h32,32,weight_decay,rate_uniform,16,16,41,1.00,83.270000,,important results/fashion_mnist_fc3rev_three_regs/noise_sweep_rate_uniform_L16_T16/fc3rev_h32/weight_decay/seed_41/noise_sweep_matrix_fashion_mnist_fc3rev_h32_T16_mode_rate_uniform_schedule_normal_seed_41.csv
fc3rev_h32,32,weight_decay,rate_uniform,16,16,42,0.00,86.140000,,important results/fashion_mnist_fc3rev_three_regs/noise_sweep_rate_uniform_L16_T16/fc3rev_h32/weight_decay/seed_42/noise_sweep_matrix_fashion_mnist_fc3rev_h32_T16_mode_rate_uniform_schedule_normal_seed_42.csv
fc3rev_h32,32,weight_decay,rate_uniform,16,16,42,0.05,86.030000,,important results/fashion_mnist_fc3rev_three_regs/noise_sweep_rate_uniform_L16_T16/fc3rev_h32/weight_decay/seed_42/noise_sweep_matrix_fashion_mnist_fc3rev_h32_T16_mode_rate_uniform_schedule_normal_seed_42.csv
fc3rev_h32,32,weight_decay,rate_uniform,16,16,42,0.10,85.930000,,important results/fashion_mnist_fc3rev_three_regs/noise_sweep_rate_uniform_L16_T16/fc3rev_h32/weight_decay/seed_42/noise_sweep_matrix_fashion_mnist_fc3rev_h32_T16_mode_rate_uniform_schedule_normal_seed_42.csv
fc3rev_h32,32,weight_decay,rate_uniform,16,16,42,0.15,86.130000,,important results/fashion_mnist_fc3rev_three_regs/noise_sweep_rate_uniform_L16_T16/fc3rev_h32/weight_decay/seed_42/noise_sweep_matrix_fashion_mnist_fc3rev_h32_T16_mode_rate_uniform_schedule_normal_seed_42.csv
fc3rev_h32,32,weight_decay,rate_uniform,16,16,42,0.20,85.980000,,important results/fashion_mnist_fc3rev_three_regs/noise_sweep_rate_uniform_L16_T16/fc3rev_h32/weight_decay/seed_42/noise_sweep_matrix_fashion_mnist_fc3rev_h32_T16_mode_rate_uniform_schedule_normal_seed_42.csv
fc3rev_h32,32,weight_decay,rate_uniform,16,16,42,0.25,85.750000,,important results/fashion_mnist_fc3rev_three_regs/noise_sweep_rate_uniform_L16_T16/fc3rev_h32/weight_decay/seed_42/noise_sweep_matrix_fashion_mnist_fc3rev_h32_T16_mode_rate_uniform_schedule_normal_seed_42.csv
fc3rev_h32,32,weight_decay,rate_uniform,16,16,42,0.30,85.870000,,important results/fashion_mnist_fc3rev_three_regs/noise_sweep_rate_uniform_L16_T16/fc3rev_h32/weight_decay/seed_42/noise_sweep_matrix_fashion_mnist_fc3rev_h32_T16_mode_rate_uniform_schedule_normal_seed_42.csv
fc3rev_h32,32,weight_decay,rate_uniform,16,16,42,0.35,85.390000,,important results/fashion_mnist_fc3rev_three_regs/noise_sweep_rate_uniform_L16_T16/fc3rev_h32/weight_decay/seed_42/noise_sweep_matrix_fashion_mnist_fc3rev_h32_T16_mode_rate_uniform_schedule_normal_seed_42.csv
fc3rev_h32,32,weight_decay,rate_uniform,16,16,42,0.40,85.800000,,important results/fashion_mnist_fc3rev_three_regs/noise_sweep_rate_uniform_L16_T16/fc3rev_h32/weight_decay/seed_42/noise_sweep_matrix_fashion_mnist_fc3rev_h32_T16_mode_rate_uniform_schedule_normal_seed_42.csv
fc3rev_h32,32,weight_decay,rate_uniform,16,16,42,0.45,85.270000,,important results/fashion_mnist_fc3rev_three_regs/noise_sweep_rate_uniform_L16_T16/fc3rev_h32/weight_decay/seed_42/noise_sweep_matrix_fashion_mnist_fc3rev_h32_T16_mode_rate_uniform_schedule_normal_seed_42.csv
fc3rev_h32,32,weight_decay,rate_uniform,16,16,42,0.50,85.360000,,important results/fashion_mnist_fc3rev_three_regs/noise_sweep_rate_uniform_L16_T16/fc3rev_h32/weight_decay/seed_42/noise_sweep_matrix_fashion_mnist_fc3rev_h32_T16_mode_rate_uniform_schedule_normal_seed_42.csv
fc3rev_h32,32,weight_decay,rate_uniform,16,16,42,0.55,85.130000,,important results/fashion_mnist_fc3rev_three_regs/noise_sweep_rate_uniform_L16_T16/fc3rev_h32/weight_decay/seed_42/noise_sweep_matrix_fashion_mnist_fc3rev_h32_T16_mode_rate_uniform_schedule_normal_seed_42.csv
fc3rev_h32,32,weight_decay,rate_uniform,16,16,42,0.60,85.110000,,important results/fashion_mnist_fc3rev_three_regs/noise_sweep_rate_uniform_L16_T16/fc3rev_h32/weight_decay/seed_42/noise_sweep_matrix_fashion_mnist_fc3rev_h32_T16_mode_rate_uniform_schedule_normal_seed_42.csv
fc3rev_h32,32,weight_decay,rate_uniform,16,16,42,0.65,85.050000,,important results/fashion_mnist_fc3rev_three_regs/noise_sweep_rate_uniform_L16_T16/fc3rev_h32/weight_decay/seed_42/noise_sweep_matrix_fashion_mnist_fc3rev_h32_T16_mode_rate_uniform_schedule_normal_seed_42.csv
fc3rev_h32,32,weight_decay,rate_uniform,16,16,42,0.70,84.670000,,important results/fashion_mnist_fc3rev_three_regs/noise_sweep_rate_uniform_L16_T16/fc3rev_h32/weight_decay/seed_42/noise_sweep_matrix_fashion_mnist_fc3rev_h32_T16_mode_rate_uniform_schedule_normal_seed_42.csv
fc3rev_h32,32,weight_decay,rate_uniform,16,16,42,0.75,84.260000,,important results/fashion_mnist_fc3rev_three_regs/noise_sweep_rate_uniform_L16_T16/fc3rev_h32/weight_decay/seed_42/noise_sweep_matrix_fashion_mnist_fc3rev_h32_T16_mode_rate_uniform_schedule_normal_seed_42.csv
fc3rev_h32,32,weight_decay,rate_uniform,16,16,42,0.80,84.000000,,important results/fashion_mnist_fc3rev_three_regs/noise_sweep_rate_uniform_L16_T16/fc3rev_h32/weight_decay/seed_42/noise_sweep_matrix_fashion_mnist_fc3rev_h32_T16_mode_rate_uniform_schedule_normal_seed_42.csv
fc3rev_h32,32,weight_decay,rate_uniform,16,16,42,0.85,84.140000,,important results/fashion_mnist_fc3rev_three_regs/noise_sweep_rate_uniform_L16_T16/fc3rev_h32/weight_decay/seed_42/noise_sweep_matrix_fashion_mnist_fc3rev_h32_T16_mode_rate_uniform_schedule_normal_seed_42.csv
fc3rev_h32,32,weight_decay,rate_uniform,16,16,42,0.90,83.800000,,important results/fashion_mnist_fc3rev_three_regs/noise_sweep_rate_uniform_L16_T16/fc3rev_h32/weight_decay/seed_42/noise_sweep_matrix_fashion_mnist_fc3rev_h32_T16_mode_rate_uniform_schedule_normal_seed_42.csv
fc3rev_h32,32,weight_decay,rate_uniform,16,16,42,0.95,83.580000,,important results/fashion_mnist_fc3rev_three_regs/noise_sweep_rate_uniform_L16_T16/fc3rev_h32/weight_decay/seed_42/noise_sweep_matrix_fashion_mnist_fc3rev_h32_T16_mode_rate_uniform_schedule_normal_seed_42.csv
fc3rev_h32,32,weight_decay,rate_uniform,16,16,42,1.00,83.310000,,important results/fashion_mnist_fc3rev_three_regs/noise_sweep_rate_uniform_L16_T16/fc3rev_h32/weight_decay/seed_42/noise_sweep_matrix_fashion_mnist_fc3rev_h32_T16_mode_rate_uniform_schedule_normal_seed_42.csv
fc3rev_h32,32,weight_decay,rate_uniform,16,16,43,0.00,86.520000,,important results/fashion_mnist_fc3rev_three_regs/noise_sweep_rate_uniform_L16_T16/fc3rev_h32/weight_decay/seed_43/noise_sweep_matrix_fashion_mnist_fc3rev_h32_T16_mode_rate_uniform_schedule_normal_seed_43.csv
fc3rev_h32,32,weight_decay,rate_uniform,16,16,43,0.05,86.340000,,important results/fashion_mnist_fc3rev_three_regs/noise_sweep_rate_uniform_L16_T16/fc3rev_h32/weight_decay/seed_43/noise_sweep_matrix_fashion_mnist_fc3rev_h32_T16_mode_rate_uniform_schedule_normal_seed_43.csv
fc3rev_h32,32,weight_decay,rate_uniform,16,16,43,0.10,86.310000,,important results/fashion_mnist_fc3rev_three_regs/noise_sweep_rate_uniform_L16_T16/fc3rev_h32/weight_decay/seed_43/noise_sweep_matrix_fashion_mnist_fc3rev_h32_T16_mode_rate_uniform_schedule_normal_seed_43.csv
fc3rev_h32,32,weight_decay,rate_uniform,16,16,43,0.15,86.340000,,important results/fashion_mnist_fc3rev_three_regs/noise_sweep_rate_uniform_L16_T16/fc3rev_h32/weight_decay/seed_43/noise_sweep_matrix_fashion_mnist_fc3rev_h32_T16_mode_rate_uniform_schedule_normal_seed_43.csv
fc3rev_h32,32,weight_decay,rate_uniform,16,16,43,0.20,86.470000,,important results/fashion_mnist_fc3rev_three_regs/noise_sweep_rate_uniform_L16_T16/fc3rev_h32/weight_decay/seed_43/noise_sweep_matrix_fashion_mnist_fc3rev_h32_T16_mode_rate_uniform_schedule_normal_seed_43.csv
fc3rev_h32,32,weight_decay,rate_uniform,16,16,43,0.25,86.100000,,important results/fashion_mnist_fc3rev_three_regs/noise_sweep_rate_uniform_L16_T16/fc3rev_h32/weight_decay/seed_43/noise_sweep_matrix_fashion_mnist_fc3rev_h32_T16_mode_rate_uniform_schedule_normal_seed_43.csv
fc3rev_h32,32,weight_decay,rate_uniform,16,16,43,0.30,86.040000,,important results/fashion_mnist_fc3rev_three_regs/noise_sweep_rate_uniform_L16_T16/fc3rev_h32/weight_decay/seed_43/noise_sweep_matrix_fashion_mnist_fc3rev_h32_T16_mode_rate_uniform_schedule_normal_seed_43.csv
fc3rev_h32,32,weight_decay,rate_uniform,16,16,43,0.35,86.110000,,important results/fashion_mnist_fc3rev_three_regs/noise_sweep_rate_uniform_L16_T16/fc3rev_h32/weight_decay/seed_43/noise_sweep_matrix_fashion_mnist_fc3rev_h32_T16_mode_rate_uniform_schedule_normal_seed_43.csv
fc3rev_h32,32,weight_decay,rate_uniform,16,16,43,0.40,86.050000,,important results/fashion_mnist_fc3rev_three_regs/noise_sweep_rate_uniform_L16_T16/fc3rev_h32/weight_decay/seed_43/noise_sweep_matrix_fashion_mnist_fc3rev_h32_T16_mode_rate_uniform_schedule_normal_seed_43.csv
fc3rev_h32,32,weight_decay,rate_uniform,16,16,43,0.45,85.750000,,important results/fashion_mnist_fc3rev_three_regs/noise_sweep_rate_uniform_L16_T16/fc3rev_h32/weight_decay/seed_43/noise_sweep_matrix_fashion_mnist_fc3rev_h32_T16_mode_rate_uniform_schedule_normal_seed_43.csv
fc3rev_h32,32,weight_decay,rate_uniform,16,16,43,0.50,85.800000,,important results/fashion_mnist_fc3rev_three_regs/noise_sweep_rate_uniform_L16_T16/fc3rev_h32/weight_decay/seed_43/noise_sweep_matrix_fashion_mnist_fc3rev_h32_T16_mode_rate_uniform_schedule_normal_seed_43.csv
fc3rev_h32,32,weight_decay,rate_uniform,16,16,43,0.55,85.330000,,important results/fashion_mnist_fc3rev_three_regs/noise_sweep_rate_uniform_L16_T16/fc3rev_h32/weight_decay/seed_43/noise_sweep_matrix_fashion_mnist_fc3rev_h32_T16_mode_rate_uniform_schedule_normal_seed_43.csv
fc3rev_h32,32,weight_decay,rate_uniform,16,16,43,0.60,85.270000,,important results/fashion_mnist_fc3rev_three_regs/noise_sweep_rate_uniform_L16_T16/fc3rev_h32/weight_decay/seed_43/noise_sweep_matrix_fashion_mnist_fc3rev_h32_T16_mode_rate_uniform_schedule_normal_seed_43.csv
fc3rev_h32,32,weight_decay,rate_uniform,16,16,43,0.65,85.100000,,important results/fashion_mnist_fc3rev_three_regs/noise_sweep_rate_uniform_L16_T16/fc3rev_h32/weight_decay/seed_43/noise_sweep_matrix_fashion_mnist_fc3rev_h32_T16_mode_rate_uniform_schedule_normal_seed_43.csv
fc3rev_h32,32,weight_decay,rate_uniform,16,16,43,0.70,84.800000,,important results/fashion_mnist_fc3rev_three_regs/noise_sweep_rate_uniform_L16_T16/fc3rev_h32/weight_decay/seed_43/noise_sweep_matrix_fashion_mnist_fc3rev_h32_T16_mode_rate_uniform_schedule_normal_seed_43.csv
fc3rev_h32,32,weight_decay,rate_uniform,16,16,43,0.75,84.610000,,important results/fashion_mnist_fc3rev_three_regs/noise_sweep_rate_uniform_L16_T16/fc3rev_h32/weight_decay/seed_43/noise_sweep_matrix_fashion_mnist_fc3rev_h32_T16_mode_rate_uniform_schedule_normal_seed_43.csv
fc3rev_h32,32,weight_decay,rate_uniform,16,16,43,0.80,84.550000,,important results/fashion_mnist_fc3rev_three_regs/noise_sweep_rate_uniform_L16_T16/fc3rev_h32/weight_decay/seed_43/noise_sweep_matrix_fashion_mnist_fc3rev_h32_T16_mode_rate_uniform_schedule_normal_seed_43.csv
fc3rev_h32,32,weight_decay,rate_uniform,16,16,43,0.85,83.860000,,important results/fashion_mnist_fc3rev_three_regs/noise_sweep_rate_uniform_L16_T16/fc3rev_h32/weight_decay/seed_43/noise_sweep_matrix_fashion_mnist_fc3rev_h32_T16_mode_rate_uniform_schedule_normal_seed_43.csv
fc3rev_h32,32,weight_decay,rate_uniform,16,16,43,0.90,84.120000,,important results/fashion_mnist_fc3rev_three_regs/noise_sweep_rate_uniform_L16_T16/fc3rev_h32/weight_decay/seed_43/noise_sweep_matrix_fashion_mnist_fc3rev_h32_T16_mode_rate_uniform_schedule_normal_seed_43.csv
fc3rev_h32,32,weight_decay,rate_uniform,16,16,43,0.95,83.330000,,important results/fashion_mnist_fc3rev_three_regs/noise_sweep_rate_uniform_L16_T16/fc3rev_h32/weight_decay/seed_43/noise_sweep_matrix_fashion_mnist_fc3rev_h32_T16_mode_rate_uniform_schedule_normal_seed_43.csv
fc3rev_h32,32,weight_decay,rate_uniform,16,16,43,1.00,82.960000,,important results/fashion_mnist_fc3rev_three_regs/noise_sweep_rate_uniform_L16_T16/fc3rev_h32/weight_decay/seed_43/noise_sweep_matrix_fashion_mnist_fc3rev_h32_T16_mode_rate_uniform_schedule_normal_seed_43.csv
fc3rev_h32,32,weight_decay,rate_uniform,16,16,44,0.00,86.570000,,important results/fashion_mnist_fc3rev_three_regs/noise_sweep_rate_uniform_L16_T16/fc3rev_h32/weight_decay/seed_44/noise_sweep_matrix_fashion_mnist_fc3rev_h32_T16_mode_rate_uniform_schedule_normal_seed_44.csv
fc3rev_h32,32,weight_decay,rate_uniform,16,16,44,0.05,86.210000,,important results/fashion_mnist_fc3rev_three_regs/noise_sweep_rate_uniform_L16_T16/fc3rev_h32/weight_decay/seed_44/noise_sweep_matrix_fashion_mnist_fc3rev_h32_T16_mode_rate_uniform_schedule_normal_seed_44.csv
fc3rev_h32,32,weight_decay,rate_uniform,16,16,44,0.10,86.270000,,important results/fashion_mnist_fc3rev_three_regs/noise_sweep_rate_uniform_L16_T16/fc3rev_h32/weight_decay/seed_44/noise_sweep_matrix_fashion_mnist_fc3rev_h32_T16_mode_rate_uniform_schedule_normal_seed_44.csv
fc3rev_h32,32,weight_decay,rate_uniform,16,16,44,0.15,86.210000,,important results/fashion_mnist_fc3rev_three_regs/noise_sweep_rate_uniform_L16_T16/fc3rev_h32/weight_decay/seed_44/noise_sweep_matrix_fashion_mnist_fc3rev_h32_T16_mode_rate_uniform_schedule_normal_seed_44.csv
fc3rev_h32,32,weight_decay,rate_uniform,16,16,44,0.20,85.990000,,important results/fashion_mnist_fc3rev_three_regs/noise_sweep_rate_uniform_L16_T16/fc3rev_h32/weight_decay/seed_44/noise_sweep_matrix_fashion_mnist_fc3rev_h32_T16_mode_rate_uniform_schedule_normal_seed_44.csv
fc3rev_h32,32,weight_decay,rate_uniform,16,16,44,0.25,86.180000,,important results/fashion_mnist_fc3rev_three_regs/noise_sweep_rate_uniform_L16_T16/fc3rev_h32/weight_decay/seed_44/noise_sweep_matrix_fashion_mnist_fc3rev_h32_T16_mode_rate_uniform_schedule_normal_seed_44.csv
fc3rev_h32,32,weight_decay,rate_uniform,16,16,44,0.30,85.910000,,important results/fashion_mnist_fc3rev_three_regs/noise_sweep_rate_uniform_L16_T16/fc3rev_h32/weight_decay/seed_44/noise_sweep_matrix_fashion_mnist_fc3rev_h32_T16_mode_rate_uniform_schedule_normal_seed_44.csv
fc3rev_h32,32,weight_decay,rate_uniform,16,16,44,0.35,86.290000,,important results/fashion_mnist_fc3rev_three_regs/noise_sweep_rate_uniform_L16_T16/fc3rev_h32/weight_decay/seed_44/noise_sweep_matrix_fashion_mnist_fc3rev_h32_T16_mode_rate_uniform_schedule_normal_seed_44.csv
fc3rev_h32,32,weight_decay,rate_uniform,16,16,44,0.40,85.890000,,important results/fashion_mnist_fc3rev_three_regs/noise_sweep_rate_uniform_L16_T16/fc3rev_h32/weight_decay/seed_44/noise_sweep_matrix_fashion_mnist_fc3rev_h32_T16_mode_rate_uniform_schedule_normal_seed_44.csv
fc3rev_h32,32,weight_decay,rate_uniform,16,16,44,0.45,85.790000,,important results/fashion_mnist_fc3rev_three_regs/noise_sweep_rate_uniform_L16_T16/fc3rev_h32/weight_decay/seed_44/noise_sweep_matrix_fashion_mnist_fc3rev_h32_T16_mode_rate_uniform_schedule_normal_seed_44.csv
fc3rev_h32,32,weight_decay,rate_uniform,16,16,44,0.50,85.670000,,important results/fashion_mnist_fc3rev_three_regs/noise_sweep_rate_uniform_L16_T16/fc3rev_h32/weight_decay/seed_44/noise_sweep_matrix_fashion_mnist_fc3rev_h32_T16_mode_rate_uniform_schedule_normal_seed_44.csv
fc3rev_h32,32,weight_decay,rate_uniform,16,16,44,0.55,85.400000,,important results/fashion_mnist_fc3rev_three_regs/noise_sweep_rate_uniform_L16_T16/fc3rev_h32/weight_decay/seed_44/noise_sweep_matrix_fashion_mnist_fc3rev_h32_T16_mode_rate_uniform_schedule_normal_seed_44.csv
fc3rev_h32,32,weight_decay,rate_uniform,16,16,44,0.60,85.180000,,important results/fashion_mnist_fc3rev_three_regs/noise_sweep_rate_uniform_L16_T16/fc3rev_h32/weight_decay/seed_44/noise_sweep_matrix_fashion_mnist_fc3rev_h32_T16_mode_rate_uniform_schedule_normal_seed_44.csv
fc3rev_h32,32,weight_decay,rate_uniform,16,16,44,0.65,85.380000,,important results/fashion_mnist_fc3rev_three_regs/noise_sweep_rate_uniform_L16_T16/fc3rev_h32/weight_decay/seed_44/noise_sweep_matrix_fashion_mnist_fc3rev_h32_T16_mode_rate_uniform_schedule_normal_seed_44.csv
fc3rev_h32,32,weight_decay,rate_uniform,16,16,44,0.70,84.840000,,important results/fashion_mnist_fc3rev_three_regs/noise_sweep_rate_uniform_L16_T16/fc3rev_h32/weight_decay/seed_44/noise_sweep_matrix_fashion_mnist_fc3rev_h32_T16_mode_rate_uniform_schedule_normal_seed_44.csv
fc3rev_h32,32,weight_decay,rate_uniform,16,16,44,0.75,84.900000,,important results/fashion_mnist_fc3rev_three_regs/noise_sweep_rate_uniform_L16_T16/fc3rev_h32/weight_decay/seed_44/noise_sweep_matrix_fashion_mnist_fc3rev_h32_T16_mode_rate_uniform_schedule_normal_seed_44.csv
fc3rev_h32,32,weight_decay,rate_uniform,16,16,44,0.80,84.510000,,important results/fashion_mnist_fc3rev_three_regs/noise_sweep_rate_uniform_L16_T16/fc3rev_h32/weight_decay/seed_44/noise_sweep_matrix_fashion_mnist_fc3rev_h32_T16_mode_rate_uniform_schedule_normal_seed_44.csv
fc3rev_h32,32,weight_decay,rate_uniform,16,16,44,0.85,83.930000,,important results/fashion_mnist_fc3rev_three_regs/noise_sweep_rate_uniform_L16_T16/fc3rev_h32/weight_decay/seed_44/noise_sweep_matrix_fashion_mnist_fc3rev_h32_T16_mode_rate_uniform_schedule_normal_seed_44.csv
fc3rev_h32,32,weight_decay,rate_uniform,16,16,44,0.90,84.100000,,important results/fashion_mnist_fc3rev_three_regs/noise_sweep_rate_uniform_L16_T16/fc3rev_h32/weight_decay/seed_44/noise_sweep_matrix_fashion_mnist_fc3rev_h32_T16_mode_rate_uniform_schedule_normal_seed_44.csv
fc3rev_h32,32,weight_decay,rate_uniform,16,16,44,0.95,84.170000,,important results/fashion_mnist_fc3rev_three_regs/noise_sweep_rate_uniform_L16_T16/fc3rev_h32/weight_decay/seed_44/noise_sweep_matrix_fashion_mnist_fc3rev_h32_T16_mode_rate_uniform_schedule_normal_seed_44.csv
fc3rev_h32,32,weight_decay,rate_uniform,16,16,44,1.00,83.360000,,important results/fashion_mnist_fc3rev_three_regs/noise_sweep_rate_uniform_L16_T16/fc3rev_h32/weight_decay/seed_44/noise_sweep_matrix_fashion_mnist_fc3rev_h32_T16_mode_rate_uniform_schedule_normal_seed_44.csv
fc3rev_h64,64,mne_l2,rate_uniform,16,16,40,0.00,85.930000,,important results/fashion_mnist_fc3rev_three_regs/noise_sweep_rate_uniform_L16_T16/fc3rev_h64/mne_l2/seed_40/noise_sweep_matrix_fashion_mnist_fc3rev_h64_T16_mode_rate_uniform_schedule_normal_seed_40.csv
fc3rev_h64,64,mne_l2,rate_uniform,16,16,40,0.05,85.730000,,important results/fashion_mnist_fc3rev_three_regs/noise_sweep_rate_uniform_L16_T16/fc3rev_h64/mne_l2/seed_40/noise_sweep_matrix_fashion_mnist_fc3rev_h64_T16_mode_rate_uniform_schedule_normal_seed_40.csv
fc3rev_h64,64,mne_l2,rate_uniform,16,16,40,0.10,85.880000,,important results/fashion_mnist_fc3rev_three_regs/noise_sweep_rate_uniform_L16_T16/fc3rev_h64/mne_l2/seed_40/noise_sweep_matrix_fashion_mnist_fc3rev_h64_T16_mode_rate_uniform_schedule_normal_seed_40.csv
fc3rev_h64,64,mne_l2,rate_uniform,16,16,40,0.15,85.550000,,important results/fashion_mnist_fc3rev_three_regs/noise_sweep_rate_uniform_L16_T16/fc3rev_h64/mne_l2/seed_40/noise_sweep_matrix_fashion_mnist_fc3rev_h64_T16_mode_rate_uniform_schedule_normal_seed_40.csv
fc3rev_h64,64,mne_l2,rate_uniform,16,16,40,0.20,85.390000,,important results/fashion_mnist_fc3rev_three_regs/noise_sweep_rate_uniform_L16_T16/fc3rev_h64/mne_l2/seed_40/noise_sweep_matrix_fashion_mnist_fc3rev_h64_T16_mode_rate_uniform_schedule_normal_seed_40.csv
fc3rev_h64,64,mne_l2,rate_uniform,16,16,40,0.25,85.460000,,important results/fashion_mnist_fc3rev_three_regs/noise_sweep_rate_uniform_L16_T16/fc3rev_h64/mne_l2/seed_40/noise_sweep_matrix_fashion_mnist_fc3rev_h64_T16_mode_rate_uniform_schedule_normal_seed_40.csv
fc3rev_h64,64,mne_l2,rate_uniform,16,16,40,0.30,85.320000,,important results/fashion_mnist_fc3rev_three_regs/noise_sweep_rate_uniform_L16_T16/fc3rev_h64/mne_l2/seed_40/noise_sweep_matrix_fashion_mnist_fc3rev_h64_T16_mode_rate_uniform_schedule_normal_seed_40.csv
fc3rev_h64,64,mne_l2,rate_uniform,16,16,40,0.35,85.310000,,important results/fashion_mnist_fc3rev_three_regs/noise_sweep_rate_uniform_L16_T16/fc3rev_h64/mne_l2/seed_40/noise_sweep_matrix_fashion_mnist_fc3rev_h64_T16_mode_rate_uniform_schedule_normal_seed_40.csv
fc3rev_h64,64,mne_l2,rate_uniform,16,16,40,0.40,85.430000,,important results/fashion_mnist_fc3rev_three_regs/noise_sweep_rate_uniform_L16_T16/fc3rev_h64/mne_l2/seed_40/noise_sweep_matrix_fashion_mnist_fc3rev_h64_T16_mode_rate_uniform_schedule_normal_seed_40.csv
fc3rev_h64,64,mne_l2,rate_uniform,16,16,40,0.45,85.250000,,important results/fashion_mnist_fc3rev_three_regs/noise_sweep_rate_uniform_L16_T16/fc3rev_h64/mne_l2/seed_40/noise_sweep_matrix_fashion_mnist_fc3rev_h64_T16_mode_rate_uniform_schedule_normal_seed_40.csv
fc3rev_h64,64,mne_l2,rate_uniform,16,16,40,0.50,85.130000,,important results/fashion_mnist_fc3rev_three_regs/noise_sweep_rate_uniform_L16_T16/fc3rev_h64/mne_l2/seed_40/noise_sweep_matrix_fashion_mnist_fc3rev_h64_T16_mode_rate_uniform_schedule_normal_seed_40.csv
fc3rev_h64,64,mne_l2,rate_uniform,16,16,40,0.55,85.180000,,important results/fashion_mnist_fc3rev_three_regs/noise_sweep_rate_uniform_L16_T16/fc3rev_h64/mne_l2/seed_40/noise_sweep_matrix_fashion_mnist_fc3rev_h64_T16_mode_rate_uniform_schedule_normal_seed_40.csv
fc3rev_h64,64,mne_l2,rate_uniform,16,16,40,0.60,85.160000,,important results/fashion_mnist_fc3rev_three_regs/noise_sweep_rate_uniform_L16_T16/fc3rev_h64/mne_l2/seed_40/noise_sweep_matrix_fashion_mnist_fc3rev_h64_T16_mode_rate_uniform_schedule_normal_seed_40.csv
fc3rev_h64,64,mne_l2,rate_uniform,16,16,40,0.65,84.350000,,important results/fashion_mnist_fc3rev_three_regs/noise_sweep_rate_uniform_L16_T16/fc3rev_h64/mne_l2/seed_40/noise_sweep_matrix_fashion_mnist_fc3rev_h64_T16_mode_rate_uniform_schedule_normal_seed_40.csv
fc3rev_h64,64,mne_l2,rate_uniform,16,16,40,0.70,84.340000,,important results/fashion_mnist_fc3rev_three_regs/noise_sweep_rate_uniform_L16_T16/fc3rev_h64/mne_l2/seed_40/noise_sweep_matrix_fashion_mnist_fc3rev_h64_T16_mode_rate_uniform_schedule_normal_seed_40.csv
fc3rev_h64,64,mne_l2,rate_uniform,16,16,40,0.75,84.340000,,important results/fashion_mnist_fc3rev_three_regs/noise_sweep_rate_uniform_L16_T16/fc3rev_h64/mne_l2/seed_40/noise_sweep_matrix_fashion_mnist_fc3rev_h64_T16_mode_rate_uniform_schedule_normal_seed_40.csv
fc3rev_h64,64,mne_l2,rate_uniform,16,16,40,0.80,84.250000,,important results/fashion_mnist_fc3rev_three_regs/noise_sweep_rate_uniform_L16_T16/fc3rev_h64/mne_l2/seed_40/noise_sweep_matrix_fashion_mnist_fc3rev_h64_T16_mode_rate_uniform_schedule_normal_seed_40.csv
fc3rev_h64,64,mne_l2,rate_uniform,16,16,40,0.85,84.060000,,important results/fashion_mnist_fc3rev_three_regs/noise_sweep_rate_uniform_L16_T16/fc3rev_h64/mne_l2/seed_40/noise_sweep_matrix_fashion_mnist_fc3rev_h64_T16_mode_rate_uniform_schedule_normal_seed_40.csv
fc3rev_h64,64,mne_l2,rate_uniform,16,16,40,0.90,84.480000,,important results/fashion_mnist_fc3rev_three_regs/noise_sweep_rate_uniform_L16_T16/fc3rev_h64/mne_l2/seed_40/noise_sweep_matrix_fashion_mnist_fc3rev_h64_T16_mode_rate_uniform_schedule_normal_seed_40.csv
fc3rev_h64,64,mne_l2,rate_uniform,16,16,40,0.95,83.810000,,important results/fashion_mnist_fc3rev_three_regs/noise_sweep_rate_uniform_L16_T16/fc3rev_h64/mne_l2/seed_40/noise_sweep_matrix_fashion_mnist_fc3rev_h64_T16_mode_rate_uniform_schedule_normal_seed_40.csv
fc3rev_h64,64,mne_l2,rate_uniform,16,16,40,1.00,83.170000,,important results/fashion_mnist_fc3rev_three_regs/noise_sweep_rate_uniform_L16_T16/fc3rev_h64/mne_l2/seed_40/noise_sweep_matrix_fashion_mnist_fc3rev_h64_T16_mode_rate_uniform_schedule_normal_seed_40.csv
fc3rev_h64,64,mne_l2,rate_uniform,16,16,41,0.00,86.140000,,important results/fashion_mnist_fc3rev_three_regs/noise_sweep_rate_uniform_L16_T16/fc3rev_h64/mne_l2/seed_41/noise_sweep_matrix_fashion_mnist_fc3rev_h64_T16_mode_rate_uniform_schedule_normal_seed_41.csv
fc3rev_h64,64,mne_l2,rate_uniform,16,16,41,0.05,85.840000,,important results/fashion_mnist_fc3rev_three_regs/noise_sweep_rate_uniform_L16_T16/fc3rev_h64/mne_l2/seed_41/noise_sweep_matrix_fashion_mnist_fc3rev_h64_T16_mode_rate_uniform_schedule_normal_seed_41.csv
fc3rev_h64,64,mne_l2,rate_uniform,16,16,41,0.10,85.810000,,important results/fashion_mnist_fc3rev_three_regs/noise_sweep_rate_uniform_L16_T16/fc3rev_h64/mne_l2/seed_41/noise_sweep_matrix_fashion_mnist_fc3rev_h64_T16_mode_rate_uniform_schedule_normal_seed_41.csv
fc3rev_h64,64,mne_l2,rate_uniform,16,16,41,0.15,85.890000,,important results/fashion_mnist_fc3rev_three_regs/noise_sweep_rate_uniform_L16_T16/fc3rev_h64/mne_l2/seed_41/noise_sweep_matrix_fashion_mnist_fc3rev_h64_T16_mode_rate_uniform_schedule_normal_seed_41.csv
fc3rev_h64,64,mne_l2,rate_uniform,16,16,41,0.20,86.000000,,important results/fashion_mnist_fc3rev_three_regs/noise_sweep_rate_uniform_L16_T16/fc3rev_h64/mne_l2/seed_41/noise_sweep_matrix_fashion_mnist_fc3rev_h64_T16_mode_rate_uniform_schedule_normal_seed_41.csv
fc3rev_h64,64,mne_l2,rate_uniform,16,16,41,0.25,85.610000,,important results/fashion_mnist_fc3rev_three_regs/noise_sweep_rate_uniform_L16_T16/fc3rev_h64/mne_l2/seed_41/noise_sweep_matrix_fashion_mnist_fc3rev_h64_T16_mode_rate_uniform_schedule_normal_seed_41.csv
fc3rev_h64,64,mne_l2,rate_uniform,16,16,41,0.30,85.660000,,important results/fashion_mnist_fc3rev_three_regs/noise_sweep_rate_uniform_L16_T16/fc3rev_h64/mne_l2/seed_41/noise_sweep_matrix_fashion_mnist_fc3rev_h64_T16_mode_rate_uniform_schedule_normal_seed_41.csv
fc3rev_h64,64,mne_l2,rate_uniform,16,16,41,0.35,85.280000,,important results/fashion_mnist_fc3rev_three_regs/noise_sweep_rate_uniform_L16_T16/fc3rev_h64/mne_l2/seed_41/noise_sweep_matrix_fashion_mnist_fc3rev_h64_T16_mode_rate_uniform_schedule_normal_seed_41.csv
fc3rev_h64,64,mne_l2,rate_uniform,16,16,41,0.40,85.520000,,important results/fashion_mnist_fc3rev_three_regs/noise_sweep_rate_uniform_L16_T16/fc3rev_h64/mne_l2/seed_41/noise_sweep_matrix_fashion_mnist_fc3rev_h64_T16_mode_rate_uniform_schedule_normal_seed_41.csv
fc3rev_h64,64,mne_l2,rate_uniform,16,16,41,0.45,85.590000,,important results/fashion_mnist_fc3rev_three_regs/noise_sweep_rate_uniform_L16_T16/fc3rev_h64/mne_l2/seed_41/noise_sweep_matrix_fashion_mnist_fc3rev_h64_T16_mode_rate_uniform_schedule_normal_seed_41.csv
fc3rev_h64,64,mne_l2,rate_uniform,16,16,41,0.50,85.370000,,important results/fashion_mnist_fc3rev_three_regs/noise_sweep_rate_uniform_L16_T16/fc3rev_h64/mne_l2/seed_41/noise_sweep_matrix_fashion_mnist_fc3rev_h64_T16_mode_rate_uniform_schedule_normal_seed_41.csv
fc3rev_h64,64,mne_l2,rate_uniform,16,16,41,0.55,85.180000,,important results/fashion_mnist_fc3rev_three_regs/noise_sweep_rate_uniform_L16_T16/fc3rev_h64/mne_l2/seed_41/noise_sweep_matrix_fashion_mnist_fc3rev_h64_T16_mode_rate_uniform_schedule_normal_seed_41.csv
fc3rev_h64,64,mne_l2,rate_uniform,16,16,41,0.60,85.160000,,important results/fashion_mnist_fc3rev_three_regs/noise_sweep_rate_uniform_L16_T16/fc3rev_h64/mne_l2/seed_41/noise_sweep_matrix_fashion_mnist_fc3rev_h64_T16_mode_rate_uniform_schedule_normal_seed_41.csv
fc3rev_h64,64,mne_l2,rate_uniform,16,16,41,0.65,84.870000,,important results/fashion_mnist_fc3rev_three_regs/noise_sweep_rate_uniform_L16_T16/fc3rev_h64/mne_l2/seed_41/noise_sweep_matrix_fashion_mnist_fc3rev_h64_T16_mode_rate_uniform_schedule_normal_seed_41.csv
fc3rev_h64,64,mne_l2,rate_uniform,16,16,41,0.70,84.500000,,important results/fashion_mnist_fc3rev_three_regs/noise_sweep_rate_uniform_L16_T16/fc3rev_h64/mne_l2/seed_41/noise_sweep_matrix_fashion_mnist_fc3rev_h64_T16_mode_rate_uniform_schedule_normal_seed_41.csv
fc3rev_h64,64,mne_l2,rate_uniform,16,16,41,0.75,84.610000,,important results/fashion_mnist_fc3rev_three_regs/noise_sweep_rate_uniform_L16_T16/fc3rev_h64/mne_l2/seed_41/noise_sweep_matrix_fashion_mnist_fc3rev_h64_T16_mode_rate_uniform_schedule_normal_seed_41.csv
fc3rev_h64,64,mne_l2,rate_uniform,16,16,41,0.80,84.220000,,important results/fashion_mnist_fc3rev_three_regs/noise_sweep_rate_uniform_L16_T16/fc3rev_h64/mne_l2/seed_41/noise_sweep_matrix_fashion_mnist_fc3rev_h64_T16_mode_rate_uniform_schedule_normal_seed_41.csv
fc3rev_h64,64,mne_l2,rate_uniform,16,16,41,0.85,84.050000,,important results/fashion_mnist_fc3rev_three_regs/noise_sweep_rate_uniform_L16_T16/fc3rev_h64/mne_l2/seed_41/noise_sweep_matrix_fashion_mnist_fc3rev_h64_T16_mode_rate_uniform_schedule_normal_seed_41.csv
fc3rev_h64,64,mne_l2,rate_uniform,16,16,41,0.90,83.910000,,important results/fashion_mnist_fc3rev_three_regs/noise_sweep_rate_uniform_L16_T16/fc3rev_h64/mne_l2/seed_41/noise_sweep_matrix_fashion_mnist_fc3rev_h64_T16_mode_rate_uniform_schedule_normal_seed_41.csv
fc3rev_h64,64,mne_l2,rate_uniform,16,16,41,0.95,83.830000,,important results/fashion_mnist_fc3rev_three_regs/noise_sweep_rate_uniform_L16_T16/fc3rev_h64/mne_l2/seed_41/noise_sweep_matrix_fashion_mnist_fc3rev_h64_T16_mode_rate_uniform_schedule_normal_seed_41.csv
fc3rev_h64,64,mne_l2,rate_uniform,16,16,41,1.00,83.600000,,important results/fashion_mnist_fc3rev_three_regs/noise_sweep_rate_uniform_L16_T16/fc3rev_h64/mne_l2/seed_41/noise_sweep_matrix_fashion_mnist_fc3rev_h64_T16_mode_rate_uniform_schedule_normal_seed_41.csv
fc3rev_h64,64,mne_l2,rate_uniform,16,16,42,0.00,86.340000,,important results/fashion_mnist_fc3rev_three_regs/noise_sweep_rate_uniform_L16_T16/fc3rev_h64/mne_l2/seed_42/noise_sweep_matrix_fashion_mnist_fc3rev_h64_T16_mode_rate_uniform_schedule_normal_seed_42.csv
fc3rev_h64,64,mne_l2,rate_uniform,16,16,42,0.05,86.140000,,important results/fashion_mnist_fc3rev_three_regs/noise_sweep_rate_uniform_L16_T16/fc3rev_h64/mne_l2/seed_42/noise_sweep_matrix_fashion_mnist_fc3rev_h64_T16_mode_rate_uniform_schedule_normal_seed_42.csv
fc3rev_h64,64,mne_l2,rate_uniform,16,16,42,0.10,86.100000,,important results/fashion_mnist_fc3rev_three_regs/noise_sweep_rate_uniform_L16_T16/fc3rev_h64/mne_l2/seed_42/noise_sweep_matrix_fashion_mnist_fc3rev_h64_T16_mode_rate_uniform_schedule_normal_seed_42.csv
fc3rev_h64,64,mne_l2,rate_uniform,16,16,42,0.15,85.800000,,important results/fashion_mnist_fc3rev_three_regs/noise_sweep_rate_uniform_L16_T16/fc3rev_h64/mne_l2/seed_42/noise_sweep_matrix_fashion_mnist_fc3rev_h64_T16_mode_rate_uniform_schedule_normal_seed_42.csv
fc3rev_h64,64,mne_l2,rate_uniform,16,16,42,0.20,85.820000,,important results/fashion_mnist_fc3rev_three_regs/noise_sweep_rate_uniform_L16_T16/fc3rev_h64/mne_l2/seed_42/noise_sweep_matrix_fashion_mnist_fc3rev_h64_T16_mode_rate_uniform_schedule_normal_seed_42.csv
fc3rev_h64,64,mne_l2,rate_uniform,16,16,42,0.25,85.860000,,important results/fashion_mnist_fc3rev_three_regs/noise_sweep_rate_uniform_L16_T16/fc3rev_h64/mne_l2/seed_42/noise_sweep_matrix_fashion_mnist_fc3rev_h64_T16_mode_rate_uniform_schedule_normal_seed_42.csv
fc3rev_h64,64,mne_l2,rate_uniform,16,16,42,0.30,85.620000,,important results/fashion_mnist_fc3rev_three_regs/noise_sweep_rate_uniform_L16_T16/fc3rev_h64/mne_l2/seed_42/noise_sweep_matrix_fashion_mnist_fc3rev_h64_T16_mode_rate_uniform_schedule_normal_seed_42.csv
fc3rev_h64,64,mne_l2,rate_uniform,16,16,42,0.35,85.680000,,important results/fashion_mnist_fc3rev_three_regs/noise_sweep_rate_uniform_L16_T16/fc3rev_h64/mne_l2/seed_42/noise_sweep_matrix_fashion_mnist_fc3rev_h64_T16_mode_rate_uniform_schedule_normal_seed_42.csv
fc3rev_h64,64,mne_l2,rate_uniform,16,16,42,0.40,85.540000,,important results/fashion_mnist_fc3rev_three_regs/noise_sweep_rate_uniform_L16_T16/fc3rev_h64/mne_l2/seed_42/noise_sweep_matrix_fashion_mnist_fc3rev_h64_T16_mode_rate_uniform_schedule_normal_seed_42.csv
fc3rev_h64,64,mne_l2,rate_uniform,16,16,42,0.45,85.530000,,important results/fashion_mnist_fc3rev_three_regs/noise_sweep_rate_uniform_L16_T16/fc3rev_h64/mne_l2/seed_42/noise_sweep_matrix_fashion_mnist_fc3rev_h64_T16_mode_rate_uniform_schedule_normal_seed_42.csv
fc3rev_h64,64,mne_l2,rate_uniform,16,16,42,0.50,84.960000,,important results/fashion_mnist_fc3rev_three_regs/noise_sweep_rate_uniform_L16_T16/fc3rev_h64/mne_l2/seed_42/noise_sweep_matrix_fashion_mnist_fc3rev_h64_T16_mode_rate_uniform_schedule_normal_seed_42.csv
fc3rev_h64,64,mne_l2,rate_uniform,16,16,42,0.55,84.990000,,important results/fashion_mnist_fc3rev_three_regs/noise_sweep_rate_uniform_L16_T16/fc3rev_h64/mne_l2/seed_42/noise_sweep_matrix_fashion_mnist_fc3rev_h64_T16_mode_rate_uniform_schedule_normal_seed_42.csv
fc3rev_h64,64,mne_l2,rate_uniform,16,16,42,0.60,85.270000,,important results/fashion_mnist_fc3rev_three_regs/noise_sweep_rate_uniform_L16_T16/fc3rev_h64/mne_l2/seed_42/noise_sweep_matrix_fashion_mnist_fc3rev_h64_T16_mode_rate_uniform_schedule_normal_seed_42.csv
fc3rev_h64,64,mne_l2,rate_uniform,16,16,42,0.65,85.120000,,important results/fashion_mnist_fc3rev_three_regs/noise_sweep_rate_uniform_L16_T16/fc3rev_h64/mne_l2/seed_42/noise_sweep_matrix_fashion_mnist_fc3rev_h64_T16_mode_rate_uniform_schedule_normal_seed_42.csv
fc3rev_h64,64,mne_l2,rate_uniform,16,16,42,0.70,84.920000,,important results/fashion_mnist_fc3rev_three_regs/noise_sweep_rate_uniform_L16_T16/fc3rev_h64/mne_l2/seed_42/noise_sweep_matrix_fashion_mnist_fc3rev_h64_T16_mode_rate_uniform_schedule_normal_seed_42.csv
fc3rev_h64,64,mne_l2,rate_uniform,16,16,42,0.75,84.690000,,important results/fashion_mnist_fc3rev_three_regs/noise_sweep_rate_uniform_L16_T16/fc3rev_h64/mne_l2/seed_42/noise_sweep_matrix_fashion_mnist_fc3rev_h64_T16_mode_rate_uniform_schedule_normal_seed_42.csv
fc3rev_h64,64,mne_l2,rate_uniform,16,16,42,0.80,84.160000,,important results/fashion_mnist_fc3rev_three_regs/noise_sweep_rate_uniform_L16_T16/fc3rev_h64/mne_l2/seed_42/noise_sweep_matrix_fashion_mnist_fc3rev_h64_T16_mode_rate_uniform_schedule_normal_seed_42.csv
fc3rev_h64,64,mne_l2,rate_uniform,16,16,42,0.85,84.580000,,important results/fashion_mnist_fc3rev_three_regs/noise_sweep_rate_uniform_L16_T16/fc3rev_h64/mne_l2/seed_42/noise_sweep_matrix_fashion_mnist_fc3rev_h64_T16_mode_rate_uniform_schedule_normal_seed_42.csv
fc3rev_h64,64,mne_l2,rate_uniform,16,16,42,0.90,84.050000,,important results/fashion_mnist_fc3rev_three_regs/noise_sweep_rate_uniform_L16_T16/fc3rev_h64/mne_l2/seed_42/noise_sweep_matrix_fashion_mnist_fc3rev_h64_T16_mode_rate_uniform_schedule_normal_seed_42.csv
fc3rev_h64,64,mne_l2,rate_uniform,16,16,42,0.95,83.580000,,important results/fashion_mnist_fc3rev_three_regs/noise_sweep_rate_uniform_L16_T16/fc3rev_h64/mne_l2/seed_42/noise_sweep_matrix_fashion_mnist_fc3rev_h64_T16_mode_rate_uniform_schedule_normal_seed_42.csv
fc3rev_h64,64,mne_l2,rate_uniform,16,16,42,1.00,83.790000,,important results/fashion_mnist_fc3rev_three_regs/noise_sweep_rate_uniform_L16_T16/fc3rev_h64/mne_l2/seed_42/noise_sweep_matrix_fashion_mnist_fc3rev_h64_T16_mode_rate_uniform_schedule_normal_seed_42.csv
fc3rev_h64,64,mne_l2,rate_uniform,16,16,43,0.00,86.000000,,important results/fashion_mnist_fc3rev_three_regs/noise_sweep_rate_uniform_L16_T16/fc3rev_h64/mne_l2/seed_43/noise_sweep_matrix_fashion_mnist_fc3rev_h64_T16_mode_rate_uniform_schedule_normal_seed_43.csv
fc3rev_h64,64,mne_l2,rate_uniform,16,16,43,0.05,86.090000,,important results/fashion_mnist_fc3rev_three_regs/noise_sweep_rate_uniform_L16_T16/fc3rev_h64/mne_l2/seed_43/noise_sweep_matrix_fashion_mnist_fc3rev_h64_T16_mode_rate_uniform_schedule_normal_seed_43.csv
fc3rev_h64,64,mne_l2,rate_uniform,16,16,43,0.10,86.060000,,important results/fashion_mnist_fc3rev_three_regs/noise_sweep_rate_uniform_L16_T16/fc3rev_h64/mne_l2/seed_43/noise_sweep_matrix_fashion_mnist_fc3rev_h64_T16_mode_rate_uniform_schedule_normal_seed_43.csv
fc3rev_h64,64,mne_l2,rate_uniform,16,16,43,0.15,85.510000,,important results/fashion_mnist_fc3rev_three_regs/noise_sweep_rate_uniform_L16_T16/fc3rev_h64/mne_l2/seed_43/noise_sweep_matrix_fashion_mnist_fc3rev_h64_T16_mode_rate_uniform_schedule_normal_seed_43.csv
fc3rev_h64,64,mne_l2,rate_uniform,16,16,43,0.20,85.770000,,important results/fashion_mnist_fc3rev_three_regs/noise_sweep_rate_uniform_L16_T16/fc3rev_h64/mne_l2/seed_43/noise_sweep_matrix_fashion_mnist_fc3rev_h64_T16_mode_rate_uniform_schedule_normal_seed_43.csv
fc3rev_h64,64,mne_l2,rate_uniform,16,16,43,0.25,85.640000,,important results/fashion_mnist_fc3rev_three_regs/noise_sweep_rate_uniform_L16_T16/fc3rev_h64/mne_l2/seed_43/noise_sweep_matrix_fashion_mnist_fc3rev_h64_T16_mode_rate_uniform_schedule_normal_seed_43.csv
fc3rev_h64,64,mne_l2,rate_uniform,16,16,43,0.30,85.690000,,important results/fashion_mnist_fc3rev_three_regs/noise_sweep_rate_uniform_L16_T16/fc3rev_h64/mne_l2/seed_43/noise_sweep_matrix_fashion_mnist_fc3rev_h64_T16_mode_rate_uniform_schedule_normal_seed_43.csv
fc3rev_h64,64,mne_l2,rate_uniform,16,16,43,0.35,85.420000,,important results/fashion_mnist_fc3rev_three_regs/noise_sweep_rate_uniform_L16_T16/fc3rev_h64/mne_l2/seed_43/noise_sweep_matrix_fashion_mnist_fc3rev_h64_T16_mode_rate_uniform_schedule_normal_seed_43.csv
fc3rev_h64,64,mne_l2,rate_uniform,16,16,43,0.40,85.230000,,important results/fashion_mnist_fc3rev_three_regs/noise_sweep_rate_uniform_L16_T16/fc3rev_h64/mne_l2/seed_43/noise_sweep_matrix_fashion_mnist_fc3rev_h64_T16_mode_rate_uniform_schedule_normal_seed_43.csv
fc3rev_h64,64,mne_l2,rate_uniform,16,16,43,0.45,85.030000,,important results/fashion_mnist_fc3rev_three_regs/noise_sweep_rate_uniform_L16_T16/fc3rev_h64/mne_l2/seed_43/noise_sweep_matrix_fashion_mnist_fc3rev_h64_T16_mode_rate_uniform_schedule_normal_seed_43.csv
fc3rev_h64,64,mne_l2,rate_uniform,16,16,43,0.50,85.560000,,important results/fashion_mnist_fc3rev_three_regs/noise_sweep_rate_uniform_L16_T16/fc3rev_h64/mne_l2/seed_43/noise_sweep_matrix_fashion_mnist_fc3rev_h64_T16_mode_rate_uniform_schedule_normal_seed_43.csv
fc3rev_h64,64,mne_l2,rate_uniform,16,16,43,0.55,85.060000,,important results/fashion_mnist_fc3rev_three_regs/noise_sweep_rate_uniform_L16_T16/fc3rev_h64/mne_l2/seed_43/noise_sweep_matrix_fashion_mnist_fc3rev_h64_T16_mode_rate_uniform_schedule_normal_seed_43.csv
fc3rev_h64,64,mne_l2,rate_uniform,16,16,43,0.60,84.900000,,important results/fashion_mnist_fc3rev_three_regs/noise_sweep_rate_uniform_L16_T16/fc3rev_h64/mne_l2/seed_43/noise_sweep_matrix_fashion_mnist_fc3rev_h64_T16_mode_rate_uniform_schedule_normal_seed_43.csv
fc3rev_h64,64,mne_l2,rate_uniform,16,16,43,0.65,84.800000,,important results/fashion_mnist_fc3rev_three_regs/noise_sweep_rate_uniform_L16_T16/fc3rev_h64/mne_l2/seed_43/noise_sweep_matrix_fashion_mnist_fc3rev_h64_T16_mode_rate_uniform_schedule_normal_seed_43.csv
fc3rev_h64,64,mne_l2,rate_uniform,16,16,43,0.70,84.820000,,important results/fashion_mnist_fc3rev_three_regs/noise_sweep_rate_uniform_L16_T16/fc3rev_h64/mne_l2/seed_43/noise_sweep_matrix_fashion_mnist_fc3rev_h64_T16_mode_rate_uniform_schedule_normal_seed_43.csv
fc3rev_h64,64,mne_l2,rate_uniform,16,16,43,0.75,84.360000,,important results/fashion_mnist_fc3rev_three_regs/noise_sweep_rate_uniform_L16_T16/fc3rev_h64/mne_l2/seed_43/noise_sweep_matrix_fashion_mnist_fc3rev_h64_T16_mode_rate_uniform_schedule_normal_seed_43.csv
fc3rev_h64,64,mne_l2,rate_uniform,16,16,43,0.80,84.610000,,important results/fashion_mnist_fc3rev_three_regs/noise_sweep_rate_uniform_L16_T16/fc3rev_h64/mne_l2/seed_43/noise_sweep_matrix_fashion_mnist_fc3rev_h64_T16_mode_rate_uniform_schedule_normal_seed_43.csv
fc3rev_h64,64,mne_l2,rate_uniform,16,16,43,0.85,84.220000,,important results/fashion_mnist_fc3rev_three_regs/noise_sweep_rate_uniform_L16_T16/fc3rev_h64/mne_l2/seed_43/noise_sweep_matrix_fashion_mnist_fc3rev_h64_T16_mode_rate_uniform_schedule_normal_seed_43.csv
fc3rev_h64,64,mne_l2,rate_uniform,16,16,43,0.90,84.100000,,important results/fashion_mnist_fc3rev_three_regs/noise_sweep_rate_uniform_L16_T16/fc3rev_h64/mne_l2/seed_43/noise_sweep_matrix_fashion_mnist_fc3rev_h64_T16_mode_rate_uniform_schedule_normal_seed_43.csv
fc3rev_h64,64,mne_l2,rate_uniform,16,16,43,0.95,84.250000,,important results/fashion_mnist_fc3rev_three_regs/noise_sweep_rate_uniform_L16_T16/fc3rev_h64/mne_l2/seed_43/noise_sweep_matrix_fashion_mnist_fc3rev_h64_T16_mode_rate_uniform_schedule_normal_seed_43.csv
fc3rev_h64,64,mne_l2,rate_uniform,16,16,43,1.00,83.610000,,important results/fashion_mnist_fc3rev_three_regs/noise_sweep_rate_uniform_L16_T16/fc3rev_h64/mne_l2/seed_43/noise_sweep_matrix_fashion_mnist_fc3rev_h64_T16_mode_rate_uniform_schedule_normal_seed_43.csv
fc3rev_h64,64,mne_l2,rate_uniform,16,16,44,0.00,85.850000,,important results/fashion_mnist_fc3rev_three_regs/noise_sweep_rate_uniform_L16_T16/fc3rev_h64/mne_l2/seed_44/noise_sweep_matrix_fashion_mnist_fc3rev_h64_T16_mode_rate_uniform_schedule_normal_seed_44.csv
fc3rev_h64,64,mne_l2,rate_uniform,16,16,44,0.05,85.640000,,important results/fashion_mnist_fc3rev_three_regs/noise_sweep_rate_uniform_L16_T16/fc3rev_h64/mne_l2/seed_44/noise_sweep_matrix_fashion_mnist_fc3rev_h64_T16_mode_rate_uniform_schedule_normal_seed_44.csv
fc3rev_h64,64,mne_l2,rate_uniform,16,16,44,0.10,85.850000,,important results/fashion_mnist_fc3rev_three_regs/noise_sweep_rate_uniform_L16_T16/fc3rev_h64/mne_l2/seed_44/noise_sweep_matrix_fashion_mnist_fc3rev_h64_T16_mode_rate_uniform_schedule_normal_seed_44.csv
fc3rev_h64,64,mne_l2,rate_uniform,16,16,44,0.15,85.670000,,important results/fashion_mnist_fc3rev_three_regs/noise_sweep_rate_uniform_L16_T16/fc3rev_h64/mne_l2/seed_44/noise_sweep_matrix_fashion_mnist_fc3rev_h64_T16_mode_rate_uniform_schedule_normal_seed_44.csv
fc3rev_h64,64,mne_l2,rate_uniform,16,16,44,0.20,85.480000,,important results/fashion_mnist_fc3rev_three_regs/noise_sweep_rate_uniform_L16_T16/fc3rev_h64/mne_l2/seed_44/noise_sweep_matrix_fashion_mnist_fc3rev_h64_T16_mode_rate_uniform_schedule_normal_seed_44.csv
fc3rev_h64,64,mne_l2,rate_uniform,16,16,44,0.25,85.730000,,important results/fashion_mnist_fc3rev_three_regs/noise_sweep_rate_uniform_L16_T16/fc3rev_h64/mne_l2/seed_44/noise_sweep_matrix_fashion_mnist_fc3rev_h64_T16_mode_rate_uniform_schedule_normal_seed_44.csv
fc3rev_h64,64,mne_l2,rate_uniform,16,16,44,0.30,85.710000,,important results/fashion_mnist_fc3rev_three_regs/noise_sweep_rate_uniform_L16_T16/fc3rev_h64/mne_l2/seed_44/noise_sweep_matrix_fashion_mnist_fc3rev_h64_T16_mode_rate_uniform_schedule_normal_seed_44.csv
fc3rev_h64,64,mne_l2,rate_uniform,16,16,44,0.35,85.540000,,important results/fashion_mnist_fc3rev_three_regs/noise_sweep_rate_uniform_L16_T16/fc3rev_h64/mne_l2/seed_44/noise_sweep_matrix_fashion_mnist_fc3rev_h64_T16_mode_rate_uniform_schedule_normal_seed_44.csv
fc3rev_h64,64,mne_l2,rate_uniform,16,16,44,0.40,85.310000,,important results/fashion_mnist_fc3rev_three_regs/noise_sweep_rate_uniform_L16_T16/fc3rev_h64/mne_l2/seed_44/noise_sweep_matrix_fashion_mnist_fc3rev_h64_T16_mode_rate_uniform_schedule_normal_seed_44.csv
fc3rev_h64,64,mne_l2,rate_uniform,16,16,44,0.45,85.280000,,important results/fashion_mnist_fc3rev_three_regs/noise_sweep_rate_uniform_L16_T16/fc3rev_h64/mne_l2/seed_44/noise_sweep_matrix_fashion_mnist_fc3rev_h64_T16_mode_rate_uniform_schedule_normal_seed_44.csv
fc3rev_h64,64,mne_l2,rate_uniform,16,16,44,0.50,85.350000,,important results/fashion_mnist_fc3rev_three_regs/noise_sweep_rate_uniform_L16_T16/fc3rev_h64/mne_l2/seed_44/noise_sweep_matrix_fashion_mnist_fc3rev_h64_T16_mode_rate_uniform_schedule_normal_seed_44.csv
fc3rev_h64,64,mne_l2,rate_uniform,16,16,44,0.55,85.230000,,important results/fashion_mnist_fc3rev_three_regs/noise_sweep_rate_uniform_L16_T16/fc3rev_h64/mne_l2/seed_44/noise_sweep_matrix_fashion_mnist_fc3rev_h64_T16_mode_rate_uniform_schedule_normal_seed_44.csv
fc3rev_h64,64,mne_l2,rate_uniform,16,16,44,0.60,84.740000,,important results/fashion_mnist_fc3rev_three_regs/noise_sweep_rate_uniform_L16_T16/fc3rev_h64/mne_l2/seed_44/noise_sweep_matrix_fashion_mnist_fc3rev_h64_T16_mode_rate_uniform_schedule_normal_seed_44.csv
fc3rev_h64,64,mne_l2,rate_uniform,16,16,44,0.65,84.650000,,important results/fashion_mnist_fc3rev_three_regs/noise_sweep_rate_uniform_L16_T16/fc3rev_h64/mne_l2/seed_44/noise_sweep_matrix_fashion_mnist_fc3rev_h64_T16_mode_rate_uniform_schedule_normal_seed_44.csv
fc3rev_h64,64,mne_l2,rate_uniform,16,16,44,0.70,85.120000,,important results/fashion_mnist_fc3rev_three_regs/noise_sweep_rate_uniform_L16_T16/fc3rev_h64/mne_l2/seed_44/noise_sweep_matrix_fashion_mnist_fc3rev_h64_T16_mode_rate_uniform_schedule_normal_seed_44.csv
fc3rev_h64,64,mne_l2,rate_uniform,16,16,44,0.75,84.670000,,important results/fashion_mnist_fc3rev_three_regs/noise_sweep_rate_uniform_L16_T16/fc3rev_h64/mne_l2/seed_44/noise_sweep_matrix_fashion_mnist_fc3rev_h64_T16_mode_rate_uniform_schedule_normal_seed_44.csv
fc3rev_h64,64,mne_l2,rate_uniform,16,16,44,0.80,84.170000,,important results/fashion_mnist_fc3rev_three_regs/noise_sweep_rate_uniform_L16_T16/fc3rev_h64/mne_l2/seed_44/noise_sweep_matrix_fashion_mnist_fc3rev_h64_T16_mode_rate_uniform_schedule_normal_seed_44.csv
fc3rev_h64,64,mne_l2,rate_uniform,16,16,44,0.85,84.440000,,important results/fashion_mnist_fc3rev_three_regs/noise_sweep_rate_uniform_L16_T16/fc3rev_h64/mne_l2/seed_44/noise_sweep_matrix_fashion_mnist_fc3rev_h64_T16_mode_rate_uniform_schedule_normal_seed_44.csv
fc3rev_h64,64,mne_l2,rate_uniform,16,16,44,0.90,83.590000,,important results/fashion_mnist_fc3rev_three_regs/noise_sweep_rate_uniform_L16_T16/fc3rev_h64/mne_l2/seed_44/noise_sweep_matrix_fashion_mnist_fc3rev_h64_T16_mode_rate_uniform_schedule_normal_seed_44.csv
fc3rev_h64,64,mne_l2,rate_uniform,16,16,44,0.95,83.530000,,important results/fashion_mnist_fc3rev_three_regs/noise_sweep_rate_uniform_L16_T16/fc3rev_h64/mne_l2/seed_44/noise_sweep_matrix_fashion_mnist_fc3rev_h64_T16_mode_rate_uniform_schedule_normal_seed_44.csv
fc3rev_h64,64,mne_l2,rate_uniform,16,16,44,1.00,84.410000,,important results/fashion_mnist_fc3rev_three_regs/noise_sweep_rate_uniform_L16_T16/fc3rev_h64/mne_l2/seed_44/noise_sweep_matrix_fashion_mnist_fc3rev_h64_T16_mode_rate_uniform_schedule_normal_seed_44.csv
fc3rev_h64,64,no_regularization,rate_uniform,16,16,40,0.00,86.860000,,important results/fashion_mnist_fc3rev_three_regs/noise_sweep_rate_uniform_L16_T16/fc3rev_h64/no_regularization/seed_40/noise_sweep_matrix_fashion_mnist_fc3rev_h64_T16_mode_rate_uniform_schedule_normal_seed_40.csv
fc3rev_h64,64,no_regularization,rate_uniform,16,16,40,0.05,86.670000,,important results/fashion_mnist_fc3rev_three_regs/noise_sweep_rate_uniform_L16_T16/fc3rev_h64/no_regularization/seed_40/noise_sweep_matrix_fashion_mnist_fc3rev_h64_T16_mode_rate_uniform_schedule_normal_seed_40.csv
fc3rev_h64,64,no_regularization,rate_uniform,16,16,40,0.10,86.560000,,important results/fashion_mnist_fc3rev_three_regs/noise_sweep_rate_uniform_L16_T16/fc3rev_h64/no_regularization/seed_40/noise_sweep_matrix_fashion_mnist_fc3rev_h64_T16_mode_rate_uniform_schedule_normal_seed_40.csv
fc3rev_h64,64,no_regularization,rate_uniform,16,16,40,0.15,86.630000,,important results/fashion_mnist_fc3rev_three_regs/noise_sweep_rate_uniform_L16_T16/fc3rev_h64/no_regularization/seed_40/noise_sweep_matrix_fashion_mnist_fc3rev_h64_T16_mode_rate_uniform_schedule_normal_seed_40.csv
fc3rev_h64,64,no_regularization,rate_uniform,16,16,40,0.20,86.580000,,important results/fashion_mnist_fc3rev_three_regs/noise_sweep_rate_uniform_L16_T16/fc3rev_h64/no_regularization/seed_40/noise_sweep_matrix_fashion_mnist_fc3rev_h64_T16_mode_rate_uniform_schedule_normal_seed_40.csv
fc3rev_h64,64,no_regularization,rate_uniform,16,16,40,0.25,86.550000,,important results/fashion_mnist_fc3rev_three_regs/noise_sweep_rate_uniform_L16_T16/fc3rev_h64/no_regularization/seed_40/noise_sweep_matrix_fashion_mnist_fc3rev_h64_T16_mode_rate_uniform_schedule_normal_seed_40.csv
fc3rev_h64,64,no_regularization,rate_uniform,16,16,40,0.30,86.300000,,important results/fashion_mnist_fc3rev_three_regs/noise_sweep_rate_uniform_L16_T16/fc3rev_h64/no_regularization/seed_40/noise_sweep_matrix_fashion_mnist_fc3rev_h64_T16_mode_rate_uniform_schedule_normal_seed_40.csv
fc3rev_h64,64,no_regularization,rate_uniform,16,16,40,0.35,86.490000,,important results/fashion_mnist_fc3rev_three_regs/noise_sweep_rate_uniform_L16_T16/fc3rev_h64/no_regularization/seed_40/noise_sweep_matrix_fashion_mnist_fc3rev_h64_T16_mode_rate_uniform_schedule_normal_seed_40.csv
fc3rev_h64,64,no_regularization,rate_uniform,16,16,40,0.40,86.030000,,important results/fashion_mnist_fc3rev_three_regs/noise_sweep_rate_uniform_L16_T16/fc3rev_h64/no_regularization/seed_40/noise_sweep_matrix_fashion_mnist_fc3rev_h64_T16_mode_rate_uniform_schedule_normal_seed_40.csv
fc3rev_h64,64,no_regularization,rate_uniform,16,16,40,0.45,86.110000,,important results/fashion_mnist_fc3rev_three_regs/noise_sweep_rate_uniform_L16_T16/fc3rev_h64/no_regularization/seed_40/noise_sweep_matrix_fashion_mnist_fc3rev_h64_T16_mode_rate_uniform_schedule_normal_seed_40.csv
fc3rev_h64,64,no_regularization,rate_uniform,16,16,40,0.50,85.750000,,important results/fashion_mnist_fc3rev_three_regs/noise_sweep_rate_uniform_L16_T16/fc3rev_h64/no_regularization/seed_40/noise_sweep_matrix_fashion_mnist_fc3rev_h64_T16_mode_rate_uniform_schedule_normal_seed_40.csv
fc3rev_h64,64,no_regularization,rate_uniform,16,16,40,0.55,86.000000,,important results/fashion_mnist_fc3rev_three_regs/noise_sweep_rate_uniform_L16_T16/fc3rev_h64/no_regularization/seed_40/noise_sweep_matrix_fashion_mnist_fc3rev_h64_T16_mode_rate_uniform_schedule_normal_seed_40.csv
fc3rev_h64,64,no_regularization,rate_uniform,16,16,40,0.60,85.440000,,important results/fashion_mnist_fc3rev_three_regs/noise_sweep_rate_uniform_L16_T16/fc3rev_h64/no_regularization/seed_40/noise_sweep_matrix_fashion_mnist_fc3rev_h64_T16_mode_rate_uniform_schedule_normal_seed_40.csv
fc3rev_h64,64,no_regularization,rate_uniform,16,16,40,0.65,85.040000,,important results/fashion_mnist_fc3rev_three_regs/noise_sweep_rate_uniform_L16_T16/fc3rev_h64/no_regularization/seed_40/noise_sweep_matrix_fashion_mnist_fc3rev_h64_T16_mode_rate_uniform_schedule_normal_seed_40.csv
fc3rev_h64,64,no_regularization,rate_uniform,16,16,40,0.70,84.880000,,important results/fashion_mnist_fc3rev_three_regs/noise_sweep_rate_uniform_L16_T16/fc3rev_h64/no_regularization/seed_40/noise_sweep_matrix_fashion_mnist_fc3rev_h64_T16_mode_rate_uniform_schedule_normal_seed_40.csv
fc3rev_h64,64,no_regularization,rate_uniform,16,16,40,0.75,84.680000,,important results/fashion_mnist_fc3rev_three_regs/noise_sweep_rate_uniform_L16_T16/fc3rev_h64/no_regularization/seed_40/noise_sweep_matrix_fashion_mnist_fc3rev_h64_T16_mode_rate_uniform_schedule_normal_seed_40.csv
fc3rev_h64,64,no_regularization,rate_uniform,16,16,40,0.80,84.110000,,important results/fashion_mnist_fc3rev_three_regs/noise_sweep_rate_uniform_L16_T16/fc3rev_h64/no_regularization/seed_40/noise_sweep_matrix_fashion_mnist_fc3rev_h64_T16_mode_rate_uniform_schedule_normal_seed_40.csv
fc3rev_h64,64,no_regularization,rate_uniform,16,16,40,0.85,83.960000,,important results/fashion_mnist_fc3rev_three_regs/noise_sweep_rate_uniform_L16_T16/fc3rev_h64/no_regularization/seed_40/noise_sweep_matrix_fashion_mnist_fc3rev_h64_T16_mode_rate_uniform_schedule_normal_seed_40.csv
fc3rev_h64,64,no_regularization,rate_uniform,16,16,40,0.90,84.030000,,important results/fashion_mnist_fc3rev_three_regs/noise_sweep_rate_uniform_L16_T16/fc3rev_h64/no_regularization/seed_40/noise_sweep_matrix_fashion_mnist_fc3rev_h64_T16_mode_rate_uniform_schedule_normal_seed_40.csv
fc3rev_h64,64,no_regularization,rate_uniform,16,16,40,0.95,83.680000,,important results/fashion_mnist_fc3rev_three_regs/noise_sweep_rate_uniform_L16_T16/fc3rev_h64/no_regularization/seed_40/noise_sweep_matrix_fashion_mnist_fc3rev_h64_T16_mode_rate_uniform_schedule_normal_seed_40.csv
fc3rev_h64,64,no_regularization,rate_uniform,16,16,40,1.00,83.270000,,important results/fashion_mnist_fc3rev_three_regs/noise_sweep_rate_uniform_L16_T16/fc3rev_h64/no_regularization/seed_40/noise_sweep_matrix_fashion_mnist_fc3rev_h64_T16_mode_rate_uniform_schedule_normal_seed_40.csv
fc3rev_h64,64,no_regularization,rate_uniform,16,16,41,0.00,86.890000,,important results/fashion_mnist_fc3rev_three_regs/noise_sweep_rate_uniform_L16_T16/fc3rev_h64/no_regularization/seed_41/noise_sweep_matrix_fashion_mnist_fc3rev_h64_T16_mode_rate_uniform_schedule_normal_seed_41.csv
fc3rev_h64,64,no_regularization,rate_uniform,16,16,41,0.05,86.770000,,important results/fashion_mnist_fc3rev_three_regs/noise_sweep_rate_uniform_L16_T16/fc3rev_h64/no_regularization/seed_41/noise_sweep_matrix_fashion_mnist_fc3rev_h64_T16_mode_rate_uniform_schedule_normal_seed_41.csv
fc3rev_h64,64,no_regularization,rate_uniform,16,16,41,0.10,86.630000,,important results/fashion_mnist_fc3rev_three_regs/noise_sweep_rate_uniform_L16_T16/fc3rev_h64/no_regularization/seed_41/noise_sweep_matrix_fashion_mnist_fc3rev_h64_T16_mode_rate_uniform_schedule_normal_seed_41.csv
fc3rev_h64,64,no_regularization,rate_uniform,16,16,41,0.15,86.220000,,important results/fashion_mnist_fc3rev_three_regs/noise_sweep_rate_uniform_L16_T16/fc3rev_h64/no_regularization/seed_41/noise_sweep_matrix_fashion_mnist_fc3rev_h64_T16_mode_rate_uniform_schedule_normal_seed_41.csv
fc3rev_h64,64,no_regularization,rate_uniform,16,16,41,0.20,86.640000,,important results/fashion_mnist_fc3rev_three_regs/noise_sweep_rate_uniform_L16_T16/fc3rev_h64/no_regularization/seed_41/noise_sweep_matrix_fashion_mnist_fc3rev_h64_T16_mode_rate_uniform_schedule_normal_seed_41.csv
fc3rev_h64,64,no_regularization,rate_uniform,16,16,41,0.25,86.620000,,important results/fashion_mnist_fc3rev_three_regs/noise_sweep_rate_uniform_L16_T16/fc3rev_h64/no_regularization/seed_41/noise_sweep_matrix_fashion_mnist_fc3rev_h64_T16_mode_rate_uniform_schedule_normal_seed_41.csv
fc3rev_h64,64,no_regularization,rate_uniform,16,16,41,0.30,86.070000,,important results/fashion_mnist_fc3rev_three_regs/noise_sweep_rate_uniform_L16_T16/fc3rev_h64/no_regularization/seed_41/noise_sweep_matrix_fashion_mnist_fc3rev_h64_T16_mode_rate_uniform_schedule_normal_seed_41.csv
fc3rev_h64,64,no_regularization,rate_uniform,16,16,41,0.35,86.220000,,important results/fashion_mnist_fc3rev_three_regs/noise_sweep_rate_uniform_L16_T16/fc3rev_h64/no_regularization/seed_41/noise_sweep_matrix_fashion_mnist_fc3rev_h64_T16_mode_rate_uniform_schedule_normal_seed_41.csv
fc3rev_h64,64,no_regularization,rate_uniform,16,16,41,0.40,86.230000,,important results/fashion_mnist_fc3rev_three_regs/noise_sweep_rate_uniform_L16_T16/fc3rev_h64/no_regularization/seed_41/noise_sweep_matrix_fashion_mnist_fc3rev_h64_T16_mode_rate_uniform_schedule_normal_seed_41.csv
fc3rev_h64,64,no_regularization,rate_uniform,16,16,41,0.45,85.950000,,important results/fashion_mnist_fc3rev_three_regs/noise_sweep_rate_uniform_L16_T16/fc3rev_h64/no_regularization/seed_41/noise_sweep_matrix_fashion_mnist_fc3rev_h64_T16_mode_rate_uniform_schedule_normal_seed_41.csv
fc3rev_h64,64,no_regularization,rate_uniform,16,16,41,0.50,85.730000,,important results/fashion_mnist_fc3rev_three_regs/noise_sweep_rate_uniform_L16_T16/fc3rev_h64/no_regularization/seed_41/noise_sweep_matrix_fashion_mnist_fc3rev_h64_T16_mode_rate_uniform_schedule_normal_seed_41.csv
fc3rev_h64,64,no_regularization,rate_uniform,16,16,41,0.55,85.350000,,important results/fashion_mnist_fc3rev_three_regs/noise_sweep_rate_uniform_L16_T16/fc3rev_h64/no_regularization/seed_41/noise_sweep_matrix_fashion_mnist_fc3rev_h64_T16_mode_rate_uniform_schedule_normal_seed_41.csv
fc3rev_h64,64,no_regularization,rate_uniform,16,16,41,0.60,85.620000,,important results/fashion_mnist_fc3rev_three_regs/noise_sweep_rate_uniform_L16_T16/fc3rev_h64/no_regularization/seed_41/noise_sweep_matrix_fashion_mnist_fc3rev_h64_T16_mode_rate_uniform_schedule_normal_seed_41.csv
fc3rev_h64,64,no_regularization,rate_uniform,16,16,41,0.65,85.130000,,important results/fashion_mnist_fc3rev_three_regs/noise_sweep_rate_uniform_L16_T16/fc3rev_h64/no_regularization/seed_41/noise_sweep_matrix_fashion_mnist_fc3rev_h64_T16_mode_rate_uniform_schedule_normal_seed_41.csv
fc3rev_h64,64,no_regularization,rate_uniform,16,16,41,0.70,84.960000,,important results/fashion_mnist_fc3rev_three_regs/noise_sweep_rate_uniform_L16_T16/fc3rev_h64/no_regularization/seed_41/noise_sweep_matrix_fashion_mnist_fc3rev_h64_T16_mode_rate_uniform_schedule_normal_seed_41.csv
fc3rev_h64,64,no_regularization,rate_uniform,16,16,41,0.75,84.590000,,important results/fashion_mnist_fc3rev_three_regs/noise_sweep_rate_uniform_L16_T16/fc3rev_h64/no_regularization/seed_41/noise_sweep_matrix_fashion_mnist_fc3rev_h64_T16_mode_rate_uniform_schedule_normal_seed_41.csv
fc3rev_h64,64,no_regularization,rate_uniform,16,16,41,0.80,84.110000,,important results/fashion_mnist_fc3rev_three_regs/noise_sweep_rate_uniform_L16_T16/fc3rev_h64/no_regularization/seed_41/noise_sweep_matrix_fashion_mnist_fc3rev_h64_T16_mode_rate_uniform_schedule_normal_seed_41.csv
fc3rev_h64,64,no_regularization,rate_uniform,16,16,41,0.85,83.850000,,important results/fashion_mnist_fc3rev_three_regs/noise_sweep_rate_uniform_L16_T16/fc3rev_h64/no_regularization/seed_41/noise_sweep_matrix_fashion_mnist_fc3rev_h64_T16_mode_rate_uniform_schedule_normal_seed_41.csv
fc3rev_h64,64,no_regularization,rate_uniform,16,16,41,0.90,83.390000,,important results/fashion_mnist_fc3rev_three_regs/noise_sweep_rate_uniform_L16_T16/fc3rev_h64/no_regularization/seed_41/noise_sweep_matrix_fashion_mnist_fc3rev_h64_T16_mode_rate_uniform_schedule_normal_seed_41.csv
fc3rev_h64,64,no_regularization,rate_uniform,16,16,41,0.95,83.230000,,important results/fashion_mnist_fc3rev_three_regs/noise_sweep_rate_uniform_L16_T16/fc3rev_h64/no_regularization/seed_41/noise_sweep_matrix_fashion_mnist_fc3rev_h64_T16_mode_rate_uniform_schedule_normal_seed_41.csv
fc3rev_h64,64,no_regularization,rate_uniform,16,16,41,1.00,83.080000,,important results/fashion_mnist_fc3rev_three_regs/noise_sweep_rate_uniform_L16_T16/fc3rev_h64/no_regularization/seed_41/noise_sweep_matrix_fashion_mnist_fc3rev_h64_T16_mode_rate_uniform_schedule_normal_seed_41.csv
fc3rev_h64,64,no_regularization,rate_uniform,16,16,42,0.00,86.760000,,important results/fashion_mnist_fc3rev_three_regs/noise_sweep_rate_uniform_L16_T16/fc3rev_h64/no_regularization/seed_42/noise_sweep_matrix_fashion_mnist_fc3rev_h64_T16_mode_rate_uniform_schedule_normal_seed_42.csv
fc3rev_h64,64,no_regularization,rate_uniform,16,16,42,0.05,86.580000,,important results/fashion_mnist_fc3rev_three_regs/noise_sweep_rate_uniform_L16_T16/fc3rev_h64/no_regularization/seed_42/noise_sweep_matrix_fashion_mnist_fc3rev_h64_T16_mode_rate_uniform_schedule_normal_seed_42.csv
fc3rev_h64,64,no_regularization,rate_uniform,16,16,42,0.10,86.720000,,important results/fashion_mnist_fc3rev_three_regs/noise_sweep_rate_uniform_L16_T16/fc3rev_h64/no_regularization/seed_42/noise_sweep_matrix_fashion_mnist_fc3rev_h64_T16_mode_rate_uniform_schedule_normal_seed_42.csv
fc3rev_h64,64,no_regularization,rate_uniform,16,16,42,0.15,86.510000,,important results/fashion_mnist_fc3rev_three_regs/noise_sweep_rate_uniform_L16_T16/fc3rev_h64/no_regularization/seed_42/noise_sweep_matrix_fashion_mnist_fc3rev_h64_T16_mode_rate_uniform_schedule_normal_seed_42.csv
fc3rev_h64,64,no_regularization,rate_uniform,16,16,42,0.20,86.580000,,important results/fashion_mnist_fc3rev_three_regs/noise_sweep_rate_uniform_L16_T16/fc3rev_h64/no_regularization/seed_42/noise_sweep_matrix_fashion_mnist_fc3rev_h64_T16_mode_rate_uniform_schedule_normal_seed_42.csv
fc3rev_h64,64,no_regularization,rate_uniform,16,16,42,0.25,86.610000,,important results/fashion_mnist_fc3rev_three_regs/noise_sweep_rate_uniform_L16_T16/fc3rev_h64/no_regularization/seed_42/noise_sweep_matrix_fashion_mnist_fc3rev_h64_T16_mode_rate_uniform_schedule_normal_seed_42.csv
fc3rev_h64,64,no_regularization,rate_uniform,16,16,42,0.30,86.470000,,important results/fashion_mnist_fc3rev_three_regs/noise_sweep_rate_uniform_L16_T16/fc3rev_h64/no_regularization/seed_42/noise_sweep_matrix_fashion_mnist_fc3rev_h64_T16_mode_rate_uniform_schedule_normal_seed_42.csv
fc3rev_h64,64,no_regularization,rate_uniform,16,16,42,0.35,85.930000,,important results/fashion_mnist_fc3rev_three_regs/noise_sweep_rate_uniform_L16_T16/fc3rev_h64/no_regularization/seed_42/noise_sweep_matrix_fashion_mnist_fc3rev_h64_T16_mode_rate_uniform_schedule_normal_seed_42.csv
fc3rev_h64,64,no_regularization,rate_uniform,16,16,42,0.40,86.050000,,important results/fashion_mnist_fc3rev_three_regs/noise_sweep_rate_uniform_L16_T16/fc3rev_h64/no_regularization/seed_42/noise_sweep_matrix_fashion_mnist_fc3rev_h64_T16_mode_rate_uniform_schedule_normal_seed_42.csv
fc3rev_h64,64,no_regularization,rate_uniform,16,16,42,0.45,85.700000,,important results/fashion_mnist_fc3rev_three_regs/noise_sweep_rate_uniform_L16_T16/fc3rev_h64/no_regularization/seed_42/noise_sweep_matrix_fashion_mnist_fc3rev_h64_T16_mode_rate_uniform_schedule_normal_seed_42.csv
fc3rev_h64,64,no_regularization,rate_uniform,16,16,42,0.50,85.500000,,important results/fashion_mnist_fc3rev_three_regs/noise_sweep_rate_uniform_L16_T16/fc3rev_h64/no_regularization/seed_42/noise_sweep_matrix_fashion_mnist_fc3rev_h64_T16_mode_rate_uniform_schedule_normal_seed_42.csv
fc3rev_h64,64,no_regularization,rate_uniform,16,16,42,0.55,85.230000,,important results/fashion_mnist_fc3rev_three_regs/noise_sweep_rate_uniform_L16_T16/fc3rev_h64/no_regularization/seed_42/noise_sweep_matrix_fashion_mnist_fc3rev_h64_T16_mode_rate_uniform_schedule_normal_seed_42.csv
fc3rev_h64,64,no_regularization,rate_uniform,16,16,42,0.60,85.460000,,important results/fashion_mnist_fc3rev_three_regs/noise_sweep_rate_uniform_L16_T16/fc3rev_h64/no_regularization/seed_42/noise_sweep_matrix_fashion_mnist_fc3rev_h64_T16_mode_rate_uniform_schedule_normal_seed_42.csv
fc3rev_h64,64,no_regularization,rate_uniform,16,16,42,0.65,85.550000,,important results/fashion_mnist_fc3rev_three_regs/noise_sweep_rate_uniform_L16_T16/fc3rev_h64/no_regularization/seed_42/noise_sweep_matrix_fashion_mnist_fc3rev_h64_T16_mode_rate_uniform_schedule_normal_seed_42.csv
fc3rev_h64,64,no_regularization,rate_uniform,16,16,42,0.70,84.820000,,important results/fashion_mnist_fc3rev_three_regs/noise_sweep_rate_uniform_L16_T16/fc3rev_h64/no_regularization/seed_42/noise_sweep_matrix_fashion_mnist_fc3rev_h64_T16_mode_rate_uniform_schedule_normal_seed_42.csv
fc3rev_h64,64,no_regularization,rate_uniform,16,16,42,0.75,84.540000,,important results/fashion_mnist_fc3rev_three_regs/noise_sweep_rate_uniform_L16_T16/fc3rev_h64/no_regularization/seed_42/noise_sweep_matrix_fashion_mnist_fc3rev_h64_T16_mode_rate_uniform_schedule_normal_seed_42.csv
fc3rev_h64,64,no_regularization,rate_uniform,16,16,42,0.80,84.030000,,important results/fashion_mnist_fc3rev_three_regs/noise_sweep_rate_uniform_L16_T16/fc3rev_h64/no_regularization/seed_42/noise_sweep_matrix_fashion_mnist_fc3rev_h64_T16_mode_rate_uniform_schedule_normal_seed_42.csv
fc3rev_h64,64,no_regularization,rate_uniform,16,16,42,0.85,84.820000,,important results/fashion_mnist_fc3rev_three_regs/noise_sweep_rate_uniform_L16_T16/fc3rev_h64/no_regularization/seed_42/noise_sweep_matrix_fashion_mnist_fc3rev_h64_T16_mode_rate_uniform_schedule_normal_seed_42.csv
fc3rev_h64,64,no_regularization,rate_uniform,16,16,42,0.90,83.740000,,important results/fashion_mnist_fc3rev_three_regs/noise_sweep_rate_uniform_L16_T16/fc3rev_h64/no_regularization/seed_42/noise_sweep_matrix_fashion_mnist_fc3rev_h64_T16_mode_rate_uniform_schedule_normal_seed_42.csv
fc3rev_h64,64,no_regularization,rate_uniform,16,16,42,0.95,83.470000,,important results/fashion_mnist_fc3rev_three_regs/noise_sweep_rate_uniform_L16_T16/fc3rev_h64/no_regularization/seed_42/noise_sweep_matrix_fashion_mnist_fc3rev_h64_T16_mode_rate_uniform_schedule_normal_seed_42.csv
fc3rev_h64,64,no_regularization,rate_uniform,16,16,42,1.00,83.470000,,important results/fashion_mnist_fc3rev_three_regs/noise_sweep_rate_uniform_L16_T16/fc3rev_h64/no_regularization/seed_42/noise_sweep_matrix_fashion_mnist_fc3rev_h64_T16_mode_rate_uniform_schedule_normal_seed_42.csv
fc3rev_h64,64,no_regularization,rate_uniform,16,16,43,0.00,86.580000,,important results/fashion_mnist_fc3rev_three_regs/noise_sweep_rate_uniform_L16_T16/fc3rev_h64/no_regularization/seed_43/noise_sweep_matrix_fashion_mnist_fc3rev_h64_T16_mode_rate_uniform_schedule_normal_seed_43.csv
fc3rev_h64,64,no_regularization,rate_uniform,16,16,43,0.05,86.630000,,important results/fashion_mnist_fc3rev_three_regs/noise_sweep_rate_uniform_L16_T16/fc3rev_h64/no_regularization/seed_43/noise_sweep_matrix_fashion_mnist_fc3rev_h64_T16_mode_rate_uniform_schedule_normal_seed_43.csv
fc3rev_h64,64,no_regularization,rate_uniform,16,16,43,0.10,86.320000,,important results/fashion_mnist_fc3rev_three_regs/noise_sweep_rate_uniform_L16_T16/fc3rev_h64/no_regularization/seed_43/noise_sweep_matrix_fashion_mnist_fc3rev_h64_T16_mode_rate_uniform_schedule_normal_seed_43.csv
fc3rev_h64,64,no_regularization,rate_uniform,16,16,43,0.15,86.330000,,important results/fashion_mnist_fc3rev_three_regs/noise_sweep_rate_uniform_L16_T16/fc3rev_h64/no_regularization/seed_43/noise_sweep_matrix_fashion_mnist_fc3rev_h64_T16_mode_rate_uniform_schedule_normal_seed_43.csv
fc3rev_h64,64,no_regularization,rate_uniform,16,16,43,0.20,86.310000,,important results/fashion_mnist_fc3rev_three_regs/noise_sweep_rate_uniform_L16_T16/fc3rev_h64/no_regularization/seed_43/noise_sweep_matrix_fashion_mnist_fc3rev_h64_T16_mode_rate_uniform_schedule_normal_seed_43.csv
fc3rev_h64,64,no_regularization,rate_uniform,16,16,43,0.25,86.110000,,important results/fashion_mnist_fc3rev_three_regs/noise_sweep_rate_uniform_L16_T16/fc3rev_h64/no_regularization/seed_43/noise_sweep_matrix_fashion_mnist_fc3rev_h64_T16_mode_rate_uniform_schedule_normal_seed_43.csv
fc3rev_h64,64,no_regularization,rate_uniform,16,16,43,0.30,85.910000,,important results/fashion_mnist_fc3rev_three_regs/noise_sweep_rate_uniform_L16_T16/fc3rev_h64/no_regularization/seed_43/noise_sweep_matrix_fashion_mnist_fc3rev_h64_T16_mode_rate_uniform_schedule_normal_seed_43.csv
fc3rev_h64,64,no_regularization,rate_uniform,16,16,43,0.35,85.770000,,important results/fashion_mnist_fc3rev_three_regs/noise_sweep_rate_uniform_L16_T16/fc3rev_h64/no_regularization/seed_43/noise_sweep_matrix_fashion_mnist_fc3rev_h64_T16_mode_rate_uniform_schedule_normal_seed_43.csv
fc3rev_h64,64,no_regularization,rate_uniform,16,16,43,0.40,86.010000,,important results/fashion_mnist_fc3rev_three_regs/noise_sweep_rate_uniform_L16_T16/fc3rev_h64/no_regularization/seed_43/noise_sweep_matrix_fashion_mnist_fc3rev_h64_T16_mode_rate_uniform_schedule_normal_seed_43.csv
fc3rev_h64,64,no_regularization,rate_uniform,16,16,43,0.45,85.530000,,important results/fashion_mnist_fc3rev_three_regs/noise_sweep_rate_uniform_L16_T16/fc3rev_h64/no_regularization/seed_43/noise_sweep_matrix_fashion_mnist_fc3rev_h64_T16_mode_rate_uniform_schedule_normal_seed_43.csv
fc3rev_h64,64,no_regularization,rate_uniform,16,16,43,0.50,85.600000,,important results/fashion_mnist_fc3rev_three_regs/noise_sweep_rate_uniform_L16_T16/fc3rev_h64/no_regularization/seed_43/noise_sweep_matrix_fashion_mnist_fc3rev_h64_T16_mode_rate_uniform_schedule_normal_seed_43.csv
fc3rev_h64,64,no_regularization,rate_uniform,16,16,43,0.55,85.360000,,important results/fashion_mnist_fc3rev_three_regs/noise_sweep_rate_uniform_L16_T16/fc3rev_h64/no_regularization/seed_43/noise_sweep_matrix_fashion_mnist_fc3rev_h64_T16_mode_rate_uniform_schedule_normal_seed_43.csv
fc3rev_h64,64,no_regularization,rate_uniform,16,16,43,0.60,85.140000,,important results/fashion_mnist_fc3rev_three_regs/noise_sweep_rate_uniform_L16_T16/fc3rev_h64/no_regularization/seed_43/noise_sweep_matrix_fashion_mnist_fc3rev_h64_T16_mode_rate_uniform_schedule_normal_seed_43.csv
fc3rev_h64,64,no_regularization,rate_uniform,16,16,43,0.65,85.110000,,important results/fashion_mnist_fc3rev_three_regs/noise_sweep_rate_uniform_L16_T16/fc3rev_h64/no_regularization/seed_43/noise_sweep_matrix_fashion_mnist_fc3rev_h64_T16_mode_rate_uniform_schedule_normal_seed_43.csv
fc3rev_h64,64,no_regularization,rate_uniform,16,16,43,0.70,84.940000,,important results/fashion_mnist_fc3rev_three_regs/noise_sweep_rate_uniform_L16_T16/fc3rev_h64/no_regularization/seed_43/noise_sweep_matrix_fashion_mnist_fc3rev_h64_T16_mode_rate_uniform_schedule_normal_seed_43.csv
fc3rev_h64,64,no_regularization,rate_uniform,16,16,43,0.75,84.370000,,important results/fashion_mnist_fc3rev_three_regs/noise_sweep_rate_uniform_L16_T16/fc3rev_h64/no_regularization/seed_43/noise_sweep_matrix_fashion_mnist_fc3rev_h64_T16_mode_rate_uniform_schedule_normal_seed_43.csv
fc3rev_h64,64,no_regularization,rate_uniform,16,16,43,0.80,84.380000,,important results/fashion_mnist_fc3rev_three_regs/noise_sweep_rate_uniform_L16_T16/fc3rev_h64/no_regularization/seed_43/noise_sweep_matrix_fashion_mnist_fc3rev_h64_T16_mode_rate_uniform_schedule_normal_seed_43.csv
fc3rev_h64,64,no_regularization,rate_uniform,16,16,43,0.85,84.190000,,important results/fashion_mnist_fc3rev_three_regs/noise_sweep_rate_uniform_L16_T16/fc3rev_h64/no_regularization/seed_43/noise_sweep_matrix_fashion_mnist_fc3rev_h64_T16_mode_rate_uniform_schedule_normal_seed_43.csv
fc3rev_h64,64,no_regularization,rate_uniform,16,16,43,0.90,83.710000,,important results/fashion_mnist_fc3rev_three_regs/noise_sweep_rate_uniform_L16_T16/fc3rev_h64/no_regularization/seed_43/noise_sweep_matrix_fashion_mnist_fc3rev_h64_T16_mode_rate_uniform_schedule_normal_seed_43.csv
fc3rev_h64,64,no_regularization,rate_uniform,16,16,43,0.95,83.740000,,important results/fashion_mnist_fc3rev_three_regs/noise_sweep_rate_uniform_L16_T16/fc3rev_h64/no_regularization/seed_43/noise_sweep_matrix_fashion_mnist_fc3rev_h64_T16_mode_rate_uniform_schedule_normal_seed_43.csv
fc3rev_h64,64,no_regularization,rate_uniform,16,16,43,1.00,83.420000,,important results/fashion_mnist_fc3rev_three_regs/noise_sweep_rate_uniform_L16_T16/fc3rev_h64/no_regularization/seed_43/noise_sweep_matrix_fashion_mnist_fc3rev_h64_T16_mode_rate_uniform_schedule_normal_seed_43.csv
fc3rev_h64,64,no_regularization,rate_uniform,16,16,44,0.00,86.740000,,important results/fashion_mnist_fc3rev_three_regs/noise_sweep_rate_uniform_L16_T16/fc3rev_h64/no_regularization/seed_44/noise_sweep_matrix_fashion_mnist_fc3rev_h64_T16_mode_rate_uniform_schedule_normal_seed_44.csv
fc3rev_h64,64,no_regularization,rate_uniform,16,16,44,0.05,86.520000,,important results/fashion_mnist_fc3rev_three_regs/noise_sweep_rate_uniform_L16_T16/fc3rev_h64/no_regularization/seed_44/noise_sweep_matrix_fashion_mnist_fc3rev_h64_T16_mode_rate_uniform_schedule_normal_seed_44.csv
fc3rev_h64,64,no_regularization,rate_uniform,16,16,44,0.10,86.650000,,important results/fashion_mnist_fc3rev_three_regs/noise_sweep_rate_uniform_L16_T16/fc3rev_h64/no_regularization/seed_44/noise_sweep_matrix_fashion_mnist_fc3rev_h64_T16_mode_rate_uniform_schedule_normal_seed_44.csv
fc3rev_h64,64,no_regularization,rate_uniform,16,16,44,0.15,86.470000,,important results/fashion_mnist_fc3rev_three_regs/noise_sweep_rate_uniform_L16_T16/fc3rev_h64/no_regularization/seed_44/noise_sweep_matrix_fashion_mnist_fc3rev_h64_T16_mode_rate_uniform_schedule_normal_seed_44.csv
fc3rev_h64,64,no_regularization,rate_uniform,16,16,44,0.20,86.490000,,important results/fashion_mnist_fc3rev_three_regs/noise_sweep_rate_uniform_L16_T16/fc3rev_h64/no_regularization/seed_44/noise_sweep_matrix_fashion_mnist_fc3rev_h64_T16_mode_rate_uniform_schedule_normal_seed_44.csv
fc3rev_h64,64,no_regularization,rate_uniform,16,16,44,0.25,86.550000,,important results/fashion_mnist_fc3rev_three_regs/noise_sweep_rate_uniform_L16_T16/fc3rev_h64/no_regularization/seed_44/noise_sweep_matrix_fashion_mnist_fc3rev_h64_T16_mode_rate_uniform_schedule_normal_seed_44.csv
fc3rev_h64,64,no_regularization,rate_uniform,16,16,44,0.30,86.480000,,important results/fashion_mnist_fc3rev_three_regs/noise_sweep_rate_uniform_L16_T16/fc3rev_h64/no_regularization/seed_44/noise_sweep_matrix_fashion_mnist_fc3rev_h64_T16_mode_rate_uniform_schedule_normal_seed_44.csv
fc3rev_h64,64,no_regularization,rate_uniform,16,16,44,0.35,86.290000,,important results/fashion_mnist_fc3rev_three_regs/noise_sweep_rate_uniform_L16_T16/fc3rev_h64/no_regularization/seed_44/noise_sweep_matrix_fashion_mnist_fc3rev_h64_T16_mode_rate_uniform_schedule_normal_seed_44.csv
fc3rev_h64,64,no_regularization,rate_uniform,16,16,44,0.40,85.650000,,important results/fashion_mnist_fc3rev_three_regs/noise_sweep_rate_uniform_L16_T16/fc3rev_h64/no_regularization/seed_44/noise_sweep_matrix_fashion_mnist_fc3rev_h64_T16_mode_rate_uniform_schedule_normal_seed_44.csv
fc3rev_h64,64,no_regularization,rate_uniform,16,16,44,0.45,86.060000,,important results/fashion_mnist_fc3rev_three_regs/noise_sweep_rate_uniform_L16_T16/fc3rev_h64/no_regularization/seed_44/noise_sweep_matrix_fashion_mnist_fc3rev_h64_T16_mode_rate_uniform_schedule_normal_seed_44.csv
fc3rev_h64,64,no_regularization,rate_uniform,16,16,44,0.50,85.640000,,important results/fashion_mnist_fc3rev_three_regs/noise_sweep_rate_uniform_L16_T16/fc3rev_h64/no_regularization/seed_44/noise_sweep_matrix_fashion_mnist_fc3rev_h64_T16_mode_rate_uniform_schedule_normal_seed_44.csv
fc3rev_h64,64,no_regularization,rate_uniform,16,16,44,0.55,85.550000,,important results/fashion_mnist_fc3rev_three_regs/noise_sweep_rate_uniform_L16_T16/fc3rev_h64/no_regularization/seed_44/noise_sweep_matrix_fashion_mnist_fc3rev_h64_T16_mode_rate_uniform_schedule_normal_seed_44.csv
fc3rev_h64,64,no_regularization,rate_uniform,16,16,44,0.60,85.220000,,important results/fashion_mnist_fc3rev_three_regs/noise_sweep_rate_uniform_L16_T16/fc3rev_h64/no_regularization/seed_44/noise_sweep_matrix_fashion_mnist_fc3rev_h64_T16_mode_rate_uniform_schedule_normal_seed_44.csv
fc3rev_h64,64,no_regularization,rate_uniform,16,16,44,0.65,85.400000,,important results/fashion_mnist_fc3rev_three_regs/noise_sweep_rate_uniform_L16_T16/fc3rev_h64/no_regularization/seed_44/noise_sweep_matrix_fashion_mnist_fc3rev_h64_T16_mode_rate_uniform_schedule_normal_seed_44.csv
fc3rev_h64,64,no_regularization,rate_uniform,16,16,44,0.70,85.170000,,important results/fashion_mnist_fc3rev_three_regs/noise_sweep_rate_uniform_L16_T16/fc3rev_h64/no_regularization/seed_44/noise_sweep_matrix_fashion_mnist_fc3rev_h64_T16_mode_rate_uniform_schedule_normal_seed_44.csv
fc3rev_h64,64,no_regularization,rate_uniform,16,16,44,0.75,84.860000,,important results/fashion_mnist_fc3rev_three_regs/noise_sweep_rate_uniform_L16_T16/fc3rev_h64/no_regularization/seed_44/noise_sweep_matrix_fashion_mnist_fc3rev_h64_T16_mode_rate_uniform_schedule_normal_seed_44.csv
fc3rev_h64,64,no_regularization,rate_uniform,16,16,44,0.80,84.220000,,important results/fashion_mnist_fc3rev_three_regs/noise_sweep_rate_uniform_L16_T16/fc3rev_h64/no_regularization/seed_44/noise_sweep_matrix_fashion_mnist_fc3rev_h64_T16_mode_rate_uniform_schedule_normal_seed_44.csv
fc3rev_h64,64,no_regularization,rate_uniform,16,16,44,0.85,84.010000,,important results/fashion_mnist_fc3rev_three_regs/noise_sweep_rate_uniform_L16_T16/fc3rev_h64/no_regularization/seed_44/noise_sweep_matrix_fashion_mnist_fc3rev_h64_T16_mode_rate_uniform_schedule_normal_seed_44.csv
fc3rev_h64,64,no_regularization,rate_uniform,16,16,44,0.90,83.540000,,important results/fashion_mnist_fc3rev_three_regs/noise_sweep_rate_uniform_L16_T16/fc3rev_h64/no_regularization/seed_44/noise_sweep_matrix_fashion_mnist_fc3rev_h64_T16_mode_rate_uniform_schedule_normal_seed_44.csv
fc3rev_h64,64,no_regularization,rate_uniform,16,16,44,0.95,83.630000,,important results/fashion_mnist_fc3rev_three_regs/noise_sweep_rate_uniform_L16_T16/fc3rev_h64/no_regularization/seed_44/noise_sweep_matrix_fashion_mnist_fc3rev_h64_T16_mode_rate_uniform_schedule_normal_seed_44.csv
fc3rev_h64,64,no_regularization,rate_uniform,16,16,44,1.00,83.590000,,important results/fashion_mnist_fc3rev_three_regs/noise_sweep_rate_uniform_L16_T16/fc3rev_h64/no_regularization/seed_44/noise_sweep_matrix_fashion_mnist_fc3rev_h64_T16_mode_rate_uniform_schedule_normal_seed_44.csv
fc3rev_h64,64,weight_decay,rate_uniform,16,16,40,0.00,87.350000,,important results/fashion_mnist_fc3rev_three_regs/noise_sweep_rate_uniform_L16_T16/fc3rev_h64/weight_decay/seed_40/noise_sweep_matrix_fashion_mnist_fc3rev_h64_T16_mode_rate_uniform_schedule_normal_seed_40.csv
fc3rev_h64,64,weight_decay,rate_uniform,16,16,40,0.05,87.300000,,important results/fashion_mnist_fc3rev_three_regs/noise_sweep_rate_uniform_L16_T16/fc3rev_h64/weight_decay/seed_40/noise_sweep_matrix_fashion_mnist_fc3rev_h64_T16_mode_rate_uniform_schedule_normal_seed_40.csv
fc3rev_h64,64,weight_decay,rate_uniform,16,16,40,0.10,87.240000,,important results/fashion_mnist_fc3rev_three_regs/noise_sweep_rate_uniform_L16_T16/fc3rev_h64/weight_decay/seed_40/noise_sweep_matrix_fashion_mnist_fc3rev_h64_T16_mode_rate_uniform_schedule_normal_seed_40.csv
fc3rev_h64,64,weight_decay,rate_uniform,16,16,40,0.15,86.870000,,important results/fashion_mnist_fc3rev_three_regs/noise_sweep_rate_uniform_L16_T16/fc3rev_h64/weight_decay/seed_40/noise_sweep_matrix_fashion_mnist_fc3rev_h64_T16_mode_rate_uniform_schedule_normal_seed_40.csv
fc3rev_h64,64,weight_decay,rate_uniform,16,16,40,0.20,86.920000,,important results/fashion_mnist_fc3rev_three_regs/noise_sweep_rate_uniform_L16_T16/fc3rev_h64/weight_decay/seed_40/noise_sweep_matrix_fashion_mnist_fc3rev_h64_T16_mode_rate_uniform_schedule_normal_seed_40.csv
fc3rev_h64,64,weight_decay,rate_uniform,16,16,40,0.25,86.930000,,important results/fashion_mnist_fc3rev_three_regs/noise_sweep_rate_uniform_L16_T16/fc3rev_h64/weight_decay/seed_40/noise_sweep_matrix_fashion_mnist_fc3rev_h64_T16_mode_rate_uniform_schedule_normal_seed_40.csv
fc3rev_h64,64,weight_decay,rate_uniform,16,16,40,0.30,86.910000,,important results/fashion_mnist_fc3rev_three_regs/noise_sweep_rate_uniform_L16_T16/fc3rev_h64/weight_decay/seed_40/noise_sweep_matrix_fashion_mnist_fc3rev_h64_T16_mode_rate_uniform_schedule_normal_seed_40.csv
fc3rev_h64,64,weight_decay,rate_uniform,16,16,40,0.35,86.850000,,important results/fashion_mnist_fc3rev_three_regs/noise_sweep_rate_uniform_L16_T16/fc3rev_h64/weight_decay/seed_40/noise_sweep_matrix_fashion_mnist_fc3rev_h64_T16_mode_rate_uniform_schedule_normal_seed_40.csv
fc3rev_h64,64,weight_decay,rate_uniform,16,16,40,0.40,86.680000,,important results/fashion_mnist_fc3rev_three_regs/noise_sweep_rate_uniform_L16_T16/fc3rev_h64/weight_decay/seed_40/noise_sweep_matrix_fashion_mnist_fc3rev_h64_T16_mode_rate_uniform_schedule_normal_seed_40.csv
fc3rev_h64,64,weight_decay,rate_uniform,16,16,40,0.45,86.540000,,important results/fashion_mnist_fc3rev_three_regs/noise_sweep_rate_uniform_L16_T16/fc3rev_h64/weight_decay/seed_40/noise_sweep_matrix_fashion_mnist_fc3rev_h64_T16_mode_rate_uniform_schedule_normal_seed_40.csv
fc3rev_h64,64,weight_decay,rate_uniform,16,16,40,0.50,86.690000,,important results/fashion_mnist_fc3rev_three_regs/noise_sweep_rate_uniform_L16_T16/fc3rev_h64/weight_decay/seed_40/noise_sweep_matrix_fashion_mnist_fc3rev_h64_T16_mode_rate_uniform_schedule_normal_seed_40.csv
fc3rev_h64,64,weight_decay,rate_uniform,16,16,40,0.55,86.240000,,important results/fashion_mnist_fc3rev_three_regs/noise_sweep_rate_uniform_L16_T16/fc3rev_h64/weight_decay/seed_40/noise_sweep_matrix_fashion_mnist_fc3rev_h64_T16_mode_rate_uniform_schedule_normal_seed_40.csv
fc3rev_h64,64,weight_decay,rate_uniform,16,16,40,0.60,86.030000,,important results/fashion_mnist_fc3rev_three_regs/noise_sweep_rate_uniform_L16_T16/fc3rev_h64/weight_decay/seed_40/noise_sweep_matrix_fashion_mnist_fc3rev_h64_T16_mode_rate_uniform_schedule_normal_seed_40.csv
fc3rev_h64,64,weight_decay,rate_uniform,16,16,40,0.65,85.820000,,important results/fashion_mnist_fc3rev_three_regs/noise_sweep_rate_uniform_L16_T16/fc3rev_h64/weight_decay/seed_40/noise_sweep_matrix_fashion_mnist_fc3rev_h64_T16_mode_rate_uniform_schedule_normal_seed_40.csv
fc3rev_h64,64,weight_decay,rate_uniform,16,16,40,0.70,85.400000,,important results/fashion_mnist_fc3rev_three_regs/noise_sweep_rate_uniform_L16_T16/fc3rev_h64/weight_decay/seed_40/noise_sweep_matrix_fashion_mnist_fc3rev_h64_T16_mode_rate_uniform_schedule_normal_seed_40.csv
fc3rev_h64,64,weight_decay,rate_uniform,16,16,40,0.75,85.310000,,important results/fashion_mnist_fc3rev_three_regs/noise_sweep_rate_uniform_L16_T16/fc3rev_h64/weight_decay/seed_40/noise_sweep_matrix_fashion_mnist_fc3rev_h64_T16_mode_rate_uniform_schedule_normal_seed_40.csv
fc3rev_h64,64,weight_decay,rate_uniform,16,16,40,0.80,85.190000,,important results/fashion_mnist_fc3rev_three_regs/noise_sweep_rate_uniform_L16_T16/fc3rev_h64/weight_decay/seed_40/noise_sweep_matrix_fashion_mnist_fc3rev_h64_T16_mode_rate_uniform_schedule_normal_seed_40.csv
fc3rev_h64,64,weight_decay,rate_uniform,16,16,40,0.85,84.720000,,important results/fashion_mnist_fc3rev_three_regs/noise_sweep_rate_uniform_L16_T16/fc3rev_h64/weight_decay/seed_40/noise_sweep_matrix_fashion_mnist_fc3rev_h64_T16_mode_rate_uniform_schedule_normal_seed_40.csv
fc3rev_h64,64,weight_decay,rate_uniform,16,16,40,0.90,84.600000,,important results/fashion_mnist_fc3rev_three_regs/noise_sweep_rate_uniform_L16_T16/fc3rev_h64/weight_decay/seed_40/noise_sweep_matrix_fashion_mnist_fc3rev_h64_T16_mode_rate_uniform_schedule_normal_seed_40.csv
fc3rev_h64,64,weight_decay,rate_uniform,16,16,40,0.95,84.270000,,important results/fashion_mnist_fc3rev_three_regs/noise_sweep_rate_uniform_L16_T16/fc3rev_h64/weight_decay/seed_40/noise_sweep_matrix_fashion_mnist_fc3rev_h64_T16_mode_rate_uniform_schedule_normal_seed_40.csv
fc3rev_h64,64,weight_decay,rate_uniform,16,16,40,1.00,84.280000,,important results/fashion_mnist_fc3rev_three_regs/noise_sweep_rate_uniform_L16_T16/fc3rev_h64/weight_decay/seed_40/noise_sweep_matrix_fashion_mnist_fc3rev_h64_T16_mode_rate_uniform_schedule_normal_seed_40.csv
fc3rev_h64,64,weight_decay,rate_uniform,16,16,41,0.00,87.190000,,important results/fashion_mnist_fc3rev_three_regs/noise_sweep_rate_uniform_L16_T16/fc3rev_h64/weight_decay/seed_41/noise_sweep_matrix_fashion_mnist_fc3rev_h64_T16_mode_rate_uniform_schedule_normal_seed_41.csv
fc3rev_h64,64,weight_decay,rate_uniform,16,16,41,0.05,87.150000,,important results/fashion_mnist_fc3rev_three_regs/noise_sweep_rate_uniform_L16_T16/fc3rev_h64/weight_decay/seed_41/noise_sweep_matrix_fashion_mnist_fc3rev_h64_T16_mode_rate_uniform_schedule_normal_seed_41.csv
fc3rev_h64,64,weight_decay,rate_uniform,16,16,41,0.10,87.000000,,important results/fashion_mnist_fc3rev_three_regs/noise_sweep_rate_uniform_L16_T16/fc3rev_h64/weight_decay/seed_41/noise_sweep_matrix_fashion_mnist_fc3rev_h64_T16_mode_rate_uniform_schedule_normal_seed_41.csv
fc3rev_h64,64,weight_decay,rate_uniform,16,16,41,0.15,86.930000,,important results/fashion_mnist_fc3rev_three_regs/noise_sweep_rate_uniform_L16_T16/fc3rev_h64/weight_decay/seed_41/noise_sweep_matrix_fashion_mnist_fc3rev_h64_T16_mode_rate_uniform_schedule_normal_seed_41.csv
fc3rev_h64,64,weight_decay,rate_uniform,16,16,41,0.20,87.040000,,important results/fashion_mnist_fc3rev_three_regs/noise_sweep_rate_uniform_L16_T16/fc3rev_h64/weight_decay/seed_41/noise_sweep_matrix_fashion_mnist_fc3rev_h64_T16_mode_rate_uniform_schedule_normal_seed_41.csv
fc3rev_h64,64,weight_decay,rate_uniform,16,16,41,0.25,86.900000,,important results/fashion_mnist_fc3rev_three_regs/noise_sweep_rate_uniform_L16_T16/fc3rev_h64/weight_decay/seed_41/noise_sweep_matrix_fashion_mnist_fc3rev_h64_T16_mode_rate_uniform_schedule_normal_seed_41.csv
fc3rev_h64,64,weight_decay,rate_uniform,16,16,41,0.30,86.680000,,important results/fashion_mnist_fc3rev_three_regs/noise_sweep_rate_uniform_L16_T16/fc3rev_h64/weight_decay/seed_41/noise_sweep_matrix_fashion_mnist_fc3rev_h64_T16_mode_rate_uniform_schedule_normal_seed_41.csv
fc3rev_h64,64,weight_decay,rate_uniform,16,16,41,0.35,86.650000,,important results/fashion_mnist_fc3rev_three_regs/noise_sweep_rate_uniform_L16_T16/fc3rev_h64/weight_decay/seed_41/noise_sweep_matrix_fashion_mnist_fc3rev_h64_T16_mode_rate_uniform_schedule_normal_seed_41.csv
fc3rev_h64,64,weight_decay,rate_uniform,16,16,41,0.40,86.800000,,important results/fashion_mnist_fc3rev_three_regs/noise_sweep_rate_uniform_L16_T16/fc3rev_h64/weight_decay/seed_41/noise_sweep_matrix_fashion_mnist_fc3rev_h64_T16_mode_rate_uniform_schedule_normal_seed_41.csv
fc3rev_h64,64,weight_decay,rate_uniform,16,16,41,0.45,86.460000,,important results/fashion_mnist_fc3rev_three_regs/noise_sweep_rate_uniform_L16_T16/fc3rev_h64/weight_decay/seed_41/noise_sweep_matrix_fashion_mnist_fc3rev_h64_T16_mode_rate_uniform_schedule_normal_seed_41.csv
fc3rev_h64,64,weight_decay,rate_uniform,16,16,41,0.50,86.450000,,important results/fashion_mnist_fc3rev_three_regs/noise_sweep_rate_uniform_L16_T16/fc3rev_h64/weight_decay/seed_41/noise_sweep_matrix_fashion_mnist_fc3rev_h64_T16_mode_rate_uniform_schedule_normal_seed_41.csv
fc3rev_h64,64,weight_decay,rate_uniform,16,16,41,0.55,85.880000,,important results/fashion_mnist_fc3rev_three_regs/noise_sweep_rate_uniform_L16_T16/fc3rev_h64/weight_decay/seed_41/noise_sweep_matrix_fashion_mnist_fc3rev_h64_T16_mode_rate_uniform_schedule_normal_seed_41.csv
fc3rev_h64,64,weight_decay,rate_uniform,16,16,41,0.60,86.260000,,important results/fashion_mnist_fc3rev_three_regs/noise_sweep_rate_uniform_L16_T16/fc3rev_h64/weight_decay/seed_41/noise_sweep_matrix_fashion_mnist_fc3rev_h64_T16_mode_rate_uniform_schedule_normal_seed_41.csv
fc3rev_h64,64,weight_decay,rate_uniform,16,16,41,0.65,85.830000,,important results/fashion_mnist_fc3rev_three_regs/noise_sweep_rate_uniform_L16_T16/fc3rev_h64/weight_decay/seed_41/noise_sweep_matrix_fashion_mnist_fc3rev_h64_T16_mode_rate_uniform_schedule_normal_seed_41.csv
fc3rev_h64,64,weight_decay,rate_uniform,16,16,41,0.70,85.580000,,important results/fashion_mnist_fc3rev_three_regs/noise_sweep_rate_uniform_L16_T16/fc3rev_h64/weight_decay/seed_41/noise_sweep_matrix_fashion_mnist_fc3rev_h64_T16_mode_rate_uniform_schedule_normal_seed_41.csv
fc3rev_h64,64,weight_decay,rate_uniform,16,16,41,0.75,85.540000,,important results/fashion_mnist_fc3rev_three_regs/noise_sweep_rate_uniform_L16_T16/fc3rev_h64/weight_decay/seed_41/noise_sweep_matrix_fashion_mnist_fc3rev_h64_T16_mode_rate_uniform_schedule_normal_seed_41.csv
fc3rev_h64,64,weight_decay,rate_uniform,16,16,41,0.80,84.900000,,important results/fashion_mnist_fc3rev_three_regs/noise_sweep_rate_uniform_L16_T16/fc3rev_h64/weight_decay/seed_41/noise_sweep_matrix_fashion_mnist_fc3rev_h64_T16_mode_rate_uniform_schedule_normal_seed_41.csv
fc3rev_h64,64,weight_decay,rate_uniform,16,16,41,0.85,84.430000,,important results/fashion_mnist_fc3rev_three_regs/noise_sweep_rate_uniform_L16_T16/fc3rev_h64/weight_decay/seed_41/noise_sweep_matrix_fashion_mnist_fc3rev_h64_T16_mode_rate_uniform_schedule_normal_seed_41.csv
fc3rev_h64,64,weight_decay,rate_uniform,16,16,41,0.90,84.320000,,important results/fashion_mnist_fc3rev_three_regs/noise_sweep_rate_uniform_L16_T16/fc3rev_h64/weight_decay/seed_41/noise_sweep_matrix_fashion_mnist_fc3rev_h64_T16_mode_rate_uniform_schedule_normal_seed_41.csv
fc3rev_h64,64,weight_decay,rate_uniform,16,16,41,0.95,83.780000,,important results/fashion_mnist_fc3rev_three_regs/noise_sweep_rate_uniform_L16_T16/fc3rev_h64/weight_decay/seed_41/noise_sweep_matrix_fashion_mnist_fc3rev_h64_T16_mode_rate_uniform_schedule_normal_seed_41.csv
fc3rev_h64,64,weight_decay,rate_uniform,16,16,41,1.00,83.720000,,important results/fashion_mnist_fc3rev_three_regs/noise_sweep_rate_uniform_L16_T16/fc3rev_h64/weight_decay/seed_41/noise_sweep_matrix_fashion_mnist_fc3rev_h64_T16_mode_rate_uniform_schedule_normal_seed_41.csv
fc3rev_h64,64,weight_decay,rate_uniform,16,16,42,0.00,87.320000,,important results/fashion_mnist_fc3rev_three_regs/noise_sweep_rate_uniform_L16_T16/fc3rev_h64/weight_decay/seed_42/noise_sweep_matrix_fashion_mnist_fc3rev_h64_T16_mode_rate_uniform_schedule_normal_seed_42.csv
fc3rev_h64,64,weight_decay,rate_uniform,16,16,42,0.05,87.200000,,important results/fashion_mnist_fc3rev_three_regs/noise_sweep_rate_uniform_L16_T16/fc3rev_h64/weight_decay/seed_42/noise_sweep_matrix_fashion_mnist_fc3rev_h64_T16_mode_rate_uniform_schedule_normal_seed_42.csv
fc3rev_h64,64,weight_decay,rate_uniform,16,16,42,0.10,87.220000,,important results/fashion_mnist_fc3rev_three_regs/noise_sweep_rate_uniform_L16_T16/fc3rev_h64/weight_decay/seed_42/noise_sweep_matrix_fashion_mnist_fc3rev_h64_T16_mode_rate_uniform_schedule_normal_seed_42.csv
fc3rev_h64,64,weight_decay,rate_uniform,16,16,42,0.15,87.360000,,important results/fashion_mnist_fc3rev_three_regs/noise_sweep_rate_uniform_L16_T16/fc3rev_h64/weight_decay/seed_42/noise_sweep_matrix_fashion_mnist_fc3rev_h64_T16_mode_rate_uniform_schedule_normal_seed_42.csv
fc3rev_h64,64,weight_decay,rate_uniform,16,16,42,0.20,87.120000,,important results/fashion_mnist_fc3rev_three_regs/noise_sweep_rate_uniform_L16_T16/fc3rev_h64/weight_decay/seed_42/noise_sweep_matrix_fashion_mnist_fc3rev_h64_T16_mode_rate_uniform_schedule_normal_seed_42.csv
fc3rev_h64,64,weight_decay,rate_uniform,16,16,42,0.25,87.070000,,important results/fashion_mnist_fc3rev_three_regs/noise_sweep_rate_uniform_L16_T16/fc3rev_h64/weight_decay/seed_42/noise_sweep_matrix_fashion_mnist_fc3rev_h64_T16_mode_rate_uniform_schedule_normal_seed_42.csv
fc3rev_h64,64,weight_decay,rate_uniform,16,16,42,0.30,87.000000,,important results/fashion_mnist_fc3rev_three_regs/noise_sweep_rate_uniform_L16_T16/fc3rev_h64/weight_decay/seed_42/noise_sweep_matrix_fashion_mnist_fc3rev_h64_T16_mode_rate_uniform_schedule_normal_seed_42.csv
fc3rev_h64,64,weight_decay,rate_uniform,16,16,42,0.35,86.920000,,important results/fashion_mnist_fc3rev_three_regs/noise_sweep_rate_uniform_L16_T16/fc3rev_h64/weight_decay/seed_42/noise_sweep_matrix_fashion_mnist_fc3rev_h64_T16_mode_rate_uniform_schedule_normal_seed_42.csv
fc3rev_h64,64,weight_decay,rate_uniform,16,16,42,0.40,86.890000,,important results/fashion_mnist_fc3rev_three_regs/noise_sweep_rate_uniform_L16_T16/fc3rev_h64/weight_decay/seed_42/noise_sweep_matrix_fashion_mnist_fc3rev_h64_T16_mode_rate_uniform_schedule_normal_seed_42.csv
fc3rev_h64,64,weight_decay,rate_uniform,16,16,42,0.45,86.490000,,important results/fashion_mnist_fc3rev_three_regs/noise_sweep_rate_uniform_L16_T16/fc3rev_h64/weight_decay/seed_42/noise_sweep_matrix_fashion_mnist_fc3rev_h64_T16_mode_rate_uniform_schedule_normal_seed_42.csv
fc3rev_h64,64,weight_decay,rate_uniform,16,16,42,0.50,86.470000,,important results/fashion_mnist_fc3rev_three_regs/noise_sweep_rate_uniform_L16_T16/fc3rev_h64/weight_decay/seed_42/noise_sweep_matrix_fashion_mnist_fc3rev_h64_T16_mode_rate_uniform_schedule_normal_seed_42.csv
fc3rev_h64,64,weight_decay,rate_uniform,16,16,42,0.55,86.220000,,important results/fashion_mnist_fc3rev_three_regs/noise_sweep_rate_uniform_L16_T16/fc3rev_h64/weight_decay/seed_42/noise_sweep_matrix_fashion_mnist_fc3rev_h64_T16_mode_rate_uniform_schedule_normal_seed_42.csv
fc3rev_h64,64,weight_decay,rate_uniform,16,16,42,0.60,86.580000,,important results/fashion_mnist_fc3rev_three_regs/noise_sweep_rate_uniform_L16_T16/fc3rev_h64/weight_decay/seed_42/noise_sweep_matrix_fashion_mnist_fc3rev_h64_T16_mode_rate_uniform_schedule_normal_seed_42.csv
fc3rev_h64,64,weight_decay,rate_uniform,16,16,42,0.65,85.970000,,important results/fashion_mnist_fc3rev_three_regs/noise_sweep_rate_uniform_L16_T16/fc3rev_h64/weight_decay/seed_42/noise_sweep_matrix_fashion_mnist_fc3rev_h64_T16_mode_rate_uniform_schedule_normal_seed_42.csv
fc3rev_h64,64,weight_decay,rate_uniform,16,16,42,0.70,85.850000,,important results/fashion_mnist_fc3rev_three_regs/noise_sweep_rate_uniform_L16_T16/fc3rev_h64/weight_decay/seed_42/noise_sweep_matrix_fashion_mnist_fc3rev_h64_T16_mode_rate_uniform_schedule_normal_seed_42.csv
fc3rev_h64,64,weight_decay,rate_uniform,16,16,42,0.75,85.710000,,important results/fashion_mnist_fc3rev_three_regs/noise_sweep_rate_uniform_L16_T16/fc3rev_h64/weight_decay/seed_42/noise_sweep_matrix_fashion_mnist_fc3rev_h64_T16_mode_rate_uniform_schedule_normal_seed_42.csv
fc3rev_h64,64,weight_decay,rate_uniform,16,16,42,0.80,84.710000,,important results/fashion_mnist_fc3rev_three_regs/noise_sweep_rate_uniform_L16_T16/fc3rev_h64/weight_decay/seed_42/noise_sweep_matrix_fashion_mnist_fc3rev_h64_T16_mode_rate_uniform_schedule_normal_seed_42.csv
fc3rev_h64,64,weight_decay,rate_uniform,16,16,42,0.85,85.240000,,important results/fashion_mnist_fc3rev_three_regs/noise_sweep_rate_uniform_L16_T16/fc3rev_h64/weight_decay/seed_42/noise_sweep_matrix_fashion_mnist_fc3rev_h64_T16_mode_rate_uniform_schedule_normal_seed_42.csv
fc3rev_h64,64,weight_decay,rate_uniform,16,16,42,0.90,84.870000,,important results/fashion_mnist_fc3rev_three_regs/noise_sweep_rate_uniform_L16_T16/fc3rev_h64/weight_decay/seed_42/noise_sweep_matrix_fashion_mnist_fc3rev_h64_T16_mode_rate_uniform_schedule_normal_seed_42.csv
fc3rev_h64,64,weight_decay,rate_uniform,16,16,42,0.95,84.770000,,important results/fashion_mnist_fc3rev_three_regs/noise_sweep_rate_uniform_L16_T16/fc3rev_h64/weight_decay/seed_42/noise_sweep_matrix_fashion_mnist_fc3rev_h64_T16_mode_rate_uniform_schedule_normal_seed_42.csv
fc3rev_h64,64,weight_decay,rate_uniform,16,16,42,1.00,84.140000,,important results/fashion_mnist_fc3rev_three_regs/noise_sweep_rate_uniform_L16_T16/fc3rev_h64/weight_decay/seed_42/noise_sweep_matrix_fashion_mnist_fc3rev_h64_T16_mode_rate_uniform_schedule_normal_seed_42.csv
fc3rev_h64,64,weight_decay,rate_uniform,16,16,43,0.00,87.230000,,important results/fashion_mnist_fc3rev_three_regs/noise_sweep_rate_uniform_L16_T16/fc3rev_h64/weight_decay/seed_43/noise_sweep_matrix_fashion_mnist_fc3rev_h64_T16_mode_rate_uniform_schedule_normal_seed_43.csv
fc3rev_h64,64,weight_decay,rate_uniform,16,16,43,0.05,87.140000,,important results/fashion_mnist_fc3rev_three_regs/noise_sweep_rate_uniform_L16_T16/fc3rev_h64/weight_decay/seed_43/noise_sweep_matrix_fashion_mnist_fc3rev_h64_T16_mode_rate_uniform_schedule_normal_seed_43.csv
fc3rev_h64,64,weight_decay,rate_uniform,16,16,43,0.10,87.110000,,important results/fashion_mnist_fc3rev_three_regs/noise_sweep_rate_uniform_L16_T16/fc3rev_h64/weight_decay/seed_43/noise_sweep_matrix_fashion_mnist_fc3rev_h64_T16_mode_rate_uniform_schedule_normal_seed_43.csv
fc3rev_h64,64,weight_decay,rate_uniform,16,16,43,0.15,87.060000,,important results/fashion_mnist_fc3rev_three_regs/noise_sweep_rate_uniform_L16_T16/fc3rev_h64/weight_decay/seed_43/noise_sweep_matrix_fashion_mnist_fc3rev_h64_T16_mode_rate_uniform_schedule_normal_seed_43.csv
fc3rev_h64,64,weight_decay,rate_uniform,16,16,43,0.20,87.180000,,important results/fashion_mnist_fc3rev_three_regs/noise_sweep_rate_uniform_L16_T16/fc3rev_h64/weight_decay/seed_43/noise_sweep_matrix_fashion_mnist_fc3rev_h64_T16_mode_rate_uniform_schedule_normal_seed_43.csv
fc3rev_h64,64,weight_decay,rate_uniform,16,16,43,0.25,86.700000,,important results/fashion_mnist_fc3rev_three_regs/noise_sweep_rate_uniform_L16_T16/fc3rev_h64/weight_decay/seed_43/noise_sweep_matrix_fashion_mnist_fc3rev_h64_T16_mode_rate_uniform_schedule_normal_seed_43.csv
fc3rev_h64,64,weight_decay,rate_uniform,16,16,43,0.30,86.840000,,important results/fashion_mnist_fc3rev_three_regs/noise_sweep_rate_uniform_L16_T16/fc3rev_h64/weight_decay/seed_43/noise_sweep_matrix_fashion_mnist_fc3rev_h64_T16_mode_rate_uniform_schedule_normal_seed_43.csv
fc3rev_h64,64,weight_decay,rate_uniform,16,16,43,0.35,86.600000,,important results/fashion_mnist_fc3rev_three_regs/noise_sweep_rate_uniform_L16_T16/fc3rev_h64/weight_decay/seed_43/noise_sweep_matrix_fashion_mnist_fc3rev_h64_T16_mode_rate_uniform_schedule_normal_seed_43.csv
fc3rev_h64,64,weight_decay,rate_uniform,16,16,43,0.40,86.470000,,important results/fashion_mnist_fc3rev_three_regs/noise_sweep_rate_uniform_L16_T16/fc3rev_h64/weight_decay/seed_43/noise_sweep_matrix_fashion_mnist_fc3rev_h64_T16_mode_rate_uniform_schedule_normal_seed_43.csv
fc3rev_h64,64,weight_decay,rate_uniform,16,16,43,0.45,86.420000,,important results/fashion_mnist_fc3rev_three_regs/noise_sweep_rate_uniform_L16_T16/fc3rev_h64/weight_decay/seed_43/noise_sweep_matrix_fashion_mnist_fc3rev_h64_T16_mode_rate_uniform_schedule_normal_seed_43.csv
fc3rev_h64,64,weight_decay,rate_uniform,16,16,43,0.50,86.550000,,important results/fashion_mnist_fc3rev_three_regs/noise_sweep_rate_uniform_L16_T16/fc3rev_h64/weight_decay/seed_43/noise_sweep_matrix_fashion_mnist_fc3rev_h64_T16_mode_rate_uniform_schedule_normal_seed_43.csv
fc3rev_h64,64,weight_decay,rate_uniform,16,16,43,0.55,86.000000,,important results/fashion_mnist_fc3rev_three_regs/noise_sweep_rate_uniform_L16_T16/fc3rev_h64/weight_decay/seed_43/noise_sweep_matrix_fashion_mnist_fc3rev_h64_T16_mode_rate_uniform_schedule_normal_seed_43.csv
fc3rev_h64,64,weight_decay,rate_uniform,16,16,43,0.60,86.000000,,important results/fashion_mnist_fc3rev_three_regs/noise_sweep_rate_uniform_L16_T16/fc3rev_h64/weight_decay/seed_43/noise_sweep_matrix_fashion_mnist_fc3rev_h64_T16_mode_rate_uniform_schedule_normal_seed_43.csv
fc3rev_h64,64,weight_decay,rate_uniform,16,16,43,0.65,85.590000,,important results/fashion_mnist_fc3rev_three_regs/noise_sweep_rate_uniform_L16_T16/fc3rev_h64/weight_decay/seed_43/noise_sweep_matrix_fashion_mnist_fc3rev_h64_T16_mode_rate_uniform_schedule_normal_seed_43.csv
fc3rev_h64,64,weight_decay,rate_uniform,16,16,43,0.70,85.570000,,important results/fashion_mnist_fc3rev_three_regs/noise_sweep_rate_uniform_L16_T16/fc3rev_h64/weight_decay/seed_43/noise_sweep_matrix_fashion_mnist_fc3rev_h64_T16_mode_rate_uniform_schedule_normal_seed_43.csv
fc3rev_h64,64,weight_decay,rate_uniform,16,16,43,0.75,85.290000,,important results/fashion_mnist_fc3rev_three_regs/noise_sweep_rate_uniform_L16_T16/fc3rev_h64/weight_decay/seed_43/noise_sweep_matrix_fashion_mnist_fc3rev_h64_T16_mode_rate_uniform_schedule_normal_seed_43.csv
fc3rev_h64,64,weight_decay,rate_uniform,16,16,43,0.80,85.230000,,important results/fashion_mnist_fc3rev_three_regs/noise_sweep_rate_uniform_L16_T16/fc3rev_h64/weight_decay/seed_43/noise_sweep_matrix_fashion_mnist_fc3rev_h64_T16_mode_rate_uniform_schedule_normal_seed_43.csv
fc3rev_h64,64,weight_decay,rate_uniform,16,16,43,0.85,84.890000,,important results/fashion_mnist_fc3rev_three_regs/noise_sweep_rate_uniform_L16_T16/fc3rev_h64/weight_decay/seed_43/noise_sweep_matrix_fashion_mnist_fc3rev_h64_T16_mode_rate_uniform_schedule_normal_seed_43.csv
fc3rev_h64,64,weight_decay,rate_uniform,16,16,43,0.90,84.530000,,important results/fashion_mnist_fc3rev_three_regs/noise_sweep_rate_uniform_L16_T16/fc3rev_h64/weight_decay/seed_43/noise_sweep_matrix_fashion_mnist_fc3rev_h64_T16_mode_rate_uniform_schedule_normal_seed_43.csv
fc3rev_h64,64,weight_decay,rate_uniform,16,16,43,0.95,84.390000,,important results/fashion_mnist_fc3rev_three_regs/noise_sweep_rate_uniform_L16_T16/fc3rev_h64/weight_decay/seed_43/noise_sweep_matrix_fashion_mnist_fc3rev_h64_T16_mode_rate_uniform_schedule_normal_seed_43.csv
fc3rev_h64,64,weight_decay,rate_uniform,16,16,43,1.00,83.920000,,important results/fashion_mnist_fc3rev_three_regs/noise_sweep_rate_uniform_L16_T16/fc3rev_h64/weight_decay/seed_43/noise_sweep_matrix_fashion_mnist_fc3rev_h64_T16_mode_rate_uniform_schedule_normal_seed_43.csv
fc3rev_h64,64,weight_decay,rate_uniform,16,16,44,0.00,87.460000,,important results/fashion_mnist_fc3rev_three_regs/noise_sweep_rate_uniform_L16_T16/fc3rev_h64/weight_decay/seed_44/noise_sweep_matrix_fashion_mnist_fc3rev_h64_T16_mode_rate_uniform_schedule_normal_seed_44.csv
fc3rev_h64,64,weight_decay,rate_uniform,16,16,44,0.05,87.270000,,important results/fashion_mnist_fc3rev_three_regs/noise_sweep_rate_uniform_L16_T16/fc3rev_h64/weight_decay/seed_44/noise_sweep_matrix_fashion_mnist_fc3rev_h64_T16_mode_rate_uniform_schedule_normal_seed_44.csv
fc3rev_h64,64,weight_decay,rate_uniform,16,16,44,0.10,87.070000,,important results/fashion_mnist_fc3rev_three_regs/noise_sweep_rate_uniform_L16_T16/fc3rev_h64/weight_decay/seed_44/noise_sweep_matrix_fashion_mnist_fc3rev_h64_T16_mode_rate_uniform_schedule_normal_seed_44.csv
fc3rev_h64,64,weight_decay,rate_uniform,16,16,44,0.15,87.170000,,important results/fashion_mnist_fc3rev_three_regs/noise_sweep_rate_uniform_L16_T16/fc3rev_h64/weight_decay/seed_44/noise_sweep_matrix_fashion_mnist_fc3rev_h64_T16_mode_rate_uniform_schedule_normal_seed_44.csv
fc3rev_h64,64,weight_decay,rate_uniform,16,16,44,0.20,87.180000,,important results/fashion_mnist_fc3rev_three_regs/noise_sweep_rate_uniform_L16_T16/fc3rev_h64/weight_decay/seed_44/noise_sweep_matrix_fashion_mnist_fc3rev_h64_T16_mode_rate_uniform_schedule_normal_seed_44.csv
fc3rev_h64,64,weight_decay,rate_uniform,16,16,44,0.25,87.090000,,important results/fashion_mnist_fc3rev_three_regs/noise_sweep_rate_uniform_L16_T16/fc3rev_h64/weight_decay/seed_44/noise_sweep_matrix_fashion_mnist_fc3rev_h64_T16_mode_rate_uniform_schedule_normal_seed_44.csv
fc3rev_h64,64,weight_decay,rate_uniform,16,16,44,0.30,87.010000,,important results/fashion_mnist_fc3rev_three_regs/noise_sweep_rate_uniform_L16_T16/fc3rev_h64/weight_decay/seed_44/noise_sweep_matrix_fashion_mnist_fc3rev_h64_T16_mode_rate_uniform_schedule_normal_seed_44.csv
fc3rev_h64,64,weight_decay,rate_uniform,16,16,44,0.35,86.620000,,important results/fashion_mnist_fc3rev_three_regs/noise_sweep_rate_uniform_L16_T16/fc3rev_h64/weight_decay/seed_44/noise_sweep_matrix_fashion_mnist_fc3rev_h64_T16_mode_rate_uniform_schedule_normal_seed_44.csv
fc3rev_h64,64,weight_decay,rate_uniform,16,16,44,0.40,86.610000,,important results/fashion_mnist_fc3rev_three_regs/noise_sweep_rate_uniform_L16_T16/fc3rev_h64/weight_decay/seed_44/noise_sweep_matrix_fashion_mnist_fc3rev_h64_T16_mode_rate_uniform_schedule_normal_seed_44.csv
fc3rev_h64,64,weight_decay,rate_uniform,16,16,44,0.45,86.410000,,important results/fashion_mnist_fc3rev_three_regs/noise_sweep_rate_uniform_L16_T16/fc3rev_h64/weight_decay/seed_44/noise_sweep_matrix_fashion_mnist_fc3rev_h64_T16_mode_rate_uniform_schedule_normal_seed_44.csv
fc3rev_h64,64,weight_decay,rate_uniform,16,16,44,0.50,86.380000,,important results/fashion_mnist_fc3rev_three_regs/noise_sweep_rate_uniform_L16_T16/fc3rev_h64/weight_decay/seed_44/noise_sweep_matrix_fashion_mnist_fc3rev_h64_T16_mode_rate_uniform_schedule_normal_seed_44.csv
fc3rev_h64,64,weight_decay,rate_uniform,16,16,44,0.55,86.470000,,important results/fashion_mnist_fc3rev_three_regs/noise_sweep_rate_uniform_L16_T16/fc3rev_h64/weight_decay/seed_44/noise_sweep_matrix_fashion_mnist_fc3rev_h64_T16_mode_rate_uniform_schedule_normal_seed_44.csv
fc3rev_h64,64,weight_decay,rate_uniform,16,16,44,0.60,86.040000,,important results/fashion_mnist_fc3rev_three_regs/noise_sweep_rate_uniform_L16_T16/fc3rev_h64/weight_decay/seed_44/noise_sweep_matrix_fashion_mnist_fc3rev_h64_T16_mode_rate_uniform_schedule_normal_seed_44.csv
fc3rev_h64,64,weight_decay,rate_uniform,16,16,44,0.65,86.060000,,important results/fashion_mnist_fc3rev_three_regs/noise_sweep_rate_uniform_L16_T16/fc3rev_h64/weight_decay/seed_44/noise_sweep_matrix_fashion_mnist_fc3rev_h64_T16_mode_rate_uniform_schedule_normal_seed_44.csv
fc3rev_h64,64,weight_decay,rate_uniform,16,16,44,0.70,85.720000,,important results/fashion_mnist_fc3rev_three_regs/noise_sweep_rate_uniform_L16_T16/fc3rev_h64/weight_decay/seed_44/noise_sweep_matrix_fashion_mnist_fc3rev_h64_T16_mode_rate_uniform_schedule_normal_seed_44.csv
fc3rev_h64,64,weight_decay,rate_uniform,16,16,44,0.75,85.590000,,important results/fashion_mnist_fc3rev_three_regs/noise_sweep_rate_uniform_L16_T16/fc3rev_h64/weight_decay/seed_44/noise_sweep_matrix_fashion_mnist_fc3rev_h64_T16_mode_rate_uniform_schedule_normal_seed_44.csv
fc3rev_h64,64,weight_decay,rate_uniform,16,16,44,0.80,85.320000,,important results/fashion_mnist_fc3rev_three_regs/noise_sweep_rate_uniform_L16_T16/fc3rev_h64/weight_decay/seed_44/noise_sweep_matrix_fashion_mnist_fc3rev_h64_T16_mode_rate_uniform_schedule_normal_seed_44.csv
fc3rev_h64,64,weight_decay,rate_uniform,16,16,44,0.85,84.860000,,important results/fashion_mnist_fc3rev_three_regs/noise_sweep_rate_uniform_L16_T16/fc3rev_h64/weight_decay/seed_44/noise_sweep_matrix_fashion_mnist_fc3rev_h64_T16_mode_rate_uniform_schedule_normal_seed_44.csv
fc3rev_h64,64,weight_decay,rate_uniform,16,16,44,0.90,84.880000,,important results/fashion_mnist_fc3rev_three_regs/noise_sweep_rate_uniform_L16_T16/fc3rev_h64/weight_decay/seed_44/noise_sweep_matrix_fashion_mnist_fc3rev_h64_T16_mode_rate_uniform_schedule_normal_seed_44.csv
fc3rev_h64,64,weight_decay,rate_uniform,16,16,44,0.95,84.750000,,important results/fashion_mnist_fc3rev_three_regs/noise_sweep_rate_uniform_L16_T16/fc3rev_h64/weight_decay/seed_44/noise_sweep_matrix_fashion_mnist_fc3rev_h64_T16_mode_rate_uniform_schedule_normal_seed_44.csv
fc3rev_h64,64,weight_decay,rate_uniform,16,16,44,1.00,84.540000,,important results/fashion_mnist_fc3rev_three_regs/noise_sweep_rate_uniform_L16_T16/fc3rev_h64/weight_decay/seed_44/noise_sweep_matrix_fashion_mnist_fc3rev_h64_T16_mode_rate_uniform_schedule_normal_seed_44.csv
fc3rev_h128,128,mne_l2,rate_uniform,16,16,40,0.00,86.380000,,important results/fashion_mnist_fc3rev_three_regs/noise_sweep_rate_uniform_L16_T16/fc3rev_h128/mne_l2/seed_40/noise_sweep_matrix_fashion_mnist_fc3rev_h128_T16_mode_rate_uniform_schedule_normal_seed_40.csv
fc3rev_h128,128,mne_l2,rate_uniform,16,16,40,0.05,86.430000,,important results/fashion_mnist_fc3rev_three_regs/noise_sweep_rate_uniform_L16_T16/fc3rev_h128/mne_l2/seed_40/noise_sweep_matrix_fashion_mnist_fc3rev_h128_T16_mode_rate_uniform_schedule_normal_seed_40.csv
fc3rev_h128,128,mne_l2,rate_uniform,16,16,40,0.10,85.940000,,important results/fashion_mnist_fc3rev_three_regs/noise_sweep_rate_uniform_L16_T16/fc3rev_h128/mne_l2/seed_40/noise_sweep_matrix_fashion_mnist_fc3rev_h128_T16_mode_rate_uniform_schedule_normal_seed_40.csv
fc3rev_h128,128,mne_l2,rate_uniform,16,16,40,0.15,86.220000,,important results/fashion_mnist_fc3rev_three_regs/noise_sweep_rate_uniform_L16_T16/fc3rev_h128/mne_l2/seed_40/noise_sweep_matrix_fashion_mnist_fc3rev_h128_T16_mode_rate_uniform_schedule_normal_seed_40.csv
fc3rev_h128,128,mne_l2,rate_uniform,16,16,40,0.20,86.160000,,important results/fashion_mnist_fc3rev_three_regs/noise_sweep_rate_uniform_L16_T16/fc3rev_h128/mne_l2/seed_40/noise_sweep_matrix_fashion_mnist_fc3rev_h128_T16_mode_rate_uniform_schedule_normal_seed_40.csv
fc3rev_h128,128,mne_l2,rate_uniform,16,16,40,0.25,85.880000,,important results/fashion_mnist_fc3rev_three_regs/noise_sweep_rate_uniform_L16_T16/fc3rev_h128/mne_l2/seed_40/noise_sweep_matrix_fashion_mnist_fc3rev_h128_T16_mode_rate_uniform_schedule_normal_seed_40.csv
fc3rev_h128,128,mne_l2,rate_uniform,16,16,40,0.30,85.710000,,important results/fashion_mnist_fc3rev_three_regs/noise_sweep_rate_uniform_L16_T16/fc3rev_h128/mne_l2/seed_40/noise_sweep_matrix_fashion_mnist_fc3rev_h128_T16_mode_rate_uniform_schedule_normal_seed_40.csv
fc3rev_h128,128,mne_l2,rate_uniform,16,16,40,0.35,85.760000,,important results/fashion_mnist_fc3rev_three_regs/noise_sweep_rate_uniform_L16_T16/fc3rev_h128/mne_l2/seed_40/noise_sweep_matrix_fashion_mnist_fc3rev_h128_T16_mode_rate_uniform_schedule_normal_seed_40.csv
fc3rev_h128,128,mne_l2,rate_uniform,16,16,40,0.40,85.680000,,important results/fashion_mnist_fc3rev_three_regs/noise_sweep_rate_uniform_L16_T16/fc3rev_h128/mne_l2/seed_40/noise_sweep_matrix_fashion_mnist_fc3rev_h128_T16_mode_rate_uniform_schedule_normal_seed_40.csv
fc3rev_h128,128,mne_l2,rate_uniform,16,16,40,0.45,85.780000,,important results/fashion_mnist_fc3rev_three_regs/noise_sweep_rate_uniform_L16_T16/fc3rev_h128/mne_l2/seed_40/noise_sweep_matrix_fashion_mnist_fc3rev_h128_T16_mode_rate_uniform_schedule_normal_seed_40.csv
fc3rev_h128,128,mne_l2,rate_uniform,16,16,40,0.50,85.430000,,important results/fashion_mnist_fc3rev_three_regs/noise_sweep_rate_uniform_L16_T16/fc3rev_h128/mne_l2/seed_40/noise_sweep_matrix_fashion_mnist_fc3rev_h128_T16_mode_rate_uniform_schedule_normal_seed_40.csv
fc3rev_h128,128,mne_l2,rate_uniform,16,16,40,0.55,85.510000,,important results/fashion_mnist_fc3rev_three_regs/noise_sweep_rate_uniform_L16_T16/fc3rev_h128/mne_l2/seed_40/noise_sweep_matrix_fashion_mnist_fc3rev_h128_T16_mode_rate_uniform_schedule_normal_seed_40.csv
fc3rev_h128,128,mne_l2,rate_uniform,16,16,40,0.60,85.250000,,important results/fashion_mnist_fc3rev_three_regs/noise_sweep_rate_uniform_L16_T16/fc3rev_h128/mne_l2/seed_40/noise_sweep_matrix_fashion_mnist_fc3rev_h128_T16_mode_rate_uniform_schedule_normal_seed_40.csv
fc3rev_h128,128,mne_l2,rate_uniform,16,16,40,0.65,85.030000,,important results/fashion_mnist_fc3rev_three_regs/noise_sweep_rate_uniform_L16_T16/fc3rev_h128/mne_l2/seed_40/noise_sweep_matrix_fashion_mnist_fc3rev_h128_T16_mode_rate_uniform_schedule_normal_seed_40.csv
fc3rev_h128,128,mne_l2,rate_uniform,16,16,40,0.70,84.660000,,important results/fashion_mnist_fc3rev_three_regs/noise_sweep_rate_uniform_L16_T16/fc3rev_h128/mne_l2/seed_40/noise_sweep_matrix_fashion_mnist_fc3rev_h128_T16_mode_rate_uniform_schedule_normal_seed_40.csv
fc3rev_h128,128,mne_l2,rate_uniform,16,16,40,0.75,84.880000,,important results/fashion_mnist_fc3rev_three_regs/noise_sweep_rate_uniform_L16_T16/fc3rev_h128/mne_l2/seed_40/noise_sweep_matrix_fashion_mnist_fc3rev_h128_T16_mode_rate_uniform_schedule_normal_seed_40.csv
fc3rev_h128,128,mne_l2,rate_uniform,16,16,40,0.80,84.690000,,important results/fashion_mnist_fc3rev_three_regs/noise_sweep_rate_uniform_L16_T16/fc3rev_h128/mne_l2/seed_40/noise_sweep_matrix_fashion_mnist_fc3rev_h128_T16_mode_rate_uniform_schedule_normal_seed_40.csv
fc3rev_h128,128,mne_l2,rate_uniform,16,16,40,0.85,84.340000,,important results/fashion_mnist_fc3rev_three_regs/noise_sweep_rate_uniform_L16_T16/fc3rev_h128/mne_l2/seed_40/noise_sweep_matrix_fashion_mnist_fc3rev_h128_T16_mode_rate_uniform_schedule_normal_seed_40.csv
fc3rev_h128,128,mne_l2,rate_uniform,16,16,40,0.90,84.150000,,important results/fashion_mnist_fc3rev_three_regs/noise_sweep_rate_uniform_L16_T16/fc3rev_h128/mne_l2/seed_40/noise_sweep_matrix_fashion_mnist_fc3rev_h128_T16_mode_rate_uniform_schedule_normal_seed_40.csv
fc3rev_h128,128,mne_l2,rate_uniform,16,16,40,0.95,83.730000,,important results/fashion_mnist_fc3rev_three_regs/noise_sweep_rate_uniform_L16_T16/fc3rev_h128/mne_l2/seed_40/noise_sweep_matrix_fashion_mnist_fc3rev_h128_T16_mode_rate_uniform_schedule_normal_seed_40.csv
fc3rev_h128,128,mne_l2,rate_uniform,16,16,40,1.00,83.690000,,important results/fashion_mnist_fc3rev_three_regs/noise_sweep_rate_uniform_L16_T16/fc3rev_h128/mne_l2/seed_40/noise_sweep_matrix_fashion_mnist_fc3rev_h128_T16_mode_rate_uniform_schedule_normal_seed_40.csv
fc3rev_h128,128,mne_l2,rate_uniform,16,16,41,0.00,86.270000,,important results/fashion_mnist_fc3rev_three_regs/noise_sweep_rate_uniform_L16_T16/fc3rev_h128/mne_l2/seed_41/noise_sweep_matrix_fashion_mnist_fc3rev_h128_T16_mode_rate_uniform_schedule_normal_seed_41.csv
fc3rev_h128,128,mne_l2,rate_uniform,16,16,41,0.05,86.080000,,important results/fashion_mnist_fc3rev_three_regs/noise_sweep_rate_uniform_L16_T16/fc3rev_h128/mne_l2/seed_41/noise_sweep_matrix_fashion_mnist_fc3rev_h128_T16_mode_rate_uniform_schedule_normal_seed_41.csv
fc3rev_h128,128,mne_l2,rate_uniform,16,16,41,0.10,86.010000,,important results/fashion_mnist_fc3rev_three_regs/noise_sweep_rate_uniform_L16_T16/fc3rev_h128/mne_l2/seed_41/noise_sweep_matrix_fashion_mnist_fc3rev_h128_T16_mode_rate_uniform_schedule_normal_seed_41.csv
fc3rev_h128,128,mne_l2,rate_uniform,16,16,41,0.15,85.830000,,important results/fashion_mnist_fc3rev_three_regs/noise_sweep_rate_uniform_L16_T16/fc3rev_h128/mne_l2/seed_41/noise_sweep_matrix_fashion_mnist_fc3rev_h128_T16_mode_rate_uniform_schedule_normal_seed_41.csv
fc3rev_h128,128,mne_l2,rate_uniform,16,16,41,0.20,85.920000,,important results/fashion_mnist_fc3rev_three_regs/noise_sweep_rate_uniform_L16_T16/fc3rev_h128/mne_l2/seed_41/noise_sweep_matrix_fashion_mnist_fc3rev_h128_T16_mode_rate_uniform_schedule_normal_seed_41.csv
fc3rev_h128,128,mne_l2,rate_uniform,16,16,41,0.25,86.090000,,important results/fashion_mnist_fc3rev_three_regs/noise_sweep_rate_uniform_L16_T16/fc3rev_h128/mne_l2/seed_41/noise_sweep_matrix_fashion_mnist_fc3rev_h128_T16_mode_rate_uniform_schedule_normal_seed_41.csv
fc3rev_h128,128,mne_l2,rate_uniform,16,16,41,0.30,85.440000,,important results/fashion_mnist_fc3rev_three_regs/noise_sweep_rate_uniform_L16_T16/fc3rev_h128/mne_l2/seed_41/noise_sweep_matrix_fashion_mnist_fc3rev_h128_T16_mode_rate_uniform_schedule_normal_seed_41.csv
fc3rev_h128,128,mne_l2,rate_uniform,16,16,41,0.35,85.440000,,important results/fashion_mnist_fc3rev_three_regs/noise_sweep_rate_uniform_L16_T16/fc3rev_h128/mne_l2/seed_41/noise_sweep_matrix_fashion_mnist_fc3rev_h128_T16_mode_rate_uniform_schedule_normal_seed_41.csv
fc3rev_h128,128,mne_l2,rate_uniform,16,16,41,0.40,85.680000,,important results/fashion_mnist_fc3rev_three_regs/noise_sweep_rate_uniform_L16_T16/fc3rev_h128/mne_l2/seed_41/noise_sweep_matrix_fashion_mnist_fc3rev_h128_T16_mode_rate_uniform_schedule_normal_seed_41.csv
fc3rev_h128,128,mne_l2,rate_uniform,16,16,41,0.45,85.680000,,important results/fashion_mnist_fc3rev_three_regs/noise_sweep_rate_uniform_L16_T16/fc3rev_h128/mne_l2/seed_41/noise_sweep_matrix_fashion_mnist_fc3rev_h128_T16_mode_rate_uniform_schedule_normal_seed_41.csv
fc3rev_h128,128,mne_l2,rate_uniform,16,16,41,0.50,85.400000,,important results/fashion_mnist_fc3rev_three_regs/noise_sweep_rate_uniform_L16_T16/fc3rev_h128/mne_l2/seed_41/noise_sweep_matrix_fashion_mnist_fc3rev_h128_T16_mode_rate_uniform_schedule_normal_seed_41.csv
fc3rev_h128,128,mne_l2,rate_uniform,16,16,41,0.55,85.330000,,important results/fashion_mnist_fc3rev_three_regs/noise_sweep_rate_uniform_L16_T16/fc3rev_h128/mne_l2/seed_41/noise_sweep_matrix_fashion_mnist_fc3rev_h128_T16_mode_rate_uniform_schedule_normal_seed_41.csv
fc3rev_h128,128,mne_l2,rate_uniform,16,16,41,0.60,85.110000,,important results/fashion_mnist_fc3rev_three_regs/noise_sweep_rate_uniform_L16_T16/fc3rev_h128/mne_l2/seed_41/noise_sweep_matrix_fashion_mnist_fc3rev_h128_T16_mode_rate_uniform_schedule_normal_seed_41.csv
fc3rev_h128,128,mne_l2,rate_uniform,16,16,41,0.65,84.890000,,important results/fashion_mnist_fc3rev_three_regs/noise_sweep_rate_uniform_L16_T16/fc3rev_h128/mne_l2/seed_41/noise_sweep_matrix_fashion_mnist_fc3rev_h128_T16_mode_rate_uniform_schedule_normal_seed_41.csv
fc3rev_h128,128,mne_l2,rate_uniform,16,16,41,0.70,84.450000,,important results/fashion_mnist_fc3rev_three_regs/noise_sweep_rate_uniform_L16_T16/fc3rev_h128/mne_l2/seed_41/noise_sweep_matrix_fashion_mnist_fc3rev_h128_T16_mode_rate_uniform_schedule_normal_seed_41.csv
fc3rev_h128,128,mne_l2,rate_uniform,16,16,41,0.75,84.510000,,important results/fashion_mnist_fc3rev_three_regs/noise_sweep_rate_uniform_L16_T16/fc3rev_h128/mne_l2/seed_41/noise_sweep_matrix_fashion_mnist_fc3rev_h128_T16_mode_rate_uniform_schedule_normal_seed_41.csv
fc3rev_h128,128,mne_l2,rate_uniform,16,16,41,0.80,84.400000,,important results/fashion_mnist_fc3rev_three_regs/noise_sweep_rate_uniform_L16_T16/fc3rev_h128/mne_l2/seed_41/noise_sweep_matrix_fashion_mnist_fc3rev_h128_T16_mode_rate_uniform_schedule_normal_seed_41.csv
fc3rev_h128,128,mne_l2,rate_uniform,16,16,41,0.85,84.320000,,important results/fashion_mnist_fc3rev_three_regs/noise_sweep_rate_uniform_L16_T16/fc3rev_h128/mne_l2/seed_41/noise_sweep_matrix_fashion_mnist_fc3rev_h128_T16_mode_rate_uniform_schedule_normal_seed_41.csv
fc3rev_h128,128,mne_l2,rate_uniform,16,16,41,0.90,83.930000,,important results/fashion_mnist_fc3rev_three_regs/noise_sweep_rate_uniform_L16_T16/fc3rev_h128/mne_l2/seed_41/noise_sweep_matrix_fashion_mnist_fc3rev_h128_T16_mode_rate_uniform_schedule_normal_seed_41.csv
fc3rev_h128,128,mne_l2,rate_uniform,16,16,41,0.95,83.280000,,important results/fashion_mnist_fc3rev_three_regs/noise_sweep_rate_uniform_L16_T16/fc3rev_h128/mne_l2/seed_41/noise_sweep_matrix_fashion_mnist_fc3rev_h128_T16_mode_rate_uniform_schedule_normal_seed_41.csv
fc3rev_h128,128,mne_l2,rate_uniform,16,16,41,1.00,83.300000,,important results/fashion_mnist_fc3rev_three_regs/noise_sweep_rate_uniform_L16_T16/fc3rev_h128/mne_l2/seed_41/noise_sweep_matrix_fashion_mnist_fc3rev_h128_T16_mode_rate_uniform_schedule_normal_seed_41.csv
fc3rev_h128,128,mne_l2,rate_uniform,16,16,42,0.00,86.080000,,important results/fashion_mnist_fc3rev_three_regs/noise_sweep_rate_uniform_L16_T16/fc3rev_h128/mne_l2/seed_42/noise_sweep_matrix_fashion_mnist_fc3rev_h128_T16_mode_rate_uniform_schedule_normal_seed_42.csv
fc3rev_h128,128,mne_l2,rate_uniform,16,16,42,0.05,85.900000,,important results/fashion_mnist_fc3rev_three_regs/noise_sweep_rate_uniform_L16_T16/fc3rev_h128/mne_l2/seed_42/noise_sweep_matrix_fashion_mnist_fc3rev_h128_T16_mode_rate_uniform_schedule_normal_seed_42.csv
fc3rev_h128,128,mne_l2,rate_uniform,16,16,42,0.10,86.130000,,important results/fashion_mnist_fc3rev_three_regs/noise_sweep_rate_uniform_L16_T16/fc3rev_h128/mne_l2/seed_42/noise_sweep_matrix_fashion_mnist_fc3rev_h128_T16_mode_rate_uniform_schedule_normal_seed_42.csv
fc3rev_h128,128,mne_l2,rate_uniform,16,16,42,0.15,86.190000,,important results/fashion_mnist_fc3rev_three_regs/noise_sweep_rate_uniform_L16_T16/fc3rev_h128/mne_l2/seed_42/noise_sweep_matrix_fashion_mnist_fc3rev_h128_T16_mode_rate_uniform_schedule_normal_seed_42.csv
fc3rev_h128,128,mne_l2,rate_uniform,16,16,42,0.20,86.070000,,important results/fashion_mnist_fc3rev_three_regs/noise_sweep_rate_uniform_L16_T16/fc3rev_h128/mne_l2/seed_42/noise_sweep_matrix_fashion_mnist_fc3rev_h128_T16_mode_rate_uniform_schedule_normal_seed_42.csv
fc3rev_h128,128,mne_l2,rate_uniform,16,16,42,0.25,85.800000,,important results/fashion_mnist_fc3rev_three_regs/noise_sweep_rate_uniform_L16_T16/fc3rev_h128/mne_l2/seed_42/noise_sweep_matrix_fashion_mnist_fc3rev_h128_T16_mode_rate_uniform_schedule_normal_seed_42.csv
fc3rev_h128,128,mne_l2,rate_uniform,16,16,42,0.30,86.090000,,important results/fashion_mnist_fc3rev_three_regs/noise_sweep_rate_uniform_L16_T16/fc3rev_h128/mne_l2/seed_42/noise_sweep_matrix_fashion_mnist_fc3rev_h128_T16_mode_rate_uniform_schedule_normal_seed_42.csv
fc3rev_h128,128,mne_l2,rate_uniform,16,16,42,0.35,86.020000,,important results/fashion_mnist_fc3rev_three_regs/noise_sweep_rate_uniform_L16_T16/fc3rev_h128/mne_l2/seed_42/noise_sweep_matrix_fashion_mnist_fc3rev_h128_T16_mode_rate_uniform_schedule_normal_seed_42.csv
fc3rev_h128,128,mne_l2,rate_uniform,16,16,42,0.40,85.630000,,important results/fashion_mnist_fc3rev_three_regs/noise_sweep_rate_uniform_L16_T16/fc3rev_h128/mne_l2/seed_42/noise_sweep_matrix_fashion_mnist_fc3rev_h128_T16_mode_rate_uniform_schedule_normal_seed_42.csv
fc3rev_h128,128,mne_l2,rate_uniform,16,16,42,0.45,85.770000,,important results/fashion_mnist_fc3rev_three_regs/noise_sweep_rate_uniform_L16_T16/fc3rev_h128/mne_l2/seed_42/noise_sweep_matrix_fashion_mnist_fc3rev_h128_T16_mode_rate_uniform_schedule_normal_seed_42.csv
fc3rev_h128,128,mne_l2,rate_uniform,16,16,42,0.50,85.490000,,important results/fashion_mnist_fc3rev_three_regs/noise_sweep_rate_uniform_L16_T16/fc3rev_h128/mne_l2/seed_42/noise_sweep_matrix_fashion_mnist_fc3rev_h128_T16_mode_rate_uniform_schedule_normal_seed_42.csv
fc3rev_h128,128,mne_l2,rate_uniform,16,16,42,0.55,85.390000,,important results/fashion_mnist_fc3rev_three_regs/noise_sweep_rate_uniform_L16_T16/fc3rev_h128/mne_l2/seed_42/noise_sweep_matrix_fashion_mnist_fc3rev_h128_T16_mode_rate_uniform_schedule_normal_seed_42.csv
fc3rev_h128,128,mne_l2,rate_uniform,16,16,42,0.60,85.460000,,important results/fashion_mnist_fc3rev_three_regs/noise_sweep_rate_uniform_L16_T16/fc3rev_h128/mne_l2/seed_42/noise_sweep_matrix_fashion_mnist_fc3rev_h128_T16_mode_rate_uniform_schedule_normal_seed_42.csv
fc3rev_h128,128,mne_l2,rate_uniform,16,16,42,0.65,85.420000,,important results/fashion_mnist_fc3rev_three_regs/noise_sweep_rate_uniform_L16_T16/fc3rev_h128/mne_l2/seed_42/noise_sweep_matrix_fashion_mnist_fc3rev_h128_T16_mode_rate_uniform_schedule_normal_seed_42.csv
fc3rev_h128,128,mne_l2,rate_uniform,16,16,42,0.70,85.050000,,important results/fashion_mnist_fc3rev_three_regs/noise_sweep_rate_uniform_L16_T16/fc3rev_h128/mne_l2/seed_42/noise_sweep_matrix_fashion_mnist_fc3rev_h128_T16_mode_rate_uniform_schedule_normal_seed_42.csv
fc3rev_h128,128,mne_l2,rate_uniform,16,16,42,0.75,84.720000,,important results/fashion_mnist_fc3rev_three_regs/noise_sweep_rate_uniform_L16_T16/fc3rev_h128/mne_l2/seed_42/noise_sweep_matrix_fashion_mnist_fc3rev_h128_T16_mode_rate_uniform_schedule_normal_seed_42.csv
fc3rev_h128,128,mne_l2,rate_uniform,16,16,42,0.80,84.350000,,important results/fashion_mnist_fc3rev_three_regs/noise_sweep_rate_uniform_L16_T16/fc3rev_h128/mne_l2/seed_42/noise_sweep_matrix_fashion_mnist_fc3rev_h128_T16_mode_rate_uniform_schedule_normal_seed_42.csv
fc3rev_h128,128,mne_l2,rate_uniform,16,16,42,0.85,84.870000,,important results/fashion_mnist_fc3rev_three_regs/noise_sweep_rate_uniform_L16_T16/fc3rev_h128/mne_l2/seed_42/noise_sweep_matrix_fashion_mnist_fc3rev_h128_T16_mode_rate_uniform_schedule_normal_seed_42.csv
fc3rev_h128,128,mne_l2,rate_uniform,16,16,42,0.90,84.590000,,important results/fashion_mnist_fc3rev_three_regs/noise_sweep_rate_uniform_L16_T16/fc3rev_h128/mne_l2/seed_42/noise_sweep_matrix_fashion_mnist_fc3rev_h128_T16_mode_rate_uniform_schedule_normal_seed_42.csv
fc3rev_h128,128,mne_l2,rate_uniform,16,16,42,0.95,84.050000,,important results/fashion_mnist_fc3rev_three_regs/noise_sweep_rate_uniform_L16_T16/fc3rev_h128/mne_l2/seed_42/noise_sweep_matrix_fashion_mnist_fc3rev_h128_T16_mode_rate_uniform_schedule_normal_seed_42.csv
fc3rev_h128,128,mne_l2,rate_uniform,16,16,42,1.00,83.400000,,important results/fashion_mnist_fc3rev_three_regs/noise_sweep_rate_uniform_L16_T16/fc3rev_h128/mne_l2/seed_42/noise_sweep_matrix_fashion_mnist_fc3rev_h128_T16_mode_rate_uniform_schedule_normal_seed_42.csv
fc3rev_h128,128,mne_l2,rate_uniform,16,16,43,0.00,86.340000,,important results/fashion_mnist_fc3rev_three_regs/noise_sweep_rate_uniform_L16_T16/fc3rev_h128/mne_l2/seed_43/noise_sweep_matrix_fashion_mnist_fc3rev_h128_T16_mode_rate_uniform_schedule_normal_seed_43.csv
fc3rev_h128,128,mne_l2,rate_uniform,16,16,43,0.05,86.110000,,important results/fashion_mnist_fc3rev_three_regs/noise_sweep_rate_uniform_L16_T16/fc3rev_h128/mne_l2/seed_43/noise_sweep_matrix_fashion_mnist_fc3rev_h128_T16_mode_rate_uniform_schedule_normal_seed_43.csv
fc3rev_h128,128,mne_l2,rate_uniform,16,16,43,0.10,86.230000,,important results/fashion_mnist_fc3rev_three_regs/noise_sweep_rate_uniform_L16_T16/fc3rev_h128/mne_l2/seed_43/noise_sweep_matrix_fashion_mnist_fc3rev_h128_T16_mode_rate_uniform_schedule_normal_seed_43.csv
fc3rev_h128,128,mne_l2,rate_uniform,16,16,43,0.15,86.230000,,important results/fashion_mnist_fc3rev_three_regs/noise_sweep_rate_uniform_L16_T16/fc3rev_h128/mne_l2/seed_43/noise_sweep_matrix_fashion_mnist_fc3rev_h128_T16_mode_rate_uniform_schedule_normal_seed_43.csv
fc3rev_h128,128,mne_l2,rate_uniform,16,16,43,0.20,86.220000,,important results/fashion_mnist_fc3rev_three_regs/noise_sweep_rate_uniform_L16_T16/fc3rev_h128/mne_l2/seed_43/noise_sweep_matrix_fashion_mnist_fc3rev_h128_T16_mode_rate_uniform_schedule_normal_seed_43.csv
fc3rev_h128,128,mne_l2,rate_uniform,16,16,43,0.25,86.280000,,important results/fashion_mnist_fc3rev_three_regs/noise_sweep_rate_uniform_L16_T16/fc3rev_h128/mne_l2/seed_43/noise_sweep_matrix_fashion_mnist_fc3rev_h128_T16_mode_rate_uniform_schedule_normal_seed_43.csv
fc3rev_h128,128,mne_l2,rate_uniform,16,16,43,0.30,85.930000,,important results/fashion_mnist_fc3rev_three_regs/noise_sweep_rate_uniform_L16_T16/fc3rev_h128/mne_l2/seed_43/noise_sweep_matrix_fashion_mnist_fc3rev_h128_T16_mode_rate_uniform_schedule_normal_seed_43.csv
fc3rev_h128,128,mne_l2,rate_uniform,16,16,43,0.35,85.980000,,important results/fashion_mnist_fc3rev_three_regs/noise_sweep_rate_uniform_L16_T16/fc3rev_h128/mne_l2/seed_43/noise_sweep_matrix_fashion_mnist_fc3rev_h128_T16_mode_rate_uniform_schedule_normal_seed_43.csv
fc3rev_h128,128,mne_l2,rate_uniform,16,16,43,0.40,85.600000,,important results/fashion_mnist_fc3rev_three_regs/noise_sweep_rate_uniform_L16_T16/fc3rev_h128/mne_l2/seed_43/noise_sweep_matrix_fashion_mnist_fc3rev_h128_T16_mode_rate_uniform_schedule_normal_seed_43.csv
fc3rev_h128,128,mne_l2,rate_uniform,16,16,43,0.45,85.790000,,important results/fashion_mnist_fc3rev_three_regs/noise_sweep_rate_uniform_L16_T16/fc3rev_h128/mne_l2/seed_43/noise_sweep_matrix_fashion_mnist_fc3rev_h128_T16_mode_rate_uniform_schedule_normal_seed_43.csv
fc3rev_h128,128,mne_l2,rate_uniform,16,16,43,0.50,86.010000,,important results/fashion_mnist_fc3rev_three_regs/noise_sweep_rate_uniform_L16_T16/fc3rev_h128/mne_l2/seed_43/noise_sweep_matrix_fashion_mnist_fc3rev_h128_T16_mode_rate_uniform_schedule_normal_seed_43.csv
fc3rev_h128,128,mne_l2,rate_uniform,16,16,43,0.55,85.360000,,important results/fashion_mnist_fc3rev_three_regs/noise_sweep_rate_uniform_L16_T16/fc3rev_h128/mne_l2/seed_43/noise_sweep_matrix_fashion_mnist_fc3rev_h128_T16_mode_rate_uniform_schedule_normal_seed_43.csv
fc3rev_h128,128,mne_l2,rate_uniform,16,16,43,0.60,85.600000,,important results/fashion_mnist_fc3rev_three_regs/noise_sweep_rate_uniform_L16_T16/fc3rev_h128/mne_l2/seed_43/noise_sweep_matrix_fashion_mnist_fc3rev_h128_T16_mode_rate_uniform_schedule_normal_seed_43.csv
fc3rev_h128,128,mne_l2,rate_uniform,16,16,43,0.65,85.320000,,important results/fashion_mnist_fc3rev_three_regs/noise_sweep_rate_uniform_L16_T16/fc3rev_h128/mne_l2/seed_43/noise_sweep_matrix_fashion_mnist_fc3rev_h128_T16_mode_rate_uniform_schedule_normal_seed_43.csv
fc3rev_h128,128,mne_l2,rate_uniform,16,16,43,0.70,84.810000,,important results/fashion_mnist_fc3rev_three_regs/noise_sweep_rate_uniform_L16_T16/fc3rev_h128/mne_l2/seed_43/noise_sweep_matrix_fashion_mnist_fc3rev_h128_T16_mode_rate_uniform_schedule_normal_seed_43.csv
fc3rev_h128,128,mne_l2,rate_uniform,16,16,43,0.75,84.900000,,important results/fashion_mnist_fc3rev_three_regs/noise_sweep_rate_uniform_L16_T16/fc3rev_h128/mne_l2/seed_43/noise_sweep_matrix_fashion_mnist_fc3rev_h128_T16_mode_rate_uniform_schedule_normal_seed_43.csv
fc3rev_h128,128,mne_l2,rate_uniform,16,16,43,0.80,84.590000,,important results/fashion_mnist_fc3rev_three_regs/noise_sweep_rate_uniform_L16_T16/fc3rev_h128/mne_l2/seed_43/noise_sweep_matrix_fashion_mnist_fc3rev_h128_T16_mode_rate_uniform_schedule_normal_seed_43.csv
fc3rev_h128,128,mne_l2,rate_uniform,16,16,43,0.85,84.560000,,important results/fashion_mnist_fc3rev_three_regs/noise_sweep_rate_uniform_L16_T16/fc3rev_h128/mne_l2/seed_43/noise_sweep_matrix_fashion_mnist_fc3rev_h128_T16_mode_rate_uniform_schedule_normal_seed_43.csv
fc3rev_h128,128,mne_l2,rate_uniform,16,16,43,0.90,84.900000,,important results/fashion_mnist_fc3rev_three_regs/noise_sweep_rate_uniform_L16_T16/fc3rev_h128/mne_l2/seed_43/noise_sweep_matrix_fashion_mnist_fc3rev_h128_T16_mode_rate_uniform_schedule_normal_seed_43.csv
fc3rev_h128,128,mne_l2,rate_uniform,16,16,43,0.95,84.460000,,important results/fashion_mnist_fc3rev_three_regs/noise_sweep_rate_uniform_L16_T16/fc3rev_h128/mne_l2/seed_43/noise_sweep_matrix_fashion_mnist_fc3rev_h128_T16_mode_rate_uniform_schedule_normal_seed_43.csv
fc3rev_h128,128,mne_l2,rate_uniform,16,16,43,1.00,84.270000,,important results/fashion_mnist_fc3rev_three_regs/noise_sweep_rate_uniform_L16_T16/fc3rev_h128/mne_l2/seed_43/noise_sweep_matrix_fashion_mnist_fc3rev_h128_T16_mode_rate_uniform_schedule_normal_seed_43.csv
fc3rev_h128,128,mne_l2,rate_uniform,16,16,44,0.00,86.220000,,important results/fashion_mnist_fc3rev_three_regs/noise_sweep_rate_uniform_L16_T16/fc3rev_h128/mne_l2/seed_44/noise_sweep_matrix_fashion_mnist_fc3rev_h128_T16_mode_rate_uniform_schedule_normal_seed_44.csv
fc3rev_h128,128,mne_l2,rate_uniform,16,16,44,0.05,85.920000,,important results/fashion_mnist_fc3rev_three_regs/noise_sweep_rate_uniform_L16_T16/fc3rev_h128/mne_l2/seed_44/noise_sweep_matrix_fashion_mnist_fc3rev_h128_T16_mode_rate_uniform_schedule_normal_seed_44.csv
fc3rev_h128,128,mne_l2,rate_uniform,16,16,44,0.10,86.090000,,important results/fashion_mnist_fc3rev_three_regs/noise_sweep_rate_uniform_L16_T16/fc3rev_h128/mne_l2/seed_44/noise_sweep_matrix_fashion_mnist_fc3rev_h128_T16_mode_rate_uniform_schedule_normal_seed_44.csv
fc3rev_h128,128,mne_l2,rate_uniform,16,16,44,0.15,86.310000,,important results/fashion_mnist_fc3rev_three_regs/noise_sweep_rate_uniform_L16_T16/fc3rev_h128/mne_l2/seed_44/noise_sweep_matrix_fashion_mnist_fc3rev_h128_T16_mode_rate_uniform_schedule_normal_seed_44.csv
fc3rev_h128,128,mne_l2,rate_uniform,16,16,44,0.20,85.970000,,important results/fashion_mnist_fc3rev_three_regs/noise_sweep_rate_uniform_L16_T16/fc3rev_h128/mne_l2/seed_44/noise_sweep_matrix_fashion_mnist_fc3rev_h128_T16_mode_rate_uniform_schedule_normal_seed_44.csv
fc3rev_h128,128,mne_l2,rate_uniform,16,16,44,0.25,85.780000,,important results/fashion_mnist_fc3rev_three_regs/noise_sweep_rate_uniform_L16_T16/fc3rev_h128/mne_l2/seed_44/noise_sweep_matrix_fashion_mnist_fc3rev_h128_T16_mode_rate_uniform_schedule_normal_seed_44.csv
fc3rev_h128,128,mne_l2,rate_uniform,16,16,44,0.30,85.730000,,important results/fashion_mnist_fc3rev_three_regs/noise_sweep_rate_uniform_L16_T16/fc3rev_h128/mne_l2/seed_44/noise_sweep_matrix_fashion_mnist_fc3rev_h128_T16_mode_rate_uniform_schedule_normal_seed_44.csv
fc3rev_h128,128,mne_l2,rate_uniform,16,16,44,0.35,85.840000,,important results/fashion_mnist_fc3rev_three_regs/noise_sweep_rate_uniform_L16_T16/fc3rev_h128/mne_l2/seed_44/noise_sweep_matrix_fashion_mnist_fc3rev_h128_T16_mode_rate_uniform_schedule_normal_seed_44.csv
fc3rev_h128,128,mne_l2,rate_uniform,16,16,44,0.40,85.550000,,important results/fashion_mnist_fc3rev_three_regs/noise_sweep_rate_uniform_L16_T16/fc3rev_h128/mne_l2/seed_44/noise_sweep_matrix_fashion_mnist_fc3rev_h128_T16_mode_rate_uniform_schedule_normal_seed_44.csv
fc3rev_h128,128,mne_l2,rate_uniform,16,16,44,0.45,85.600000,,important results/fashion_mnist_fc3rev_three_regs/noise_sweep_rate_uniform_L16_T16/fc3rev_h128/mne_l2/seed_44/noise_sweep_matrix_fashion_mnist_fc3rev_h128_T16_mode_rate_uniform_schedule_normal_seed_44.csv
fc3rev_h128,128,mne_l2,rate_uniform,16,16,44,0.50,85.110000,,important results/fashion_mnist_fc3rev_three_regs/noise_sweep_rate_uniform_L16_T16/fc3rev_h128/mne_l2/seed_44/noise_sweep_matrix_fashion_mnist_fc3rev_h128_T16_mode_rate_uniform_schedule_normal_seed_44.csv
fc3rev_h128,128,mne_l2,rate_uniform,16,16,44,0.55,85.560000,,important results/fashion_mnist_fc3rev_three_regs/noise_sweep_rate_uniform_L16_T16/fc3rev_h128/mne_l2/seed_44/noise_sweep_matrix_fashion_mnist_fc3rev_h128_T16_mode_rate_uniform_schedule_normal_seed_44.csv
fc3rev_h128,128,mne_l2,rate_uniform,16,16,44,0.60,85.030000,,important results/fashion_mnist_fc3rev_three_regs/noise_sweep_rate_uniform_L16_T16/fc3rev_h128/mne_l2/seed_44/noise_sweep_matrix_fashion_mnist_fc3rev_h128_T16_mode_rate_uniform_schedule_normal_seed_44.csv
fc3rev_h128,128,mne_l2,rate_uniform,16,16,44,0.65,84.990000,,important results/fashion_mnist_fc3rev_three_regs/noise_sweep_rate_uniform_L16_T16/fc3rev_h128/mne_l2/seed_44/noise_sweep_matrix_fashion_mnist_fc3rev_h128_T16_mode_rate_uniform_schedule_normal_seed_44.csv
fc3rev_h128,128,mne_l2,rate_uniform,16,16,44,0.70,84.860000,,important results/fashion_mnist_fc3rev_three_regs/noise_sweep_rate_uniform_L16_T16/fc3rev_h128/mne_l2/seed_44/noise_sweep_matrix_fashion_mnist_fc3rev_h128_T16_mode_rate_uniform_schedule_normal_seed_44.csv
fc3rev_h128,128,mne_l2,rate_uniform,16,16,44,0.75,85.020000,,important results/fashion_mnist_fc3rev_three_regs/noise_sweep_rate_uniform_L16_T16/fc3rev_h128/mne_l2/seed_44/noise_sweep_matrix_fashion_mnist_fc3rev_h128_T16_mode_rate_uniform_schedule_normal_seed_44.csv
fc3rev_h128,128,mne_l2,rate_uniform,16,16,44,0.80,84.740000,,important results/fashion_mnist_fc3rev_three_regs/noise_sweep_rate_uniform_L16_T16/fc3rev_h128/mne_l2/seed_44/noise_sweep_matrix_fashion_mnist_fc3rev_h128_T16_mode_rate_uniform_schedule_normal_seed_44.csv
fc3rev_h128,128,mne_l2,rate_uniform,16,16,44,0.85,84.700000,,important results/fashion_mnist_fc3rev_three_regs/noise_sweep_rate_uniform_L16_T16/fc3rev_h128/mne_l2/seed_44/noise_sweep_matrix_fashion_mnist_fc3rev_h128_T16_mode_rate_uniform_schedule_normal_seed_44.csv
fc3rev_h128,128,mne_l2,rate_uniform,16,16,44,0.90,84.110000,,important results/fashion_mnist_fc3rev_three_regs/noise_sweep_rate_uniform_L16_T16/fc3rev_h128/mne_l2/seed_44/noise_sweep_matrix_fashion_mnist_fc3rev_h128_T16_mode_rate_uniform_schedule_normal_seed_44.csv
fc3rev_h128,128,mne_l2,rate_uniform,16,16,44,0.95,83.670000,,important results/fashion_mnist_fc3rev_three_regs/noise_sweep_rate_uniform_L16_T16/fc3rev_h128/mne_l2/seed_44/noise_sweep_matrix_fashion_mnist_fc3rev_h128_T16_mode_rate_uniform_schedule_normal_seed_44.csv
fc3rev_h128,128,mne_l2,rate_uniform,16,16,44,1.00,83.960000,,important results/fashion_mnist_fc3rev_three_regs/noise_sweep_rate_uniform_L16_T16/fc3rev_h128/mne_l2/seed_44/noise_sweep_matrix_fashion_mnist_fc3rev_h128_T16_mode_rate_uniform_schedule_normal_seed_44.csv
fc3rev_h128,128,no_regularization,rate_uniform,16,16,40,0.00,87.300000,,important results/fashion_mnist_fc3rev_three_regs/noise_sweep_rate_uniform_L16_T16/fc3rev_h128/no_regularization/seed_40/noise_sweep_matrix_fashion_mnist_fc3rev_h128_T16_mode_rate_uniform_schedule_normal_seed_40.csv
fc3rev_h128,128,no_regularization,rate_uniform,16,16,40,0.05,87.190000,,important results/fashion_mnist_fc3rev_three_regs/noise_sweep_rate_uniform_L16_T16/fc3rev_h128/no_regularization/seed_40/noise_sweep_matrix_fashion_mnist_fc3rev_h128_T16_mode_rate_uniform_schedule_normal_seed_40.csv
fc3rev_h128,128,no_regularization,rate_uniform,16,16,40,0.10,87.070000,,important results/fashion_mnist_fc3rev_three_regs/noise_sweep_rate_uniform_L16_T16/fc3rev_h128/no_regularization/seed_40/noise_sweep_matrix_fashion_mnist_fc3rev_h128_T16_mode_rate_uniform_schedule_normal_seed_40.csv
fc3rev_h128,128,no_regularization,rate_uniform,16,16,40,0.15,86.760000,,important results/fashion_mnist_fc3rev_three_regs/noise_sweep_rate_uniform_L16_T16/fc3rev_h128/no_regularization/seed_40/noise_sweep_matrix_fashion_mnist_fc3rev_h128_T16_mode_rate_uniform_schedule_normal_seed_40.csv
fc3rev_h128,128,no_regularization,rate_uniform,16,16,40,0.20,86.730000,,important results/fashion_mnist_fc3rev_three_regs/noise_sweep_rate_uniform_L16_T16/fc3rev_h128/no_regularization/seed_40/noise_sweep_matrix_fashion_mnist_fc3rev_h128_T16_mode_rate_uniform_schedule_normal_seed_40.csv
fc3rev_h128,128,no_regularization,rate_uniform,16,16,40,0.25,87.030000,,important results/fashion_mnist_fc3rev_three_regs/noise_sweep_rate_uniform_L16_T16/fc3rev_h128/no_regularization/seed_40/noise_sweep_matrix_fashion_mnist_fc3rev_h128_T16_mode_rate_uniform_schedule_normal_seed_40.csv
fc3rev_h128,128,no_regularization,rate_uniform,16,16,40,0.30,86.640000,,important results/fashion_mnist_fc3rev_three_regs/noise_sweep_rate_uniform_L16_T16/fc3rev_h128/no_regularization/seed_40/noise_sweep_matrix_fashion_mnist_fc3rev_h128_T16_mode_rate_uniform_schedule_normal_seed_40.csv
fc3rev_h128,128,no_regularization,rate_uniform,16,16,40,0.35,86.890000,,important results/fashion_mnist_fc3rev_three_regs/noise_sweep_rate_uniform_L16_T16/fc3rev_h128/no_regularization/seed_40/noise_sweep_matrix_fashion_mnist_fc3rev_h128_T16_mode_rate_uniform_schedule_normal_seed_40.csv
fc3rev_h128,128,no_regularization,rate_uniform,16,16,40,0.40,86.260000,,important results/fashion_mnist_fc3rev_three_regs/noise_sweep_rate_uniform_L16_T16/fc3rev_h128/no_regularization/seed_40/noise_sweep_matrix_fashion_mnist_fc3rev_h128_T16_mode_rate_uniform_schedule_normal_seed_40.csv
fc3rev_h128,128,no_regularization,rate_uniform,16,16,40,0.45,86.720000,,important results/fashion_mnist_fc3rev_three_regs/noise_sweep_rate_uniform_L16_T16/fc3rev_h128/no_regularization/seed_40/noise_sweep_matrix_fashion_mnist_fc3rev_h128_T16_mode_rate_uniform_schedule_normal_seed_40.csv
fc3rev_h128,128,no_regularization,rate_uniform,16,16,40,0.50,86.210000,,important results/fashion_mnist_fc3rev_three_regs/noise_sweep_rate_uniform_L16_T16/fc3rev_h128/no_regularization/seed_40/noise_sweep_matrix_fashion_mnist_fc3rev_h128_T16_mode_rate_uniform_schedule_normal_seed_40.csv
fc3rev_h128,128,no_regularization,rate_uniform,16,16,40,0.55,86.300000,,important results/fashion_mnist_fc3rev_three_regs/noise_sweep_rate_uniform_L16_T16/fc3rev_h128/no_regularization/seed_40/noise_sweep_matrix_fashion_mnist_fc3rev_h128_T16_mode_rate_uniform_schedule_normal_seed_40.csv
fc3rev_h128,128,no_regularization,rate_uniform,16,16,40,0.60,85.740000,,important results/fashion_mnist_fc3rev_three_regs/noise_sweep_rate_uniform_L16_T16/fc3rev_h128/no_regularization/seed_40/noise_sweep_matrix_fashion_mnist_fc3rev_h128_T16_mode_rate_uniform_schedule_normal_seed_40.csv
fc3rev_h128,128,no_regularization,rate_uniform,16,16,40,0.65,85.790000,,important results/fashion_mnist_fc3rev_three_regs/noise_sweep_rate_uniform_L16_T16/fc3rev_h128/no_regularization/seed_40/noise_sweep_matrix_fashion_mnist_fc3rev_h128_T16_mode_rate_uniform_schedule_normal_seed_40.csv
fc3rev_h128,128,no_regularization,rate_uniform,16,16,40,0.70,85.090000,,important results/fashion_mnist_fc3rev_three_regs/noise_sweep_rate_uniform_L16_T16/fc3rev_h128/no_regularization/seed_40/noise_sweep_matrix_fashion_mnist_fc3rev_h128_T16_mode_rate_uniform_schedule_normal_seed_40.csv
fc3rev_h128,128,no_regularization,rate_uniform,16,16,40,0.75,85.250000,,important results/fashion_mnist_fc3rev_three_regs/noise_sweep_rate_uniform_L16_T16/fc3rev_h128/no_regularization/seed_40/noise_sweep_matrix_fashion_mnist_fc3rev_h128_T16_mode_rate_uniform_schedule_normal_seed_40.csv
fc3rev_h128,128,no_regularization,rate_uniform,16,16,40,0.80,84.720000,,important results/fashion_mnist_fc3rev_three_regs/noise_sweep_rate_uniform_L16_T16/fc3rev_h128/no_regularization/seed_40/noise_sweep_matrix_fashion_mnist_fc3rev_h128_T16_mode_rate_uniform_schedule_normal_seed_40.csv
fc3rev_h128,128,no_regularization,rate_uniform,16,16,40,0.85,84.810000,,important results/fashion_mnist_fc3rev_three_regs/noise_sweep_rate_uniform_L16_T16/fc3rev_h128/no_regularization/seed_40/noise_sweep_matrix_fashion_mnist_fc3rev_h128_T16_mode_rate_uniform_schedule_normal_seed_40.csv
fc3rev_h128,128,no_regularization,rate_uniform,16,16,40,0.90,84.380000,,important results/fashion_mnist_fc3rev_three_regs/noise_sweep_rate_uniform_L16_T16/fc3rev_h128/no_regularization/seed_40/noise_sweep_matrix_fashion_mnist_fc3rev_h128_T16_mode_rate_uniform_schedule_normal_seed_40.csv
fc3rev_h128,128,no_regularization,rate_uniform,16,16,40,0.95,83.990000,,important results/fashion_mnist_fc3rev_three_regs/noise_sweep_rate_uniform_L16_T16/fc3rev_h128/no_regularization/seed_40/noise_sweep_matrix_fashion_mnist_fc3rev_h128_T16_mode_rate_uniform_schedule_normal_seed_40.csv
fc3rev_h128,128,no_regularization,rate_uniform,16,16,40,1.00,83.590000,,important results/fashion_mnist_fc3rev_three_regs/noise_sweep_rate_uniform_L16_T16/fc3rev_h128/no_regularization/seed_40/noise_sweep_matrix_fashion_mnist_fc3rev_h128_T16_mode_rate_uniform_schedule_normal_seed_40.csv
fc3rev_h128,128,no_regularization,rate_uniform,16,16,41,0.00,87.130000,,important results/fashion_mnist_fc3rev_three_regs/noise_sweep_rate_uniform_L16_T16/fc3rev_h128/no_regularization/seed_41/noise_sweep_matrix_fashion_mnist_fc3rev_h128_T16_mode_rate_uniform_schedule_normal_seed_41.csv
fc3rev_h128,128,no_regularization,rate_uniform,16,16,41,0.05,86.890000,,important results/fashion_mnist_fc3rev_three_regs/noise_sweep_rate_uniform_L16_T16/fc3rev_h128/no_regularization/seed_41/noise_sweep_matrix_fashion_mnist_fc3rev_h128_T16_mode_rate_uniform_schedule_normal_seed_41.csv
fc3rev_h128,128,no_regularization,rate_uniform,16,16,41,0.10,87.170000,,important results/fashion_mnist_fc3rev_three_regs/noise_sweep_rate_uniform_L16_T16/fc3rev_h128/no_regularization/seed_41/noise_sweep_matrix_fashion_mnist_fc3rev_h128_T16_mode_rate_uniform_schedule_normal_seed_41.csv
fc3rev_h128,128,no_regularization,rate_uniform,16,16,41,0.15,87.000000,,important results/fashion_mnist_fc3rev_three_regs/noise_sweep_rate_uniform_L16_T16/fc3rev_h128/no_regularization/seed_41/noise_sweep_matrix_fashion_mnist_fc3rev_h128_T16_mode_rate_uniform_schedule_normal_seed_41.csv
fc3rev_h128,128,no_regularization,rate_uniform,16,16,41,0.20,86.720000,,important results/fashion_mnist_fc3rev_three_regs/noise_sweep_rate_uniform_L16_T16/fc3rev_h128/no_regularization/seed_41/noise_sweep_matrix_fashion_mnist_fc3rev_h128_T16_mode_rate_uniform_schedule_normal_seed_41.csv
fc3rev_h128,128,no_regularization,rate_uniform,16,16,41,0.25,86.670000,,important results/fashion_mnist_fc3rev_three_regs/noise_sweep_rate_uniform_L16_T16/fc3rev_h128/no_regularization/seed_41/noise_sweep_matrix_fashion_mnist_fc3rev_h128_T16_mode_rate_uniform_schedule_normal_seed_41.csv
fc3rev_h128,128,no_regularization,rate_uniform,16,16,41,0.30,86.750000,,important results/fashion_mnist_fc3rev_three_regs/noise_sweep_rate_uniform_L16_T16/fc3rev_h128/no_regularization/seed_41/noise_sweep_matrix_fashion_mnist_fc3rev_h128_T16_mode_rate_uniform_schedule_normal_seed_41.csv
fc3rev_h128,128,no_regularization,rate_uniform,16,16,41,0.35,86.790000,,important results/fashion_mnist_fc3rev_three_regs/noise_sweep_rate_uniform_L16_T16/fc3rev_h128/no_regularization/seed_41/noise_sweep_matrix_fashion_mnist_fc3rev_h128_T16_mode_rate_uniform_schedule_normal_seed_41.csv
fc3rev_h128,128,no_regularization,rate_uniform,16,16,41,0.40,86.410000,,important results/fashion_mnist_fc3rev_three_regs/noise_sweep_rate_uniform_L16_T16/fc3rev_h128/no_regularization/seed_41/noise_sweep_matrix_fashion_mnist_fc3rev_h128_T16_mode_rate_uniform_schedule_normal_seed_41.csv
fc3rev_h128,128,no_regularization,rate_uniform,16,16,41,0.45,86.320000,,important results/fashion_mnist_fc3rev_three_regs/noise_sweep_rate_uniform_L16_T16/fc3rev_h128/no_regularization/seed_41/noise_sweep_matrix_fashion_mnist_fc3rev_h128_T16_mode_rate_uniform_schedule_normal_seed_41.csv
fc3rev_h128,128,no_regularization,rate_uniform,16,16,41,0.50,86.200000,,important results/fashion_mnist_fc3rev_three_regs/noise_sweep_rate_uniform_L16_T16/fc3rev_h128/no_regularization/seed_41/noise_sweep_matrix_fashion_mnist_fc3rev_h128_T16_mode_rate_uniform_schedule_normal_seed_41.csv
fc3rev_h128,128,no_regularization,rate_uniform,16,16,41,0.55,86.240000,,important results/fashion_mnist_fc3rev_three_regs/noise_sweep_rate_uniform_L16_T16/fc3rev_h128/no_regularization/seed_41/noise_sweep_matrix_fashion_mnist_fc3rev_h128_T16_mode_rate_uniform_schedule_normal_seed_41.csv
fc3rev_h128,128,no_regularization,rate_uniform,16,16,41,0.60,85.660000,,important results/fashion_mnist_fc3rev_three_regs/noise_sweep_rate_uniform_L16_T16/fc3rev_h128/no_regularization/seed_41/noise_sweep_matrix_fashion_mnist_fc3rev_h128_T16_mode_rate_uniform_schedule_normal_seed_41.csv
fc3rev_h128,128,no_regularization,rate_uniform,16,16,41,0.65,85.270000,,important results/fashion_mnist_fc3rev_three_regs/noise_sweep_rate_uniform_L16_T16/fc3rev_h128/no_regularization/seed_41/noise_sweep_matrix_fashion_mnist_fc3rev_h128_T16_mode_rate_uniform_schedule_normal_seed_41.csv
fc3rev_h128,128,no_regularization,rate_uniform,16,16,41,0.70,85.380000,,important results/fashion_mnist_fc3rev_three_regs/noise_sweep_rate_uniform_L16_T16/fc3rev_h128/no_regularization/seed_41/noise_sweep_matrix_fashion_mnist_fc3rev_h128_T16_mode_rate_uniform_schedule_normal_seed_41.csv
fc3rev_h128,128,no_regularization,rate_uniform,16,16,41,0.75,84.930000,,important results/fashion_mnist_fc3rev_three_regs/noise_sweep_rate_uniform_L16_T16/fc3rev_h128/no_regularization/seed_41/noise_sweep_matrix_fashion_mnist_fc3rev_h128_T16_mode_rate_uniform_schedule_normal_seed_41.csv
fc3rev_h128,128,no_regularization,rate_uniform,16,16,41,0.80,84.710000,,important results/fashion_mnist_fc3rev_three_regs/noise_sweep_rate_uniform_L16_T16/fc3rev_h128/no_regularization/seed_41/noise_sweep_matrix_fashion_mnist_fc3rev_h128_T16_mode_rate_uniform_schedule_normal_seed_41.csv
fc3rev_h128,128,no_regularization,rate_uniform,16,16,41,0.85,84.270000,,important results/fashion_mnist_fc3rev_three_regs/noise_sweep_rate_uniform_L16_T16/fc3rev_h128/no_regularization/seed_41/noise_sweep_matrix_fashion_mnist_fc3rev_h128_T16_mode_rate_uniform_schedule_normal_seed_41.csv
fc3rev_h128,128,no_regularization,rate_uniform,16,16,41,0.90,83.920000,,important results/fashion_mnist_fc3rev_three_regs/noise_sweep_rate_uniform_L16_T16/fc3rev_h128/no_regularization/seed_41/noise_sweep_matrix_fashion_mnist_fc3rev_h128_T16_mode_rate_uniform_schedule_normal_seed_41.csv
fc3rev_h128,128,no_regularization,rate_uniform,16,16,41,0.95,83.660000,,important results/fashion_mnist_fc3rev_three_regs/noise_sweep_rate_uniform_L16_T16/fc3rev_h128/no_regularization/seed_41/noise_sweep_matrix_fashion_mnist_fc3rev_h128_T16_mode_rate_uniform_schedule_normal_seed_41.csv
fc3rev_h128,128,no_regularization,rate_uniform,16,16,41,1.00,83.390000,,important results/fashion_mnist_fc3rev_three_regs/noise_sweep_rate_uniform_L16_T16/fc3rev_h128/no_regularization/seed_41/noise_sweep_matrix_fashion_mnist_fc3rev_h128_T16_mode_rate_uniform_schedule_normal_seed_41.csv
fc3rev_h128,128,no_regularization,rate_uniform,16,16,42,0.00,87.170000,,important results/fashion_mnist_fc3rev_three_regs/noise_sweep_rate_uniform_L16_T16/fc3rev_h128/no_regularization/seed_42/noise_sweep_matrix_fashion_mnist_fc3rev_h128_T16_mode_rate_uniform_schedule_normal_seed_42.csv
fc3rev_h128,128,no_regularization,rate_uniform,16,16,42,0.05,86.810000,,important results/fashion_mnist_fc3rev_three_regs/noise_sweep_rate_uniform_L16_T16/fc3rev_h128/no_regularization/seed_42/noise_sweep_matrix_fashion_mnist_fc3rev_h128_T16_mode_rate_uniform_schedule_normal_seed_42.csv
fc3rev_h128,128,no_regularization,rate_uniform,16,16,42,0.10,86.830000,,important results/fashion_mnist_fc3rev_three_regs/noise_sweep_rate_uniform_L16_T16/fc3rev_h128/no_regularization/seed_42/noise_sweep_matrix_fashion_mnist_fc3rev_h128_T16_mode_rate_uniform_schedule_normal_seed_42.csv
fc3rev_h128,128,no_regularization,rate_uniform,16,16,42,0.15,86.680000,,important results/fashion_mnist_fc3rev_three_regs/noise_sweep_rate_uniform_L16_T16/fc3rev_h128/no_regularization/seed_42/noise_sweep_matrix_fashion_mnist_fc3rev_h128_T16_mode_rate_uniform_schedule_normal_seed_42.csv
fc3rev_h128,128,no_regularization,rate_uniform,16,16,42,0.20,86.860000,,important results/fashion_mnist_fc3rev_three_regs/noise_sweep_rate_uniform_L16_T16/fc3rev_h128/no_regularization/seed_42/noise_sweep_matrix_fashion_mnist_fc3rev_h128_T16_mode_rate_uniform_schedule_normal_seed_42.csv
fc3rev_h128,128,no_regularization,rate_uniform,16,16,42,0.25,86.880000,,important results/fashion_mnist_fc3rev_three_regs/noise_sweep_rate_uniform_L16_T16/fc3rev_h128/no_regularization/seed_42/noise_sweep_matrix_fashion_mnist_fc3rev_h128_T16_mode_rate_uniform_schedule_normal_seed_42.csv
fc3rev_h128,128,no_regularization,rate_uniform,16,16,42,0.30,86.900000,,important results/fashion_mnist_fc3rev_three_regs/noise_sweep_rate_uniform_L16_T16/fc3rev_h128/no_regularization/seed_42/noise_sweep_matrix_fashion_mnist_fc3rev_h128_T16_mode_rate_uniform_schedule_normal_seed_42.csv
fc3rev_h128,128,no_regularization,rate_uniform,16,16,42,0.35,86.280000,,important results/fashion_mnist_fc3rev_three_regs/noise_sweep_rate_uniform_L16_T16/fc3rev_h128/no_regularization/seed_42/noise_sweep_matrix_fashion_mnist_fc3rev_h128_T16_mode_rate_uniform_schedule_normal_seed_42.csv
fc3rev_h128,128,no_regularization,rate_uniform,16,16,42,0.40,86.430000,,important results/fashion_mnist_fc3rev_three_regs/noise_sweep_rate_uniform_L16_T16/fc3rev_h128/no_regularization/seed_42/noise_sweep_matrix_fashion_mnist_fc3rev_h128_T16_mode_rate_uniform_schedule_normal_seed_42.csv
fc3rev_h128,128,no_regularization,rate_uniform,16,16,42,0.45,86.070000,,important results/fashion_mnist_fc3rev_three_regs/noise_sweep_rate_uniform_L16_T16/fc3rev_h128/no_regularization/seed_42/noise_sweep_matrix_fashion_mnist_fc3rev_h128_T16_mode_rate_uniform_schedule_normal_seed_42.csv
fc3rev_h128,128,no_regularization,rate_uniform,16,16,42,0.50,85.920000,,important results/fashion_mnist_fc3rev_three_regs/noise_sweep_rate_uniform_L16_T16/fc3rev_h128/no_regularization/seed_42/noise_sweep_matrix_fashion_mnist_fc3rev_h128_T16_mode_rate_uniform_schedule_normal_seed_42.csv
fc3rev_h128,128,no_regularization,rate_uniform,16,16,42,0.55,85.580000,,important results/fashion_mnist_fc3rev_three_regs/noise_sweep_rate_uniform_L16_T16/fc3rev_h128/no_regularization/seed_42/noise_sweep_matrix_fashion_mnist_fc3rev_h128_T16_mode_rate_uniform_schedule_normal_seed_42.csv
fc3rev_h128,128,no_regularization,rate_uniform,16,16,42,0.60,86.050000,,important results/fashion_mnist_fc3rev_three_regs/noise_sweep_rate_uniform_L16_T16/fc3rev_h128/no_regularization/seed_42/noise_sweep_matrix_fashion_mnist_fc3rev_h128_T16_mode_rate_uniform_schedule_normal_seed_42.csv
fc3rev_h128,128,no_regularization,rate_uniform,16,16,42,0.65,85.680000,,important results/fashion_mnist_fc3rev_three_regs/noise_sweep_rate_uniform_L16_T16/fc3rev_h128/no_regularization/seed_42/noise_sweep_matrix_fashion_mnist_fc3rev_h128_T16_mode_rate_uniform_schedule_normal_seed_42.csv
fc3rev_h128,128,no_regularization,rate_uniform,16,16,42,0.70,85.190000,,important results/fashion_mnist_fc3rev_three_regs/noise_sweep_rate_uniform_L16_T16/fc3rev_h128/no_regularization/seed_42/noise_sweep_matrix_fashion_mnist_fc3rev_h128_T16_mode_rate_uniform_schedule_normal_seed_42.csv
fc3rev_h128,128,no_regularization,rate_uniform,16,16,42,0.75,84.770000,,important results/fashion_mnist_fc3rev_three_regs/noise_sweep_rate_uniform_L16_T16/fc3rev_h128/no_regularization/seed_42/noise_sweep_matrix_fashion_mnist_fc3rev_h128_T16_mode_rate_uniform_schedule_normal_seed_42.csv
fc3rev_h128,128,no_regularization,rate_uniform,16,16,42,0.80,84.900000,,important results/fashion_mnist_fc3rev_three_regs/noise_sweep_rate_uniform_L16_T16/fc3rev_h128/no_regularization/seed_42/noise_sweep_matrix_fashion_mnist_fc3rev_h128_T16_mode_rate_uniform_schedule_normal_seed_42.csv
fc3rev_h128,128,no_regularization,rate_uniform,16,16,42,0.85,84.600000,,important results/fashion_mnist_fc3rev_three_regs/noise_sweep_rate_uniform_L16_T16/fc3rev_h128/no_regularization/seed_42/noise_sweep_matrix_fashion_mnist_fc3rev_h128_T16_mode_rate_uniform_schedule_normal_seed_42.csv
fc3rev_h128,128,no_regularization,rate_uniform,16,16,42,0.90,84.300000,,important results/fashion_mnist_fc3rev_three_regs/noise_sweep_rate_uniform_L16_T16/fc3rev_h128/no_regularization/seed_42/noise_sweep_matrix_fashion_mnist_fc3rev_h128_T16_mode_rate_uniform_schedule_normal_seed_42.csv
fc3rev_h128,128,no_regularization,rate_uniform,16,16,42,0.95,83.790000,,important results/fashion_mnist_fc3rev_three_regs/noise_sweep_rate_uniform_L16_T16/fc3rev_h128/no_regularization/seed_42/noise_sweep_matrix_fashion_mnist_fc3rev_h128_T16_mode_rate_uniform_schedule_normal_seed_42.csv
fc3rev_h128,128,no_regularization,rate_uniform,16,16,42,1.00,83.550000,,important results/fashion_mnist_fc3rev_three_regs/noise_sweep_rate_uniform_L16_T16/fc3rev_h128/no_regularization/seed_42/noise_sweep_matrix_fashion_mnist_fc3rev_h128_T16_mode_rate_uniform_schedule_normal_seed_42.csv
fc3rev_h128,128,no_regularization,rate_uniform,16,16,43,0.00,87.230000,,important results/fashion_mnist_fc3rev_three_regs/noise_sweep_rate_uniform_L16_T16/fc3rev_h128/no_regularization/seed_43/noise_sweep_matrix_fashion_mnist_fc3rev_h128_T16_mode_rate_uniform_schedule_normal_seed_43.csv
fc3rev_h128,128,no_regularization,rate_uniform,16,16,43,0.05,87.180000,,important results/fashion_mnist_fc3rev_three_regs/noise_sweep_rate_uniform_L16_T16/fc3rev_h128/no_regularization/seed_43/noise_sweep_matrix_fashion_mnist_fc3rev_h128_T16_mode_rate_uniform_schedule_normal_seed_43.csv
fc3rev_h128,128,no_regularization,rate_uniform,16,16,43,0.10,87.150000,,important results/fashion_mnist_fc3rev_three_regs/noise_sweep_rate_uniform_L16_T16/fc3rev_h128/no_regularization/seed_43/noise_sweep_matrix_fashion_mnist_fc3rev_h128_T16_mode_rate_uniform_schedule_normal_seed_43.csv
fc3rev_h128,128,no_regularization,rate_uniform,16,16,43,0.15,87.090000,,important results/fashion_mnist_fc3rev_three_regs/noise_sweep_rate_uniform_L16_T16/fc3rev_h128/no_regularization/seed_43/noise_sweep_matrix_fashion_mnist_fc3rev_h128_T16_mode_rate_uniform_schedule_normal_seed_43.csv
fc3rev_h128,128,no_regularization,rate_uniform,16,16,43,0.20,86.890000,,important results/fashion_mnist_fc3rev_three_regs/noise_sweep_rate_uniform_L16_T16/fc3rev_h128/no_regularization/seed_43/noise_sweep_matrix_fashion_mnist_fc3rev_h128_T16_mode_rate_uniform_schedule_normal_seed_43.csv
fc3rev_h128,128,no_regularization,rate_uniform,16,16,43,0.25,86.940000,,important results/fashion_mnist_fc3rev_three_regs/noise_sweep_rate_uniform_L16_T16/fc3rev_h128/no_regularization/seed_43/noise_sweep_matrix_fashion_mnist_fc3rev_h128_T16_mode_rate_uniform_schedule_normal_seed_43.csv
fc3rev_h128,128,no_regularization,rate_uniform,16,16,43,0.30,86.840000,,important results/fashion_mnist_fc3rev_three_regs/noise_sweep_rate_uniform_L16_T16/fc3rev_h128/no_regularization/seed_43/noise_sweep_matrix_fashion_mnist_fc3rev_h128_T16_mode_rate_uniform_schedule_normal_seed_43.csv
fc3rev_h128,128,no_regularization,rate_uniform,16,16,43,0.35,86.680000,,important results/fashion_mnist_fc3rev_three_regs/noise_sweep_rate_uniform_L16_T16/fc3rev_h128/no_regularization/seed_43/noise_sweep_matrix_fashion_mnist_fc3rev_h128_T16_mode_rate_uniform_schedule_normal_seed_43.csv
fc3rev_h128,128,no_regularization,rate_uniform,16,16,43,0.40,86.630000,,important results/fashion_mnist_fc3rev_three_regs/noise_sweep_rate_uniform_L16_T16/fc3rev_h128/no_regularization/seed_43/noise_sweep_matrix_fashion_mnist_fc3rev_h128_T16_mode_rate_uniform_schedule_normal_seed_43.csv
fc3rev_h128,128,no_regularization,rate_uniform,16,16,43,0.45,86.420000,,important results/fashion_mnist_fc3rev_three_regs/noise_sweep_rate_uniform_L16_T16/fc3rev_h128/no_regularization/seed_43/noise_sweep_matrix_fashion_mnist_fc3rev_h128_T16_mode_rate_uniform_schedule_normal_seed_43.csv
fc3rev_h128,128,no_regularization,rate_uniform,16,16,43,0.50,86.420000,,important results/fashion_mnist_fc3rev_three_regs/noise_sweep_rate_uniform_L16_T16/fc3rev_h128/no_regularization/seed_43/noise_sweep_matrix_fashion_mnist_fc3rev_h128_T16_mode_rate_uniform_schedule_normal_seed_43.csv
fc3rev_h128,128,no_regularization,rate_uniform,16,16,43,0.55,86.130000,,important results/fashion_mnist_fc3rev_three_regs/noise_sweep_rate_uniform_L16_T16/fc3rev_h128/no_regularization/seed_43/noise_sweep_matrix_fashion_mnist_fc3rev_h128_T16_mode_rate_uniform_schedule_normal_seed_43.csv
fc3rev_h128,128,no_regularization,rate_uniform,16,16,43,0.60,86.150000,,important results/fashion_mnist_fc3rev_three_regs/noise_sweep_rate_uniform_L16_T16/fc3rev_h128/no_regularization/seed_43/noise_sweep_matrix_fashion_mnist_fc3rev_h128_T16_mode_rate_uniform_schedule_normal_seed_43.csv
fc3rev_h128,128,no_regularization,rate_uniform,16,16,43,0.65,85.700000,,important results/fashion_mnist_fc3rev_three_regs/noise_sweep_rate_uniform_L16_T16/fc3rev_h128/no_regularization/seed_43/noise_sweep_matrix_fashion_mnist_fc3rev_h128_T16_mode_rate_uniform_schedule_normal_seed_43.csv
fc3rev_h128,128,no_regularization,rate_uniform,16,16,43,0.70,85.390000,,important results/fashion_mnist_fc3rev_three_regs/noise_sweep_rate_uniform_L16_T16/fc3rev_h128/no_regularization/seed_43/noise_sweep_matrix_fashion_mnist_fc3rev_h128_T16_mode_rate_uniform_schedule_normal_seed_43.csv
fc3rev_h128,128,no_regularization,rate_uniform,16,16,43,0.75,85.160000,,important results/fashion_mnist_fc3rev_three_regs/noise_sweep_rate_uniform_L16_T16/fc3rev_h128/no_regularization/seed_43/noise_sweep_matrix_fashion_mnist_fc3rev_h128_T16_mode_rate_uniform_schedule_normal_seed_43.csv
fc3rev_h128,128,no_regularization,rate_uniform,16,16,43,0.80,84.450000,,important results/fashion_mnist_fc3rev_three_regs/noise_sweep_rate_uniform_L16_T16/fc3rev_h128/no_regularization/seed_43/noise_sweep_matrix_fashion_mnist_fc3rev_h128_T16_mode_rate_uniform_schedule_normal_seed_43.csv
fc3rev_h128,128,no_regularization,rate_uniform,16,16,43,0.85,84.750000,,important results/fashion_mnist_fc3rev_three_regs/noise_sweep_rate_uniform_L16_T16/fc3rev_h128/no_regularization/seed_43/noise_sweep_matrix_fashion_mnist_fc3rev_h128_T16_mode_rate_uniform_schedule_normal_seed_43.csv
fc3rev_h128,128,no_regularization,rate_uniform,16,16,43,0.90,84.560000,,important results/fashion_mnist_fc3rev_three_regs/noise_sweep_rate_uniform_L16_T16/fc3rev_h128/no_regularization/seed_43/noise_sweep_matrix_fashion_mnist_fc3rev_h128_T16_mode_rate_uniform_schedule_normal_seed_43.csv
fc3rev_h128,128,no_regularization,rate_uniform,16,16,43,0.95,84.270000,,important results/fashion_mnist_fc3rev_three_regs/noise_sweep_rate_uniform_L16_T16/fc3rev_h128/no_regularization/seed_43/noise_sweep_matrix_fashion_mnist_fc3rev_h128_T16_mode_rate_uniform_schedule_normal_seed_43.csv
fc3rev_h128,128,no_regularization,rate_uniform,16,16,43,1.00,83.620000,,important results/fashion_mnist_fc3rev_three_regs/noise_sweep_rate_uniform_L16_T16/fc3rev_h128/no_regularization/seed_43/noise_sweep_matrix_fashion_mnist_fc3rev_h128_T16_mode_rate_uniform_schedule_normal_seed_43.csv
fc3rev_h128,128,no_regularization,rate_uniform,16,16,44,0.00,87.370000,,important results/fashion_mnist_fc3rev_three_regs/noise_sweep_rate_uniform_L16_T16/fc3rev_h128/no_regularization/seed_44/noise_sweep_matrix_fashion_mnist_fc3rev_h128_T16_mode_rate_uniform_schedule_normal_seed_44.csv
fc3rev_h128,128,no_regularization,rate_uniform,16,16,44,0.05,87.020000,,important results/fashion_mnist_fc3rev_three_regs/noise_sweep_rate_uniform_L16_T16/fc3rev_h128/no_regularization/seed_44/noise_sweep_matrix_fashion_mnist_fc3rev_h128_T16_mode_rate_uniform_schedule_normal_seed_44.csv
fc3rev_h128,128,no_regularization,rate_uniform,16,16,44,0.10,87.070000,,important results/fashion_mnist_fc3rev_three_regs/noise_sweep_rate_uniform_L16_T16/fc3rev_h128/no_regularization/seed_44/noise_sweep_matrix_fashion_mnist_fc3rev_h128_T16_mode_rate_uniform_schedule_normal_seed_44.csv
fc3rev_h128,128,no_regularization,rate_uniform,16,16,44,0.15,87.010000,,important results/fashion_mnist_fc3rev_three_regs/noise_sweep_rate_uniform_L16_T16/fc3rev_h128/no_regularization/seed_44/noise_sweep_matrix_fashion_mnist_fc3rev_h128_T16_mode_rate_uniform_schedule_normal_seed_44.csv
fc3rev_h128,128,no_regularization,rate_uniform,16,16,44,0.20,87.120000,,important results/fashion_mnist_fc3rev_three_regs/noise_sweep_rate_uniform_L16_T16/fc3rev_h128/no_regularization/seed_44/noise_sweep_matrix_fashion_mnist_fc3rev_h128_T16_mode_rate_uniform_schedule_normal_seed_44.csv
fc3rev_h128,128,no_regularization,rate_uniform,16,16,44,0.25,86.820000,,important results/fashion_mnist_fc3rev_three_regs/noise_sweep_rate_uniform_L16_T16/fc3rev_h128/no_regularization/seed_44/noise_sweep_matrix_fashion_mnist_fc3rev_h128_T16_mode_rate_uniform_schedule_normal_seed_44.csv
fc3rev_h128,128,no_regularization,rate_uniform,16,16,44,0.30,86.860000,,important results/fashion_mnist_fc3rev_three_regs/noise_sweep_rate_uniform_L16_T16/fc3rev_h128/no_regularization/seed_44/noise_sweep_matrix_fashion_mnist_fc3rev_h128_T16_mode_rate_uniform_schedule_normal_seed_44.csv
fc3rev_h128,128,no_regularization,rate_uniform,16,16,44,0.35,86.530000,,important results/fashion_mnist_fc3rev_three_regs/noise_sweep_rate_uniform_L16_T16/fc3rev_h128/no_regularization/seed_44/noise_sweep_matrix_fashion_mnist_fc3rev_h128_T16_mode_rate_uniform_schedule_normal_seed_44.csv
fc3rev_h128,128,no_regularization,rate_uniform,16,16,44,0.40,86.110000,,important results/fashion_mnist_fc3rev_three_regs/noise_sweep_rate_uniform_L16_T16/fc3rev_h128/no_regularization/seed_44/noise_sweep_matrix_fashion_mnist_fc3rev_h128_T16_mode_rate_uniform_schedule_normal_seed_44.csv
fc3rev_h128,128,no_regularization,rate_uniform,16,16,44,0.45,86.030000,,important results/fashion_mnist_fc3rev_three_regs/noise_sweep_rate_uniform_L16_T16/fc3rev_h128/no_regularization/seed_44/noise_sweep_matrix_fashion_mnist_fc3rev_h128_T16_mode_rate_uniform_schedule_normal_seed_44.csv
fc3rev_h128,128,no_regularization,rate_uniform,16,16,44,0.50,86.150000,,important results/fashion_mnist_fc3rev_three_regs/noise_sweep_rate_uniform_L16_T16/fc3rev_h128/no_regularization/seed_44/noise_sweep_matrix_fashion_mnist_fc3rev_h128_T16_mode_rate_uniform_schedule_normal_seed_44.csv
fc3rev_h128,128,no_regularization,rate_uniform,16,16,44,0.55,85.990000,,important results/fashion_mnist_fc3rev_three_regs/noise_sweep_rate_uniform_L16_T16/fc3rev_h128/no_regularization/seed_44/noise_sweep_matrix_fashion_mnist_fc3rev_h128_T16_mode_rate_uniform_schedule_normal_seed_44.csv
fc3rev_h128,128,no_regularization,rate_uniform,16,16,44,0.60,85.740000,,important results/fashion_mnist_fc3rev_three_regs/noise_sweep_rate_uniform_L16_T16/fc3rev_h128/no_regularization/seed_44/noise_sweep_matrix_fashion_mnist_fc3rev_h128_T16_mode_rate_uniform_schedule_normal_seed_44.csv
fc3rev_h128,128,no_regularization,rate_uniform,16,16,44,0.65,85.350000,,important results/fashion_mnist_fc3rev_three_regs/noise_sweep_rate_uniform_L16_T16/fc3rev_h128/no_regularization/seed_44/noise_sweep_matrix_fashion_mnist_fc3rev_h128_T16_mode_rate_uniform_schedule_normal_seed_44.csv
fc3rev_h128,128,no_regularization,rate_uniform,16,16,44,0.70,85.440000,,important results/fashion_mnist_fc3rev_three_regs/noise_sweep_rate_uniform_L16_T16/fc3rev_h128/no_regularization/seed_44/noise_sweep_matrix_fashion_mnist_fc3rev_h128_T16_mode_rate_uniform_schedule_normal_seed_44.csv
fc3rev_h128,128,no_regularization,rate_uniform,16,16,44,0.75,85.030000,,important results/fashion_mnist_fc3rev_three_regs/noise_sweep_rate_uniform_L16_T16/fc3rev_h128/no_regularization/seed_44/noise_sweep_matrix_fashion_mnist_fc3rev_h128_T16_mode_rate_uniform_schedule_normal_seed_44.csv
fc3rev_h128,128,no_regularization,rate_uniform,16,16,44,0.80,84.840000,,important results/fashion_mnist_fc3rev_three_regs/noise_sweep_rate_uniform_L16_T16/fc3rev_h128/no_regularization/seed_44/noise_sweep_matrix_fashion_mnist_fc3rev_h128_T16_mode_rate_uniform_schedule_normal_seed_44.csv
fc3rev_h128,128,no_regularization,rate_uniform,16,16,44,0.85,84.460000,,important results/fashion_mnist_fc3rev_three_regs/noise_sweep_rate_uniform_L16_T16/fc3rev_h128/no_regularization/seed_44/noise_sweep_matrix_fashion_mnist_fc3rev_h128_T16_mode_rate_uniform_schedule_normal_seed_44.csv
fc3rev_h128,128,no_regularization,rate_uniform,16,16,44,0.90,84.250000,,important results/fashion_mnist_fc3rev_three_regs/noise_sweep_rate_uniform_L16_T16/fc3rev_h128/no_regularization/seed_44/noise_sweep_matrix_fashion_mnist_fc3rev_h128_T16_mode_rate_uniform_schedule_normal_seed_44.csv
fc3rev_h128,128,no_regularization,rate_uniform,16,16,44,0.95,83.970000,,important results/fashion_mnist_fc3rev_three_regs/noise_sweep_rate_uniform_L16_T16/fc3rev_h128/no_regularization/seed_44/noise_sweep_matrix_fashion_mnist_fc3rev_h128_T16_mode_rate_uniform_schedule_normal_seed_44.csv
fc3rev_h128,128,no_regularization,rate_uniform,16,16,44,1.00,83.590000,,important results/fashion_mnist_fc3rev_three_regs/noise_sweep_rate_uniform_L16_T16/fc3rev_h128/no_regularization/seed_44/noise_sweep_matrix_fashion_mnist_fc3rev_h128_T16_mode_rate_uniform_schedule_normal_seed_44.csv
fc3rev_h128,128,weight_decay,rate_uniform,16,16,40,0.00,88.030000,,important results/fashion_mnist_fc3rev_three_regs/noise_sweep_rate_uniform_L16_T16/fc3rev_h128/weight_decay/seed_40/noise_sweep_matrix_fashion_mnist_fc3rev_h128_T16_mode_rate_uniform_schedule_normal_seed_40.csv
fc3rev_h128,128,weight_decay,rate_uniform,16,16,40,0.05,87.910000,,important results/fashion_mnist_fc3rev_three_regs/noise_sweep_rate_uniform_L16_T16/fc3rev_h128/weight_decay/seed_40/noise_sweep_matrix_fashion_mnist_fc3rev_h128_T16_mode_rate_uniform_schedule_normal_seed_40.csv
fc3rev_h128,128,weight_decay,rate_uniform,16,16,40,0.10,88.000000,,important results/fashion_mnist_fc3rev_three_regs/noise_sweep_rate_uniform_L16_T16/fc3rev_h128/weight_decay/seed_40/noise_sweep_matrix_fashion_mnist_fc3rev_h128_T16_mode_rate_uniform_schedule_normal_seed_40.csv
fc3rev_h128,128,weight_decay,rate_uniform,16,16,40,0.15,87.970000,,important results/fashion_mnist_fc3rev_three_regs/noise_sweep_rate_uniform_L16_T16/fc3rev_h128/weight_decay/seed_40/noise_sweep_matrix_fashion_mnist_fc3rev_h128_T16_mode_rate_uniform_schedule_normal_seed_40.csv
fc3rev_h128,128,weight_decay,rate_uniform,16,16,40,0.20,87.800000,,important results/fashion_mnist_fc3rev_three_regs/noise_sweep_rate_uniform_L16_T16/fc3rev_h128/weight_decay/seed_40/noise_sweep_matrix_fashion_mnist_fc3rev_h128_T16_mode_rate_uniform_schedule_normal_seed_40.csv
fc3rev_h128,128,weight_decay,rate_uniform,16,16,40,0.25,87.880000,,important results/fashion_mnist_fc3rev_three_regs/noise_sweep_rate_uniform_L16_T16/fc3rev_h128/weight_decay/seed_40/noise_sweep_matrix_fashion_mnist_fc3rev_h128_T16_mode_rate_uniform_schedule_normal_seed_40.csv
fc3rev_h128,128,weight_decay,rate_uniform,16,16,40,0.30,87.530000,,important results/fashion_mnist_fc3rev_three_regs/noise_sweep_rate_uniform_L16_T16/fc3rev_h128/weight_decay/seed_40/noise_sweep_matrix_fashion_mnist_fc3rev_h128_T16_mode_rate_uniform_schedule_normal_seed_40.csv
fc3rev_h128,128,weight_decay,rate_uniform,16,16,40,0.35,87.620000,,important results/fashion_mnist_fc3rev_three_regs/noise_sweep_rate_uniform_L16_T16/fc3rev_h128/weight_decay/seed_40/noise_sweep_matrix_fashion_mnist_fc3rev_h128_T16_mode_rate_uniform_schedule_normal_seed_40.csv
fc3rev_h128,128,weight_decay,rate_uniform,16,16,40,0.40,87.460000,,important results/fashion_mnist_fc3rev_three_regs/noise_sweep_rate_uniform_L16_T16/fc3rev_h128/weight_decay/seed_40/noise_sweep_matrix_fashion_mnist_fc3rev_h128_T16_mode_rate_uniform_schedule_normal_seed_40.csv
fc3rev_h128,128,weight_decay,rate_uniform,16,16,40,0.45,87.290000,,important results/fashion_mnist_fc3rev_three_regs/noise_sweep_rate_uniform_L16_T16/fc3rev_h128/weight_decay/seed_40/noise_sweep_matrix_fashion_mnist_fc3rev_h128_T16_mode_rate_uniform_schedule_normal_seed_40.csv
fc3rev_h128,128,weight_decay,rate_uniform,16,16,40,0.50,87.130000,,important results/fashion_mnist_fc3rev_three_regs/noise_sweep_rate_uniform_L16_T16/fc3rev_h128/weight_decay/seed_40/noise_sweep_matrix_fashion_mnist_fc3rev_h128_T16_mode_rate_uniform_schedule_normal_seed_40.csv
fc3rev_h128,128,weight_decay,rate_uniform,16,16,40,0.55,87.200000,,important results/fashion_mnist_fc3rev_three_regs/noise_sweep_rate_uniform_L16_T16/fc3rev_h128/weight_decay/seed_40/noise_sweep_matrix_fashion_mnist_fc3rev_h128_T16_mode_rate_uniform_schedule_normal_seed_40.csv
fc3rev_h128,128,weight_decay,rate_uniform,16,16,40,0.60,86.900000,,important results/fashion_mnist_fc3rev_three_regs/noise_sweep_rate_uniform_L16_T16/fc3rev_h128/weight_decay/seed_40/noise_sweep_matrix_fashion_mnist_fc3rev_h128_T16_mode_rate_uniform_schedule_normal_seed_40.csv
fc3rev_h128,128,weight_decay,rate_uniform,16,16,40,0.65,86.840000,,important results/fashion_mnist_fc3rev_three_regs/noise_sweep_rate_uniform_L16_T16/fc3rev_h128/weight_decay/seed_40/noise_sweep_matrix_fashion_mnist_fc3rev_h128_T16_mode_rate_uniform_schedule_normal_seed_40.csv
fc3rev_h128,128,weight_decay,rate_uniform,16,16,40,0.70,86.120000,,important results/fashion_mnist_fc3rev_three_regs/noise_sweep_rate_uniform_L16_T16/fc3rev_h128/weight_decay/seed_40/noise_sweep_matrix_fashion_mnist_fc3rev_h128_T16_mode_rate_uniform_schedule_normal_seed_40.csv
fc3rev_h128,128,weight_decay,rate_uniform,16,16,40,0.75,86.110000,,important results/fashion_mnist_fc3rev_three_regs/noise_sweep_rate_uniform_L16_T16/fc3rev_h128/weight_decay/seed_40/noise_sweep_matrix_fashion_mnist_fc3rev_h128_T16_mode_rate_uniform_schedule_normal_seed_40.csv
fc3rev_h128,128,weight_decay,rate_uniform,16,16,40,0.80,85.830000,,important results/fashion_mnist_fc3rev_three_regs/noise_sweep_rate_uniform_L16_T16/fc3rev_h128/weight_decay/seed_40/noise_sweep_matrix_fashion_mnist_fc3rev_h128_T16_mode_rate_uniform_schedule_normal_seed_40.csv
fc3rev_h128,128,weight_decay,rate_uniform,16,16,40,0.85,85.680000,,important results/fashion_mnist_fc3rev_three_regs/noise_sweep_rate_uniform_L16_T16/fc3rev_h128/weight_decay/seed_40/noise_sweep_matrix_fashion_mnist_fc3rev_h128_T16_mode_rate_uniform_schedule_normal_seed_40.csv
fc3rev_h128,128,weight_decay,rate_uniform,16,16,40,0.90,85.650000,,important results/fashion_mnist_fc3rev_three_regs/noise_sweep_rate_uniform_L16_T16/fc3rev_h128/weight_decay/seed_40/noise_sweep_matrix_fashion_mnist_fc3rev_h128_T16_mode_rate_uniform_schedule_normal_seed_40.csv
fc3rev_h128,128,weight_decay,rate_uniform,16,16,40,0.95,84.810000,,important results/fashion_mnist_fc3rev_three_regs/noise_sweep_rate_uniform_L16_T16/fc3rev_h128/weight_decay/seed_40/noise_sweep_matrix_fashion_mnist_fc3rev_h128_T16_mode_rate_uniform_schedule_normal_seed_40.csv
fc3rev_h128,128,weight_decay,rate_uniform,16,16,40,1.00,84.250000,,important results/fashion_mnist_fc3rev_three_regs/noise_sweep_rate_uniform_L16_T16/fc3rev_h128/weight_decay/seed_40/noise_sweep_matrix_fashion_mnist_fc3rev_h128_T16_mode_rate_uniform_schedule_normal_seed_40.csv
fc3rev_h128,128,weight_decay,rate_uniform,16,16,41,0.00,88.040000,,important results/fashion_mnist_fc3rev_three_regs/noise_sweep_rate_uniform_L16_T16/fc3rev_h128/weight_decay/seed_41/noise_sweep_matrix_fashion_mnist_fc3rev_h128_T16_mode_rate_uniform_schedule_normal_seed_41.csv
fc3rev_h128,128,weight_decay,rate_uniform,16,16,41,0.05,87.730000,,important results/fashion_mnist_fc3rev_three_regs/noise_sweep_rate_uniform_L16_T16/fc3rev_h128/weight_decay/seed_41/noise_sweep_matrix_fashion_mnist_fc3rev_h128_T16_mode_rate_uniform_schedule_normal_seed_41.csv
fc3rev_h128,128,weight_decay,rate_uniform,16,16,41,0.10,87.850000,,important results/fashion_mnist_fc3rev_three_regs/noise_sweep_rate_uniform_L16_T16/fc3rev_h128/weight_decay/seed_41/noise_sweep_matrix_fashion_mnist_fc3rev_h128_T16_mode_rate_uniform_schedule_normal_seed_41.csv
fc3rev_h128,128,weight_decay,rate_uniform,16,16,41,0.15,87.920000,,important results/fashion_mnist_fc3rev_three_regs/noise_sweep_rate_uniform_L16_T16/fc3rev_h128/weight_decay/seed_41/noise_sweep_matrix_fashion_mnist_fc3rev_h128_T16_mode_rate_uniform_schedule_normal_seed_41.csv
fc3rev_h128,128,weight_decay,rate_uniform,16,16,41,0.20,87.880000,,important results/fashion_mnist_fc3rev_three_regs/noise_sweep_rate_uniform_L16_T16/fc3rev_h128/weight_decay/seed_41/noise_sweep_matrix_fashion_mnist_fc3rev_h128_T16_mode_rate_uniform_schedule_normal_seed_41.csv
fc3rev_h128,128,weight_decay,rate_uniform,16,16,41,0.25,87.650000,,important results/fashion_mnist_fc3rev_three_regs/noise_sweep_rate_uniform_L16_T16/fc3rev_h128/weight_decay/seed_41/noise_sweep_matrix_fashion_mnist_fc3rev_h128_T16_mode_rate_uniform_schedule_normal_seed_41.csv
fc3rev_h128,128,weight_decay,rate_uniform,16,16,41,0.30,87.310000,,important results/fashion_mnist_fc3rev_three_regs/noise_sweep_rate_uniform_L16_T16/fc3rev_h128/weight_decay/seed_41/noise_sweep_matrix_fashion_mnist_fc3rev_h128_T16_mode_rate_uniform_schedule_normal_seed_41.csv
fc3rev_h128,128,weight_decay,rate_uniform,16,16,41,0.35,87.410000,,important results/fashion_mnist_fc3rev_three_regs/noise_sweep_rate_uniform_L16_T16/fc3rev_h128/weight_decay/seed_41/noise_sweep_matrix_fashion_mnist_fc3rev_h128_T16_mode_rate_uniform_schedule_normal_seed_41.csv
fc3rev_h128,128,weight_decay,rate_uniform,16,16,41,0.40,87.510000,,important results/fashion_mnist_fc3rev_three_regs/noise_sweep_rate_uniform_L16_T16/fc3rev_h128/weight_decay/seed_41/noise_sweep_matrix_fashion_mnist_fc3rev_h128_T16_mode_rate_uniform_schedule_normal_seed_41.csv
fc3rev_h128,128,weight_decay,rate_uniform,16,16,41,0.45,87.320000,,important results/fashion_mnist_fc3rev_three_regs/noise_sweep_rate_uniform_L16_T16/fc3rev_h128/weight_decay/seed_41/noise_sweep_matrix_fashion_mnist_fc3rev_h128_T16_mode_rate_uniform_schedule_normal_seed_41.csv
fc3rev_h128,128,weight_decay,rate_uniform,16,16,41,0.50,86.960000,,important results/fashion_mnist_fc3rev_three_regs/noise_sweep_rate_uniform_L16_T16/fc3rev_h128/weight_decay/seed_41/noise_sweep_matrix_fashion_mnist_fc3rev_h128_T16_mode_rate_uniform_schedule_normal_seed_41.csv
fc3rev_h128,128,weight_decay,rate_uniform,16,16,41,0.55,87.050000,,important results/fashion_mnist_fc3rev_three_regs/noise_sweep_rate_uniform_L16_T16/fc3rev_h128/weight_decay/seed_41/noise_sweep_matrix_fashion_mnist_fc3rev_h128_T16_mode_rate_uniform_schedule_normal_seed_41.csv
fc3rev_h128,128,weight_decay,rate_uniform,16,16,41,0.60,86.520000,,important results/fashion_mnist_fc3rev_three_regs/noise_sweep_rate_uniform_L16_T16/fc3rev_h128/weight_decay/seed_41/noise_sweep_matrix_fashion_mnist_fc3rev_h128_T16_mode_rate_uniform_schedule_normal_seed_41.csv
fc3rev_h128,128,weight_decay,rate_uniform,16,16,41,0.65,86.680000,,important results/fashion_mnist_fc3rev_three_regs/noise_sweep_rate_uniform_L16_T16/fc3rev_h128/weight_decay/seed_41/noise_sweep_matrix_fashion_mnist_fc3rev_h128_T16_mode_rate_uniform_schedule_normal_seed_41.csv
fc3rev_h128,128,weight_decay,rate_uniform,16,16,41,0.70,86.180000,,important results/fashion_mnist_fc3rev_three_regs/noise_sweep_rate_uniform_L16_T16/fc3rev_h128/weight_decay/seed_41/noise_sweep_matrix_fashion_mnist_fc3rev_h128_T16_mode_rate_uniform_schedule_normal_seed_41.csv
fc3rev_h128,128,weight_decay,rate_uniform,16,16,41,0.75,86.010000,,important results/fashion_mnist_fc3rev_three_regs/noise_sweep_rate_uniform_L16_T16/fc3rev_h128/weight_decay/seed_41/noise_sweep_matrix_fashion_mnist_fc3rev_h128_T16_mode_rate_uniform_schedule_normal_seed_41.csv
fc3rev_h128,128,weight_decay,rate_uniform,16,16,41,0.80,85.460000,,important results/fashion_mnist_fc3rev_three_regs/noise_sweep_rate_uniform_L16_T16/fc3rev_h128/weight_decay/seed_41/noise_sweep_matrix_fashion_mnist_fc3rev_h128_T16_mode_rate_uniform_schedule_normal_seed_41.csv
fc3rev_h128,128,weight_decay,rate_uniform,16,16,41,0.85,85.590000,,important results/fashion_mnist_fc3rev_three_regs/noise_sweep_rate_uniform_L16_T16/fc3rev_h128/weight_decay/seed_41/noise_sweep_matrix_fashion_mnist_fc3rev_h128_T16_mode_rate_uniform_schedule_normal_seed_41.csv
fc3rev_h128,128,weight_decay,rate_uniform,16,16,41,0.90,85.070000,,important results/fashion_mnist_fc3rev_three_regs/noise_sweep_rate_uniform_L16_T16/fc3rev_h128/weight_decay/seed_41/noise_sweep_matrix_fashion_mnist_fc3rev_h128_T16_mode_rate_uniform_schedule_normal_seed_41.csv
fc3rev_h128,128,weight_decay,rate_uniform,16,16,41,0.95,84.920000,,important results/fashion_mnist_fc3rev_three_regs/noise_sweep_rate_uniform_L16_T16/fc3rev_h128/weight_decay/seed_41/noise_sweep_matrix_fashion_mnist_fc3rev_h128_T16_mode_rate_uniform_schedule_normal_seed_41.csv
fc3rev_h128,128,weight_decay,rate_uniform,16,16,41,1.00,84.790000,,important results/fashion_mnist_fc3rev_three_regs/noise_sweep_rate_uniform_L16_T16/fc3rev_h128/weight_decay/seed_41/noise_sweep_matrix_fashion_mnist_fc3rev_h128_T16_mode_rate_uniform_schedule_normal_seed_41.csv
fc3rev_h128,128,weight_decay,rate_uniform,16,16,42,0.00,87.850000,,important results/fashion_mnist_fc3rev_three_regs/noise_sweep_rate_uniform_L16_T16/fc3rev_h128/weight_decay/seed_42/noise_sweep_matrix_fashion_mnist_fc3rev_h128_T16_mode_rate_uniform_schedule_normal_seed_42.csv
fc3rev_h128,128,weight_decay,rate_uniform,16,16,42,0.05,87.680000,,important results/fashion_mnist_fc3rev_three_regs/noise_sweep_rate_uniform_L16_T16/fc3rev_h128/weight_decay/seed_42/noise_sweep_matrix_fashion_mnist_fc3rev_h128_T16_mode_rate_uniform_schedule_normal_seed_42.csv
fc3rev_h128,128,weight_decay,rate_uniform,16,16,42,0.10,87.700000,,important results/fashion_mnist_fc3rev_three_regs/noise_sweep_rate_uniform_L16_T16/fc3rev_h128/weight_decay/seed_42/noise_sweep_matrix_fashion_mnist_fc3rev_h128_T16_mode_rate_uniform_schedule_normal_seed_42.csv
fc3rev_h128,128,weight_decay,rate_uniform,16,16,42,0.15,87.750000,,important results/fashion_mnist_fc3rev_three_regs/noise_sweep_rate_uniform_L16_T16/fc3rev_h128/weight_decay/seed_42/noise_sweep_matrix_fashion_mnist_fc3rev_h128_T16_mode_rate_uniform_schedule_normal_seed_42.csv
fc3rev_h128,128,weight_decay,rate_uniform,16,16,42,0.20,87.520000,,important results/fashion_mnist_fc3rev_three_regs/noise_sweep_rate_uniform_L16_T16/fc3rev_h128/weight_decay/seed_42/noise_sweep_matrix_fashion_mnist_fc3rev_h128_T16_mode_rate_uniform_schedule_normal_seed_42.csv
fc3rev_h128,128,weight_decay,rate_uniform,16,16,42,0.25,87.380000,,important results/fashion_mnist_fc3rev_three_regs/noise_sweep_rate_uniform_L16_T16/fc3rev_h128/weight_decay/seed_42/noise_sweep_matrix_fashion_mnist_fc3rev_h128_T16_mode_rate_uniform_schedule_normal_seed_42.csv
fc3rev_h128,128,weight_decay,rate_uniform,16,16,42,0.30,87.460000,,important results/fashion_mnist_fc3rev_three_regs/noise_sweep_rate_uniform_L16_T16/fc3rev_h128/weight_decay/seed_42/noise_sweep_matrix_fashion_mnist_fc3rev_h128_T16_mode_rate_uniform_schedule_normal_seed_42.csv
fc3rev_h128,128,weight_decay,rate_uniform,16,16,42,0.35,87.020000,,important results/fashion_mnist_fc3rev_three_regs/noise_sweep_rate_uniform_L16_T16/fc3rev_h128/weight_decay/seed_42/noise_sweep_matrix_fashion_mnist_fc3rev_h128_T16_mode_rate_uniform_schedule_normal_seed_42.csv
fc3rev_h128,128,weight_decay,rate_uniform,16,16,42,0.40,87.290000,,important results/fashion_mnist_fc3rev_three_regs/noise_sweep_rate_uniform_L16_T16/fc3rev_h128/weight_decay/seed_42/noise_sweep_matrix_fashion_mnist_fc3rev_h128_T16_mode_rate_uniform_schedule_normal_seed_42.csv
fc3rev_h128,128,weight_decay,rate_uniform,16,16,42,0.45,86.600000,,important results/fashion_mnist_fc3rev_three_regs/noise_sweep_rate_uniform_L16_T16/fc3rev_h128/weight_decay/seed_42/noise_sweep_matrix_fashion_mnist_fc3rev_h128_T16_mode_rate_uniform_schedule_normal_seed_42.csv
fc3rev_h128,128,weight_decay,rate_uniform,16,16,42,0.50,86.800000,,important results/fashion_mnist_fc3rev_three_regs/noise_sweep_rate_uniform_L16_T16/fc3rev_h128/weight_decay/seed_42/noise_sweep_matrix_fashion_mnist_fc3rev_h128_T16_mode_rate_uniform_schedule_normal_seed_42.csv
fc3rev_h128,128,weight_decay,rate_uniform,16,16,42,0.55,86.520000,,important results/fashion_mnist_fc3rev_three_regs/noise_sweep_rate_uniform_L16_T16/fc3rev_h128/weight_decay/seed_42/noise_sweep_matrix_fashion_mnist_fc3rev_h128_T16_mode_rate_uniform_schedule_normal_seed_42.csv
fc3rev_h128,128,weight_decay,rate_uniform,16,16,42,0.60,86.770000,,important results/fashion_mnist_fc3rev_three_regs/noise_sweep_rate_uniform_L16_T16/fc3rev_h128/weight_decay/seed_42/noise_sweep_matrix_fashion_mnist_fc3rev_h128_T16_mode_rate_uniform_schedule_normal_seed_42.csv
fc3rev_h128,128,weight_decay,rate_uniform,16,16,42,0.65,86.620000,,important results/fashion_mnist_fc3rev_three_regs/noise_sweep_rate_uniform_L16_T16/fc3rev_h128/weight_decay/seed_42/noise_sweep_matrix_fashion_mnist_fc3rev_h128_T16_mode_rate_uniform_schedule_normal_seed_42.csv
fc3rev_h128,128,weight_decay,rate_uniform,16,16,42,0.70,85.730000,,important results/fashion_mnist_fc3rev_three_regs/noise_sweep_rate_uniform_L16_T16/fc3rev_h128/weight_decay/seed_42/noise_sweep_matrix_fashion_mnist_fc3rev_h128_T16_mode_rate_uniform_schedule_normal_seed_42.csv
fc3rev_h128,128,weight_decay,rate_uniform,16,16,42,0.75,85.730000,,important results/fashion_mnist_fc3rev_three_regs/noise_sweep_rate_uniform_L16_T16/fc3rev_h128/weight_decay/seed_42/noise_sweep_matrix_fashion_mnist_fc3rev_h128_T16_mode_rate_uniform_schedule_normal_seed_42.csv
fc3rev_h128,128,weight_decay,rate_uniform,16,16,42,0.80,85.610000,,important results/fashion_mnist_fc3rev_three_regs/noise_sweep_rate_uniform_L16_T16/fc3rev_h128/weight_decay/seed_42/noise_sweep_matrix_fashion_mnist_fc3rev_h128_T16_mode_rate_uniform_schedule_normal_seed_42.csv
fc3rev_h128,128,weight_decay,rate_uniform,16,16,42,0.85,85.460000,,important results/fashion_mnist_fc3rev_three_regs/noise_sweep_rate_uniform_L16_T16/fc3rev_h128/weight_decay/seed_42/noise_sweep_matrix_fashion_mnist_fc3rev_h128_T16_mode_rate_uniform_schedule_normal_seed_42.csv
fc3rev_h128,128,weight_decay,rate_uniform,16,16,42,0.90,84.980000,,important results/fashion_mnist_fc3rev_three_regs/noise_sweep_rate_uniform_L16_T16/fc3rev_h128/weight_decay/seed_42/noise_sweep_matrix_fashion_mnist_fc3rev_h128_T16_mode_rate_uniform_schedule_normal_seed_42.csv
fc3rev_h128,128,weight_decay,rate_uniform,16,16,42,0.95,85.220000,,important results/fashion_mnist_fc3rev_three_regs/noise_sweep_rate_uniform_L16_T16/fc3rev_h128/weight_decay/seed_42/noise_sweep_matrix_fashion_mnist_fc3rev_h128_T16_mode_rate_uniform_schedule_normal_seed_42.csv
fc3rev_h128,128,weight_decay,rate_uniform,16,16,42,1.00,84.210000,,important results/fashion_mnist_fc3rev_three_regs/noise_sweep_rate_uniform_L16_T16/fc3rev_h128/weight_decay/seed_42/noise_sweep_matrix_fashion_mnist_fc3rev_h128_T16_mode_rate_uniform_schedule_normal_seed_42.csv
fc3rev_h128,128,weight_decay,rate_uniform,16,16,43,0.00,88.030000,,important results/fashion_mnist_fc3rev_three_regs/noise_sweep_rate_uniform_L16_T16/fc3rev_h128/weight_decay/seed_43/noise_sweep_matrix_fashion_mnist_fc3rev_h128_T16_mode_rate_uniform_schedule_normal_seed_43.csv
fc3rev_h128,128,weight_decay,rate_uniform,16,16,43,0.05,87.890000,,important results/fashion_mnist_fc3rev_three_regs/noise_sweep_rate_uniform_L16_T16/fc3rev_h128/weight_decay/seed_43/noise_sweep_matrix_fashion_mnist_fc3rev_h128_T16_mode_rate_uniform_schedule_normal_seed_43.csv
fc3rev_h128,128,weight_decay,rate_uniform,16,16,43,0.10,87.860000,,important results/fashion_mnist_fc3rev_three_regs/noise_sweep_rate_uniform_L16_T16/fc3rev_h128/weight_decay/seed_43/noise_sweep_matrix_fashion_mnist_fc3rev_h128_T16_mode_rate_uniform_schedule_normal_seed_43.csv
fc3rev_h128,128,weight_decay,rate_uniform,16,16,43,0.15,87.790000,,important results/fashion_mnist_fc3rev_three_regs/noise_sweep_rate_uniform_L16_T16/fc3rev_h128/weight_decay/seed_43/noise_sweep_matrix_fashion_mnist_fc3rev_h128_T16_mode_rate_uniform_schedule_normal_seed_43.csv
fc3rev_h128,128,weight_decay,rate_uniform,16,16,43,0.20,87.690000,,important results/fashion_mnist_fc3rev_three_regs/noise_sweep_rate_uniform_L16_T16/fc3rev_h128/weight_decay/seed_43/noise_sweep_matrix_fashion_mnist_fc3rev_h128_T16_mode_rate_uniform_schedule_normal_seed_43.csv
fc3rev_h128,128,weight_decay,rate_uniform,16,16,43,0.25,87.540000,,important results/fashion_mnist_fc3rev_three_regs/noise_sweep_rate_uniform_L16_T16/fc3rev_h128/weight_decay/seed_43/noise_sweep_matrix_fashion_mnist_fc3rev_h128_T16_mode_rate_uniform_schedule_normal_seed_43.csv
fc3rev_h128,128,weight_decay,rate_uniform,16,16,43,0.30,87.340000,,important results/fashion_mnist_fc3rev_three_regs/noise_sweep_rate_uniform_L16_T16/fc3rev_h128/weight_decay/seed_43/noise_sweep_matrix_fashion_mnist_fc3rev_h128_T16_mode_rate_uniform_schedule_normal_seed_43.csv
fc3rev_h128,128,weight_decay,rate_uniform,16,16,43,0.35,87.410000,,important results/fashion_mnist_fc3rev_three_regs/noise_sweep_rate_uniform_L16_T16/fc3rev_h128/weight_decay/seed_43/noise_sweep_matrix_fashion_mnist_fc3rev_h128_T16_mode_rate_uniform_schedule_normal_seed_43.csv
fc3rev_h128,128,weight_decay,rate_uniform,16,16,43,0.40,87.130000,,important results/fashion_mnist_fc3rev_three_regs/noise_sweep_rate_uniform_L16_T16/fc3rev_h128/weight_decay/seed_43/noise_sweep_matrix_fashion_mnist_fc3rev_h128_T16_mode_rate_uniform_schedule_normal_seed_43.csv
fc3rev_h128,128,weight_decay,rate_uniform,16,16,43,0.45,87.060000,,important results/fashion_mnist_fc3rev_three_regs/noise_sweep_rate_uniform_L16_T16/fc3rev_h128/weight_decay/seed_43/noise_sweep_matrix_fashion_mnist_fc3rev_h128_T16_mode_rate_uniform_schedule_normal_seed_43.csv
fc3rev_h128,128,weight_decay,rate_uniform,16,16,43,0.50,87.160000,,important results/fashion_mnist_fc3rev_three_regs/noise_sweep_rate_uniform_L16_T16/fc3rev_h128/weight_decay/seed_43/noise_sweep_matrix_fashion_mnist_fc3rev_h128_T16_mode_rate_uniform_schedule_normal_seed_43.csv
fc3rev_h128,128,weight_decay,rate_uniform,16,16,43,0.55,86.920000,,important results/fashion_mnist_fc3rev_three_regs/noise_sweep_rate_uniform_L16_T16/fc3rev_h128/weight_decay/seed_43/noise_sweep_matrix_fashion_mnist_fc3rev_h128_T16_mode_rate_uniform_schedule_normal_seed_43.csv
fc3rev_h128,128,weight_decay,rate_uniform,16,16,43,0.60,86.850000,,important results/fashion_mnist_fc3rev_three_regs/noise_sweep_rate_uniform_L16_T16/fc3rev_h128/weight_decay/seed_43/noise_sweep_matrix_fashion_mnist_fc3rev_h128_T16_mode_rate_uniform_schedule_normal_seed_43.csv
fc3rev_h128,128,weight_decay,rate_uniform,16,16,43,0.65,86.560000,,important results/fashion_mnist_fc3rev_three_regs/noise_sweep_rate_uniform_L16_T16/fc3rev_h128/weight_decay/seed_43/noise_sweep_matrix_fashion_mnist_fc3rev_h128_T16_mode_rate_uniform_schedule_normal_seed_43.csv
fc3rev_h128,128,weight_decay,rate_uniform,16,16,43,0.70,86.390000,,important results/fashion_mnist_fc3rev_three_regs/noise_sweep_rate_uniform_L16_T16/fc3rev_h128/weight_decay/seed_43/noise_sweep_matrix_fashion_mnist_fc3rev_h128_T16_mode_rate_uniform_schedule_normal_seed_43.csv
fc3rev_h128,128,weight_decay,rate_uniform,16,16,43,0.75,85.820000,,important results/fashion_mnist_fc3rev_three_regs/noise_sweep_rate_uniform_L16_T16/fc3rev_h128/weight_decay/seed_43/noise_sweep_matrix_fashion_mnist_fc3rev_h128_T16_mode_rate_uniform_schedule_normal_seed_43.csv
fc3rev_h128,128,weight_decay,rate_uniform,16,16,43,0.80,85.560000,,important results/fashion_mnist_fc3rev_three_regs/noise_sweep_rate_uniform_L16_T16/fc3rev_h128/weight_decay/seed_43/noise_sweep_matrix_fashion_mnist_fc3rev_h128_T16_mode_rate_uniform_schedule_normal_seed_43.csv
fc3rev_h128,128,weight_decay,rate_uniform,16,16,43,0.85,85.510000,,important results/fashion_mnist_fc3rev_three_regs/noise_sweep_rate_uniform_L16_T16/fc3rev_h128/weight_decay/seed_43/noise_sweep_matrix_fashion_mnist_fc3rev_h128_T16_mode_rate_uniform_schedule_normal_seed_43.csv
fc3rev_h128,128,weight_decay,rate_uniform,16,16,43,0.90,85.270000,,important results/fashion_mnist_fc3rev_three_regs/noise_sweep_rate_uniform_L16_T16/fc3rev_h128/weight_decay/seed_43/noise_sweep_matrix_fashion_mnist_fc3rev_h128_T16_mode_rate_uniform_schedule_normal_seed_43.csv
fc3rev_h128,128,weight_decay,rate_uniform,16,16,43,0.95,85.220000,,important results/fashion_mnist_fc3rev_three_regs/noise_sweep_rate_uniform_L16_T16/fc3rev_h128/weight_decay/seed_43/noise_sweep_matrix_fashion_mnist_fc3rev_h128_T16_mode_rate_uniform_schedule_normal_seed_43.csv
fc3rev_h128,128,weight_decay,rate_uniform,16,16,43,1.00,84.840000,,important results/fashion_mnist_fc3rev_three_regs/noise_sweep_rate_uniform_L16_T16/fc3rev_h128/weight_decay/seed_43/noise_sweep_matrix_fashion_mnist_fc3rev_h128_T16_mode_rate_uniform_schedule_normal_seed_43.csv
fc3rev_h128,128,weight_decay,rate_uniform,16,16,44,0.00,87.800000,,important results/fashion_mnist_fc3rev_three_regs/noise_sweep_rate_uniform_L16_T16/fc3rev_h128/weight_decay/seed_44/noise_sweep_matrix_fashion_mnist_fc3rev_h128_T16_mode_rate_uniform_schedule_normal_seed_44.csv
fc3rev_h128,128,weight_decay,rate_uniform,16,16,44,0.05,87.740000,,important results/fashion_mnist_fc3rev_three_regs/noise_sweep_rate_uniform_L16_T16/fc3rev_h128/weight_decay/seed_44/noise_sweep_matrix_fashion_mnist_fc3rev_h128_T16_mode_rate_uniform_schedule_normal_seed_44.csv
fc3rev_h128,128,weight_decay,rate_uniform,16,16,44,0.10,87.800000,,important results/fashion_mnist_fc3rev_three_regs/noise_sweep_rate_uniform_L16_T16/fc3rev_h128/weight_decay/seed_44/noise_sweep_matrix_fashion_mnist_fc3rev_h128_T16_mode_rate_uniform_schedule_normal_seed_44.csv
fc3rev_h128,128,weight_decay,rate_uniform,16,16,44,0.15,87.470000,,important results/fashion_mnist_fc3rev_three_regs/noise_sweep_rate_uniform_L16_T16/fc3rev_h128/weight_decay/seed_44/noise_sweep_matrix_fashion_mnist_fc3rev_h128_T16_mode_rate_uniform_schedule_normal_seed_44.csv
fc3rev_h128,128,weight_decay,rate_uniform,16,16,44,0.20,87.570000,,important results/fashion_mnist_fc3rev_three_regs/noise_sweep_rate_uniform_L16_T16/fc3rev_h128/weight_decay/seed_44/noise_sweep_matrix_fashion_mnist_fc3rev_h128_T16_mode_rate_uniform_schedule_normal_seed_44.csv
fc3rev_h128,128,weight_decay,rate_uniform,16,16,44,0.25,87.500000,,important results/fashion_mnist_fc3rev_three_regs/noise_sweep_rate_uniform_L16_T16/fc3rev_h128/weight_decay/seed_44/noise_sweep_matrix_fashion_mnist_fc3rev_h128_T16_mode_rate_uniform_schedule_normal_seed_44.csv
fc3rev_h128,128,weight_decay,rate_uniform,16,16,44,0.30,87.640000,,important results/fashion_mnist_fc3rev_three_regs/noise_sweep_rate_uniform_L16_T16/fc3rev_h128/weight_decay/seed_44/noise_sweep_matrix_fashion_mnist_fc3rev_h128_T16_mode_rate_uniform_schedule_normal_seed_44.csv
fc3rev_h128,128,weight_decay,rate_uniform,16,16,44,0.35,87.240000,,important results/fashion_mnist_fc3rev_three_regs/noise_sweep_rate_uniform_L16_T16/fc3rev_h128/weight_decay/seed_44/noise_sweep_matrix_fashion_mnist_fc3rev_h128_T16_mode_rate_uniform_schedule_normal_seed_44.csv
fc3rev_h128,128,weight_decay,rate_uniform,16,16,44,0.40,87.340000,,important results/fashion_mnist_fc3rev_three_regs/noise_sweep_rate_uniform_L16_T16/fc3rev_h128/weight_decay/seed_44/noise_sweep_matrix_fashion_mnist_fc3rev_h128_T16_mode_rate_uniform_schedule_normal_seed_44.csv
fc3rev_h128,128,weight_decay,rate_uniform,16,16,44,0.45,86.730000,,important results/fashion_mnist_fc3rev_three_regs/noise_sweep_rate_uniform_L16_T16/fc3rev_h128/weight_decay/seed_44/noise_sweep_matrix_fashion_mnist_fc3rev_h128_T16_mode_rate_uniform_schedule_normal_seed_44.csv
fc3rev_h128,128,weight_decay,rate_uniform,16,16,44,0.50,86.760000,,important results/fashion_mnist_fc3rev_three_regs/noise_sweep_rate_uniform_L16_T16/fc3rev_h128/weight_decay/seed_44/noise_sweep_matrix_fashion_mnist_fc3rev_h128_T16_mode_rate_uniform_schedule_normal_seed_44.csv
fc3rev_h128,128,weight_decay,rate_uniform,16,16,44,0.55,86.790000,,important results/fashion_mnist_fc3rev_three_regs/noise_sweep_rate_uniform_L16_T16/fc3rev_h128/weight_decay/seed_44/noise_sweep_matrix_fashion_mnist_fc3rev_h128_T16_mode_rate_uniform_schedule_normal_seed_44.csv
fc3rev_h128,128,weight_decay,rate_uniform,16,16,44,0.60,86.710000,,important results/fashion_mnist_fc3rev_three_regs/noise_sweep_rate_uniform_L16_T16/fc3rev_h128/weight_decay/seed_44/noise_sweep_matrix_fashion_mnist_fc3rev_h128_T16_mode_rate_uniform_schedule_normal_seed_44.csv
fc3rev_h128,128,weight_decay,rate_uniform,16,16,44,0.65,86.510000,,important results/fashion_mnist_fc3rev_three_regs/noise_sweep_rate_uniform_L16_T16/fc3rev_h128/weight_decay/seed_44/noise_sweep_matrix_fashion_mnist_fc3rev_h128_T16_mode_rate_uniform_schedule_normal_seed_44.csv
fc3rev_h128,128,weight_decay,rate_uniform,16,16,44,0.70,86.030000,,important results/fashion_mnist_fc3rev_three_regs/noise_sweep_rate_uniform_L16_T16/fc3rev_h128/weight_decay/seed_44/noise_sweep_matrix_fashion_mnist_fc3rev_h128_T16_mode_rate_uniform_schedule_normal_seed_44.csv
fc3rev_h128,128,weight_decay,rate_uniform,16,16,44,0.75,85.950000,,important results/fashion_mnist_fc3rev_three_regs/noise_sweep_rate_uniform_L16_T16/fc3rev_h128/weight_decay/seed_44/noise_sweep_matrix_fashion_mnist_fc3rev_h128_T16_mode_rate_uniform_schedule_normal_seed_44.csv
fc3rev_h128,128,weight_decay,rate_uniform,16,16,44,0.80,85.800000,,important results/fashion_mnist_fc3rev_three_regs/noise_sweep_rate_uniform_L16_T16/fc3rev_h128/weight_decay/seed_44/noise_sweep_matrix_fashion_mnist_fc3rev_h128_T16_mode_rate_uniform_schedule_normal_seed_44.csv
fc3rev_h128,128,weight_decay,rate_uniform,16,16,44,0.85,85.490000,,important results/fashion_mnist_fc3rev_three_regs/noise_sweep_rate_uniform_L16_T16/fc3rev_h128/weight_decay/seed_44/noise_sweep_matrix_fashion_mnist_fc3rev_h128_T16_mode_rate_uniform_schedule_normal_seed_44.csv
fc3rev_h128,128,weight_decay,rate_uniform,16,16,44,0.90,85.660000,,important results/fashion_mnist_fc3rev_three_regs/noise_sweep_rate_uniform_L16_T16/fc3rev_h128/weight_decay/seed_44/noise_sweep_matrix_fashion_mnist_fc3rev_h128_T16_mode_rate_uniform_schedule_normal_seed_44.csv
fc3rev_h128,128,weight_decay,rate_uniform,16,16,44,0.95,85.270000,,important results/fashion_mnist_fc3rev_three_regs/noise_sweep_rate_uniform_L16_T16/fc3rev_h128/weight_decay/seed_44/noise_sweep_matrix_fashion_mnist_fc3rev_h128_T16_mode_rate_uniform_schedule_normal_seed_44.csv
fc3rev_h128,128,weight_decay,rate_uniform,16,16,44,1.00,84.850000,,important results/fashion_mnist_fc3rev_three_regs/noise_sweep_rate_uniform_L16_T16/fc3rev_h128/weight_decay/seed_44/noise_sweep_matrix_fashion_mnist_fc3rev_h128_T16_mode_rate_uniform_schedule_normal_seed_44.csv
fc3rev_h256,256,mne_l2,rate_uniform,16,16,40,0.00,86.680000,,important results/fashion_mnist_fc3rev_three_regs/noise_sweep_rate_uniform_L16_T16/fc3rev_h256/mne_l2/seed_40/noise_sweep_matrix_fashion_mnist_fc3rev_h256_T16_mode_rate_uniform_schedule_normal_seed_40.csv
fc3rev_h256,256,mne_l2,rate_uniform,16,16,40,0.05,86.620000,,important results/fashion_mnist_fc3rev_three_regs/noise_sweep_rate_uniform_L16_T16/fc3rev_h256/mne_l2/seed_40/noise_sweep_matrix_fashion_mnist_fc3rev_h256_T16_mode_rate_uniform_schedule_normal_seed_40.csv
fc3rev_h256,256,mne_l2,rate_uniform,16,16,40,0.10,86.450000,,important results/fashion_mnist_fc3rev_three_regs/noise_sweep_rate_uniform_L16_T16/fc3rev_h256/mne_l2/seed_40/noise_sweep_matrix_fashion_mnist_fc3rev_h256_T16_mode_rate_uniform_schedule_normal_seed_40.csv
fc3rev_h256,256,mne_l2,rate_uniform,16,16,40,0.15,86.260000,,important results/fashion_mnist_fc3rev_three_regs/noise_sweep_rate_uniform_L16_T16/fc3rev_h256/mne_l2/seed_40/noise_sweep_matrix_fashion_mnist_fc3rev_h256_T16_mode_rate_uniform_schedule_normal_seed_40.csv
fc3rev_h256,256,mne_l2,rate_uniform,16,16,40,0.20,86.270000,,important results/fashion_mnist_fc3rev_three_regs/noise_sweep_rate_uniform_L16_T16/fc3rev_h256/mne_l2/seed_40/noise_sweep_matrix_fashion_mnist_fc3rev_h256_T16_mode_rate_uniform_schedule_normal_seed_40.csv
fc3rev_h256,256,mne_l2,rate_uniform,16,16,40,0.25,86.180000,,important results/fashion_mnist_fc3rev_three_regs/noise_sweep_rate_uniform_L16_T16/fc3rev_h256/mne_l2/seed_40/noise_sweep_matrix_fashion_mnist_fc3rev_h256_T16_mode_rate_uniform_schedule_normal_seed_40.csv
fc3rev_h256,256,mne_l2,rate_uniform,16,16,40,0.30,86.220000,,important results/fashion_mnist_fc3rev_three_regs/noise_sweep_rate_uniform_L16_T16/fc3rev_h256/mne_l2/seed_40/noise_sweep_matrix_fashion_mnist_fc3rev_h256_T16_mode_rate_uniform_schedule_normal_seed_40.csv
fc3rev_h256,256,mne_l2,rate_uniform,16,16,40,0.35,86.080000,,important results/fashion_mnist_fc3rev_three_regs/noise_sweep_rate_uniform_L16_T16/fc3rev_h256/mne_l2/seed_40/noise_sweep_matrix_fashion_mnist_fc3rev_h256_T16_mode_rate_uniform_schedule_normal_seed_40.csv
fc3rev_h256,256,mne_l2,rate_uniform,16,16,40,0.40,85.930000,,important results/fashion_mnist_fc3rev_three_regs/noise_sweep_rate_uniform_L16_T16/fc3rev_h256/mne_l2/seed_40/noise_sweep_matrix_fashion_mnist_fc3rev_h256_T16_mode_rate_uniform_schedule_normal_seed_40.csv
fc3rev_h256,256,mne_l2,rate_uniform,16,16,40,0.45,86.040000,,important results/fashion_mnist_fc3rev_three_regs/noise_sweep_rate_uniform_L16_T16/fc3rev_h256/mne_l2/seed_40/noise_sweep_matrix_fashion_mnist_fc3rev_h256_T16_mode_rate_uniform_schedule_normal_seed_40.csv
fc3rev_h256,256,mne_l2,rate_uniform,16,16,40,0.50,85.810000,,important results/fashion_mnist_fc3rev_three_regs/noise_sweep_rate_uniform_L16_T16/fc3rev_h256/mne_l2/seed_40/noise_sweep_matrix_fashion_mnist_fc3rev_h256_T16_mode_rate_uniform_schedule_normal_seed_40.csv
fc3rev_h256,256,mne_l2,rate_uniform,16,16,40,0.55,85.600000,,important results/fashion_mnist_fc3rev_three_regs/noise_sweep_rate_uniform_L16_T16/fc3rev_h256/mne_l2/seed_40/noise_sweep_matrix_fashion_mnist_fc3rev_h256_T16_mode_rate_uniform_schedule_normal_seed_40.csv
fc3rev_h256,256,mne_l2,rate_uniform,16,16,40,0.60,85.300000,,important results/fashion_mnist_fc3rev_three_regs/noise_sweep_rate_uniform_L16_T16/fc3rev_h256/mne_l2/seed_40/noise_sweep_matrix_fashion_mnist_fc3rev_h256_T16_mode_rate_uniform_schedule_normal_seed_40.csv
fc3rev_h256,256,mne_l2,rate_uniform,16,16,40,0.65,85.330000,,important results/fashion_mnist_fc3rev_three_regs/noise_sweep_rate_uniform_L16_T16/fc3rev_h256/mne_l2/seed_40/noise_sweep_matrix_fashion_mnist_fc3rev_h256_T16_mode_rate_uniform_schedule_normal_seed_40.csv
fc3rev_h256,256,mne_l2,rate_uniform,16,16,40,0.70,85.330000,,important results/fashion_mnist_fc3rev_three_regs/noise_sweep_rate_uniform_L16_T16/fc3rev_h256/mne_l2/seed_40/noise_sweep_matrix_fashion_mnist_fc3rev_h256_T16_mode_rate_uniform_schedule_normal_seed_40.csv
fc3rev_h256,256,mne_l2,rate_uniform,16,16,40,0.75,84.970000,,important results/fashion_mnist_fc3rev_three_regs/noise_sweep_rate_uniform_L16_T16/fc3rev_h256/mne_l2/seed_40/noise_sweep_matrix_fashion_mnist_fc3rev_h256_T16_mode_rate_uniform_schedule_normal_seed_40.csv
fc3rev_h256,256,mne_l2,rate_uniform,16,16,40,0.80,84.820000,,important results/fashion_mnist_fc3rev_three_regs/noise_sweep_rate_uniform_L16_T16/fc3rev_h256/mne_l2/seed_40/noise_sweep_matrix_fashion_mnist_fc3rev_h256_T16_mode_rate_uniform_schedule_normal_seed_40.csv
fc3rev_h256,256,mne_l2,rate_uniform,16,16,40,0.85,84.350000,,important results/fashion_mnist_fc3rev_three_regs/noise_sweep_rate_uniform_L16_T16/fc3rev_h256/mne_l2/seed_40/noise_sweep_matrix_fashion_mnist_fc3rev_h256_T16_mode_rate_uniform_schedule_normal_seed_40.csv
fc3rev_h256,256,mne_l2,rate_uniform,16,16,40,0.90,84.110000,,important results/fashion_mnist_fc3rev_three_regs/noise_sweep_rate_uniform_L16_T16/fc3rev_h256/mne_l2/seed_40/noise_sweep_matrix_fashion_mnist_fc3rev_h256_T16_mode_rate_uniform_schedule_normal_seed_40.csv
fc3rev_h256,256,mne_l2,rate_uniform,16,16,40,0.95,84.100000,,important results/fashion_mnist_fc3rev_three_regs/noise_sweep_rate_uniform_L16_T16/fc3rev_h256/mne_l2/seed_40/noise_sweep_matrix_fashion_mnist_fc3rev_h256_T16_mode_rate_uniform_schedule_normal_seed_40.csv
fc3rev_h256,256,mne_l2,rate_uniform,16,16,40,1.00,83.360000,,important results/fashion_mnist_fc3rev_three_regs/noise_sweep_rate_uniform_L16_T16/fc3rev_h256/mne_l2/seed_40/noise_sweep_matrix_fashion_mnist_fc3rev_h256_T16_mode_rate_uniform_schedule_normal_seed_40.csv
fc3rev_h256,256,mne_l2,rate_uniform,16,16,41,0.00,86.460000,,important results/fashion_mnist_fc3rev_three_regs/noise_sweep_rate_uniform_L16_T16/fc3rev_h256/mne_l2/seed_41/noise_sweep_matrix_fashion_mnist_fc3rev_h256_T16_mode_rate_uniform_schedule_normal_seed_41.csv
fc3rev_h256,256,mne_l2,rate_uniform,16,16,41,0.05,86.360000,,important results/fashion_mnist_fc3rev_three_regs/noise_sweep_rate_uniform_L16_T16/fc3rev_h256/mne_l2/seed_41/noise_sweep_matrix_fashion_mnist_fc3rev_h256_T16_mode_rate_uniform_schedule_normal_seed_41.csv
fc3rev_h256,256,mne_l2,rate_uniform,16,16,41,0.10,86.070000,,important results/fashion_mnist_fc3rev_three_regs/noise_sweep_rate_uniform_L16_T16/fc3rev_h256/mne_l2/seed_41/noise_sweep_matrix_fashion_mnist_fc3rev_h256_T16_mode_rate_uniform_schedule_normal_seed_41.csv
fc3rev_h256,256,mne_l2,rate_uniform,16,16,41,0.15,86.040000,,important results/fashion_mnist_fc3rev_three_regs/noise_sweep_rate_uniform_L16_T16/fc3rev_h256/mne_l2/seed_41/noise_sweep_matrix_fashion_mnist_fc3rev_h256_T16_mode_rate_uniform_schedule_normal_seed_41.csv
fc3rev_h256,256,mne_l2,rate_uniform,16,16,41,0.20,86.000000,,important results/fashion_mnist_fc3rev_three_regs/noise_sweep_rate_uniform_L16_T16/fc3rev_h256/mne_l2/seed_41/noise_sweep_matrix_fashion_mnist_fc3rev_h256_T16_mode_rate_uniform_schedule_normal_seed_41.csv
fc3rev_h256,256,mne_l2,rate_uniform,16,16,41,0.25,85.790000,,important results/fashion_mnist_fc3rev_three_regs/noise_sweep_rate_uniform_L16_T16/fc3rev_h256/mne_l2/seed_41/noise_sweep_matrix_fashion_mnist_fc3rev_h256_T16_mode_rate_uniform_schedule_normal_seed_41.csv
fc3rev_h256,256,mne_l2,rate_uniform,16,16,41,0.30,85.730000,,important results/fashion_mnist_fc3rev_three_regs/noise_sweep_rate_uniform_L16_T16/fc3rev_h256/mne_l2/seed_41/noise_sweep_matrix_fashion_mnist_fc3rev_h256_T16_mode_rate_uniform_schedule_normal_seed_41.csv
fc3rev_h256,256,mne_l2,rate_uniform,16,16,41,0.35,86.190000,,important results/fashion_mnist_fc3rev_three_regs/noise_sweep_rate_uniform_L16_T16/fc3rev_h256/mne_l2/seed_41/noise_sweep_matrix_fashion_mnist_fc3rev_h256_T16_mode_rate_uniform_schedule_normal_seed_41.csv
fc3rev_h256,256,mne_l2,rate_uniform,16,16,41,0.40,85.610000,,important results/fashion_mnist_fc3rev_three_regs/noise_sweep_rate_uniform_L16_T16/fc3rev_h256/mne_l2/seed_41/noise_sweep_matrix_fashion_mnist_fc3rev_h256_T16_mode_rate_uniform_schedule_normal_seed_41.csv
fc3rev_h256,256,mne_l2,rate_uniform,16,16,41,0.45,86.030000,,important results/fashion_mnist_fc3rev_three_regs/noise_sweep_rate_uniform_L16_T16/fc3rev_h256/mne_l2/seed_41/noise_sweep_matrix_fashion_mnist_fc3rev_h256_T16_mode_rate_uniform_schedule_normal_seed_41.csv
fc3rev_h256,256,mne_l2,rate_uniform,16,16,41,0.50,85.680000,,important results/fashion_mnist_fc3rev_three_regs/noise_sweep_rate_uniform_L16_T16/fc3rev_h256/mne_l2/seed_41/noise_sweep_matrix_fashion_mnist_fc3rev_h256_T16_mode_rate_uniform_schedule_normal_seed_41.csv
fc3rev_h256,256,mne_l2,rate_uniform,16,16,41,0.55,85.600000,,important results/fashion_mnist_fc3rev_three_regs/noise_sweep_rate_uniform_L16_T16/fc3rev_h256/mne_l2/seed_41/noise_sweep_matrix_fashion_mnist_fc3rev_h256_T16_mode_rate_uniform_schedule_normal_seed_41.csv
fc3rev_h256,256,mne_l2,rate_uniform,16,16,41,0.60,85.570000,,important results/fashion_mnist_fc3rev_three_regs/noise_sweep_rate_uniform_L16_T16/fc3rev_h256/mne_l2/seed_41/noise_sweep_matrix_fashion_mnist_fc3rev_h256_T16_mode_rate_uniform_schedule_normal_seed_41.csv
fc3rev_h256,256,mne_l2,rate_uniform,16,16,41,0.65,84.940000,,important results/fashion_mnist_fc3rev_three_regs/noise_sweep_rate_uniform_L16_T16/fc3rev_h256/mne_l2/seed_41/noise_sweep_matrix_fashion_mnist_fc3rev_h256_T16_mode_rate_uniform_schedule_normal_seed_41.csv
fc3rev_h256,256,mne_l2,rate_uniform,16,16,41,0.70,84.770000,,important results/fashion_mnist_fc3rev_three_regs/noise_sweep_rate_uniform_L16_T16/fc3rev_h256/mne_l2/seed_41/noise_sweep_matrix_fashion_mnist_fc3rev_h256_T16_mode_rate_uniform_schedule_normal_seed_41.csv
fc3rev_h256,256,mne_l2,rate_uniform,16,16,41,0.75,84.660000,,important results/fashion_mnist_fc3rev_three_regs/noise_sweep_rate_uniform_L16_T16/fc3rev_h256/mne_l2/seed_41/noise_sweep_matrix_fashion_mnist_fc3rev_h256_T16_mode_rate_uniform_schedule_normal_seed_41.csv
fc3rev_h256,256,mne_l2,rate_uniform,16,16,41,0.80,84.330000,,important results/fashion_mnist_fc3rev_three_regs/noise_sweep_rate_uniform_L16_T16/fc3rev_h256/mne_l2/seed_41/noise_sweep_matrix_fashion_mnist_fc3rev_h256_T16_mode_rate_uniform_schedule_normal_seed_41.csv
fc3rev_h256,256,mne_l2,rate_uniform,16,16,41,0.85,84.440000,,important results/fashion_mnist_fc3rev_three_regs/noise_sweep_rate_uniform_L16_T16/fc3rev_h256/mne_l2/seed_41/noise_sweep_matrix_fashion_mnist_fc3rev_h256_T16_mode_rate_uniform_schedule_normal_seed_41.csv
fc3rev_h256,256,mne_l2,rate_uniform,16,16,41,0.90,84.150000,,important results/fashion_mnist_fc3rev_three_regs/noise_sweep_rate_uniform_L16_T16/fc3rev_h256/mne_l2/seed_41/noise_sweep_matrix_fashion_mnist_fc3rev_h256_T16_mode_rate_uniform_schedule_normal_seed_41.csv
fc3rev_h256,256,mne_l2,rate_uniform,16,16,41,0.95,83.720000,,important results/fashion_mnist_fc3rev_three_regs/noise_sweep_rate_uniform_L16_T16/fc3rev_h256/mne_l2/seed_41/noise_sweep_matrix_fashion_mnist_fc3rev_h256_T16_mode_rate_uniform_schedule_normal_seed_41.csv
fc3rev_h256,256,mne_l2,rate_uniform,16,16,41,1.00,83.860000,,important results/fashion_mnist_fc3rev_three_regs/noise_sweep_rate_uniform_L16_T16/fc3rev_h256/mne_l2/seed_41/noise_sweep_matrix_fashion_mnist_fc3rev_h256_T16_mode_rate_uniform_schedule_normal_seed_41.csv
fc3rev_h256,256,mne_l2,rate_uniform,16,16,42,0.00,86.350000,,important results/fashion_mnist_fc3rev_three_regs/noise_sweep_rate_uniform_L16_T16/fc3rev_h256/mne_l2/seed_42/noise_sweep_matrix_fashion_mnist_fc3rev_h256_T16_mode_rate_uniform_schedule_normal_seed_42.csv
fc3rev_h256,256,mne_l2,rate_uniform,16,16,42,0.05,86.090000,,important results/fashion_mnist_fc3rev_three_regs/noise_sweep_rate_uniform_L16_T16/fc3rev_h256/mne_l2/seed_42/noise_sweep_matrix_fashion_mnist_fc3rev_h256_T16_mode_rate_uniform_schedule_normal_seed_42.csv
fc3rev_h256,256,mne_l2,rate_uniform,16,16,42,0.10,86.020000,,important results/fashion_mnist_fc3rev_three_regs/noise_sweep_rate_uniform_L16_T16/fc3rev_h256/mne_l2/seed_42/noise_sweep_matrix_fashion_mnist_fc3rev_h256_T16_mode_rate_uniform_schedule_normal_seed_42.csv
fc3rev_h256,256,mne_l2,rate_uniform,16,16,42,0.15,86.000000,,important results/fashion_mnist_fc3rev_three_regs/noise_sweep_rate_uniform_L16_T16/fc3rev_h256/mne_l2/seed_42/noise_sweep_matrix_fashion_mnist_fc3rev_h256_T16_mode_rate_uniform_schedule_normal_seed_42.csv
fc3rev_h256,256,mne_l2,rate_uniform,16,16,42,0.20,85.880000,,important results/fashion_mnist_fc3rev_three_regs/noise_sweep_rate_uniform_L16_T16/fc3rev_h256/mne_l2/seed_42/noise_sweep_matrix_fashion_mnist_fc3rev_h256_T16_mode_rate_uniform_schedule_normal_seed_42.csv
fc3rev_h256,256,mne_l2,rate_uniform,16,16,42,0.25,86.160000,,important results/fashion_mnist_fc3rev_three_regs/noise_sweep_rate_uniform_L16_T16/fc3rev_h256/mne_l2/seed_42/noise_sweep_matrix_fashion_mnist_fc3rev_h256_T16_mode_rate_uniform_schedule_normal_seed_42.csv
fc3rev_h256,256,mne_l2,rate_uniform,16,16,42,0.30,85.930000,,important results/fashion_mnist_fc3rev_three_regs/noise_sweep_rate_uniform_L16_T16/fc3rev_h256/mne_l2/seed_42/noise_sweep_matrix_fashion_mnist_fc3rev_h256_T16_mode_rate_uniform_schedule_normal_seed_42.csv
fc3rev_h256,256,mne_l2,rate_uniform,16,16,42,0.35,85.820000,,important results/fashion_mnist_fc3rev_three_regs/noise_sweep_rate_uniform_L16_T16/fc3rev_h256/mne_l2/seed_42/noise_sweep_matrix_fashion_mnist_fc3rev_h256_T16_mode_rate_uniform_schedule_normal_seed_42.csv
fc3rev_h256,256,mne_l2,rate_uniform,16,16,42,0.40,85.720000,,important results/fashion_mnist_fc3rev_three_regs/noise_sweep_rate_uniform_L16_T16/fc3rev_h256/mne_l2/seed_42/noise_sweep_matrix_fashion_mnist_fc3rev_h256_T16_mode_rate_uniform_schedule_normal_seed_42.csv
fc3rev_h256,256,mne_l2,rate_uniform,16,16,42,0.45,85.730000,,important results/fashion_mnist_fc3rev_three_regs/noise_sweep_rate_uniform_L16_T16/fc3rev_h256/mne_l2/seed_42/noise_sweep_matrix_fashion_mnist_fc3rev_h256_T16_mode_rate_uniform_schedule_normal_seed_42.csv
fc3rev_h256,256,mne_l2,rate_uniform,16,16,42,0.50,85.770000,,important results/fashion_mnist_fc3rev_three_regs/noise_sweep_rate_uniform_L16_T16/fc3rev_h256/mne_l2/seed_42/noise_sweep_matrix_fashion_mnist_fc3rev_h256_T16_mode_rate_uniform_schedule_normal_seed_42.csv
fc3rev_h256,256,mne_l2,rate_uniform,16,16,42,0.55,85.360000,,important results/fashion_mnist_fc3rev_three_regs/noise_sweep_rate_uniform_L16_T16/fc3rev_h256/mne_l2/seed_42/noise_sweep_matrix_fashion_mnist_fc3rev_h256_T16_mode_rate_uniform_schedule_normal_seed_42.csv
fc3rev_h256,256,mne_l2,rate_uniform,16,16,42,0.60,85.410000,,important results/fashion_mnist_fc3rev_three_regs/noise_sweep_rate_uniform_L16_T16/fc3rev_h256/mne_l2/seed_42/noise_sweep_matrix_fashion_mnist_fc3rev_h256_T16_mode_rate_uniform_schedule_normal_seed_42.csv
fc3rev_h256,256,mne_l2,rate_uniform,16,16,42,0.65,84.710000,,important results/fashion_mnist_fc3rev_three_regs/noise_sweep_rate_uniform_L16_T16/fc3rev_h256/mne_l2/seed_42/noise_sweep_matrix_fashion_mnist_fc3rev_h256_T16_mode_rate_uniform_schedule_normal_seed_42.csv
fc3rev_h256,256,mne_l2,rate_uniform,16,16,42,0.70,84.990000,,important results/fashion_mnist_fc3rev_three_regs/noise_sweep_rate_uniform_L16_T16/fc3rev_h256/mne_l2/seed_42/noise_sweep_matrix_fashion_mnist_fc3rev_h256_T16_mode_rate_uniform_schedule_normal_seed_42.csv
fc3rev_h256,256,mne_l2,rate_uniform,16,16,42,0.75,84.560000,,important results/fashion_mnist_fc3rev_three_regs/noise_sweep_rate_uniform_L16_T16/fc3rev_h256/mne_l2/seed_42/noise_sweep_matrix_fashion_mnist_fc3rev_h256_T16_mode_rate_uniform_schedule_normal_seed_42.csv
fc3rev_h256,256,mne_l2,rate_uniform,16,16,42,0.80,84.200000,,important results/fashion_mnist_fc3rev_three_regs/noise_sweep_rate_uniform_L16_T16/fc3rev_h256/mne_l2/seed_42/noise_sweep_matrix_fashion_mnist_fc3rev_h256_T16_mode_rate_uniform_schedule_normal_seed_42.csv
fc3rev_h256,256,mne_l2,rate_uniform,16,16,42,0.85,84.470000,,important results/fashion_mnist_fc3rev_three_regs/noise_sweep_rate_uniform_L16_T16/fc3rev_h256/mne_l2/seed_42/noise_sweep_matrix_fashion_mnist_fc3rev_h256_T16_mode_rate_uniform_schedule_normal_seed_42.csv
fc3rev_h256,256,mne_l2,rate_uniform,16,16,42,0.90,84.030000,,important results/fashion_mnist_fc3rev_three_regs/noise_sweep_rate_uniform_L16_T16/fc3rev_h256/mne_l2/seed_42/noise_sweep_matrix_fashion_mnist_fc3rev_h256_T16_mode_rate_uniform_schedule_normal_seed_42.csv
fc3rev_h256,256,mne_l2,rate_uniform,16,16,42,0.95,84.110000,,important results/fashion_mnist_fc3rev_three_regs/noise_sweep_rate_uniform_L16_T16/fc3rev_h256/mne_l2/seed_42/noise_sweep_matrix_fashion_mnist_fc3rev_h256_T16_mode_rate_uniform_schedule_normal_seed_42.csv
fc3rev_h256,256,mne_l2,rate_uniform,16,16,42,1.00,83.420000,,important results/fashion_mnist_fc3rev_three_regs/noise_sweep_rate_uniform_L16_T16/fc3rev_h256/mne_l2/seed_42/noise_sweep_matrix_fashion_mnist_fc3rev_h256_T16_mode_rate_uniform_schedule_normal_seed_42.csv
fc3rev_h256,256,mne_l2,rate_uniform,16,16,43,0.00,86.660000,,important results/fashion_mnist_fc3rev_three_regs/noise_sweep_rate_uniform_L16_T16/fc3rev_h256/mne_l2/seed_43/noise_sweep_matrix_fashion_mnist_fc3rev_h256_T16_mode_rate_uniform_schedule_normal_seed_43.csv
fc3rev_h256,256,mne_l2,rate_uniform,16,16,43,0.05,86.420000,,important results/fashion_mnist_fc3rev_three_regs/noise_sweep_rate_uniform_L16_T16/fc3rev_h256/mne_l2/seed_43/noise_sweep_matrix_fashion_mnist_fc3rev_h256_T16_mode_rate_uniform_schedule_normal_seed_43.csv
fc3rev_h256,256,mne_l2,rate_uniform,16,16,43,0.10,86.330000,,important results/fashion_mnist_fc3rev_three_regs/noise_sweep_rate_uniform_L16_T16/fc3rev_h256/mne_l2/seed_43/noise_sweep_matrix_fashion_mnist_fc3rev_h256_T16_mode_rate_uniform_schedule_normal_seed_43.csv
fc3rev_h256,256,mne_l2,rate_uniform,16,16,43,0.15,85.880000,,important results/fashion_mnist_fc3rev_three_regs/noise_sweep_rate_uniform_L16_T16/fc3rev_h256/mne_l2/seed_43/noise_sweep_matrix_fashion_mnist_fc3rev_h256_T16_mode_rate_uniform_schedule_normal_seed_43.csv
fc3rev_h256,256,mne_l2,rate_uniform,16,16,43,0.20,86.020000,,important results/fashion_mnist_fc3rev_three_regs/noise_sweep_rate_uniform_L16_T16/fc3rev_h256/mne_l2/seed_43/noise_sweep_matrix_fashion_mnist_fc3rev_h256_T16_mode_rate_uniform_schedule_normal_seed_43.csv
fc3rev_h256,256,mne_l2,rate_uniform,16,16,43,0.25,86.280000,,important results/fashion_mnist_fc3rev_three_regs/noise_sweep_rate_uniform_L16_T16/fc3rev_h256/mne_l2/seed_43/noise_sweep_matrix_fashion_mnist_fc3rev_h256_T16_mode_rate_uniform_schedule_normal_seed_43.csv
fc3rev_h256,256,mne_l2,rate_uniform,16,16,43,0.30,85.860000,,important results/fashion_mnist_fc3rev_three_regs/noise_sweep_rate_uniform_L16_T16/fc3rev_h256/mne_l2/seed_43/noise_sweep_matrix_fashion_mnist_fc3rev_h256_T16_mode_rate_uniform_schedule_normal_seed_43.csv
fc3rev_h256,256,mne_l2,rate_uniform,16,16,43,0.35,85.480000,,important results/fashion_mnist_fc3rev_three_regs/noise_sweep_rate_uniform_L16_T16/fc3rev_h256/mne_l2/seed_43/noise_sweep_matrix_fashion_mnist_fc3rev_h256_T16_mode_rate_uniform_schedule_normal_seed_43.csv
fc3rev_h256,256,mne_l2,rate_uniform,16,16,43,0.40,85.880000,,important results/fashion_mnist_fc3rev_three_regs/noise_sweep_rate_uniform_L16_T16/fc3rev_h256/mne_l2/seed_43/noise_sweep_matrix_fashion_mnist_fc3rev_h256_T16_mode_rate_uniform_schedule_normal_seed_43.csv
fc3rev_h256,256,mne_l2,rate_uniform,16,16,43,0.45,85.430000,,important results/fashion_mnist_fc3rev_three_regs/noise_sweep_rate_uniform_L16_T16/fc3rev_h256/mne_l2/seed_43/noise_sweep_matrix_fashion_mnist_fc3rev_h256_T16_mode_rate_uniform_schedule_normal_seed_43.csv
fc3rev_h256,256,mne_l2,rate_uniform,16,16,43,0.50,85.570000,,important results/fashion_mnist_fc3rev_three_regs/noise_sweep_rate_uniform_L16_T16/fc3rev_h256/mne_l2/seed_43/noise_sweep_matrix_fashion_mnist_fc3rev_h256_T16_mode_rate_uniform_schedule_normal_seed_43.csv
fc3rev_h256,256,mne_l2,rate_uniform,16,16,43,0.55,85.120000,,important results/fashion_mnist_fc3rev_three_regs/noise_sweep_rate_uniform_L16_T16/fc3rev_h256/mne_l2/seed_43/noise_sweep_matrix_fashion_mnist_fc3rev_h256_T16_mode_rate_uniform_schedule_normal_seed_43.csv
fc3rev_h256,256,mne_l2,rate_uniform,16,16,43,0.60,85.160000,,important results/fashion_mnist_fc3rev_three_regs/noise_sweep_rate_uniform_L16_T16/fc3rev_h256/mne_l2/seed_43/noise_sweep_matrix_fashion_mnist_fc3rev_h256_T16_mode_rate_uniform_schedule_normal_seed_43.csv
fc3rev_h256,256,mne_l2,rate_uniform,16,16,43,0.65,84.980000,,important results/fashion_mnist_fc3rev_three_regs/noise_sweep_rate_uniform_L16_T16/fc3rev_h256/mne_l2/seed_43/noise_sweep_matrix_fashion_mnist_fc3rev_h256_T16_mode_rate_uniform_schedule_normal_seed_43.csv
fc3rev_h256,256,mne_l2,rate_uniform,16,16,43,0.70,84.980000,,important results/fashion_mnist_fc3rev_three_regs/noise_sweep_rate_uniform_L16_T16/fc3rev_h256/mne_l2/seed_43/noise_sweep_matrix_fashion_mnist_fc3rev_h256_T16_mode_rate_uniform_schedule_normal_seed_43.csv
fc3rev_h256,256,mne_l2,rate_uniform,16,16,43,0.75,84.660000,,important results/fashion_mnist_fc3rev_three_regs/noise_sweep_rate_uniform_L16_T16/fc3rev_h256/mne_l2/seed_43/noise_sweep_matrix_fashion_mnist_fc3rev_h256_T16_mode_rate_uniform_schedule_normal_seed_43.csv
fc3rev_h256,256,mne_l2,rate_uniform,16,16,43,0.80,83.800000,,important results/fashion_mnist_fc3rev_three_regs/noise_sweep_rate_uniform_L16_T16/fc3rev_h256/mne_l2/seed_43/noise_sweep_matrix_fashion_mnist_fc3rev_h256_T16_mode_rate_uniform_schedule_normal_seed_43.csv
fc3rev_h256,256,mne_l2,rate_uniform,16,16,43,0.85,84.170000,,important results/fashion_mnist_fc3rev_three_regs/noise_sweep_rate_uniform_L16_T16/fc3rev_h256/mne_l2/seed_43/noise_sweep_matrix_fashion_mnist_fc3rev_h256_T16_mode_rate_uniform_schedule_normal_seed_43.csv
fc3rev_h256,256,mne_l2,rate_uniform,16,16,43,0.90,84.280000,,important results/fashion_mnist_fc3rev_three_regs/noise_sweep_rate_uniform_L16_T16/fc3rev_h256/mne_l2/seed_43/noise_sweep_matrix_fashion_mnist_fc3rev_h256_T16_mode_rate_uniform_schedule_normal_seed_43.csv
fc3rev_h256,256,mne_l2,rate_uniform,16,16,43,0.95,83.970000,,important results/fashion_mnist_fc3rev_three_regs/noise_sweep_rate_uniform_L16_T16/fc3rev_h256/mne_l2/seed_43/noise_sweep_matrix_fashion_mnist_fc3rev_h256_T16_mode_rate_uniform_schedule_normal_seed_43.csv
fc3rev_h256,256,mne_l2,rate_uniform,16,16,43,1.00,83.070000,,important results/fashion_mnist_fc3rev_three_regs/noise_sweep_rate_uniform_L16_T16/fc3rev_h256/mne_l2/seed_43/noise_sweep_matrix_fashion_mnist_fc3rev_h256_T16_mode_rate_uniform_schedule_normal_seed_43.csv
fc3rev_h256,256,mne_l2,rate_uniform,16,16,44,0.00,86.770000,,important results/fashion_mnist_fc3rev_three_regs/noise_sweep_rate_uniform_L16_T16/fc3rev_h256/mne_l2/seed_44/noise_sweep_matrix_fashion_mnist_fc3rev_h256_T16_mode_rate_uniform_schedule_normal_seed_44.csv
fc3rev_h256,256,mne_l2,rate_uniform,16,16,44,0.05,86.430000,,important results/fashion_mnist_fc3rev_three_regs/noise_sweep_rate_uniform_L16_T16/fc3rev_h256/mne_l2/seed_44/noise_sweep_matrix_fashion_mnist_fc3rev_h256_T16_mode_rate_uniform_schedule_normal_seed_44.csv
fc3rev_h256,256,mne_l2,rate_uniform,16,16,44,0.10,86.390000,,important results/fashion_mnist_fc3rev_three_regs/noise_sweep_rate_uniform_L16_T16/fc3rev_h256/mne_l2/seed_44/noise_sweep_matrix_fashion_mnist_fc3rev_h256_T16_mode_rate_uniform_schedule_normal_seed_44.csv
fc3rev_h256,256,mne_l2,rate_uniform,16,16,44,0.15,86.410000,,important results/fashion_mnist_fc3rev_three_regs/noise_sweep_rate_uniform_L16_T16/fc3rev_h256/mne_l2/seed_44/noise_sweep_matrix_fashion_mnist_fc3rev_h256_T16_mode_rate_uniform_schedule_normal_seed_44.csv
fc3rev_h256,256,mne_l2,rate_uniform,16,16,44,0.20,86.540000,,important results/fashion_mnist_fc3rev_three_regs/noise_sweep_rate_uniform_L16_T16/fc3rev_h256/mne_l2/seed_44/noise_sweep_matrix_fashion_mnist_fc3rev_h256_T16_mode_rate_uniform_schedule_normal_seed_44.csv
fc3rev_h256,256,mne_l2,rate_uniform,16,16,44,0.25,85.990000,,important results/fashion_mnist_fc3rev_three_regs/noise_sweep_rate_uniform_L16_T16/fc3rev_h256/mne_l2/seed_44/noise_sweep_matrix_fashion_mnist_fc3rev_h256_T16_mode_rate_uniform_schedule_normal_seed_44.csv
fc3rev_h256,256,mne_l2,rate_uniform,16,16,44,0.30,86.460000,,important results/fashion_mnist_fc3rev_three_regs/noise_sweep_rate_uniform_L16_T16/fc3rev_h256/mne_l2/seed_44/noise_sweep_matrix_fashion_mnist_fc3rev_h256_T16_mode_rate_uniform_schedule_normal_seed_44.csv
fc3rev_h256,256,mne_l2,rate_uniform,16,16,44,0.35,85.810000,,important results/fashion_mnist_fc3rev_three_regs/noise_sweep_rate_uniform_L16_T16/fc3rev_h256/mne_l2/seed_44/noise_sweep_matrix_fashion_mnist_fc3rev_h256_T16_mode_rate_uniform_schedule_normal_seed_44.csv
fc3rev_h256,256,mne_l2,rate_uniform,16,16,44,0.40,85.730000,,important results/fashion_mnist_fc3rev_three_regs/noise_sweep_rate_uniform_L16_T16/fc3rev_h256/mne_l2/seed_44/noise_sweep_matrix_fashion_mnist_fc3rev_h256_T16_mode_rate_uniform_schedule_normal_seed_44.csv
fc3rev_h256,256,mne_l2,rate_uniform,16,16,44,0.45,86.130000,,important results/fashion_mnist_fc3rev_three_regs/noise_sweep_rate_uniform_L16_T16/fc3rev_h256/mne_l2/seed_44/noise_sweep_matrix_fashion_mnist_fc3rev_h256_T16_mode_rate_uniform_schedule_normal_seed_44.csv
fc3rev_h256,256,mne_l2,rate_uniform,16,16,44,0.50,85.790000,,important results/fashion_mnist_fc3rev_three_regs/noise_sweep_rate_uniform_L16_T16/fc3rev_h256/mne_l2/seed_44/noise_sweep_matrix_fashion_mnist_fc3rev_h256_T16_mode_rate_uniform_schedule_normal_seed_44.csv
fc3rev_h256,256,mne_l2,rate_uniform,16,16,44,0.55,85.280000,,important results/fashion_mnist_fc3rev_three_regs/noise_sweep_rate_uniform_L16_T16/fc3rev_h256/mne_l2/seed_44/noise_sweep_matrix_fashion_mnist_fc3rev_h256_T16_mode_rate_uniform_schedule_normal_seed_44.csv
fc3rev_h256,256,mne_l2,rate_uniform,16,16,44,0.60,85.120000,,important results/fashion_mnist_fc3rev_three_regs/noise_sweep_rate_uniform_L16_T16/fc3rev_h256/mne_l2/seed_44/noise_sweep_matrix_fashion_mnist_fc3rev_h256_T16_mode_rate_uniform_schedule_normal_seed_44.csv
fc3rev_h256,256,mne_l2,rate_uniform,16,16,44,0.65,85.220000,,important results/fashion_mnist_fc3rev_three_regs/noise_sweep_rate_uniform_L16_T16/fc3rev_h256/mne_l2/seed_44/noise_sweep_matrix_fashion_mnist_fc3rev_h256_T16_mode_rate_uniform_schedule_normal_seed_44.csv
fc3rev_h256,256,mne_l2,rate_uniform,16,16,44,0.70,84.730000,,important results/fashion_mnist_fc3rev_three_regs/noise_sweep_rate_uniform_L16_T16/fc3rev_h256/mne_l2/seed_44/noise_sweep_matrix_fashion_mnist_fc3rev_h256_T16_mode_rate_uniform_schedule_normal_seed_44.csv
fc3rev_h256,256,mne_l2,rate_uniform,16,16,44,0.75,84.720000,,important results/fashion_mnist_fc3rev_three_regs/noise_sweep_rate_uniform_L16_T16/fc3rev_h256/mne_l2/seed_44/noise_sweep_matrix_fashion_mnist_fc3rev_h256_T16_mode_rate_uniform_schedule_normal_seed_44.csv
fc3rev_h256,256,mne_l2,rate_uniform,16,16,44,0.80,84.300000,,important results/fashion_mnist_fc3rev_three_regs/noise_sweep_rate_uniform_L16_T16/fc3rev_h256/mne_l2/seed_44/noise_sweep_matrix_fashion_mnist_fc3rev_h256_T16_mode_rate_uniform_schedule_normal_seed_44.csv
fc3rev_h256,256,mne_l2,rate_uniform,16,16,44,0.85,84.520000,,important results/fashion_mnist_fc3rev_three_regs/noise_sweep_rate_uniform_L16_T16/fc3rev_h256/mne_l2/seed_44/noise_sweep_matrix_fashion_mnist_fc3rev_h256_T16_mode_rate_uniform_schedule_normal_seed_44.csv
fc3rev_h256,256,mne_l2,rate_uniform,16,16,44,0.90,83.780000,,important results/fashion_mnist_fc3rev_three_regs/noise_sweep_rate_uniform_L16_T16/fc3rev_h256/mne_l2/seed_44/noise_sweep_matrix_fashion_mnist_fc3rev_h256_T16_mode_rate_uniform_schedule_normal_seed_44.csv
fc3rev_h256,256,mne_l2,rate_uniform,16,16,44,0.95,83.950000,,important results/fashion_mnist_fc3rev_three_regs/noise_sweep_rate_uniform_L16_T16/fc3rev_h256/mne_l2/seed_44/noise_sweep_matrix_fashion_mnist_fc3rev_h256_T16_mode_rate_uniform_schedule_normal_seed_44.csv
fc3rev_h256,256,mne_l2,rate_uniform,16,16,44,1.00,83.410000,,important results/fashion_mnist_fc3rev_three_regs/noise_sweep_rate_uniform_L16_T16/fc3rev_h256/mne_l2/seed_44/noise_sweep_matrix_fashion_mnist_fc3rev_h256_T16_mode_rate_uniform_schedule_normal_seed_44.csv
fc3rev_h256,256,no_regularization,rate_uniform,16,16,40,0.00,87.690000,,important results/fashion_mnist_fc3rev_three_regs/noise_sweep_rate_uniform_L16_T16/fc3rev_h256/no_regularization/seed_40/noise_sweep_matrix_fashion_mnist_fc3rev_h256_T16_mode_rate_uniform_schedule_normal_seed_40.csv
fc3rev_h256,256,no_regularization,rate_uniform,16,16,40,0.05,87.470000,,important results/fashion_mnist_fc3rev_three_regs/noise_sweep_rate_uniform_L16_T16/fc3rev_h256/no_regularization/seed_40/noise_sweep_matrix_fashion_mnist_fc3rev_h256_T16_mode_rate_uniform_schedule_normal_seed_40.csv
fc3rev_h256,256,no_regularization,rate_uniform,16,16,40,0.10,87.630000,,important results/fashion_mnist_fc3rev_three_regs/noise_sweep_rate_uniform_L16_T16/fc3rev_h256/no_regularization/seed_40/noise_sweep_matrix_fashion_mnist_fc3rev_h256_T16_mode_rate_uniform_schedule_normal_seed_40.csv
fc3rev_h256,256,no_regularization,rate_uniform,16,16,40,0.15,87.600000,,important results/fashion_mnist_fc3rev_three_regs/noise_sweep_rate_uniform_L16_T16/fc3rev_h256/no_regularization/seed_40/noise_sweep_matrix_fashion_mnist_fc3rev_h256_T16_mode_rate_uniform_schedule_normal_seed_40.csv
fc3rev_h256,256,no_regularization,rate_uniform,16,16,40,0.20,87.510000,,important results/fashion_mnist_fc3rev_three_regs/noise_sweep_rate_uniform_L16_T16/fc3rev_h256/no_regularization/seed_40/noise_sweep_matrix_fashion_mnist_fc3rev_h256_T16_mode_rate_uniform_schedule_normal_seed_40.csv
fc3rev_h256,256,no_regularization,rate_uniform,16,16,40,0.25,87.330000,,important results/fashion_mnist_fc3rev_three_regs/noise_sweep_rate_uniform_L16_T16/fc3rev_h256/no_regularization/seed_40/noise_sweep_matrix_fashion_mnist_fc3rev_h256_T16_mode_rate_uniform_schedule_normal_seed_40.csv
fc3rev_h256,256,no_regularization,rate_uniform,16,16,40,0.30,87.330000,,important results/fashion_mnist_fc3rev_three_regs/noise_sweep_rate_uniform_L16_T16/fc3rev_h256/no_regularization/seed_40/noise_sweep_matrix_fashion_mnist_fc3rev_h256_T16_mode_rate_uniform_schedule_normal_seed_40.csv
fc3rev_h256,256,no_regularization,rate_uniform,16,16,40,0.35,87.290000,,important results/fashion_mnist_fc3rev_three_regs/noise_sweep_rate_uniform_L16_T16/fc3rev_h256/no_regularization/seed_40/noise_sweep_matrix_fashion_mnist_fc3rev_h256_T16_mode_rate_uniform_schedule_normal_seed_40.csv
fc3rev_h256,256,no_regularization,rate_uniform,16,16,40,0.40,86.850000,,important results/fashion_mnist_fc3rev_three_regs/noise_sweep_rate_uniform_L16_T16/fc3rev_h256/no_regularization/seed_40/noise_sweep_matrix_fashion_mnist_fc3rev_h256_T16_mode_rate_uniform_schedule_normal_seed_40.csv
fc3rev_h256,256,no_regularization,rate_uniform,16,16,40,0.45,86.930000,,important results/fashion_mnist_fc3rev_three_regs/noise_sweep_rate_uniform_L16_T16/fc3rev_h256/no_regularization/seed_40/noise_sweep_matrix_fashion_mnist_fc3rev_h256_T16_mode_rate_uniform_schedule_normal_seed_40.csv
fc3rev_h256,256,no_regularization,rate_uniform,16,16,40,0.50,86.830000,,important results/fashion_mnist_fc3rev_three_regs/noise_sweep_rate_uniform_L16_T16/fc3rev_h256/no_regularization/seed_40/noise_sweep_matrix_fashion_mnist_fc3rev_h256_T16_mode_rate_uniform_schedule_normal_seed_40.csv
fc3rev_h256,256,no_regularization,rate_uniform,16,16,40,0.55,86.300000,,important results/fashion_mnist_fc3rev_three_regs/noise_sweep_rate_uniform_L16_T16/fc3rev_h256/no_regularization/seed_40/noise_sweep_matrix_fashion_mnist_fc3rev_h256_T16_mode_rate_uniform_schedule_normal_seed_40.csv
fc3rev_h256,256,no_regularization,rate_uniform,16,16,40,0.60,86.290000,,important results/fashion_mnist_fc3rev_three_regs/noise_sweep_rate_uniform_L16_T16/fc3rev_h256/no_regularization/seed_40/noise_sweep_matrix_fashion_mnist_fc3rev_h256_T16_mode_rate_uniform_schedule_normal_seed_40.csv
fc3rev_h256,256,no_regularization,rate_uniform,16,16,40,0.65,85.970000,,important results/fashion_mnist_fc3rev_three_regs/noise_sweep_rate_uniform_L16_T16/fc3rev_h256/no_regularization/seed_40/noise_sweep_matrix_fashion_mnist_fc3rev_h256_T16_mode_rate_uniform_schedule_normal_seed_40.csv
fc3rev_h256,256,no_regularization,rate_uniform,16,16,40,0.70,85.800000,,important results/fashion_mnist_fc3rev_three_regs/noise_sweep_rate_uniform_L16_T16/fc3rev_h256/no_regularization/seed_40/noise_sweep_matrix_fashion_mnist_fc3rev_h256_T16_mode_rate_uniform_schedule_normal_seed_40.csv
fc3rev_h256,256,no_regularization,rate_uniform,16,16,40,0.75,85.950000,,important results/fashion_mnist_fc3rev_three_regs/noise_sweep_rate_uniform_L16_T16/fc3rev_h256/no_regularization/seed_40/noise_sweep_matrix_fashion_mnist_fc3rev_h256_T16_mode_rate_uniform_schedule_normal_seed_40.csv
fc3rev_h256,256,no_regularization,rate_uniform,16,16,40,0.80,84.950000,,important results/fashion_mnist_fc3rev_three_regs/noise_sweep_rate_uniform_L16_T16/fc3rev_h256/no_regularization/seed_40/noise_sweep_matrix_fashion_mnist_fc3rev_h256_T16_mode_rate_uniform_schedule_normal_seed_40.csv
fc3rev_h256,256,no_regularization,rate_uniform,16,16,40,0.85,84.390000,,important results/fashion_mnist_fc3rev_three_regs/noise_sweep_rate_uniform_L16_T16/fc3rev_h256/no_regularization/seed_40/noise_sweep_matrix_fashion_mnist_fc3rev_h256_T16_mode_rate_uniform_schedule_normal_seed_40.csv
fc3rev_h256,256,no_regularization,rate_uniform,16,16,40,0.90,84.940000,,important results/fashion_mnist_fc3rev_three_regs/noise_sweep_rate_uniform_L16_T16/fc3rev_h256/no_regularization/seed_40/noise_sweep_matrix_fashion_mnist_fc3rev_h256_T16_mode_rate_uniform_schedule_normal_seed_40.csv
fc3rev_h256,256,no_regularization,rate_uniform,16,16,40,0.95,84.380000,,important results/fashion_mnist_fc3rev_three_regs/noise_sweep_rate_uniform_L16_T16/fc3rev_h256/no_regularization/seed_40/noise_sweep_matrix_fashion_mnist_fc3rev_h256_T16_mode_rate_uniform_schedule_normal_seed_40.csv
fc3rev_h256,256,no_regularization,rate_uniform,16,16,40,1.00,83.510000,,important results/fashion_mnist_fc3rev_three_regs/noise_sweep_rate_uniform_L16_T16/fc3rev_h256/no_regularization/seed_40/noise_sweep_matrix_fashion_mnist_fc3rev_h256_T16_mode_rate_uniform_schedule_normal_seed_40.csv
fc3rev_h256,256,no_regularization,rate_uniform,16,16,41,0.00,87.070000,,important results/fashion_mnist_fc3rev_three_regs/noise_sweep_rate_uniform_L16_T16/fc3rev_h256/no_regularization/seed_41/noise_sweep_matrix_fashion_mnist_fc3rev_h256_T16_mode_rate_uniform_schedule_normal_seed_41.csv
fc3rev_h256,256,no_regularization,rate_uniform,16,16,41,0.05,86.870000,,important results/fashion_mnist_fc3rev_three_regs/noise_sweep_rate_uniform_L16_T16/fc3rev_h256/no_regularization/seed_41/noise_sweep_matrix_fashion_mnist_fc3rev_h256_T16_mode_rate_uniform_schedule_normal_seed_41.csv
fc3rev_h256,256,no_regularization,rate_uniform,16,16,41,0.10,86.690000,,important results/fashion_mnist_fc3rev_three_regs/noise_sweep_rate_uniform_L16_T16/fc3rev_h256/no_regularization/seed_41/noise_sweep_matrix_fashion_mnist_fc3rev_h256_T16_mode_rate_uniform_schedule_normal_seed_41.csv
fc3rev_h256,256,no_regularization,rate_uniform,16,16,41,0.15,86.860000,,important results/fashion_mnist_fc3rev_three_regs/noise_sweep_rate_uniform_L16_T16/fc3rev_h256/no_regularization/seed_41/noise_sweep_matrix_fashion_mnist_fc3rev_h256_T16_mode_rate_uniform_schedule_normal_seed_41.csv
fc3rev_h256,256,no_regularization,rate_uniform,16,16,41,0.20,86.450000,,important results/fashion_mnist_fc3rev_three_regs/noise_sweep_rate_uniform_L16_T16/fc3rev_h256/no_regularization/seed_41/noise_sweep_matrix_fashion_mnist_fc3rev_h256_T16_mode_rate_uniform_schedule_normal_seed_41.csv
fc3rev_h256,256,no_regularization,rate_uniform,16,16,41,0.25,86.850000,,important results/fashion_mnist_fc3rev_three_regs/noise_sweep_rate_uniform_L16_T16/fc3rev_h256/no_regularization/seed_41/noise_sweep_matrix_fashion_mnist_fc3rev_h256_T16_mode_rate_uniform_schedule_normal_seed_41.csv
fc3rev_h256,256,no_regularization,rate_uniform,16,16,41,0.30,86.930000,,important results/fashion_mnist_fc3rev_three_regs/noise_sweep_rate_uniform_L16_T16/fc3rev_h256/no_regularization/seed_41/noise_sweep_matrix_fashion_mnist_fc3rev_h256_T16_mode_rate_uniform_schedule_normal_seed_41.csv
fc3rev_h256,256,no_regularization,rate_uniform,16,16,41,0.35,86.510000,,important results/fashion_mnist_fc3rev_three_regs/noise_sweep_rate_uniform_L16_T16/fc3rev_h256/no_regularization/seed_41/noise_sweep_matrix_fashion_mnist_fc3rev_h256_T16_mode_rate_uniform_schedule_normal_seed_41.csv
fc3rev_h256,256,no_regularization,rate_uniform,16,16,41,0.40,86.560000,,important results/fashion_mnist_fc3rev_three_regs/noise_sweep_rate_uniform_L16_T16/fc3rev_h256/no_regularization/seed_41/noise_sweep_matrix_fashion_mnist_fc3rev_h256_T16_mode_rate_uniform_schedule_normal_seed_41.csv
fc3rev_h256,256,no_regularization,rate_uniform,16,16,41,0.45,86.130000,,important results/fashion_mnist_fc3rev_three_regs/noise_sweep_rate_uniform_L16_T16/fc3rev_h256/no_regularization/seed_41/noise_sweep_matrix_fashion_mnist_fc3rev_h256_T16_mode_rate_uniform_schedule_normal_seed_41.csv
fc3rev_h256,256,no_regularization,rate_uniform,16,16,41,0.50,86.280000,,important results/fashion_mnist_fc3rev_three_regs/noise_sweep_rate_uniform_L16_T16/fc3rev_h256/no_regularization/seed_41/noise_sweep_matrix_fashion_mnist_fc3rev_h256_T16_mode_rate_uniform_schedule_normal_seed_41.csv
fc3rev_h256,256,no_regularization,rate_uniform,16,16,41,0.55,86.300000,,important results/fashion_mnist_fc3rev_three_regs/noise_sweep_rate_uniform_L16_T16/fc3rev_h256/no_regularization/seed_41/noise_sweep_matrix_fashion_mnist_fc3rev_h256_T16_mode_rate_uniform_schedule_normal_seed_41.csv
fc3rev_h256,256,no_regularization,rate_uniform,16,16,41,0.60,86.170000,,important results/fashion_mnist_fc3rev_three_regs/noise_sweep_rate_uniform_L16_T16/fc3rev_h256/no_regularization/seed_41/noise_sweep_matrix_fashion_mnist_fc3rev_h256_T16_mode_rate_uniform_schedule_normal_seed_41.csv
fc3rev_h256,256,no_regularization,rate_uniform,16,16,41,0.65,85.490000,,important results/fashion_mnist_fc3rev_three_regs/noise_sweep_rate_uniform_L16_T16/fc3rev_h256/no_regularization/seed_41/noise_sweep_matrix_fashion_mnist_fc3rev_h256_T16_mode_rate_uniform_schedule_normal_seed_41.csv
fc3rev_h256,256,no_regularization,rate_uniform,16,16,41,0.70,85.470000,,important results/fashion_mnist_fc3rev_three_regs/noise_sweep_rate_uniform_L16_T16/fc3rev_h256/no_regularization/seed_41/noise_sweep_matrix_fashion_mnist_fc3rev_h256_T16_mode_rate_uniform_schedule_normal_seed_41.csv
fc3rev_h256,256,no_regularization,rate_uniform,16,16,41,0.75,85.260000,,important results/fashion_mnist_fc3rev_three_regs/noise_sweep_rate_uniform_L16_T16/fc3rev_h256/no_regularization/seed_41/noise_sweep_matrix_fashion_mnist_fc3rev_h256_T16_mode_rate_uniform_schedule_normal_seed_41.csv
fc3rev_h256,256,no_regularization,rate_uniform,16,16,41,0.80,85.010000,,important results/fashion_mnist_fc3rev_three_regs/noise_sweep_rate_uniform_L16_T16/fc3rev_h256/no_regularization/seed_41/noise_sweep_matrix_fashion_mnist_fc3rev_h256_T16_mode_rate_uniform_schedule_normal_seed_41.csv
fc3rev_h256,256,no_regularization,rate_uniform,16,16,41,0.85,84.730000,,important results/fashion_mnist_fc3rev_three_regs/noise_sweep_rate_uniform_L16_T16/fc3rev_h256/no_regularization/seed_41/noise_sweep_matrix_fashion_mnist_fc3rev_h256_T16_mode_rate_uniform_schedule_normal_seed_41.csv
fc3rev_h256,256,no_regularization,rate_uniform,16,16,41,0.90,84.220000,,important results/fashion_mnist_fc3rev_three_regs/noise_sweep_rate_uniform_L16_T16/fc3rev_h256/no_regularization/seed_41/noise_sweep_matrix_fashion_mnist_fc3rev_h256_T16_mode_rate_uniform_schedule_normal_seed_41.csv
fc3rev_h256,256,no_regularization,rate_uniform,16,16,41,0.95,83.630000,,important results/fashion_mnist_fc3rev_three_regs/noise_sweep_rate_uniform_L16_T16/fc3rev_h256/no_regularization/seed_41/noise_sweep_matrix_fashion_mnist_fc3rev_h256_T16_mode_rate_uniform_schedule_normal_seed_41.csv
fc3rev_h256,256,no_regularization,rate_uniform,16,16,41,1.00,83.770000,,important results/fashion_mnist_fc3rev_three_regs/noise_sweep_rate_uniform_L16_T16/fc3rev_h256/no_regularization/seed_41/noise_sweep_matrix_fashion_mnist_fc3rev_h256_T16_mode_rate_uniform_schedule_normal_seed_41.csv
fc3rev_h256,256,no_regularization,rate_uniform,16,16,42,0.00,87.470000,,important results/fashion_mnist_fc3rev_three_regs/noise_sweep_rate_uniform_L16_T16/fc3rev_h256/no_regularization/seed_42/noise_sweep_matrix_fashion_mnist_fc3rev_h256_T16_mode_rate_uniform_schedule_normal_seed_42.csv
fc3rev_h256,256,no_regularization,rate_uniform,16,16,42,0.05,87.420000,,important results/fashion_mnist_fc3rev_three_regs/noise_sweep_rate_uniform_L16_T16/fc3rev_h256/no_regularization/seed_42/noise_sweep_matrix_fashion_mnist_fc3rev_h256_T16_mode_rate_uniform_schedule_normal_seed_42.csv
fc3rev_h256,256,no_regularization,rate_uniform,16,16,42,0.10,87.390000,,important results/fashion_mnist_fc3rev_three_regs/noise_sweep_rate_uniform_L16_T16/fc3rev_h256/no_regularization/seed_42/noise_sweep_matrix_fashion_mnist_fc3rev_h256_T16_mode_rate_uniform_schedule_normal_seed_42.csv
fc3rev_h256,256,no_regularization,rate_uniform,16,16,42,0.15,87.270000,,important results/fashion_mnist_fc3rev_three_regs/noise_sweep_rate_uniform_L16_T16/fc3rev_h256/no_regularization/seed_42/noise_sweep_matrix_fashion_mnist_fc3rev_h256_T16_mode_rate_uniform_schedule_normal_seed_42.csv
fc3rev_h256,256,no_regularization,rate_uniform,16,16,42,0.20,87.040000,,important results/fashion_mnist_fc3rev_three_regs/noise_sweep_rate_uniform_L16_T16/fc3rev_h256/no_regularization/seed_42/noise_sweep_matrix_fashion_mnist_fc3rev_h256_T16_mode_rate_uniform_schedule_normal_seed_42.csv
fc3rev_h256,256,no_regularization,rate_uniform,16,16,42,0.25,87.120000,,important results/fashion_mnist_fc3rev_three_regs/noise_sweep_rate_uniform_L16_T16/fc3rev_h256/no_regularization/seed_42/noise_sweep_matrix_fashion_mnist_fc3rev_h256_T16_mode_rate_uniform_schedule_normal_seed_42.csv
fc3rev_h256,256,no_regularization,rate_uniform,16,16,42,0.30,87.010000,,important results/fashion_mnist_fc3rev_three_regs/noise_sweep_rate_uniform_L16_T16/fc3rev_h256/no_regularization/seed_42/noise_sweep_matrix_fashion_mnist_fc3rev_h256_T16_mode_rate_uniform_schedule_normal_seed_42.csv
fc3rev_h256,256,no_regularization,rate_uniform,16,16,42,0.35,86.770000,,important results/fashion_mnist_fc3rev_three_regs/noise_sweep_rate_uniform_L16_T16/fc3rev_h256/no_regularization/seed_42/noise_sweep_matrix_fashion_mnist_fc3rev_h256_T16_mode_rate_uniform_schedule_normal_seed_42.csv
fc3rev_h256,256,no_regularization,rate_uniform,16,16,42,0.40,86.870000,,important results/fashion_mnist_fc3rev_three_regs/noise_sweep_rate_uniform_L16_T16/fc3rev_h256/no_regularization/seed_42/noise_sweep_matrix_fashion_mnist_fc3rev_h256_T16_mode_rate_uniform_schedule_normal_seed_42.csv
fc3rev_h256,256,no_regularization,rate_uniform,16,16,42,0.45,86.210000,,important results/fashion_mnist_fc3rev_three_regs/noise_sweep_rate_uniform_L16_T16/fc3rev_h256/no_regularization/seed_42/noise_sweep_matrix_fashion_mnist_fc3rev_h256_T16_mode_rate_uniform_schedule_normal_seed_42.csv
fc3rev_h256,256,no_regularization,rate_uniform,16,16,42,0.50,86.180000,,important results/fashion_mnist_fc3rev_three_regs/noise_sweep_rate_uniform_L16_T16/fc3rev_h256/no_regularization/seed_42/noise_sweep_matrix_fashion_mnist_fc3rev_h256_T16_mode_rate_uniform_schedule_normal_seed_42.csv
fc3rev_h256,256,no_regularization,rate_uniform,16,16,42,0.55,85.940000,,important results/fashion_mnist_fc3rev_three_regs/noise_sweep_rate_uniform_L16_T16/fc3rev_h256/no_regularization/seed_42/noise_sweep_matrix_fashion_mnist_fc3rev_h256_T16_mode_rate_uniform_schedule_normal_seed_42.csv
fc3rev_h256,256,no_regularization,rate_uniform,16,16,42,0.60,86.010000,,important results/fashion_mnist_fc3rev_three_regs/noise_sweep_rate_uniform_L16_T16/fc3rev_h256/no_regularization/seed_42/noise_sweep_matrix_fashion_mnist_fc3rev_h256_T16_mode_rate_uniform_schedule_normal_seed_42.csv
fc3rev_h256,256,no_regularization,rate_uniform,16,16,42,0.65,85.690000,,important results/fashion_mnist_fc3rev_three_regs/noise_sweep_rate_uniform_L16_T16/fc3rev_h256/no_regularization/seed_42/noise_sweep_matrix_fashion_mnist_fc3rev_h256_T16_mode_rate_uniform_schedule_normal_seed_42.csv
fc3rev_h256,256,no_regularization,rate_uniform,16,16,42,0.70,85.510000,,important results/fashion_mnist_fc3rev_three_regs/noise_sweep_rate_uniform_L16_T16/fc3rev_h256/no_regularization/seed_42/noise_sweep_matrix_fashion_mnist_fc3rev_h256_T16_mode_rate_uniform_schedule_normal_seed_42.csv
fc3rev_h256,256,no_regularization,rate_uniform,16,16,42,0.75,85.160000,,important results/fashion_mnist_fc3rev_three_regs/noise_sweep_rate_uniform_L16_T16/fc3rev_h256/no_regularization/seed_42/noise_sweep_matrix_fashion_mnist_fc3rev_h256_T16_mode_rate_uniform_schedule_normal_seed_42.csv
fc3rev_h256,256,no_regularization,rate_uniform,16,16,42,0.80,84.930000,,important results/fashion_mnist_fc3rev_three_regs/noise_sweep_rate_uniform_L16_T16/fc3rev_h256/no_regularization/seed_42/noise_sweep_matrix_fashion_mnist_fc3rev_h256_T16_mode_rate_uniform_schedule_normal_seed_42.csv
fc3rev_h256,256,no_regularization,rate_uniform,16,16,42,0.85,84.670000,,important results/fashion_mnist_fc3rev_three_regs/noise_sweep_rate_uniform_L16_T16/fc3rev_h256/no_regularization/seed_42/noise_sweep_matrix_fashion_mnist_fc3rev_h256_T16_mode_rate_uniform_schedule_normal_seed_42.csv
fc3rev_h256,256,no_regularization,rate_uniform,16,16,42,0.90,84.480000,,important results/fashion_mnist_fc3rev_three_regs/noise_sweep_rate_uniform_L16_T16/fc3rev_h256/no_regularization/seed_42/noise_sweep_matrix_fashion_mnist_fc3rev_h256_T16_mode_rate_uniform_schedule_normal_seed_42.csv
fc3rev_h256,256,no_regularization,rate_uniform,16,16,42,0.95,84.510000,,important results/fashion_mnist_fc3rev_three_regs/noise_sweep_rate_uniform_L16_T16/fc3rev_h256/no_regularization/seed_42/noise_sweep_matrix_fashion_mnist_fc3rev_h256_T16_mode_rate_uniform_schedule_normal_seed_42.csv
fc3rev_h256,256,no_regularization,rate_uniform,16,16,42,1.00,83.660000,,important results/fashion_mnist_fc3rev_three_regs/noise_sweep_rate_uniform_L16_T16/fc3rev_h256/no_regularization/seed_42/noise_sweep_matrix_fashion_mnist_fc3rev_h256_T16_mode_rate_uniform_schedule_normal_seed_42.csv
fc3rev_h256,256,no_regularization,rate_uniform,16,16,43,0.00,87.300000,,important results/fashion_mnist_fc3rev_three_regs/noise_sweep_rate_uniform_L16_T16/fc3rev_h256/no_regularization/seed_43/noise_sweep_matrix_fashion_mnist_fc3rev_h256_T16_mode_rate_uniform_schedule_normal_seed_43.csv
fc3rev_h256,256,no_regularization,rate_uniform,16,16,43,0.05,87.140000,,important results/fashion_mnist_fc3rev_three_regs/noise_sweep_rate_uniform_L16_T16/fc3rev_h256/no_regularization/seed_43/noise_sweep_matrix_fashion_mnist_fc3rev_h256_T16_mode_rate_uniform_schedule_normal_seed_43.csv
fc3rev_h256,256,no_regularization,rate_uniform,16,16,43,0.10,87.090000,,important results/fashion_mnist_fc3rev_three_regs/noise_sweep_rate_uniform_L16_T16/fc3rev_h256/no_regularization/seed_43/noise_sweep_matrix_fashion_mnist_fc3rev_h256_T16_mode_rate_uniform_schedule_normal_seed_43.csv
fc3rev_h256,256,no_regularization,rate_uniform,16,16,43,0.15,86.790000,,important results/fashion_mnist_fc3rev_three_regs/noise_sweep_rate_uniform_L16_T16/fc3rev_h256/no_regularization/seed_43/noise_sweep_matrix_fashion_mnist_fc3rev_h256_T16_mode_rate_uniform_schedule_normal_seed_43.csv
fc3rev_h256,256,no_regularization,rate_uniform,16,16,43,0.20,87.010000,,important results/fashion_mnist_fc3rev_three_regs/noise_sweep_rate_uniform_L16_T16/fc3rev_h256/no_regularization/seed_43/noise_sweep_matrix_fashion_mnist_fc3rev_h256_T16_mode_rate_uniform_schedule_normal_seed_43.csv
fc3rev_h256,256,no_regularization,rate_uniform,16,16,43,0.25,86.780000,,important results/fashion_mnist_fc3rev_three_regs/noise_sweep_rate_uniform_L16_T16/fc3rev_h256/no_regularization/seed_43/noise_sweep_matrix_fashion_mnist_fc3rev_h256_T16_mode_rate_uniform_schedule_normal_seed_43.csv
fc3rev_h256,256,no_regularization,rate_uniform,16,16,43,0.30,86.310000,,important results/fashion_mnist_fc3rev_three_regs/noise_sweep_rate_uniform_L16_T16/fc3rev_h256/no_regularization/seed_43/noise_sweep_matrix_fashion_mnist_fc3rev_h256_T16_mode_rate_uniform_schedule_normal_seed_43.csv
fc3rev_h256,256,no_regularization,rate_uniform,16,16,43,0.35,86.520000,,important results/fashion_mnist_fc3rev_three_regs/noise_sweep_rate_uniform_L16_T16/fc3rev_h256/no_regularization/seed_43/noise_sweep_matrix_fashion_mnist_fc3rev_h256_T16_mode_rate_uniform_schedule_normal_seed_43.csv
fc3rev_h256,256,no_regularization,rate_uniform,16,16,43,0.40,86.780000,,important results/fashion_mnist_fc3rev_three_regs/noise_sweep_rate_uniform_L16_T16/fc3rev_h256/no_regularization/seed_43/noise_sweep_matrix_fashion_mnist_fc3rev_h256_T16_mode_rate_uniform_schedule_normal_seed_43.csv
fc3rev_h256,256,no_regularization,rate_uniform,16,16,43,0.45,86.400000,,important results/fashion_mnist_fc3rev_three_regs/noise_sweep_rate_uniform_L16_T16/fc3rev_h256/no_regularization/seed_43/noise_sweep_matrix_fashion_mnist_fc3rev_h256_T16_mode_rate_uniform_schedule_normal_seed_43.csv
fc3rev_h256,256,no_regularization,rate_uniform,16,16,43,0.50,86.210000,,important results/fashion_mnist_fc3rev_three_regs/noise_sweep_rate_uniform_L16_T16/fc3rev_h256/no_regularization/seed_43/noise_sweep_matrix_fashion_mnist_fc3rev_h256_T16_mode_rate_uniform_schedule_normal_seed_43.csv
fc3rev_h256,256,no_regularization,rate_uniform,16,16,43,0.55,86.090000,,important results/fashion_mnist_fc3rev_three_regs/noise_sweep_rate_uniform_L16_T16/fc3rev_h256/no_regularization/seed_43/noise_sweep_matrix_fashion_mnist_fc3rev_h256_T16_mode_rate_uniform_schedule_normal_seed_43.csv
fc3rev_h256,256,no_regularization,rate_uniform,16,16,43,0.60,85.960000,,important results/fashion_mnist_fc3rev_three_regs/noise_sweep_rate_uniform_L16_T16/fc3rev_h256/no_regularization/seed_43/noise_sweep_matrix_fashion_mnist_fc3rev_h256_T16_mode_rate_uniform_schedule_normal_seed_43.csv
fc3rev_h256,256,no_regularization,rate_uniform,16,16,43,0.65,85.520000,,important results/fashion_mnist_fc3rev_three_regs/noise_sweep_rate_uniform_L16_T16/fc3rev_h256/no_regularization/seed_43/noise_sweep_matrix_fashion_mnist_fc3rev_h256_T16_mode_rate_uniform_schedule_normal_seed_43.csv
fc3rev_h256,256,no_regularization,rate_uniform,16,16,43,0.70,85.400000,,important results/fashion_mnist_fc3rev_three_regs/noise_sweep_rate_uniform_L16_T16/fc3rev_h256/no_regularization/seed_43/noise_sweep_matrix_fashion_mnist_fc3rev_h256_T16_mode_rate_uniform_schedule_normal_seed_43.csv
fc3rev_h256,256,no_regularization,rate_uniform,16,16,43,0.75,85.320000,,important results/fashion_mnist_fc3rev_three_regs/noise_sweep_rate_uniform_L16_T16/fc3rev_h256/no_regularization/seed_43/noise_sweep_matrix_fashion_mnist_fc3rev_h256_T16_mode_rate_uniform_schedule_normal_seed_43.csv
fc3rev_h256,256,no_regularization,rate_uniform,16,16,43,0.80,84.610000,,important results/fashion_mnist_fc3rev_three_regs/noise_sweep_rate_uniform_L16_T16/fc3rev_h256/no_regularization/seed_43/noise_sweep_matrix_fashion_mnist_fc3rev_h256_T16_mode_rate_uniform_schedule_normal_seed_43.csv
fc3rev_h256,256,no_regularization,rate_uniform,16,16,43,0.85,85.020000,,important results/fashion_mnist_fc3rev_three_regs/noise_sweep_rate_uniform_L16_T16/fc3rev_h256/no_regularization/seed_43/noise_sweep_matrix_fashion_mnist_fc3rev_h256_T16_mode_rate_uniform_schedule_normal_seed_43.csv
fc3rev_h256,256,no_regularization,rate_uniform,16,16,43,0.90,85.010000,,important results/fashion_mnist_fc3rev_three_regs/noise_sweep_rate_uniform_L16_T16/fc3rev_h256/no_regularization/seed_43/noise_sweep_matrix_fashion_mnist_fc3rev_h256_T16_mode_rate_uniform_schedule_normal_seed_43.csv
fc3rev_h256,256,no_regularization,rate_uniform,16,16,43,0.95,84.390000,,important results/fashion_mnist_fc3rev_three_regs/noise_sweep_rate_uniform_L16_T16/fc3rev_h256/no_regularization/seed_43/noise_sweep_matrix_fashion_mnist_fc3rev_h256_T16_mode_rate_uniform_schedule_normal_seed_43.csv
fc3rev_h256,256,no_regularization,rate_uniform,16,16,43,1.00,83.590000,,important results/fashion_mnist_fc3rev_three_regs/noise_sweep_rate_uniform_L16_T16/fc3rev_h256/no_regularization/seed_43/noise_sweep_matrix_fashion_mnist_fc3rev_h256_T16_mode_rate_uniform_schedule_normal_seed_43.csv
fc3rev_h256,256,no_regularization,rate_uniform,16,16,44,0.00,87.680000,,important results/fashion_mnist_fc3rev_three_regs/noise_sweep_rate_uniform_L16_T16/fc3rev_h256/no_regularization/seed_44/noise_sweep_matrix_fashion_mnist_fc3rev_h256_T16_mode_rate_uniform_schedule_normal_seed_44.csv
fc3rev_h256,256,no_regularization,rate_uniform,16,16,44,0.05,87.690000,,important results/fashion_mnist_fc3rev_three_regs/noise_sweep_rate_uniform_L16_T16/fc3rev_h256/no_regularization/seed_44/noise_sweep_matrix_fashion_mnist_fc3rev_h256_T16_mode_rate_uniform_schedule_normal_seed_44.csv
fc3rev_h256,256,no_regularization,rate_uniform,16,16,44,0.10,87.610000,,important results/fashion_mnist_fc3rev_three_regs/noise_sweep_rate_uniform_L16_T16/fc3rev_h256/no_regularization/seed_44/noise_sweep_matrix_fashion_mnist_fc3rev_h256_T16_mode_rate_uniform_schedule_normal_seed_44.csv
fc3rev_h256,256,no_regularization,rate_uniform,16,16,44,0.15,87.310000,,important results/fashion_mnist_fc3rev_three_regs/noise_sweep_rate_uniform_L16_T16/fc3rev_h256/no_regularization/seed_44/noise_sweep_matrix_fashion_mnist_fc3rev_h256_T16_mode_rate_uniform_schedule_normal_seed_44.csv
fc3rev_h256,256,no_regularization,rate_uniform,16,16,44,0.20,87.250000,,important results/fashion_mnist_fc3rev_three_regs/noise_sweep_rate_uniform_L16_T16/fc3rev_h256/no_regularization/seed_44/noise_sweep_matrix_fashion_mnist_fc3rev_h256_T16_mode_rate_uniform_schedule_normal_seed_44.csv
fc3rev_h256,256,no_regularization,rate_uniform,16,16,44,0.25,87.270000,,important results/fashion_mnist_fc3rev_three_regs/noise_sweep_rate_uniform_L16_T16/fc3rev_h256/no_regularization/seed_44/noise_sweep_matrix_fashion_mnist_fc3rev_h256_T16_mode_rate_uniform_schedule_normal_seed_44.csv
fc3rev_h256,256,no_regularization,rate_uniform,16,16,44,0.30,87.150000,,important results/fashion_mnist_fc3rev_three_regs/noise_sweep_rate_uniform_L16_T16/fc3rev_h256/no_regularization/seed_44/noise_sweep_matrix_fashion_mnist_fc3rev_h256_T16_mode_rate_uniform_schedule_normal_seed_44.csv
fc3rev_h256,256,no_regularization,rate_uniform,16,16,44,0.35,87.070000,,important results/fashion_mnist_fc3rev_three_regs/noise_sweep_rate_uniform_L16_T16/fc3rev_h256/no_regularization/seed_44/noise_sweep_matrix_fashion_mnist_fc3rev_h256_T16_mode_rate_uniform_schedule_normal_seed_44.csv
fc3rev_h256,256,no_regularization,rate_uniform,16,16,44,0.40,86.780000,,important results/fashion_mnist_fc3rev_three_regs/noise_sweep_rate_uniform_L16_T16/fc3rev_h256/no_regularization/seed_44/noise_sweep_matrix_fashion_mnist_fc3rev_h256_T16_mode_rate_uniform_schedule_normal_seed_44.csv
fc3rev_h256,256,no_regularization,rate_uniform,16,16,44,0.45,86.270000,,important results/fashion_mnist_fc3rev_three_regs/noise_sweep_rate_uniform_L16_T16/fc3rev_h256/no_regularization/seed_44/noise_sweep_matrix_fashion_mnist_fc3rev_h256_T16_mode_rate_uniform_schedule_normal_seed_44.csv
fc3rev_h256,256,no_regularization,rate_uniform,16,16,44,0.50,86.380000,,important results/fashion_mnist_fc3rev_three_regs/noise_sweep_rate_uniform_L16_T16/fc3rev_h256/no_regularization/seed_44/noise_sweep_matrix_fashion_mnist_fc3rev_h256_T16_mode_rate_uniform_schedule_normal_seed_44.csv
fc3rev_h256,256,no_regularization,rate_uniform,16,16,44,0.55,86.450000,,important results/fashion_mnist_fc3rev_three_regs/noise_sweep_rate_uniform_L16_T16/fc3rev_h256/no_regularization/seed_44/noise_sweep_matrix_fashion_mnist_fc3rev_h256_T16_mode_rate_uniform_schedule_normal_seed_44.csv
fc3rev_h256,256,no_regularization,rate_uniform,16,16,44,0.60,86.190000,,important results/fashion_mnist_fc3rev_three_regs/noise_sweep_rate_uniform_L16_T16/fc3rev_h256/no_regularization/seed_44/noise_sweep_matrix_fashion_mnist_fc3rev_h256_T16_mode_rate_uniform_schedule_normal_seed_44.csv
fc3rev_h256,256,no_regularization,rate_uniform,16,16,44,0.65,85.940000,,important results/fashion_mnist_fc3rev_three_regs/noise_sweep_rate_uniform_L16_T16/fc3rev_h256/no_regularization/seed_44/noise_sweep_matrix_fashion_mnist_fc3rev_h256_T16_mode_rate_uniform_schedule_normal_seed_44.csv
fc3rev_h256,256,no_regularization,rate_uniform,16,16,44,0.70,85.360000,,important results/fashion_mnist_fc3rev_three_regs/noise_sweep_rate_uniform_L16_T16/fc3rev_h256/no_regularization/seed_44/noise_sweep_matrix_fashion_mnist_fc3rev_h256_T16_mode_rate_uniform_schedule_normal_seed_44.csv
fc3rev_h256,256,no_regularization,rate_uniform,16,16,44,0.75,85.480000,,important results/fashion_mnist_fc3rev_three_regs/noise_sweep_rate_uniform_L16_T16/fc3rev_h256/no_regularization/seed_44/noise_sweep_matrix_fashion_mnist_fc3rev_h256_T16_mode_rate_uniform_schedule_normal_seed_44.csv
fc3rev_h256,256,no_regularization,rate_uniform,16,16,44,0.80,85.650000,,important results/fashion_mnist_fc3rev_three_regs/noise_sweep_rate_uniform_L16_T16/fc3rev_h256/no_regularization/seed_44/noise_sweep_matrix_fashion_mnist_fc3rev_h256_T16_mode_rate_uniform_schedule_normal_seed_44.csv
fc3rev_h256,256,no_regularization,rate_uniform,16,16,44,0.85,84.750000,,important results/fashion_mnist_fc3rev_three_regs/noise_sweep_rate_uniform_L16_T16/fc3rev_h256/no_regularization/seed_44/noise_sweep_matrix_fashion_mnist_fc3rev_h256_T16_mode_rate_uniform_schedule_normal_seed_44.csv
fc3rev_h256,256,no_regularization,rate_uniform,16,16,44,0.90,84.470000,,important results/fashion_mnist_fc3rev_three_regs/noise_sweep_rate_uniform_L16_T16/fc3rev_h256/no_regularization/seed_44/noise_sweep_matrix_fashion_mnist_fc3rev_h256_T16_mode_rate_uniform_schedule_normal_seed_44.csv
fc3rev_h256,256,no_regularization,rate_uniform,16,16,44,0.95,84.340000,,important results/fashion_mnist_fc3rev_three_regs/noise_sweep_rate_uniform_L16_T16/fc3rev_h256/no_regularization/seed_44/noise_sweep_matrix_fashion_mnist_fc3rev_h256_T16_mode_rate_uniform_schedule_normal_seed_44.csv
fc3rev_h256,256,no_regularization,rate_uniform,16,16,44,1.00,83.760000,,important results/fashion_mnist_fc3rev_three_regs/noise_sweep_rate_uniform_L16_T16/fc3rev_h256/no_regularization/seed_44/noise_sweep_matrix_fashion_mnist_fc3rev_h256_T16_mode_rate_uniform_schedule_normal_seed_44.csv
fc3rev_h256,256,weight_decay,rate_uniform,16,16,40,0.00,88.250000,,important results/fashion_mnist_fc3rev_three_regs/noise_sweep_rate_uniform_L16_T16/fc3rev_h256/weight_decay/seed_40/noise_sweep_matrix_fashion_mnist_fc3rev_h256_T16_mode_rate_uniform_schedule_normal_seed_40.csv
fc3rev_h256,256,weight_decay,rate_uniform,16,16,40,0.05,88.160000,,important results/fashion_mnist_fc3rev_three_regs/noise_sweep_rate_uniform_L16_T16/fc3rev_h256/weight_decay/seed_40/noise_sweep_matrix_fashion_mnist_fc3rev_h256_T16_mode_rate_uniform_schedule_normal_seed_40.csv
fc3rev_h256,256,weight_decay,rate_uniform,16,16,40,0.10,88.230000,,important results/fashion_mnist_fc3rev_three_regs/noise_sweep_rate_uniform_L16_T16/fc3rev_h256/weight_decay/seed_40/noise_sweep_matrix_fashion_mnist_fc3rev_h256_T16_mode_rate_uniform_schedule_normal_seed_40.csv
fc3rev_h256,256,weight_decay,rate_uniform,16,16,40,0.15,88.020000,,important results/fashion_mnist_fc3rev_three_regs/noise_sweep_rate_uniform_L16_T16/fc3rev_h256/weight_decay/seed_40/noise_sweep_matrix_fashion_mnist_fc3rev_h256_T16_mode_rate_uniform_schedule_normal_seed_40.csv
fc3rev_h256,256,weight_decay,rate_uniform,16,16,40,0.20,88.010000,,important results/fashion_mnist_fc3rev_three_regs/noise_sweep_rate_uniform_L16_T16/fc3rev_h256/weight_decay/seed_40/noise_sweep_matrix_fashion_mnist_fc3rev_h256_T16_mode_rate_uniform_schedule_normal_seed_40.csv
fc3rev_h256,256,weight_decay,rate_uniform,16,16,40,0.25,87.840000,,important results/fashion_mnist_fc3rev_three_regs/noise_sweep_rate_uniform_L16_T16/fc3rev_h256/weight_decay/seed_40/noise_sweep_matrix_fashion_mnist_fc3rev_h256_T16_mode_rate_uniform_schedule_normal_seed_40.csv
fc3rev_h256,256,weight_decay,rate_uniform,16,16,40,0.30,87.840000,,important results/fashion_mnist_fc3rev_three_regs/noise_sweep_rate_uniform_L16_T16/fc3rev_h256/weight_decay/seed_40/noise_sweep_matrix_fashion_mnist_fc3rev_h256_T16_mode_rate_uniform_schedule_normal_seed_40.csv
fc3rev_h256,256,weight_decay,rate_uniform,16,16,40,0.35,87.870000,,important results/fashion_mnist_fc3rev_three_regs/noise_sweep_rate_uniform_L16_T16/fc3rev_h256/weight_decay/seed_40/noise_sweep_matrix_fashion_mnist_fc3rev_h256_T16_mode_rate_uniform_schedule_normal_seed_40.csv
fc3rev_h256,256,weight_decay,rate_uniform,16,16,40,0.40,87.320000,,important results/fashion_mnist_fc3rev_three_regs/noise_sweep_rate_uniform_L16_T16/fc3rev_h256/weight_decay/seed_40/noise_sweep_matrix_fashion_mnist_fc3rev_h256_T16_mode_rate_uniform_schedule_normal_seed_40.csv
fc3rev_h256,256,weight_decay,rate_uniform,16,16,40,0.45,87.670000,,important results/fashion_mnist_fc3rev_three_regs/noise_sweep_rate_uniform_L16_T16/fc3rev_h256/weight_decay/seed_40/noise_sweep_matrix_fashion_mnist_fc3rev_h256_T16_mode_rate_uniform_schedule_normal_seed_40.csv
fc3rev_h256,256,weight_decay,rate_uniform,16,16,40,0.50,87.610000,,important results/fashion_mnist_fc3rev_three_regs/noise_sweep_rate_uniform_L16_T16/fc3rev_h256/weight_decay/seed_40/noise_sweep_matrix_fashion_mnist_fc3rev_h256_T16_mode_rate_uniform_schedule_normal_seed_40.csv
fc3rev_h256,256,weight_decay,rate_uniform,16,16,40,0.55,87.420000,,important results/fashion_mnist_fc3rev_three_regs/noise_sweep_rate_uniform_L16_T16/fc3rev_h256/weight_decay/seed_40/noise_sweep_matrix_fashion_mnist_fc3rev_h256_T16_mode_rate_uniform_schedule_normal_seed_40.csv
fc3rev_h256,256,weight_decay,rate_uniform,16,16,40,0.60,86.890000,,important results/fashion_mnist_fc3rev_three_regs/noise_sweep_rate_uniform_L16_T16/fc3rev_h256/weight_decay/seed_40/noise_sweep_matrix_fashion_mnist_fc3rev_h256_T16_mode_rate_uniform_schedule_normal_seed_40.csv
fc3rev_h256,256,weight_decay,rate_uniform,16,16,40,0.65,86.820000,,important results/fashion_mnist_fc3rev_three_regs/noise_sweep_rate_uniform_L16_T16/fc3rev_h256/weight_decay/seed_40/noise_sweep_matrix_fashion_mnist_fc3rev_h256_T16_mode_rate_uniform_schedule_normal_seed_40.csv
fc3rev_h256,256,weight_decay,rate_uniform,16,16,40,0.70,86.770000,,important results/fashion_mnist_fc3rev_three_regs/noise_sweep_rate_uniform_L16_T16/fc3rev_h256/weight_decay/seed_40/noise_sweep_matrix_fashion_mnist_fc3rev_h256_T16_mode_rate_uniform_schedule_normal_seed_40.csv
fc3rev_h256,256,weight_decay,rate_uniform,16,16,40,0.75,86.420000,,important results/fashion_mnist_fc3rev_three_regs/noise_sweep_rate_uniform_L16_T16/fc3rev_h256/weight_decay/seed_40/noise_sweep_matrix_fashion_mnist_fc3rev_h256_T16_mode_rate_uniform_schedule_normal_seed_40.csv
fc3rev_h256,256,weight_decay,rate_uniform,16,16,40,0.80,86.130000,,important results/fashion_mnist_fc3rev_three_regs/noise_sweep_rate_uniform_L16_T16/fc3rev_h256/weight_decay/seed_40/noise_sweep_matrix_fashion_mnist_fc3rev_h256_T16_mode_rate_uniform_schedule_normal_seed_40.csv
fc3rev_h256,256,weight_decay,rate_uniform,16,16,40,0.85,86.070000,,important results/fashion_mnist_fc3rev_three_regs/noise_sweep_rate_uniform_L16_T16/fc3rev_h256/weight_decay/seed_40/noise_sweep_matrix_fashion_mnist_fc3rev_h256_T16_mode_rate_uniform_schedule_normal_seed_40.csv
fc3rev_h256,256,weight_decay,rate_uniform,16,16,40,0.90,86.070000,,important results/fashion_mnist_fc3rev_three_regs/noise_sweep_rate_uniform_L16_T16/fc3rev_h256/weight_decay/seed_40/noise_sweep_matrix_fashion_mnist_fc3rev_h256_T16_mode_rate_uniform_schedule_normal_seed_40.csv
fc3rev_h256,256,weight_decay,rate_uniform,16,16,40,0.95,85.560000,,important results/fashion_mnist_fc3rev_three_regs/noise_sweep_rate_uniform_L16_T16/fc3rev_h256/weight_decay/seed_40/noise_sweep_matrix_fashion_mnist_fc3rev_h256_T16_mode_rate_uniform_schedule_normal_seed_40.csv
fc3rev_h256,256,weight_decay,rate_uniform,16,16,40,1.00,84.850000,,important results/fashion_mnist_fc3rev_three_regs/noise_sweep_rate_uniform_L16_T16/fc3rev_h256/weight_decay/seed_40/noise_sweep_matrix_fashion_mnist_fc3rev_h256_T16_mode_rate_uniform_schedule_normal_seed_40.csv
fc3rev_h256,256,weight_decay,rate_uniform,16,16,41,0.00,88.190000,,important results/fashion_mnist_fc3rev_three_regs/noise_sweep_rate_uniform_L16_T16/fc3rev_h256/weight_decay/seed_41/noise_sweep_matrix_fashion_mnist_fc3rev_h256_T16_mode_rate_uniform_schedule_normal_seed_41.csv
fc3rev_h256,256,weight_decay,rate_uniform,16,16,41,0.05,88.070000,,important results/fashion_mnist_fc3rev_three_regs/noise_sweep_rate_uniform_L16_T16/fc3rev_h256/weight_decay/seed_41/noise_sweep_matrix_fashion_mnist_fc3rev_h256_T16_mode_rate_uniform_schedule_normal_seed_41.csv
fc3rev_h256,256,weight_decay,rate_uniform,16,16,41,0.10,87.880000,,important results/fashion_mnist_fc3rev_three_regs/noise_sweep_rate_uniform_L16_T16/fc3rev_h256/weight_decay/seed_41/noise_sweep_matrix_fashion_mnist_fc3rev_h256_T16_mode_rate_uniform_schedule_normal_seed_41.csv
fc3rev_h256,256,weight_decay,rate_uniform,16,16,41,0.15,87.830000,,important results/fashion_mnist_fc3rev_three_regs/noise_sweep_rate_uniform_L16_T16/fc3rev_h256/weight_decay/seed_41/noise_sweep_matrix_fashion_mnist_fc3rev_h256_T16_mode_rate_uniform_schedule_normal_seed_41.csv
fc3rev_h256,256,weight_decay,rate_uniform,16,16,41,0.20,88.180000,,important results/fashion_mnist_fc3rev_three_regs/noise_sweep_rate_uniform_L16_T16/fc3rev_h256/weight_decay/seed_41/noise_sweep_matrix_fashion_mnist_fc3rev_h256_T16_mode_rate_uniform_schedule_normal_seed_41.csv
fc3rev_h256,256,weight_decay,rate_uniform,16,16,41,0.25,87.910000,,important results/fashion_mnist_fc3rev_three_regs/noise_sweep_rate_uniform_L16_T16/fc3rev_h256/weight_decay/seed_41/noise_sweep_matrix_fashion_mnist_fc3rev_h256_T16_mode_rate_uniform_schedule_normal_seed_41.csv
fc3rev_h256,256,weight_decay,rate_uniform,16,16,41,0.30,87.660000,,important results/fashion_mnist_fc3rev_three_regs/noise_sweep_rate_uniform_L16_T16/fc3rev_h256/weight_decay/seed_41/noise_sweep_matrix_fashion_mnist_fc3rev_h256_T16_mode_rate_uniform_schedule_normal_seed_41.csv
fc3rev_h256,256,weight_decay,rate_uniform,16,16,41,0.35,87.440000,,important results/fashion_mnist_fc3rev_three_regs/noise_sweep_rate_uniform_L16_T16/fc3rev_h256/weight_decay/seed_41/noise_sweep_matrix_fashion_mnist_fc3rev_h256_T16_mode_rate_uniform_schedule_normal_seed_41.csv
fc3rev_h256,256,weight_decay,rate_uniform,16,16,41,0.40,87.370000,,important results/fashion_mnist_fc3rev_three_regs/noise_sweep_rate_uniform_L16_T16/fc3rev_h256/weight_decay/seed_41/noise_sweep_matrix_fashion_mnist_fc3rev_h256_T16_mode_rate_uniform_schedule_normal_seed_41.csv
fc3rev_h256,256,weight_decay,rate_uniform,16,16,41,0.45,87.510000,,important results/fashion_mnist_fc3rev_three_regs/noise_sweep_rate_uniform_L16_T16/fc3rev_h256/weight_decay/seed_41/noise_sweep_matrix_fashion_mnist_fc3rev_h256_T16_mode_rate_uniform_schedule_normal_seed_41.csv
fc3rev_h256,256,weight_decay,rate_uniform,16,16,41,0.50,87.460000,,important results/fashion_mnist_fc3rev_three_regs/noise_sweep_rate_uniform_L16_T16/fc3rev_h256/weight_decay/seed_41/noise_sweep_matrix_fashion_mnist_fc3rev_h256_T16_mode_rate_uniform_schedule_normal_seed_41.csv
fc3rev_h256,256,weight_decay,rate_uniform,16,16,41,0.55,87.260000,,important results/fashion_mnist_fc3rev_three_regs/noise_sweep_rate_uniform_L16_T16/fc3rev_h256/weight_decay/seed_41/noise_sweep_matrix_fashion_mnist_fc3rev_h256_T16_mode_rate_uniform_schedule_normal_seed_41.csv
fc3rev_h256,256,weight_decay,rate_uniform,16,16,41,0.60,86.610000,,important results/fashion_mnist_fc3rev_three_regs/noise_sweep_rate_uniform_L16_T16/fc3rev_h256/weight_decay/seed_41/noise_sweep_matrix_fashion_mnist_fc3rev_h256_T16_mode_rate_uniform_schedule_normal_seed_41.csv
fc3rev_h256,256,weight_decay,rate_uniform,16,16,41,0.65,86.640000,,important results/fashion_mnist_fc3rev_three_regs/noise_sweep_rate_uniform_L16_T16/fc3rev_h256/weight_decay/seed_41/noise_sweep_matrix_fashion_mnist_fc3rev_h256_T16_mode_rate_uniform_schedule_normal_seed_41.csv
fc3rev_h256,256,weight_decay,rate_uniform,16,16,41,0.70,86.320000,,important results/fashion_mnist_fc3rev_three_regs/noise_sweep_rate_uniform_L16_T16/fc3rev_h256/weight_decay/seed_41/noise_sweep_matrix_fashion_mnist_fc3rev_h256_T16_mode_rate_uniform_schedule_normal_seed_41.csv
fc3rev_h256,256,weight_decay,rate_uniform,16,16,41,0.75,85.880000,,important results/fashion_mnist_fc3rev_three_regs/noise_sweep_rate_uniform_L16_T16/fc3rev_h256/weight_decay/seed_41/noise_sweep_matrix_fashion_mnist_fc3rev_h256_T16_mode_rate_uniform_schedule_normal_seed_41.csv
fc3rev_h256,256,weight_decay,rate_uniform,16,16,41,0.80,86.210000,,important results/fashion_mnist_fc3rev_three_regs/noise_sweep_rate_uniform_L16_T16/fc3rev_h256/weight_decay/seed_41/noise_sweep_matrix_fashion_mnist_fc3rev_h256_T16_mode_rate_uniform_schedule_normal_seed_41.csv
fc3rev_h256,256,weight_decay,rate_uniform,16,16,41,0.85,85.780000,,important results/fashion_mnist_fc3rev_three_regs/noise_sweep_rate_uniform_L16_T16/fc3rev_h256/weight_decay/seed_41/noise_sweep_matrix_fashion_mnist_fc3rev_h256_T16_mode_rate_uniform_schedule_normal_seed_41.csv
fc3rev_h256,256,weight_decay,rate_uniform,16,16,41,0.90,85.110000,,important results/fashion_mnist_fc3rev_three_regs/noise_sweep_rate_uniform_L16_T16/fc3rev_h256/weight_decay/seed_41/noise_sweep_matrix_fashion_mnist_fc3rev_h256_T16_mode_rate_uniform_schedule_normal_seed_41.csv
fc3rev_h256,256,weight_decay,rate_uniform,16,16,41,0.95,84.730000,,important results/fashion_mnist_fc3rev_three_regs/noise_sweep_rate_uniform_L16_T16/fc3rev_h256/weight_decay/seed_41/noise_sweep_matrix_fashion_mnist_fc3rev_h256_T16_mode_rate_uniform_schedule_normal_seed_41.csv
fc3rev_h256,256,weight_decay,rate_uniform,16,16,41,1.00,85.010000,,important results/fashion_mnist_fc3rev_three_regs/noise_sweep_rate_uniform_L16_T16/fc3rev_h256/weight_decay/seed_41/noise_sweep_matrix_fashion_mnist_fc3rev_h256_T16_mode_rate_uniform_schedule_normal_seed_41.csv
fc3rev_h256,256,weight_decay,rate_uniform,16,16,42,0.00,88.100000,,important results/fashion_mnist_fc3rev_three_regs/noise_sweep_rate_uniform_L16_T16/fc3rev_h256/weight_decay/seed_42/noise_sweep_matrix_fashion_mnist_fc3rev_h256_T16_mode_rate_uniform_schedule_normal_seed_42.csv
fc3rev_h256,256,weight_decay,rate_uniform,16,16,42,0.05,88.070000,,important results/fashion_mnist_fc3rev_three_regs/noise_sweep_rate_uniform_L16_T16/fc3rev_h256/weight_decay/seed_42/noise_sweep_matrix_fashion_mnist_fc3rev_h256_T16_mode_rate_uniform_schedule_normal_seed_42.csv
fc3rev_h256,256,weight_decay,rate_uniform,16,16,42,0.10,87.870000,,important results/fashion_mnist_fc3rev_three_regs/noise_sweep_rate_uniform_L16_T16/fc3rev_h256/weight_decay/seed_42/noise_sweep_matrix_fashion_mnist_fc3rev_h256_T16_mode_rate_uniform_schedule_normal_seed_42.csv
fc3rev_h256,256,weight_decay,rate_uniform,16,16,42,0.15,87.860000,,important results/fashion_mnist_fc3rev_three_regs/noise_sweep_rate_uniform_L16_T16/fc3rev_h256/weight_decay/seed_42/noise_sweep_matrix_fashion_mnist_fc3rev_h256_T16_mode_rate_uniform_schedule_normal_seed_42.csv
fc3rev_h256,256,weight_decay,rate_uniform,16,16,42,0.20,87.610000,,important results/fashion_mnist_fc3rev_three_regs/noise_sweep_rate_uniform_L16_T16/fc3rev_h256/weight_decay/seed_42/noise_sweep_matrix_fashion_mnist_fc3rev_h256_T16_mode_rate_uniform_schedule_normal_seed_42.csv
fc3rev_h256,256,weight_decay,rate_uniform,16,16,42,0.25,87.740000,,important results/fashion_mnist_fc3rev_three_regs/noise_sweep_rate_uniform_L16_T16/fc3rev_h256/weight_decay/seed_42/noise_sweep_matrix_fashion_mnist_fc3rev_h256_T16_mode_rate_uniform_schedule_normal_seed_42.csv
fc3rev_h256,256,weight_decay,rate_uniform,16,16,42,0.30,87.630000,,important results/fashion_mnist_fc3rev_three_regs/noise_sweep_rate_uniform_L16_T16/fc3rev_h256/weight_decay/seed_42/noise_sweep_matrix_fashion_mnist_fc3rev_h256_T16_mode_rate_uniform_schedule_normal_seed_42.csv
fc3rev_h256,256,weight_decay,rate_uniform,16,16,42,0.35,87.790000,,important results/fashion_mnist_fc3rev_three_regs/noise_sweep_rate_uniform_L16_T16/fc3rev_h256/weight_decay/seed_42/noise_sweep_matrix_fashion_mnist_fc3rev_h256_T16_mode_rate_uniform_schedule_normal_seed_42.csv
fc3rev_h256,256,weight_decay,rate_uniform,16,16,42,0.40,87.530000,,important results/fashion_mnist_fc3rev_three_regs/noise_sweep_rate_uniform_L16_T16/fc3rev_h256/weight_decay/seed_42/noise_sweep_matrix_fashion_mnist_fc3rev_h256_T16_mode_rate_uniform_schedule_normal_seed_42.csv
fc3rev_h256,256,weight_decay,rate_uniform,16,16,42,0.45,87.050000,,important results/fashion_mnist_fc3rev_three_regs/noise_sweep_rate_uniform_L16_T16/fc3rev_h256/weight_decay/seed_42/noise_sweep_matrix_fashion_mnist_fc3rev_h256_T16_mode_rate_uniform_schedule_normal_seed_42.csv
fc3rev_h256,256,weight_decay,rate_uniform,16,16,42,0.50,86.910000,,important results/fashion_mnist_fc3rev_three_regs/noise_sweep_rate_uniform_L16_T16/fc3rev_h256/weight_decay/seed_42/noise_sweep_matrix_fashion_mnist_fc3rev_h256_T16_mode_rate_uniform_schedule_normal_seed_42.csv
fc3rev_h256,256,weight_decay,rate_uniform,16,16,42,0.55,87.200000,,important results/fashion_mnist_fc3rev_three_regs/noise_sweep_rate_uniform_L16_T16/fc3rev_h256/weight_decay/seed_42/noise_sweep_matrix_fashion_mnist_fc3rev_h256_T16_mode_rate_uniform_schedule_normal_seed_42.csv
fc3rev_h256,256,weight_decay,rate_uniform,16,16,42,0.60,86.820000,,important results/fashion_mnist_fc3rev_three_regs/noise_sweep_rate_uniform_L16_T16/fc3rev_h256/weight_decay/seed_42/noise_sweep_matrix_fashion_mnist_fc3rev_h256_T16_mode_rate_uniform_schedule_normal_seed_42.csv
fc3rev_h256,256,weight_decay,rate_uniform,16,16,42,0.65,86.880000,,important results/fashion_mnist_fc3rev_three_regs/noise_sweep_rate_uniform_L16_T16/fc3rev_h256/weight_decay/seed_42/noise_sweep_matrix_fashion_mnist_fc3rev_h256_T16_mode_rate_uniform_schedule_normal_seed_42.csv
fc3rev_h256,256,weight_decay,rate_uniform,16,16,42,0.70,86.550000,,important results/fashion_mnist_fc3rev_three_regs/noise_sweep_rate_uniform_L16_T16/fc3rev_h256/weight_decay/seed_42/noise_sweep_matrix_fashion_mnist_fc3rev_h256_T16_mode_rate_uniform_schedule_normal_seed_42.csv
fc3rev_h256,256,weight_decay,rate_uniform,16,16,42,0.75,86.560000,,important results/fashion_mnist_fc3rev_three_regs/noise_sweep_rate_uniform_L16_T16/fc3rev_h256/weight_decay/seed_42/noise_sweep_matrix_fashion_mnist_fc3rev_h256_T16_mode_rate_uniform_schedule_normal_seed_42.csv
fc3rev_h256,256,weight_decay,rate_uniform,16,16,42,0.80,86.010000,,important results/fashion_mnist_fc3rev_three_regs/noise_sweep_rate_uniform_L16_T16/fc3rev_h256/weight_decay/seed_42/noise_sweep_matrix_fashion_mnist_fc3rev_h256_T16_mode_rate_uniform_schedule_normal_seed_42.csv
fc3rev_h256,256,weight_decay,rate_uniform,16,16,42,0.85,86.210000,,important results/fashion_mnist_fc3rev_three_regs/noise_sweep_rate_uniform_L16_T16/fc3rev_h256/weight_decay/seed_42/noise_sweep_matrix_fashion_mnist_fc3rev_h256_T16_mode_rate_uniform_schedule_normal_seed_42.csv
fc3rev_h256,256,weight_decay,rate_uniform,16,16,42,0.90,85.660000,,important results/fashion_mnist_fc3rev_three_regs/noise_sweep_rate_uniform_L16_T16/fc3rev_h256/weight_decay/seed_42/noise_sweep_matrix_fashion_mnist_fc3rev_h256_T16_mode_rate_uniform_schedule_normal_seed_42.csv
fc3rev_h256,256,weight_decay,rate_uniform,16,16,42,0.95,85.690000,,important results/fashion_mnist_fc3rev_three_regs/noise_sweep_rate_uniform_L16_T16/fc3rev_h256/weight_decay/seed_42/noise_sweep_matrix_fashion_mnist_fc3rev_h256_T16_mode_rate_uniform_schedule_normal_seed_42.csv
fc3rev_h256,256,weight_decay,rate_uniform,16,16,42,1.00,85.130000,,important results/fashion_mnist_fc3rev_three_regs/noise_sweep_rate_uniform_L16_T16/fc3rev_h256/weight_decay/seed_42/noise_sweep_matrix_fashion_mnist_fc3rev_h256_T16_mode_rate_uniform_schedule_normal_seed_42.csv
fc3rev_h256,256,weight_decay,rate_uniform,16,16,43,0.00,88.050000,,important results/fashion_mnist_fc3rev_three_regs/noise_sweep_rate_uniform_L16_T16/fc3rev_h256/weight_decay/seed_43/noise_sweep_matrix_fashion_mnist_fc3rev_h256_T16_mode_rate_uniform_schedule_normal_seed_43.csv
fc3rev_h256,256,weight_decay,rate_uniform,16,16,43,0.05,88.090000,,important results/fashion_mnist_fc3rev_three_regs/noise_sweep_rate_uniform_L16_T16/fc3rev_h256/weight_decay/seed_43/noise_sweep_matrix_fashion_mnist_fc3rev_h256_T16_mode_rate_uniform_schedule_normal_seed_43.csv
fc3rev_h256,256,weight_decay,rate_uniform,16,16,43,0.10,87.880000,,important results/fashion_mnist_fc3rev_three_regs/noise_sweep_rate_uniform_L16_T16/fc3rev_h256/weight_decay/seed_43/noise_sweep_matrix_fashion_mnist_fc3rev_h256_T16_mode_rate_uniform_schedule_normal_seed_43.csv
fc3rev_h256,256,weight_decay,rate_uniform,16,16,43,0.15,87.770000,,important results/fashion_mnist_fc3rev_three_regs/noise_sweep_rate_uniform_L16_T16/fc3rev_h256/weight_decay/seed_43/noise_sweep_matrix_fashion_mnist_fc3rev_h256_T16_mode_rate_uniform_schedule_normal_seed_43.csv
fc3rev_h256,256,weight_decay,rate_uniform,16,16,43,0.20,87.920000,,important results/fashion_mnist_fc3rev_three_regs/noise_sweep_rate_uniform_L16_T16/fc3rev_h256/weight_decay/seed_43/noise_sweep_matrix_fashion_mnist_fc3rev_h256_T16_mode_rate_uniform_schedule_normal_seed_43.csv
fc3rev_h256,256,weight_decay,rate_uniform,16,16,43,0.25,87.840000,,important results/fashion_mnist_fc3rev_three_regs/noise_sweep_rate_uniform_L16_T16/fc3rev_h256/weight_decay/seed_43/noise_sweep_matrix_fashion_mnist_fc3rev_h256_T16_mode_rate_uniform_schedule_normal_seed_43.csv
fc3rev_h256,256,weight_decay,rate_uniform,16,16,43,0.30,87.520000,,important results/fashion_mnist_fc3rev_three_regs/noise_sweep_rate_uniform_L16_T16/fc3rev_h256/weight_decay/seed_43/noise_sweep_matrix_fashion_mnist_fc3rev_h256_T16_mode_rate_uniform_schedule_normal_seed_43.csv
fc3rev_h256,256,weight_decay,rate_uniform,16,16,43,0.35,87.600000,,important results/fashion_mnist_fc3rev_three_regs/noise_sweep_rate_uniform_L16_T16/fc3rev_h256/weight_decay/seed_43/noise_sweep_matrix_fashion_mnist_fc3rev_h256_T16_mode_rate_uniform_schedule_normal_seed_43.csv
fc3rev_h256,256,weight_decay,rate_uniform,16,16,43,0.40,87.430000,,important results/fashion_mnist_fc3rev_three_regs/noise_sweep_rate_uniform_L16_T16/fc3rev_h256/weight_decay/seed_43/noise_sweep_matrix_fashion_mnist_fc3rev_h256_T16_mode_rate_uniform_schedule_normal_seed_43.csv
fc3rev_h256,256,weight_decay,rate_uniform,16,16,43,0.45,87.380000,,important results/fashion_mnist_fc3rev_three_regs/noise_sweep_rate_uniform_L16_T16/fc3rev_h256/weight_decay/seed_43/noise_sweep_matrix_fashion_mnist_fc3rev_h256_T16_mode_rate_uniform_schedule_normal_seed_43.csv
fc3rev_h256,256,weight_decay,rate_uniform,16,16,43,0.50,87.280000,,important results/fashion_mnist_fc3rev_three_regs/noise_sweep_rate_uniform_L16_T16/fc3rev_h256/weight_decay/seed_43/noise_sweep_matrix_fashion_mnist_fc3rev_h256_T16_mode_rate_uniform_schedule_normal_seed_43.csv
fc3rev_h256,256,weight_decay,rate_uniform,16,16,43,0.55,86.940000,,important results/fashion_mnist_fc3rev_three_regs/noise_sweep_rate_uniform_L16_T16/fc3rev_h256/weight_decay/seed_43/noise_sweep_matrix_fashion_mnist_fc3rev_h256_T16_mode_rate_uniform_schedule_normal_seed_43.csv
fc3rev_h256,256,weight_decay,rate_uniform,16,16,43,0.60,86.950000,,important results/fashion_mnist_fc3rev_three_regs/noise_sweep_rate_uniform_L16_T16/fc3rev_h256/weight_decay/seed_43/noise_sweep_matrix_fashion_mnist_fc3rev_h256_T16_mode_rate_uniform_schedule_normal_seed_43.csv
fc3rev_h256,256,weight_decay,rate_uniform,16,16,43,0.65,86.860000,,important results/fashion_mnist_fc3rev_three_regs/noise_sweep_rate_uniform_L16_T16/fc3rev_h256/weight_decay/seed_43/noise_sweep_matrix_fashion_mnist_fc3rev_h256_T16_mode_rate_uniform_schedule_normal_seed_43.csv
fc3rev_h256,256,weight_decay,rate_uniform,16,16,43,0.70,86.380000,,important results/fashion_mnist_fc3rev_three_regs/noise_sweep_rate_uniform_L16_T16/fc3rev_h256/weight_decay/seed_43/noise_sweep_matrix_fashion_mnist_fc3rev_h256_T16_mode_rate_uniform_schedule_normal_seed_43.csv
fc3rev_h256,256,weight_decay,rate_uniform,16,16,43,0.75,86.280000,,important results/fashion_mnist_fc3rev_three_regs/noise_sweep_rate_uniform_L16_T16/fc3rev_h256/weight_decay/seed_43/noise_sweep_matrix_fashion_mnist_fc3rev_h256_T16_mode_rate_uniform_schedule_normal_seed_43.csv
fc3rev_h256,256,weight_decay,rate_uniform,16,16,43,0.80,86.050000,,important results/fashion_mnist_fc3rev_three_regs/noise_sweep_rate_uniform_L16_T16/fc3rev_h256/weight_decay/seed_43/noise_sweep_matrix_fashion_mnist_fc3rev_h256_T16_mode_rate_uniform_schedule_normal_seed_43.csv
fc3rev_h256,256,weight_decay,rate_uniform,16,16,43,0.85,85.640000,,important results/fashion_mnist_fc3rev_three_regs/noise_sweep_rate_uniform_L16_T16/fc3rev_h256/weight_decay/seed_43/noise_sweep_matrix_fashion_mnist_fc3rev_h256_T16_mode_rate_uniform_schedule_normal_seed_43.csv
fc3rev_h256,256,weight_decay,rate_uniform,16,16,43,0.90,85.650000,,important results/fashion_mnist_fc3rev_three_regs/noise_sweep_rate_uniform_L16_T16/fc3rev_h256/weight_decay/seed_43/noise_sweep_matrix_fashion_mnist_fc3rev_h256_T16_mode_rate_uniform_schedule_normal_seed_43.csv
fc3rev_h256,256,weight_decay,rate_uniform,16,16,43,0.95,85.580000,,important results/fashion_mnist_fc3rev_three_regs/noise_sweep_rate_uniform_L16_T16/fc3rev_h256/weight_decay/seed_43/noise_sweep_matrix_fashion_mnist_fc3rev_h256_T16_mode_rate_uniform_schedule_normal_seed_43.csv
fc3rev_h256,256,weight_decay,rate_uniform,16,16,43,1.00,84.970000,,important results/fashion_mnist_fc3rev_three_regs/noise_sweep_rate_uniform_L16_T16/fc3rev_h256/weight_decay/seed_43/noise_sweep_matrix_fashion_mnist_fc3rev_h256_T16_mode_rate_uniform_schedule_normal_seed_43.csv
fc3rev_h256,256,weight_decay,rate_uniform,16,16,44,0.00,88.180000,,important results/fashion_mnist_fc3rev_three_regs/noise_sweep_rate_uniform_L16_T16/fc3rev_h256/weight_decay/seed_44/noise_sweep_matrix_fashion_mnist_fc3rev_h256_T16_mode_rate_uniform_schedule_normal_seed_44.csv
fc3rev_h256,256,weight_decay,rate_uniform,16,16,44,0.05,88.180000,,important results/fashion_mnist_fc3rev_three_regs/noise_sweep_rate_uniform_L16_T16/fc3rev_h256/weight_decay/seed_44/noise_sweep_matrix_fashion_mnist_fc3rev_h256_T16_mode_rate_uniform_schedule_normal_seed_44.csv
fc3rev_h256,256,weight_decay,rate_uniform,16,16,44,0.10,88.150000,,important results/fashion_mnist_fc3rev_three_regs/noise_sweep_rate_uniform_L16_T16/fc3rev_h256/weight_decay/seed_44/noise_sweep_matrix_fashion_mnist_fc3rev_h256_T16_mode_rate_uniform_schedule_normal_seed_44.csv
fc3rev_h256,256,weight_decay,rate_uniform,16,16,44,0.15,88.220000,,important results/fashion_mnist_fc3rev_three_regs/noise_sweep_rate_uniform_L16_T16/fc3rev_h256/weight_decay/seed_44/noise_sweep_matrix_fashion_mnist_fc3rev_h256_T16_mode_rate_uniform_schedule_normal_seed_44.csv
fc3rev_h256,256,weight_decay,rate_uniform,16,16,44,0.20,88.020000,,important results/fashion_mnist_fc3rev_three_regs/noise_sweep_rate_uniform_L16_T16/fc3rev_h256/weight_decay/seed_44/noise_sweep_matrix_fashion_mnist_fc3rev_h256_T16_mode_rate_uniform_schedule_normal_seed_44.csv
fc3rev_h256,256,weight_decay,rate_uniform,16,16,44,0.25,87.900000,,important results/fashion_mnist_fc3rev_three_regs/noise_sweep_rate_uniform_L16_T16/fc3rev_h256/weight_decay/seed_44/noise_sweep_matrix_fashion_mnist_fc3rev_h256_T16_mode_rate_uniform_schedule_normal_seed_44.csv
fc3rev_h256,256,weight_decay,rate_uniform,16,16,44,0.30,87.640000,,important results/fashion_mnist_fc3rev_three_regs/noise_sweep_rate_uniform_L16_T16/fc3rev_h256/weight_decay/seed_44/noise_sweep_matrix_fashion_mnist_fc3rev_h256_T16_mode_rate_uniform_schedule_normal_seed_44.csv
fc3rev_h256,256,weight_decay,rate_uniform,16,16,44,0.35,87.500000,,important results/fashion_mnist_fc3rev_three_regs/noise_sweep_rate_uniform_L16_T16/fc3rev_h256/weight_decay/seed_44/noise_sweep_matrix_fashion_mnist_fc3rev_h256_T16_mode_rate_uniform_schedule_normal_seed_44.csv
fc3rev_h256,256,weight_decay,rate_uniform,16,16,44,0.40,87.470000,,important results/fashion_mnist_fc3rev_three_regs/noise_sweep_rate_uniform_L16_T16/fc3rev_h256/weight_decay/seed_44/noise_sweep_matrix_fashion_mnist_fc3rev_h256_T16_mode_rate_uniform_schedule_normal_seed_44.csv
fc3rev_h256,256,weight_decay,rate_uniform,16,16,44,0.45,87.530000,,important results/fashion_mnist_fc3rev_three_regs/noise_sweep_rate_uniform_L16_T16/fc3rev_h256/weight_decay/seed_44/noise_sweep_matrix_fashion_mnist_fc3rev_h256_T16_mode_rate_uniform_schedule_normal_seed_44.csv
fc3rev_h256,256,weight_decay,rate_uniform,16,16,44,0.50,87.270000,,important results/fashion_mnist_fc3rev_three_regs/noise_sweep_rate_uniform_L16_T16/fc3rev_h256/weight_decay/seed_44/noise_sweep_matrix_fashion_mnist_fc3rev_h256_T16_mode_rate_uniform_schedule_normal_seed_44.csv
fc3rev_h256,256,weight_decay,rate_uniform,16,16,44,0.55,87.200000,,important results/fashion_mnist_fc3rev_three_regs/noise_sweep_rate_uniform_L16_T16/fc3rev_h256/weight_decay/seed_44/noise_sweep_matrix_fashion_mnist_fc3rev_h256_T16_mode_rate_uniform_schedule_normal_seed_44.csv
fc3rev_h256,256,weight_decay,rate_uniform,16,16,44,0.60,86.840000,,important results/fashion_mnist_fc3rev_three_regs/noise_sweep_rate_uniform_L16_T16/fc3rev_h256/weight_decay/seed_44/noise_sweep_matrix_fashion_mnist_fc3rev_h256_T16_mode_rate_uniform_schedule_normal_seed_44.csv
fc3rev_h256,256,weight_decay,rate_uniform,16,16,44,0.65,86.630000,,important results/fashion_mnist_fc3rev_three_regs/noise_sweep_rate_uniform_L16_T16/fc3rev_h256/weight_decay/seed_44/noise_sweep_matrix_fashion_mnist_fc3rev_h256_T16_mode_rate_uniform_schedule_normal_seed_44.csv
fc3rev_h256,256,weight_decay,rate_uniform,16,16,44,0.70,86.500000,,important results/fashion_mnist_fc3rev_three_regs/noise_sweep_rate_uniform_L16_T16/fc3rev_h256/weight_decay/seed_44/noise_sweep_matrix_fashion_mnist_fc3rev_h256_T16_mode_rate_uniform_schedule_normal_seed_44.csv
fc3rev_h256,256,weight_decay,rate_uniform,16,16,44,0.75,86.090000,,important results/fashion_mnist_fc3rev_three_regs/noise_sweep_rate_uniform_L16_T16/fc3rev_h256/weight_decay/seed_44/noise_sweep_matrix_fashion_mnist_fc3rev_h256_T16_mode_rate_uniform_schedule_normal_seed_44.csv
fc3rev_h256,256,weight_decay,rate_uniform,16,16,44,0.80,86.120000,,important results/fashion_mnist_fc3rev_three_regs/noise_sweep_rate_uniform_L16_T16/fc3rev_h256/weight_decay/seed_44/noise_sweep_matrix_fashion_mnist_fc3rev_h256_T16_mode_rate_uniform_schedule_normal_seed_44.csv
fc3rev_h256,256,weight_decay,rate_uniform,16,16,44,0.85,85.810000,,important results/fashion_mnist_fc3rev_three_regs/noise_sweep_rate_uniform_L16_T16/fc3rev_h256/weight_decay/seed_44/noise_sweep_matrix_fashion_mnist_fc3rev_h256_T16_mode_rate_uniform_schedule_normal_seed_44.csv
fc3rev_h256,256,weight_decay,rate_uniform,16,16,44,0.90,85.410000,,important results/fashion_mnist_fc3rev_three_regs/noise_sweep_rate_uniform_L16_T16/fc3rev_h256/weight_decay/seed_44/noise_sweep_matrix_fashion_mnist_fc3rev_h256_T16_mode_rate_uniform_schedule_normal_seed_44.csv
fc3rev_h256,256,weight_decay,rate_uniform,16,16,44,0.95,85.330000,,important results/fashion_mnist_fc3rev_three_regs/noise_sweep_rate_uniform_L16_T16/fc3rev_h256/weight_decay/seed_44/noise_sweep_matrix_fashion_mnist_fc3rev_h256_T16_mode_rate_uniform_schedule_normal_seed_44.csv
fc3rev_h256,256,weight_decay,rate_uniform,16,16,44,1.00,85.070000,,important results/fashion_mnist_fc3rev_three_regs/noise_sweep_rate_uniform_L16_T16/fc3rev_h256/weight_decay/seed_44/noise_sweep_matrix_fashion_mnist_fc3rev_h256_T16_mode_rate_uniform_schedule_normal_seed_44.csv
