arch,hidden_size,regularizer,if_mode,L,T,seed,sigma,acc,checkpoint,matrix_csv
fc3rev_h8,8,weight_decay,rate_uniform,16,16,40,0.00,92.680000,mnist-checkpoints/fc3rev_h8_L[16]_strict_seed40_ablation_wd_l16_fc3rev_h8.pth,/home/595/sl9144/codes/snn_simulation/important_results/new_fc3/noise_sweep_rate_uniform_L16_T16/fc3rev_h8/seed_40/noise_sweep_matrix_mnist_fc3rev_h8_T16_mode_rate_uniform_schedule_normal_seed_40.csv
fc3rev_h8,8,weight_decay,rate_uniform,16,16,40,0.05,92.700000,mnist-checkpoints/fc3rev_h8_L[16]_strict_seed40_ablation_wd_l16_fc3rev_h8.pth,/home/595/sl9144/codes/snn_simulation/important_results/new_fc3/noise_sweep_rate_uniform_L16_T16/fc3rev_h8/seed_40/noise_sweep_matrix_mnist_fc3rev_h8_T16_mode_rate_uniform_schedule_normal_seed_40.csv
fc3rev_h8,8,weight_decay,rate_uniform,16,16,40,0.10,92.410000,mnist-checkpoints/fc3rev_h8_L[16]_strict_seed40_ablation_wd_l16_fc3rev_h8.pth,/home/595/sl9144/codes/snn_simulation/important_results/new_fc3/noise_sweep_rate_uniform_L16_T16/fc3rev_h8/seed_40/noise_sweep_matrix_mnist_fc3rev_h8_T16_mode_rate_uniform_schedule_normal_seed_40.csv
fc3rev_h8,8,weight_decay,rate_uniform,16,16,40,0.15,92.520000,mnist-checkpoints/fc3rev_h8_L[16]_strict_seed40_ablation_wd_l16_fc3rev_h8.pth,/home/595/sl9144/codes/snn_simulation/important_results/new_fc3/noise_sweep_rate_uniform_L16_T16/fc3rev_h8/seed_40/noise_sweep_matrix_mnist_fc3rev_h8_T16_mode_rate_uniform_schedule_normal_seed_40.csv
fc3rev_h8,8,weight_decay,rate_uniform,16,16,40,0.20,92.430000,mnist-checkpoints/fc3rev_h8_L[16]_strict_seed40_ablation_wd_l16_fc3rev_h8.pth,/home/595/sl9144/codes/snn_simulation/important_results/new_fc3/noise_sweep_rate_uniform_L16_T16/fc3rev_h8/seed_40/noise_sweep_matrix_mnist_fc3rev_h8_T16_mode_rate_uniform_schedule_normal_seed_40.csv
fc3rev_h8,8,weight_decay,rate_uniform,16,16,40,0.25,92.240000,mnist-checkpoints/fc3rev_h8_L[16]_strict_seed40_ablation_wd_l16_fc3rev_h8.pth,/home/595/sl9144/codes/snn_simulation/important_results/new_fc3/noise_sweep_rate_uniform_L16_T16/fc3rev_h8/seed_40/noise_sweep_matrix_mnist_fc3rev_h8_T16_mode_rate_uniform_schedule_normal_seed_40.csv
fc3rev_h8,8,weight_decay,rate_uniform,16,16,40,0.30,92.140000,mnist-checkpoints/fc3rev_h8_L[16]_strict_seed40_ablation_wd_l16_fc3rev_h8.pth,/home/595/sl9144/codes/snn_simulation/important_results/new_fc3/noise_sweep_rate_uniform_L16_T16/fc3rev_h8/seed_40/noise_sweep_matrix_mnist_fc3rev_h8_T16_mode_rate_uniform_schedule_normal_seed_40.csv
fc3rev_h8,8,weight_decay,rate_uniform,16,16,40,0.35,91.620000,mnist-checkpoints/fc3rev_h8_L[16]_strict_seed40_ablation_wd_l16_fc3rev_h8.pth,/home/595/sl9144/codes/snn_simulation/important_results/new_fc3/noise_sweep_rate_uniform_L16_T16/fc3rev_h8/seed_40/noise_sweep_matrix_mnist_fc3rev_h8_T16_mode_rate_uniform_schedule_normal_seed_40.csv
fc3rev_h8,8,weight_decay,rate_uniform,16,16,40,0.40,91.210000,mnist-checkpoints/fc3rev_h8_L[16]_strict_seed40_ablation_wd_l16_fc3rev_h8.pth,/home/595/sl9144/codes/snn_simulation/important_results/new_fc3/noise_sweep_rate_uniform_L16_T16/fc3rev_h8/seed_40/noise_sweep_matrix_mnist_fc3rev_h8_T16_mode_rate_uniform_schedule_normal_seed_40.csv
fc3rev_h8,8,weight_decay,rate_uniform,16,16,40,0.45,90.650000,mnist-checkpoints/fc3rev_h8_L[16]_strict_seed40_ablation_wd_l16_fc3rev_h8.pth,/home/595/sl9144/codes/snn_simulation/important_results/new_fc3/noise_sweep_rate_uniform_L16_T16/fc3rev_h8/seed_40/noise_sweep_matrix_mnist_fc3rev_h8_T16_mode_rate_uniform_schedule_normal_seed_40.csv
fc3rev_h8,8,weight_decay,rate_uniform,16,16,40,0.50,90.330000,mnist-checkpoints/fc3rev_h8_L[16]_strict_seed40_ablation_wd_l16_fc3rev_h8.pth,/home/595/sl9144/codes/snn_simulation/important_results/new_fc3/noise_sweep_rate_uniform_L16_T16/fc3rev_h8/seed_40/noise_sweep_matrix_mnist_fc3rev_h8_T16_mode_rate_uniform_schedule_normal_seed_40.csv
fc3rev_h8,8,weight_decay,rate_uniform,16,16,40,0.55,89.830000,mnist-checkpoints/fc3rev_h8_L[16]_strict_seed40_ablation_wd_l16_fc3rev_h8.pth,/home/595/sl9144/codes/snn_simulation/important_results/new_fc3/noise_sweep_rate_uniform_L16_T16/fc3rev_h8/seed_40/noise_sweep_matrix_mnist_fc3rev_h8_T16_mode_rate_uniform_schedule_normal_seed_40.csv
fc3rev_h8,8,weight_decay,rate_uniform,16,16,40,0.60,89.090000,mnist-checkpoints/fc3rev_h8_L[16]_strict_seed40_ablation_wd_l16_fc3rev_h8.pth,/home/595/sl9144/codes/snn_simulation/important_results/new_fc3/noise_sweep_rate_uniform_L16_T16/fc3rev_h8/seed_40/noise_sweep_matrix_mnist_fc3rev_h8_T16_mode_rate_uniform_schedule_normal_seed_40.csv
fc3rev_h8,8,weight_decay,rate_uniform,16,16,40,0.65,88.470000,mnist-checkpoints/fc3rev_h8_L[16]_strict_seed40_ablation_wd_l16_fc3rev_h8.pth,/home/595/sl9144/codes/snn_simulation/important_results/new_fc3/noise_sweep_rate_uniform_L16_T16/fc3rev_h8/seed_40/noise_sweep_matrix_mnist_fc3rev_h8_T16_mode_rate_uniform_schedule_normal_seed_40.csv
fc3rev_h8,8,weight_decay,rate_uniform,16,16,40,0.70,87.580000,mnist-checkpoints/fc3rev_h8_L[16]_strict_seed40_ablation_wd_l16_fc3rev_h8.pth,/home/595/sl9144/codes/snn_simulation/important_results/new_fc3/noise_sweep_rate_uniform_L16_T16/fc3rev_h8/seed_40/noise_sweep_matrix_mnist_fc3rev_h8_T16_mode_rate_uniform_schedule_normal_seed_40.csv
fc3rev_h8,8,weight_decay,rate_uniform,16,16,40,0.75,86.650000,mnist-checkpoints/fc3rev_h8_L[16]_strict_seed40_ablation_wd_l16_fc3rev_h8.pth,/home/595/sl9144/codes/snn_simulation/important_results/new_fc3/noise_sweep_rate_uniform_L16_T16/fc3rev_h8/seed_40/noise_sweep_matrix_mnist_fc3rev_h8_T16_mode_rate_uniform_schedule_normal_seed_40.csv
fc3rev_h8,8,weight_decay,rate_uniform,16,16,40,0.80,85.720000,mnist-checkpoints/fc3rev_h8_L[16]_strict_seed40_ablation_wd_l16_fc3rev_h8.pth,/home/595/sl9144/codes/snn_simulation/important_results/new_fc3/noise_sweep_rate_uniform_L16_T16/fc3rev_h8/seed_40/noise_sweep_matrix_mnist_fc3rev_h8_T16_mode_rate_uniform_schedule_normal_seed_40.csv
fc3rev_h8,8,weight_decay,rate_uniform,16,16,40,0.85,84.880000,mnist-checkpoints/fc3rev_h8_L[16]_strict_seed40_ablation_wd_l16_fc3rev_h8.pth,/home/595/sl9144/codes/snn_simulation/important_results/new_fc3/noise_sweep_rate_uniform_L16_T16/fc3rev_h8/seed_40/noise_sweep_matrix_mnist_fc3rev_h8_T16_mode_rate_uniform_schedule_normal_seed_40.csv
fc3rev_h8,8,weight_decay,rate_uniform,16,16,40,0.90,83.200000,mnist-checkpoints/fc3rev_h8_L[16]_strict_seed40_ablation_wd_l16_fc3rev_h8.pth,/home/595/sl9144/codes/snn_simulation/important_results/new_fc3/noise_sweep_rate_uniform_L16_T16/fc3rev_h8/seed_40/noise_sweep_matrix_mnist_fc3rev_h8_T16_mode_rate_uniform_schedule_normal_seed_40.csv
fc3rev_h8,8,weight_decay,rate_uniform,16,16,40,0.95,83.140000,mnist-checkpoints/fc3rev_h8_L[16]_strict_seed40_ablation_wd_l16_fc3rev_h8.pth,/home/595/sl9144/codes/snn_simulation/important_results/new_fc3/noise_sweep_rate_uniform_L16_T16/fc3rev_h8/seed_40/noise_sweep_matrix_mnist_fc3rev_h8_T16_mode_rate_uniform_schedule_normal_seed_40.csv
fc3rev_h8,8,weight_decay,rate_uniform,16,16,40,1.00,81.720000,mnist-checkpoints/fc3rev_h8_L[16]_strict_seed40_ablation_wd_l16_fc3rev_h8.pth,/home/595/sl9144/codes/snn_simulation/important_results/new_fc3/noise_sweep_rate_uniform_L16_T16/fc3rev_h8/seed_40/noise_sweep_matrix_mnist_fc3rev_h8_T16_mode_rate_uniform_schedule_normal_seed_40.csv
fc3rev_h8,8,weight_decay,rate_uniform,16,16,41,0.00,94.420000,mnist-checkpoints/fc3rev_h8_L[16]_strict_seed41_ablation_wd_l16_fc3rev_h8.pth,/home/595/sl9144/codes/snn_simulation/important_results/new_fc3/noise_sweep_rate_uniform_L16_T16/fc3rev_h8/seed_41/noise_sweep_matrix_mnist_fc3rev_h8_T16_mode_rate_uniform_schedule_normal_seed_41.csv
fc3rev_h8,8,weight_decay,rate_uniform,16,16,41,0.05,94.320000,mnist-checkpoints/fc3rev_h8_L[16]_strict_seed41_ablation_wd_l16_fc3rev_h8.pth,/home/595/sl9144/codes/snn_simulation/important_results/new_fc3/noise_sweep_rate_uniform_L16_T16/fc3rev_h8/seed_41/noise_sweep_matrix_mnist_fc3rev_h8_T16_mode_rate_uniform_schedule_normal_seed_41.csv
fc3rev_h8,8,weight_decay,rate_uniform,16,16,41,0.10,94.140000,mnist-checkpoints/fc3rev_h8_L[16]_strict_seed41_ablation_wd_l16_fc3rev_h8.pth,/home/595/sl9144/codes/snn_simulation/important_results/new_fc3/noise_sweep_rate_uniform_L16_T16/fc3rev_h8/seed_41/noise_sweep_matrix_mnist_fc3rev_h8_T16_mode_rate_uniform_schedule_normal_seed_41.csv
fc3rev_h8,8,weight_decay,rate_uniform,16,16,41,0.15,94.160000,mnist-checkpoints/fc3rev_h8_L[16]_strict_seed41_ablation_wd_l16_fc3rev_h8.pth,/home/595/sl9144/codes/snn_simulation/important_results/new_fc3/noise_sweep_rate_uniform_L16_T16/fc3rev_h8/seed_41/noise_sweep_matrix_mnist_fc3rev_h8_T16_mode_rate_uniform_schedule_normal_seed_41.csv
fc3rev_h8,8,weight_decay,rate_uniform,16,16,41,0.20,94.100000,mnist-checkpoints/fc3rev_h8_L[16]_strict_seed41_ablation_wd_l16_fc3rev_h8.pth,/home/595/sl9144/codes/snn_simulation/important_results/new_fc3/noise_sweep_rate_uniform_L16_T16/fc3rev_h8/seed_41/noise_sweep_matrix_mnist_fc3rev_h8_T16_mode_rate_uniform_schedule_normal_seed_41.csv
fc3rev_h8,8,weight_decay,rate_uniform,16,16,41,0.25,93.820000,mnist-checkpoints/fc3rev_h8_L[16]_strict_seed41_ablation_wd_l16_fc3rev_h8.pth,/home/595/sl9144/codes/snn_simulation/important_results/new_fc3/noise_sweep_rate_uniform_L16_T16/fc3rev_h8/seed_41/noise_sweep_matrix_mnist_fc3rev_h8_T16_mode_rate_uniform_schedule_normal_seed_41.csv
fc3rev_h8,8,weight_decay,rate_uniform,16,16,41,0.30,93.750000,mnist-checkpoints/fc3rev_h8_L[16]_strict_seed41_ablation_wd_l16_fc3rev_h8.pth,/home/595/sl9144/codes/snn_simulation/important_results/new_fc3/noise_sweep_rate_uniform_L16_T16/fc3rev_h8/seed_41/noise_sweep_matrix_mnist_fc3rev_h8_T16_mode_rate_uniform_schedule_normal_seed_41.csv
fc3rev_h8,8,weight_decay,rate_uniform,16,16,41,0.35,93.690000,mnist-checkpoints/fc3rev_h8_L[16]_strict_seed41_ablation_wd_l16_fc3rev_h8.pth,/home/595/sl9144/codes/snn_simulation/important_results/new_fc3/noise_sweep_rate_uniform_L16_T16/fc3rev_h8/seed_41/noise_sweep_matrix_mnist_fc3rev_h8_T16_mode_rate_uniform_schedule_normal_seed_41.csv
fc3rev_h8,8,weight_decay,rate_uniform,16,16,41,0.40,93.610000,mnist-checkpoints/fc3rev_h8_L[16]_strict_seed41_ablation_wd_l16_fc3rev_h8.pth,/home/595/sl9144/codes/snn_simulation/important_results/new_fc3/noise_sweep_rate_uniform_L16_T16/fc3rev_h8/seed_41/noise_sweep_matrix_mnist_fc3rev_h8_T16_mode_rate_uniform_schedule_normal_seed_41.csv
fc3rev_h8,8,weight_decay,rate_uniform,16,16,41,0.45,93.230000,mnist-checkpoints/fc3rev_h8_L[16]_strict_seed41_ablation_wd_l16_fc3rev_h8.pth,/home/595/sl9144/codes/snn_simulation/important_results/new_fc3/noise_sweep_rate_uniform_L16_T16/fc3rev_h8/seed_41/noise_sweep_matrix_mnist_fc3rev_h8_T16_mode_rate_uniform_schedule_normal_seed_41.csv
fc3rev_h8,8,weight_decay,rate_uniform,16,16,41,0.50,93.310000,mnist-checkpoints/fc3rev_h8_L[16]_strict_seed41_ablation_wd_l16_fc3rev_h8.pth,/home/595/sl9144/codes/snn_simulation/important_results/new_fc3/noise_sweep_rate_uniform_L16_T16/fc3rev_h8/seed_41/noise_sweep_matrix_mnist_fc3rev_h8_T16_mode_rate_uniform_schedule_normal_seed_41.csv
fc3rev_h8,8,weight_decay,rate_uniform,16,16,41,0.55,93.070000,mnist-checkpoints/fc3rev_h8_L[16]_strict_seed41_ablation_wd_l16_fc3rev_h8.pth,/home/595/sl9144/codes/snn_simulation/important_results/new_fc3/noise_sweep_rate_uniform_L16_T16/fc3rev_h8/seed_41/noise_sweep_matrix_mnist_fc3rev_h8_T16_mode_rate_uniform_schedule_normal_seed_41.csv
fc3rev_h8,8,weight_decay,rate_uniform,16,16,41,0.60,92.840000,mnist-checkpoints/fc3rev_h8_L[16]_strict_seed41_ablation_wd_l16_fc3rev_h8.pth,/home/595/sl9144/codes/snn_simulation/important_results/new_fc3/noise_sweep_rate_uniform_L16_T16/fc3rev_h8/seed_41/noise_sweep_matrix_mnist_fc3rev_h8_T16_mode_rate_uniform_schedule_normal_seed_41.csv
fc3rev_h8,8,weight_decay,rate_uniform,16,16,41,0.65,92.450000,mnist-checkpoints/fc3rev_h8_L[16]_strict_seed41_ablation_wd_l16_fc3rev_h8.pth,/home/595/sl9144/codes/snn_simulation/important_results/new_fc3/noise_sweep_rate_uniform_L16_T16/fc3rev_h8/seed_41/noise_sweep_matrix_mnist_fc3rev_h8_T16_mode_rate_uniform_schedule_normal_seed_41.csv
fc3rev_h8,8,weight_decay,rate_uniform,16,16,41,0.70,92.240000,mnist-checkpoints/fc3rev_h8_L[16]_strict_seed41_ablation_wd_l16_fc3rev_h8.pth,/home/595/sl9144/codes/snn_simulation/important_results/new_fc3/noise_sweep_rate_uniform_L16_T16/fc3rev_h8/seed_41/noise_sweep_matrix_mnist_fc3rev_h8_T16_mode_rate_uniform_schedule_normal_seed_41.csv
fc3rev_h8,8,weight_decay,rate_uniform,16,16,41,0.75,92.300000,mnist-checkpoints/fc3rev_h8_L[16]_strict_seed41_ablation_wd_l16_fc3rev_h8.pth,/home/595/sl9144/codes/snn_simulation/important_results/new_fc3/noise_sweep_rate_uniform_L16_T16/fc3rev_h8/seed_41/noise_sweep_matrix_mnist_fc3rev_h8_T16_mode_rate_uniform_schedule_normal_seed_41.csv
fc3rev_h8,8,weight_decay,rate_uniform,16,16,41,0.80,91.690000,mnist-checkpoints/fc3rev_h8_L[16]_strict_seed41_ablation_wd_l16_fc3rev_h8.pth,/home/595/sl9144/codes/snn_simulation/important_results/new_fc3/noise_sweep_rate_uniform_L16_T16/fc3rev_h8/seed_41/noise_sweep_matrix_mnist_fc3rev_h8_T16_mode_rate_uniform_schedule_normal_seed_41.csv
fc3rev_h8,8,weight_decay,rate_uniform,16,16,41,0.85,91.400000,mnist-checkpoints/fc3rev_h8_L[16]_strict_seed41_ablation_wd_l16_fc3rev_h8.pth,/home/595/sl9144/codes/snn_simulation/important_results/new_fc3/noise_sweep_rate_uniform_L16_T16/fc3rev_h8/seed_41/noise_sweep_matrix_mnist_fc3rev_h8_T16_mode_rate_uniform_schedule_normal_seed_41.csv
fc3rev_h8,8,weight_decay,rate_uniform,16,16,41,0.90,91.020000,mnist-checkpoints/fc3rev_h8_L[16]_strict_seed41_ablation_wd_l16_fc3rev_h8.pth,/home/595/sl9144/codes/snn_simulation/important_results/new_fc3/noise_sweep_rate_uniform_L16_T16/fc3rev_h8/seed_41/noise_sweep_matrix_mnist_fc3rev_h8_T16_mode_rate_uniform_schedule_normal_seed_41.csv
fc3rev_h8,8,weight_decay,rate_uniform,16,16,41,0.95,90.370000,mnist-checkpoints/fc3rev_h8_L[16]_strict_seed41_ablation_wd_l16_fc3rev_h8.pth,/home/595/sl9144/codes/snn_simulation/important_results/new_fc3/noise_sweep_rate_uniform_L16_T16/fc3rev_h8/seed_41/noise_sweep_matrix_mnist_fc3rev_h8_T16_mode_rate_uniform_schedule_normal_seed_41.csv
fc3rev_h8,8,weight_decay,rate_uniform,16,16,41,1.00,89.710000,mnist-checkpoints/fc3rev_h8_L[16]_strict_seed41_ablation_wd_l16_fc3rev_h8.pth,/home/595/sl9144/codes/snn_simulation/important_results/new_fc3/noise_sweep_rate_uniform_L16_T16/fc3rev_h8/seed_41/noise_sweep_matrix_mnist_fc3rev_h8_T16_mode_rate_uniform_schedule_normal_seed_41.csv
fc3rev_h8,8,weight_decay,rate_uniform,16,16,42,0.00,93.030000,mnist-checkpoints/fc3rev_h8_L[16]_strict_seed42_ablation_wd_l16_fc3rev_h8.pth,/home/595/sl9144/codes/snn_simulation/important_results/new_fc3/noise_sweep_rate_uniform_L16_T16/fc3rev_h8/seed_42/noise_sweep_matrix_mnist_fc3rev_h8_T16_mode_rate_uniform_schedule_normal_seed_42.csv
fc3rev_h8,8,weight_decay,rate_uniform,16,16,42,0.05,92.920000,mnist-checkpoints/fc3rev_h8_L[16]_strict_seed42_ablation_wd_l16_fc3rev_h8.pth,/home/595/sl9144/codes/snn_simulation/important_results/new_fc3/noise_sweep_rate_uniform_L16_T16/fc3rev_h8/seed_42/noise_sweep_matrix_mnist_fc3rev_h8_T16_mode_rate_uniform_schedule_normal_seed_42.csv
fc3rev_h8,8,weight_decay,rate_uniform,16,16,42,0.10,92.890000,mnist-checkpoints/fc3rev_h8_L[16]_strict_seed42_ablation_wd_l16_fc3rev_h8.pth,/home/595/sl9144/codes/snn_simulation/important_results/new_fc3/noise_sweep_rate_uniform_L16_T16/fc3rev_h8/seed_42/noise_sweep_matrix_mnist_fc3rev_h8_T16_mode_rate_uniform_schedule_normal_seed_42.csv
fc3rev_h8,8,weight_decay,rate_uniform,16,16,42,0.15,92.920000,mnist-checkpoints/fc3rev_h8_L[16]_strict_seed42_ablation_wd_l16_fc3rev_h8.pth,/home/595/sl9144/codes/snn_simulation/important_results/new_fc3/noise_sweep_rate_uniform_L16_T16/fc3rev_h8/seed_42/noise_sweep_matrix_mnist_fc3rev_h8_T16_mode_rate_uniform_schedule_normal_seed_42.csv
fc3rev_h8,8,weight_decay,rate_uniform,16,16,42,0.20,92.630000,mnist-checkpoints/fc3rev_h8_L[16]_strict_seed42_ablation_wd_l16_fc3rev_h8.pth,/home/595/sl9144/codes/snn_simulation/important_results/new_fc3/noise_sweep_rate_uniform_L16_T16/fc3rev_h8/seed_42/noise_sweep_matrix_mnist_fc3rev_h8_T16_mode_rate_uniform_schedule_normal_seed_42.csv
fc3rev_h8,8,weight_decay,rate_uniform,16,16,42,0.25,92.650000,mnist-checkpoints/fc3rev_h8_L[16]_strict_seed42_ablation_wd_l16_fc3rev_h8.pth,/home/595/sl9144/codes/snn_simulation/important_results/new_fc3/noise_sweep_rate_uniform_L16_T16/fc3rev_h8/seed_42/noise_sweep_matrix_mnist_fc3rev_h8_T16_mode_rate_uniform_schedule_normal_seed_42.csv
fc3rev_h8,8,weight_decay,rate_uniform,16,16,42,0.30,92.040000,mnist-checkpoints/fc3rev_h8_L[16]_strict_seed42_ablation_wd_l16_fc3rev_h8.pth,/home/595/sl9144/codes/snn_simulation/important_results/new_fc3/noise_sweep_rate_uniform_L16_T16/fc3rev_h8/seed_42/noise_sweep_matrix_mnist_fc3rev_h8_T16_mode_rate_uniform_schedule_normal_seed_42.csv
fc3rev_h8,8,weight_decay,rate_uniform,16,16,42,0.35,92.020000,mnist-checkpoints/fc3rev_h8_L[16]_strict_seed42_ablation_wd_l16_fc3rev_h8.pth,/home/595/sl9144/codes/snn_simulation/important_results/new_fc3/noise_sweep_rate_uniform_L16_T16/fc3rev_h8/seed_42/noise_sweep_matrix_mnist_fc3rev_h8_T16_mode_rate_uniform_schedule_normal_seed_42.csv
fc3rev_h8,8,weight_decay,rate_uniform,16,16,42,0.40,91.540000,mnist-checkpoints/fc3rev_h8_L[16]_strict_seed42_ablation_wd_l16_fc3rev_h8.pth,/home/595/sl9144/codes/snn_simulation/important_results/new_fc3/noise_sweep_rate_uniform_L16_T16/fc3rev_h8/seed_42/noise_sweep_matrix_mnist_fc3rev_h8_T16_mode_rate_uniform_schedule_normal_seed_42.csv
fc3rev_h8,8,weight_decay,rate_uniform,16,16,42,0.45,91.250000,mnist-checkpoints/fc3rev_h8_L[16]_strict_seed42_ablation_wd_l16_fc3rev_h8.pth,/home/595/sl9144/codes/snn_simulation/important_results/new_fc3/noise_sweep_rate_uniform_L16_T16/fc3rev_h8/seed_42/noise_sweep_matrix_mnist_fc3rev_h8_T16_mode_rate_uniform_schedule_normal_seed_42.csv
fc3rev_h8,8,weight_decay,rate_uniform,16,16,42,0.50,90.690000,mnist-checkpoints/fc3rev_h8_L[16]_strict_seed42_ablation_wd_l16_fc3rev_h8.pth,/home/595/sl9144/codes/snn_simulation/important_results/new_fc3/noise_sweep_rate_uniform_L16_T16/fc3rev_h8/seed_42/noise_sweep_matrix_mnist_fc3rev_h8_T16_mode_rate_uniform_schedule_normal_seed_42.csv
fc3rev_h8,8,weight_decay,rate_uniform,16,16,42,0.55,90.460000,mnist-checkpoints/fc3rev_h8_L[16]_strict_seed42_ablation_wd_l16_fc3rev_h8.pth,/home/595/sl9144/codes/snn_simulation/important_results/new_fc3/noise_sweep_rate_uniform_L16_T16/fc3rev_h8/seed_42/noise_sweep_matrix_mnist_fc3rev_h8_T16_mode_rate_uniform_schedule_normal_seed_42.csv
fc3rev_h8,8,weight_decay,rate_uniform,16,16,42,0.60,90.140000,mnist-checkpoints/fc3rev_h8_L[16]_strict_seed42_ablation_wd_l16_fc3rev_h8.pth,/home/595/sl9144/codes/snn_simulation/important_results/new_fc3/noise_sweep_rate_uniform_L16_T16/fc3rev_h8/seed_42/noise_sweep_matrix_mnist_fc3rev_h8_T16_mode_rate_uniform_schedule_normal_seed_42.csv
fc3rev_h8,8,weight_decay,rate_uniform,16,16,42,0.65,88.980000,mnist-checkpoints/fc3rev_h8_L[16]_strict_seed42_ablation_wd_l16_fc3rev_h8.pth,/home/595/sl9144/codes/snn_simulation/important_results/new_fc3/noise_sweep_rate_uniform_L16_T16/fc3rev_h8/seed_42/noise_sweep_matrix_mnist_fc3rev_h8_T16_mode_rate_uniform_schedule_normal_seed_42.csv
fc3rev_h8,8,weight_decay,rate_uniform,16,16,42,0.70,88.600000,mnist-checkpoints/fc3rev_h8_L[16]_strict_seed42_ablation_wd_l16_fc3rev_h8.pth,/home/595/sl9144/codes/snn_simulation/important_results/new_fc3/noise_sweep_rate_uniform_L16_T16/fc3rev_h8/seed_42/noise_sweep_matrix_mnist_fc3rev_h8_T16_mode_rate_uniform_schedule_normal_seed_42.csv
fc3rev_h8,8,weight_decay,rate_uniform,16,16,42,0.75,88.050000,mnist-checkpoints/fc3rev_h8_L[16]_strict_seed42_ablation_wd_l16_fc3rev_h8.pth,/home/595/sl9144/codes/snn_simulation/important_results/new_fc3/noise_sweep_rate_uniform_L16_T16/fc3rev_h8/seed_42/noise_sweep_matrix_mnist_fc3rev_h8_T16_mode_rate_uniform_schedule_normal_seed_42.csv
fc3rev_h8,8,weight_decay,rate_uniform,16,16,42,0.80,87.240000,mnist-checkpoints/fc3rev_h8_L[16]_strict_seed42_ablation_wd_l16_fc3rev_h8.pth,/home/595/sl9144/codes/snn_simulation/important_results/new_fc3/noise_sweep_rate_uniform_L16_T16/fc3rev_h8/seed_42/noise_sweep_matrix_mnist_fc3rev_h8_T16_mode_rate_uniform_schedule_normal_seed_42.csv
fc3rev_h8,8,weight_decay,rate_uniform,16,16,42,0.85,86.270000,mnist-checkpoints/fc3rev_h8_L[16]_strict_seed42_ablation_wd_l16_fc3rev_h8.pth,/home/595/sl9144/codes/snn_simulation/important_results/new_fc3/noise_sweep_rate_uniform_L16_T16/fc3rev_h8/seed_42/noise_sweep_matrix_mnist_fc3rev_h8_T16_mode_rate_uniform_schedule_normal_seed_42.csv
fc3rev_h8,8,weight_decay,rate_uniform,16,16,42,0.90,85.240000,mnist-checkpoints/fc3rev_h8_L[16]_strict_seed42_ablation_wd_l16_fc3rev_h8.pth,/home/595/sl9144/codes/snn_simulation/important_results/new_fc3/noise_sweep_rate_uniform_L16_T16/fc3rev_h8/seed_42/noise_sweep_matrix_mnist_fc3rev_h8_T16_mode_rate_uniform_schedule_normal_seed_42.csv
fc3rev_h8,8,weight_decay,rate_uniform,16,16,42,0.95,84.400000,mnist-checkpoints/fc3rev_h8_L[16]_strict_seed42_ablation_wd_l16_fc3rev_h8.pth,/home/595/sl9144/codes/snn_simulation/important_results/new_fc3/noise_sweep_rate_uniform_L16_T16/fc3rev_h8/seed_42/noise_sweep_matrix_mnist_fc3rev_h8_T16_mode_rate_uniform_schedule_normal_seed_42.csv
fc3rev_h8,8,weight_decay,rate_uniform,16,16,42,1.00,82.860000,mnist-checkpoints/fc3rev_h8_L[16]_strict_seed42_ablation_wd_l16_fc3rev_h8.pth,/home/595/sl9144/codes/snn_simulation/important_results/new_fc3/noise_sweep_rate_uniform_L16_T16/fc3rev_h8/seed_42/noise_sweep_matrix_mnist_fc3rev_h8_T16_mode_rate_uniform_schedule_normal_seed_42.csv
fc3rev_h8,8,weight_decay,rate_uniform,16,16,43,0.00,93.360000,mnist-checkpoints/fc3rev_h8_L[16]_strict_seed43_ablation_wd_l16_fc3rev_h8.pth,/home/595/sl9144/codes/snn_simulation/important_results/new_fc3/noise_sweep_rate_uniform_L16_T16/fc3rev_h8/seed_43/noise_sweep_matrix_mnist_fc3rev_h8_T16_mode_rate_uniform_schedule_normal_seed_43.csv
fc3rev_h8,8,weight_decay,rate_uniform,16,16,43,0.05,93.370000,mnist-checkpoints/fc3rev_h8_L[16]_strict_seed43_ablation_wd_l16_fc3rev_h8.pth,/home/595/sl9144/codes/snn_simulation/important_results/new_fc3/noise_sweep_rate_uniform_L16_T16/fc3rev_h8/seed_43/noise_sweep_matrix_mnist_fc3rev_h8_T16_mode_rate_uniform_schedule_normal_seed_43.csv
fc3rev_h8,8,weight_decay,rate_uniform,16,16,43,0.10,93.230000,mnist-checkpoints/fc3rev_h8_L[16]_strict_seed43_ablation_wd_l16_fc3rev_h8.pth,/home/595/sl9144/codes/snn_simulation/important_results/new_fc3/noise_sweep_rate_uniform_L16_T16/fc3rev_h8/seed_43/noise_sweep_matrix_mnist_fc3rev_h8_T16_mode_rate_uniform_schedule_normal_seed_43.csv
fc3rev_h8,8,weight_decay,rate_uniform,16,16,43,0.15,93.230000,mnist-checkpoints/fc3rev_h8_L[16]_strict_seed43_ablation_wd_l16_fc3rev_h8.pth,/home/595/sl9144/codes/snn_simulation/important_results/new_fc3/noise_sweep_rate_uniform_L16_T16/fc3rev_h8/seed_43/noise_sweep_matrix_mnist_fc3rev_h8_T16_mode_rate_uniform_schedule_normal_seed_43.csv
fc3rev_h8,8,weight_decay,rate_uniform,16,16,43,0.20,93.130000,mnist-checkpoints/fc3rev_h8_L[16]_strict_seed43_ablation_wd_l16_fc3rev_h8.pth,/home/595/sl9144/codes/snn_simulation/important_results/new_fc3/noise_sweep_rate_uniform_L16_T16/fc3rev_h8/seed_43/noise_sweep_matrix_mnist_fc3rev_h8_T16_mode_rate_uniform_schedule_normal_seed_43.csv
fc3rev_h8,8,weight_decay,rate_uniform,16,16,43,0.25,93.140000,mnist-checkpoints/fc3rev_h8_L[16]_strict_seed43_ablation_wd_l16_fc3rev_h8.pth,/home/595/sl9144/codes/snn_simulation/important_results/new_fc3/noise_sweep_rate_uniform_L16_T16/fc3rev_h8/seed_43/noise_sweep_matrix_mnist_fc3rev_h8_T16_mode_rate_uniform_schedule_normal_seed_43.csv
fc3rev_h8,8,weight_decay,rate_uniform,16,16,43,0.30,92.800000,mnist-checkpoints/fc3rev_h8_L[16]_strict_seed43_ablation_wd_l16_fc3rev_h8.pth,/home/595/sl9144/codes/snn_simulation/important_results/new_fc3/noise_sweep_rate_uniform_L16_T16/fc3rev_h8/seed_43/noise_sweep_matrix_mnist_fc3rev_h8_T16_mode_rate_uniform_schedule_normal_seed_43.csv
fc3rev_h8,8,weight_decay,rate_uniform,16,16,43,0.35,93.030000,mnist-checkpoints/fc3rev_h8_L[16]_strict_seed43_ablation_wd_l16_fc3rev_h8.pth,/home/595/sl9144/codes/snn_simulation/important_results/new_fc3/noise_sweep_rate_uniform_L16_T16/fc3rev_h8/seed_43/noise_sweep_matrix_mnist_fc3rev_h8_T16_mode_rate_uniform_schedule_normal_seed_43.csv
fc3rev_h8,8,weight_decay,rate_uniform,16,16,43,0.40,92.700000,mnist-checkpoints/fc3rev_h8_L[16]_strict_seed43_ablation_wd_l16_fc3rev_h8.pth,/home/595/sl9144/codes/snn_simulation/important_results/new_fc3/noise_sweep_rate_uniform_L16_T16/fc3rev_h8/seed_43/noise_sweep_matrix_mnist_fc3rev_h8_T16_mode_rate_uniform_schedule_normal_seed_43.csv
fc3rev_h8,8,weight_decay,rate_uniform,16,16,43,0.45,92.340000,mnist-checkpoints/fc3rev_h8_L[16]_strict_seed43_ablation_wd_l16_fc3rev_h8.pth,/home/595/sl9144/codes/snn_simulation/important_results/new_fc3/noise_sweep_rate_uniform_L16_T16/fc3rev_h8/seed_43/noise_sweep_matrix_mnist_fc3rev_h8_T16_mode_rate_uniform_schedule_normal_seed_43.csv
fc3rev_h8,8,weight_decay,rate_uniform,16,16,43,0.50,92.500000,mnist-checkpoints/fc3rev_h8_L[16]_strict_seed43_ablation_wd_l16_fc3rev_h8.pth,/home/595/sl9144/codes/snn_simulation/important_results/new_fc3/noise_sweep_rate_uniform_L16_T16/fc3rev_h8/seed_43/noise_sweep_matrix_mnist_fc3rev_h8_T16_mode_rate_uniform_schedule_normal_seed_43.csv
fc3rev_h8,8,weight_decay,rate_uniform,16,16,43,0.55,92.090000,mnist-checkpoints/fc3rev_h8_L[16]_strict_seed43_ablation_wd_l16_fc3rev_h8.pth,/home/595/sl9144/codes/snn_simulation/important_results/new_fc3/noise_sweep_rate_uniform_L16_T16/fc3rev_h8/seed_43/noise_sweep_matrix_mnist_fc3rev_h8_T16_mode_rate_uniform_schedule_normal_seed_43.csv
fc3rev_h8,8,weight_decay,rate_uniform,16,16,43,0.60,91.870000,mnist-checkpoints/fc3rev_h8_L[16]_strict_seed43_ablation_wd_l16_fc3rev_h8.pth,/home/595/sl9144/codes/snn_simulation/important_results/new_fc3/noise_sweep_rate_uniform_L16_T16/fc3rev_h8/seed_43/noise_sweep_matrix_mnist_fc3rev_h8_T16_mode_rate_uniform_schedule_normal_seed_43.csv
fc3rev_h8,8,weight_decay,rate_uniform,16,16,43,0.65,91.510000,mnist-checkpoints/fc3rev_h8_L[16]_strict_seed43_ablation_wd_l16_fc3rev_h8.pth,/home/595/sl9144/codes/snn_simulation/important_results/new_fc3/noise_sweep_rate_uniform_L16_T16/fc3rev_h8/seed_43/noise_sweep_matrix_mnist_fc3rev_h8_T16_mode_rate_uniform_schedule_normal_seed_43.csv
fc3rev_h8,8,weight_decay,rate_uniform,16,16,43,0.70,91.470000,mnist-checkpoints/fc3rev_h8_L[16]_strict_seed43_ablation_wd_l16_fc3rev_h8.pth,/home/595/sl9144/codes/snn_simulation/important_results/new_fc3/noise_sweep_rate_uniform_L16_T16/fc3rev_h8/seed_43/noise_sweep_matrix_mnist_fc3rev_h8_T16_mode_rate_uniform_schedule_normal_seed_43.csv
fc3rev_h8,8,weight_decay,rate_uniform,16,16,43,0.75,91.030000,mnist-checkpoints/fc3rev_h8_L[16]_strict_seed43_ablation_wd_l16_fc3rev_h8.pth,/home/595/sl9144/codes/snn_simulation/important_results/new_fc3/noise_sweep_rate_uniform_L16_T16/fc3rev_h8/seed_43/noise_sweep_matrix_mnist_fc3rev_h8_T16_mode_rate_uniform_schedule_normal_seed_43.csv
fc3rev_h8,8,weight_decay,rate_uniform,16,16,43,0.80,90.700000,mnist-checkpoints/fc3rev_h8_L[16]_strict_seed43_ablation_wd_l16_fc3rev_h8.pth,/home/595/sl9144/codes/snn_simulation/important_results/new_fc3/noise_sweep_rate_uniform_L16_T16/fc3rev_h8/seed_43/noise_sweep_matrix_mnist_fc3rev_h8_T16_mode_rate_uniform_schedule_normal_seed_43.csv
fc3rev_h8,8,weight_decay,rate_uniform,16,16,43,0.85,90.250000,mnist-checkpoints/fc3rev_h8_L[16]_strict_seed43_ablation_wd_l16_fc3rev_h8.pth,/home/595/sl9144/codes/snn_simulation/important_results/new_fc3/noise_sweep_rate_uniform_L16_T16/fc3rev_h8/seed_43/noise_sweep_matrix_mnist_fc3rev_h8_T16_mode_rate_uniform_schedule_normal_seed_43.csv
fc3rev_h8,8,weight_decay,rate_uniform,16,16,43,0.90,89.020000,mnist-checkpoints/fc3rev_h8_L[16]_strict_seed43_ablation_wd_l16_fc3rev_h8.pth,/home/595/sl9144/codes/snn_simulation/important_results/new_fc3/noise_sweep_rate_uniform_L16_T16/fc3rev_h8/seed_43/noise_sweep_matrix_mnist_fc3rev_h8_T16_mode_rate_uniform_schedule_normal_seed_43.csv
fc3rev_h8,8,weight_decay,rate_uniform,16,16,43,0.95,89.510000,mnist-checkpoints/fc3rev_h8_L[16]_strict_seed43_ablation_wd_l16_fc3rev_h8.pth,/home/595/sl9144/codes/snn_simulation/important_results/new_fc3/noise_sweep_rate_uniform_L16_T16/fc3rev_h8/seed_43/noise_sweep_matrix_mnist_fc3rev_h8_T16_mode_rate_uniform_schedule_normal_seed_43.csv
fc3rev_h8,8,weight_decay,rate_uniform,16,16,43,1.00,89.510000,mnist-checkpoints/fc3rev_h8_L[16]_strict_seed43_ablation_wd_l16_fc3rev_h8.pth,/home/595/sl9144/codes/snn_simulation/important_results/new_fc3/noise_sweep_rate_uniform_L16_T16/fc3rev_h8/seed_43/noise_sweep_matrix_mnist_fc3rev_h8_T16_mode_rate_uniform_schedule_normal_seed_43.csv
fc3rev_h8,8,weight_decay,rate_uniform,16,16,44,0.00,95.050000,mnist-checkpoints/fc3rev_h8_L[16]_strict_seed44_ablation_wd_l16_fc3rev_h8.pth,/home/595/sl9144/codes/snn_simulation/important_results/new_fc3/noise_sweep_rate_uniform_L16_T16/fc3rev_h8/seed_44/noise_sweep_matrix_mnist_fc3rev_h8_T16_mode_rate_uniform_schedule_normal_seed_44.csv
fc3rev_h8,8,weight_decay,rate_uniform,16,16,44,0.05,94.970000,mnist-checkpoints/fc3rev_h8_L[16]_strict_seed44_ablation_wd_l16_fc3rev_h8.pth,/home/595/sl9144/codes/snn_simulation/important_results/new_fc3/noise_sweep_rate_uniform_L16_T16/fc3rev_h8/seed_44/noise_sweep_matrix_mnist_fc3rev_h8_T16_mode_rate_uniform_schedule_normal_seed_44.csv
fc3rev_h8,8,weight_decay,rate_uniform,16,16,44,0.10,94.870000,mnist-checkpoints/fc3rev_h8_L[16]_strict_seed44_ablation_wd_l16_fc3rev_h8.pth,/home/595/sl9144/codes/snn_simulation/important_results/new_fc3/noise_sweep_rate_uniform_L16_T16/fc3rev_h8/seed_44/noise_sweep_matrix_mnist_fc3rev_h8_T16_mode_rate_uniform_schedule_normal_seed_44.csv
fc3rev_h8,8,weight_decay,rate_uniform,16,16,44,0.15,94.960000,mnist-checkpoints/fc3rev_h8_L[16]_strict_seed44_ablation_wd_l16_fc3rev_h8.pth,/home/595/sl9144/codes/snn_simulation/important_results/new_fc3/noise_sweep_rate_uniform_L16_T16/fc3rev_h8/seed_44/noise_sweep_matrix_mnist_fc3rev_h8_T16_mode_rate_uniform_schedule_normal_seed_44.csv
fc3rev_h8,8,weight_decay,rate_uniform,16,16,44,0.20,94.610000,mnist-checkpoints/fc3rev_h8_L[16]_strict_seed44_ablation_wd_l16_fc3rev_h8.pth,/home/595/sl9144/codes/snn_simulation/important_results/new_fc3/noise_sweep_rate_uniform_L16_T16/fc3rev_h8/seed_44/noise_sweep_matrix_mnist_fc3rev_h8_T16_mode_rate_uniform_schedule_normal_seed_44.csv
fc3rev_h8,8,weight_decay,rate_uniform,16,16,44,0.25,94.730000,mnist-checkpoints/fc3rev_h8_L[16]_strict_seed44_ablation_wd_l16_fc3rev_h8.pth,/home/595/sl9144/codes/snn_simulation/important_results/new_fc3/noise_sweep_rate_uniform_L16_T16/fc3rev_h8/seed_44/noise_sweep_matrix_mnist_fc3rev_h8_T16_mode_rate_uniform_schedule_normal_seed_44.csv
fc3rev_h8,8,weight_decay,rate_uniform,16,16,44,0.30,94.570000,mnist-checkpoints/fc3rev_h8_L[16]_strict_seed44_ablation_wd_l16_fc3rev_h8.pth,/home/595/sl9144/codes/snn_simulation/important_results/new_fc3/noise_sweep_rate_uniform_L16_T16/fc3rev_h8/seed_44/noise_sweep_matrix_mnist_fc3rev_h8_T16_mode_rate_uniform_schedule_normal_seed_44.csv
fc3rev_h8,8,weight_decay,rate_uniform,16,16,44,0.35,94.410000,mnist-checkpoints/fc3rev_h8_L[16]_strict_seed44_ablation_wd_l16_fc3rev_h8.pth,/home/595/sl9144/codes/snn_simulation/important_results/new_fc3/noise_sweep_rate_uniform_L16_T16/fc3rev_h8/seed_44/noise_sweep_matrix_mnist_fc3rev_h8_T16_mode_rate_uniform_schedule_normal_seed_44.csv
fc3rev_h8,8,weight_decay,rate_uniform,16,16,44,0.40,94.240000,mnist-checkpoints/fc3rev_h8_L[16]_strict_seed44_ablation_wd_l16_fc3rev_h8.pth,/home/595/sl9144/codes/snn_simulation/important_results/new_fc3/noise_sweep_rate_uniform_L16_T16/fc3rev_h8/seed_44/noise_sweep_matrix_mnist_fc3rev_h8_T16_mode_rate_uniform_schedule_normal_seed_44.csv
fc3rev_h8,8,weight_decay,rate_uniform,16,16,44,0.45,94.040000,mnist-checkpoints/fc3rev_h8_L[16]_strict_seed44_ablation_wd_l16_fc3rev_h8.pth,/home/595/sl9144/codes/snn_simulation/important_results/new_fc3/noise_sweep_rate_uniform_L16_T16/fc3rev_h8/seed_44/noise_sweep_matrix_mnist_fc3rev_h8_T16_mode_rate_uniform_schedule_normal_seed_44.csv
fc3rev_h8,8,weight_decay,rate_uniform,16,16,44,0.50,93.720000,mnist-checkpoints/fc3rev_h8_L[16]_strict_seed44_ablation_wd_l16_fc3rev_h8.pth,/home/595/sl9144/codes/snn_simulation/important_results/new_fc3/noise_sweep_rate_uniform_L16_T16/fc3rev_h8/seed_44/noise_sweep_matrix_mnist_fc3rev_h8_T16_mode_rate_uniform_schedule_normal_seed_44.csv
fc3rev_h8,8,weight_decay,rate_uniform,16,16,44,0.55,93.740000,mnist-checkpoints/fc3rev_h8_L[16]_strict_seed44_ablation_wd_l16_fc3rev_h8.pth,/home/595/sl9144/codes/snn_simulation/important_results/new_fc3/noise_sweep_rate_uniform_L16_T16/fc3rev_h8/seed_44/noise_sweep_matrix_mnist_fc3rev_h8_T16_mode_rate_uniform_schedule_normal_seed_44.csv
fc3rev_h8,8,weight_decay,rate_uniform,16,16,44,0.60,93.720000,mnist-checkpoints/fc3rev_h8_L[16]_strict_seed44_ablation_wd_l16_fc3rev_h8.pth,/home/595/sl9144/codes/snn_simulation/important_results/new_fc3/noise_sweep_rate_uniform_L16_T16/fc3rev_h8/seed_44/noise_sweep_matrix_mnist_fc3rev_h8_T16_mode_rate_uniform_schedule_normal_seed_44.csv
fc3rev_h8,8,weight_decay,rate_uniform,16,16,44,0.65,93.540000,mnist-checkpoints/fc3rev_h8_L[16]_strict_seed44_ablation_wd_l16_fc3rev_h8.pth,/home/595/sl9144/codes/snn_simulation/important_results/new_fc3/noise_sweep_rate_uniform_L16_T16/fc3rev_h8/seed_44/noise_sweep_matrix_mnist_fc3rev_h8_T16_mode_rate_uniform_schedule_normal_seed_44.csv
fc3rev_h8,8,weight_decay,rate_uniform,16,16,44,0.70,92.760000,mnist-checkpoints/fc3rev_h8_L[16]_strict_seed44_ablation_wd_l16_fc3rev_h8.pth,/home/595/sl9144/codes/snn_simulation/important_results/new_fc3/noise_sweep_rate_uniform_L16_T16/fc3rev_h8/seed_44/noise_sweep_matrix_mnist_fc3rev_h8_T16_mode_rate_uniform_schedule_normal_seed_44.csv
fc3rev_h8,8,weight_decay,rate_uniform,16,16,44,0.75,92.810000,mnist-checkpoints/fc3rev_h8_L[16]_strict_seed44_ablation_wd_l16_fc3rev_h8.pth,/home/595/sl9144/codes/snn_simulation/important_results/new_fc3/noise_sweep_rate_uniform_L16_T16/fc3rev_h8/seed_44/noise_sweep_matrix_mnist_fc3rev_h8_T16_mode_rate_uniform_schedule_normal_seed_44.csv
fc3rev_h8,8,weight_decay,rate_uniform,16,16,44,0.80,92.570000,mnist-checkpoints/fc3rev_h8_L[16]_strict_seed44_ablation_wd_l16_fc3rev_h8.pth,/home/595/sl9144/codes/snn_simulation/important_results/new_fc3/noise_sweep_rate_uniform_L16_T16/fc3rev_h8/seed_44/noise_sweep_matrix_mnist_fc3rev_h8_T16_mode_rate_uniform_schedule_normal_seed_44.csv
fc3rev_h8,8,weight_decay,rate_uniform,16,16,44,0.85,91.870000,mnist-checkpoints/fc3rev_h8_L[16]_strict_seed44_ablation_wd_l16_fc3rev_h8.pth,/home/595/sl9144/codes/snn_simulation/important_results/new_fc3/noise_sweep_rate_uniform_L16_T16/fc3rev_h8/seed_44/noise_sweep_matrix_mnist_fc3rev_h8_T16_mode_rate_uniform_schedule_normal_seed_44.csv
fc3rev_h8,8,weight_decay,rate_uniform,16,16,44,0.90,91.340000,mnist-checkpoints/fc3rev_h8_L[16]_strict_seed44_ablation_wd_l16_fc3rev_h8.pth,/home/595/sl9144/codes/snn_simulation/important_results/new_fc3/noise_sweep_rate_uniform_L16_T16/fc3rev_h8/seed_44/noise_sweep_matrix_mnist_fc3rev_h8_T16_mode_rate_uniform_schedule_normal_seed_44.csv
fc3rev_h8,8,weight_decay,rate_uniform,16,16,44,0.95,90.980000,mnist-checkpoints/fc3rev_h8_L[16]_strict_seed44_ablation_wd_l16_fc3rev_h8.pth,/home/595/sl9144/codes/snn_simulation/important_results/new_fc3/noise_sweep_rate_uniform_L16_T16/fc3rev_h8/seed_44/noise_sweep_matrix_mnist_fc3rev_h8_T16_mode_rate_uniform_schedule_normal_seed_44.csv
fc3rev_h8,8,weight_decay,rate_uniform,16,16,44,1.00,90.500000,mnist-checkpoints/fc3rev_h8_L[16]_strict_seed44_ablation_wd_l16_fc3rev_h8.pth,/home/595/sl9144/codes/snn_simulation/important_results/new_fc3/noise_sweep_rate_uniform_L16_T16/fc3rev_h8/seed_44/noise_sweep_matrix_mnist_fc3rev_h8_T16_mode_rate_uniform_schedule_normal_seed_44.csv
fc3rev_h16,16,weight_decay,rate_uniform,16,16,40,0.00,96.300000,mnist-checkpoints/fc3rev_h16_L[16]_strict_seed40_ablation_wd_l16_fc3rev_h16.pth,/home/595/sl9144/codes/snn_simulation/important_results/new_fc3/noise_sweep_rate_uniform_L16_T16/fc3rev_h16/seed_40/noise_sweep_matrix_mnist_fc3rev_h16_T16_mode_rate_uniform_schedule_normal_seed_40.csv
fc3rev_h16,16,weight_decay,rate_uniform,16,16,40,0.05,96.200000,mnist-checkpoints/fc3rev_h16_L[16]_strict_seed40_ablation_wd_l16_fc3rev_h16.pth,/home/595/sl9144/codes/snn_simulation/important_results/new_fc3/noise_sweep_rate_uniform_L16_T16/fc3rev_h16/seed_40/noise_sweep_matrix_mnist_fc3rev_h16_T16_mode_rate_uniform_schedule_normal_seed_40.csv
fc3rev_h16,16,weight_decay,rate_uniform,16,16,40,0.10,96.290000,mnist-checkpoints/fc3rev_h16_L[16]_strict_seed40_ablation_wd_l16_fc3rev_h16.pth,/home/595/sl9144/codes/snn_simulation/important_results/new_fc3/noise_sweep_rate_uniform_L16_T16/fc3rev_h16/seed_40/noise_sweep_matrix_mnist_fc3rev_h16_T16_mode_rate_uniform_schedule_normal_seed_40.csv
fc3rev_h16,16,weight_decay,rate_uniform,16,16,40,0.15,96.270000,mnist-checkpoints/fc3rev_h16_L[16]_strict_seed40_ablation_wd_l16_fc3rev_h16.pth,/home/595/sl9144/codes/snn_simulation/important_results/new_fc3/noise_sweep_rate_uniform_L16_T16/fc3rev_h16/seed_40/noise_sweep_matrix_mnist_fc3rev_h16_T16_mode_rate_uniform_schedule_normal_seed_40.csv
fc3rev_h16,16,weight_decay,rate_uniform,16,16,40,0.20,96.200000,mnist-checkpoints/fc3rev_h16_L[16]_strict_seed40_ablation_wd_l16_fc3rev_h16.pth,/home/595/sl9144/codes/snn_simulation/important_results/new_fc3/noise_sweep_rate_uniform_L16_T16/fc3rev_h16/seed_40/noise_sweep_matrix_mnist_fc3rev_h16_T16_mode_rate_uniform_schedule_normal_seed_40.csv
fc3rev_h16,16,weight_decay,rate_uniform,16,16,40,0.25,96.200000,mnist-checkpoints/fc3rev_h16_L[16]_strict_seed40_ablation_wd_l16_fc3rev_h16.pth,/home/595/sl9144/codes/snn_simulation/important_results/new_fc3/noise_sweep_rate_uniform_L16_T16/fc3rev_h16/seed_40/noise_sweep_matrix_mnist_fc3rev_h16_T16_mode_rate_uniform_schedule_normal_seed_40.csv
fc3rev_h16,16,weight_decay,rate_uniform,16,16,40,0.30,96.240000,mnist-checkpoints/fc3rev_h16_L[16]_strict_seed40_ablation_wd_l16_fc3rev_h16.pth,/home/595/sl9144/codes/snn_simulation/important_results/new_fc3/noise_sweep_rate_uniform_L16_T16/fc3rev_h16/seed_40/noise_sweep_matrix_mnist_fc3rev_h16_T16_mode_rate_uniform_schedule_normal_seed_40.csv
fc3rev_h16,16,weight_decay,rate_uniform,16,16,40,0.35,96.170000,mnist-checkpoints/fc3rev_h16_L[16]_strict_seed40_ablation_wd_l16_fc3rev_h16.pth,/home/595/sl9144/codes/snn_simulation/important_results/new_fc3/noise_sweep_rate_uniform_L16_T16/fc3rev_h16/seed_40/noise_sweep_matrix_mnist_fc3rev_h16_T16_mode_rate_uniform_schedule_normal_seed_40.csv
fc3rev_h16,16,weight_decay,rate_uniform,16,16,40,0.40,96.170000,mnist-checkpoints/fc3rev_h16_L[16]_strict_seed40_ablation_wd_l16_fc3rev_h16.pth,/home/595/sl9144/codes/snn_simulation/important_results/new_fc3/noise_sweep_rate_uniform_L16_T16/fc3rev_h16/seed_40/noise_sweep_matrix_mnist_fc3rev_h16_T16_mode_rate_uniform_schedule_normal_seed_40.csv
fc3rev_h16,16,weight_decay,rate_uniform,16,16,40,0.45,96.020000,mnist-checkpoints/fc3rev_h16_L[16]_strict_seed40_ablation_wd_l16_fc3rev_h16.pth,/home/595/sl9144/codes/snn_simulation/important_results/new_fc3/noise_sweep_rate_uniform_L16_T16/fc3rev_h16/seed_40/noise_sweep_matrix_mnist_fc3rev_h16_T16_mode_rate_uniform_schedule_normal_seed_40.csv
fc3rev_h16,16,weight_decay,rate_uniform,16,16,40,0.50,95.950000,mnist-checkpoints/fc3rev_h16_L[16]_strict_seed40_ablation_wd_l16_fc3rev_h16.pth,/home/595/sl9144/codes/snn_simulation/important_results/new_fc3/noise_sweep_rate_uniform_L16_T16/fc3rev_h16/seed_40/noise_sweep_matrix_mnist_fc3rev_h16_T16_mode_rate_uniform_schedule_normal_seed_40.csv
fc3rev_h16,16,weight_decay,rate_uniform,16,16,40,0.55,95.960000,mnist-checkpoints/fc3rev_h16_L[16]_strict_seed40_ablation_wd_l16_fc3rev_h16.pth,/home/595/sl9144/codes/snn_simulation/important_results/new_fc3/noise_sweep_rate_uniform_L16_T16/fc3rev_h16/seed_40/noise_sweep_matrix_mnist_fc3rev_h16_T16_mode_rate_uniform_schedule_normal_seed_40.csv
fc3rev_h16,16,weight_decay,rate_uniform,16,16,40,0.60,95.510000,mnist-checkpoints/fc3rev_h16_L[16]_strict_seed40_ablation_wd_l16_fc3rev_h16.pth,/home/595/sl9144/codes/snn_simulation/important_results/new_fc3/noise_sweep_rate_uniform_L16_T16/fc3rev_h16/seed_40/noise_sweep_matrix_mnist_fc3rev_h16_T16_mode_rate_uniform_schedule_normal_seed_40.csv
fc3rev_h16,16,weight_decay,rate_uniform,16,16,40,0.65,95.590000,mnist-checkpoints/fc3rev_h16_L[16]_strict_seed40_ablation_wd_l16_fc3rev_h16.pth,/home/595/sl9144/codes/snn_simulation/important_results/new_fc3/noise_sweep_rate_uniform_L16_T16/fc3rev_h16/seed_40/noise_sweep_matrix_mnist_fc3rev_h16_T16_mode_rate_uniform_schedule_normal_seed_40.csv
fc3rev_h16,16,weight_decay,rate_uniform,16,16,40,0.70,95.610000,mnist-checkpoints/fc3rev_h16_L[16]_strict_seed40_ablation_wd_l16_fc3rev_h16.pth,/home/595/sl9144/codes/snn_simulation/important_results/new_fc3/noise_sweep_rate_uniform_L16_T16/fc3rev_h16/seed_40/noise_sweep_matrix_mnist_fc3rev_h16_T16_mode_rate_uniform_schedule_normal_seed_40.csv
fc3rev_h16,16,weight_decay,rate_uniform,16,16,40,0.75,95.320000,mnist-checkpoints/fc3rev_h16_L[16]_strict_seed40_ablation_wd_l16_fc3rev_h16.pth,/home/595/sl9144/codes/snn_simulation/important_results/new_fc3/noise_sweep_rate_uniform_L16_T16/fc3rev_h16/seed_40/noise_sweep_matrix_mnist_fc3rev_h16_T16_mode_rate_uniform_schedule_normal_seed_40.csv
fc3rev_h16,16,weight_decay,rate_uniform,16,16,40,0.80,95.300000,mnist-checkpoints/fc3rev_h16_L[16]_strict_seed40_ablation_wd_l16_fc3rev_h16.pth,/home/595/sl9144/codes/snn_simulation/important_results/new_fc3/noise_sweep_rate_uniform_L16_T16/fc3rev_h16/seed_40/noise_sweep_matrix_mnist_fc3rev_h16_T16_mode_rate_uniform_schedule_normal_seed_40.csv
fc3rev_h16,16,weight_decay,rate_uniform,16,16,40,0.85,95.240000,mnist-checkpoints/fc3rev_h16_L[16]_strict_seed40_ablation_wd_l16_fc3rev_h16.pth,/home/595/sl9144/codes/snn_simulation/important_results/new_fc3/noise_sweep_rate_uniform_L16_T16/fc3rev_h16/seed_40/noise_sweep_matrix_mnist_fc3rev_h16_T16_mode_rate_uniform_schedule_normal_seed_40.csv
fc3rev_h16,16,weight_decay,rate_uniform,16,16,40,0.90,95.180000,mnist-checkpoints/fc3rev_h16_L[16]_strict_seed40_ablation_wd_l16_fc3rev_h16.pth,/home/595/sl9144/codes/snn_simulation/important_results/new_fc3/noise_sweep_rate_uniform_L16_T16/fc3rev_h16/seed_40/noise_sweep_matrix_mnist_fc3rev_h16_T16_mode_rate_uniform_schedule_normal_seed_40.csv
fc3rev_h16,16,weight_decay,rate_uniform,16,16,40,0.95,94.850000,mnist-checkpoints/fc3rev_h16_L[16]_strict_seed40_ablation_wd_l16_fc3rev_h16.pth,/home/595/sl9144/codes/snn_simulation/important_results/new_fc3/noise_sweep_rate_uniform_L16_T16/fc3rev_h16/seed_40/noise_sweep_matrix_mnist_fc3rev_h16_T16_mode_rate_uniform_schedule_normal_seed_40.csv
fc3rev_h16,16,weight_decay,rate_uniform,16,16,40,1.00,94.670000,mnist-checkpoints/fc3rev_h16_L[16]_strict_seed40_ablation_wd_l16_fc3rev_h16.pth,/home/595/sl9144/codes/snn_simulation/important_results/new_fc3/noise_sweep_rate_uniform_L16_T16/fc3rev_h16/seed_40/noise_sweep_matrix_mnist_fc3rev_h16_T16_mode_rate_uniform_schedule_normal_seed_40.csv
fc3rev_h16,16,weight_decay,rate_uniform,16,16,41,0.00,96.100000,mnist-checkpoints/fc3rev_h16_L[16]_strict_seed41_ablation_wd_l16_fc3rev_h16.pth,/home/595/sl9144/codes/snn_simulation/important_results/new_fc3/noise_sweep_rate_uniform_L16_T16/fc3rev_h16/seed_41/noise_sweep_matrix_mnist_fc3rev_h16_T16_mode_rate_uniform_schedule_normal_seed_41.csv
fc3rev_h16,16,weight_decay,rate_uniform,16,16,41,0.05,96.040000,mnist-checkpoints/fc3rev_h16_L[16]_strict_seed41_ablation_wd_l16_fc3rev_h16.pth,/home/595/sl9144/codes/snn_simulation/important_results/new_fc3/noise_sweep_rate_uniform_L16_T16/fc3rev_h16/seed_41/noise_sweep_matrix_mnist_fc3rev_h16_T16_mode_rate_uniform_schedule_normal_seed_41.csv
fc3rev_h16,16,weight_decay,rate_uniform,16,16,41,0.10,96.110000,mnist-checkpoints/fc3rev_h16_L[16]_strict_seed41_ablation_wd_l16_fc3rev_h16.pth,/home/595/sl9144/codes/snn_simulation/important_results/new_fc3/noise_sweep_rate_uniform_L16_T16/fc3rev_h16/seed_41/noise_sweep_matrix_mnist_fc3rev_h16_T16_mode_rate_uniform_schedule_normal_seed_41.csv
fc3rev_h16,16,weight_decay,rate_uniform,16,16,41,0.15,96.120000,mnist-checkpoints/fc3rev_h16_L[16]_strict_seed41_ablation_wd_l16_fc3rev_h16.pth,/home/595/sl9144/codes/snn_simulation/important_results/new_fc3/noise_sweep_rate_uniform_L16_T16/fc3rev_h16/seed_41/noise_sweep_matrix_mnist_fc3rev_h16_T16_mode_rate_uniform_schedule_normal_seed_41.csv
fc3rev_h16,16,weight_decay,rate_uniform,16,16,41,0.20,95.860000,mnist-checkpoints/fc3rev_h16_L[16]_strict_seed41_ablation_wd_l16_fc3rev_h16.pth,/home/595/sl9144/codes/snn_simulation/important_results/new_fc3/noise_sweep_rate_uniform_L16_T16/fc3rev_h16/seed_41/noise_sweep_matrix_mnist_fc3rev_h16_T16_mode_rate_uniform_schedule_normal_seed_41.csv
fc3rev_h16,16,weight_decay,rate_uniform,16,16,41,0.25,96.060000,mnist-checkpoints/fc3rev_h16_L[16]_strict_seed41_ablation_wd_l16_fc3rev_h16.pth,/home/595/sl9144/codes/snn_simulation/important_results/new_fc3/noise_sweep_rate_uniform_L16_T16/fc3rev_h16/seed_41/noise_sweep_matrix_mnist_fc3rev_h16_T16_mode_rate_uniform_schedule_normal_seed_41.csv
fc3rev_h16,16,weight_decay,rate_uniform,16,16,41,0.30,95.880000,mnist-checkpoints/fc3rev_h16_L[16]_strict_seed41_ablation_wd_l16_fc3rev_h16.pth,/home/595/sl9144/codes/snn_simulation/important_results/new_fc3/noise_sweep_rate_uniform_L16_T16/fc3rev_h16/seed_41/noise_sweep_matrix_mnist_fc3rev_h16_T16_mode_rate_uniform_schedule_normal_seed_41.csv
fc3rev_h16,16,weight_decay,rate_uniform,16,16,41,0.35,95.840000,mnist-checkpoints/fc3rev_h16_L[16]_strict_seed41_ablation_wd_l16_fc3rev_h16.pth,/home/595/sl9144/codes/snn_simulation/important_results/new_fc3/noise_sweep_rate_uniform_L16_T16/fc3rev_h16/seed_41/noise_sweep_matrix_mnist_fc3rev_h16_T16_mode_rate_uniform_schedule_normal_seed_41.csv
fc3rev_h16,16,weight_decay,rate_uniform,16,16,41,0.40,95.760000,mnist-checkpoints/fc3rev_h16_L[16]_strict_seed41_ablation_wd_l16_fc3rev_h16.pth,/home/595/sl9144/codes/snn_simulation/important_results/new_fc3/noise_sweep_rate_uniform_L16_T16/fc3rev_h16/seed_41/noise_sweep_matrix_mnist_fc3rev_h16_T16_mode_rate_uniform_schedule_normal_seed_41.csv
fc3rev_h16,16,weight_decay,rate_uniform,16,16,41,0.45,95.670000,mnist-checkpoints/fc3rev_h16_L[16]_strict_seed41_ablation_wd_l16_fc3rev_h16.pth,/home/595/sl9144/codes/snn_simulation/important_results/new_fc3/noise_sweep_rate_uniform_L16_T16/fc3rev_h16/seed_41/noise_sweep_matrix_mnist_fc3rev_h16_T16_mode_rate_uniform_schedule_normal_seed_41.csv
fc3rev_h16,16,weight_decay,rate_uniform,16,16,41,0.50,95.680000,mnist-checkpoints/fc3rev_h16_L[16]_strict_seed41_ablation_wd_l16_fc3rev_h16.pth,/home/595/sl9144/codes/snn_simulation/important_results/new_fc3/noise_sweep_rate_uniform_L16_T16/fc3rev_h16/seed_41/noise_sweep_matrix_mnist_fc3rev_h16_T16_mode_rate_uniform_schedule_normal_seed_41.csv
fc3rev_h16,16,weight_decay,rate_uniform,16,16,41,0.55,95.480000,mnist-checkpoints/fc3rev_h16_L[16]_strict_seed41_ablation_wd_l16_fc3rev_h16.pth,/home/595/sl9144/codes/snn_simulation/important_results/new_fc3/noise_sweep_rate_uniform_L16_T16/fc3rev_h16/seed_41/noise_sweep_matrix_mnist_fc3rev_h16_T16_mode_rate_uniform_schedule_normal_seed_41.csv
fc3rev_h16,16,weight_decay,rate_uniform,16,16,41,0.60,95.370000,mnist-checkpoints/fc3rev_h16_L[16]_strict_seed41_ablation_wd_l16_fc3rev_h16.pth,/home/595/sl9144/codes/snn_simulation/important_results/new_fc3/noise_sweep_rate_uniform_L16_T16/fc3rev_h16/seed_41/noise_sweep_matrix_mnist_fc3rev_h16_T16_mode_rate_uniform_schedule_normal_seed_41.csv
fc3rev_h16,16,weight_decay,rate_uniform,16,16,41,0.65,95.250000,mnist-checkpoints/fc3rev_h16_L[16]_strict_seed41_ablation_wd_l16_fc3rev_h16.pth,/home/595/sl9144/codes/snn_simulation/important_results/new_fc3/noise_sweep_rate_uniform_L16_T16/fc3rev_h16/seed_41/noise_sweep_matrix_mnist_fc3rev_h16_T16_mode_rate_uniform_schedule_normal_seed_41.csv
fc3rev_h16,16,weight_decay,rate_uniform,16,16,41,0.70,95.040000,mnist-checkpoints/fc3rev_h16_L[16]_strict_seed41_ablation_wd_l16_fc3rev_h16.pth,/home/595/sl9144/codes/snn_simulation/important_results/new_fc3/noise_sweep_rate_uniform_L16_T16/fc3rev_h16/seed_41/noise_sweep_matrix_mnist_fc3rev_h16_T16_mode_rate_uniform_schedule_normal_seed_41.csv
fc3rev_h16,16,weight_decay,rate_uniform,16,16,41,0.75,94.840000,mnist-checkpoints/fc3rev_h16_L[16]_strict_seed41_ablation_wd_l16_fc3rev_h16.pth,/home/595/sl9144/codes/snn_simulation/important_results/new_fc3/noise_sweep_rate_uniform_L16_T16/fc3rev_h16/seed_41/noise_sweep_matrix_mnist_fc3rev_h16_T16_mode_rate_uniform_schedule_normal_seed_41.csv
fc3rev_h16,16,weight_decay,rate_uniform,16,16,41,0.80,94.670000,mnist-checkpoints/fc3rev_h16_L[16]_strict_seed41_ablation_wd_l16_fc3rev_h16.pth,/home/595/sl9144/codes/snn_simulation/important_results/new_fc3/noise_sweep_rate_uniform_L16_T16/fc3rev_h16/seed_41/noise_sweep_matrix_mnist_fc3rev_h16_T16_mode_rate_uniform_schedule_normal_seed_41.csv
fc3rev_h16,16,weight_decay,rate_uniform,16,16,41,0.85,94.580000,mnist-checkpoints/fc3rev_h16_L[16]_strict_seed41_ablation_wd_l16_fc3rev_h16.pth,/home/595/sl9144/codes/snn_simulation/important_results/new_fc3/noise_sweep_rate_uniform_L16_T16/fc3rev_h16/seed_41/noise_sweep_matrix_mnist_fc3rev_h16_T16_mode_rate_uniform_schedule_normal_seed_41.csv
fc3rev_h16,16,weight_decay,rate_uniform,16,16,41,0.90,94.080000,mnist-checkpoints/fc3rev_h16_L[16]_strict_seed41_ablation_wd_l16_fc3rev_h16.pth,/home/595/sl9144/codes/snn_simulation/important_results/new_fc3/noise_sweep_rate_uniform_L16_T16/fc3rev_h16/seed_41/noise_sweep_matrix_mnist_fc3rev_h16_T16_mode_rate_uniform_schedule_normal_seed_41.csv
fc3rev_h16,16,weight_decay,rate_uniform,16,16,41,0.95,94.130000,mnist-checkpoints/fc3rev_h16_L[16]_strict_seed41_ablation_wd_l16_fc3rev_h16.pth,/home/595/sl9144/codes/snn_simulation/important_results/new_fc3/noise_sweep_rate_uniform_L16_T16/fc3rev_h16/seed_41/noise_sweep_matrix_mnist_fc3rev_h16_T16_mode_rate_uniform_schedule_normal_seed_41.csv
fc3rev_h16,16,weight_decay,rate_uniform,16,16,41,1.00,94.070000,mnist-checkpoints/fc3rev_h16_L[16]_strict_seed41_ablation_wd_l16_fc3rev_h16.pth,/home/595/sl9144/codes/snn_simulation/important_results/new_fc3/noise_sweep_rate_uniform_L16_T16/fc3rev_h16/seed_41/noise_sweep_matrix_mnist_fc3rev_h16_T16_mode_rate_uniform_schedule_normal_seed_41.csv
fc3rev_h16,16,weight_decay,rate_uniform,16,16,42,0.00,96.550000,mnist-checkpoints/fc3rev_h16_L[16]_strict_seed42_ablation_wd_l16_fc3rev_h16.pth,/home/595/sl9144/codes/snn_simulation/important_results/new_fc3/noise_sweep_rate_uniform_L16_T16/fc3rev_h16/seed_42/noise_sweep_matrix_mnist_fc3rev_h16_T16_mode_rate_uniform_schedule_normal_seed_42.csv
fc3rev_h16,16,weight_decay,rate_uniform,16,16,42,0.05,96.510000,mnist-checkpoints/fc3rev_h16_L[16]_strict_seed42_ablation_wd_l16_fc3rev_h16.pth,/home/595/sl9144/codes/snn_simulation/important_results/new_fc3/noise_sweep_rate_uniform_L16_T16/fc3rev_h16/seed_42/noise_sweep_matrix_mnist_fc3rev_h16_T16_mode_rate_uniform_schedule_normal_seed_42.csv
fc3rev_h16,16,weight_decay,rate_uniform,16,16,42,0.10,96.510000,mnist-checkpoints/fc3rev_h16_L[16]_strict_seed42_ablation_wd_l16_fc3rev_h16.pth,/home/595/sl9144/codes/snn_simulation/important_results/new_fc3/noise_sweep_rate_uniform_L16_T16/fc3rev_h16/seed_42/noise_sweep_matrix_mnist_fc3rev_h16_T16_mode_rate_uniform_schedule_normal_seed_42.csv
fc3rev_h16,16,weight_decay,rate_uniform,16,16,42,0.15,96.510000,mnist-checkpoints/fc3rev_h16_L[16]_strict_seed42_ablation_wd_l16_fc3rev_h16.pth,/home/595/sl9144/codes/snn_simulation/important_results/new_fc3/noise_sweep_rate_uniform_L16_T16/fc3rev_h16/seed_42/noise_sweep_matrix_mnist_fc3rev_h16_T16_mode_rate_uniform_schedule_normal_seed_42.csv
fc3rev_h16,16,weight_decay,rate_uniform,16,16,42,0.20,96.400000,mnist-checkpoints/fc3rev_h16_L[16]_strict_seed42_ablation_wd_l16_fc3rev_h16.pth,/home/595/sl9144/codes/snn_simulation/important_results/new_fc3/noise_sweep_rate_uniform_L16_T16/fc3rev_h16/seed_42/noise_sweep_matrix_mnist_fc3rev_h16_T16_mode_rate_uniform_schedule_normal_seed_42.csv
fc3rev_h16,16,weight_decay,rate_uniform,16,16,42,0.25,96.360000,mnist-checkpoints/fc3rev_h16_L[16]_strict_seed42_ablation_wd_l16_fc3rev_h16.pth,/home/595/sl9144/codes/snn_simulation/important_results/new_fc3/noise_sweep_rate_uniform_L16_T16/fc3rev_h16/seed_42/noise_sweep_matrix_mnist_fc3rev_h16_T16_mode_rate_uniform_schedule_normal_seed_42.csv
fc3rev_h16,16,weight_decay,rate_uniform,16,16,42,0.30,96.390000,mnist-checkpoints/fc3rev_h16_L[16]_strict_seed42_ablation_wd_l16_fc3rev_h16.pth,/home/595/sl9144/codes/snn_simulation/important_results/new_fc3/noise_sweep_rate_uniform_L16_T16/fc3rev_h16/seed_42/noise_sweep_matrix_mnist_fc3rev_h16_T16_mode_rate_uniform_schedule_normal_seed_42.csv
fc3rev_h16,16,weight_decay,rate_uniform,16,16,42,0.35,96.280000,mnist-checkpoints/fc3rev_h16_L[16]_strict_seed42_ablation_wd_l16_fc3rev_h16.pth,/home/595/sl9144/codes/snn_simulation/important_results/new_fc3/noise_sweep_rate_uniform_L16_T16/fc3rev_h16/seed_42/noise_sweep_matrix_mnist_fc3rev_h16_T16_mode_rate_uniform_schedule_normal_seed_42.csv
fc3rev_h16,16,weight_decay,rate_uniform,16,16,42,0.40,96.110000,mnist-checkpoints/fc3rev_h16_L[16]_strict_seed42_ablation_wd_l16_fc3rev_h16.pth,/home/595/sl9144/codes/snn_simulation/important_results/new_fc3/noise_sweep_rate_uniform_L16_T16/fc3rev_h16/seed_42/noise_sweep_matrix_mnist_fc3rev_h16_T16_mode_rate_uniform_schedule_normal_seed_42.csv
fc3rev_h16,16,weight_decay,rate_uniform,16,16,42,0.45,96.420000,mnist-checkpoints/fc3rev_h16_L[16]_strict_seed42_ablation_wd_l16_fc3rev_h16.pth,/home/595/sl9144/codes/snn_simulation/important_results/new_fc3/noise_sweep_rate_uniform_L16_T16/fc3rev_h16/seed_42/noise_sweep_matrix_mnist_fc3rev_h16_T16_mode_rate_uniform_schedule_normal_seed_42.csv
fc3rev_h16,16,weight_decay,rate_uniform,16,16,42,0.50,96.260000,mnist-checkpoints/fc3rev_h16_L[16]_strict_seed42_ablation_wd_l16_fc3rev_h16.pth,/home/595/sl9144/codes/snn_simulation/important_results/new_fc3/noise_sweep_rate_uniform_L16_T16/fc3rev_h16/seed_42/noise_sweep_matrix_mnist_fc3rev_h16_T16_mode_rate_uniform_schedule_normal_seed_42.csv
fc3rev_h16,16,weight_decay,rate_uniform,16,16,42,0.55,96.090000,mnist-checkpoints/fc3rev_h16_L[16]_strict_seed42_ablation_wd_l16_fc3rev_h16.pth,/home/595/sl9144/codes/snn_simulation/important_results/new_fc3/noise_sweep_rate_uniform_L16_T16/fc3rev_h16/seed_42/noise_sweep_matrix_mnist_fc3rev_h16_T16_mode_rate_uniform_schedule_normal_seed_42.csv
fc3rev_h16,16,weight_decay,rate_uniform,16,16,42,0.60,95.890000,mnist-checkpoints/fc3rev_h16_L[16]_strict_seed42_ablation_wd_l16_fc3rev_h16.pth,/home/595/sl9144/codes/snn_simulation/important_results/new_fc3/noise_sweep_rate_uniform_L16_T16/fc3rev_h16/seed_42/noise_sweep_matrix_mnist_fc3rev_h16_T16_mode_rate_uniform_schedule_normal_seed_42.csv
fc3rev_h16,16,weight_decay,rate_uniform,16,16,42,0.65,95.990000,mnist-checkpoints/fc3rev_h16_L[16]_strict_seed42_ablation_wd_l16_fc3rev_h16.pth,/home/595/sl9144/codes/snn_simulation/important_results/new_fc3/noise_sweep_rate_uniform_L16_T16/fc3rev_h16/seed_42/noise_sweep_matrix_mnist_fc3rev_h16_T16_mode_rate_uniform_schedule_normal_seed_42.csv
fc3rev_h16,16,weight_decay,rate_uniform,16,16,42,0.70,96.120000,mnist-checkpoints/fc3rev_h16_L[16]_strict_seed42_ablation_wd_l16_fc3rev_h16.pth,/home/595/sl9144/codes/snn_simulation/important_results/new_fc3/noise_sweep_rate_uniform_L16_T16/fc3rev_h16/seed_42/noise_sweep_matrix_mnist_fc3rev_h16_T16_mode_rate_uniform_schedule_normal_seed_42.csv
fc3rev_h16,16,weight_decay,rate_uniform,16,16,42,0.75,95.920000,mnist-checkpoints/fc3rev_h16_L[16]_strict_seed42_ablation_wd_l16_fc3rev_h16.pth,/home/595/sl9144/codes/snn_simulation/important_results/new_fc3/noise_sweep_rate_uniform_L16_T16/fc3rev_h16/seed_42/noise_sweep_matrix_mnist_fc3rev_h16_T16_mode_rate_uniform_schedule_normal_seed_42.csv
fc3rev_h16,16,weight_decay,rate_uniform,16,16,42,0.80,95.490000,mnist-checkpoints/fc3rev_h16_L[16]_strict_seed42_ablation_wd_l16_fc3rev_h16.pth,/home/595/sl9144/codes/snn_simulation/important_results/new_fc3/noise_sweep_rate_uniform_L16_T16/fc3rev_h16/seed_42/noise_sweep_matrix_mnist_fc3rev_h16_T16_mode_rate_uniform_schedule_normal_seed_42.csv
fc3rev_h16,16,weight_decay,rate_uniform,16,16,42,0.85,95.770000,mnist-checkpoints/fc3rev_h16_L[16]_strict_seed42_ablation_wd_l16_fc3rev_h16.pth,/home/595/sl9144/codes/snn_simulation/important_results/new_fc3/noise_sweep_rate_uniform_L16_T16/fc3rev_h16/seed_42/noise_sweep_matrix_mnist_fc3rev_h16_T16_mode_rate_uniform_schedule_normal_seed_42.csv
fc3rev_h16,16,weight_decay,rate_uniform,16,16,42,0.90,95.490000,mnist-checkpoints/fc3rev_h16_L[16]_strict_seed42_ablation_wd_l16_fc3rev_h16.pth,/home/595/sl9144/codes/snn_simulation/important_results/new_fc3/noise_sweep_rate_uniform_L16_T16/fc3rev_h16/seed_42/noise_sweep_matrix_mnist_fc3rev_h16_T16_mode_rate_uniform_schedule_normal_seed_42.csv
fc3rev_h16,16,weight_decay,rate_uniform,16,16,42,0.95,95.370000,mnist-checkpoints/fc3rev_h16_L[16]_strict_seed42_ablation_wd_l16_fc3rev_h16.pth,/home/595/sl9144/codes/snn_simulation/important_results/new_fc3/noise_sweep_rate_uniform_L16_T16/fc3rev_h16/seed_42/noise_sweep_matrix_mnist_fc3rev_h16_T16_mode_rate_uniform_schedule_normal_seed_42.csv
fc3rev_h16,16,weight_decay,rate_uniform,16,16,42,1.00,95.330000,mnist-checkpoints/fc3rev_h16_L[16]_strict_seed42_ablation_wd_l16_fc3rev_h16.pth,/home/595/sl9144/codes/snn_simulation/important_results/new_fc3/noise_sweep_rate_uniform_L16_T16/fc3rev_h16/seed_42/noise_sweep_matrix_mnist_fc3rev_h16_T16_mode_rate_uniform_schedule_normal_seed_42.csv
fc3rev_h16,16,weight_decay,rate_uniform,16,16,43,0.00,96.580000,mnist-checkpoints/fc3rev_h16_L[16]_strict_seed43_ablation_wd_l16_fc3rev_h16.pth,/home/595/sl9144/codes/snn_simulation/important_results/new_fc3/noise_sweep_rate_uniform_L16_T16/fc3rev_h16/seed_43/noise_sweep_matrix_mnist_fc3rev_h16_T16_mode_rate_uniform_schedule_normal_seed_43.csv
fc3rev_h16,16,weight_decay,rate_uniform,16,16,43,0.05,96.570000,mnist-checkpoints/fc3rev_h16_L[16]_strict_seed43_ablation_wd_l16_fc3rev_h16.pth,/home/595/sl9144/codes/snn_simulation/important_results/new_fc3/noise_sweep_rate_uniform_L16_T16/fc3rev_h16/seed_43/noise_sweep_matrix_mnist_fc3rev_h16_T16_mode_rate_uniform_schedule_normal_seed_43.csv
fc3rev_h16,16,weight_decay,rate_uniform,16,16,43,0.10,96.570000,mnist-checkpoints/fc3rev_h16_L[16]_strict_seed43_ablation_wd_l16_fc3rev_h16.pth,/home/595/sl9144/codes/snn_simulation/important_results/new_fc3/noise_sweep_rate_uniform_L16_T16/fc3rev_h16/seed_43/noise_sweep_matrix_mnist_fc3rev_h16_T16_mode_rate_uniform_schedule_normal_seed_43.csv
fc3rev_h16,16,weight_decay,rate_uniform,16,16,43,0.15,96.460000,mnist-checkpoints/fc3rev_h16_L[16]_strict_seed43_ablation_wd_l16_fc3rev_h16.pth,/home/595/sl9144/codes/snn_simulation/important_results/new_fc3/noise_sweep_rate_uniform_L16_T16/fc3rev_h16/seed_43/noise_sweep_matrix_mnist_fc3rev_h16_T16_mode_rate_uniform_schedule_normal_seed_43.csv
fc3rev_h16,16,weight_decay,rate_uniform,16,16,43,0.20,96.390000,mnist-checkpoints/fc3rev_h16_L[16]_strict_seed43_ablation_wd_l16_fc3rev_h16.pth,/home/595/sl9144/codes/snn_simulation/important_results/new_fc3/noise_sweep_rate_uniform_L16_T16/fc3rev_h16/seed_43/noise_sweep_matrix_mnist_fc3rev_h16_T16_mode_rate_uniform_schedule_normal_seed_43.csv
fc3rev_h16,16,weight_decay,rate_uniform,16,16,43,0.25,96.500000,mnist-checkpoints/fc3rev_h16_L[16]_strict_seed43_ablation_wd_l16_fc3rev_h16.pth,/home/595/sl9144/codes/snn_simulation/important_results/new_fc3/noise_sweep_rate_uniform_L16_T16/fc3rev_h16/seed_43/noise_sweep_matrix_mnist_fc3rev_h16_T16_mode_rate_uniform_schedule_normal_seed_43.csv
fc3rev_h16,16,weight_decay,rate_uniform,16,16,43,0.30,96.300000,mnist-checkpoints/fc3rev_h16_L[16]_strict_seed43_ablation_wd_l16_fc3rev_h16.pth,/home/595/sl9144/codes/snn_simulation/important_results/new_fc3/noise_sweep_rate_uniform_L16_T16/fc3rev_h16/seed_43/noise_sweep_matrix_mnist_fc3rev_h16_T16_mode_rate_uniform_schedule_normal_seed_43.csv
fc3rev_h16,16,weight_decay,rate_uniform,16,16,43,0.35,96.390000,mnist-checkpoints/fc3rev_h16_L[16]_strict_seed43_ablation_wd_l16_fc3rev_h16.pth,/home/595/sl9144/codes/snn_simulation/important_results/new_fc3/noise_sweep_rate_uniform_L16_T16/fc3rev_h16/seed_43/noise_sweep_matrix_mnist_fc3rev_h16_T16_mode_rate_uniform_schedule_normal_seed_43.csv
fc3rev_h16,16,weight_decay,rate_uniform,16,16,43,0.40,96.280000,mnist-checkpoints/fc3rev_h16_L[16]_strict_seed43_ablation_wd_l16_fc3rev_h16.pth,/home/595/sl9144/codes/snn_simulation/important_results/new_fc3/noise_sweep_rate_uniform_L16_T16/fc3rev_h16/seed_43/noise_sweep_matrix_mnist_fc3rev_h16_T16_mode_rate_uniform_schedule_normal_seed_43.csv
fc3rev_h16,16,weight_decay,rate_uniform,16,16,43,0.45,96.240000,mnist-checkpoints/fc3rev_h16_L[16]_strict_seed43_ablation_wd_l16_fc3rev_h16.pth,/home/595/sl9144/codes/snn_simulation/important_results/new_fc3/noise_sweep_rate_uniform_L16_T16/fc3rev_h16/seed_43/noise_sweep_matrix_mnist_fc3rev_h16_T16_mode_rate_uniform_schedule_normal_seed_43.csv
fc3rev_h16,16,weight_decay,rate_uniform,16,16,43,0.50,96.230000,mnist-checkpoints/fc3rev_h16_L[16]_strict_seed43_ablation_wd_l16_fc3rev_h16.pth,/home/595/sl9144/codes/snn_simulation/important_results/new_fc3/noise_sweep_rate_uniform_L16_T16/fc3rev_h16/seed_43/noise_sweep_matrix_mnist_fc3rev_h16_T16_mode_rate_uniform_schedule_normal_seed_43.csv
fc3rev_h16,16,weight_decay,rate_uniform,16,16,43,0.55,95.780000,mnist-checkpoints/fc3rev_h16_L[16]_strict_seed43_ablation_wd_l16_fc3rev_h16.pth,/home/595/sl9144/codes/snn_simulation/important_results/new_fc3/noise_sweep_rate_uniform_L16_T16/fc3rev_h16/seed_43/noise_sweep_matrix_mnist_fc3rev_h16_T16_mode_rate_uniform_schedule_normal_seed_43.csv
fc3rev_h16,16,weight_decay,rate_uniform,16,16,43,0.60,96.030000,mnist-checkpoints/fc3rev_h16_L[16]_strict_seed43_ablation_wd_l16_fc3rev_h16.pth,/home/595/sl9144/codes/snn_simulation/important_results/new_fc3/noise_sweep_rate_uniform_L16_T16/fc3rev_h16/seed_43/noise_sweep_matrix_mnist_fc3rev_h16_T16_mode_rate_uniform_schedule_normal_seed_43.csv
fc3rev_h16,16,weight_decay,rate_uniform,16,16,43,0.65,96.020000,mnist-checkpoints/fc3rev_h16_L[16]_strict_seed43_ablation_wd_l16_fc3rev_h16.pth,/home/595/sl9144/codes/snn_simulation/important_results/new_fc3/noise_sweep_rate_uniform_L16_T16/fc3rev_h16/seed_43/noise_sweep_matrix_mnist_fc3rev_h16_T16_mode_rate_uniform_schedule_normal_seed_43.csv
fc3rev_h16,16,weight_decay,rate_uniform,16,16,43,0.70,95.690000,mnist-checkpoints/fc3rev_h16_L[16]_strict_seed43_ablation_wd_l16_fc3rev_h16.pth,/home/595/sl9144/codes/snn_simulation/important_results/new_fc3/noise_sweep_rate_uniform_L16_T16/fc3rev_h16/seed_43/noise_sweep_matrix_mnist_fc3rev_h16_T16_mode_rate_uniform_schedule_normal_seed_43.csv
fc3rev_h16,16,weight_decay,rate_uniform,16,16,43,0.75,95.750000,mnist-checkpoints/fc3rev_h16_L[16]_strict_seed43_ablation_wd_l16_fc3rev_h16.pth,/home/595/sl9144/codes/snn_simulation/important_results/new_fc3/noise_sweep_rate_uniform_L16_T16/fc3rev_h16/seed_43/noise_sweep_matrix_mnist_fc3rev_h16_T16_mode_rate_uniform_schedule_normal_seed_43.csv
fc3rev_h16,16,weight_decay,rate_uniform,16,16,43,0.80,95.430000,mnist-checkpoints/fc3rev_h16_L[16]_strict_seed43_ablation_wd_l16_fc3rev_h16.pth,/home/595/sl9144/codes/snn_simulation/important_results/new_fc3/noise_sweep_rate_uniform_L16_T16/fc3rev_h16/seed_43/noise_sweep_matrix_mnist_fc3rev_h16_T16_mode_rate_uniform_schedule_normal_seed_43.csv
fc3rev_h16,16,weight_decay,rate_uniform,16,16,43,0.85,95.390000,mnist-checkpoints/fc3rev_h16_L[16]_strict_seed43_ablation_wd_l16_fc3rev_h16.pth,/home/595/sl9144/codes/snn_simulation/important_results/new_fc3/noise_sweep_rate_uniform_L16_T16/fc3rev_h16/seed_43/noise_sweep_matrix_mnist_fc3rev_h16_T16_mode_rate_uniform_schedule_normal_seed_43.csv
fc3rev_h16,16,weight_decay,rate_uniform,16,16,43,0.90,95.220000,mnist-checkpoints/fc3rev_h16_L[16]_strict_seed43_ablation_wd_l16_fc3rev_h16.pth,/home/595/sl9144/codes/snn_simulation/important_results/new_fc3/noise_sweep_rate_uniform_L16_T16/fc3rev_h16/seed_43/noise_sweep_matrix_mnist_fc3rev_h16_T16_mode_rate_uniform_schedule_normal_seed_43.csv
fc3rev_h16,16,weight_decay,rate_uniform,16,16,43,0.95,95.190000,mnist-checkpoints/fc3rev_h16_L[16]_strict_seed43_ablation_wd_l16_fc3rev_h16.pth,/home/595/sl9144/codes/snn_simulation/important_results/new_fc3/noise_sweep_rate_uniform_L16_T16/fc3rev_h16/seed_43/noise_sweep_matrix_mnist_fc3rev_h16_T16_mode_rate_uniform_schedule_normal_seed_43.csv
fc3rev_h16,16,weight_decay,rate_uniform,16,16,43,1.00,94.790000,mnist-checkpoints/fc3rev_h16_L[16]_strict_seed43_ablation_wd_l16_fc3rev_h16.pth,/home/595/sl9144/codes/snn_simulation/important_results/new_fc3/noise_sweep_rate_uniform_L16_T16/fc3rev_h16/seed_43/noise_sweep_matrix_mnist_fc3rev_h16_T16_mode_rate_uniform_schedule_normal_seed_43.csv
fc3rev_h16,16,weight_decay,rate_uniform,16,16,44,0.00,96.800000,mnist-checkpoints/fc3rev_h16_L[16]_strict_seed44_ablation_wd_l16_fc3rev_h16.pth,/home/595/sl9144/codes/snn_simulation/important_results/new_fc3/noise_sweep_rate_uniform_L16_T16/fc3rev_h16/seed_44/noise_sweep_matrix_mnist_fc3rev_h16_T16_mode_rate_uniform_schedule_normal_seed_44.csv
fc3rev_h16,16,weight_decay,rate_uniform,16,16,44,0.05,96.800000,mnist-checkpoints/fc3rev_h16_L[16]_strict_seed44_ablation_wd_l16_fc3rev_h16.pth,/home/595/sl9144/codes/snn_simulation/important_results/new_fc3/noise_sweep_rate_uniform_L16_T16/fc3rev_h16/seed_44/noise_sweep_matrix_mnist_fc3rev_h16_T16_mode_rate_uniform_schedule_normal_seed_44.csv
fc3rev_h16,16,weight_decay,rate_uniform,16,16,44,0.10,96.670000,mnist-checkpoints/fc3rev_h16_L[16]_strict_seed44_ablation_wd_l16_fc3rev_h16.pth,/home/595/sl9144/codes/snn_simulation/important_results/new_fc3/noise_sweep_rate_uniform_L16_T16/fc3rev_h16/seed_44/noise_sweep_matrix_mnist_fc3rev_h16_T16_mode_rate_uniform_schedule_normal_seed_44.csv
fc3rev_h16,16,weight_decay,rate_uniform,16,16,44,0.15,96.720000,mnist-checkpoints/fc3rev_h16_L[16]_strict_seed44_ablation_wd_l16_fc3rev_h16.pth,/home/595/sl9144/codes/snn_simulation/important_results/new_fc3/noise_sweep_rate_uniform_L16_T16/fc3rev_h16/seed_44/noise_sweep_matrix_mnist_fc3rev_h16_T16_mode_rate_uniform_schedule_normal_seed_44.csv
fc3rev_h16,16,weight_decay,rate_uniform,16,16,44,0.20,96.680000,mnist-checkpoints/fc3rev_h16_L[16]_strict_seed44_ablation_wd_l16_fc3rev_h16.pth,/home/595/sl9144/codes/snn_simulation/important_results/new_fc3/noise_sweep_rate_uniform_L16_T16/fc3rev_h16/seed_44/noise_sweep_matrix_mnist_fc3rev_h16_T16_mode_rate_uniform_schedule_normal_seed_44.csv
fc3rev_h16,16,weight_decay,rate_uniform,16,16,44,0.25,96.610000,mnist-checkpoints/fc3rev_h16_L[16]_strict_seed44_ablation_wd_l16_fc3rev_h16.pth,/home/595/sl9144/codes/snn_simulation/important_results/new_fc3/noise_sweep_rate_uniform_L16_T16/fc3rev_h16/seed_44/noise_sweep_matrix_mnist_fc3rev_h16_T16_mode_rate_uniform_schedule_normal_seed_44.csv
fc3rev_h16,16,weight_decay,rate_uniform,16,16,44,0.30,96.670000,mnist-checkpoints/fc3rev_h16_L[16]_strict_seed44_ablation_wd_l16_fc3rev_h16.pth,/home/595/sl9144/codes/snn_simulation/important_results/new_fc3/noise_sweep_rate_uniform_L16_T16/fc3rev_h16/seed_44/noise_sweep_matrix_mnist_fc3rev_h16_T16_mode_rate_uniform_schedule_normal_seed_44.csv
fc3rev_h16,16,weight_decay,rate_uniform,16,16,44,0.35,96.610000,mnist-checkpoints/fc3rev_h16_L[16]_strict_seed44_ablation_wd_l16_fc3rev_h16.pth,/home/595/sl9144/codes/snn_simulation/important_results/new_fc3/noise_sweep_rate_uniform_L16_T16/fc3rev_h16/seed_44/noise_sweep_matrix_mnist_fc3rev_h16_T16_mode_rate_uniform_schedule_normal_seed_44.csv
fc3rev_h16,16,weight_decay,rate_uniform,16,16,44,0.40,96.460000,mnist-checkpoints/fc3rev_h16_L[16]_strict_seed44_ablation_wd_l16_fc3rev_h16.pth,/home/595/sl9144/codes/snn_simulation/important_results/new_fc3/noise_sweep_rate_uniform_L16_T16/fc3rev_h16/seed_44/noise_sweep_matrix_mnist_fc3rev_h16_T16_mode_rate_uniform_schedule_normal_seed_44.csv
fc3rev_h16,16,weight_decay,rate_uniform,16,16,44,0.45,96.630000,mnist-checkpoints/fc3rev_h16_L[16]_strict_seed44_ablation_wd_l16_fc3rev_h16.pth,/home/595/sl9144/codes/snn_simulation/important_results/new_fc3/noise_sweep_rate_uniform_L16_T16/fc3rev_h16/seed_44/noise_sweep_matrix_mnist_fc3rev_h16_T16_mode_rate_uniform_schedule_normal_seed_44.csv
fc3rev_h16,16,weight_decay,rate_uniform,16,16,44,0.50,96.440000,mnist-checkpoints/fc3rev_h16_L[16]_strict_seed44_ablation_wd_l16_fc3rev_h16.pth,/home/595/sl9144/codes/snn_simulation/important_results/new_fc3/noise_sweep_rate_uniform_L16_T16/fc3rev_h16/seed_44/noise_sweep_matrix_mnist_fc3rev_h16_T16_mode_rate_uniform_schedule_normal_seed_44.csv
fc3rev_h16,16,weight_decay,rate_uniform,16,16,44,0.55,96.510000,mnist-checkpoints/fc3rev_h16_L[16]_strict_seed44_ablation_wd_l16_fc3rev_h16.pth,/home/595/sl9144/codes/snn_simulation/important_results/new_fc3/noise_sweep_rate_uniform_L16_T16/fc3rev_h16/seed_44/noise_sweep_matrix_mnist_fc3rev_h16_T16_mode_rate_uniform_schedule_normal_seed_44.csv
fc3rev_h16,16,weight_decay,rate_uniform,16,16,44,0.60,96.390000,mnist-checkpoints/fc3rev_h16_L[16]_strict_seed44_ablation_wd_l16_fc3rev_h16.pth,/home/595/sl9144/codes/snn_simulation/important_results/new_fc3/noise_sweep_rate_uniform_L16_T16/fc3rev_h16/seed_44/noise_sweep_matrix_mnist_fc3rev_h16_T16_mode_rate_uniform_schedule_normal_seed_44.csv
fc3rev_h16,16,weight_decay,rate_uniform,16,16,44,0.65,96.260000,mnist-checkpoints/fc3rev_h16_L[16]_strict_seed44_ablation_wd_l16_fc3rev_h16.pth,/home/595/sl9144/codes/snn_simulation/important_results/new_fc3/noise_sweep_rate_uniform_L16_T16/fc3rev_h16/seed_44/noise_sweep_matrix_mnist_fc3rev_h16_T16_mode_rate_uniform_schedule_normal_seed_44.csv
fc3rev_h16,16,weight_decay,rate_uniform,16,16,44,0.70,96.290000,mnist-checkpoints/fc3rev_h16_L[16]_strict_seed44_ablation_wd_l16_fc3rev_h16.pth,/home/595/sl9144/codes/snn_simulation/important_results/new_fc3/noise_sweep_rate_uniform_L16_T16/fc3rev_h16/seed_44/noise_sweep_matrix_mnist_fc3rev_h16_T16_mode_rate_uniform_schedule_normal_seed_44.csv
fc3rev_h16,16,weight_decay,rate_uniform,16,16,44,0.75,96.130000,mnist-checkpoints/fc3rev_h16_L[16]_strict_seed44_ablation_wd_l16_fc3rev_h16.pth,/home/595/sl9144/codes/snn_simulation/important_results/new_fc3/noise_sweep_rate_uniform_L16_T16/fc3rev_h16/seed_44/noise_sweep_matrix_mnist_fc3rev_h16_T16_mode_rate_uniform_schedule_normal_seed_44.csv
fc3rev_h16,16,weight_decay,rate_uniform,16,16,44,0.80,96.160000,mnist-checkpoints/fc3rev_h16_L[16]_strict_seed44_ablation_wd_l16_fc3rev_h16.pth,/home/595/sl9144/codes/snn_simulation/important_results/new_fc3/noise_sweep_rate_uniform_L16_T16/fc3rev_h16/seed_44/noise_sweep_matrix_mnist_fc3rev_h16_T16_mode_rate_uniform_schedule_normal_seed_44.csv
fc3rev_h16,16,weight_decay,rate_uniform,16,16,44,0.85,95.940000,mnist-checkpoints/fc3rev_h16_L[16]_strict_seed44_ablation_wd_l16_fc3rev_h16.pth,/home/595/sl9144/codes/snn_simulation/important_results/new_fc3/noise_sweep_rate_uniform_L16_T16/fc3rev_h16/seed_44/noise_sweep_matrix_mnist_fc3rev_h16_T16_mode_rate_uniform_schedule_normal_seed_44.csv
fc3rev_h16,16,weight_decay,rate_uniform,16,16,44,0.90,95.810000,mnist-checkpoints/fc3rev_h16_L[16]_strict_seed44_ablation_wd_l16_fc3rev_h16.pth,/home/595/sl9144/codes/snn_simulation/important_results/new_fc3/noise_sweep_rate_uniform_L16_T16/fc3rev_h16/seed_44/noise_sweep_matrix_mnist_fc3rev_h16_T16_mode_rate_uniform_schedule_normal_seed_44.csv
fc3rev_h16,16,weight_decay,rate_uniform,16,16,44,0.95,95.660000,mnist-checkpoints/fc3rev_h16_L[16]_strict_seed44_ablation_wd_l16_fc3rev_h16.pth,/home/595/sl9144/codes/snn_simulation/important_results/new_fc3/noise_sweep_rate_uniform_L16_T16/fc3rev_h16/seed_44/noise_sweep_matrix_mnist_fc3rev_h16_T16_mode_rate_uniform_schedule_normal_seed_44.csv
fc3rev_h16,16,weight_decay,rate_uniform,16,16,44,1.00,95.530000,mnist-checkpoints/fc3rev_h16_L[16]_strict_seed44_ablation_wd_l16_fc3rev_h16.pth,/home/595/sl9144/codes/snn_simulation/important_results/new_fc3/noise_sweep_rate_uniform_L16_T16/fc3rev_h16/seed_44/noise_sweep_matrix_mnist_fc3rev_h16_T16_mode_rate_uniform_schedule_normal_seed_44.csv
fc3rev_h32,32,weight_decay,rate_uniform,16,16,40,0.00,97.690000,mnist-checkpoints/fc3rev_h32_L[16]_strict_seed40_ablation_wd_l16_fc3rev_h32.pth,/home/595/sl9144/codes/snn_simulation/important_results/new_fc3/noise_sweep_rate_uniform_L16_T16/fc3rev_h32/seed_40/noise_sweep_matrix_mnist_fc3rev_h32_T16_mode_rate_uniform_schedule_normal_seed_40.csv
fc3rev_h32,32,weight_decay,rate_uniform,16,16,40,0.05,97.670000,mnist-checkpoints/fc3rev_h32_L[16]_strict_seed40_ablation_wd_l16_fc3rev_h32.pth,/home/595/sl9144/codes/snn_simulation/important_results/new_fc3/noise_sweep_rate_uniform_L16_T16/fc3rev_h32/seed_40/noise_sweep_matrix_mnist_fc3rev_h32_T16_mode_rate_uniform_schedule_normal_seed_40.csv
fc3rev_h32,32,weight_decay,rate_uniform,16,16,40,0.10,97.660000,mnist-checkpoints/fc3rev_h32_L[16]_strict_seed40_ablation_wd_l16_fc3rev_h32.pth,/home/595/sl9144/codes/snn_simulation/important_results/new_fc3/noise_sweep_rate_uniform_L16_T16/fc3rev_h32/seed_40/noise_sweep_matrix_mnist_fc3rev_h32_T16_mode_rate_uniform_schedule_normal_seed_40.csv
fc3rev_h32,32,weight_decay,rate_uniform,16,16,40,0.15,97.750000,mnist-checkpoints/fc3rev_h32_L[16]_strict_seed40_ablation_wd_l16_fc3rev_h32.pth,/home/595/sl9144/codes/snn_simulation/important_results/new_fc3/noise_sweep_rate_uniform_L16_T16/fc3rev_h32/seed_40/noise_sweep_matrix_mnist_fc3rev_h32_T16_mode_rate_uniform_schedule_normal_seed_40.csv
fc3rev_h32,32,weight_decay,rate_uniform,16,16,40,0.20,97.590000,mnist-checkpoints/fc3rev_h32_L[16]_strict_seed40_ablation_wd_l16_fc3rev_h32.pth,/home/595/sl9144/codes/snn_simulation/important_results/new_fc3/noise_sweep_rate_uniform_L16_T16/fc3rev_h32/seed_40/noise_sweep_matrix_mnist_fc3rev_h32_T16_mode_rate_uniform_schedule_normal_seed_40.csv
fc3rev_h32,32,weight_decay,rate_uniform,16,16,40,0.25,97.560000,mnist-checkpoints/fc3rev_h32_L[16]_strict_seed40_ablation_wd_l16_fc3rev_h32.pth,/home/595/sl9144/codes/snn_simulation/important_results/new_fc3/noise_sweep_rate_uniform_L16_T16/fc3rev_h32/seed_40/noise_sweep_matrix_mnist_fc3rev_h32_T16_mode_rate_uniform_schedule_normal_seed_40.csv
fc3rev_h32,32,weight_decay,rate_uniform,16,16,40,0.30,97.530000,mnist-checkpoints/fc3rev_h32_L[16]_strict_seed40_ablation_wd_l16_fc3rev_h32.pth,/home/595/sl9144/codes/snn_simulation/important_results/new_fc3/noise_sweep_rate_uniform_L16_T16/fc3rev_h32/seed_40/noise_sweep_matrix_mnist_fc3rev_h32_T16_mode_rate_uniform_schedule_normal_seed_40.csv
fc3rev_h32,32,weight_decay,rate_uniform,16,16,40,0.35,97.640000,mnist-checkpoints/fc3rev_h32_L[16]_strict_seed40_ablation_wd_l16_fc3rev_h32.pth,/home/595/sl9144/codes/snn_simulation/important_results/new_fc3/noise_sweep_rate_uniform_L16_T16/fc3rev_h32/seed_40/noise_sweep_matrix_mnist_fc3rev_h32_T16_mode_rate_uniform_schedule_normal_seed_40.csv
fc3rev_h32,32,weight_decay,rate_uniform,16,16,40,0.40,97.480000,mnist-checkpoints/fc3rev_h32_L[16]_strict_seed40_ablation_wd_l16_fc3rev_h32.pth,/home/595/sl9144/codes/snn_simulation/important_results/new_fc3/noise_sweep_rate_uniform_L16_T16/fc3rev_h32/seed_40/noise_sweep_matrix_mnist_fc3rev_h32_T16_mode_rate_uniform_schedule_normal_seed_40.csv
fc3rev_h32,32,weight_decay,rate_uniform,16,16,40,0.45,97.500000,mnist-checkpoints/fc3rev_h32_L[16]_strict_seed40_ablation_wd_l16_fc3rev_h32.pth,/home/595/sl9144/codes/snn_simulation/important_results/new_fc3/noise_sweep_rate_uniform_L16_T16/fc3rev_h32/seed_40/noise_sweep_matrix_mnist_fc3rev_h32_T16_mode_rate_uniform_schedule_normal_seed_40.csv
fc3rev_h32,32,weight_decay,rate_uniform,16,16,40,0.50,97.570000,mnist-checkpoints/fc3rev_h32_L[16]_strict_seed40_ablation_wd_l16_fc3rev_h32.pth,/home/595/sl9144/codes/snn_simulation/important_results/new_fc3/noise_sweep_rate_uniform_L16_T16/fc3rev_h32/seed_40/noise_sweep_matrix_mnist_fc3rev_h32_T16_mode_rate_uniform_schedule_normal_seed_40.csv
fc3rev_h32,32,weight_decay,rate_uniform,16,16,40,0.55,97.410000,mnist-checkpoints/fc3rev_h32_L[16]_strict_seed40_ablation_wd_l16_fc3rev_h32.pth,/home/595/sl9144/codes/snn_simulation/important_results/new_fc3/noise_sweep_rate_uniform_L16_T16/fc3rev_h32/seed_40/noise_sweep_matrix_mnist_fc3rev_h32_T16_mode_rate_uniform_schedule_normal_seed_40.csv
fc3rev_h32,32,weight_decay,rate_uniform,16,16,40,0.60,97.480000,mnist-checkpoints/fc3rev_h32_L[16]_strict_seed40_ablation_wd_l16_fc3rev_h32.pth,/home/595/sl9144/codes/snn_simulation/important_results/new_fc3/noise_sweep_rate_uniform_L16_T16/fc3rev_h32/seed_40/noise_sweep_matrix_mnist_fc3rev_h32_T16_mode_rate_uniform_schedule_normal_seed_40.csv
fc3rev_h32,32,weight_decay,rate_uniform,16,16,40,0.65,97.250000,mnist-checkpoints/fc3rev_h32_L[16]_strict_seed40_ablation_wd_l16_fc3rev_h32.pth,/home/595/sl9144/codes/snn_simulation/important_results/new_fc3/noise_sweep_rate_uniform_L16_T16/fc3rev_h32/seed_40/noise_sweep_matrix_mnist_fc3rev_h32_T16_mode_rate_uniform_schedule_normal_seed_40.csv
fc3rev_h32,32,weight_decay,rate_uniform,16,16,40,0.70,97.350000,mnist-checkpoints/fc3rev_h32_L[16]_strict_seed40_ablation_wd_l16_fc3rev_h32.pth,/home/595/sl9144/codes/snn_simulation/important_results/new_fc3/noise_sweep_rate_uniform_L16_T16/fc3rev_h32/seed_40/noise_sweep_matrix_mnist_fc3rev_h32_T16_mode_rate_uniform_schedule_normal_seed_40.csv
fc3rev_h32,32,weight_decay,rate_uniform,16,16,40,0.75,97.290000,mnist-checkpoints/fc3rev_h32_L[16]_strict_seed40_ablation_wd_l16_fc3rev_h32.pth,/home/595/sl9144/codes/snn_simulation/important_results/new_fc3/noise_sweep_rate_uniform_L16_T16/fc3rev_h32/seed_40/noise_sweep_matrix_mnist_fc3rev_h32_T16_mode_rate_uniform_schedule_normal_seed_40.csv
fc3rev_h32,32,weight_decay,rate_uniform,16,16,40,0.80,97.310000,mnist-checkpoints/fc3rev_h32_L[16]_strict_seed40_ablation_wd_l16_fc3rev_h32.pth,/home/595/sl9144/codes/snn_simulation/important_results/new_fc3/noise_sweep_rate_uniform_L16_T16/fc3rev_h32/seed_40/noise_sweep_matrix_mnist_fc3rev_h32_T16_mode_rate_uniform_schedule_normal_seed_40.csv
fc3rev_h32,32,weight_decay,rate_uniform,16,16,40,0.85,97.230000,mnist-checkpoints/fc3rev_h32_L[16]_strict_seed40_ablation_wd_l16_fc3rev_h32.pth,/home/595/sl9144/codes/snn_simulation/important_results/new_fc3/noise_sweep_rate_uniform_L16_T16/fc3rev_h32/seed_40/noise_sweep_matrix_mnist_fc3rev_h32_T16_mode_rate_uniform_schedule_normal_seed_40.csv
fc3rev_h32,32,weight_decay,rate_uniform,16,16,40,0.90,97.300000,mnist-checkpoints/fc3rev_h32_L[16]_strict_seed40_ablation_wd_l16_fc3rev_h32.pth,/home/595/sl9144/codes/snn_simulation/important_results/new_fc3/noise_sweep_rate_uniform_L16_T16/fc3rev_h32/seed_40/noise_sweep_matrix_mnist_fc3rev_h32_T16_mode_rate_uniform_schedule_normal_seed_40.csv
fc3rev_h32,32,weight_decay,rate_uniform,16,16,40,0.95,97.080000,mnist-checkpoints/fc3rev_h32_L[16]_strict_seed40_ablation_wd_l16_fc3rev_h32.pth,/home/595/sl9144/codes/snn_simulation/important_results/new_fc3/noise_sweep_rate_uniform_L16_T16/fc3rev_h32/seed_40/noise_sweep_matrix_mnist_fc3rev_h32_T16_mode_rate_uniform_schedule_normal_seed_40.csv
fc3rev_h32,32,weight_decay,rate_uniform,16,16,40,1.00,97.170000,mnist-checkpoints/fc3rev_h32_L[16]_strict_seed40_ablation_wd_l16_fc3rev_h32.pth,/home/595/sl9144/codes/snn_simulation/important_results/new_fc3/noise_sweep_rate_uniform_L16_T16/fc3rev_h32/seed_40/noise_sweep_matrix_mnist_fc3rev_h32_T16_mode_rate_uniform_schedule_normal_seed_40.csv
fc3rev_h32,32,weight_decay,rate_uniform,16,16,41,0.00,97.900000,mnist-checkpoints/fc3rev_h32_L[16]_strict_seed41_ablation_wd_l16_fc3rev_h32.pth,/home/595/sl9144/codes/snn_simulation/important_results/new_fc3/noise_sweep_rate_uniform_L16_T16/fc3rev_h32/seed_41/noise_sweep_matrix_mnist_fc3rev_h32_T16_mode_rate_uniform_schedule_normal_seed_41.csv
fc3rev_h32,32,weight_decay,rate_uniform,16,16,41,0.05,97.940000,mnist-checkpoints/fc3rev_h32_L[16]_strict_seed41_ablation_wd_l16_fc3rev_h32.pth,/home/595/sl9144/codes/snn_simulation/important_results/new_fc3/noise_sweep_rate_uniform_L16_T16/fc3rev_h32/seed_41/noise_sweep_matrix_mnist_fc3rev_h32_T16_mode_rate_uniform_schedule_normal_seed_41.csv
fc3rev_h32,32,weight_decay,rate_uniform,16,16,41,0.10,97.830000,mnist-checkpoints/fc3rev_h32_L[16]_strict_seed41_ablation_wd_l16_fc3rev_h32.pth,/home/595/sl9144/codes/snn_simulation/important_results/new_fc3/noise_sweep_rate_uniform_L16_T16/fc3rev_h32/seed_41/noise_sweep_matrix_mnist_fc3rev_h32_T16_mode_rate_uniform_schedule_normal_seed_41.csv
fc3rev_h32,32,weight_decay,rate_uniform,16,16,41,0.15,97.820000,mnist-checkpoints/fc3rev_h32_L[16]_strict_seed41_ablation_wd_l16_fc3rev_h32.pth,/home/595/sl9144/codes/snn_simulation/important_results/new_fc3/noise_sweep_rate_uniform_L16_T16/fc3rev_h32/seed_41/noise_sweep_matrix_mnist_fc3rev_h32_T16_mode_rate_uniform_schedule_normal_seed_41.csv
fc3rev_h32,32,weight_decay,rate_uniform,16,16,41,0.20,97.810000,mnist-checkpoints/fc3rev_h32_L[16]_strict_seed41_ablation_wd_l16_fc3rev_h32.pth,/home/595/sl9144/codes/snn_simulation/important_results/new_fc3/noise_sweep_rate_uniform_L16_T16/fc3rev_h32/seed_41/noise_sweep_matrix_mnist_fc3rev_h32_T16_mode_rate_uniform_schedule_normal_seed_41.csv
fc3rev_h32,32,weight_decay,rate_uniform,16,16,41,0.25,97.840000,mnist-checkpoints/fc3rev_h32_L[16]_strict_seed41_ablation_wd_l16_fc3rev_h32.pth,/home/595/sl9144/codes/snn_simulation/important_results/new_fc3/noise_sweep_rate_uniform_L16_T16/fc3rev_h32/seed_41/noise_sweep_matrix_mnist_fc3rev_h32_T16_mode_rate_uniform_schedule_normal_seed_41.csv
fc3rev_h32,32,weight_decay,rate_uniform,16,16,41,0.30,97.720000,mnist-checkpoints/fc3rev_h32_L[16]_strict_seed41_ablation_wd_l16_fc3rev_h32.pth,/home/595/sl9144/codes/snn_simulation/important_results/new_fc3/noise_sweep_rate_uniform_L16_T16/fc3rev_h32/seed_41/noise_sweep_matrix_mnist_fc3rev_h32_T16_mode_rate_uniform_schedule_normal_seed_41.csv
fc3rev_h32,32,weight_decay,rate_uniform,16,16,41,0.35,97.720000,mnist-checkpoints/fc3rev_h32_L[16]_strict_seed41_ablation_wd_l16_fc3rev_h32.pth,/home/595/sl9144/codes/snn_simulation/important_results/new_fc3/noise_sweep_rate_uniform_L16_T16/fc3rev_h32/seed_41/noise_sweep_matrix_mnist_fc3rev_h32_T16_mode_rate_uniform_schedule_normal_seed_41.csv
fc3rev_h32,32,weight_decay,rate_uniform,16,16,41,0.40,97.780000,mnist-checkpoints/fc3rev_h32_L[16]_strict_seed41_ablation_wd_l16_fc3rev_h32.pth,/home/595/sl9144/codes/snn_simulation/important_results/new_fc3/noise_sweep_rate_uniform_L16_T16/fc3rev_h32/seed_41/noise_sweep_matrix_mnist_fc3rev_h32_T16_mode_rate_uniform_schedule_normal_seed_41.csv
fc3rev_h32,32,weight_decay,rate_uniform,16,16,41,0.45,97.740000,mnist-checkpoints/fc3rev_h32_L[16]_strict_seed41_ablation_wd_l16_fc3rev_h32.pth,/home/595/sl9144/codes/snn_simulation/important_results/new_fc3/noise_sweep_rate_uniform_L16_T16/fc3rev_h32/seed_41/noise_sweep_matrix_mnist_fc3rev_h32_T16_mode_rate_uniform_schedule_normal_seed_41.csv
fc3rev_h32,32,weight_decay,rate_uniform,16,16,41,0.50,97.760000,mnist-checkpoints/fc3rev_h32_L[16]_strict_seed41_ablation_wd_l16_fc3rev_h32.pth,/home/595/sl9144/codes/snn_simulation/important_results/new_fc3/noise_sweep_rate_uniform_L16_T16/fc3rev_h32/seed_41/noise_sweep_matrix_mnist_fc3rev_h32_T16_mode_rate_uniform_schedule_normal_seed_41.csv
fc3rev_h32,32,weight_decay,rate_uniform,16,16,41,0.55,97.680000,mnist-checkpoints/fc3rev_h32_L[16]_strict_seed41_ablation_wd_l16_fc3rev_h32.pth,/home/595/sl9144/codes/snn_simulation/important_results/new_fc3/noise_sweep_rate_uniform_L16_T16/fc3rev_h32/seed_41/noise_sweep_matrix_mnist_fc3rev_h32_T16_mode_rate_uniform_schedule_normal_seed_41.csv
fc3rev_h32,32,weight_decay,rate_uniform,16,16,41,0.60,97.690000,mnist-checkpoints/fc3rev_h32_L[16]_strict_seed41_ablation_wd_l16_fc3rev_h32.pth,/home/595/sl9144/codes/snn_simulation/important_results/new_fc3/noise_sweep_rate_uniform_L16_T16/fc3rev_h32/seed_41/noise_sweep_matrix_mnist_fc3rev_h32_T16_mode_rate_uniform_schedule_normal_seed_41.csv
fc3rev_h32,32,weight_decay,rate_uniform,16,16,41,0.65,97.720000,mnist-checkpoints/fc3rev_h32_L[16]_strict_seed41_ablation_wd_l16_fc3rev_h32.pth,/home/595/sl9144/codes/snn_simulation/important_results/new_fc3/noise_sweep_rate_uniform_L16_T16/fc3rev_h32/seed_41/noise_sweep_matrix_mnist_fc3rev_h32_T16_mode_rate_uniform_schedule_normal_seed_41.csv
fc3rev_h32,32,weight_decay,rate_uniform,16,16,41,0.70,97.690000,mnist-checkpoints/fc3rev_h32_L[16]_strict_seed41_ablation_wd_l16_fc3rev_h32.pth,/home/595/sl9144/codes/snn_simulation/important_results/new_fc3/noise_sweep_rate_uniform_L16_T16/fc3rev_h32/seed_41/noise_sweep_matrix_mnist_fc3rev_h32_T16_mode_rate_uniform_schedule_normal_seed_41.csv
fc3rev_h32,32,weight_decay,rate_uniform,16,16,41,0.75,97.660000,mnist-checkpoints/fc3rev_h32_L[16]_strict_seed41_ablation_wd_l16_fc3rev_h32.pth,/home/595/sl9144/codes/snn_simulation/important_results/new_fc3/noise_sweep_rate_uniform_L16_T16/fc3rev_h32/seed_41/noise_sweep_matrix_mnist_fc3rev_h32_T16_mode_rate_uniform_schedule_normal_seed_41.csv
fc3rev_h32,32,weight_decay,rate_uniform,16,16,41,0.80,97.630000,mnist-checkpoints/fc3rev_h32_L[16]_strict_seed41_ablation_wd_l16_fc3rev_h32.pth,/home/595/sl9144/codes/snn_simulation/important_results/new_fc3/noise_sweep_rate_uniform_L16_T16/fc3rev_h32/seed_41/noise_sweep_matrix_mnist_fc3rev_h32_T16_mode_rate_uniform_schedule_normal_seed_41.csv
fc3rev_h32,32,weight_decay,rate_uniform,16,16,41,0.85,97.420000,mnist-checkpoints/fc3rev_h32_L[16]_strict_seed41_ablation_wd_l16_fc3rev_h32.pth,/home/595/sl9144/codes/snn_simulation/important_results/new_fc3/noise_sweep_rate_uniform_L16_T16/fc3rev_h32/seed_41/noise_sweep_matrix_mnist_fc3rev_h32_T16_mode_rate_uniform_schedule_normal_seed_41.csv
fc3rev_h32,32,weight_decay,rate_uniform,16,16,41,0.90,97.520000,mnist-checkpoints/fc3rev_h32_L[16]_strict_seed41_ablation_wd_l16_fc3rev_h32.pth,/home/595/sl9144/codes/snn_simulation/important_results/new_fc3/noise_sweep_rate_uniform_L16_T16/fc3rev_h32/seed_41/noise_sweep_matrix_mnist_fc3rev_h32_T16_mode_rate_uniform_schedule_normal_seed_41.csv
fc3rev_h32,32,weight_decay,rate_uniform,16,16,41,0.95,97.410000,mnist-checkpoints/fc3rev_h32_L[16]_strict_seed41_ablation_wd_l16_fc3rev_h32.pth,/home/595/sl9144/codes/snn_simulation/important_results/new_fc3/noise_sweep_rate_uniform_L16_T16/fc3rev_h32/seed_41/noise_sweep_matrix_mnist_fc3rev_h32_T16_mode_rate_uniform_schedule_normal_seed_41.csv
fc3rev_h32,32,weight_decay,rate_uniform,16,16,41,1.00,97.460000,mnist-checkpoints/fc3rev_h32_L[16]_strict_seed41_ablation_wd_l16_fc3rev_h32.pth,/home/595/sl9144/codes/snn_simulation/important_results/new_fc3/noise_sweep_rate_uniform_L16_T16/fc3rev_h32/seed_41/noise_sweep_matrix_mnist_fc3rev_h32_T16_mode_rate_uniform_schedule_normal_seed_41.csv
fc3rev_h32,32,weight_decay,rate_uniform,16,16,42,0.00,97.240000,mnist-checkpoints/fc3rev_h32_L[16]_strict_seed42_ablation_wd_l16_fc3rev_h32.pth,/home/595/sl9144/codes/snn_simulation/important_results/new_fc3/noise_sweep_rate_uniform_L16_T16/fc3rev_h32/seed_42/noise_sweep_matrix_mnist_fc3rev_h32_T16_mode_rate_uniform_schedule_normal_seed_42.csv
fc3rev_h32,32,weight_decay,rate_uniform,16,16,42,0.05,97.210000,mnist-checkpoints/fc3rev_h32_L[16]_strict_seed42_ablation_wd_l16_fc3rev_h32.pth,/home/595/sl9144/codes/snn_simulation/important_results/new_fc3/noise_sweep_rate_uniform_L16_T16/fc3rev_h32/seed_42/noise_sweep_matrix_mnist_fc3rev_h32_T16_mode_rate_uniform_schedule_normal_seed_42.csv
fc3rev_h32,32,weight_decay,rate_uniform,16,16,42,0.10,97.260000,mnist-checkpoints/fc3rev_h32_L[16]_strict_seed42_ablation_wd_l16_fc3rev_h32.pth,/home/595/sl9144/codes/snn_simulation/important_results/new_fc3/noise_sweep_rate_uniform_L16_T16/fc3rev_h32/seed_42/noise_sweep_matrix_mnist_fc3rev_h32_T16_mode_rate_uniform_schedule_normal_seed_42.csv
fc3rev_h32,32,weight_decay,rate_uniform,16,16,42,0.15,97.090000,mnist-checkpoints/fc3rev_h32_L[16]_strict_seed42_ablation_wd_l16_fc3rev_h32.pth,/home/595/sl9144/codes/snn_simulation/important_results/new_fc3/noise_sweep_rate_uniform_L16_T16/fc3rev_h32/seed_42/noise_sweep_matrix_mnist_fc3rev_h32_T16_mode_rate_uniform_schedule_normal_seed_42.csv
fc3rev_h32,32,weight_decay,rate_uniform,16,16,42,0.20,97.110000,mnist-checkpoints/fc3rev_h32_L[16]_strict_seed42_ablation_wd_l16_fc3rev_h32.pth,/home/595/sl9144/codes/snn_simulation/important_results/new_fc3/noise_sweep_rate_uniform_L16_T16/fc3rev_h32/seed_42/noise_sweep_matrix_mnist_fc3rev_h32_T16_mode_rate_uniform_schedule_normal_seed_42.csv
fc3rev_h32,32,weight_decay,rate_uniform,16,16,42,0.25,97.090000,mnist-checkpoints/fc3rev_h32_L[16]_strict_seed42_ablation_wd_l16_fc3rev_h32.pth,/home/595/sl9144/codes/snn_simulation/important_results/new_fc3/noise_sweep_rate_uniform_L16_T16/fc3rev_h32/seed_42/noise_sweep_matrix_mnist_fc3rev_h32_T16_mode_rate_uniform_schedule_normal_seed_42.csv
fc3rev_h32,32,weight_decay,rate_uniform,16,16,42,0.30,97.130000,mnist-checkpoints/fc3rev_h32_L[16]_strict_seed42_ablation_wd_l16_fc3rev_h32.pth,/home/595/sl9144/codes/snn_simulation/important_results/new_fc3/noise_sweep_rate_uniform_L16_T16/fc3rev_h32/seed_42/noise_sweep_matrix_mnist_fc3rev_h32_T16_mode_rate_uniform_schedule_normal_seed_42.csv
fc3rev_h32,32,weight_decay,rate_uniform,16,16,42,0.35,97.110000,mnist-checkpoints/fc3rev_h32_L[16]_strict_seed42_ablation_wd_l16_fc3rev_h32.pth,/home/595/sl9144/codes/snn_simulation/important_results/new_fc3/noise_sweep_rate_uniform_L16_T16/fc3rev_h32/seed_42/noise_sweep_matrix_mnist_fc3rev_h32_T16_mode_rate_uniform_schedule_normal_seed_42.csv
fc3rev_h32,32,weight_decay,rate_uniform,16,16,42,0.40,97.140000,mnist-checkpoints/fc3rev_h32_L[16]_strict_seed42_ablation_wd_l16_fc3rev_h32.pth,/home/595/sl9144/codes/snn_simulation/important_results/new_fc3/noise_sweep_rate_uniform_L16_T16/fc3rev_h32/seed_42/noise_sweep_matrix_mnist_fc3rev_h32_T16_mode_rate_uniform_schedule_normal_seed_42.csv
fc3rev_h32,32,weight_decay,rate_uniform,16,16,42,0.45,97.070000,mnist-checkpoints/fc3rev_h32_L[16]_strict_seed42_ablation_wd_l16_fc3rev_h32.pth,/home/595/sl9144/codes/snn_simulation/important_results/new_fc3/noise_sweep_rate_uniform_L16_T16/fc3rev_h32/seed_42/noise_sweep_matrix_mnist_fc3rev_h32_T16_mode_rate_uniform_schedule_normal_seed_42.csv
fc3rev_h32,32,weight_decay,rate_uniform,16,16,42,0.50,97.120000,mnist-checkpoints/fc3rev_h32_L[16]_strict_seed42_ablation_wd_l16_fc3rev_h32.pth,/home/595/sl9144/codes/snn_simulation/important_results/new_fc3/noise_sweep_rate_uniform_L16_T16/fc3rev_h32/seed_42/noise_sweep_matrix_mnist_fc3rev_h32_T16_mode_rate_uniform_schedule_normal_seed_42.csv
fc3rev_h32,32,weight_decay,rate_uniform,16,16,42,0.55,97.050000,mnist-checkpoints/fc3rev_h32_L[16]_strict_seed42_ablation_wd_l16_fc3rev_h32.pth,/home/595/sl9144/codes/snn_simulation/important_results/new_fc3/noise_sweep_rate_uniform_L16_T16/fc3rev_h32/seed_42/noise_sweep_matrix_mnist_fc3rev_h32_T16_mode_rate_uniform_schedule_normal_seed_42.csv
fc3rev_h32,32,weight_decay,rate_uniform,16,16,42,0.60,97.070000,mnist-checkpoints/fc3rev_h32_L[16]_strict_seed42_ablation_wd_l16_fc3rev_h32.pth,/home/595/sl9144/codes/snn_simulation/important_results/new_fc3/noise_sweep_rate_uniform_L16_T16/fc3rev_h32/seed_42/noise_sweep_matrix_mnist_fc3rev_h32_T16_mode_rate_uniform_schedule_normal_seed_42.csv
fc3rev_h32,32,weight_decay,rate_uniform,16,16,42,0.65,96.890000,mnist-checkpoints/fc3rev_h32_L[16]_strict_seed42_ablation_wd_l16_fc3rev_h32.pth,/home/595/sl9144/codes/snn_simulation/important_results/new_fc3/noise_sweep_rate_uniform_L16_T16/fc3rev_h32/seed_42/noise_sweep_matrix_mnist_fc3rev_h32_T16_mode_rate_uniform_schedule_normal_seed_42.csv
fc3rev_h32,32,weight_decay,rate_uniform,16,16,42,0.70,96.910000,mnist-checkpoints/fc3rev_h32_L[16]_strict_seed42_ablation_wd_l16_fc3rev_h32.pth,/home/595/sl9144/codes/snn_simulation/important_results/new_fc3/noise_sweep_rate_uniform_L16_T16/fc3rev_h32/seed_42/noise_sweep_matrix_mnist_fc3rev_h32_T16_mode_rate_uniform_schedule_normal_seed_42.csv
fc3rev_h32,32,weight_decay,rate_uniform,16,16,42,0.75,96.860000,mnist-checkpoints/fc3rev_h32_L[16]_strict_seed42_ablation_wd_l16_fc3rev_h32.pth,/home/595/sl9144/codes/snn_simulation/important_results/new_fc3/noise_sweep_rate_uniform_L16_T16/fc3rev_h32/seed_42/noise_sweep_matrix_mnist_fc3rev_h32_T16_mode_rate_uniform_schedule_normal_seed_42.csv
fc3rev_h32,32,weight_decay,rate_uniform,16,16,42,0.80,96.750000,mnist-checkpoints/fc3rev_h32_L[16]_strict_seed42_ablation_wd_l16_fc3rev_h32.pth,/home/595/sl9144/codes/snn_simulation/important_results/new_fc3/noise_sweep_rate_uniform_L16_T16/fc3rev_h32/seed_42/noise_sweep_matrix_mnist_fc3rev_h32_T16_mode_rate_uniform_schedule_normal_seed_42.csv
fc3rev_h32,32,weight_decay,rate_uniform,16,16,42,0.85,96.700000,mnist-checkpoints/fc3rev_h32_L[16]_strict_seed42_ablation_wd_l16_fc3rev_h32.pth,/home/595/sl9144/codes/snn_simulation/important_results/new_fc3/noise_sweep_rate_uniform_L16_T16/fc3rev_h32/seed_42/noise_sweep_matrix_mnist_fc3rev_h32_T16_mode_rate_uniform_schedule_normal_seed_42.csv
fc3rev_h32,32,weight_decay,rate_uniform,16,16,42,0.90,96.590000,mnist-checkpoints/fc3rev_h32_L[16]_strict_seed42_ablation_wd_l16_fc3rev_h32.pth,/home/595/sl9144/codes/snn_simulation/important_results/new_fc3/noise_sweep_rate_uniform_L16_T16/fc3rev_h32/seed_42/noise_sweep_matrix_mnist_fc3rev_h32_T16_mode_rate_uniform_schedule_normal_seed_42.csv
fc3rev_h32,32,weight_decay,rate_uniform,16,16,42,0.95,96.490000,mnist-checkpoints/fc3rev_h32_L[16]_strict_seed42_ablation_wd_l16_fc3rev_h32.pth,/home/595/sl9144/codes/snn_simulation/important_results/new_fc3/noise_sweep_rate_uniform_L16_T16/fc3rev_h32/seed_42/noise_sweep_matrix_mnist_fc3rev_h32_T16_mode_rate_uniform_schedule_normal_seed_42.csv
fc3rev_h32,32,weight_decay,rate_uniform,16,16,42,1.00,96.450000,mnist-checkpoints/fc3rev_h32_L[16]_strict_seed42_ablation_wd_l16_fc3rev_h32.pth,/home/595/sl9144/codes/snn_simulation/important_results/new_fc3/noise_sweep_rate_uniform_L16_T16/fc3rev_h32/seed_42/noise_sweep_matrix_mnist_fc3rev_h32_T16_mode_rate_uniform_schedule_normal_seed_42.csv
fc3rev_h32,32,weight_decay,rate_uniform,16,16,43,0.00,97.970000,mnist-checkpoints/fc3rev_h32_L[16]_strict_seed43_ablation_wd_l16_fc3rev_h32.pth,/home/595/sl9144/codes/snn_simulation/important_results/new_fc3/noise_sweep_rate_uniform_L16_T16/fc3rev_h32/seed_43/noise_sweep_matrix_mnist_fc3rev_h32_T16_mode_rate_uniform_schedule_normal_seed_43.csv
fc3rev_h32,32,weight_decay,rate_uniform,16,16,43,0.05,97.910000,mnist-checkpoints/fc3rev_h32_L[16]_strict_seed43_ablation_wd_l16_fc3rev_h32.pth,/home/595/sl9144/codes/snn_simulation/important_results/new_fc3/noise_sweep_rate_uniform_L16_T16/fc3rev_h32/seed_43/noise_sweep_matrix_mnist_fc3rev_h32_T16_mode_rate_uniform_schedule_normal_seed_43.csv
fc3rev_h32,32,weight_decay,rate_uniform,16,16,43,0.10,97.930000,mnist-checkpoints/fc3rev_h32_L[16]_strict_seed43_ablation_wd_l16_fc3rev_h32.pth,/home/595/sl9144/codes/snn_simulation/important_results/new_fc3/noise_sweep_rate_uniform_L16_T16/fc3rev_h32/seed_43/noise_sweep_matrix_mnist_fc3rev_h32_T16_mode_rate_uniform_schedule_normal_seed_43.csv
fc3rev_h32,32,weight_decay,rate_uniform,16,16,43,0.15,97.910000,mnist-checkpoints/fc3rev_h32_L[16]_strict_seed43_ablation_wd_l16_fc3rev_h32.pth,/home/595/sl9144/codes/snn_simulation/important_results/new_fc3/noise_sweep_rate_uniform_L16_T16/fc3rev_h32/seed_43/noise_sweep_matrix_mnist_fc3rev_h32_T16_mode_rate_uniform_schedule_normal_seed_43.csv
fc3rev_h32,32,weight_decay,rate_uniform,16,16,43,0.20,97.890000,mnist-checkpoints/fc3rev_h32_L[16]_strict_seed43_ablation_wd_l16_fc3rev_h32.pth,/home/595/sl9144/codes/snn_simulation/important_results/new_fc3/noise_sweep_rate_uniform_L16_T16/fc3rev_h32/seed_43/noise_sweep_matrix_mnist_fc3rev_h32_T16_mode_rate_uniform_schedule_normal_seed_43.csv
fc3rev_h32,32,weight_decay,rate_uniform,16,16,43,0.25,97.870000,mnist-checkpoints/fc3rev_h32_L[16]_strict_seed43_ablation_wd_l16_fc3rev_h32.pth,/home/595/sl9144/codes/snn_simulation/important_results/new_fc3/noise_sweep_rate_uniform_L16_T16/fc3rev_h32/seed_43/noise_sweep_matrix_mnist_fc3rev_h32_T16_mode_rate_uniform_schedule_normal_seed_43.csv
fc3rev_h32,32,weight_decay,rate_uniform,16,16,43,0.30,97.930000,mnist-checkpoints/fc3rev_h32_L[16]_strict_seed43_ablation_wd_l16_fc3rev_h32.pth,/home/595/sl9144/codes/snn_simulation/important_results/new_fc3/noise_sweep_rate_uniform_L16_T16/fc3rev_h32/seed_43/noise_sweep_matrix_mnist_fc3rev_h32_T16_mode_rate_uniform_schedule_normal_seed_43.csv
fc3rev_h32,32,weight_decay,rate_uniform,16,16,43,0.35,97.810000,mnist-checkpoints/fc3rev_h32_L[16]_strict_seed43_ablation_wd_l16_fc3rev_h32.pth,/home/595/sl9144/codes/snn_simulation/important_results/new_fc3/noise_sweep_rate_uniform_L16_T16/fc3rev_h32/seed_43/noise_sweep_matrix_mnist_fc3rev_h32_T16_mode_rate_uniform_schedule_normal_seed_43.csv
fc3rev_h32,32,weight_decay,rate_uniform,16,16,43,0.40,97.940000,mnist-checkpoints/fc3rev_h32_L[16]_strict_seed43_ablation_wd_l16_fc3rev_h32.pth,/home/595/sl9144/codes/snn_simulation/important_results/new_fc3/noise_sweep_rate_uniform_L16_T16/fc3rev_h32/seed_43/noise_sweep_matrix_mnist_fc3rev_h32_T16_mode_rate_uniform_schedule_normal_seed_43.csv
fc3rev_h32,32,weight_decay,rate_uniform,16,16,43,0.45,97.790000,mnist-checkpoints/fc3rev_h32_L[16]_strict_seed43_ablation_wd_l16_fc3rev_h32.pth,/home/595/sl9144/codes/snn_simulation/important_results/new_fc3/noise_sweep_rate_uniform_L16_T16/fc3rev_h32/seed_43/noise_sweep_matrix_mnist_fc3rev_h32_T16_mode_rate_uniform_schedule_normal_seed_43.csv
fc3rev_h32,32,weight_decay,rate_uniform,16,16,43,0.50,97.820000,mnist-checkpoints/fc3rev_h32_L[16]_strict_seed43_ablation_wd_l16_fc3rev_h32.pth,/home/595/sl9144/codes/snn_simulation/important_results/new_fc3/noise_sweep_rate_uniform_L16_T16/fc3rev_h32/seed_43/noise_sweep_matrix_mnist_fc3rev_h32_T16_mode_rate_uniform_schedule_normal_seed_43.csv
fc3rev_h32,32,weight_decay,rate_uniform,16,16,43,0.55,97.800000,mnist-checkpoints/fc3rev_h32_L[16]_strict_seed43_ablation_wd_l16_fc3rev_h32.pth,/home/595/sl9144/codes/snn_simulation/important_results/new_fc3/noise_sweep_rate_uniform_L16_T16/fc3rev_h32/seed_43/noise_sweep_matrix_mnist_fc3rev_h32_T16_mode_rate_uniform_schedule_normal_seed_43.csv
fc3rev_h32,32,weight_decay,rate_uniform,16,16,43,0.60,97.780000,mnist-checkpoints/fc3rev_h32_L[16]_strict_seed43_ablation_wd_l16_fc3rev_h32.pth,/home/595/sl9144/codes/snn_simulation/important_results/new_fc3/noise_sweep_rate_uniform_L16_T16/fc3rev_h32/seed_43/noise_sweep_matrix_mnist_fc3rev_h32_T16_mode_rate_uniform_schedule_normal_seed_43.csv
fc3rev_h32,32,weight_decay,rate_uniform,16,16,43,0.65,97.800000,mnist-checkpoints/fc3rev_h32_L[16]_strict_seed43_ablation_wd_l16_fc3rev_h32.pth,/home/595/sl9144/codes/snn_simulation/important_results/new_fc3/noise_sweep_rate_uniform_L16_T16/fc3rev_h32/seed_43/noise_sweep_matrix_mnist_fc3rev_h32_T16_mode_rate_uniform_schedule_normal_seed_43.csv
fc3rev_h32,32,weight_decay,rate_uniform,16,16,43,0.70,97.730000,mnist-checkpoints/fc3rev_h32_L[16]_strict_seed43_ablation_wd_l16_fc3rev_h32.pth,/home/595/sl9144/codes/snn_simulation/important_results/new_fc3/noise_sweep_rate_uniform_L16_T16/fc3rev_h32/seed_43/noise_sweep_matrix_mnist_fc3rev_h32_T16_mode_rate_uniform_schedule_normal_seed_43.csv
fc3rev_h32,32,weight_decay,rate_uniform,16,16,43,0.75,97.770000,mnist-checkpoints/fc3rev_h32_L[16]_strict_seed43_ablation_wd_l16_fc3rev_h32.pth,/home/595/sl9144/codes/snn_simulation/important_results/new_fc3/noise_sweep_rate_uniform_L16_T16/fc3rev_h32/seed_43/noise_sweep_matrix_mnist_fc3rev_h32_T16_mode_rate_uniform_schedule_normal_seed_43.csv
fc3rev_h32,32,weight_decay,rate_uniform,16,16,43,0.80,97.820000,mnist-checkpoints/fc3rev_h32_L[16]_strict_seed43_ablation_wd_l16_fc3rev_h32.pth,/home/595/sl9144/codes/snn_simulation/important_results/new_fc3/noise_sweep_rate_uniform_L16_T16/fc3rev_h32/seed_43/noise_sweep_matrix_mnist_fc3rev_h32_T16_mode_rate_uniform_schedule_normal_seed_43.csv
fc3rev_h32,32,weight_decay,rate_uniform,16,16,43,0.85,97.560000,mnist-checkpoints/fc3rev_h32_L[16]_strict_seed43_ablation_wd_l16_fc3rev_h32.pth,/home/595/sl9144/codes/snn_simulation/important_results/new_fc3/noise_sweep_rate_uniform_L16_T16/fc3rev_h32/seed_43/noise_sweep_matrix_mnist_fc3rev_h32_T16_mode_rate_uniform_schedule_normal_seed_43.csv
fc3rev_h32,32,weight_decay,rate_uniform,16,16,43,0.90,97.630000,mnist-checkpoints/fc3rev_h32_L[16]_strict_seed43_ablation_wd_l16_fc3rev_h32.pth,/home/595/sl9144/codes/snn_simulation/important_results/new_fc3/noise_sweep_rate_uniform_L16_T16/fc3rev_h32/seed_43/noise_sweep_matrix_mnist_fc3rev_h32_T16_mode_rate_uniform_schedule_normal_seed_43.csv
fc3rev_h32,32,weight_decay,rate_uniform,16,16,43,0.95,97.780000,mnist-checkpoints/fc3rev_h32_L[16]_strict_seed43_ablation_wd_l16_fc3rev_h32.pth,/home/595/sl9144/codes/snn_simulation/important_results/new_fc3/noise_sweep_rate_uniform_L16_T16/fc3rev_h32/seed_43/noise_sweep_matrix_mnist_fc3rev_h32_T16_mode_rate_uniform_schedule_normal_seed_43.csv
fc3rev_h32,32,weight_decay,rate_uniform,16,16,43,1.00,97.620000,mnist-checkpoints/fc3rev_h32_L[16]_strict_seed43_ablation_wd_l16_fc3rev_h32.pth,/home/595/sl9144/codes/snn_simulation/important_results/new_fc3/noise_sweep_rate_uniform_L16_T16/fc3rev_h32/seed_43/noise_sweep_matrix_mnist_fc3rev_h32_T16_mode_rate_uniform_schedule_normal_seed_43.csv
fc3rev_h32,32,weight_decay,rate_uniform,16,16,44,0.00,97.860000,mnist-checkpoints/fc3rev_h32_L[16]_strict_seed44_ablation_wd_l16_fc3rev_h32.pth,/home/595/sl9144/codes/snn_simulation/important_results/new_fc3/noise_sweep_rate_uniform_L16_T16/fc3rev_h32/seed_44/noise_sweep_matrix_mnist_fc3rev_h32_T16_mode_rate_uniform_schedule_normal_seed_44.csv
fc3rev_h32,32,weight_decay,rate_uniform,16,16,44,0.05,97.830000,mnist-checkpoints/fc3rev_h32_L[16]_strict_seed44_ablation_wd_l16_fc3rev_h32.pth,/home/595/sl9144/codes/snn_simulation/important_results/new_fc3/noise_sweep_rate_uniform_L16_T16/fc3rev_h32/seed_44/noise_sweep_matrix_mnist_fc3rev_h32_T16_mode_rate_uniform_schedule_normal_seed_44.csv
fc3rev_h32,32,weight_decay,rate_uniform,16,16,44,0.10,97.760000,mnist-checkpoints/fc3rev_h32_L[16]_strict_seed44_ablation_wd_l16_fc3rev_h32.pth,/home/595/sl9144/codes/snn_simulation/important_results/new_fc3/noise_sweep_rate_uniform_L16_T16/fc3rev_h32/seed_44/noise_sweep_matrix_mnist_fc3rev_h32_T16_mode_rate_uniform_schedule_normal_seed_44.csv
fc3rev_h32,32,weight_decay,rate_uniform,16,16,44,0.15,97.770000,mnist-checkpoints/fc3rev_h32_L[16]_strict_seed44_ablation_wd_l16_fc3rev_h32.pth,/home/595/sl9144/codes/snn_simulation/important_results/new_fc3/noise_sweep_rate_uniform_L16_T16/fc3rev_h32/seed_44/noise_sweep_matrix_mnist_fc3rev_h32_T16_mode_rate_uniform_schedule_normal_seed_44.csv
fc3rev_h32,32,weight_decay,rate_uniform,16,16,44,0.20,97.770000,mnist-checkpoints/fc3rev_h32_L[16]_strict_seed44_ablation_wd_l16_fc3rev_h32.pth,/home/595/sl9144/codes/snn_simulation/important_results/new_fc3/noise_sweep_rate_uniform_L16_T16/fc3rev_h32/seed_44/noise_sweep_matrix_mnist_fc3rev_h32_T16_mode_rate_uniform_schedule_normal_seed_44.csv
fc3rev_h32,32,weight_decay,rate_uniform,16,16,44,0.25,97.650000,mnist-checkpoints/fc3rev_h32_L[16]_strict_seed44_ablation_wd_l16_fc3rev_h32.pth,/home/595/sl9144/codes/snn_simulation/important_results/new_fc3/noise_sweep_rate_uniform_L16_T16/fc3rev_h32/seed_44/noise_sweep_matrix_mnist_fc3rev_h32_T16_mode_rate_uniform_schedule_normal_seed_44.csv
fc3rev_h32,32,weight_decay,rate_uniform,16,16,44,0.30,97.770000,mnist-checkpoints/fc3rev_h32_L[16]_strict_seed44_ablation_wd_l16_fc3rev_h32.pth,/home/595/sl9144/codes/snn_simulation/important_results/new_fc3/noise_sweep_rate_uniform_L16_T16/fc3rev_h32/seed_44/noise_sweep_matrix_mnist_fc3rev_h32_T16_mode_rate_uniform_schedule_normal_seed_44.csv
fc3rev_h32,32,weight_decay,rate_uniform,16,16,44,0.35,97.720000,mnist-checkpoints/fc3rev_h32_L[16]_strict_seed44_ablation_wd_l16_fc3rev_h32.pth,/home/595/sl9144/codes/snn_simulation/important_results/new_fc3/noise_sweep_rate_uniform_L16_T16/fc3rev_h32/seed_44/noise_sweep_matrix_mnist_fc3rev_h32_T16_mode_rate_uniform_schedule_normal_seed_44.csv
fc3rev_h32,32,weight_decay,rate_uniform,16,16,44,0.40,97.610000,mnist-checkpoints/fc3rev_h32_L[16]_strict_seed44_ablation_wd_l16_fc3rev_h32.pth,/home/595/sl9144/codes/snn_simulation/important_results/new_fc3/noise_sweep_rate_uniform_L16_T16/fc3rev_h32/seed_44/noise_sweep_matrix_mnist_fc3rev_h32_T16_mode_rate_uniform_schedule_normal_seed_44.csv
fc3rev_h32,32,weight_decay,rate_uniform,16,16,44,0.45,97.700000,mnist-checkpoints/fc3rev_h32_L[16]_strict_seed44_ablation_wd_l16_fc3rev_h32.pth,/home/595/sl9144/codes/snn_simulation/important_results/new_fc3/noise_sweep_rate_uniform_L16_T16/fc3rev_h32/seed_44/noise_sweep_matrix_mnist_fc3rev_h32_T16_mode_rate_uniform_schedule_normal_seed_44.csv
fc3rev_h32,32,weight_decay,rate_uniform,16,16,44,0.50,97.670000,mnist-checkpoints/fc3rev_h32_L[16]_strict_seed44_ablation_wd_l16_fc3rev_h32.pth,/home/595/sl9144/codes/snn_simulation/important_results/new_fc3/noise_sweep_rate_uniform_L16_T16/fc3rev_h32/seed_44/noise_sweep_matrix_mnist_fc3rev_h32_T16_mode_rate_uniform_schedule_normal_seed_44.csv
fc3rev_h32,32,weight_decay,rate_uniform,16,16,44,0.55,97.620000,mnist-checkpoints/fc3rev_h32_L[16]_strict_seed44_ablation_wd_l16_fc3rev_h32.pth,/home/595/sl9144/codes/snn_simulation/important_results/new_fc3/noise_sweep_rate_uniform_L16_T16/fc3rev_h32/seed_44/noise_sweep_matrix_mnist_fc3rev_h32_T16_mode_rate_uniform_schedule_normal_seed_44.csv
fc3rev_h32,32,weight_decay,rate_uniform,16,16,44,0.60,97.440000,mnist-checkpoints/fc3rev_h32_L[16]_strict_seed44_ablation_wd_l16_fc3rev_h32.pth,/home/595/sl9144/codes/snn_simulation/important_results/new_fc3/noise_sweep_rate_uniform_L16_T16/fc3rev_h32/seed_44/noise_sweep_matrix_mnist_fc3rev_h32_T16_mode_rate_uniform_schedule_normal_seed_44.csv
fc3rev_h32,32,weight_decay,rate_uniform,16,16,44,0.65,97.640000,mnist-checkpoints/fc3rev_h32_L[16]_strict_seed44_ablation_wd_l16_fc3rev_h32.pth,/home/595/sl9144/codes/snn_simulation/important_results/new_fc3/noise_sweep_rate_uniform_L16_T16/fc3rev_h32/seed_44/noise_sweep_matrix_mnist_fc3rev_h32_T16_mode_rate_uniform_schedule_normal_seed_44.csv
fc3rev_h32,32,weight_decay,rate_uniform,16,16,44,0.70,97.560000,mnist-checkpoints/fc3rev_h32_L[16]_strict_seed44_ablation_wd_l16_fc3rev_h32.pth,/home/595/sl9144/codes/snn_simulation/important_results/new_fc3/noise_sweep_rate_uniform_L16_T16/fc3rev_h32/seed_44/noise_sweep_matrix_mnist_fc3rev_h32_T16_mode_rate_uniform_schedule_normal_seed_44.csv
fc3rev_h32,32,weight_decay,rate_uniform,16,16,44,0.75,97.560000,mnist-checkpoints/fc3rev_h32_L[16]_strict_seed44_ablation_wd_l16_fc3rev_h32.pth,/home/595/sl9144/codes/snn_simulation/important_results/new_fc3/noise_sweep_rate_uniform_L16_T16/fc3rev_h32/seed_44/noise_sweep_matrix_mnist_fc3rev_h32_T16_mode_rate_uniform_schedule_normal_seed_44.csv
fc3rev_h32,32,weight_decay,rate_uniform,16,16,44,0.80,97.500000,mnist-checkpoints/fc3rev_h32_L[16]_strict_seed44_ablation_wd_l16_fc3rev_h32.pth,/home/595/sl9144/codes/snn_simulation/important_results/new_fc3/noise_sweep_rate_uniform_L16_T16/fc3rev_h32/seed_44/noise_sweep_matrix_mnist_fc3rev_h32_T16_mode_rate_uniform_schedule_normal_seed_44.csv
fc3rev_h32,32,weight_decay,rate_uniform,16,16,44,0.85,97.540000,mnist-checkpoints/fc3rev_h32_L[16]_strict_seed44_ablation_wd_l16_fc3rev_h32.pth,/home/595/sl9144/codes/snn_simulation/important_results/new_fc3/noise_sweep_rate_uniform_L16_T16/fc3rev_h32/seed_44/noise_sweep_matrix_mnist_fc3rev_h32_T16_mode_rate_uniform_schedule_normal_seed_44.csv
fc3rev_h32,32,weight_decay,rate_uniform,16,16,44,0.90,97.320000,mnist-checkpoints/fc3rev_h32_L[16]_strict_seed44_ablation_wd_l16_fc3rev_h32.pth,/home/595/sl9144/codes/snn_simulation/important_results/new_fc3/noise_sweep_rate_uniform_L16_T16/fc3rev_h32/seed_44/noise_sweep_matrix_mnist_fc3rev_h32_T16_mode_rate_uniform_schedule_normal_seed_44.csv
fc3rev_h32,32,weight_decay,rate_uniform,16,16,44,0.95,97.190000,mnist-checkpoints/fc3rev_h32_L[16]_strict_seed44_ablation_wd_l16_fc3rev_h32.pth,/home/595/sl9144/codes/snn_simulation/important_results/new_fc3/noise_sweep_rate_uniform_L16_T16/fc3rev_h32/seed_44/noise_sweep_matrix_mnist_fc3rev_h32_T16_mode_rate_uniform_schedule_normal_seed_44.csv
fc3rev_h32,32,weight_decay,rate_uniform,16,16,44,1.00,97.370000,mnist-checkpoints/fc3rev_h32_L[16]_strict_seed44_ablation_wd_l16_fc3rev_h32.pth,/home/595/sl9144/codes/snn_simulation/important_results/new_fc3/noise_sweep_rate_uniform_L16_T16/fc3rev_h32/seed_44/noise_sweep_matrix_mnist_fc3rev_h32_T16_mode_rate_uniform_schedule_normal_seed_44.csv
fc3rev_h64,64,weight_decay,rate_uniform,16,16,40,0.00,98.160000,mnist-checkpoints/fc3rev_h64_L[16]_strict_seed40_ablation_wd_l16_fc3rev_h64.pth,/home/595/sl9144/codes/snn_simulation/important_results/new_fc3/noise_sweep_rate_uniform_L16_T16/fc3rev_h64/seed_40/noise_sweep_matrix_mnist_fc3rev_h64_T16_mode_rate_uniform_schedule_normal_seed_40.csv
fc3rev_h64,64,weight_decay,rate_uniform,16,16,40,0.05,98.120000,mnist-checkpoints/fc3rev_h64_L[16]_strict_seed40_ablation_wd_l16_fc3rev_h64.pth,/home/595/sl9144/codes/snn_simulation/important_results/new_fc3/noise_sweep_rate_uniform_L16_T16/fc3rev_h64/seed_40/noise_sweep_matrix_mnist_fc3rev_h64_T16_mode_rate_uniform_schedule_normal_seed_40.csv
fc3rev_h64,64,weight_decay,rate_uniform,16,16,40,0.10,98.080000,mnist-checkpoints/fc3rev_h64_L[16]_strict_seed40_ablation_wd_l16_fc3rev_h64.pth,/home/595/sl9144/codes/snn_simulation/important_results/new_fc3/noise_sweep_rate_uniform_L16_T16/fc3rev_h64/seed_40/noise_sweep_matrix_mnist_fc3rev_h64_T16_mode_rate_uniform_schedule_normal_seed_40.csv
fc3rev_h64,64,weight_decay,rate_uniform,16,16,40,0.15,98.100000,mnist-checkpoints/fc3rev_h64_L[16]_strict_seed40_ablation_wd_l16_fc3rev_h64.pth,/home/595/sl9144/codes/snn_simulation/important_results/new_fc3/noise_sweep_rate_uniform_L16_T16/fc3rev_h64/seed_40/noise_sweep_matrix_mnist_fc3rev_h64_T16_mode_rate_uniform_schedule_normal_seed_40.csv
fc3rev_h64,64,weight_decay,rate_uniform,16,16,40,0.20,98.030000,mnist-checkpoints/fc3rev_h64_L[16]_strict_seed40_ablation_wd_l16_fc3rev_h64.pth,/home/595/sl9144/codes/snn_simulation/important_results/new_fc3/noise_sweep_rate_uniform_L16_T16/fc3rev_h64/seed_40/noise_sweep_matrix_mnist_fc3rev_h64_T16_mode_rate_uniform_schedule_normal_seed_40.csv
fc3rev_h64,64,weight_decay,rate_uniform,16,16,40,0.25,97.870000,mnist-checkpoints/fc3rev_h64_L[16]_strict_seed40_ablation_wd_l16_fc3rev_h64.pth,/home/595/sl9144/codes/snn_simulation/important_results/new_fc3/noise_sweep_rate_uniform_L16_T16/fc3rev_h64/seed_40/noise_sweep_matrix_mnist_fc3rev_h64_T16_mode_rate_uniform_schedule_normal_seed_40.csv
fc3rev_h64,64,weight_decay,rate_uniform,16,16,40,0.30,98.030000,mnist-checkpoints/fc3rev_h64_L[16]_strict_seed40_ablation_wd_l16_fc3rev_h64.pth,/home/595/sl9144/codes/snn_simulation/important_results/new_fc3/noise_sweep_rate_uniform_L16_T16/fc3rev_h64/seed_40/noise_sweep_matrix_mnist_fc3rev_h64_T16_mode_rate_uniform_schedule_normal_seed_40.csv
fc3rev_h64,64,weight_decay,rate_uniform,16,16,40,0.35,98.060000,mnist-checkpoints/fc3rev_h64_L[16]_strict_seed40_ablation_wd_l16_fc3rev_h64.pth,/home/595/sl9144/codes/snn_simulation/important_results/new_fc3/noise_sweep_rate_uniform_L16_T16/fc3rev_h64/seed_40/noise_sweep_matrix_mnist_fc3rev_h64_T16_mode_rate_uniform_schedule_normal_seed_40.csv
fc3rev_h64,64,weight_decay,rate_uniform,16,16,40,0.40,97.900000,mnist-checkpoints/fc3rev_h64_L[16]_strict_seed40_ablation_wd_l16_fc3rev_h64.pth,/home/595/sl9144/codes/snn_simulation/important_results/new_fc3/noise_sweep_rate_uniform_L16_T16/fc3rev_h64/seed_40/noise_sweep_matrix_mnist_fc3rev_h64_T16_mode_rate_uniform_schedule_normal_seed_40.csv
fc3rev_h64,64,weight_decay,rate_uniform,16,16,40,0.45,98.090000,mnist-checkpoints/fc3rev_h64_L[16]_strict_seed40_ablation_wd_l16_fc3rev_h64.pth,/home/595/sl9144/codes/snn_simulation/important_results/new_fc3/noise_sweep_rate_uniform_L16_T16/fc3rev_h64/seed_40/noise_sweep_matrix_mnist_fc3rev_h64_T16_mode_rate_uniform_schedule_normal_seed_40.csv
fc3rev_h64,64,weight_decay,rate_uniform,16,16,40,0.50,98.000000,mnist-checkpoints/fc3rev_h64_L[16]_strict_seed40_ablation_wd_l16_fc3rev_h64.pth,/home/595/sl9144/codes/snn_simulation/important_results/new_fc3/noise_sweep_rate_uniform_L16_T16/fc3rev_h64/seed_40/noise_sweep_matrix_mnist_fc3rev_h64_T16_mode_rate_uniform_schedule_normal_seed_40.csv
fc3rev_h64,64,weight_decay,rate_uniform,16,16,40,0.55,98.000000,mnist-checkpoints/fc3rev_h64_L[16]_strict_seed40_ablation_wd_l16_fc3rev_h64.pth,/home/595/sl9144/codes/snn_simulation/important_results/new_fc3/noise_sweep_rate_uniform_L16_T16/fc3rev_h64/seed_40/noise_sweep_matrix_mnist_fc3rev_h64_T16_mode_rate_uniform_schedule_normal_seed_40.csv
fc3rev_h64,64,weight_decay,rate_uniform,16,16,40,0.60,97.880000,mnist-checkpoints/fc3rev_h64_L[16]_strict_seed40_ablation_wd_l16_fc3rev_h64.pth,/home/595/sl9144/codes/snn_simulation/important_results/new_fc3/noise_sweep_rate_uniform_L16_T16/fc3rev_h64/seed_40/noise_sweep_matrix_mnist_fc3rev_h64_T16_mode_rate_uniform_schedule_normal_seed_40.csv
fc3rev_h64,64,weight_decay,rate_uniform,16,16,40,0.65,97.750000,mnist-checkpoints/fc3rev_h64_L[16]_strict_seed40_ablation_wd_l16_fc3rev_h64.pth,/home/595/sl9144/codes/snn_simulation/important_results/new_fc3/noise_sweep_rate_uniform_L16_T16/fc3rev_h64/seed_40/noise_sweep_matrix_mnist_fc3rev_h64_T16_mode_rate_uniform_schedule_normal_seed_40.csv
fc3rev_h64,64,weight_decay,rate_uniform,16,16,40,0.70,97.800000,mnist-checkpoints/fc3rev_h64_L[16]_strict_seed40_ablation_wd_l16_fc3rev_h64.pth,/home/595/sl9144/codes/snn_simulation/important_results/new_fc3/noise_sweep_rate_uniform_L16_T16/fc3rev_h64/seed_40/noise_sweep_matrix_mnist_fc3rev_h64_T16_mode_rate_uniform_schedule_normal_seed_40.csv
fc3rev_h64,64,weight_decay,rate_uniform,16,16,40,0.75,97.680000,mnist-checkpoints/fc3rev_h64_L[16]_strict_seed40_ablation_wd_l16_fc3rev_h64.pth,/home/595/sl9144/codes/snn_simulation/important_results/new_fc3/noise_sweep_rate_uniform_L16_T16/fc3rev_h64/seed_40/noise_sweep_matrix_mnist_fc3rev_h64_T16_mode_rate_uniform_schedule_normal_seed_40.csv
fc3rev_h64,64,weight_decay,rate_uniform,16,16,40,0.80,97.910000,mnist-checkpoints/fc3rev_h64_L[16]_strict_seed40_ablation_wd_l16_fc3rev_h64.pth,/home/595/sl9144/codes/snn_simulation/important_results/new_fc3/noise_sweep_rate_uniform_L16_T16/fc3rev_h64/seed_40/noise_sweep_matrix_mnist_fc3rev_h64_T16_mode_rate_uniform_schedule_normal_seed_40.csv
fc3rev_h64,64,weight_decay,rate_uniform,16,16,40,0.85,97.590000,mnist-checkpoints/fc3rev_h64_L[16]_strict_seed40_ablation_wd_l16_fc3rev_h64.pth,/home/595/sl9144/codes/snn_simulation/important_results/new_fc3/noise_sweep_rate_uniform_L16_T16/fc3rev_h64/seed_40/noise_sweep_matrix_mnist_fc3rev_h64_T16_mode_rate_uniform_schedule_normal_seed_40.csv
fc3rev_h64,64,weight_decay,rate_uniform,16,16,40,0.90,97.770000,mnist-checkpoints/fc3rev_h64_L[16]_strict_seed40_ablation_wd_l16_fc3rev_h64.pth,/home/595/sl9144/codes/snn_simulation/important_results/new_fc3/noise_sweep_rate_uniform_L16_T16/fc3rev_h64/seed_40/noise_sweep_matrix_mnist_fc3rev_h64_T16_mode_rate_uniform_schedule_normal_seed_40.csv
fc3rev_h64,64,weight_decay,rate_uniform,16,16,40,0.95,97.750000,mnist-checkpoints/fc3rev_h64_L[16]_strict_seed40_ablation_wd_l16_fc3rev_h64.pth,/home/595/sl9144/codes/snn_simulation/important_results/new_fc3/noise_sweep_rate_uniform_L16_T16/fc3rev_h64/seed_40/noise_sweep_matrix_mnist_fc3rev_h64_T16_mode_rate_uniform_schedule_normal_seed_40.csv
fc3rev_h64,64,weight_decay,rate_uniform,16,16,40,1.00,97.520000,mnist-checkpoints/fc3rev_h64_L[16]_strict_seed40_ablation_wd_l16_fc3rev_h64.pth,/home/595/sl9144/codes/snn_simulation/important_results/new_fc3/noise_sweep_rate_uniform_L16_T16/fc3rev_h64/seed_40/noise_sweep_matrix_mnist_fc3rev_h64_T16_mode_rate_uniform_schedule_normal_seed_40.csv
fc3rev_h64,64,weight_decay,rate_uniform,16,16,41,0.00,97.950000,mnist-checkpoints/fc3rev_h64_L[16]_strict_seed41_ablation_wd_l16_fc3rev_h64.pth,/home/595/sl9144/codes/snn_simulation/important_results/new_fc3/noise_sweep_rate_uniform_L16_T16/fc3rev_h64/seed_41/noise_sweep_matrix_mnist_fc3rev_h64_T16_mode_rate_uniform_schedule_normal_seed_41.csv
fc3rev_h64,64,weight_decay,rate_uniform,16,16,41,0.05,97.960000,mnist-checkpoints/fc3rev_h64_L[16]_strict_seed41_ablation_wd_l16_fc3rev_h64.pth,/home/595/sl9144/codes/snn_simulation/important_results/new_fc3/noise_sweep_rate_uniform_L16_T16/fc3rev_h64/seed_41/noise_sweep_matrix_mnist_fc3rev_h64_T16_mode_rate_uniform_schedule_normal_seed_41.csv
fc3rev_h64,64,weight_decay,rate_uniform,16,16,41,0.10,97.970000,mnist-checkpoints/fc3rev_h64_L[16]_strict_seed41_ablation_wd_l16_fc3rev_h64.pth,/home/595/sl9144/codes/snn_simulation/important_results/new_fc3/noise_sweep_rate_uniform_L16_T16/fc3rev_h64/seed_41/noise_sweep_matrix_mnist_fc3rev_h64_T16_mode_rate_uniform_schedule_normal_seed_41.csv
fc3rev_h64,64,weight_decay,rate_uniform,16,16,41,0.15,97.970000,mnist-checkpoints/fc3rev_h64_L[16]_strict_seed41_ablation_wd_l16_fc3rev_h64.pth,/home/595/sl9144/codes/snn_simulation/important_results/new_fc3/noise_sweep_rate_uniform_L16_T16/fc3rev_h64/seed_41/noise_sweep_matrix_mnist_fc3rev_h64_T16_mode_rate_uniform_schedule_normal_seed_41.csv
fc3rev_h64,64,weight_decay,rate_uniform,16,16,41,0.20,97.910000,mnist-checkpoints/fc3rev_h64_L[16]_strict_seed41_ablation_wd_l16_fc3rev_h64.pth,/home/595/sl9144/codes/snn_simulation/important_results/new_fc3/noise_sweep_rate_uniform_L16_T16/fc3rev_h64/seed_41/noise_sweep_matrix_mnist_fc3rev_h64_T16_mode_rate_uniform_schedule_normal_seed_41.csv
fc3rev_h64,64,weight_decay,rate_uniform,16,16,41,0.25,97.960000,mnist-checkpoints/fc3rev_h64_L[16]_strict_seed41_ablation_wd_l16_fc3rev_h64.pth,/home/595/sl9144/codes/snn_simulation/important_results/new_fc3/noise_sweep_rate_uniform_L16_T16/fc3rev_h64/seed_41/noise_sweep_matrix_mnist_fc3rev_h64_T16_mode_rate_uniform_schedule_normal_seed_41.csv
fc3rev_h64,64,weight_decay,rate_uniform,16,16,41,0.30,97.880000,mnist-checkpoints/fc3rev_h64_L[16]_strict_seed41_ablation_wd_l16_fc3rev_h64.pth,/home/595/sl9144/codes/snn_simulation/important_results/new_fc3/noise_sweep_rate_uniform_L16_T16/fc3rev_h64/seed_41/noise_sweep_matrix_mnist_fc3rev_h64_T16_mode_rate_uniform_schedule_normal_seed_41.csv
fc3rev_h64,64,weight_decay,rate_uniform,16,16,41,0.35,97.960000,mnist-checkpoints/fc3rev_h64_L[16]_strict_seed41_ablation_wd_l16_fc3rev_h64.pth,/home/595/sl9144/codes/snn_simulation/important_results/new_fc3/noise_sweep_rate_uniform_L16_T16/fc3rev_h64/seed_41/noise_sweep_matrix_mnist_fc3rev_h64_T16_mode_rate_uniform_schedule_normal_seed_41.csv
fc3rev_h64,64,weight_decay,rate_uniform,16,16,41,0.40,97.830000,mnist-checkpoints/fc3rev_h64_L[16]_strict_seed41_ablation_wd_l16_fc3rev_h64.pth,/home/595/sl9144/codes/snn_simulation/important_results/new_fc3/noise_sweep_rate_uniform_L16_T16/fc3rev_h64/seed_41/noise_sweep_matrix_mnist_fc3rev_h64_T16_mode_rate_uniform_schedule_normal_seed_41.csv
fc3rev_h64,64,weight_decay,rate_uniform,16,16,41,0.45,97.800000,mnist-checkpoints/fc3rev_h64_L[16]_strict_seed41_ablation_wd_l16_fc3rev_h64.pth,/home/595/sl9144/codes/snn_simulation/important_results/new_fc3/noise_sweep_rate_uniform_L16_T16/fc3rev_h64/seed_41/noise_sweep_matrix_mnist_fc3rev_h64_T16_mode_rate_uniform_schedule_normal_seed_41.csv
fc3rev_h64,64,weight_decay,rate_uniform,16,16,41,0.50,97.870000,mnist-checkpoints/fc3rev_h64_L[16]_strict_seed41_ablation_wd_l16_fc3rev_h64.pth,/home/595/sl9144/codes/snn_simulation/important_results/new_fc3/noise_sweep_rate_uniform_L16_T16/fc3rev_h64/seed_41/noise_sweep_matrix_mnist_fc3rev_h64_T16_mode_rate_uniform_schedule_normal_seed_41.csv
fc3rev_h64,64,weight_decay,rate_uniform,16,16,41,0.55,97.760000,mnist-checkpoints/fc3rev_h64_L[16]_strict_seed41_ablation_wd_l16_fc3rev_h64.pth,/home/595/sl9144/codes/snn_simulation/important_results/new_fc3/noise_sweep_rate_uniform_L16_T16/fc3rev_h64/seed_41/noise_sweep_matrix_mnist_fc3rev_h64_T16_mode_rate_uniform_schedule_normal_seed_41.csv
fc3rev_h64,64,weight_decay,rate_uniform,16,16,41,0.60,97.820000,mnist-checkpoints/fc3rev_h64_L[16]_strict_seed41_ablation_wd_l16_fc3rev_h64.pth,/home/595/sl9144/codes/snn_simulation/important_results/new_fc3/noise_sweep_rate_uniform_L16_T16/fc3rev_h64/seed_41/noise_sweep_matrix_mnist_fc3rev_h64_T16_mode_rate_uniform_schedule_normal_seed_41.csv
fc3rev_h64,64,weight_decay,rate_uniform,16,16,41,0.65,97.760000,mnist-checkpoints/fc3rev_h64_L[16]_strict_seed41_ablation_wd_l16_fc3rev_h64.pth,/home/595/sl9144/codes/snn_simulation/important_results/new_fc3/noise_sweep_rate_uniform_L16_T16/fc3rev_h64/seed_41/noise_sweep_matrix_mnist_fc3rev_h64_T16_mode_rate_uniform_schedule_normal_seed_41.csv
fc3rev_h64,64,weight_decay,rate_uniform,16,16,41,0.70,97.830000,mnist-checkpoints/fc3rev_h64_L[16]_strict_seed41_ablation_wd_l16_fc3rev_h64.pth,/home/595/sl9144/codes/snn_simulation/important_results/new_fc3/noise_sweep_rate_uniform_L16_T16/fc3rev_h64/seed_41/noise_sweep_matrix_mnist_fc3rev_h64_T16_mode_rate_uniform_schedule_normal_seed_41.csv
fc3rev_h64,64,weight_decay,rate_uniform,16,16,41,0.75,97.740000,mnist-checkpoints/fc3rev_h64_L[16]_strict_seed41_ablation_wd_l16_fc3rev_h64.pth,/home/595/sl9144/codes/snn_simulation/important_results/new_fc3/noise_sweep_rate_uniform_L16_T16/fc3rev_h64/seed_41/noise_sweep_matrix_mnist_fc3rev_h64_T16_mode_rate_uniform_schedule_normal_seed_41.csv
fc3rev_h64,64,weight_decay,rate_uniform,16,16,41,0.80,97.640000,mnist-checkpoints/fc3rev_h64_L[16]_strict_seed41_ablation_wd_l16_fc3rev_h64.pth,/home/595/sl9144/codes/snn_simulation/important_results/new_fc3/noise_sweep_rate_uniform_L16_T16/fc3rev_h64/seed_41/noise_sweep_matrix_mnist_fc3rev_h64_T16_mode_rate_uniform_schedule_normal_seed_41.csv
fc3rev_h64,64,weight_decay,rate_uniform,16,16,41,0.85,97.660000,mnist-checkpoints/fc3rev_h64_L[16]_strict_seed41_ablation_wd_l16_fc3rev_h64.pth,/home/595/sl9144/codes/snn_simulation/important_results/new_fc3/noise_sweep_rate_uniform_L16_T16/fc3rev_h64/seed_41/noise_sweep_matrix_mnist_fc3rev_h64_T16_mode_rate_uniform_schedule_normal_seed_41.csv
fc3rev_h64,64,weight_decay,rate_uniform,16,16,41,0.90,97.820000,mnist-checkpoints/fc3rev_h64_L[16]_strict_seed41_ablation_wd_l16_fc3rev_h64.pth,/home/595/sl9144/codes/snn_simulation/important_results/new_fc3/noise_sweep_rate_uniform_L16_T16/fc3rev_h64/seed_41/noise_sweep_matrix_mnist_fc3rev_h64_T16_mode_rate_uniform_schedule_normal_seed_41.csv
fc3rev_h64,64,weight_decay,rate_uniform,16,16,41,0.95,97.760000,mnist-checkpoints/fc3rev_h64_L[16]_strict_seed41_ablation_wd_l16_fc3rev_h64.pth,/home/595/sl9144/codes/snn_simulation/important_results/new_fc3/noise_sweep_rate_uniform_L16_T16/fc3rev_h64/seed_41/noise_sweep_matrix_mnist_fc3rev_h64_T16_mode_rate_uniform_schedule_normal_seed_41.csv
fc3rev_h64,64,weight_decay,rate_uniform,16,16,41,1.00,97.710000,mnist-checkpoints/fc3rev_h64_L[16]_strict_seed41_ablation_wd_l16_fc3rev_h64.pth,/home/595/sl9144/codes/snn_simulation/important_results/new_fc3/noise_sweep_rate_uniform_L16_T16/fc3rev_h64/seed_41/noise_sweep_matrix_mnist_fc3rev_h64_T16_mode_rate_uniform_schedule_normal_seed_41.csv
fc3rev_h64,64,weight_decay,rate_uniform,16,16,42,0.00,98.140000,mnist-checkpoints/fc3rev_h64_L[16]_strict_seed42_ablation_wd_l16_fc3rev_h64.pth,/home/595/sl9144/codes/snn_simulation/important_results/new_fc3/noise_sweep_rate_uniform_L16_T16/fc3rev_h64/seed_42/noise_sweep_matrix_mnist_fc3rev_h64_T16_mode_rate_uniform_schedule_normal_seed_42.csv
fc3rev_h64,64,weight_decay,rate_uniform,16,16,42,0.05,98.110000,mnist-checkpoints/fc3rev_h64_L[16]_strict_seed42_ablation_wd_l16_fc3rev_h64.pth,/home/595/sl9144/codes/snn_simulation/important_results/new_fc3/noise_sweep_rate_uniform_L16_T16/fc3rev_h64/seed_42/noise_sweep_matrix_mnist_fc3rev_h64_T16_mode_rate_uniform_schedule_normal_seed_42.csv
fc3rev_h64,64,weight_decay,rate_uniform,16,16,42,0.10,98.100000,mnist-checkpoints/fc3rev_h64_L[16]_strict_seed42_ablation_wd_l16_fc3rev_h64.pth,/home/595/sl9144/codes/snn_simulation/important_results/new_fc3/noise_sweep_rate_uniform_L16_T16/fc3rev_h64/seed_42/noise_sweep_matrix_mnist_fc3rev_h64_T16_mode_rate_uniform_schedule_normal_seed_42.csv
fc3rev_h64,64,weight_decay,rate_uniform,16,16,42,0.15,98.070000,mnist-checkpoints/fc3rev_h64_L[16]_strict_seed42_ablation_wd_l16_fc3rev_h64.pth,/home/595/sl9144/codes/snn_simulation/important_results/new_fc3/noise_sweep_rate_uniform_L16_T16/fc3rev_h64/seed_42/noise_sweep_matrix_mnist_fc3rev_h64_T16_mode_rate_uniform_schedule_normal_seed_42.csv
fc3rev_h64,64,weight_decay,rate_uniform,16,16,42,0.20,98.080000,mnist-checkpoints/fc3rev_h64_L[16]_strict_seed42_ablation_wd_l16_fc3rev_h64.pth,/home/595/sl9144/codes/snn_simulation/important_results/new_fc3/noise_sweep_rate_uniform_L16_T16/fc3rev_h64/seed_42/noise_sweep_matrix_mnist_fc3rev_h64_T16_mode_rate_uniform_schedule_normal_seed_42.csv
fc3rev_h64,64,weight_decay,rate_uniform,16,16,42,0.25,98.050000,mnist-checkpoints/fc3rev_h64_L[16]_strict_seed42_ablation_wd_l16_fc3rev_h64.pth,/home/595/sl9144/codes/snn_simulation/important_results/new_fc3/noise_sweep_rate_uniform_L16_T16/fc3rev_h64/seed_42/noise_sweep_matrix_mnist_fc3rev_h64_T16_mode_rate_uniform_schedule_normal_seed_42.csv
fc3rev_h64,64,weight_decay,rate_uniform,16,16,42,0.30,98.080000,mnist-checkpoints/fc3rev_h64_L[16]_strict_seed42_ablation_wd_l16_fc3rev_h64.pth,/home/595/sl9144/codes/snn_simulation/important_results/new_fc3/noise_sweep_rate_uniform_L16_T16/fc3rev_h64/seed_42/noise_sweep_matrix_mnist_fc3rev_h64_T16_mode_rate_uniform_schedule_normal_seed_42.csv
fc3rev_h64,64,weight_decay,rate_uniform,16,16,42,0.35,98.110000,mnist-checkpoints/fc3rev_h64_L[16]_strict_seed42_ablation_wd_l16_fc3rev_h64.pth,/home/595/sl9144/codes/snn_simulation/important_results/new_fc3/noise_sweep_rate_uniform_L16_T16/fc3rev_h64/seed_42/noise_sweep_matrix_mnist_fc3rev_h64_T16_mode_rate_uniform_schedule_normal_seed_42.csv
fc3rev_h64,64,weight_decay,rate_uniform,16,16,42,0.40,98.100000,mnist-checkpoints/fc3rev_h64_L[16]_strict_seed42_ablation_wd_l16_fc3rev_h64.pth,/home/595/sl9144/codes/snn_simulation/important_results/new_fc3/noise_sweep_rate_uniform_L16_T16/fc3rev_h64/seed_42/noise_sweep_matrix_mnist_fc3rev_h64_T16_mode_rate_uniform_schedule_normal_seed_42.csv
fc3rev_h64,64,weight_decay,rate_uniform,16,16,42,0.45,98.060000,mnist-checkpoints/fc3rev_h64_L[16]_strict_seed42_ablation_wd_l16_fc3rev_h64.pth,/home/595/sl9144/codes/snn_simulation/important_results/new_fc3/noise_sweep_rate_uniform_L16_T16/fc3rev_h64/seed_42/noise_sweep_matrix_mnist_fc3rev_h64_T16_mode_rate_uniform_schedule_normal_seed_42.csv
fc3rev_h64,64,weight_decay,rate_uniform,16,16,42,0.50,98.080000,mnist-checkpoints/fc3rev_h64_L[16]_strict_seed42_ablation_wd_l16_fc3rev_h64.pth,/home/595/sl9144/codes/snn_simulation/important_results/new_fc3/noise_sweep_rate_uniform_L16_T16/fc3rev_h64/seed_42/noise_sweep_matrix_mnist_fc3rev_h64_T16_mode_rate_uniform_schedule_normal_seed_42.csv
fc3rev_h64,64,weight_decay,rate_uniform,16,16,42,0.55,97.960000,mnist-checkpoints/fc3rev_h64_L[16]_strict_seed42_ablation_wd_l16_fc3rev_h64.pth,/home/595/sl9144/codes/snn_simulation/important_results/new_fc3/noise_sweep_rate_uniform_L16_T16/fc3rev_h64/seed_42/noise_sweep_matrix_mnist_fc3rev_h64_T16_mode_rate_uniform_schedule_normal_seed_42.csv
fc3rev_h64,64,weight_decay,rate_uniform,16,16,42,0.60,98.030000,mnist-checkpoints/fc3rev_h64_L[16]_strict_seed42_ablation_wd_l16_fc3rev_h64.pth,/home/595/sl9144/codes/snn_simulation/important_results/new_fc3/noise_sweep_rate_uniform_L16_T16/fc3rev_h64/seed_42/noise_sweep_matrix_mnist_fc3rev_h64_T16_mode_rate_uniform_schedule_normal_seed_42.csv
fc3rev_h64,64,weight_decay,rate_uniform,16,16,42,0.65,97.910000,mnist-checkpoints/fc3rev_h64_L[16]_strict_seed42_ablation_wd_l16_fc3rev_h64.pth,/home/595/sl9144/codes/snn_simulation/important_results/new_fc3/noise_sweep_rate_uniform_L16_T16/fc3rev_h64/seed_42/noise_sweep_matrix_mnist_fc3rev_h64_T16_mode_rate_uniform_schedule_normal_seed_42.csv
fc3rev_h64,64,weight_decay,rate_uniform,16,16,42,0.70,97.990000,mnist-checkpoints/fc3rev_h64_L[16]_strict_seed42_ablation_wd_l16_fc3rev_h64.pth,/home/595/sl9144/codes/snn_simulation/important_results/new_fc3/noise_sweep_rate_uniform_L16_T16/fc3rev_h64/seed_42/noise_sweep_matrix_mnist_fc3rev_h64_T16_mode_rate_uniform_schedule_normal_seed_42.csv
fc3rev_h64,64,weight_decay,rate_uniform,16,16,42,0.75,97.860000,mnist-checkpoints/fc3rev_h64_L[16]_strict_seed42_ablation_wd_l16_fc3rev_h64.pth,/home/595/sl9144/codes/snn_simulation/important_results/new_fc3/noise_sweep_rate_uniform_L16_T16/fc3rev_h64/seed_42/noise_sweep_matrix_mnist_fc3rev_h64_T16_mode_rate_uniform_schedule_normal_seed_42.csv
fc3rev_h64,64,weight_decay,rate_uniform,16,16,42,0.80,97.870000,mnist-checkpoints/fc3rev_h64_L[16]_strict_seed42_ablation_wd_l16_fc3rev_h64.pth,/home/595/sl9144/codes/snn_simulation/important_results/new_fc3/noise_sweep_rate_uniform_L16_T16/fc3rev_h64/seed_42/noise_sweep_matrix_mnist_fc3rev_h64_T16_mode_rate_uniform_schedule_normal_seed_42.csv
fc3rev_h64,64,weight_decay,rate_uniform,16,16,42,0.85,97.870000,mnist-checkpoints/fc3rev_h64_L[16]_strict_seed42_ablation_wd_l16_fc3rev_h64.pth,/home/595/sl9144/codes/snn_simulation/important_results/new_fc3/noise_sweep_rate_uniform_L16_T16/fc3rev_h64/seed_42/noise_sweep_matrix_mnist_fc3rev_h64_T16_mode_rate_uniform_schedule_normal_seed_42.csv
fc3rev_h64,64,weight_decay,rate_uniform,16,16,42,0.90,97.740000,mnist-checkpoints/fc3rev_h64_L[16]_strict_seed42_ablation_wd_l16_fc3rev_h64.pth,/home/595/sl9144/codes/snn_simulation/important_results/new_fc3/noise_sweep_rate_uniform_L16_T16/fc3rev_h64/seed_42/noise_sweep_matrix_mnist_fc3rev_h64_T16_mode_rate_uniform_schedule_normal_seed_42.csv
fc3rev_h64,64,weight_decay,rate_uniform,16,16,42,0.95,97.780000,mnist-checkpoints/fc3rev_h64_L[16]_strict_seed42_ablation_wd_l16_fc3rev_h64.pth,/home/595/sl9144/codes/snn_simulation/important_results/new_fc3/noise_sweep_rate_uniform_L16_T16/fc3rev_h64/seed_42/noise_sweep_matrix_mnist_fc3rev_h64_T16_mode_rate_uniform_schedule_normal_seed_42.csv
fc3rev_h64,64,weight_decay,rate_uniform,16,16,42,1.00,97.660000,mnist-checkpoints/fc3rev_h64_L[16]_strict_seed42_ablation_wd_l16_fc3rev_h64.pth,/home/595/sl9144/codes/snn_simulation/important_results/new_fc3/noise_sweep_rate_uniform_L16_T16/fc3rev_h64/seed_42/noise_sweep_matrix_mnist_fc3rev_h64_T16_mode_rate_uniform_schedule_normal_seed_42.csv
fc3rev_h64,64,weight_decay,rate_uniform,16,16,43,0.00,98.060000,mnist-checkpoints/fc3rev_h64_L[16]_strict_seed43_ablation_wd_l16_fc3rev_h64.pth,/home/595/sl9144/codes/snn_simulation/important_results/new_fc3/noise_sweep_rate_uniform_L16_T16/fc3rev_h64/seed_43/noise_sweep_matrix_mnist_fc3rev_h64_T16_mode_rate_uniform_schedule_normal_seed_43.csv
fc3rev_h64,64,weight_decay,rate_uniform,16,16,43,0.05,98.050000,mnist-checkpoints/fc3rev_h64_L[16]_strict_seed43_ablation_wd_l16_fc3rev_h64.pth,/home/595/sl9144/codes/snn_simulation/important_results/new_fc3/noise_sweep_rate_uniform_L16_T16/fc3rev_h64/seed_43/noise_sweep_matrix_mnist_fc3rev_h64_T16_mode_rate_uniform_schedule_normal_seed_43.csv
fc3rev_h64,64,weight_decay,rate_uniform,16,16,43,0.10,98.070000,mnist-checkpoints/fc3rev_h64_L[16]_strict_seed43_ablation_wd_l16_fc3rev_h64.pth,/home/595/sl9144/codes/snn_simulation/important_results/new_fc3/noise_sweep_rate_uniform_L16_T16/fc3rev_h64/seed_43/noise_sweep_matrix_mnist_fc3rev_h64_T16_mode_rate_uniform_schedule_normal_seed_43.csv
fc3rev_h64,64,weight_decay,rate_uniform,16,16,43,0.15,98.040000,mnist-checkpoints/fc3rev_h64_L[16]_strict_seed43_ablation_wd_l16_fc3rev_h64.pth,/home/595/sl9144/codes/snn_simulation/important_results/new_fc3/noise_sweep_rate_uniform_L16_T16/fc3rev_h64/seed_43/noise_sweep_matrix_mnist_fc3rev_h64_T16_mode_rate_uniform_schedule_normal_seed_43.csv
fc3rev_h64,64,weight_decay,rate_uniform,16,16,43,0.20,97.980000,mnist-checkpoints/fc3rev_h64_L[16]_strict_seed43_ablation_wd_l16_fc3rev_h64.pth,/home/595/sl9144/codes/snn_simulation/important_results/new_fc3/noise_sweep_rate_uniform_L16_T16/fc3rev_h64/seed_43/noise_sweep_matrix_mnist_fc3rev_h64_T16_mode_rate_uniform_schedule_normal_seed_43.csv
fc3rev_h64,64,weight_decay,rate_uniform,16,16,43,0.25,97.950000,mnist-checkpoints/fc3rev_h64_L[16]_strict_seed43_ablation_wd_l16_fc3rev_h64.pth,/home/595/sl9144/codes/snn_simulation/important_results/new_fc3/noise_sweep_rate_uniform_L16_T16/fc3rev_h64/seed_43/noise_sweep_matrix_mnist_fc3rev_h64_T16_mode_rate_uniform_schedule_normal_seed_43.csv
fc3rev_h64,64,weight_decay,rate_uniform,16,16,43,0.30,98.040000,mnist-checkpoints/fc3rev_h64_L[16]_strict_seed43_ablation_wd_l16_fc3rev_h64.pth,/home/595/sl9144/codes/snn_simulation/important_results/new_fc3/noise_sweep_rate_uniform_L16_T16/fc3rev_h64/seed_43/noise_sweep_matrix_mnist_fc3rev_h64_T16_mode_rate_uniform_schedule_normal_seed_43.csv
fc3rev_h64,64,weight_decay,rate_uniform,16,16,43,0.35,97.870000,mnist-checkpoints/fc3rev_h64_L[16]_strict_seed43_ablation_wd_l16_fc3rev_h64.pth,/home/595/sl9144/codes/snn_simulation/important_results/new_fc3/noise_sweep_rate_uniform_L16_T16/fc3rev_h64/seed_43/noise_sweep_matrix_mnist_fc3rev_h64_T16_mode_rate_uniform_schedule_normal_seed_43.csv
fc3rev_h64,64,weight_decay,rate_uniform,16,16,43,0.40,98.010000,mnist-checkpoints/fc3rev_h64_L[16]_strict_seed43_ablation_wd_l16_fc3rev_h64.pth,/home/595/sl9144/codes/snn_simulation/important_results/new_fc3/noise_sweep_rate_uniform_L16_T16/fc3rev_h64/seed_43/noise_sweep_matrix_mnist_fc3rev_h64_T16_mode_rate_uniform_schedule_normal_seed_43.csv
fc3rev_h64,64,weight_decay,rate_uniform,16,16,43,0.45,97.820000,mnist-checkpoints/fc3rev_h64_L[16]_strict_seed43_ablation_wd_l16_fc3rev_h64.pth,/home/595/sl9144/codes/snn_simulation/important_results/new_fc3/noise_sweep_rate_uniform_L16_T16/fc3rev_h64/seed_43/noise_sweep_matrix_mnist_fc3rev_h64_T16_mode_rate_uniform_schedule_normal_seed_43.csv
fc3rev_h64,64,weight_decay,rate_uniform,16,16,43,0.50,97.990000,mnist-checkpoints/fc3rev_h64_L[16]_strict_seed43_ablation_wd_l16_fc3rev_h64.pth,/home/595/sl9144/codes/snn_simulation/important_results/new_fc3/noise_sweep_rate_uniform_L16_T16/fc3rev_h64/seed_43/noise_sweep_matrix_mnist_fc3rev_h64_T16_mode_rate_uniform_schedule_normal_seed_43.csv
fc3rev_h64,64,weight_decay,rate_uniform,16,16,43,0.55,97.900000,mnist-checkpoints/fc3rev_h64_L[16]_strict_seed43_ablation_wd_l16_fc3rev_h64.pth,/home/595/sl9144/codes/snn_simulation/important_results/new_fc3/noise_sweep_rate_uniform_L16_T16/fc3rev_h64/seed_43/noise_sweep_matrix_mnist_fc3rev_h64_T16_mode_rate_uniform_schedule_normal_seed_43.csv
fc3rev_h64,64,weight_decay,rate_uniform,16,16,43,0.60,97.980000,mnist-checkpoints/fc3rev_h64_L[16]_strict_seed43_ablation_wd_l16_fc3rev_h64.pth,/home/595/sl9144/codes/snn_simulation/important_results/new_fc3/noise_sweep_rate_uniform_L16_T16/fc3rev_h64/seed_43/noise_sweep_matrix_mnist_fc3rev_h64_T16_mode_rate_uniform_schedule_normal_seed_43.csv
fc3rev_h64,64,weight_decay,rate_uniform,16,16,43,0.65,97.800000,mnist-checkpoints/fc3rev_h64_L[16]_strict_seed43_ablation_wd_l16_fc3rev_h64.pth,/home/595/sl9144/codes/snn_simulation/important_results/new_fc3/noise_sweep_rate_uniform_L16_T16/fc3rev_h64/seed_43/noise_sweep_matrix_mnist_fc3rev_h64_T16_mode_rate_uniform_schedule_normal_seed_43.csv
fc3rev_h64,64,weight_decay,rate_uniform,16,16,43,0.70,97.930000,mnist-checkpoints/fc3rev_h64_L[16]_strict_seed43_ablation_wd_l16_fc3rev_h64.pth,/home/595/sl9144/codes/snn_simulation/important_results/new_fc3/noise_sweep_rate_uniform_L16_T16/fc3rev_h64/seed_43/noise_sweep_matrix_mnist_fc3rev_h64_T16_mode_rate_uniform_schedule_normal_seed_43.csv
fc3rev_h64,64,weight_decay,rate_uniform,16,16,43,0.75,97.780000,mnist-checkpoints/fc3rev_h64_L[16]_strict_seed43_ablation_wd_l16_fc3rev_h64.pth,/home/595/sl9144/codes/snn_simulation/important_results/new_fc3/noise_sweep_rate_uniform_L16_T16/fc3rev_h64/seed_43/noise_sweep_matrix_mnist_fc3rev_h64_T16_mode_rate_uniform_schedule_normal_seed_43.csv
fc3rev_h64,64,weight_decay,rate_uniform,16,16,43,0.80,97.800000,mnist-checkpoints/fc3rev_h64_L[16]_strict_seed43_ablation_wd_l16_fc3rev_h64.pth,/home/595/sl9144/codes/snn_simulation/important_results/new_fc3/noise_sweep_rate_uniform_L16_T16/fc3rev_h64/seed_43/noise_sweep_matrix_mnist_fc3rev_h64_T16_mode_rate_uniform_schedule_normal_seed_43.csv
fc3rev_h64,64,weight_decay,rate_uniform,16,16,43,0.85,97.650000,mnist-checkpoints/fc3rev_h64_L[16]_strict_seed43_ablation_wd_l16_fc3rev_h64.pth,/home/595/sl9144/codes/snn_simulation/important_results/new_fc3/noise_sweep_rate_uniform_L16_T16/fc3rev_h64/seed_43/noise_sweep_matrix_mnist_fc3rev_h64_T16_mode_rate_uniform_schedule_normal_seed_43.csv
fc3rev_h64,64,weight_decay,rate_uniform,16,16,43,0.90,97.630000,mnist-checkpoints/fc3rev_h64_L[16]_strict_seed43_ablation_wd_l16_fc3rev_h64.pth,/home/595/sl9144/codes/snn_simulation/important_results/new_fc3/noise_sweep_rate_uniform_L16_T16/fc3rev_h64/seed_43/noise_sweep_matrix_mnist_fc3rev_h64_T16_mode_rate_uniform_schedule_normal_seed_43.csv
fc3rev_h64,64,weight_decay,rate_uniform,16,16,43,0.95,97.690000,mnist-checkpoints/fc3rev_h64_L[16]_strict_seed43_ablation_wd_l16_fc3rev_h64.pth,/home/595/sl9144/codes/snn_simulation/important_results/new_fc3/noise_sweep_rate_uniform_L16_T16/fc3rev_h64/seed_43/noise_sweep_matrix_mnist_fc3rev_h64_T16_mode_rate_uniform_schedule_normal_seed_43.csv
fc3rev_h64,64,weight_decay,rate_uniform,16,16,43,1.00,97.570000,mnist-checkpoints/fc3rev_h64_L[16]_strict_seed43_ablation_wd_l16_fc3rev_h64.pth,/home/595/sl9144/codes/snn_simulation/important_results/new_fc3/noise_sweep_rate_uniform_L16_T16/fc3rev_h64/seed_43/noise_sweep_matrix_mnist_fc3rev_h64_T16_mode_rate_uniform_schedule_normal_seed_43.csv
fc3rev_h64,64,weight_decay,rate_uniform,16,16,44,0.00,97.800000,mnist-checkpoints/fc3rev_h64_L[16]_strict_seed44_ablation_wd_l16_fc3rev_h64.pth,/home/595/sl9144/codes/snn_simulation/important_results/new_fc3/noise_sweep_rate_uniform_L16_T16/fc3rev_h64/seed_44/noise_sweep_matrix_mnist_fc3rev_h64_T16_mode_rate_uniform_schedule_normal_seed_44.csv
fc3rev_h64,64,weight_decay,rate_uniform,16,16,44,0.05,97.830000,mnist-checkpoints/fc3rev_h64_L[16]_strict_seed44_ablation_wd_l16_fc3rev_h64.pth,/home/595/sl9144/codes/snn_simulation/important_results/new_fc3/noise_sweep_rate_uniform_L16_T16/fc3rev_h64/seed_44/noise_sweep_matrix_mnist_fc3rev_h64_T16_mode_rate_uniform_schedule_normal_seed_44.csv
fc3rev_h64,64,weight_decay,rate_uniform,16,16,44,0.10,97.800000,mnist-checkpoints/fc3rev_h64_L[16]_strict_seed44_ablation_wd_l16_fc3rev_h64.pth,/home/595/sl9144/codes/snn_simulation/important_results/new_fc3/noise_sweep_rate_uniform_L16_T16/fc3rev_h64/seed_44/noise_sweep_matrix_mnist_fc3rev_h64_T16_mode_rate_uniform_schedule_normal_seed_44.csv
fc3rev_h64,64,weight_decay,rate_uniform,16,16,44,0.15,97.850000,mnist-checkpoints/fc3rev_h64_L[16]_strict_seed44_ablation_wd_l16_fc3rev_h64.pth,/home/595/sl9144/codes/snn_simulation/important_results/new_fc3/noise_sweep_rate_uniform_L16_T16/fc3rev_h64/seed_44/noise_sweep_matrix_mnist_fc3rev_h64_T16_mode_rate_uniform_schedule_normal_seed_44.csv
fc3rev_h64,64,weight_decay,rate_uniform,16,16,44,0.20,97.810000,mnist-checkpoints/fc3rev_h64_L[16]_strict_seed44_ablation_wd_l16_fc3rev_h64.pth,/home/595/sl9144/codes/snn_simulation/important_results/new_fc3/noise_sweep_rate_uniform_L16_T16/fc3rev_h64/seed_44/noise_sweep_matrix_mnist_fc3rev_h64_T16_mode_rate_uniform_schedule_normal_seed_44.csv
fc3rev_h64,64,weight_decay,rate_uniform,16,16,44,0.25,97.810000,mnist-checkpoints/fc3rev_h64_L[16]_strict_seed44_ablation_wd_l16_fc3rev_h64.pth,/home/595/sl9144/codes/snn_simulation/important_results/new_fc3/noise_sweep_rate_uniform_L16_T16/fc3rev_h64/seed_44/noise_sweep_matrix_mnist_fc3rev_h64_T16_mode_rate_uniform_schedule_normal_seed_44.csv
fc3rev_h64,64,weight_decay,rate_uniform,16,16,44,0.30,97.800000,mnist-checkpoints/fc3rev_h64_L[16]_strict_seed44_ablation_wd_l16_fc3rev_h64.pth,/home/595/sl9144/codes/snn_simulation/important_results/new_fc3/noise_sweep_rate_uniform_L16_T16/fc3rev_h64/seed_44/noise_sweep_matrix_mnist_fc3rev_h64_T16_mode_rate_uniform_schedule_normal_seed_44.csv
fc3rev_h64,64,weight_decay,rate_uniform,16,16,44,0.35,97.740000,mnist-checkpoints/fc3rev_h64_L[16]_strict_seed44_ablation_wd_l16_fc3rev_h64.pth,/home/595/sl9144/codes/snn_simulation/important_results/new_fc3/noise_sweep_rate_uniform_L16_T16/fc3rev_h64/seed_44/noise_sweep_matrix_mnist_fc3rev_h64_T16_mode_rate_uniform_schedule_normal_seed_44.csv
fc3rev_h64,64,weight_decay,rate_uniform,16,16,44,0.40,97.800000,mnist-checkpoints/fc3rev_h64_L[16]_strict_seed44_ablation_wd_l16_fc3rev_h64.pth,/home/595/sl9144/codes/snn_simulation/important_results/new_fc3/noise_sweep_rate_uniform_L16_T16/fc3rev_h64/seed_44/noise_sweep_matrix_mnist_fc3rev_h64_T16_mode_rate_uniform_schedule_normal_seed_44.csv
fc3rev_h64,64,weight_decay,rate_uniform,16,16,44,0.45,97.750000,mnist-checkpoints/fc3rev_h64_L[16]_strict_seed44_ablation_wd_l16_fc3rev_h64.pth,/home/595/sl9144/codes/snn_simulation/important_results/new_fc3/noise_sweep_rate_uniform_L16_T16/fc3rev_h64/seed_44/noise_sweep_matrix_mnist_fc3rev_h64_T16_mode_rate_uniform_schedule_normal_seed_44.csv
fc3rev_h64,64,weight_decay,rate_uniform,16,16,44,0.50,97.750000,mnist-checkpoints/fc3rev_h64_L[16]_strict_seed44_ablation_wd_l16_fc3rev_h64.pth,/home/595/sl9144/codes/snn_simulation/important_results/new_fc3/noise_sweep_rate_uniform_L16_T16/fc3rev_h64/seed_44/noise_sweep_matrix_mnist_fc3rev_h64_T16_mode_rate_uniform_schedule_normal_seed_44.csv
fc3rev_h64,64,weight_decay,rate_uniform,16,16,44,0.55,97.780000,mnist-checkpoints/fc3rev_h64_L[16]_strict_seed44_ablation_wd_l16_fc3rev_h64.pth,/home/595/sl9144/codes/snn_simulation/important_results/new_fc3/noise_sweep_rate_uniform_L16_T16/fc3rev_h64/seed_44/noise_sweep_matrix_mnist_fc3rev_h64_T16_mode_rate_uniform_schedule_normal_seed_44.csv
fc3rev_h64,64,weight_decay,rate_uniform,16,16,44,0.60,97.670000,mnist-checkpoints/fc3rev_h64_L[16]_strict_seed44_ablation_wd_l16_fc3rev_h64.pth,/home/595/sl9144/codes/snn_simulation/important_results/new_fc3/noise_sweep_rate_uniform_L16_T16/fc3rev_h64/seed_44/noise_sweep_matrix_mnist_fc3rev_h64_T16_mode_rate_uniform_schedule_normal_seed_44.csv
fc3rev_h64,64,weight_decay,rate_uniform,16,16,44,0.65,97.680000,mnist-checkpoints/fc3rev_h64_L[16]_strict_seed44_ablation_wd_l16_fc3rev_h64.pth,/home/595/sl9144/codes/snn_simulation/important_results/new_fc3/noise_sweep_rate_uniform_L16_T16/fc3rev_h64/seed_44/noise_sweep_matrix_mnist_fc3rev_h64_T16_mode_rate_uniform_schedule_normal_seed_44.csv
fc3rev_h64,64,weight_decay,rate_uniform,16,16,44,0.70,97.700000,mnist-checkpoints/fc3rev_h64_L[16]_strict_seed44_ablation_wd_l16_fc3rev_h64.pth,/home/595/sl9144/codes/snn_simulation/important_results/new_fc3/noise_sweep_rate_uniform_L16_T16/fc3rev_h64/seed_44/noise_sweep_matrix_mnist_fc3rev_h64_T16_mode_rate_uniform_schedule_normal_seed_44.csv
fc3rev_h64,64,weight_decay,rate_uniform,16,16,44,0.75,97.620000,mnist-checkpoints/fc3rev_h64_L[16]_strict_seed44_ablation_wd_l16_fc3rev_h64.pth,/home/595/sl9144/codes/snn_simulation/important_results/new_fc3/noise_sweep_rate_uniform_L16_T16/fc3rev_h64/seed_44/noise_sweep_matrix_mnist_fc3rev_h64_T16_mode_rate_uniform_schedule_normal_seed_44.csv
fc3rev_h64,64,weight_decay,rate_uniform,16,16,44,0.80,97.560000,mnist-checkpoints/fc3rev_h64_L[16]_strict_seed44_ablation_wd_l16_fc3rev_h64.pth,/home/595/sl9144/codes/snn_simulation/important_results/new_fc3/noise_sweep_rate_uniform_L16_T16/fc3rev_h64/seed_44/noise_sweep_matrix_mnist_fc3rev_h64_T16_mode_rate_uniform_schedule_normal_seed_44.csv
fc3rev_h64,64,weight_decay,rate_uniform,16,16,44,0.85,97.520000,mnist-checkpoints/fc3rev_h64_L[16]_strict_seed44_ablation_wd_l16_fc3rev_h64.pth,/home/595/sl9144/codes/snn_simulation/important_results/new_fc3/noise_sweep_rate_uniform_L16_T16/fc3rev_h64/seed_44/noise_sweep_matrix_mnist_fc3rev_h64_T16_mode_rate_uniform_schedule_normal_seed_44.csv
fc3rev_h64,64,weight_decay,rate_uniform,16,16,44,0.90,97.530000,mnist-checkpoints/fc3rev_h64_L[16]_strict_seed44_ablation_wd_l16_fc3rev_h64.pth,/home/595/sl9144/codes/snn_simulation/important_results/new_fc3/noise_sweep_rate_uniform_L16_T16/fc3rev_h64/seed_44/noise_sweep_matrix_mnist_fc3rev_h64_T16_mode_rate_uniform_schedule_normal_seed_44.csv
fc3rev_h64,64,weight_decay,rate_uniform,16,16,44,0.95,97.360000,mnist-checkpoints/fc3rev_h64_L[16]_strict_seed44_ablation_wd_l16_fc3rev_h64.pth,/home/595/sl9144/codes/snn_simulation/important_results/new_fc3/noise_sweep_rate_uniform_L16_T16/fc3rev_h64/seed_44/noise_sweep_matrix_mnist_fc3rev_h64_T16_mode_rate_uniform_schedule_normal_seed_44.csv
fc3rev_h64,64,weight_decay,rate_uniform,16,16,44,1.00,97.510000,mnist-checkpoints/fc3rev_h64_L[16]_strict_seed44_ablation_wd_l16_fc3rev_h64.pth,/home/595/sl9144/codes/snn_simulation/important_results/new_fc3/noise_sweep_rate_uniform_L16_T16/fc3rev_h64/seed_44/noise_sweep_matrix_mnist_fc3rev_h64_T16_mode_rate_uniform_schedule_normal_seed_44.csv
fc3rev_h128,128,weight_decay,rate_uniform,16,16,40,0.00,98.180000,mnist-checkpoints/fc3rev_h128_L[16]_strict_seed40_ablation_wd_l16_fc3rev_h128.pth,/home/595/sl9144/codes/snn_simulation/important_results/new_fc3/noise_sweep_rate_uniform_L16_T16/fc3rev_h128/seed_40/noise_sweep_matrix_mnist_fc3rev_h128_T16_mode_rate_uniform_schedule_normal_seed_40.csv
fc3rev_h128,128,weight_decay,rate_uniform,16,16,40,0.05,98.140000,mnist-checkpoints/fc3rev_h128_L[16]_strict_seed40_ablation_wd_l16_fc3rev_h128.pth,/home/595/sl9144/codes/snn_simulation/important_results/new_fc3/noise_sweep_rate_uniform_L16_T16/fc3rev_h128/seed_40/noise_sweep_matrix_mnist_fc3rev_h128_T16_mode_rate_uniform_schedule_normal_seed_40.csv
fc3rev_h128,128,weight_decay,rate_uniform,16,16,40,0.10,98.160000,mnist-checkpoints/fc3rev_h128_L[16]_strict_seed40_ablation_wd_l16_fc3rev_h128.pth,/home/595/sl9144/codes/snn_simulation/important_results/new_fc3/noise_sweep_rate_uniform_L16_T16/fc3rev_h128/seed_40/noise_sweep_matrix_mnist_fc3rev_h128_T16_mode_rate_uniform_schedule_normal_seed_40.csv
fc3rev_h128,128,weight_decay,rate_uniform,16,16,40,0.15,98.140000,mnist-checkpoints/fc3rev_h128_L[16]_strict_seed40_ablation_wd_l16_fc3rev_h128.pth,/home/595/sl9144/codes/snn_simulation/important_results/new_fc3/noise_sweep_rate_uniform_L16_T16/fc3rev_h128/seed_40/noise_sweep_matrix_mnist_fc3rev_h128_T16_mode_rate_uniform_schedule_normal_seed_40.csv
fc3rev_h128,128,weight_decay,rate_uniform,16,16,40,0.20,98.130000,mnist-checkpoints/fc3rev_h128_L[16]_strict_seed40_ablation_wd_l16_fc3rev_h128.pth,/home/595/sl9144/codes/snn_simulation/important_results/new_fc3/noise_sweep_rate_uniform_L16_T16/fc3rev_h128/seed_40/noise_sweep_matrix_mnist_fc3rev_h128_T16_mode_rate_uniform_schedule_normal_seed_40.csv
fc3rev_h128,128,weight_decay,rate_uniform,16,16,40,0.25,98.130000,mnist-checkpoints/fc3rev_h128_L[16]_strict_seed40_ablation_wd_l16_fc3rev_h128.pth,/home/595/sl9144/codes/snn_simulation/important_results/new_fc3/noise_sweep_rate_uniform_L16_T16/fc3rev_h128/seed_40/noise_sweep_matrix_mnist_fc3rev_h128_T16_mode_rate_uniform_schedule_normal_seed_40.csv
fc3rev_h128,128,weight_decay,rate_uniform,16,16,40,0.30,98.000000,mnist-checkpoints/fc3rev_h128_L[16]_strict_seed40_ablation_wd_l16_fc3rev_h128.pth,/home/595/sl9144/codes/snn_simulation/important_results/new_fc3/noise_sweep_rate_uniform_L16_T16/fc3rev_h128/seed_40/noise_sweep_matrix_mnist_fc3rev_h128_T16_mode_rate_uniform_schedule_normal_seed_40.csv
fc3rev_h128,128,weight_decay,rate_uniform,16,16,40,0.35,98.050000,mnist-checkpoints/fc3rev_h128_L[16]_strict_seed40_ablation_wd_l16_fc3rev_h128.pth,/home/595/sl9144/codes/snn_simulation/important_results/new_fc3/noise_sweep_rate_uniform_L16_T16/fc3rev_h128/seed_40/noise_sweep_matrix_mnist_fc3rev_h128_T16_mode_rate_uniform_schedule_normal_seed_40.csv
fc3rev_h128,128,weight_decay,rate_uniform,16,16,40,0.40,98.000000,mnist-checkpoints/fc3rev_h128_L[16]_strict_seed40_ablation_wd_l16_fc3rev_h128.pth,/home/595/sl9144/codes/snn_simulation/important_results/new_fc3/noise_sweep_rate_uniform_L16_T16/fc3rev_h128/seed_40/noise_sweep_matrix_mnist_fc3rev_h128_T16_mode_rate_uniform_schedule_normal_seed_40.csv
fc3rev_h128,128,weight_decay,rate_uniform,16,16,40,0.45,98.010000,mnist-checkpoints/fc3rev_h128_L[16]_strict_seed40_ablation_wd_l16_fc3rev_h128.pth,/home/595/sl9144/codes/snn_simulation/important_results/new_fc3/noise_sweep_rate_uniform_L16_T16/fc3rev_h128/seed_40/noise_sweep_matrix_mnist_fc3rev_h128_T16_mode_rate_uniform_schedule_normal_seed_40.csv
fc3rev_h128,128,weight_decay,rate_uniform,16,16,40,0.50,98.050000,mnist-checkpoints/fc3rev_h128_L[16]_strict_seed40_ablation_wd_l16_fc3rev_h128.pth,/home/595/sl9144/codes/snn_simulation/important_results/new_fc3/noise_sweep_rate_uniform_L16_T16/fc3rev_h128/seed_40/noise_sweep_matrix_mnist_fc3rev_h128_T16_mode_rate_uniform_schedule_normal_seed_40.csv
fc3rev_h128,128,weight_decay,rate_uniform,16,16,40,0.55,97.930000,mnist-checkpoints/fc3rev_h128_L[16]_strict_seed40_ablation_wd_l16_fc3rev_h128.pth,/home/595/sl9144/codes/snn_simulation/important_results/new_fc3/noise_sweep_rate_uniform_L16_T16/fc3rev_h128/seed_40/noise_sweep_matrix_mnist_fc3rev_h128_T16_mode_rate_uniform_schedule_normal_seed_40.csv
fc3rev_h128,128,weight_decay,rate_uniform,16,16,40,0.60,98.000000,mnist-checkpoints/fc3rev_h128_L[16]_strict_seed40_ablation_wd_l16_fc3rev_h128.pth,/home/595/sl9144/codes/snn_simulation/important_results/new_fc3/noise_sweep_rate_uniform_L16_T16/fc3rev_h128/seed_40/noise_sweep_matrix_mnist_fc3rev_h128_T16_mode_rate_uniform_schedule_normal_seed_40.csv
fc3rev_h128,128,weight_decay,rate_uniform,16,16,40,0.65,97.920000,mnist-checkpoints/fc3rev_h128_L[16]_strict_seed40_ablation_wd_l16_fc3rev_h128.pth,/home/595/sl9144/codes/snn_simulation/important_results/new_fc3/noise_sweep_rate_uniform_L16_T16/fc3rev_h128/seed_40/noise_sweep_matrix_mnist_fc3rev_h128_T16_mode_rate_uniform_schedule_normal_seed_40.csv
fc3rev_h128,128,weight_decay,rate_uniform,16,16,40,0.70,97.830000,mnist-checkpoints/fc3rev_h128_L[16]_strict_seed40_ablation_wd_l16_fc3rev_h128.pth,/home/595/sl9144/codes/snn_simulation/important_results/new_fc3/noise_sweep_rate_uniform_L16_T16/fc3rev_h128/seed_40/noise_sweep_matrix_mnist_fc3rev_h128_T16_mode_rate_uniform_schedule_normal_seed_40.csv
fc3rev_h128,128,weight_decay,rate_uniform,16,16,40,0.75,97.760000,mnist-checkpoints/fc3rev_h128_L[16]_strict_seed40_ablation_wd_l16_fc3rev_h128.pth,/home/595/sl9144/codes/snn_simulation/important_results/new_fc3/noise_sweep_rate_uniform_L16_T16/fc3rev_h128/seed_40/noise_sweep_matrix_mnist_fc3rev_h128_T16_mode_rate_uniform_schedule_normal_seed_40.csv
fc3rev_h128,128,weight_decay,rate_uniform,16,16,40,0.80,97.860000,mnist-checkpoints/fc3rev_h128_L[16]_strict_seed40_ablation_wd_l16_fc3rev_h128.pth,/home/595/sl9144/codes/snn_simulation/important_results/new_fc3/noise_sweep_rate_uniform_L16_T16/fc3rev_h128/seed_40/noise_sweep_matrix_mnist_fc3rev_h128_T16_mode_rate_uniform_schedule_normal_seed_40.csv
fc3rev_h128,128,weight_decay,rate_uniform,16,16,40,0.85,97.830000,mnist-checkpoints/fc3rev_h128_L[16]_strict_seed40_ablation_wd_l16_fc3rev_h128.pth,/home/595/sl9144/codes/snn_simulation/important_results/new_fc3/noise_sweep_rate_uniform_L16_T16/fc3rev_h128/seed_40/noise_sweep_matrix_mnist_fc3rev_h128_T16_mode_rate_uniform_schedule_normal_seed_40.csv
fc3rev_h128,128,weight_decay,rate_uniform,16,16,40,0.90,97.840000,mnist-checkpoints/fc3rev_h128_L[16]_strict_seed40_ablation_wd_l16_fc3rev_h128.pth,/home/595/sl9144/codes/snn_simulation/important_results/new_fc3/noise_sweep_rate_uniform_L16_T16/fc3rev_h128/seed_40/noise_sweep_matrix_mnist_fc3rev_h128_T16_mode_rate_uniform_schedule_normal_seed_40.csv
fc3rev_h128,128,weight_decay,rate_uniform,16,16,40,0.95,97.820000,mnist-checkpoints/fc3rev_h128_L[16]_strict_seed40_ablation_wd_l16_fc3rev_h128.pth,/home/595/sl9144/codes/snn_simulation/important_results/new_fc3/noise_sweep_rate_uniform_L16_T16/fc3rev_h128/seed_40/noise_sweep_matrix_mnist_fc3rev_h128_T16_mode_rate_uniform_schedule_normal_seed_40.csv
fc3rev_h128,128,weight_decay,rate_uniform,16,16,40,1.00,97.760000,mnist-checkpoints/fc3rev_h128_L[16]_strict_seed40_ablation_wd_l16_fc3rev_h128.pth,/home/595/sl9144/codes/snn_simulation/important_results/new_fc3/noise_sweep_rate_uniform_L16_T16/fc3rev_h128/seed_40/noise_sweep_matrix_mnist_fc3rev_h128_T16_mode_rate_uniform_schedule_normal_seed_40.csv
fc3rev_h128,128,weight_decay,rate_uniform,16,16,41,0.00,98.040000,mnist-checkpoints/fc3rev_h128_L[16]_strict_seed41_ablation_wd_l16_fc3rev_h128.pth,/home/595/sl9144/codes/snn_simulation/important_results/new_fc3/noise_sweep_rate_uniform_L16_T16/fc3rev_h128/seed_41/noise_sweep_matrix_mnist_fc3rev_h128_T16_mode_rate_uniform_schedule_normal_seed_41.csv
fc3rev_h128,128,weight_decay,rate_uniform,16,16,41,0.05,98.040000,mnist-checkpoints/fc3rev_h128_L[16]_strict_seed41_ablation_wd_l16_fc3rev_h128.pth,/home/595/sl9144/codes/snn_simulation/important_results/new_fc3/noise_sweep_rate_uniform_L16_T16/fc3rev_h128/seed_41/noise_sweep_matrix_mnist_fc3rev_h128_T16_mode_rate_uniform_schedule_normal_seed_41.csv
fc3rev_h128,128,weight_decay,rate_uniform,16,16,41,0.10,98.000000,mnist-checkpoints/fc3rev_h128_L[16]_strict_seed41_ablation_wd_l16_fc3rev_h128.pth,/home/595/sl9144/codes/snn_simulation/important_results/new_fc3/noise_sweep_rate_uniform_L16_T16/fc3rev_h128/seed_41/noise_sweep_matrix_mnist_fc3rev_h128_T16_mode_rate_uniform_schedule_normal_seed_41.csv
fc3rev_h128,128,weight_decay,rate_uniform,16,16,41,0.15,98.030000,mnist-checkpoints/fc3rev_h128_L[16]_strict_seed41_ablation_wd_l16_fc3rev_h128.pth,/home/595/sl9144/codes/snn_simulation/important_results/new_fc3/noise_sweep_rate_uniform_L16_T16/fc3rev_h128/seed_41/noise_sweep_matrix_mnist_fc3rev_h128_T16_mode_rate_uniform_schedule_normal_seed_41.csv
fc3rev_h128,128,weight_decay,rate_uniform,16,16,41,0.20,97.990000,mnist-checkpoints/fc3rev_h128_L[16]_strict_seed41_ablation_wd_l16_fc3rev_h128.pth,/home/595/sl9144/codes/snn_simulation/important_results/new_fc3/noise_sweep_rate_uniform_L16_T16/fc3rev_h128/seed_41/noise_sweep_matrix_mnist_fc3rev_h128_T16_mode_rate_uniform_schedule_normal_seed_41.csv
fc3rev_h128,128,weight_decay,rate_uniform,16,16,41,0.25,98.030000,mnist-checkpoints/fc3rev_h128_L[16]_strict_seed41_ablation_wd_l16_fc3rev_h128.pth,/home/595/sl9144/codes/snn_simulation/important_results/new_fc3/noise_sweep_rate_uniform_L16_T16/fc3rev_h128/seed_41/noise_sweep_matrix_mnist_fc3rev_h128_T16_mode_rate_uniform_schedule_normal_seed_41.csv
fc3rev_h128,128,weight_decay,rate_uniform,16,16,41,0.30,98.040000,mnist-checkpoints/fc3rev_h128_L[16]_strict_seed41_ablation_wd_l16_fc3rev_h128.pth,/home/595/sl9144/codes/snn_simulation/important_results/new_fc3/noise_sweep_rate_uniform_L16_T16/fc3rev_h128/seed_41/noise_sweep_matrix_mnist_fc3rev_h128_T16_mode_rate_uniform_schedule_normal_seed_41.csv
fc3rev_h128,128,weight_decay,rate_uniform,16,16,41,0.35,98.020000,mnist-checkpoints/fc3rev_h128_L[16]_strict_seed41_ablation_wd_l16_fc3rev_h128.pth,/home/595/sl9144/codes/snn_simulation/important_results/new_fc3/noise_sweep_rate_uniform_L16_T16/fc3rev_h128/seed_41/noise_sweep_matrix_mnist_fc3rev_h128_T16_mode_rate_uniform_schedule_normal_seed_41.csv
fc3rev_h128,128,weight_decay,rate_uniform,16,16,41,0.40,98.030000,mnist-checkpoints/fc3rev_h128_L[16]_strict_seed41_ablation_wd_l16_fc3rev_h128.pth,/home/595/sl9144/codes/snn_simulation/important_results/new_fc3/noise_sweep_rate_uniform_L16_T16/fc3rev_h128/seed_41/noise_sweep_matrix_mnist_fc3rev_h128_T16_mode_rate_uniform_schedule_normal_seed_41.csv
fc3rev_h128,128,weight_decay,rate_uniform,16,16,41,0.45,97.900000,mnist-checkpoints/fc3rev_h128_L[16]_strict_seed41_ablation_wd_l16_fc3rev_h128.pth,/home/595/sl9144/codes/snn_simulation/important_results/new_fc3/noise_sweep_rate_uniform_L16_T16/fc3rev_h128/seed_41/noise_sweep_matrix_mnist_fc3rev_h128_T16_mode_rate_uniform_schedule_normal_seed_41.csv
fc3rev_h128,128,weight_decay,rate_uniform,16,16,41,0.50,97.990000,mnist-checkpoints/fc3rev_h128_L[16]_strict_seed41_ablation_wd_l16_fc3rev_h128.pth,/home/595/sl9144/codes/snn_simulation/important_results/new_fc3/noise_sweep_rate_uniform_L16_T16/fc3rev_h128/seed_41/noise_sweep_matrix_mnist_fc3rev_h128_T16_mode_rate_uniform_schedule_normal_seed_41.csv
fc3rev_h128,128,weight_decay,rate_uniform,16,16,41,0.55,97.870000,mnist-checkpoints/fc3rev_h128_L[16]_strict_seed41_ablation_wd_l16_fc3rev_h128.pth,/home/595/sl9144/codes/snn_simulation/important_results/new_fc3/noise_sweep_rate_uniform_L16_T16/fc3rev_h128/seed_41/noise_sweep_matrix_mnist_fc3rev_h128_T16_mode_rate_uniform_schedule_normal_seed_41.csv
fc3rev_h128,128,weight_decay,rate_uniform,16,16,41,0.60,97.960000,mnist-checkpoints/fc3rev_h128_L[16]_strict_seed41_ablation_wd_l16_fc3rev_h128.pth,/home/595/sl9144/codes/snn_simulation/important_results/new_fc3/noise_sweep_rate_uniform_L16_T16/fc3rev_h128/seed_41/noise_sweep_matrix_mnist_fc3rev_h128_T16_mode_rate_uniform_schedule_normal_seed_41.csv
fc3rev_h128,128,weight_decay,rate_uniform,16,16,41,0.65,97.930000,mnist-checkpoints/fc3rev_h128_L[16]_strict_seed41_ablation_wd_l16_fc3rev_h128.pth,/home/595/sl9144/codes/snn_simulation/important_results/new_fc3/noise_sweep_rate_uniform_L16_T16/fc3rev_h128/seed_41/noise_sweep_matrix_mnist_fc3rev_h128_T16_mode_rate_uniform_schedule_normal_seed_41.csv
fc3rev_h128,128,weight_decay,rate_uniform,16,16,41,0.70,97.910000,mnist-checkpoints/fc3rev_h128_L[16]_strict_seed41_ablation_wd_l16_fc3rev_h128.pth,/home/595/sl9144/codes/snn_simulation/important_results/new_fc3/noise_sweep_rate_uniform_L16_T16/fc3rev_h128/seed_41/noise_sweep_matrix_mnist_fc3rev_h128_T16_mode_rate_uniform_schedule_normal_seed_41.csv
fc3rev_h128,128,weight_decay,rate_uniform,16,16,41,0.75,97.920000,mnist-checkpoints/fc3rev_h128_L[16]_strict_seed41_ablation_wd_l16_fc3rev_h128.pth,/home/595/sl9144/codes/snn_simulation/important_results/new_fc3/noise_sweep_rate_uniform_L16_T16/fc3rev_h128/seed_41/noise_sweep_matrix_mnist_fc3rev_h128_T16_mode_rate_uniform_schedule_normal_seed_41.csv
fc3rev_h128,128,weight_decay,rate_uniform,16,16,41,0.80,97.800000,mnist-checkpoints/fc3rev_h128_L[16]_strict_seed41_ablation_wd_l16_fc3rev_h128.pth,/home/595/sl9144/codes/snn_simulation/important_results/new_fc3/noise_sweep_rate_uniform_L16_T16/fc3rev_h128/seed_41/noise_sweep_matrix_mnist_fc3rev_h128_T16_mode_rate_uniform_schedule_normal_seed_41.csv
fc3rev_h128,128,weight_decay,rate_uniform,16,16,41,0.85,97.820000,mnist-checkpoints/fc3rev_h128_L[16]_strict_seed41_ablation_wd_l16_fc3rev_h128.pth,/home/595/sl9144/codes/snn_simulation/important_results/new_fc3/noise_sweep_rate_uniform_L16_T16/fc3rev_h128/seed_41/noise_sweep_matrix_mnist_fc3rev_h128_T16_mode_rate_uniform_schedule_normal_seed_41.csv
fc3rev_h128,128,weight_decay,rate_uniform,16,16,41,0.90,97.770000,mnist-checkpoints/fc3rev_h128_L[16]_strict_seed41_ablation_wd_l16_fc3rev_h128.pth,/home/595/sl9144/codes/snn_simulation/important_results/new_fc3/noise_sweep_rate_uniform_L16_T16/fc3rev_h128/seed_41/noise_sweep_matrix_mnist_fc3rev_h128_T16_mode_rate_uniform_schedule_normal_seed_41.csv
fc3rev_h128,128,weight_decay,rate_uniform,16,16,41,0.95,97.760000,mnist-checkpoints/fc3rev_h128_L[16]_strict_seed41_ablation_wd_l16_fc3rev_h128.pth,/home/595/sl9144/codes/snn_simulation/important_results/new_fc3/noise_sweep_rate_uniform_L16_T16/fc3rev_h128/seed_41/noise_sweep_matrix_mnist_fc3rev_h128_T16_mode_rate_uniform_schedule_normal_seed_41.csv
fc3rev_h128,128,weight_decay,rate_uniform,16,16,41,1.00,97.690000,mnist-checkpoints/fc3rev_h128_L[16]_strict_seed41_ablation_wd_l16_fc3rev_h128.pth,/home/595/sl9144/codes/snn_simulation/important_results/new_fc3/noise_sweep_rate_uniform_L16_T16/fc3rev_h128/seed_41/noise_sweep_matrix_mnist_fc3rev_h128_T16_mode_rate_uniform_schedule_normal_seed_41.csv
fc3rev_h128,128,weight_decay,rate_uniform,16,16,42,0.00,98.090000,mnist-checkpoints/fc3rev_h128_L[16]_strict_seed42_ablation_wd_l16_fc3rev_h128.pth,/home/595/sl9144/codes/snn_simulation/important_results/new_fc3/noise_sweep_rate_uniform_L16_T16/fc3rev_h128/seed_42/noise_sweep_matrix_mnist_fc3rev_h128_T16_mode_rate_uniform_schedule_normal_seed_42.csv
fc3rev_h128,128,weight_decay,rate_uniform,16,16,42,0.05,98.040000,mnist-checkpoints/fc3rev_h128_L[16]_strict_seed42_ablation_wd_l16_fc3rev_h128.pth,/home/595/sl9144/codes/snn_simulation/important_results/new_fc3/noise_sweep_rate_uniform_L16_T16/fc3rev_h128/seed_42/noise_sweep_matrix_mnist_fc3rev_h128_T16_mode_rate_uniform_schedule_normal_seed_42.csv
fc3rev_h128,128,weight_decay,rate_uniform,16,16,42,0.10,98.070000,mnist-checkpoints/fc3rev_h128_L[16]_strict_seed42_ablation_wd_l16_fc3rev_h128.pth,/home/595/sl9144/codes/snn_simulation/important_results/new_fc3/noise_sweep_rate_uniform_L16_T16/fc3rev_h128/seed_42/noise_sweep_matrix_mnist_fc3rev_h128_T16_mode_rate_uniform_schedule_normal_seed_42.csv
fc3rev_h128,128,weight_decay,rate_uniform,16,16,42,0.15,98.050000,mnist-checkpoints/fc3rev_h128_L[16]_strict_seed42_ablation_wd_l16_fc3rev_h128.pth,/home/595/sl9144/codes/snn_simulation/important_results/new_fc3/noise_sweep_rate_uniform_L16_T16/fc3rev_h128/seed_42/noise_sweep_matrix_mnist_fc3rev_h128_T16_mode_rate_uniform_schedule_normal_seed_42.csv
fc3rev_h128,128,weight_decay,rate_uniform,16,16,42,0.20,98.070000,mnist-checkpoints/fc3rev_h128_L[16]_strict_seed42_ablation_wd_l16_fc3rev_h128.pth,/home/595/sl9144/codes/snn_simulation/important_results/new_fc3/noise_sweep_rate_uniform_L16_T16/fc3rev_h128/seed_42/noise_sweep_matrix_mnist_fc3rev_h128_T16_mode_rate_uniform_schedule_normal_seed_42.csv
fc3rev_h128,128,weight_decay,rate_uniform,16,16,42,0.25,97.980000,mnist-checkpoints/fc3rev_h128_L[16]_strict_seed42_ablation_wd_l16_fc3rev_h128.pth,/home/595/sl9144/codes/snn_simulation/important_results/new_fc3/noise_sweep_rate_uniform_L16_T16/fc3rev_h128/seed_42/noise_sweep_matrix_mnist_fc3rev_h128_T16_mode_rate_uniform_schedule_normal_seed_42.csv
fc3rev_h128,128,weight_decay,rate_uniform,16,16,42,0.30,98.020000,mnist-checkpoints/fc3rev_h128_L[16]_strict_seed42_ablation_wd_l16_fc3rev_h128.pth,/home/595/sl9144/codes/snn_simulation/important_results/new_fc3/noise_sweep_rate_uniform_L16_T16/fc3rev_h128/seed_42/noise_sweep_matrix_mnist_fc3rev_h128_T16_mode_rate_uniform_schedule_normal_seed_42.csv
fc3rev_h128,128,weight_decay,rate_uniform,16,16,42,0.35,97.980000,mnist-checkpoints/fc3rev_h128_L[16]_strict_seed42_ablation_wd_l16_fc3rev_h128.pth,/home/595/sl9144/codes/snn_simulation/important_results/new_fc3/noise_sweep_rate_uniform_L16_T16/fc3rev_h128/seed_42/noise_sweep_matrix_mnist_fc3rev_h128_T16_mode_rate_uniform_schedule_normal_seed_42.csv
fc3rev_h128,128,weight_decay,rate_uniform,16,16,42,0.40,98.060000,mnist-checkpoints/fc3rev_h128_L[16]_strict_seed42_ablation_wd_l16_fc3rev_h128.pth,/home/595/sl9144/codes/snn_simulation/important_results/new_fc3/noise_sweep_rate_uniform_L16_T16/fc3rev_h128/seed_42/noise_sweep_matrix_mnist_fc3rev_h128_T16_mode_rate_uniform_schedule_normal_seed_42.csv
fc3rev_h128,128,weight_decay,rate_uniform,16,16,42,0.45,97.980000,mnist-checkpoints/fc3rev_h128_L[16]_strict_seed42_ablation_wd_l16_fc3rev_h128.pth,/home/595/sl9144/codes/snn_simulation/important_results/new_fc3/noise_sweep_rate_uniform_L16_T16/fc3rev_h128/seed_42/noise_sweep_matrix_mnist_fc3rev_h128_T16_mode_rate_uniform_schedule_normal_seed_42.csv
fc3rev_h128,128,weight_decay,rate_uniform,16,16,42,0.50,98.030000,mnist-checkpoints/fc3rev_h128_L[16]_strict_seed42_ablation_wd_l16_fc3rev_h128.pth,/home/595/sl9144/codes/snn_simulation/important_results/new_fc3/noise_sweep_rate_uniform_L16_T16/fc3rev_h128/seed_42/noise_sweep_matrix_mnist_fc3rev_h128_T16_mode_rate_uniform_schedule_normal_seed_42.csv
fc3rev_h128,128,weight_decay,rate_uniform,16,16,42,0.55,98.010000,mnist-checkpoints/fc3rev_h128_L[16]_strict_seed42_ablation_wd_l16_fc3rev_h128.pth,/home/595/sl9144/codes/snn_simulation/important_results/new_fc3/noise_sweep_rate_uniform_L16_T16/fc3rev_h128/seed_42/noise_sweep_matrix_mnist_fc3rev_h128_T16_mode_rate_uniform_schedule_normal_seed_42.csv
fc3rev_h128,128,weight_decay,rate_uniform,16,16,42,0.60,98.000000,mnist-checkpoints/fc3rev_h128_L[16]_strict_seed42_ablation_wd_l16_fc3rev_h128.pth,/home/595/sl9144/codes/snn_simulation/important_results/new_fc3/noise_sweep_rate_uniform_L16_T16/fc3rev_h128/seed_42/noise_sweep_matrix_mnist_fc3rev_h128_T16_mode_rate_uniform_schedule_normal_seed_42.csv
fc3rev_h128,128,weight_decay,rate_uniform,16,16,42,0.65,97.820000,mnist-checkpoints/fc3rev_h128_L[16]_strict_seed42_ablation_wd_l16_fc3rev_h128.pth,/home/595/sl9144/codes/snn_simulation/important_results/new_fc3/noise_sweep_rate_uniform_L16_T16/fc3rev_h128/seed_42/noise_sweep_matrix_mnist_fc3rev_h128_T16_mode_rate_uniform_schedule_normal_seed_42.csv
fc3rev_h128,128,weight_decay,rate_uniform,16,16,42,0.70,97.750000,mnist-checkpoints/fc3rev_h128_L[16]_strict_seed42_ablation_wd_l16_fc3rev_h128.pth,/home/595/sl9144/codes/snn_simulation/important_results/new_fc3/noise_sweep_rate_uniform_L16_T16/fc3rev_h128/seed_42/noise_sweep_matrix_mnist_fc3rev_h128_T16_mode_rate_uniform_schedule_normal_seed_42.csv
fc3rev_h128,128,weight_decay,rate_uniform,16,16,42,0.75,97.960000,mnist-checkpoints/fc3rev_h128_L[16]_strict_seed42_ablation_wd_l16_fc3rev_h128.pth,/home/595/sl9144/codes/snn_simulation/important_results/new_fc3/noise_sweep_rate_uniform_L16_T16/fc3rev_h128/seed_42/noise_sweep_matrix_mnist_fc3rev_h128_T16_mode_rate_uniform_schedule_normal_seed_42.csv
fc3rev_h128,128,weight_decay,rate_uniform,16,16,42,0.80,97.730000,mnist-checkpoints/fc3rev_h128_L[16]_strict_seed42_ablation_wd_l16_fc3rev_h128.pth,/home/595/sl9144/codes/snn_simulation/important_results/new_fc3/noise_sweep_rate_uniform_L16_T16/fc3rev_h128/seed_42/noise_sweep_matrix_mnist_fc3rev_h128_T16_mode_rate_uniform_schedule_normal_seed_42.csv
fc3rev_h128,128,weight_decay,rate_uniform,16,16,42,0.85,97.660000,mnist-checkpoints/fc3rev_h128_L[16]_strict_seed42_ablation_wd_l16_fc3rev_h128.pth,/home/595/sl9144/codes/snn_simulation/important_results/new_fc3/noise_sweep_rate_uniform_L16_T16/fc3rev_h128/seed_42/noise_sweep_matrix_mnist_fc3rev_h128_T16_mode_rate_uniform_schedule_normal_seed_42.csv
fc3rev_h128,128,weight_decay,rate_uniform,16,16,42,0.90,97.690000,mnist-checkpoints/fc3rev_h128_L[16]_strict_seed42_ablation_wd_l16_fc3rev_h128.pth,/home/595/sl9144/codes/snn_simulation/important_results/new_fc3/noise_sweep_rate_uniform_L16_T16/fc3rev_h128/seed_42/noise_sweep_matrix_mnist_fc3rev_h128_T16_mode_rate_uniform_schedule_normal_seed_42.csv
fc3rev_h128,128,weight_decay,rate_uniform,16,16,42,0.95,97.760000,mnist-checkpoints/fc3rev_h128_L[16]_strict_seed42_ablation_wd_l16_fc3rev_h128.pth,/home/595/sl9144/codes/snn_simulation/important_results/new_fc3/noise_sweep_rate_uniform_L16_T16/fc3rev_h128/seed_42/noise_sweep_matrix_mnist_fc3rev_h128_T16_mode_rate_uniform_schedule_normal_seed_42.csv
fc3rev_h128,128,weight_decay,rate_uniform,16,16,42,1.00,97.760000,mnist-checkpoints/fc3rev_h128_L[16]_strict_seed42_ablation_wd_l16_fc3rev_h128.pth,/home/595/sl9144/codes/snn_simulation/important_results/new_fc3/noise_sweep_rate_uniform_L16_T16/fc3rev_h128/seed_42/noise_sweep_matrix_mnist_fc3rev_h128_T16_mode_rate_uniform_schedule_normal_seed_42.csv
fc3rev_h128,128,weight_decay,rate_uniform,16,16,43,0.00,97.870000,mnist-checkpoints/fc3rev_h128_L[16]_strict_seed43_ablation_wd_l16_fc3rev_h128.pth,/home/595/sl9144/codes/snn_simulation/important_results/new_fc3/noise_sweep_rate_uniform_L16_T16/fc3rev_h128/seed_43/noise_sweep_matrix_mnist_fc3rev_h128_T16_mode_rate_uniform_schedule_normal_seed_43.csv
fc3rev_h128,128,weight_decay,rate_uniform,16,16,43,0.05,97.880000,mnist-checkpoints/fc3rev_h128_L[16]_strict_seed43_ablation_wd_l16_fc3rev_h128.pth,/home/595/sl9144/codes/snn_simulation/important_results/new_fc3/noise_sweep_rate_uniform_L16_T16/fc3rev_h128/seed_43/noise_sweep_matrix_mnist_fc3rev_h128_T16_mode_rate_uniform_schedule_normal_seed_43.csv
fc3rev_h128,128,weight_decay,rate_uniform,16,16,43,0.10,97.850000,mnist-checkpoints/fc3rev_h128_L[16]_strict_seed43_ablation_wd_l16_fc3rev_h128.pth,/home/595/sl9144/codes/snn_simulation/important_results/new_fc3/noise_sweep_rate_uniform_L16_T16/fc3rev_h128/seed_43/noise_sweep_matrix_mnist_fc3rev_h128_T16_mode_rate_uniform_schedule_normal_seed_43.csv
fc3rev_h128,128,weight_decay,rate_uniform,16,16,43,0.15,97.800000,mnist-checkpoints/fc3rev_h128_L[16]_strict_seed43_ablation_wd_l16_fc3rev_h128.pth,/home/595/sl9144/codes/snn_simulation/important_results/new_fc3/noise_sweep_rate_uniform_L16_T16/fc3rev_h128/seed_43/noise_sweep_matrix_mnist_fc3rev_h128_T16_mode_rate_uniform_schedule_normal_seed_43.csv
fc3rev_h128,128,weight_decay,rate_uniform,16,16,43,0.20,97.740000,mnist-checkpoints/fc3rev_h128_L[16]_strict_seed43_ablation_wd_l16_fc3rev_h128.pth,/home/595/sl9144/codes/snn_simulation/important_results/new_fc3/noise_sweep_rate_uniform_L16_T16/fc3rev_h128/seed_43/noise_sweep_matrix_mnist_fc3rev_h128_T16_mode_rate_uniform_schedule_normal_seed_43.csv
fc3rev_h128,128,weight_decay,rate_uniform,16,16,43,0.25,97.800000,mnist-checkpoints/fc3rev_h128_L[16]_strict_seed43_ablation_wd_l16_fc3rev_h128.pth,/home/595/sl9144/codes/snn_simulation/important_results/new_fc3/noise_sweep_rate_uniform_L16_T16/fc3rev_h128/seed_43/noise_sweep_matrix_mnist_fc3rev_h128_T16_mode_rate_uniform_schedule_normal_seed_43.csv
fc3rev_h128,128,weight_decay,rate_uniform,16,16,43,0.30,97.700000,mnist-checkpoints/fc3rev_h128_L[16]_strict_seed43_ablation_wd_l16_fc3rev_h128.pth,/home/595/sl9144/codes/snn_simulation/important_results/new_fc3/noise_sweep_rate_uniform_L16_T16/fc3rev_h128/seed_43/noise_sweep_matrix_mnist_fc3rev_h128_T16_mode_rate_uniform_schedule_normal_seed_43.csv
fc3rev_h128,128,weight_decay,rate_uniform,16,16,43,0.35,97.760000,mnist-checkpoints/fc3rev_h128_L[16]_strict_seed43_ablation_wd_l16_fc3rev_h128.pth,/home/595/sl9144/codes/snn_simulation/important_results/new_fc3/noise_sweep_rate_uniform_L16_T16/fc3rev_h128/seed_43/noise_sweep_matrix_mnist_fc3rev_h128_T16_mode_rate_uniform_schedule_normal_seed_43.csv
fc3rev_h128,128,weight_decay,rate_uniform,16,16,43,0.40,97.810000,mnist-checkpoints/fc3rev_h128_L[16]_strict_seed43_ablation_wd_l16_fc3rev_h128.pth,/home/595/sl9144/codes/snn_simulation/important_results/new_fc3/noise_sweep_rate_uniform_L16_T16/fc3rev_h128/seed_43/noise_sweep_matrix_mnist_fc3rev_h128_T16_mode_rate_uniform_schedule_normal_seed_43.csv
fc3rev_h128,128,weight_decay,rate_uniform,16,16,43,0.45,97.840000,mnist-checkpoints/fc3rev_h128_L[16]_strict_seed43_ablation_wd_l16_fc3rev_h128.pth,/home/595/sl9144/codes/snn_simulation/important_results/new_fc3/noise_sweep_rate_uniform_L16_T16/fc3rev_h128/seed_43/noise_sweep_matrix_mnist_fc3rev_h128_T16_mode_rate_uniform_schedule_normal_seed_43.csv
fc3rev_h128,128,weight_decay,rate_uniform,16,16,43,0.50,97.800000,mnist-checkpoints/fc3rev_h128_L[16]_strict_seed43_ablation_wd_l16_fc3rev_h128.pth,/home/595/sl9144/codes/snn_simulation/important_results/new_fc3/noise_sweep_rate_uniform_L16_T16/fc3rev_h128/seed_43/noise_sweep_matrix_mnist_fc3rev_h128_T16_mode_rate_uniform_schedule_normal_seed_43.csv
fc3rev_h128,128,weight_decay,rate_uniform,16,16,43,0.55,97.640000,mnist-checkpoints/fc3rev_h128_L[16]_strict_seed43_ablation_wd_l16_fc3rev_h128.pth,/home/595/sl9144/codes/snn_simulation/important_results/new_fc3/noise_sweep_rate_uniform_L16_T16/fc3rev_h128/seed_43/noise_sweep_matrix_mnist_fc3rev_h128_T16_mode_rate_uniform_schedule_normal_seed_43.csv
fc3rev_h128,128,weight_decay,rate_uniform,16,16,43,0.60,97.870000,mnist-checkpoints/fc3rev_h128_L[16]_strict_seed43_ablation_wd_l16_fc3rev_h128.pth,/home/595/sl9144/codes/snn_simulation/important_results/new_fc3/noise_sweep_rate_uniform_L16_T16/fc3rev_h128/seed_43/noise_sweep_matrix_mnist_fc3rev_h128_T16_mode_rate_uniform_schedule_normal_seed_43.csv
fc3rev_h128,128,weight_decay,rate_uniform,16,16,43,0.65,97.780000,mnist-checkpoints/fc3rev_h128_L[16]_strict_seed43_ablation_wd_l16_fc3rev_h128.pth,/home/595/sl9144/codes/snn_simulation/important_results/new_fc3/noise_sweep_rate_uniform_L16_T16/fc3rev_h128/seed_43/noise_sweep_matrix_mnist_fc3rev_h128_T16_mode_rate_uniform_schedule_normal_seed_43.csv
fc3rev_h128,128,weight_decay,rate_uniform,16,16,43,0.70,97.770000,mnist-checkpoints/fc3rev_h128_L[16]_strict_seed43_ablation_wd_l16_fc3rev_h128.pth,/home/595/sl9144/codes/snn_simulation/important_results/new_fc3/noise_sweep_rate_uniform_L16_T16/fc3rev_h128/seed_43/noise_sweep_matrix_mnist_fc3rev_h128_T16_mode_rate_uniform_schedule_normal_seed_43.csv
fc3rev_h128,128,weight_decay,rate_uniform,16,16,43,0.75,97.810000,mnist-checkpoints/fc3rev_h128_L[16]_strict_seed43_ablation_wd_l16_fc3rev_h128.pth,/home/595/sl9144/codes/snn_simulation/important_results/new_fc3/noise_sweep_rate_uniform_L16_T16/fc3rev_h128/seed_43/noise_sweep_matrix_mnist_fc3rev_h128_T16_mode_rate_uniform_schedule_normal_seed_43.csv
fc3rev_h128,128,weight_decay,rate_uniform,16,16,43,0.80,97.600000,mnist-checkpoints/fc3rev_h128_L[16]_strict_seed43_ablation_wd_l16_fc3rev_h128.pth,/home/595/sl9144/codes/snn_simulation/important_results/new_fc3/noise_sweep_rate_uniform_L16_T16/fc3rev_h128/seed_43/noise_sweep_matrix_mnist_fc3rev_h128_T16_mode_rate_uniform_schedule_normal_seed_43.csv
fc3rev_h128,128,weight_decay,rate_uniform,16,16,43,0.85,97.680000,mnist-checkpoints/fc3rev_h128_L[16]_strict_seed43_ablation_wd_l16_fc3rev_h128.pth,/home/595/sl9144/codes/snn_simulation/important_results/new_fc3/noise_sweep_rate_uniform_L16_T16/fc3rev_h128/seed_43/noise_sweep_matrix_mnist_fc3rev_h128_T16_mode_rate_uniform_schedule_normal_seed_43.csv
fc3rev_h128,128,weight_decay,rate_uniform,16,16,43,0.90,97.580000,mnist-checkpoints/fc3rev_h128_L[16]_strict_seed43_ablation_wd_l16_fc3rev_h128.pth,/home/595/sl9144/codes/snn_simulation/important_results/new_fc3/noise_sweep_rate_uniform_L16_T16/fc3rev_h128/seed_43/noise_sweep_matrix_mnist_fc3rev_h128_T16_mode_rate_uniform_schedule_normal_seed_43.csv
fc3rev_h128,128,weight_decay,rate_uniform,16,16,43,0.95,97.610000,mnist-checkpoints/fc3rev_h128_L[16]_strict_seed43_ablation_wd_l16_fc3rev_h128.pth,/home/595/sl9144/codes/snn_simulation/important_results/new_fc3/noise_sweep_rate_uniform_L16_T16/fc3rev_h128/seed_43/noise_sweep_matrix_mnist_fc3rev_h128_T16_mode_rate_uniform_schedule_normal_seed_43.csv
fc3rev_h128,128,weight_decay,rate_uniform,16,16,43,1.00,97.460000,mnist-checkpoints/fc3rev_h128_L[16]_strict_seed43_ablation_wd_l16_fc3rev_h128.pth,/home/595/sl9144/codes/snn_simulation/important_results/new_fc3/noise_sweep_rate_uniform_L16_T16/fc3rev_h128/seed_43/noise_sweep_matrix_mnist_fc3rev_h128_T16_mode_rate_uniform_schedule_normal_seed_43.csv
fc3rev_h128,128,weight_decay,rate_uniform,16,16,44,0.00,98.020000,mnist-checkpoints/fc3rev_h128_L[16]_strict_seed44_ablation_wd_l16_fc3rev_h128.pth,/home/595/sl9144/codes/snn_simulation/important_results/new_fc3/noise_sweep_rate_uniform_L16_T16/fc3rev_h128/seed_44/noise_sweep_matrix_mnist_fc3rev_h128_T16_mode_rate_uniform_schedule_normal_seed_44.csv
fc3rev_h128,128,weight_decay,rate_uniform,16,16,44,0.05,98.000000,mnist-checkpoints/fc3rev_h128_L[16]_strict_seed44_ablation_wd_l16_fc3rev_h128.pth,/home/595/sl9144/codes/snn_simulation/important_results/new_fc3/noise_sweep_rate_uniform_L16_T16/fc3rev_h128/seed_44/noise_sweep_matrix_mnist_fc3rev_h128_T16_mode_rate_uniform_schedule_normal_seed_44.csv
fc3rev_h128,128,weight_decay,rate_uniform,16,16,44,0.10,98.010000,mnist-checkpoints/fc3rev_h128_L[16]_strict_seed44_ablation_wd_l16_fc3rev_h128.pth,/home/595/sl9144/codes/snn_simulation/important_results/new_fc3/noise_sweep_rate_uniform_L16_T16/fc3rev_h128/seed_44/noise_sweep_matrix_mnist_fc3rev_h128_T16_mode_rate_uniform_schedule_normal_seed_44.csv
fc3rev_h128,128,weight_decay,rate_uniform,16,16,44,0.15,98.000000,mnist-checkpoints/fc3rev_h128_L[16]_strict_seed44_ablation_wd_l16_fc3rev_h128.pth,/home/595/sl9144/codes/snn_simulation/important_results/new_fc3/noise_sweep_rate_uniform_L16_T16/fc3rev_h128/seed_44/noise_sweep_matrix_mnist_fc3rev_h128_T16_mode_rate_uniform_schedule_normal_seed_44.csv
fc3rev_h128,128,weight_decay,rate_uniform,16,16,44,0.20,97.930000,mnist-checkpoints/fc3rev_h128_L[16]_strict_seed44_ablation_wd_l16_fc3rev_h128.pth,/home/595/sl9144/codes/snn_simulation/important_results/new_fc3/noise_sweep_rate_uniform_L16_T16/fc3rev_h128/seed_44/noise_sweep_matrix_mnist_fc3rev_h128_T16_mode_rate_uniform_schedule_normal_seed_44.csv
fc3rev_h128,128,weight_decay,rate_uniform,16,16,44,0.25,97.940000,mnist-checkpoints/fc3rev_h128_L[16]_strict_seed44_ablation_wd_l16_fc3rev_h128.pth,/home/595/sl9144/codes/snn_simulation/important_results/new_fc3/noise_sweep_rate_uniform_L16_T16/fc3rev_h128/seed_44/noise_sweep_matrix_mnist_fc3rev_h128_T16_mode_rate_uniform_schedule_normal_seed_44.csv
fc3rev_h128,128,weight_decay,rate_uniform,16,16,44,0.30,97.870000,mnist-checkpoints/fc3rev_h128_L[16]_strict_seed44_ablation_wd_l16_fc3rev_h128.pth,/home/595/sl9144/codes/snn_simulation/important_results/new_fc3/noise_sweep_rate_uniform_L16_T16/fc3rev_h128/seed_44/noise_sweep_matrix_mnist_fc3rev_h128_T16_mode_rate_uniform_schedule_normal_seed_44.csv
fc3rev_h128,128,weight_decay,rate_uniform,16,16,44,0.35,97.850000,mnist-checkpoints/fc3rev_h128_L[16]_strict_seed44_ablation_wd_l16_fc3rev_h128.pth,/home/595/sl9144/codes/snn_simulation/important_results/new_fc3/noise_sweep_rate_uniform_L16_T16/fc3rev_h128/seed_44/noise_sweep_matrix_mnist_fc3rev_h128_T16_mode_rate_uniform_schedule_normal_seed_44.csv
fc3rev_h128,128,weight_decay,rate_uniform,16,16,44,0.40,97.910000,mnist-checkpoints/fc3rev_h128_L[16]_strict_seed44_ablation_wd_l16_fc3rev_h128.pth,/home/595/sl9144/codes/snn_simulation/important_results/new_fc3/noise_sweep_rate_uniform_L16_T16/fc3rev_h128/seed_44/noise_sweep_matrix_mnist_fc3rev_h128_T16_mode_rate_uniform_schedule_normal_seed_44.csv
fc3rev_h128,128,weight_decay,rate_uniform,16,16,44,0.45,97.860000,mnist-checkpoints/fc3rev_h128_L[16]_strict_seed44_ablation_wd_l16_fc3rev_h128.pth,/home/595/sl9144/codes/snn_simulation/important_results/new_fc3/noise_sweep_rate_uniform_L16_T16/fc3rev_h128/seed_44/noise_sweep_matrix_mnist_fc3rev_h128_T16_mode_rate_uniform_schedule_normal_seed_44.csv
fc3rev_h128,128,weight_decay,rate_uniform,16,16,44,0.50,97.910000,mnist-checkpoints/fc3rev_h128_L[16]_strict_seed44_ablation_wd_l16_fc3rev_h128.pth,/home/595/sl9144/codes/snn_simulation/important_results/new_fc3/noise_sweep_rate_uniform_L16_T16/fc3rev_h128/seed_44/noise_sweep_matrix_mnist_fc3rev_h128_T16_mode_rate_uniform_schedule_normal_seed_44.csv
fc3rev_h128,128,weight_decay,rate_uniform,16,16,44,0.55,97.760000,mnist-checkpoints/fc3rev_h128_L[16]_strict_seed44_ablation_wd_l16_fc3rev_h128.pth,/home/595/sl9144/codes/snn_simulation/important_results/new_fc3/noise_sweep_rate_uniform_L16_T16/fc3rev_h128/seed_44/noise_sweep_matrix_mnist_fc3rev_h128_T16_mode_rate_uniform_schedule_normal_seed_44.csv
fc3rev_h128,128,weight_decay,rate_uniform,16,16,44,0.60,97.740000,mnist-checkpoints/fc3rev_h128_L[16]_strict_seed44_ablation_wd_l16_fc3rev_h128.pth,/home/595/sl9144/codes/snn_simulation/important_results/new_fc3/noise_sweep_rate_uniform_L16_T16/fc3rev_h128/seed_44/noise_sweep_matrix_mnist_fc3rev_h128_T16_mode_rate_uniform_schedule_normal_seed_44.csv
fc3rev_h128,128,weight_decay,rate_uniform,16,16,44,0.65,97.670000,mnist-checkpoints/fc3rev_h128_L[16]_strict_seed44_ablation_wd_l16_fc3rev_h128.pth,/home/595/sl9144/codes/snn_simulation/important_results/new_fc3/noise_sweep_rate_uniform_L16_T16/fc3rev_h128/seed_44/noise_sweep_matrix_mnist_fc3rev_h128_T16_mode_rate_uniform_schedule_normal_seed_44.csv
fc3rev_h128,128,weight_decay,rate_uniform,16,16,44,0.70,97.900000,mnist-checkpoints/fc3rev_h128_L[16]_strict_seed44_ablation_wd_l16_fc3rev_h128.pth,/home/595/sl9144/codes/snn_simulation/important_results/new_fc3/noise_sweep_rate_uniform_L16_T16/fc3rev_h128/seed_44/noise_sweep_matrix_mnist_fc3rev_h128_T16_mode_rate_uniform_schedule_normal_seed_44.csv
fc3rev_h128,128,weight_decay,rate_uniform,16,16,44,0.75,97.710000,mnist-checkpoints/fc3rev_h128_L[16]_strict_seed44_ablation_wd_l16_fc3rev_h128.pth,/home/595/sl9144/codes/snn_simulation/important_results/new_fc3/noise_sweep_rate_uniform_L16_T16/fc3rev_h128/seed_44/noise_sweep_matrix_mnist_fc3rev_h128_T16_mode_rate_uniform_schedule_normal_seed_44.csv
fc3rev_h128,128,weight_decay,rate_uniform,16,16,44,0.80,97.630000,mnist-checkpoints/fc3rev_h128_L[16]_strict_seed44_ablation_wd_l16_fc3rev_h128.pth,/home/595/sl9144/codes/snn_simulation/important_results/new_fc3/noise_sweep_rate_uniform_L16_T16/fc3rev_h128/seed_44/noise_sweep_matrix_mnist_fc3rev_h128_T16_mode_rate_uniform_schedule_normal_seed_44.csv
fc3rev_h128,128,weight_decay,rate_uniform,16,16,44,0.85,97.710000,mnist-checkpoints/fc3rev_h128_L[16]_strict_seed44_ablation_wd_l16_fc3rev_h128.pth,/home/595/sl9144/codes/snn_simulation/important_results/new_fc3/noise_sweep_rate_uniform_L16_T16/fc3rev_h128/seed_44/noise_sweep_matrix_mnist_fc3rev_h128_T16_mode_rate_uniform_schedule_normal_seed_44.csv
fc3rev_h128,128,weight_decay,rate_uniform,16,16,44,0.90,97.550000,mnist-checkpoints/fc3rev_h128_L[16]_strict_seed44_ablation_wd_l16_fc3rev_h128.pth,/home/595/sl9144/codes/snn_simulation/important_results/new_fc3/noise_sweep_rate_uniform_L16_T16/fc3rev_h128/seed_44/noise_sweep_matrix_mnist_fc3rev_h128_T16_mode_rate_uniform_schedule_normal_seed_44.csv
fc3rev_h128,128,weight_decay,rate_uniform,16,16,44,0.95,97.730000,mnist-checkpoints/fc3rev_h128_L[16]_strict_seed44_ablation_wd_l16_fc3rev_h128.pth,/home/595/sl9144/codes/snn_simulation/important_results/new_fc3/noise_sweep_rate_uniform_L16_T16/fc3rev_h128/seed_44/noise_sweep_matrix_mnist_fc3rev_h128_T16_mode_rate_uniform_schedule_normal_seed_44.csv
fc3rev_h128,128,weight_decay,rate_uniform,16,16,44,1.00,97.530000,mnist-checkpoints/fc3rev_h128_L[16]_strict_seed44_ablation_wd_l16_fc3rev_h128.pth,/home/595/sl9144/codes/snn_simulation/important_results/new_fc3/noise_sweep_rate_uniform_L16_T16/fc3rev_h128/seed_44/noise_sweep_matrix_mnist_fc3rev_h128_T16_mode_rate_uniform_schedule_normal_seed_44.csv
fc3rev_h256,256,weight_decay,rate_uniform,16,16,40,0.00,98.040000,mnist-checkpoints/fc3rev_h256_L[16]_strict_seed40_ablation_wd_l16_fc3rev_h256.pth,/home/595/sl9144/codes/snn_simulation/important_results/new_fc3/noise_sweep_rate_uniform_L16_T16/fc3rev_h256/seed_40/noise_sweep_matrix_mnist_fc3rev_h256_T16_mode_rate_uniform_schedule_normal_seed_40.csv
fc3rev_h256,256,weight_decay,rate_uniform,16,16,40,0.05,98.050000,mnist-checkpoints/fc3rev_h256_L[16]_strict_seed40_ablation_wd_l16_fc3rev_h256.pth,/home/595/sl9144/codes/snn_simulation/important_results/new_fc3/noise_sweep_rate_uniform_L16_T16/fc3rev_h256/seed_40/noise_sweep_matrix_mnist_fc3rev_h256_T16_mode_rate_uniform_schedule_normal_seed_40.csv
fc3rev_h256,256,weight_decay,rate_uniform,16,16,40,0.10,97.970000,mnist-checkpoints/fc3rev_h256_L[16]_strict_seed40_ablation_wd_l16_fc3rev_h256.pth,/home/595/sl9144/codes/snn_simulation/important_results/new_fc3/noise_sweep_rate_uniform_L16_T16/fc3rev_h256/seed_40/noise_sweep_matrix_mnist_fc3rev_h256_T16_mode_rate_uniform_schedule_normal_seed_40.csv
fc3rev_h256,256,weight_decay,rate_uniform,16,16,40,0.15,98.090000,mnist-checkpoints/fc3rev_h256_L[16]_strict_seed40_ablation_wd_l16_fc3rev_h256.pth,/home/595/sl9144/codes/snn_simulation/important_results/new_fc3/noise_sweep_rate_uniform_L16_T16/fc3rev_h256/seed_40/noise_sweep_matrix_mnist_fc3rev_h256_T16_mode_rate_uniform_schedule_normal_seed_40.csv
fc3rev_h256,256,weight_decay,rate_uniform,16,16,40,0.20,98.080000,mnist-checkpoints/fc3rev_h256_L[16]_strict_seed40_ablation_wd_l16_fc3rev_h256.pth,/home/595/sl9144/codes/snn_simulation/important_results/new_fc3/noise_sweep_rate_uniform_L16_T16/fc3rev_h256/seed_40/noise_sweep_matrix_mnist_fc3rev_h256_T16_mode_rate_uniform_schedule_normal_seed_40.csv
fc3rev_h256,256,weight_decay,rate_uniform,16,16,40,0.25,98.010000,mnist-checkpoints/fc3rev_h256_L[16]_strict_seed40_ablation_wd_l16_fc3rev_h256.pth,/home/595/sl9144/codes/snn_simulation/important_results/new_fc3/noise_sweep_rate_uniform_L16_T16/fc3rev_h256/seed_40/noise_sweep_matrix_mnist_fc3rev_h256_T16_mode_rate_uniform_schedule_normal_seed_40.csv
fc3rev_h256,256,weight_decay,rate_uniform,16,16,40,0.30,97.990000,mnist-checkpoints/fc3rev_h256_L[16]_strict_seed40_ablation_wd_l16_fc3rev_h256.pth,/home/595/sl9144/codes/snn_simulation/important_results/new_fc3/noise_sweep_rate_uniform_L16_T16/fc3rev_h256/seed_40/noise_sweep_matrix_mnist_fc3rev_h256_T16_mode_rate_uniform_schedule_normal_seed_40.csv
fc3rev_h256,256,weight_decay,rate_uniform,16,16,40,0.35,98.020000,mnist-checkpoints/fc3rev_h256_L[16]_strict_seed40_ablation_wd_l16_fc3rev_h256.pth,/home/595/sl9144/codes/snn_simulation/important_results/new_fc3/noise_sweep_rate_uniform_L16_T16/fc3rev_h256/seed_40/noise_sweep_matrix_mnist_fc3rev_h256_T16_mode_rate_uniform_schedule_normal_seed_40.csv
fc3rev_h256,256,weight_decay,rate_uniform,16,16,40,0.40,98.020000,mnist-checkpoints/fc3rev_h256_L[16]_strict_seed40_ablation_wd_l16_fc3rev_h256.pth,/home/595/sl9144/codes/snn_simulation/important_results/new_fc3/noise_sweep_rate_uniform_L16_T16/fc3rev_h256/seed_40/noise_sweep_matrix_mnist_fc3rev_h256_T16_mode_rate_uniform_schedule_normal_seed_40.csv
fc3rev_h256,256,weight_decay,rate_uniform,16,16,40,0.45,98.000000,mnist-checkpoints/fc3rev_h256_L[16]_strict_seed40_ablation_wd_l16_fc3rev_h256.pth,/home/595/sl9144/codes/snn_simulation/important_results/new_fc3/noise_sweep_rate_uniform_L16_T16/fc3rev_h256/seed_40/noise_sweep_matrix_mnist_fc3rev_h256_T16_mode_rate_uniform_schedule_normal_seed_40.csv
fc3rev_h256,256,weight_decay,rate_uniform,16,16,40,0.50,98.020000,mnist-checkpoints/fc3rev_h256_L[16]_strict_seed40_ablation_wd_l16_fc3rev_h256.pth,/home/595/sl9144/codes/snn_simulation/important_results/new_fc3/noise_sweep_rate_uniform_L16_T16/fc3rev_h256/seed_40/noise_sweep_matrix_mnist_fc3rev_h256_T16_mode_rate_uniform_schedule_normal_seed_40.csv
fc3rev_h256,256,weight_decay,rate_uniform,16,16,40,0.55,97.990000,mnist-checkpoints/fc3rev_h256_L[16]_strict_seed40_ablation_wd_l16_fc3rev_h256.pth,/home/595/sl9144/codes/snn_simulation/important_results/new_fc3/noise_sweep_rate_uniform_L16_T16/fc3rev_h256/seed_40/noise_sweep_matrix_mnist_fc3rev_h256_T16_mode_rate_uniform_schedule_normal_seed_40.csv
fc3rev_h256,256,weight_decay,rate_uniform,16,16,40,0.60,97.930000,mnist-checkpoints/fc3rev_h256_L[16]_strict_seed40_ablation_wd_l16_fc3rev_h256.pth,/home/595/sl9144/codes/snn_simulation/important_results/new_fc3/noise_sweep_rate_uniform_L16_T16/fc3rev_h256/seed_40/noise_sweep_matrix_mnist_fc3rev_h256_T16_mode_rate_uniform_schedule_normal_seed_40.csv
fc3rev_h256,256,weight_decay,rate_uniform,16,16,40,0.65,97.960000,mnist-checkpoints/fc3rev_h256_L[16]_strict_seed40_ablation_wd_l16_fc3rev_h256.pth,/home/595/sl9144/codes/snn_simulation/important_results/new_fc3/noise_sweep_rate_uniform_L16_T16/fc3rev_h256/seed_40/noise_sweep_matrix_mnist_fc3rev_h256_T16_mode_rate_uniform_schedule_normal_seed_40.csv
fc3rev_h256,256,weight_decay,rate_uniform,16,16,40,0.70,97.870000,mnist-checkpoints/fc3rev_h256_L[16]_strict_seed40_ablation_wd_l16_fc3rev_h256.pth,/home/595/sl9144/codes/snn_simulation/important_results/new_fc3/noise_sweep_rate_uniform_L16_T16/fc3rev_h256/seed_40/noise_sweep_matrix_mnist_fc3rev_h256_T16_mode_rate_uniform_schedule_normal_seed_40.csv
fc3rev_h256,256,weight_decay,rate_uniform,16,16,40,0.75,97.850000,mnist-checkpoints/fc3rev_h256_L[16]_strict_seed40_ablation_wd_l16_fc3rev_h256.pth,/home/595/sl9144/codes/snn_simulation/important_results/new_fc3/noise_sweep_rate_uniform_L16_T16/fc3rev_h256/seed_40/noise_sweep_matrix_mnist_fc3rev_h256_T16_mode_rate_uniform_schedule_normal_seed_40.csv
fc3rev_h256,256,weight_decay,rate_uniform,16,16,40,0.80,97.950000,mnist-checkpoints/fc3rev_h256_L[16]_strict_seed40_ablation_wd_l16_fc3rev_h256.pth,/home/595/sl9144/codes/snn_simulation/important_results/new_fc3/noise_sweep_rate_uniform_L16_T16/fc3rev_h256/seed_40/noise_sweep_matrix_mnist_fc3rev_h256_T16_mode_rate_uniform_schedule_normal_seed_40.csv
fc3rev_h256,256,weight_decay,rate_uniform,16,16,40,0.85,97.750000,mnist-checkpoints/fc3rev_h256_L[16]_strict_seed40_ablation_wd_l16_fc3rev_h256.pth,/home/595/sl9144/codes/snn_simulation/important_results/new_fc3/noise_sweep_rate_uniform_L16_T16/fc3rev_h256/seed_40/noise_sweep_matrix_mnist_fc3rev_h256_T16_mode_rate_uniform_schedule_normal_seed_40.csv
fc3rev_h256,256,weight_decay,rate_uniform,16,16,40,0.90,97.860000,mnist-checkpoints/fc3rev_h256_L[16]_strict_seed40_ablation_wd_l16_fc3rev_h256.pth,/home/595/sl9144/codes/snn_simulation/important_results/new_fc3/noise_sweep_rate_uniform_L16_T16/fc3rev_h256/seed_40/noise_sweep_matrix_mnist_fc3rev_h256_T16_mode_rate_uniform_schedule_normal_seed_40.csv
fc3rev_h256,256,weight_decay,rate_uniform,16,16,40,0.95,97.770000,mnist-checkpoints/fc3rev_h256_L[16]_strict_seed40_ablation_wd_l16_fc3rev_h256.pth,/home/595/sl9144/codes/snn_simulation/important_results/new_fc3/noise_sweep_rate_uniform_L16_T16/fc3rev_h256/seed_40/noise_sweep_matrix_mnist_fc3rev_h256_T16_mode_rate_uniform_schedule_normal_seed_40.csv
fc3rev_h256,256,weight_decay,rate_uniform,16,16,40,1.00,97.670000,mnist-checkpoints/fc3rev_h256_L[16]_strict_seed40_ablation_wd_l16_fc3rev_h256.pth,/home/595/sl9144/codes/snn_simulation/important_results/new_fc3/noise_sweep_rate_uniform_L16_T16/fc3rev_h256/seed_40/noise_sweep_matrix_mnist_fc3rev_h256_T16_mode_rate_uniform_schedule_normal_seed_40.csv
fc3rev_h256,256,weight_decay,rate_uniform,16,16,41,0.00,97.890000,mnist-checkpoints/fc3rev_h256_L[16]_strict_seed41_ablation_wd_l16_fc3rev_h256.pth,/home/595/sl9144/codes/snn_simulation/important_results/new_fc3/noise_sweep_rate_uniform_L16_T16/fc3rev_h256/seed_41/noise_sweep_matrix_mnist_fc3rev_h256_T16_mode_rate_uniform_schedule_normal_seed_41.csv
fc3rev_h256,256,weight_decay,rate_uniform,16,16,41,0.05,97.860000,mnist-checkpoints/fc3rev_h256_L[16]_strict_seed41_ablation_wd_l16_fc3rev_h256.pth,/home/595/sl9144/codes/snn_simulation/important_results/new_fc3/noise_sweep_rate_uniform_L16_T16/fc3rev_h256/seed_41/noise_sweep_matrix_mnist_fc3rev_h256_T16_mode_rate_uniform_schedule_normal_seed_41.csv
fc3rev_h256,256,weight_decay,rate_uniform,16,16,41,0.10,97.830000,mnist-checkpoints/fc3rev_h256_L[16]_strict_seed41_ablation_wd_l16_fc3rev_h256.pth,/home/595/sl9144/codes/snn_simulation/important_results/new_fc3/noise_sweep_rate_uniform_L16_T16/fc3rev_h256/seed_41/noise_sweep_matrix_mnist_fc3rev_h256_T16_mode_rate_uniform_schedule_normal_seed_41.csv
fc3rev_h256,256,weight_decay,rate_uniform,16,16,41,0.15,97.880000,mnist-checkpoints/fc3rev_h256_L[16]_strict_seed41_ablation_wd_l16_fc3rev_h256.pth,/home/595/sl9144/codes/snn_simulation/important_results/new_fc3/noise_sweep_rate_uniform_L16_T16/fc3rev_h256/seed_41/noise_sweep_matrix_mnist_fc3rev_h256_T16_mode_rate_uniform_schedule_normal_seed_41.csv
fc3rev_h256,256,weight_decay,rate_uniform,16,16,41,0.20,97.850000,mnist-checkpoints/fc3rev_h256_L[16]_strict_seed41_ablation_wd_l16_fc3rev_h256.pth,/home/595/sl9144/codes/snn_simulation/important_results/new_fc3/noise_sweep_rate_uniform_L16_T16/fc3rev_h256/seed_41/noise_sweep_matrix_mnist_fc3rev_h256_T16_mode_rate_uniform_schedule_normal_seed_41.csv
fc3rev_h256,256,weight_decay,rate_uniform,16,16,41,0.25,97.880000,mnist-checkpoints/fc3rev_h256_L[16]_strict_seed41_ablation_wd_l16_fc3rev_h256.pth,/home/595/sl9144/codes/snn_simulation/important_results/new_fc3/noise_sweep_rate_uniform_L16_T16/fc3rev_h256/seed_41/noise_sweep_matrix_mnist_fc3rev_h256_T16_mode_rate_uniform_schedule_normal_seed_41.csv
fc3rev_h256,256,weight_decay,rate_uniform,16,16,41,0.30,97.830000,mnist-checkpoints/fc3rev_h256_L[16]_strict_seed41_ablation_wd_l16_fc3rev_h256.pth,/home/595/sl9144/codes/snn_simulation/important_results/new_fc3/noise_sweep_rate_uniform_L16_T16/fc3rev_h256/seed_41/noise_sweep_matrix_mnist_fc3rev_h256_T16_mode_rate_uniform_schedule_normal_seed_41.csv
fc3rev_h256,256,weight_decay,rate_uniform,16,16,41,0.35,97.820000,mnist-checkpoints/fc3rev_h256_L[16]_strict_seed41_ablation_wd_l16_fc3rev_h256.pth,/home/595/sl9144/codes/snn_simulation/important_results/new_fc3/noise_sweep_rate_uniform_L16_T16/fc3rev_h256/seed_41/noise_sweep_matrix_mnist_fc3rev_h256_T16_mode_rate_uniform_schedule_normal_seed_41.csv
fc3rev_h256,256,weight_decay,rate_uniform,16,16,41,0.40,97.850000,mnist-checkpoints/fc3rev_h256_L[16]_strict_seed41_ablation_wd_l16_fc3rev_h256.pth,/home/595/sl9144/codes/snn_simulation/important_results/new_fc3/noise_sweep_rate_uniform_L16_T16/fc3rev_h256/seed_41/noise_sweep_matrix_mnist_fc3rev_h256_T16_mode_rate_uniform_schedule_normal_seed_41.csv
fc3rev_h256,256,weight_decay,rate_uniform,16,16,41,0.45,97.720000,mnist-checkpoints/fc3rev_h256_L[16]_strict_seed41_ablation_wd_l16_fc3rev_h256.pth,/home/595/sl9144/codes/snn_simulation/important_results/new_fc3/noise_sweep_rate_uniform_L16_T16/fc3rev_h256/seed_41/noise_sweep_matrix_mnist_fc3rev_h256_T16_mode_rate_uniform_schedule_normal_seed_41.csv
fc3rev_h256,256,weight_decay,rate_uniform,16,16,41,0.50,97.700000,mnist-checkpoints/fc3rev_h256_L[16]_strict_seed41_ablation_wd_l16_fc3rev_h256.pth,/home/595/sl9144/codes/snn_simulation/important_results/new_fc3/noise_sweep_rate_uniform_L16_T16/fc3rev_h256/seed_41/noise_sweep_matrix_mnist_fc3rev_h256_T16_mode_rate_uniform_schedule_normal_seed_41.csv
fc3rev_h256,256,weight_decay,rate_uniform,16,16,41,0.55,97.650000,mnist-checkpoints/fc3rev_h256_L[16]_strict_seed41_ablation_wd_l16_fc3rev_h256.pth,/home/595/sl9144/codes/snn_simulation/important_results/new_fc3/noise_sweep_rate_uniform_L16_T16/fc3rev_h256/seed_41/noise_sweep_matrix_mnist_fc3rev_h256_T16_mode_rate_uniform_schedule_normal_seed_41.csv
fc3rev_h256,256,weight_decay,rate_uniform,16,16,41,0.60,97.870000,mnist-checkpoints/fc3rev_h256_L[16]_strict_seed41_ablation_wd_l16_fc3rev_h256.pth,/home/595/sl9144/codes/snn_simulation/important_results/new_fc3/noise_sweep_rate_uniform_L16_T16/fc3rev_h256/seed_41/noise_sweep_matrix_mnist_fc3rev_h256_T16_mode_rate_uniform_schedule_normal_seed_41.csv
fc3rev_h256,256,weight_decay,rate_uniform,16,16,41,0.65,97.790000,mnist-checkpoints/fc3rev_h256_L[16]_strict_seed41_ablation_wd_l16_fc3rev_h256.pth,/home/595/sl9144/codes/snn_simulation/important_results/new_fc3/noise_sweep_rate_uniform_L16_T16/fc3rev_h256/seed_41/noise_sweep_matrix_mnist_fc3rev_h256_T16_mode_rate_uniform_schedule_normal_seed_41.csv
fc3rev_h256,256,weight_decay,rate_uniform,16,16,41,0.70,97.720000,mnist-checkpoints/fc3rev_h256_L[16]_strict_seed41_ablation_wd_l16_fc3rev_h256.pth,/home/595/sl9144/codes/snn_simulation/important_results/new_fc3/noise_sweep_rate_uniform_L16_T16/fc3rev_h256/seed_41/noise_sweep_matrix_mnist_fc3rev_h256_T16_mode_rate_uniform_schedule_normal_seed_41.csv
fc3rev_h256,256,weight_decay,rate_uniform,16,16,41,0.75,97.850000,mnist-checkpoints/fc3rev_h256_L[16]_strict_seed41_ablation_wd_l16_fc3rev_h256.pth,/home/595/sl9144/codes/snn_simulation/important_results/new_fc3/noise_sweep_rate_uniform_L16_T16/fc3rev_h256/seed_41/noise_sweep_matrix_mnist_fc3rev_h256_T16_mode_rate_uniform_schedule_normal_seed_41.csv
fc3rev_h256,256,weight_decay,rate_uniform,16,16,41,0.80,97.790000,mnist-checkpoints/fc3rev_h256_L[16]_strict_seed41_ablation_wd_l16_fc3rev_h256.pth,/home/595/sl9144/codes/snn_simulation/important_results/new_fc3/noise_sweep_rate_uniform_L16_T16/fc3rev_h256/seed_41/noise_sweep_matrix_mnist_fc3rev_h256_T16_mode_rate_uniform_schedule_normal_seed_41.csv
fc3rev_h256,256,weight_decay,rate_uniform,16,16,41,0.85,97.720000,mnist-checkpoints/fc3rev_h256_L[16]_strict_seed41_ablation_wd_l16_fc3rev_h256.pth,/home/595/sl9144/codes/snn_simulation/important_results/new_fc3/noise_sweep_rate_uniform_L16_T16/fc3rev_h256/seed_41/noise_sweep_matrix_mnist_fc3rev_h256_T16_mode_rate_uniform_schedule_normal_seed_41.csv
fc3rev_h256,256,weight_decay,rate_uniform,16,16,41,0.90,97.710000,mnist-checkpoints/fc3rev_h256_L[16]_strict_seed41_ablation_wd_l16_fc3rev_h256.pth,/home/595/sl9144/codes/snn_simulation/important_results/new_fc3/noise_sweep_rate_uniform_L16_T16/fc3rev_h256/seed_41/noise_sweep_matrix_mnist_fc3rev_h256_T16_mode_rate_uniform_schedule_normal_seed_41.csv
fc3rev_h256,256,weight_decay,rate_uniform,16,16,41,0.95,97.750000,mnist-checkpoints/fc3rev_h256_L[16]_strict_seed41_ablation_wd_l16_fc3rev_h256.pth,/home/595/sl9144/codes/snn_simulation/important_results/new_fc3/noise_sweep_rate_uniform_L16_T16/fc3rev_h256/seed_41/noise_sweep_matrix_mnist_fc3rev_h256_T16_mode_rate_uniform_schedule_normal_seed_41.csv
fc3rev_h256,256,weight_decay,rate_uniform,16,16,41,1.00,97.390000,mnist-checkpoints/fc3rev_h256_L[16]_strict_seed41_ablation_wd_l16_fc3rev_h256.pth,/home/595/sl9144/codes/snn_simulation/important_results/new_fc3/noise_sweep_rate_uniform_L16_T16/fc3rev_h256/seed_41/noise_sweep_matrix_mnist_fc3rev_h256_T16_mode_rate_uniform_schedule_normal_seed_41.csv
fc3rev_h256,256,weight_decay,rate_uniform,16,16,42,0.00,98.030000,mnist-checkpoints/fc3rev_h256_L[16]_strict_seed42_ablation_wd_l16_fc3rev_h256.pth,/home/595/sl9144/codes/snn_simulation/important_results/new_fc3/noise_sweep_rate_uniform_L16_T16/fc3rev_h256/seed_42/noise_sweep_matrix_mnist_fc3rev_h256_T16_mode_rate_uniform_schedule_normal_seed_42.csv
fc3rev_h256,256,weight_decay,rate_uniform,16,16,42,0.05,98.040000,mnist-checkpoints/fc3rev_h256_L[16]_strict_seed42_ablation_wd_l16_fc3rev_h256.pth,/home/595/sl9144/codes/snn_simulation/important_results/new_fc3/noise_sweep_rate_uniform_L16_T16/fc3rev_h256/seed_42/noise_sweep_matrix_mnist_fc3rev_h256_T16_mode_rate_uniform_schedule_normal_seed_42.csv
fc3rev_h256,256,weight_decay,rate_uniform,16,16,42,0.10,98.000000,mnist-checkpoints/fc3rev_h256_L[16]_strict_seed42_ablation_wd_l16_fc3rev_h256.pth,/home/595/sl9144/codes/snn_simulation/important_results/new_fc3/noise_sweep_rate_uniform_L16_T16/fc3rev_h256/seed_42/noise_sweep_matrix_mnist_fc3rev_h256_T16_mode_rate_uniform_schedule_normal_seed_42.csv
fc3rev_h256,256,weight_decay,rate_uniform,16,16,42,0.15,98.010000,mnist-checkpoints/fc3rev_h256_L[16]_strict_seed42_ablation_wd_l16_fc3rev_h256.pth,/home/595/sl9144/codes/snn_simulation/important_results/new_fc3/noise_sweep_rate_uniform_L16_T16/fc3rev_h256/seed_42/noise_sweep_matrix_mnist_fc3rev_h256_T16_mode_rate_uniform_schedule_normal_seed_42.csv
fc3rev_h256,256,weight_decay,rate_uniform,16,16,42,0.20,98.040000,mnist-checkpoints/fc3rev_h256_L[16]_strict_seed42_ablation_wd_l16_fc3rev_h256.pth,/home/595/sl9144/codes/snn_simulation/important_results/new_fc3/noise_sweep_rate_uniform_L16_T16/fc3rev_h256/seed_42/noise_sweep_matrix_mnist_fc3rev_h256_T16_mode_rate_uniform_schedule_normal_seed_42.csv
fc3rev_h256,256,weight_decay,rate_uniform,16,16,42,0.25,97.940000,mnist-checkpoints/fc3rev_h256_L[16]_strict_seed42_ablation_wd_l16_fc3rev_h256.pth,/home/595/sl9144/codes/snn_simulation/important_results/new_fc3/noise_sweep_rate_uniform_L16_T16/fc3rev_h256/seed_42/noise_sweep_matrix_mnist_fc3rev_h256_T16_mode_rate_uniform_schedule_normal_seed_42.csv
fc3rev_h256,256,weight_decay,rate_uniform,16,16,42,0.30,97.990000,mnist-checkpoints/fc3rev_h256_L[16]_strict_seed42_ablation_wd_l16_fc3rev_h256.pth,/home/595/sl9144/codes/snn_simulation/important_results/new_fc3/noise_sweep_rate_uniform_L16_T16/fc3rev_h256/seed_42/noise_sweep_matrix_mnist_fc3rev_h256_T16_mode_rate_uniform_schedule_normal_seed_42.csv
fc3rev_h256,256,weight_decay,rate_uniform,16,16,42,0.35,97.960000,mnist-checkpoints/fc3rev_h256_L[16]_strict_seed42_ablation_wd_l16_fc3rev_h256.pth,/home/595/sl9144/codes/snn_simulation/important_results/new_fc3/noise_sweep_rate_uniform_L16_T16/fc3rev_h256/seed_42/noise_sweep_matrix_mnist_fc3rev_h256_T16_mode_rate_uniform_schedule_normal_seed_42.csv
fc3rev_h256,256,weight_decay,rate_uniform,16,16,42,0.40,97.910000,mnist-checkpoints/fc3rev_h256_L[16]_strict_seed42_ablation_wd_l16_fc3rev_h256.pth,/home/595/sl9144/codes/snn_simulation/important_results/new_fc3/noise_sweep_rate_uniform_L16_T16/fc3rev_h256/seed_42/noise_sweep_matrix_mnist_fc3rev_h256_T16_mode_rate_uniform_schedule_normal_seed_42.csv
fc3rev_h256,256,weight_decay,rate_uniform,16,16,42,0.45,98.050000,mnist-checkpoints/fc3rev_h256_L[16]_strict_seed42_ablation_wd_l16_fc3rev_h256.pth,/home/595/sl9144/codes/snn_simulation/important_results/new_fc3/noise_sweep_rate_uniform_L16_T16/fc3rev_h256/seed_42/noise_sweep_matrix_mnist_fc3rev_h256_T16_mode_rate_uniform_schedule_normal_seed_42.csv
fc3rev_h256,256,weight_decay,rate_uniform,16,16,42,0.50,97.880000,mnist-checkpoints/fc3rev_h256_L[16]_strict_seed42_ablation_wd_l16_fc3rev_h256.pth,/home/595/sl9144/codes/snn_simulation/important_results/new_fc3/noise_sweep_rate_uniform_L16_T16/fc3rev_h256/seed_42/noise_sweep_matrix_mnist_fc3rev_h256_T16_mode_rate_uniform_schedule_normal_seed_42.csv
fc3rev_h256,256,weight_decay,rate_uniform,16,16,42,0.55,97.880000,mnist-checkpoints/fc3rev_h256_L[16]_strict_seed42_ablation_wd_l16_fc3rev_h256.pth,/home/595/sl9144/codes/snn_simulation/important_results/new_fc3/noise_sweep_rate_uniform_L16_T16/fc3rev_h256/seed_42/noise_sweep_matrix_mnist_fc3rev_h256_T16_mode_rate_uniform_schedule_normal_seed_42.csv
fc3rev_h256,256,weight_decay,rate_uniform,16,16,42,0.60,97.900000,mnist-checkpoints/fc3rev_h256_L[16]_strict_seed42_ablation_wd_l16_fc3rev_h256.pth,/home/595/sl9144/codes/snn_simulation/important_results/new_fc3/noise_sweep_rate_uniform_L16_T16/fc3rev_h256/seed_42/noise_sweep_matrix_mnist_fc3rev_h256_T16_mode_rate_uniform_schedule_normal_seed_42.csv
fc3rev_h256,256,weight_decay,rate_uniform,16,16,42,0.65,97.900000,mnist-checkpoints/fc3rev_h256_L[16]_strict_seed42_ablation_wd_l16_fc3rev_h256.pth,/home/595/sl9144/codes/snn_simulation/important_results/new_fc3/noise_sweep_rate_uniform_L16_T16/fc3rev_h256/seed_42/noise_sweep_matrix_mnist_fc3rev_h256_T16_mode_rate_uniform_schedule_normal_seed_42.csv
fc3rev_h256,256,weight_decay,rate_uniform,16,16,42,0.70,97.830000,mnist-checkpoints/fc3rev_h256_L[16]_strict_seed42_ablation_wd_l16_fc3rev_h256.pth,/home/595/sl9144/codes/snn_simulation/important_results/new_fc3/noise_sweep_rate_uniform_L16_T16/fc3rev_h256/seed_42/noise_sweep_matrix_mnist_fc3rev_h256_T16_mode_rate_uniform_schedule_normal_seed_42.csv
fc3rev_h256,256,weight_decay,rate_uniform,16,16,42,0.75,97.870000,mnist-checkpoints/fc3rev_h256_L[16]_strict_seed42_ablation_wd_l16_fc3rev_h256.pth,/home/595/sl9144/codes/snn_simulation/important_results/new_fc3/noise_sweep_rate_uniform_L16_T16/fc3rev_h256/seed_42/noise_sweep_matrix_mnist_fc3rev_h256_T16_mode_rate_uniform_schedule_normal_seed_42.csv
fc3rev_h256,256,weight_decay,rate_uniform,16,16,42,0.80,97.770000,mnist-checkpoints/fc3rev_h256_L[16]_strict_seed42_ablation_wd_l16_fc3rev_h256.pth,/home/595/sl9144/codes/snn_simulation/important_results/new_fc3/noise_sweep_rate_uniform_L16_T16/fc3rev_h256/seed_42/noise_sweep_matrix_mnist_fc3rev_h256_T16_mode_rate_uniform_schedule_normal_seed_42.csv
fc3rev_h256,256,weight_decay,rate_uniform,16,16,42,0.85,97.800000,mnist-checkpoints/fc3rev_h256_L[16]_strict_seed42_ablation_wd_l16_fc3rev_h256.pth,/home/595/sl9144/codes/snn_simulation/important_results/new_fc3/noise_sweep_rate_uniform_L16_T16/fc3rev_h256/seed_42/noise_sweep_matrix_mnist_fc3rev_h256_T16_mode_rate_uniform_schedule_normal_seed_42.csv
fc3rev_h256,256,weight_decay,rate_uniform,16,16,42,0.90,97.610000,mnist-checkpoints/fc3rev_h256_L[16]_strict_seed42_ablation_wd_l16_fc3rev_h256.pth,/home/595/sl9144/codes/snn_simulation/important_results/new_fc3/noise_sweep_rate_uniform_L16_T16/fc3rev_h256/seed_42/noise_sweep_matrix_mnist_fc3rev_h256_T16_mode_rate_uniform_schedule_normal_seed_42.csv
fc3rev_h256,256,weight_decay,rate_uniform,16,16,42,0.95,97.860000,mnist-checkpoints/fc3rev_h256_L[16]_strict_seed42_ablation_wd_l16_fc3rev_h256.pth,/home/595/sl9144/codes/snn_simulation/important_results/new_fc3/noise_sweep_rate_uniform_L16_T16/fc3rev_h256/seed_42/noise_sweep_matrix_mnist_fc3rev_h256_T16_mode_rate_uniform_schedule_normal_seed_42.csv
fc3rev_h256,256,weight_decay,rate_uniform,16,16,42,1.00,97.560000,mnist-checkpoints/fc3rev_h256_L[16]_strict_seed42_ablation_wd_l16_fc3rev_h256.pth,/home/595/sl9144/codes/snn_simulation/important_results/new_fc3/noise_sweep_rate_uniform_L16_T16/fc3rev_h256/seed_42/noise_sweep_matrix_mnist_fc3rev_h256_T16_mode_rate_uniform_schedule_normal_seed_42.csv
fc3rev_h256,256,weight_decay,rate_uniform,16,16,43,0.00,97.900000,mnist-checkpoints/fc3rev_h256_L[16]_strict_seed43_ablation_wd_l16_fc3rev_h256.pth,/home/595/sl9144/codes/snn_simulation/important_results/new_fc3/noise_sweep_rate_uniform_L16_T16/fc3rev_h256/seed_43/noise_sweep_matrix_mnist_fc3rev_h256_T16_mode_rate_uniform_schedule_normal_seed_43.csv
fc3rev_h256,256,weight_decay,rate_uniform,16,16,43,0.05,97.850000,mnist-checkpoints/fc3rev_h256_L[16]_strict_seed43_ablation_wd_l16_fc3rev_h256.pth,/home/595/sl9144/codes/snn_simulation/important_results/new_fc3/noise_sweep_rate_uniform_L16_T16/fc3rev_h256/seed_43/noise_sweep_matrix_mnist_fc3rev_h256_T16_mode_rate_uniform_schedule_normal_seed_43.csv
fc3rev_h256,256,weight_decay,rate_uniform,16,16,43,0.10,97.800000,mnist-checkpoints/fc3rev_h256_L[16]_strict_seed43_ablation_wd_l16_fc3rev_h256.pth,/home/595/sl9144/codes/snn_simulation/important_results/new_fc3/noise_sweep_rate_uniform_L16_T16/fc3rev_h256/seed_43/noise_sweep_matrix_mnist_fc3rev_h256_T16_mode_rate_uniform_schedule_normal_seed_43.csv
fc3rev_h256,256,weight_decay,rate_uniform,16,16,43,0.15,97.690000,mnist-checkpoints/fc3rev_h256_L[16]_strict_seed43_ablation_wd_l16_fc3rev_h256.pth,/home/595/sl9144/codes/snn_simulation/important_results/new_fc3/noise_sweep_rate_uniform_L16_T16/fc3rev_h256/seed_43/noise_sweep_matrix_mnist_fc3rev_h256_T16_mode_rate_uniform_schedule_normal_seed_43.csv
fc3rev_h256,256,weight_decay,rate_uniform,16,16,43,0.20,97.760000,mnist-checkpoints/fc3rev_h256_L[16]_strict_seed43_ablation_wd_l16_fc3rev_h256.pth,/home/595/sl9144/codes/snn_simulation/important_results/new_fc3/noise_sweep_rate_uniform_L16_T16/fc3rev_h256/seed_43/noise_sweep_matrix_mnist_fc3rev_h256_T16_mode_rate_uniform_schedule_normal_seed_43.csv
fc3rev_h256,256,weight_decay,rate_uniform,16,16,43,0.25,97.820000,mnist-checkpoints/fc3rev_h256_L[16]_strict_seed43_ablation_wd_l16_fc3rev_h256.pth,/home/595/sl9144/codes/snn_simulation/important_results/new_fc3/noise_sweep_rate_uniform_L16_T16/fc3rev_h256/seed_43/noise_sweep_matrix_mnist_fc3rev_h256_T16_mode_rate_uniform_schedule_normal_seed_43.csv
fc3rev_h256,256,weight_decay,rate_uniform,16,16,43,0.30,97.770000,mnist-checkpoints/fc3rev_h256_L[16]_strict_seed43_ablation_wd_l16_fc3rev_h256.pth,/home/595/sl9144/codes/snn_simulation/important_results/new_fc3/noise_sweep_rate_uniform_L16_T16/fc3rev_h256/seed_43/noise_sweep_matrix_mnist_fc3rev_h256_T16_mode_rate_uniform_schedule_normal_seed_43.csv
fc3rev_h256,256,weight_decay,rate_uniform,16,16,43,0.35,97.710000,mnist-checkpoints/fc3rev_h256_L[16]_strict_seed43_ablation_wd_l16_fc3rev_h256.pth,/home/595/sl9144/codes/snn_simulation/important_results/new_fc3/noise_sweep_rate_uniform_L16_T16/fc3rev_h256/seed_43/noise_sweep_matrix_mnist_fc3rev_h256_T16_mode_rate_uniform_schedule_normal_seed_43.csv
fc3rev_h256,256,weight_decay,rate_uniform,16,16,43,0.40,97.670000,mnist-checkpoints/fc3rev_h256_L[16]_strict_seed43_ablation_wd_l16_fc3rev_h256.pth,/home/595/sl9144/codes/snn_simulation/important_results/new_fc3/noise_sweep_rate_uniform_L16_T16/fc3rev_h256/seed_43/noise_sweep_matrix_mnist_fc3rev_h256_T16_mode_rate_uniform_schedule_normal_seed_43.csv
fc3rev_h256,256,weight_decay,rate_uniform,16,16,43,0.45,97.720000,mnist-checkpoints/fc3rev_h256_L[16]_strict_seed43_ablation_wd_l16_fc3rev_h256.pth,/home/595/sl9144/codes/snn_simulation/important_results/new_fc3/noise_sweep_rate_uniform_L16_T16/fc3rev_h256/seed_43/noise_sweep_matrix_mnist_fc3rev_h256_T16_mode_rate_uniform_schedule_normal_seed_43.csv
fc3rev_h256,256,weight_decay,rate_uniform,16,16,43,0.50,97.790000,mnist-checkpoints/fc3rev_h256_L[16]_strict_seed43_ablation_wd_l16_fc3rev_h256.pth,/home/595/sl9144/codes/snn_simulation/important_results/new_fc3/noise_sweep_rate_uniform_L16_T16/fc3rev_h256/seed_43/noise_sweep_matrix_mnist_fc3rev_h256_T16_mode_rate_uniform_schedule_normal_seed_43.csv
fc3rev_h256,256,weight_decay,rate_uniform,16,16,43,0.55,97.570000,mnist-checkpoints/fc3rev_h256_L[16]_strict_seed43_ablation_wd_l16_fc3rev_h256.pth,/home/595/sl9144/codes/snn_simulation/important_results/new_fc3/noise_sweep_rate_uniform_L16_T16/fc3rev_h256/seed_43/noise_sweep_matrix_mnist_fc3rev_h256_T16_mode_rate_uniform_schedule_normal_seed_43.csv
fc3rev_h256,256,weight_decay,rate_uniform,16,16,43,0.60,97.620000,mnist-checkpoints/fc3rev_h256_L[16]_strict_seed43_ablation_wd_l16_fc3rev_h256.pth,/home/595/sl9144/codes/snn_simulation/important_results/new_fc3/noise_sweep_rate_uniform_L16_T16/fc3rev_h256/seed_43/noise_sweep_matrix_mnist_fc3rev_h256_T16_mode_rate_uniform_schedule_normal_seed_43.csv
fc3rev_h256,256,weight_decay,rate_uniform,16,16,43,0.65,97.650000,mnist-checkpoints/fc3rev_h256_L[16]_strict_seed43_ablation_wd_l16_fc3rev_h256.pth,/home/595/sl9144/codes/snn_simulation/important_results/new_fc3/noise_sweep_rate_uniform_L16_T16/fc3rev_h256/seed_43/noise_sweep_matrix_mnist_fc3rev_h256_T16_mode_rate_uniform_schedule_normal_seed_43.csv
fc3rev_h256,256,weight_decay,rate_uniform,16,16,43,0.70,97.590000,mnist-checkpoints/fc3rev_h256_L[16]_strict_seed43_ablation_wd_l16_fc3rev_h256.pth,/home/595/sl9144/codes/snn_simulation/important_results/new_fc3/noise_sweep_rate_uniform_L16_T16/fc3rev_h256/seed_43/noise_sweep_matrix_mnist_fc3rev_h256_T16_mode_rate_uniform_schedule_normal_seed_43.csv
fc3rev_h256,256,weight_decay,rate_uniform,16,16,43,0.75,97.610000,mnist-checkpoints/fc3rev_h256_L[16]_strict_seed43_ablation_wd_l16_fc3rev_h256.pth,/home/595/sl9144/codes/snn_simulation/important_results/new_fc3/noise_sweep_rate_uniform_L16_T16/fc3rev_h256/seed_43/noise_sweep_matrix_mnist_fc3rev_h256_T16_mode_rate_uniform_schedule_normal_seed_43.csv
fc3rev_h256,256,weight_decay,rate_uniform,16,16,43,0.80,97.660000,mnist-checkpoints/fc3rev_h256_L[16]_strict_seed43_ablation_wd_l16_fc3rev_h256.pth,/home/595/sl9144/codes/snn_simulation/important_results/new_fc3/noise_sweep_rate_uniform_L16_T16/fc3rev_h256/seed_43/noise_sweep_matrix_mnist_fc3rev_h256_T16_mode_rate_uniform_schedule_normal_seed_43.csv
fc3rev_h256,256,weight_decay,rate_uniform,16,16,43,0.85,97.430000,mnist-checkpoints/fc3rev_h256_L[16]_strict_seed43_ablation_wd_l16_fc3rev_h256.pth,/home/595/sl9144/codes/snn_simulation/important_results/new_fc3/noise_sweep_rate_uniform_L16_T16/fc3rev_h256/seed_43/noise_sweep_matrix_mnist_fc3rev_h256_T16_mode_rate_uniform_schedule_normal_seed_43.csv
fc3rev_h256,256,weight_decay,rate_uniform,16,16,43,0.90,97.300000,mnist-checkpoints/fc3rev_h256_L[16]_strict_seed43_ablation_wd_l16_fc3rev_h256.pth,/home/595/sl9144/codes/snn_simulation/important_results/new_fc3/noise_sweep_rate_uniform_L16_T16/fc3rev_h256/seed_43/noise_sweep_matrix_mnist_fc3rev_h256_T16_mode_rate_uniform_schedule_normal_seed_43.csv
fc3rev_h256,256,weight_decay,rate_uniform,16,16,43,0.95,97.590000,mnist-checkpoints/fc3rev_h256_L[16]_strict_seed43_ablation_wd_l16_fc3rev_h256.pth,/home/595/sl9144/codes/snn_simulation/important_results/new_fc3/noise_sweep_rate_uniform_L16_T16/fc3rev_h256/seed_43/noise_sweep_matrix_mnist_fc3rev_h256_T16_mode_rate_uniform_schedule_normal_seed_43.csv
fc3rev_h256,256,weight_decay,rate_uniform,16,16,43,1.00,97.410000,mnist-checkpoints/fc3rev_h256_L[16]_strict_seed43_ablation_wd_l16_fc3rev_h256.pth,/home/595/sl9144/codes/snn_simulation/important_results/new_fc3/noise_sweep_rate_uniform_L16_T16/fc3rev_h256/seed_43/noise_sweep_matrix_mnist_fc3rev_h256_T16_mode_rate_uniform_schedule_normal_seed_43.csv
fc3rev_h256,256,weight_decay,rate_uniform,16,16,44,0.00,98.000000,mnist-checkpoints/fc3rev_h256_L[16]_strict_seed44_ablation_wd_l16_fc3rev_h256.pth,/home/595/sl9144/codes/snn_simulation/important_results/new_fc3/noise_sweep_rate_uniform_L16_T16/fc3rev_h256/seed_44/noise_sweep_matrix_mnist_fc3rev_h256_T16_mode_rate_uniform_schedule_normal_seed_44.csv
fc3rev_h256,256,weight_decay,rate_uniform,16,16,44,0.05,97.940000,mnist-checkpoints/fc3rev_h256_L[16]_strict_seed44_ablation_wd_l16_fc3rev_h256.pth,/home/595/sl9144/codes/snn_simulation/important_results/new_fc3/noise_sweep_rate_uniform_L16_T16/fc3rev_h256/seed_44/noise_sweep_matrix_mnist_fc3rev_h256_T16_mode_rate_uniform_schedule_normal_seed_44.csv
fc3rev_h256,256,weight_decay,rate_uniform,16,16,44,0.10,97.900000,mnist-checkpoints/fc3rev_h256_L[16]_strict_seed44_ablation_wd_l16_fc3rev_h256.pth,/home/595/sl9144/codes/snn_simulation/important_results/new_fc3/noise_sweep_rate_uniform_L16_T16/fc3rev_h256/seed_44/noise_sweep_matrix_mnist_fc3rev_h256_T16_mode_rate_uniform_schedule_normal_seed_44.csv
fc3rev_h256,256,weight_decay,rate_uniform,16,16,44,0.15,97.970000,mnist-checkpoints/fc3rev_h256_L[16]_strict_seed44_ablation_wd_l16_fc3rev_h256.pth,/home/595/sl9144/codes/snn_simulation/important_results/new_fc3/noise_sweep_rate_uniform_L16_T16/fc3rev_h256/seed_44/noise_sweep_matrix_mnist_fc3rev_h256_T16_mode_rate_uniform_schedule_normal_seed_44.csv
fc3rev_h256,256,weight_decay,rate_uniform,16,16,44,0.20,97.910000,mnist-checkpoints/fc3rev_h256_L[16]_strict_seed44_ablation_wd_l16_fc3rev_h256.pth,/home/595/sl9144/codes/snn_simulation/important_results/new_fc3/noise_sweep_rate_uniform_L16_T16/fc3rev_h256/seed_44/noise_sweep_matrix_mnist_fc3rev_h256_T16_mode_rate_uniform_schedule_normal_seed_44.csv
fc3rev_h256,256,weight_decay,rate_uniform,16,16,44,0.25,97.990000,mnist-checkpoints/fc3rev_h256_L[16]_strict_seed44_ablation_wd_l16_fc3rev_h256.pth,/home/595/sl9144/codes/snn_simulation/important_results/new_fc3/noise_sweep_rate_uniform_L16_T16/fc3rev_h256/seed_44/noise_sweep_matrix_mnist_fc3rev_h256_T16_mode_rate_uniform_schedule_normal_seed_44.csv
fc3rev_h256,256,weight_decay,rate_uniform,16,16,44,0.30,97.990000,mnist-checkpoints/fc3rev_h256_L[16]_strict_seed44_ablation_wd_l16_fc3rev_h256.pth,/home/595/sl9144/codes/snn_simulation/important_results/new_fc3/noise_sweep_rate_uniform_L16_T16/fc3rev_h256/seed_44/noise_sweep_matrix_mnist_fc3rev_h256_T16_mode_rate_uniform_schedule_normal_seed_44.csv
fc3rev_h256,256,weight_decay,rate_uniform,16,16,44,0.35,97.970000,mnist-checkpoints/fc3rev_h256_L[16]_strict_seed44_ablation_wd_l16_fc3rev_h256.pth,/home/595/sl9144/codes/snn_simulation/important_results/new_fc3/noise_sweep_rate_uniform_L16_T16/fc3rev_h256/seed_44/noise_sweep_matrix_mnist_fc3rev_h256_T16_mode_rate_uniform_schedule_normal_seed_44.csv
fc3rev_h256,256,weight_decay,rate_uniform,16,16,44,0.40,97.830000,mnist-checkpoints/fc3rev_h256_L[16]_strict_seed44_ablation_wd_l16_fc3rev_h256.pth,/home/595/sl9144/codes/snn_simulation/important_results/new_fc3/noise_sweep_rate_uniform_L16_T16/fc3rev_h256/seed_44/noise_sweep_matrix_mnist_fc3rev_h256_T16_mode_rate_uniform_schedule_normal_seed_44.csv
fc3rev_h256,256,weight_decay,rate_uniform,16,16,44,0.45,97.930000,mnist-checkpoints/fc3rev_h256_L[16]_strict_seed44_ablation_wd_l16_fc3rev_h256.pth,/home/595/sl9144/codes/snn_simulation/important_results/new_fc3/noise_sweep_rate_uniform_L16_T16/fc3rev_h256/seed_44/noise_sweep_matrix_mnist_fc3rev_h256_T16_mode_rate_uniform_schedule_normal_seed_44.csv
fc3rev_h256,256,weight_decay,rate_uniform,16,16,44,0.50,97.830000,mnist-checkpoints/fc3rev_h256_L[16]_strict_seed44_ablation_wd_l16_fc3rev_h256.pth,/home/595/sl9144/codes/snn_simulation/important_results/new_fc3/noise_sweep_rate_uniform_L16_T16/fc3rev_h256/seed_44/noise_sweep_matrix_mnist_fc3rev_h256_T16_mode_rate_uniform_schedule_normal_seed_44.csv
fc3rev_h256,256,weight_decay,rate_uniform,16,16,44,0.55,97.890000,mnist-checkpoints/fc3rev_h256_L[16]_strict_seed44_ablation_wd_l16_fc3rev_h256.pth,/home/595/sl9144/codes/snn_simulation/important_results/new_fc3/noise_sweep_rate_uniform_L16_T16/fc3rev_h256/seed_44/noise_sweep_matrix_mnist_fc3rev_h256_T16_mode_rate_uniform_schedule_normal_seed_44.csv
fc3rev_h256,256,weight_decay,rate_uniform,16,16,44,0.60,97.870000,mnist-checkpoints/fc3rev_h256_L[16]_strict_seed44_ablation_wd_l16_fc3rev_h256.pth,/home/595/sl9144/codes/snn_simulation/important_results/new_fc3/noise_sweep_rate_uniform_L16_T16/fc3rev_h256/seed_44/noise_sweep_matrix_mnist_fc3rev_h256_T16_mode_rate_uniform_schedule_normal_seed_44.csv
fc3rev_h256,256,weight_decay,rate_uniform,16,16,44,0.65,97.750000,mnist-checkpoints/fc3rev_h256_L[16]_strict_seed44_ablation_wd_l16_fc3rev_h256.pth,/home/595/sl9144/codes/snn_simulation/important_results/new_fc3/noise_sweep_rate_uniform_L16_T16/fc3rev_h256/seed_44/noise_sweep_matrix_mnist_fc3rev_h256_T16_mode_rate_uniform_schedule_normal_seed_44.csv
fc3rev_h256,256,weight_decay,rate_uniform,16,16,44,0.70,97.770000,mnist-checkpoints/fc3rev_h256_L[16]_strict_seed44_ablation_wd_l16_fc3rev_h256.pth,/home/595/sl9144/codes/snn_simulation/important_results/new_fc3/noise_sweep_rate_uniform_L16_T16/fc3rev_h256/seed_44/noise_sweep_matrix_mnist_fc3rev_h256_T16_mode_rate_uniform_schedule_normal_seed_44.csv
fc3rev_h256,256,weight_decay,rate_uniform,16,16,44,0.75,97.780000,mnist-checkpoints/fc3rev_h256_L[16]_strict_seed44_ablation_wd_l16_fc3rev_h256.pth,/home/595/sl9144/codes/snn_simulation/important_results/new_fc3/noise_sweep_rate_uniform_L16_T16/fc3rev_h256/seed_44/noise_sweep_matrix_mnist_fc3rev_h256_T16_mode_rate_uniform_schedule_normal_seed_44.csv
fc3rev_h256,256,weight_decay,rate_uniform,16,16,44,0.80,97.530000,mnist-checkpoints/fc3rev_h256_L[16]_strict_seed44_ablation_wd_l16_fc3rev_h256.pth,/home/595/sl9144/codes/snn_simulation/important_results/new_fc3/noise_sweep_rate_uniform_L16_T16/fc3rev_h256/seed_44/noise_sweep_matrix_mnist_fc3rev_h256_T16_mode_rate_uniform_schedule_normal_seed_44.csv
fc3rev_h256,256,weight_decay,rate_uniform,16,16,44,0.85,97.730000,mnist-checkpoints/fc3rev_h256_L[16]_strict_seed44_ablation_wd_l16_fc3rev_h256.pth,/home/595/sl9144/codes/snn_simulation/important_results/new_fc3/noise_sweep_rate_uniform_L16_T16/fc3rev_h256/seed_44/noise_sweep_matrix_mnist_fc3rev_h256_T16_mode_rate_uniform_schedule_normal_seed_44.csv
fc3rev_h256,256,weight_decay,rate_uniform,16,16,44,0.90,97.680000,mnist-checkpoints/fc3rev_h256_L[16]_strict_seed44_ablation_wd_l16_fc3rev_h256.pth,/home/595/sl9144/codes/snn_simulation/important_results/new_fc3/noise_sweep_rate_uniform_L16_T16/fc3rev_h256/seed_44/noise_sweep_matrix_mnist_fc3rev_h256_T16_mode_rate_uniform_schedule_normal_seed_44.csv
fc3rev_h256,256,weight_decay,rate_uniform,16,16,44,0.95,97.660000,mnist-checkpoints/fc3rev_h256_L[16]_strict_seed44_ablation_wd_l16_fc3rev_h256.pth,/home/595/sl9144/codes/snn_simulation/important_results/new_fc3/noise_sweep_rate_uniform_L16_T16/fc3rev_h256/seed_44/noise_sweep_matrix_mnist_fc3rev_h256_T16_mode_rate_uniform_schedule_normal_seed_44.csv
fc3rev_h256,256,weight_decay,rate_uniform,16,16,44,1.00,97.620000,mnist-checkpoints/fc3rev_h256_L[16]_strict_seed44_ablation_wd_l16_fc3rev_h256.pth,/home/595/sl9144/codes/snn_simulation/important_results/new_fc3/noise_sweep_rate_uniform_L16_T16/fc3rev_h256/seed_44/noise_sweep_matrix_mnist_fc3rev_h256_T16_mode_rate_uniform_schedule_normal_seed_44.csv
fc3rev_h4,4,weight_decay,rate_uniform,16,16,40,0.00,85.140000,mnist-checkpoints/fc3rev_h4_L[16]_strict_seed40_ablation_wd_l16_fc3rev_h4.pth,/Users/S4142196/Documents/Phd_Document/codes/QCFS_simulation_FI/important results/new_fc3/noise_sweep_rate_uniform_L16_T16/fc3rev_h4/seed_40/noise_sweep_matrix_mnist_fc3rev_h4_T16_mode_rate_uniform_schedule_normal_seed_40.csv
fc3rev_h4,4,weight_decay,rate_uniform,16,16,40,0.05,85.050000,mnist-checkpoints/fc3rev_h4_L[16]_strict_seed40_ablation_wd_l16_fc3rev_h4.pth,/Users/S4142196/Documents/Phd_Document/codes/QCFS_simulation_FI/important results/new_fc3/noise_sweep_rate_uniform_L16_T16/fc3rev_h4/seed_40/noise_sweep_matrix_mnist_fc3rev_h4_T16_mode_rate_uniform_schedule_normal_seed_40.csv
fc3rev_h4,4,weight_decay,rate_uniform,16,16,40,0.10,84.930000,mnist-checkpoints/fc3rev_h4_L[16]_strict_seed40_ablation_wd_l16_fc3rev_h4.pth,/Users/S4142196/Documents/Phd_Document/codes/QCFS_simulation_FI/important results/new_fc3/noise_sweep_rate_uniform_L16_T16/fc3rev_h4/seed_40/noise_sweep_matrix_mnist_fc3rev_h4_T16_mode_rate_uniform_schedule_normal_seed_40.csv
fc3rev_h4,4,weight_decay,rate_uniform,16,16,40,0.15,84.910000,mnist-checkpoints/fc3rev_h4_L[16]_strict_seed40_ablation_wd_l16_fc3rev_h4.pth,/Users/S4142196/Documents/Phd_Document/codes/QCFS_simulation_FI/important results/new_fc3/noise_sweep_rate_uniform_L16_T16/fc3rev_h4/seed_40/noise_sweep_matrix_mnist_fc3rev_h4_T16_mode_rate_uniform_schedule_normal_seed_40.csv
fc3rev_h4,4,weight_decay,rate_uniform,16,16,40,0.20,84.250000,mnist-checkpoints/fc3rev_h4_L[16]_strict_seed40_ablation_wd_l16_fc3rev_h4.pth,/Users/S4142196/Documents/Phd_Document/codes/QCFS_simulation_FI/important results/new_fc3/noise_sweep_rate_uniform_L16_T16/fc3rev_h4/seed_40/noise_sweep_matrix_mnist_fc3rev_h4_T16_mode_rate_uniform_schedule_normal_seed_40.csv
fc3rev_h4,4,weight_decay,rate_uniform,16,16,40,0.25,84.160000,mnist-checkpoints/fc3rev_h4_L[16]_strict_seed40_ablation_wd_l16_fc3rev_h4.pth,/Users/S4142196/Documents/Phd_Document/codes/QCFS_simulation_FI/important results/new_fc3/noise_sweep_rate_uniform_L16_T16/fc3rev_h4/seed_40/noise_sweep_matrix_mnist_fc3rev_h4_T16_mode_rate_uniform_schedule_normal_seed_40.csv
fc3rev_h4,4,weight_decay,rate_uniform,16,16,40,0.30,83.480000,mnist-checkpoints/fc3rev_h4_L[16]_strict_seed40_ablation_wd_l16_fc3rev_h4.pth,/Users/S4142196/Documents/Phd_Document/codes/QCFS_simulation_FI/important results/new_fc3/noise_sweep_rate_uniform_L16_T16/fc3rev_h4/seed_40/noise_sweep_matrix_mnist_fc3rev_h4_T16_mode_rate_uniform_schedule_normal_seed_40.csv
fc3rev_h4,4,weight_decay,rate_uniform,16,16,40,0.35,82.950000,mnist-checkpoints/fc3rev_h4_L[16]_strict_seed40_ablation_wd_l16_fc3rev_h4.pth,/Users/S4142196/Documents/Phd_Document/codes/QCFS_simulation_FI/important results/new_fc3/noise_sweep_rate_uniform_L16_T16/fc3rev_h4/seed_40/noise_sweep_matrix_mnist_fc3rev_h4_T16_mode_rate_uniform_schedule_normal_seed_40.csv
fc3rev_h4,4,weight_decay,rate_uniform,16,16,40,0.40,82.170000,mnist-checkpoints/fc3rev_h4_L[16]_strict_seed40_ablation_wd_l16_fc3rev_h4.pth,/Users/S4142196/Documents/Phd_Document/codes/QCFS_simulation_FI/important results/new_fc3/noise_sweep_rate_uniform_L16_T16/fc3rev_h4/seed_40/noise_sweep_matrix_mnist_fc3rev_h4_T16_mode_rate_uniform_schedule_normal_seed_40.csv
fc3rev_h4,4,weight_decay,rate_uniform,16,16,40,0.45,81.900000,mnist-checkpoints/fc3rev_h4_L[16]_strict_seed40_ablation_wd_l16_fc3rev_h4.pth,/Users/S4142196/Documents/Phd_Document/codes/QCFS_simulation_FI/important results/new_fc3/noise_sweep_rate_uniform_L16_T16/fc3rev_h4/seed_40/noise_sweep_matrix_mnist_fc3rev_h4_T16_mode_rate_uniform_schedule_normal_seed_40.csv
fc3rev_h4,4,weight_decay,rate_uniform,16,16,40,0.50,80.870000,mnist-checkpoints/fc3rev_h4_L[16]_strict_seed40_ablation_wd_l16_fc3rev_h4.pth,/Users/S4142196/Documents/Phd_Document/codes/QCFS_simulation_FI/important results/new_fc3/noise_sweep_rate_uniform_L16_T16/fc3rev_h4/seed_40/noise_sweep_matrix_mnist_fc3rev_h4_T16_mode_rate_uniform_schedule_normal_seed_40.csv
fc3rev_h4,4,weight_decay,rate_uniform,16,16,40,0.55,80.050000,mnist-checkpoints/fc3rev_h4_L[16]_strict_seed40_ablation_wd_l16_fc3rev_h4.pth,/Users/S4142196/Documents/Phd_Document/codes/QCFS_simulation_FI/important results/new_fc3/noise_sweep_rate_uniform_L16_T16/fc3rev_h4/seed_40/noise_sweep_matrix_mnist_fc3rev_h4_T16_mode_rate_uniform_schedule_normal_seed_40.csv
fc3rev_h4,4,weight_decay,rate_uniform,16,16,40,0.60,78.720000,mnist-checkpoints/fc3rev_h4_L[16]_strict_seed40_ablation_wd_l16_fc3rev_h4.pth,/Users/S4142196/Documents/Phd_Document/codes/QCFS_simulation_FI/important results/new_fc3/noise_sweep_rate_uniform_L16_T16/fc3rev_h4/seed_40/noise_sweep_matrix_mnist_fc3rev_h4_T16_mode_rate_uniform_schedule_normal_seed_40.csv
fc3rev_h4,4,weight_decay,rate_uniform,16,16,40,0.65,77.390000,mnist-checkpoints/fc3rev_h4_L[16]_strict_seed40_ablation_wd_l16_fc3rev_h4.pth,/Users/S4142196/Documents/Phd_Document/codes/QCFS_simulation_FI/important results/new_fc3/noise_sweep_rate_uniform_L16_T16/fc3rev_h4/seed_40/noise_sweep_matrix_mnist_fc3rev_h4_T16_mode_rate_uniform_schedule_normal_seed_40.csv
fc3rev_h4,4,weight_decay,rate_uniform,16,16,40,0.70,76.470000,mnist-checkpoints/fc3rev_h4_L[16]_strict_seed40_ablation_wd_l16_fc3rev_h4.pth,/Users/S4142196/Documents/Phd_Document/codes/QCFS_simulation_FI/important results/new_fc3/noise_sweep_rate_uniform_L16_T16/fc3rev_h4/seed_40/noise_sweep_matrix_mnist_fc3rev_h4_T16_mode_rate_uniform_schedule_normal_seed_40.csv
fc3rev_h4,4,weight_decay,rate_uniform,16,16,40,0.75,75.110000,mnist-checkpoints/fc3rev_h4_L[16]_strict_seed40_ablation_wd_l16_fc3rev_h4.pth,/Users/S4142196/Documents/Phd_Document/codes/QCFS_simulation_FI/important results/new_fc3/noise_sweep_rate_uniform_L16_T16/fc3rev_h4/seed_40/noise_sweep_matrix_mnist_fc3rev_h4_T16_mode_rate_uniform_schedule_normal_seed_40.csv
fc3rev_h4,4,weight_decay,rate_uniform,16,16,40,0.80,74.330000,mnist-checkpoints/fc3rev_h4_L[16]_strict_seed40_ablation_wd_l16_fc3rev_h4.pth,/Users/S4142196/Documents/Phd_Document/codes/QCFS_simulation_FI/important results/new_fc3/noise_sweep_rate_uniform_L16_T16/fc3rev_h4/seed_40/noise_sweep_matrix_mnist_fc3rev_h4_T16_mode_rate_uniform_schedule_normal_seed_40.csv
fc3rev_h4,4,weight_decay,rate_uniform,16,16,40,0.85,72.820000,mnist-checkpoints/fc3rev_h4_L[16]_strict_seed40_ablation_wd_l16_fc3rev_h4.pth,/Users/S4142196/Documents/Phd_Document/codes/QCFS_simulation_FI/important results/new_fc3/noise_sweep_rate_uniform_L16_T16/fc3rev_h4/seed_40/noise_sweep_matrix_mnist_fc3rev_h4_T16_mode_rate_uniform_schedule_normal_seed_40.csv
fc3rev_h4,4,weight_decay,rate_uniform,16,16,40,0.90,71.340000,mnist-checkpoints/fc3rev_h4_L[16]_strict_seed40_ablation_wd_l16_fc3rev_h4.pth,/Users/S4142196/Documents/Phd_Document/codes/QCFS_simulation_FI/important results/new_fc3/noise_sweep_rate_uniform_L16_T16/fc3rev_h4/seed_40/noise_sweep_matrix_mnist_fc3rev_h4_T16_mode_rate_uniform_schedule_normal_seed_40.csv
fc3rev_h4,4,weight_decay,rate_uniform,16,16,40,0.95,69.910000,mnist-checkpoints/fc3rev_h4_L[16]_strict_seed40_ablation_wd_l16_fc3rev_h4.pth,/Users/S4142196/Documents/Phd_Document/codes/QCFS_simulation_FI/important results/new_fc3/noise_sweep_rate_uniform_L16_T16/fc3rev_h4/seed_40/noise_sweep_matrix_mnist_fc3rev_h4_T16_mode_rate_uniform_schedule_normal_seed_40.csv
fc3rev_h4,4,weight_decay,rate_uniform,16,16,40,1.00,68.200000,mnist-checkpoints/fc3rev_h4_L[16]_strict_seed40_ablation_wd_l16_fc3rev_h4.pth,/Users/S4142196/Documents/Phd_Document/codes/QCFS_simulation_FI/important results/new_fc3/noise_sweep_rate_uniform_L16_T16/fc3rev_h4/seed_40/noise_sweep_matrix_mnist_fc3rev_h4_T16_mode_rate_uniform_schedule_normal_seed_40.csv
fc3rev_h4,4,weight_decay,rate_uniform,16,16,41,0.00,84.440000,mnist-checkpoints/fc3rev_h4_L[16]_strict_seed41_ablation_wd_l16_fc3rev_h4.pth,/Users/S4142196/Documents/Phd_Document/codes/QCFS_simulation_FI/important results/new_fc3/noise_sweep_rate_uniform_L16_T16/fc3rev_h4/seed_41/noise_sweep_matrix_mnist_fc3rev_h4_T16_mode_rate_uniform_schedule_normal_seed_41.csv
fc3rev_h4,4,weight_decay,rate_uniform,16,16,41,0.05,84.290000,mnist-checkpoints/fc3rev_h4_L[16]_strict_seed41_ablation_wd_l16_fc3rev_h4.pth,/Users/S4142196/Documents/Phd_Document/codes/QCFS_simulation_FI/important results/new_fc3/noise_sweep_rate_uniform_L16_T16/fc3rev_h4/seed_41/noise_sweep_matrix_mnist_fc3rev_h4_T16_mode_rate_uniform_schedule_normal_seed_41.csv
fc3rev_h4,4,weight_decay,rate_uniform,16,16,41,0.10,84.070000,mnist-checkpoints/fc3rev_h4_L[16]_strict_seed41_ablation_wd_l16_fc3rev_h4.pth,/Users/S4142196/Documents/Phd_Document/codes/QCFS_simulation_FI/important results/new_fc3/noise_sweep_rate_uniform_L16_T16/fc3rev_h4/seed_41/noise_sweep_matrix_mnist_fc3rev_h4_T16_mode_rate_uniform_schedule_normal_seed_41.csv
fc3rev_h4,4,weight_decay,rate_uniform,16,16,41,0.15,83.910000,mnist-checkpoints/fc3rev_h4_L[16]_strict_seed41_ablation_wd_l16_fc3rev_h4.pth,/Users/S4142196/Documents/Phd_Document/codes/QCFS_simulation_FI/important results/new_fc3/noise_sweep_rate_uniform_L16_T16/fc3rev_h4/seed_41/noise_sweep_matrix_mnist_fc3rev_h4_T16_mode_rate_uniform_schedule_normal_seed_41.csv
fc3rev_h4,4,weight_decay,rate_uniform,16,16,41,0.20,83.610000,mnist-checkpoints/fc3rev_h4_L[16]_strict_seed41_ablation_wd_l16_fc3rev_h4.pth,/Users/S4142196/Documents/Phd_Document/codes/QCFS_simulation_FI/important results/new_fc3/noise_sweep_rate_uniform_L16_T16/fc3rev_h4/seed_41/noise_sweep_matrix_mnist_fc3rev_h4_T16_mode_rate_uniform_schedule_normal_seed_41.csv
fc3rev_h4,4,weight_decay,rate_uniform,16,16,41,0.25,83.470000,mnist-checkpoints/fc3rev_h4_L[16]_strict_seed41_ablation_wd_l16_fc3rev_h4.pth,/Users/S4142196/Documents/Phd_Document/codes/QCFS_simulation_FI/important results/new_fc3/noise_sweep_rate_uniform_L16_T16/fc3rev_h4/seed_41/noise_sweep_matrix_mnist_fc3rev_h4_T16_mode_rate_uniform_schedule_normal_seed_41.csv
fc3rev_h4,4,weight_decay,rate_uniform,16,16,41,0.30,82.730000,mnist-checkpoints/fc3rev_h4_L[16]_strict_seed41_ablation_wd_l16_fc3rev_h4.pth,/Users/S4142196/Documents/Phd_Document/codes/QCFS_simulation_FI/important results/new_fc3/noise_sweep_rate_uniform_L16_T16/fc3rev_h4/seed_41/noise_sweep_matrix_mnist_fc3rev_h4_T16_mode_rate_uniform_schedule_normal_seed_41.csv
fc3rev_h4,4,weight_decay,rate_uniform,16,16,41,0.35,81.760000,mnist-checkpoints/fc3rev_h4_L[16]_strict_seed41_ablation_wd_l16_fc3rev_h4.pth,/Users/S4142196/Documents/Phd_Document/codes/QCFS_simulation_FI/important results/new_fc3/noise_sweep_rate_uniform_L16_T16/fc3rev_h4/seed_41/noise_sweep_matrix_mnist_fc3rev_h4_T16_mode_rate_uniform_schedule_normal_seed_41.csv
fc3rev_h4,4,weight_decay,rate_uniform,16,16,41,0.40,81.350000,mnist-checkpoints/fc3rev_h4_L[16]_strict_seed41_ablation_wd_l16_fc3rev_h4.pth,/Users/S4142196/Documents/Phd_Document/codes/QCFS_simulation_FI/important results/new_fc3/noise_sweep_rate_uniform_L16_T16/fc3rev_h4/seed_41/noise_sweep_matrix_mnist_fc3rev_h4_T16_mode_rate_uniform_schedule_normal_seed_41.csv
fc3rev_h4,4,weight_decay,rate_uniform,16,16,41,0.45,80.490000,mnist-checkpoints/fc3rev_h4_L[16]_strict_seed41_ablation_wd_l16_fc3rev_h4.pth,/Users/S4142196/Documents/Phd_Document/codes/QCFS_simulation_FI/important results/new_fc3/noise_sweep_rate_uniform_L16_T16/fc3rev_h4/seed_41/noise_sweep_matrix_mnist_fc3rev_h4_T16_mode_rate_uniform_schedule_normal_seed_41.csv
fc3rev_h4,4,weight_decay,rate_uniform,16,16,41,0.50,79.170000,mnist-checkpoints/fc3rev_h4_L[16]_strict_seed41_ablation_wd_l16_fc3rev_h4.pth,/Users/S4142196/Documents/Phd_Document/codes/QCFS_simulation_FI/important results/new_fc3/noise_sweep_rate_uniform_L16_T16/fc3rev_h4/seed_41/noise_sweep_matrix_mnist_fc3rev_h4_T16_mode_rate_uniform_schedule_normal_seed_41.csv
fc3rev_h4,4,weight_decay,rate_uniform,16,16,41,0.55,79.100000,mnist-checkpoints/fc3rev_h4_L[16]_strict_seed41_ablation_wd_l16_fc3rev_h4.pth,/Users/S4142196/Documents/Phd_Document/codes/QCFS_simulation_FI/important results/new_fc3/noise_sweep_rate_uniform_L16_T16/fc3rev_h4/seed_41/noise_sweep_matrix_mnist_fc3rev_h4_T16_mode_rate_uniform_schedule_normal_seed_41.csv
fc3rev_h4,4,weight_decay,rate_uniform,16,16,41,0.60,77.440000,mnist-checkpoints/fc3rev_h4_L[16]_strict_seed41_ablation_wd_l16_fc3rev_h4.pth,/Users/S4142196/Documents/Phd_Document/codes/QCFS_simulation_FI/important results/new_fc3/noise_sweep_rate_uniform_L16_T16/fc3rev_h4/seed_41/noise_sweep_matrix_mnist_fc3rev_h4_T16_mode_rate_uniform_schedule_normal_seed_41.csv
fc3rev_h4,4,weight_decay,rate_uniform,16,16,41,0.65,76.900000,mnist-checkpoints/fc3rev_h4_L[16]_strict_seed41_ablation_wd_l16_fc3rev_h4.pth,/Users/S4142196/Documents/Phd_Document/codes/QCFS_simulation_FI/important results/new_fc3/noise_sweep_rate_uniform_L16_T16/fc3rev_h4/seed_41/noise_sweep_matrix_mnist_fc3rev_h4_T16_mode_rate_uniform_schedule_normal_seed_41.csv
fc3rev_h4,4,weight_decay,rate_uniform,16,16,41,0.70,75.470000,mnist-checkpoints/fc3rev_h4_L[16]_strict_seed41_ablation_wd_l16_fc3rev_h4.pth,/Users/S4142196/Documents/Phd_Document/codes/QCFS_simulation_FI/important results/new_fc3/noise_sweep_rate_uniform_L16_T16/fc3rev_h4/seed_41/noise_sweep_matrix_mnist_fc3rev_h4_T16_mode_rate_uniform_schedule_normal_seed_41.csv
fc3rev_h4,4,weight_decay,rate_uniform,16,16,41,0.75,74.910000,mnist-checkpoints/fc3rev_h4_L[16]_strict_seed41_ablation_wd_l16_fc3rev_h4.pth,/Users/S4142196/Documents/Phd_Document/codes/QCFS_simulation_FI/important results/new_fc3/noise_sweep_rate_uniform_L16_T16/fc3rev_h4/seed_41/noise_sweep_matrix_mnist_fc3rev_h4_T16_mode_rate_uniform_schedule_normal_seed_41.csv
fc3rev_h4,4,weight_decay,rate_uniform,16,16,41,0.80,73.910000,mnist-checkpoints/fc3rev_h4_L[16]_strict_seed41_ablation_wd_l16_fc3rev_h4.pth,/Users/S4142196/Documents/Phd_Document/codes/QCFS_simulation_FI/important results/new_fc3/noise_sweep_rate_uniform_L16_T16/fc3rev_h4/seed_41/noise_sweep_matrix_mnist_fc3rev_h4_T16_mode_rate_uniform_schedule_normal_seed_41.csv
fc3rev_h4,4,weight_decay,rate_uniform,16,16,41,0.85,72.290000,mnist-checkpoints/fc3rev_h4_L[16]_strict_seed41_ablation_wd_l16_fc3rev_h4.pth,/Users/S4142196/Documents/Phd_Document/codes/QCFS_simulation_FI/important results/new_fc3/noise_sweep_rate_uniform_L16_T16/fc3rev_h4/seed_41/noise_sweep_matrix_mnist_fc3rev_h4_T16_mode_rate_uniform_schedule_normal_seed_41.csv
fc3rev_h4,4,weight_decay,rate_uniform,16,16,41,0.90,71.360000,mnist-checkpoints/fc3rev_h4_L[16]_strict_seed41_ablation_wd_l16_fc3rev_h4.pth,/Users/S4142196/Documents/Phd_Document/codes/QCFS_simulation_FI/important results/new_fc3/noise_sweep_rate_uniform_L16_T16/fc3rev_h4/seed_41/noise_sweep_matrix_mnist_fc3rev_h4_T16_mode_rate_uniform_schedule_normal_seed_41.csv
fc3rev_h4,4,weight_decay,rate_uniform,16,16,41,0.95,70.110000,mnist-checkpoints/fc3rev_h4_L[16]_strict_seed41_ablation_wd_l16_fc3rev_h4.pth,/Users/S4142196/Documents/Phd_Document/codes/QCFS_simulation_FI/important results/new_fc3/noise_sweep_rate_uniform_L16_T16/fc3rev_h4/seed_41/noise_sweep_matrix_mnist_fc3rev_h4_T16_mode_rate_uniform_schedule_normal_seed_41.csv
fc3rev_h4,4,weight_decay,rate_uniform,16,16,41,1.00,69.050000,mnist-checkpoints/fc3rev_h4_L[16]_strict_seed41_ablation_wd_l16_fc3rev_h4.pth,/Users/S4142196/Documents/Phd_Document/codes/QCFS_simulation_FI/important results/new_fc3/noise_sweep_rate_uniform_L16_T16/fc3rev_h4/seed_41/noise_sweep_matrix_mnist_fc3rev_h4_T16_mode_rate_uniform_schedule_normal_seed_41.csv
fc3rev_h4,4,weight_decay,rate_uniform,16,16,42,0.00,81.910000,mnist-checkpoints/fc3rev_h4_L[16]_strict_seed42_ablation_wd_l16_fc3rev_h4.pth,/Users/S4142196/Documents/Phd_Document/codes/QCFS_simulation_FI/important results/new_fc3/noise_sweep_rate_uniform_L16_T16/fc3rev_h4/seed_42/noise_sweep_matrix_mnist_fc3rev_h4_T16_mode_rate_uniform_schedule_normal_seed_42.csv
fc3rev_h4,4,weight_decay,rate_uniform,16,16,42,0.05,81.890000,mnist-checkpoints/fc3rev_h4_L[16]_strict_seed42_ablation_wd_l16_fc3rev_h4.pth,/Users/S4142196/Documents/Phd_Document/codes/QCFS_simulation_FI/important results/new_fc3/noise_sweep_rate_uniform_L16_T16/fc3rev_h4/seed_42/noise_sweep_matrix_mnist_fc3rev_h4_T16_mode_rate_uniform_schedule_normal_seed_42.csv
fc3rev_h4,4,weight_decay,rate_uniform,16,16,42,0.10,81.540000,mnist-checkpoints/fc3rev_h4_L[16]_strict_seed42_ablation_wd_l16_fc3rev_h4.pth,/Users/S4142196/Documents/Phd_Document/codes/QCFS_simulation_FI/important results/new_fc3/noise_sweep_rate_uniform_L16_T16/fc3rev_h4/seed_42/noise_sweep_matrix_mnist_fc3rev_h4_T16_mode_rate_uniform_schedule_normal_seed_42.csv
fc3rev_h4,4,weight_decay,rate_uniform,16,16,42,0.15,81.210000,mnist-checkpoints/fc3rev_h4_L[16]_strict_seed42_ablation_wd_l16_fc3rev_h4.pth,/Users/S4142196/Documents/Phd_Document/codes/QCFS_simulation_FI/important results/new_fc3/noise_sweep_rate_uniform_L16_T16/fc3rev_h4/seed_42/noise_sweep_matrix_mnist_fc3rev_h4_T16_mode_rate_uniform_schedule_normal_seed_42.csv
fc3rev_h4,4,weight_decay,rate_uniform,16,16,42,0.20,80.310000,mnist-checkpoints/fc3rev_h4_L[16]_strict_seed42_ablation_wd_l16_fc3rev_h4.pth,/Users/S4142196/Documents/Phd_Document/codes/QCFS_simulation_FI/important results/new_fc3/noise_sweep_rate_uniform_L16_T16/fc3rev_h4/seed_42/noise_sweep_matrix_mnist_fc3rev_h4_T16_mode_rate_uniform_schedule_normal_seed_42.csv
fc3rev_h4,4,weight_decay,rate_uniform,16,16,42,0.25,79.510000,mnist-checkpoints/fc3rev_h4_L[16]_strict_seed42_ablation_wd_l16_fc3rev_h4.pth,/Users/S4142196/Documents/Phd_Document/codes/QCFS_simulation_FI/important results/new_fc3/noise_sweep_rate_uniform_L16_T16/fc3rev_h4/seed_42/noise_sweep_matrix_mnist_fc3rev_h4_T16_mode_rate_uniform_schedule_normal_seed_42.csv
fc3rev_h4,4,weight_decay,rate_uniform,16,16,42,0.30,77.910000,mnist-checkpoints/fc3rev_h4_L[16]_strict_seed42_ablation_wd_l16_fc3rev_h4.pth,/Users/S4142196/Documents/Phd_Document/codes/QCFS_simulation_FI/important results/new_fc3/noise_sweep_rate_uniform_L16_T16/fc3rev_h4/seed_42/noise_sweep_matrix_mnist_fc3rev_h4_T16_mode_rate_uniform_schedule_normal_seed_42.csv
fc3rev_h4,4,weight_decay,rate_uniform,16,16,42,0.35,76.510000,mnist-checkpoints/fc3rev_h4_L[16]_strict_seed42_ablation_wd_l16_fc3rev_h4.pth,/Users/S4142196/Documents/Phd_Document/codes/QCFS_simulation_FI/important results/new_fc3/noise_sweep_rate_uniform_L16_T16/fc3rev_h4/seed_42/noise_sweep_matrix_mnist_fc3rev_h4_T16_mode_rate_uniform_schedule_normal_seed_42.csv
fc3rev_h4,4,weight_decay,rate_uniform,16,16,42,0.40,75.360000,mnist-checkpoints/fc3rev_h4_L[16]_strict_seed42_ablation_wd_l16_fc3rev_h4.pth,/Users/S4142196/Documents/Phd_Document/codes/QCFS_simulation_FI/important results/new_fc3/noise_sweep_rate_uniform_L16_T16/fc3rev_h4/seed_42/noise_sweep_matrix_mnist_fc3rev_h4_T16_mode_rate_uniform_schedule_normal_seed_42.csv
fc3rev_h4,4,weight_decay,rate_uniform,16,16,42,0.45,73.780000,mnist-checkpoints/fc3rev_h4_L[16]_strict_seed42_ablation_wd_l16_fc3rev_h4.pth,/Users/S4142196/Documents/Phd_Document/codes/QCFS_simulation_FI/important results/new_fc3/noise_sweep_rate_uniform_L16_T16/fc3rev_h4/seed_42/noise_sweep_matrix_mnist_fc3rev_h4_T16_mode_rate_uniform_schedule_normal_seed_42.csv
fc3rev_h4,4,weight_decay,rate_uniform,16,16,42,0.50,71.760000,mnist-checkpoints/fc3rev_h4_L[16]_strict_seed42_ablation_wd_l16_fc3rev_h4.pth,/Users/S4142196/Documents/Phd_Document/codes/QCFS_simulation_FI/important results/new_fc3/noise_sweep_rate_uniform_L16_T16/fc3rev_h4/seed_42/noise_sweep_matrix_mnist_fc3rev_h4_T16_mode_rate_uniform_schedule_normal_seed_42.csv
fc3rev_h4,4,weight_decay,rate_uniform,16,16,42,0.55,70.470000,mnist-checkpoints/fc3rev_h4_L[16]_strict_seed42_ablation_wd_l16_fc3rev_h4.pth,/Users/S4142196/Documents/Phd_Document/codes/QCFS_simulation_FI/important results/new_fc3/noise_sweep_rate_uniform_L16_T16/fc3rev_h4/seed_42/noise_sweep_matrix_mnist_fc3rev_h4_T16_mode_rate_uniform_schedule_normal_seed_42.csv
fc3rev_h4,4,weight_decay,rate_uniform,16,16,42,0.60,67.470000,mnist-checkpoints/fc3rev_h4_L[16]_strict_seed42_ablation_wd_l16_fc3rev_h4.pth,/Users/S4142196/Documents/Phd_Document/codes/QCFS_simulation_FI/important results/new_fc3/noise_sweep_rate_uniform_L16_T16/fc3rev_h4/seed_42/noise_sweep_matrix_mnist_fc3rev_h4_T16_mode_rate_uniform_schedule_normal_seed_42.csv
fc3rev_h4,4,weight_decay,rate_uniform,16,16,42,0.65,66.310000,mnist-checkpoints/fc3rev_h4_L[16]_strict_seed42_ablation_wd_l16_fc3rev_h4.pth,/Users/S4142196/Documents/Phd_Document/codes/QCFS_simulation_FI/important results/new_fc3/noise_sweep_rate_uniform_L16_T16/fc3rev_h4/seed_42/noise_sweep_matrix_mnist_fc3rev_h4_T16_mode_rate_uniform_schedule_normal_seed_42.csv
fc3rev_h4,4,weight_decay,rate_uniform,16,16,42,0.70,64.460000,mnist-checkpoints/fc3rev_h4_L[16]_strict_seed42_ablation_wd_l16_fc3rev_h4.pth,/Users/S4142196/Documents/Phd_Document/codes/QCFS_simulation_FI/important results/new_fc3/noise_sweep_rate_uniform_L16_T16/fc3rev_h4/seed_42/noise_sweep_matrix_mnist_fc3rev_h4_T16_mode_rate_uniform_schedule_normal_seed_42.csv
fc3rev_h4,4,weight_decay,rate_uniform,16,16,42,0.75,62.550000,mnist-checkpoints/fc3rev_h4_L[16]_strict_seed42_ablation_wd_l16_fc3rev_h4.pth,/Users/S4142196/Documents/Phd_Document/codes/QCFS_simulation_FI/important results/new_fc3/noise_sweep_rate_uniform_L16_T16/fc3rev_h4/seed_42/noise_sweep_matrix_mnist_fc3rev_h4_T16_mode_rate_uniform_schedule_normal_seed_42.csv
fc3rev_h4,4,weight_decay,rate_uniform,16,16,42,0.80,61.370000,mnist-checkpoints/fc3rev_h4_L[16]_strict_seed42_ablation_wd_l16_fc3rev_h4.pth,/Users/S4142196/Documents/Phd_Document/codes/QCFS_simulation_FI/important results/new_fc3/noise_sweep_rate_uniform_L16_T16/fc3rev_h4/seed_42/noise_sweep_matrix_mnist_fc3rev_h4_T16_mode_rate_uniform_schedule_normal_seed_42.csv
fc3rev_h4,4,weight_decay,rate_uniform,16,16,42,0.85,58.770000,mnist-checkpoints/fc3rev_h4_L[16]_strict_seed42_ablation_wd_l16_fc3rev_h4.pth,/Users/S4142196/Documents/Phd_Document/codes/QCFS_simulation_FI/important results/new_fc3/noise_sweep_rate_uniform_L16_T16/fc3rev_h4/seed_42/noise_sweep_matrix_mnist_fc3rev_h4_T16_mode_rate_uniform_schedule_normal_seed_42.csv
fc3rev_h4,4,weight_decay,rate_uniform,16,16,42,0.90,57.220000,mnist-checkpoints/fc3rev_h4_L[16]_strict_seed42_ablation_wd_l16_fc3rev_h4.pth,/Users/S4142196/Documents/Phd_Document/codes/QCFS_simulation_FI/important results/new_fc3/noise_sweep_rate_uniform_L16_T16/fc3rev_h4/seed_42/noise_sweep_matrix_mnist_fc3rev_h4_T16_mode_rate_uniform_schedule_normal_seed_42.csv
fc3rev_h4,4,weight_decay,rate_uniform,16,16,42,0.95,54.000000,mnist-checkpoints/fc3rev_h4_L[16]_strict_seed42_ablation_wd_l16_fc3rev_h4.pth,/Users/S4142196/Documents/Phd_Document/codes/QCFS_simulation_FI/important results/new_fc3/noise_sweep_rate_uniform_L16_T16/fc3rev_h4/seed_42/noise_sweep_matrix_mnist_fc3rev_h4_T16_mode_rate_uniform_schedule_normal_seed_42.csv
fc3rev_h4,4,weight_decay,rate_uniform,16,16,42,1.00,54.710000,mnist-checkpoints/fc3rev_h4_L[16]_strict_seed42_ablation_wd_l16_fc3rev_h4.pth,/Users/S4142196/Documents/Phd_Document/codes/QCFS_simulation_FI/important results/new_fc3/noise_sweep_rate_uniform_L16_T16/fc3rev_h4/seed_42/noise_sweep_matrix_mnist_fc3rev_h4_T16_mode_rate_uniform_schedule_normal_seed_42.csv
fc3rev_h4,4,weight_decay,rate_uniform,16,16,43,0.00,81.090000,mnist-checkpoints/fc3rev_h4_L[16]_strict_seed43_ablation_wd_l16_fc3rev_h4.pth,/Users/S4142196/Documents/Phd_Document/codes/QCFS_simulation_FI/important results/new_fc3/noise_sweep_rate_uniform_L16_T16/fc3rev_h4/seed_43/noise_sweep_matrix_mnist_fc3rev_h4_T16_mode_rate_uniform_schedule_normal_seed_43.csv
fc3rev_h4,4,weight_decay,rate_uniform,16,16,43,0.05,80.890000,mnist-checkpoints/fc3rev_h4_L[16]_strict_seed43_ablation_wd_l16_fc3rev_h4.pth,/Users/S4142196/Documents/Phd_Document/codes/QCFS_simulation_FI/important results/new_fc3/noise_sweep_rate_uniform_L16_T16/fc3rev_h4/seed_43/noise_sweep_matrix_mnist_fc3rev_h4_T16_mode_rate_uniform_schedule_normal_seed_43.csv
fc3rev_h4,4,weight_decay,rate_uniform,16,16,43,0.10,80.890000,mnist-checkpoints/fc3rev_h4_L[16]_strict_seed43_ablation_wd_l16_fc3rev_h4.pth,/Users/S4142196/Documents/Phd_Document/codes/QCFS_simulation_FI/important results/new_fc3/noise_sweep_rate_uniform_L16_T16/fc3rev_h4/seed_43/noise_sweep_matrix_mnist_fc3rev_h4_T16_mode_rate_uniform_schedule_normal_seed_43.csv
fc3rev_h4,4,weight_decay,rate_uniform,16,16,43,0.15,81.070000,mnist-checkpoints/fc3rev_h4_L[16]_strict_seed43_ablation_wd_l16_fc3rev_h4.pth,/Users/S4142196/Documents/Phd_Document/codes/QCFS_simulation_FI/important results/new_fc3/noise_sweep_rate_uniform_L16_T16/fc3rev_h4/seed_43/noise_sweep_matrix_mnist_fc3rev_h4_T16_mode_rate_uniform_schedule_normal_seed_43.csv
fc3rev_h4,4,weight_decay,rate_uniform,16,16,43,0.20,80.710000,mnist-checkpoints/fc3rev_h4_L[16]_strict_seed43_ablation_wd_l16_fc3rev_h4.pth,/Users/S4142196/Documents/Phd_Document/codes/QCFS_simulation_FI/important results/new_fc3/noise_sweep_rate_uniform_L16_T16/fc3rev_h4/seed_43/noise_sweep_matrix_mnist_fc3rev_h4_T16_mode_rate_uniform_schedule_normal_seed_43.csv
fc3rev_h4,4,weight_decay,rate_uniform,16,16,43,0.25,80.580000,mnist-checkpoints/fc3rev_h4_L[16]_strict_seed43_ablation_wd_l16_fc3rev_h4.pth,/Users/S4142196/Documents/Phd_Document/codes/QCFS_simulation_FI/important results/new_fc3/noise_sweep_rate_uniform_L16_T16/fc3rev_h4/seed_43/noise_sweep_matrix_mnist_fc3rev_h4_T16_mode_rate_uniform_schedule_normal_seed_43.csv
fc3rev_h4,4,weight_decay,rate_uniform,16,16,43,0.30,80.180000,mnist-checkpoints/fc3rev_h4_L[16]_strict_seed43_ablation_wd_l16_fc3rev_h4.pth,/Users/S4142196/Documents/Phd_Document/codes/QCFS_simulation_FI/important results/new_fc3/noise_sweep_rate_uniform_L16_T16/fc3rev_h4/seed_43/noise_sweep_matrix_mnist_fc3rev_h4_T16_mode_rate_uniform_schedule_normal_seed_43.csv
fc3rev_h4,4,weight_decay,rate_uniform,16,16,43,0.35,79.940000,mnist-checkpoints/fc3rev_h4_L[16]_strict_seed43_ablation_wd_l16_fc3rev_h4.pth,/Users/S4142196/Documents/Phd_Document/codes/QCFS_simulation_FI/important results/new_fc3/noise_sweep_rate_uniform_L16_T16/fc3rev_h4/seed_43/noise_sweep_matrix_mnist_fc3rev_h4_T16_mode_rate_uniform_schedule_normal_seed_43.csv
fc3rev_h4,4,weight_decay,rate_uniform,16,16,43,0.40,79.780000,mnist-checkpoints/fc3rev_h4_L[16]_strict_seed43_ablation_wd_l16_fc3rev_h4.pth,/Users/S4142196/Documents/Phd_Document/codes/QCFS_simulation_FI/important results/new_fc3/noise_sweep_rate_uniform_L16_T16/fc3rev_h4/seed_43/noise_sweep_matrix_mnist_fc3rev_h4_T16_mode_rate_uniform_schedule_normal_seed_43.csv
fc3rev_h4,4,weight_decay,rate_uniform,16,16,43,0.45,79.360000,mnist-checkpoints/fc3rev_h4_L[16]_strict_seed43_ablation_wd_l16_fc3rev_h4.pth,/Users/S4142196/Documents/Phd_Document/codes/QCFS_simulation_FI/important results/new_fc3/noise_sweep_rate_uniform_L16_T16/fc3rev_h4/seed_43/noise_sweep_matrix_mnist_fc3rev_h4_T16_mode_rate_uniform_schedule_normal_seed_43.csv
fc3rev_h4,4,weight_decay,rate_uniform,16,16,43,0.50,79.010000,mnist-checkpoints/fc3rev_h4_L[16]_strict_seed43_ablation_wd_l16_fc3rev_h4.pth,/Users/S4142196/Documents/Phd_Document/codes/QCFS_simulation_FI/important results/new_fc3/noise_sweep_rate_uniform_L16_T16/fc3rev_h4/seed_43/noise_sweep_matrix_mnist_fc3rev_h4_T16_mode_rate_uniform_schedule_normal_seed_43.csv
fc3rev_h4,4,weight_decay,rate_uniform,16,16,43,0.55,78.630000,mnist-checkpoints/fc3rev_h4_L[16]_strict_seed43_ablation_wd_l16_fc3rev_h4.pth,/Users/S4142196/Documents/Phd_Document/codes/QCFS_simulation_FI/important results/new_fc3/noise_sweep_rate_uniform_L16_T16/fc3rev_h4/seed_43/noise_sweep_matrix_mnist_fc3rev_h4_T16_mode_rate_uniform_schedule_normal_seed_43.csv
fc3rev_h4,4,weight_decay,rate_uniform,16,16,43,0.60,78.240000,mnist-checkpoints/fc3rev_h4_L[16]_strict_seed43_ablation_wd_l16_fc3rev_h4.pth,/Users/S4142196/Documents/Phd_Document/codes/QCFS_simulation_FI/important results/new_fc3/noise_sweep_rate_uniform_L16_T16/fc3rev_h4/seed_43/noise_sweep_matrix_mnist_fc3rev_h4_T16_mode_rate_uniform_schedule_normal_seed_43.csv
fc3rev_h4,4,weight_decay,rate_uniform,16,16,43,0.65,77.840000,mnist-checkpoints/fc3rev_h4_L[16]_strict_seed43_ablation_wd_l16_fc3rev_h4.pth,/Users/S4142196/Documents/Phd_Document/codes/QCFS_simulation_FI/important results/new_fc3/noise_sweep_rate_uniform_L16_T16/fc3rev_h4/seed_43/noise_sweep_matrix_mnist_fc3rev_h4_T16_mode_rate_uniform_schedule_normal_seed_43.csv
fc3rev_h4,4,weight_decay,rate_uniform,16,16,43,0.70,76.700000,mnist-checkpoints/fc3rev_h4_L[16]_strict_seed43_ablation_wd_l16_fc3rev_h4.pth,/Users/S4142196/Documents/Phd_Document/codes/QCFS_simulation_FI/important results/new_fc3/noise_sweep_rate_uniform_L16_T16/fc3rev_h4/seed_43/noise_sweep_matrix_mnist_fc3rev_h4_T16_mode_rate_uniform_schedule_normal_seed_43.csv
fc3rev_h4,4,weight_decay,rate_uniform,16,16,43,0.75,76.800000,mnist-checkpoints/fc3rev_h4_L[16]_strict_seed43_ablation_wd_l16_fc3rev_h4.pth,/Users/S4142196/Documents/Phd_Document/codes/QCFS_simulation_FI/important results/new_fc3/noise_sweep_rate_uniform_L16_T16/fc3rev_h4/seed_43/noise_sweep_matrix_mnist_fc3rev_h4_T16_mode_rate_uniform_schedule_normal_seed_43.csv
fc3rev_h4,4,weight_decay,rate_uniform,16,16,43,0.80,75.640000,mnist-checkpoints/fc3rev_h4_L[16]_strict_seed43_ablation_wd_l16_fc3rev_h4.pth,/Users/S4142196/Documents/Phd_Document/codes/QCFS_simulation_FI/important results/new_fc3/noise_sweep_rate_uniform_L16_T16/fc3rev_h4/seed_43/noise_sweep_matrix_mnist_fc3rev_h4_T16_mode_rate_uniform_schedule_normal_seed_43.csv
fc3rev_h4,4,weight_decay,rate_uniform,16,16,43,0.85,74.470000,mnist-checkpoints/fc3rev_h4_L[16]_strict_seed43_ablation_wd_l16_fc3rev_h4.pth,/Users/S4142196/Documents/Phd_Document/codes/QCFS_simulation_FI/important results/new_fc3/noise_sweep_rate_uniform_L16_T16/fc3rev_h4/seed_43/noise_sweep_matrix_mnist_fc3rev_h4_T16_mode_rate_uniform_schedule_normal_seed_43.csv
fc3rev_h4,4,weight_decay,rate_uniform,16,16,43,0.90,74.750000,mnist-checkpoints/fc3rev_h4_L[16]_strict_seed43_ablation_wd_l16_fc3rev_h4.pth,/Users/S4142196/Documents/Phd_Document/codes/QCFS_simulation_FI/important results/new_fc3/noise_sweep_rate_uniform_L16_T16/fc3rev_h4/seed_43/noise_sweep_matrix_mnist_fc3rev_h4_T16_mode_rate_uniform_schedule_normal_seed_43.csv
fc3rev_h4,4,weight_decay,rate_uniform,16,16,43,0.95,74.570000,mnist-checkpoints/fc3rev_h4_L[16]_strict_seed43_ablation_wd_l16_fc3rev_h4.pth,/Users/S4142196/Documents/Phd_Document/codes/QCFS_simulation_FI/important results/new_fc3/noise_sweep_rate_uniform_L16_T16/fc3rev_h4/seed_43/noise_sweep_matrix_mnist_fc3rev_h4_T16_mode_rate_uniform_schedule_normal_seed_43.csv
fc3rev_h4,4,weight_decay,rate_uniform,16,16,43,1.00,72.960000,mnist-checkpoints/fc3rev_h4_L[16]_strict_seed43_ablation_wd_l16_fc3rev_h4.pth,/Users/S4142196/Documents/Phd_Document/codes/QCFS_simulation_FI/important results/new_fc3/noise_sweep_rate_uniform_L16_T16/fc3rev_h4/seed_43/noise_sweep_matrix_mnist_fc3rev_h4_T16_mode_rate_uniform_schedule_normal_seed_43.csv
fc3rev_h4,4,weight_decay,rate_uniform,16,16,44,0.00,11.350000,mnist-checkpoints/fc3rev_h4_L[16]_strict_seed44_ablation_wd_l16_fc3rev_h4.pth,/Users/S4142196/Documents/Phd_Document/codes/QCFS_simulation_FI/important results/new_fc3/noise_sweep_rate_uniform_L16_T16/fc3rev_h4/seed_44/noise_sweep_matrix_mnist_fc3rev_h4_T16_mode_rate_uniform_schedule_normal_seed_44.csv
fc3rev_h4,4,weight_decay,rate_uniform,16,16,44,0.05,11.350000,mnist-checkpoints/fc3rev_h4_L[16]_strict_seed44_ablation_wd_l16_fc3rev_h4.pth,/Users/S4142196/Documents/Phd_Document/codes/QCFS_simulation_FI/important results/new_fc3/noise_sweep_rate_uniform_L16_T16/fc3rev_h4/seed_44/noise_sweep_matrix_mnist_fc3rev_h4_T16_mode_rate_uniform_schedule_normal_seed_44.csv
fc3rev_h4,4,weight_decay,rate_uniform,16,16,44,0.10,11.350000,mnist-checkpoints/fc3rev_h4_L[16]_strict_seed44_ablation_wd_l16_fc3rev_h4.pth,/Users/S4142196/Documents/Phd_Document/codes/QCFS_simulation_FI/important results/new_fc3/noise_sweep_rate_uniform_L16_T16/fc3rev_h4/seed_44/noise_sweep_matrix_mnist_fc3rev_h4_T16_mode_rate_uniform_schedule_normal_seed_44.csv
fc3rev_h4,4,weight_decay,rate_uniform,16,16,44,0.15,11.350000,mnist-checkpoints/fc3rev_h4_L[16]_strict_seed44_ablation_wd_l16_fc3rev_h4.pth,/Users/S4142196/Documents/Phd_Document/codes/QCFS_simulation_FI/important results/new_fc3/noise_sweep_rate_uniform_L16_T16/fc3rev_h4/seed_44/noise_sweep_matrix_mnist_fc3rev_h4_T16_mode_rate_uniform_schedule_normal_seed_44.csv
fc3rev_h4,4,weight_decay,rate_uniform,16,16,44,0.20,11.350000,mnist-checkpoints/fc3rev_h4_L[16]_strict_seed44_ablation_wd_l16_fc3rev_h4.pth,/Users/S4142196/Documents/Phd_Document/codes/QCFS_simulation_FI/important results/new_fc3/noise_sweep_rate_uniform_L16_T16/fc3rev_h4/seed_44/noise_sweep_matrix_mnist_fc3rev_h4_T16_mode_rate_uniform_schedule_normal_seed_44.csv
fc3rev_h4,4,weight_decay,rate_uniform,16,16,44,0.25,11.350000,mnist-checkpoints/fc3rev_h4_L[16]_strict_seed44_ablation_wd_l16_fc3rev_h4.pth,/Users/S4142196/Documents/Phd_Document/codes/QCFS_simulation_FI/important results/new_fc3/noise_sweep_rate_uniform_L16_T16/fc3rev_h4/seed_44/noise_sweep_matrix_mnist_fc3rev_h4_T16_mode_rate_uniform_schedule_normal_seed_44.csv
fc3rev_h4,4,weight_decay,rate_uniform,16,16,44,0.30,11.350000,mnist-checkpoints/fc3rev_h4_L[16]_strict_seed44_ablation_wd_l16_fc3rev_h4.pth,/Users/S4142196/Documents/Phd_Document/codes/QCFS_simulation_FI/important results/new_fc3/noise_sweep_rate_uniform_L16_T16/fc3rev_h4/seed_44/noise_sweep_matrix_mnist_fc3rev_h4_T16_mode_rate_uniform_schedule_normal_seed_44.csv
fc3rev_h4,4,weight_decay,rate_uniform,16,16,44,0.35,11.350000,mnist-checkpoints/fc3rev_h4_L[16]_strict_seed44_ablation_wd_l16_fc3rev_h4.pth,/Users/S4142196/Documents/Phd_Document/codes/QCFS_simulation_FI/important results/new_fc3/noise_sweep_rate_uniform_L16_T16/fc3rev_h4/seed_44/noise_sweep_matrix_mnist_fc3rev_h4_T16_mode_rate_uniform_schedule_normal_seed_44.csv
fc3rev_h4,4,weight_decay,rate_uniform,16,16,44,0.40,11.350000,mnist-checkpoints/fc3rev_h4_L[16]_strict_seed44_ablation_wd_l16_fc3rev_h4.pth,/Users/S4142196/Documents/Phd_Document/codes/QCFS_simulation_FI/important results/new_fc3/noise_sweep_rate_uniform_L16_T16/fc3rev_h4/seed_44/noise_sweep_matrix_mnist_fc3rev_h4_T16_mode_rate_uniform_schedule_normal_seed_44.csv
fc3rev_h4,4,weight_decay,rate_uniform,16,16,44,0.45,11.350000,mnist-checkpoints/fc3rev_h4_L[16]_strict_seed44_ablation_wd_l16_fc3rev_h4.pth,/Users/S4142196/Documents/Phd_Document/codes/QCFS_simulation_FI/important results/new_fc3/noise_sweep_rate_uniform_L16_T16/fc3rev_h4/seed_44/noise_sweep_matrix_mnist_fc3rev_h4_T16_mode_rate_uniform_schedule_normal_seed_44.csv
fc3rev_h4,4,weight_decay,rate_uniform,16,16,44,0.50,11.350000,mnist-checkpoints/fc3rev_h4_L[16]_strict_seed44_ablation_wd_l16_fc3rev_h4.pth,/Users/S4142196/Documents/Phd_Document/codes/QCFS_simulation_FI/important results/new_fc3/noise_sweep_rate_uniform_L16_T16/fc3rev_h4/seed_44/noise_sweep_matrix_mnist_fc3rev_h4_T16_mode_rate_uniform_schedule_normal_seed_44.csv
fc3rev_h4,4,weight_decay,rate_uniform,16,16,44,0.55,11.350000,mnist-checkpoints/fc3rev_h4_L[16]_strict_seed44_ablation_wd_l16_fc3rev_h4.pth,/Users/S4142196/Documents/Phd_Document/codes/QCFS_simulation_FI/important results/new_fc3/noise_sweep_rate_uniform_L16_T16/fc3rev_h4/seed_44/noise_sweep_matrix_mnist_fc3rev_h4_T16_mode_rate_uniform_schedule_normal_seed_44.csv
fc3rev_h4,4,weight_decay,rate_uniform,16,16,44,0.60,11.350000,mnist-checkpoints/fc3rev_h4_L[16]_strict_seed44_ablation_wd_l16_fc3rev_h4.pth,/Users/S4142196/Documents/Phd_Document/codes/QCFS_simulation_FI/important results/new_fc3/noise_sweep_rate_uniform_L16_T16/fc3rev_h4/seed_44/noise_sweep_matrix_mnist_fc3rev_h4_T16_mode_rate_uniform_schedule_normal_seed_44.csv
fc3rev_h4,4,weight_decay,rate_uniform,16,16,44,0.65,11.350000,mnist-checkpoints/fc3rev_h4_L[16]_strict_seed44_ablation_wd_l16_fc3rev_h4.pth,/Users/S4142196/Documents/Phd_Document/codes/QCFS_simulation_FI/important results/new_fc3/noise_sweep_rate_uniform_L16_T16/fc3rev_h4/seed_44/noise_sweep_matrix_mnist_fc3rev_h4_T16_mode_rate_uniform_schedule_normal_seed_44.csv
fc3rev_h4,4,weight_decay,rate_uniform,16,16,44,0.70,11.350000,mnist-checkpoints/fc3rev_h4_L[16]_strict_seed44_ablation_wd_l16_fc3rev_h4.pth,/Users/S4142196/Documents/Phd_Document/codes/QCFS_simulation_FI/important results/new_fc3/noise_sweep_rate_uniform_L16_T16/fc3rev_h4/seed_44/noise_sweep_matrix_mnist_fc3rev_h4_T16_mode_rate_uniform_schedule_normal_seed_44.csv
fc3rev_h4,4,weight_decay,rate_uniform,16,16,44,0.75,11.350000,mnist-checkpoints/fc3rev_h4_L[16]_strict_seed44_ablation_wd_l16_fc3rev_h4.pth,/Users/S4142196/Documents/Phd_Document/codes/QCFS_simulation_FI/important results/new_fc3/noise_sweep_rate_uniform_L16_T16/fc3rev_h4/seed_44/noise_sweep_matrix_mnist_fc3rev_h4_T16_mode_rate_uniform_schedule_normal_seed_44.csv
fc3rev_h4,4,weight_decay,rate_uniform,16,16,44,0.80,11.350000,mnist-checkpoints/fc3rev_h4_L[16]_strict_seed44_ablation_wd_l16_fc3rev_h4.pth,/Users/S4142196/Documents/Phd_Document/codes/QCFS_simulation_FI/important results/new_fc3/noise_sweep_rate_uniform_L16_T16/fc3rev_h4/seed_44/noise_sweep_matrix_mnist_fc3rev_h4_T16_mode_rate_uniform_schedule_normal_seed_44.csv
fc3rev_h4,4,weight_decay,rate_uniform,16,16,44,0.85,11.350000,mnist-checkpoints/fc3rev_h4_L[16]_strict_seed44_ablation_wd_l16_fc3rev_h4.pth,/Users/S4142196/Documents/Phd_Document/codes/QCFS_simulation_FI/important results/new_fc3/noise_sweep_rate_uniform_L16_T16/fc3rev_h4/seed_44/noise_sweep_matrix_mnist_fc3rev_h4_T16_mode_rate_uniform_schedule_normal_seed_44.csv
fc3rev_h4,4,weight_decay,rate_uniform,16,16,44,0.90,11.350000,mnist-checkpoints/fc3rev_h4_L[16]_strict_seed44_ablation_wd_l16_fc3rev_h4.pth,/Users/S4142196/Documents/Phd_Document/codes/QCFS_simulation_FI/important results/new_fc3/noise_sweep_rate_uniform_L16_T16/fc3rev_h4/seed_44/noise_sweep_matrix_mnist_fc3rev_h4_T16_mode_rate_uniform_schedule_normal_seed_44.csv
fc3rev_h4,4,weight_decay,rate_uniform,16,16,44,0.95,11.350000,mnist-checkpoints/fc3rev_h4_L[16]_strict_seed44_ablation_wd_l16_fc3rev_h4.pth,/Users/S4142196/Documents/Phd_Document/codes/QCFS_simulation_FI/important results/new_fc3/noise_sweep_rate_uniform_L16_T16/fc3rev_h4/seed_44/noise_sweep_matrix_mnist_fc3rev_h4_T16_mode_rate_uniform_schedule_normal_seed_44.csv
fc3rev_h4,4,weight_decay,rate_uniform,16,16,44,1.00,11.350000,mnist-checkpoints/fc3rev_h4_L[16]_strict_seed44_ablation_wd_l16_fc3rev_h4.pth,/Users/S4142196/Documents/Phd_Document/codes/QCFS_simulation_FI/important results/new_fc3/noise_sweep_rate_uniform_L16_T16/fc3rev_h4/seed_44/noise_sweep_matrix_mnist_fc3rev_h4_T16_mode_rate_uniform_schedule_normal_seed_44.csv
